observed_at,hub,wind_speed_kph,wind_gust_kph,wind_direction,temperature_c,humidity_pct,precipitation_mm,visibility_km,operational_weather_status
2025-01-01T00:00:00,Nest_Alpha,12.9,16.2,SE,16.6,56.0,0,15.5,go
2025-01-01T01:00:00,Nest_Alpha,9.6,19.2,SW,18.0,59.5,0,13.7,go
2025-01-01T02:00:00,Nest_Alpha,8.9,17.6,SW,16.9,43.4,0,15.3,go
2025-01-01T03:00:00,Nest_Alpha,8.2,14.8,NW,18.3,54.7,0,13.6,go
2025-01-01T04:00:00,Nest_Alpha,10.4,12.9,NW,18.2,56.4,0,16.4,go
2025-01-01T05:00:00,Nest_Alpha,10.3,19.4,S,19.6,66.0,0,15.3,go
2025-01-01T06:00:00,Nest_Alpha,4.2,14.1,W,18.8,49.1,0,15.6,go
2025-01-01T07:00:00,Nest_Alpha,5.0,9.5,SE,21.3,62.9,0,13.4,go
2025-01-01T08:00:00,Nest_Alpha,10.4,16.0,NE,21.3,67.7,0,15.3,go
2025-01-01T09:00:00,Nest_Alpha,9.6,15.6,NE,22.0,56.7,0,13.9,go
2025-01-01T10:00:00,Nest_Alpha,12.4,20.9,SE,24.0,55.3,0,13.9,go
2025-01-01T11:00:00,Nest_Alpha,7.4,13.4,S,23.7,70.8,0,14.1,go
2025-01-01T12:00:00,Nest_Alpha,8.1,14.7,W,23.8,45.8,0,14.1,go
2025-01-01T13:00:00,Nest_Alpha,18.7,24.5,W,25.7,48.8,0,14.8,go
2025-01-01T14:00:00,Nest_Alpha,18.5,23.4,W,25.6,65.3,0,15.2,go
2025-01-01T15:00:00,Nest_Alpha,15.8,25.5,SW,24.3,58.9,0,14.2,go
2025-01-01T16:00:00,Nest_Alpha,14.8,19.9,S,24.4,77.9,0,15.6,go
2025-01-01T17:00:00,Nest_Alpha,16.8,26.4,NE,21.4,60.2,0,14.7,go
2025-01-01T18:00:00,Nest_Alpha,17.4,22.1,SW,21.8,62.5,0,15.7,go
2025-01-01T19:00:00,Nest_Alpha,16.0,20.6,SW,22.5,58.8,0,16.1,go
2025-01-01T20:00:00,Nest_Alpha,13.8,22.9,NW,20.6,44.3,0,13.4,go
2025-01-01T21:00:00,Nest_Alpha,13.3,19.3,N,20.1,40.6,0,15.0,go
2025-01-01T22:00:00,Nest_Alpha,13.5,21.9,N,17.7,56.5,0,16.0,go
2025-01-01T23:00:00,Nest_Alpha,13.5,18.0,S,18.6,45.0,0,16.5,go
2025-01-01T00:00:00,Nest_Beta,10.4,15.8,SE,17.0,43.2,0,16.7,go
2025-01-01T01:00:00,Nest_Beta,9.1,17.8,SE,16.3,64.7,0,13.8,go
2025-01-01T02:00:00,Nest_Beta,5.1,12.3,SW,17.8,60.1,0,16.0,go
2025-01-01T03:00:00,Nest_Beta,9.5,13.8,S,16.3,69.9,0,16.0,go
2025-01-01T04:00:00,Nest_Beta,4.5,9.6,N,19.3,56.3,0,14.3,go
2025-01-01T05:00:00,Nest_Beta,10.2,19.0,S,18.2,59.2,0,13.5,go
2025-01-01T06:00:00,Nest_Beta,8.4,16.5,NE,20.1,50.1,0,16.0,go
2025-01-01T07:00:00,Nest_Beta,6.9,11.5,SW,19.7,50.4,0,15.0,go
2025-01-01T08:00:00,Nest_Beta,3.6,7.4,S,22.2,69.3,0,15.8,go
2025-01-01T09:00:00,Nest_Beta,5.2,13.0,W,23.9,61.1,0,15.2,go
2025-01-01T10:00:00,Nest_Beta,9.6,15.2,SW,23.5,69.2,0,15.1,go
2025-01-01T11:00:00,Nest_Beta,15.0,23.8,NW,24.3,72.1,0,14.4,go
2025-01-01T12:00:00,Nest_Beta,8.5,13.5,N,23.9,46.7,0,15.4,go
2025-01-01T13:00:00,Nest_Beta,9.7,16.7,NE,24.9,71.8,0,15.2,go
2025-01-01T14:00:00,Nest_Beta,13.1,21.9,W,24.6,82.8,0,14.7,go
2025-01-01T15:00:00,Nest_Beta,9.3,16.8,SE,23.6,50.1,0,15.1,go
2025-01-01T16:00:00,Nest_Beta,20.4,22.7,W,23.7,58.7,0,14.0,go
2025-01-01T17:00:00,Nest_Beta,21.1,30.0,W,22.8,63.1,0,15.5,go
2025-01-01T18:00:00,Nest_Beta,17.5,27.0,N,23.2,57.3,0,14.1,go
2025-01-01T19:00:00,Nest_Beta,13.8,16.7,NW,22.0,58.4,0,15.5,go
2025-01-01T20:00:00,Nest_Beta,16.7,25.6,S,20.0,71.7,0,17.7,go
2025-01-01T21:00:00,Nest_Beta,14.3,23.7,NW,19.5,57.3,0,15.4,go
2025-01-01T22:00:00,Nest_Beta,11.7,14.0,NE,17.9,48.9,0,16.5,go
2025-01-01T23:00:00,Nest_Beta,16.3,22.9,SE,16.9,81.9,0,13.7,go
2025-01-01T00:00:00,Nest_Gamma,7.6,12.7,E,17.0,55.1,0,13.7,go
2025-01-01T01:00:00,Nest_Gamma,6.1,8.2,SW,17.9,47.8,0,14.9,go
2025-01-01T02:00:00,Nest_Gamma,7.0,16.5,SW,18.0,53.7,0,14.6,go
2025-01-01T03:00:00,Nest_Gamma,6.1,11.3,E,16.7,69.0,0,15.8,go
2025-01-01T04:00:00,Nest_Gamma,3.7,6.5,NE,17.3,53.5,0,14.4,go
2025-01-01T05:00:00,Nest_Gamma,2,8.3,NW,19.8,57.6,0,15.2,go
2025-01-01T06:00:00,Nest_Gamma,7.3,10.5,NW,21.0,46.8,0,15.8,go
2025-01-01T07:00:00,Nest_Gamma,10.1,14.7,SW,21.9,57.4,0,13.9,go
2025-01-01T08:00:00,Nest_Gamma,8.1,17.8,S,22.7,61.3,0,14.2,go
2025-01-01T09:00:00,Nest_Gamma,11.2,17.5,E,22.3,63.8,0,13.3,go
2025-01-01T10:00:00,Nest_Gamma,5.6,9.2,NE,24.2,49.8,0,14.7,go
2025-01-01T11:00:00,Nest_Gamma,9.7,13.5,SE,25.1,58.3,0,15.7,go
2025-01-01T12:00:00,Nest_Gamma,8.3,10.6,NW,26.0,73.4,0,13.4,go
2025-01-01T13:00:00,Nest_Gamma,15.0,19.0,NW,24.0,60.8,0,14.6,go
2025-01-01T14:00:00,Nest_Gamma,12.5,20.5,SW,24.6,56.0,0,15.5,go
2025-01-01T15:00:00,Nest_Gamma,14.8,18.6,NW,25.2,52.2,0,14.4,go
2025-01-01T16:00:00,Nest_Gamma,14.5,24.2,NE,24.5,52.7,0,15.2,go
2025-01-01T17:00:00,Nest_Gamma,13.2,15.2,W,23.3,66.7,0,15.7,go
2025-01-01T18:00:00,Nest_Gamma,18.3,25.7,NE,21.5,60.1,0,14.0,go
2025-01-01T19:00:00,Nest_Gamma,16.9,23.2,E,20.7,46.7,0,15.2,go
2025-01-01T20:00:00,Nest_Gamma,12.1,19.6,W,20.0,55.0,0,14.8,go
2025-01-01T21:00:00,Nest_Gamma,12.7,22.6,SW,18.8,58.2,0,15.5,go
2025-01-01T22:00:00,Nest_Gamma,10.7,16.8,N,20.2,55.1,0,15.3,go
2025-01-01T23:00:00,Nest_Gamma,12.5,20.8,S,16.2,63.8,0,16.7,go
2025-01-01T00:00:00,Nest_Delta,12.6,16.1,N,16.1,55.7,0,16.1,go
2025-01-01T01:00:00,Nest_Delta,8.0,14.2,N,16.3,47.8,0,15.9,go
2025-01-01T02:00:00,Nest_Delta,9.0,15.4,W,18.0,59.0,0,15.8,go
2025-01-01T03:00:00,Nest_Delta,8.3,13.8,S,17.1,52.5,0,14.4,go
2025-01-01T04:00:00,Nest_Delta,12.1,14.2,SE,18.9,51.8,0,15.1,go
2025-01-01T05:00:00,Nest_Delta,7.4,14.0,SE,18.7,51.6,0,14.7,go
2025-01-01T06:00:00,Nest_Delta,4.9,8.2,NW,20.1,55.0,0,14.1,go
2025-01-01T07:00:00,Nest_Delta,6.4,13.0,SW,20.6,38.4,0,14.7,go
2025-01-01T08:00:00,Nest_Delta,8.6,17.3,SW,21.6,55.1,0,15.7,go
2025-01-01T09:00:00,Nest_Delta,8.3,13.9,S,23.8,50.0,0,15.9,go
2025-01-01T10:00:00,Nest_Delta,9.0,16.4,E,22.9,63.5,0,14.8,go
2025-01-01T11:00:00,Nest_Delta,11.6,17.7,NW,24.9,67.6,0,13.9,go
2025-01-01T12:00:00,Nest_Delta,8.5,18.4,S,24.7,69.3,0,15.5,go
2025-01-01T13:00:00,Nest_Delta,13.2,15.5,SW,24.9,67.2,0,14.5,go
2025-01-01T14:00:00,Nest_Delta,16.4,23.5,S,24.7,50.4,0,16.5,go
2025-01-01T15:00:00,Nest_Delta,10.3,17.9,N,25.4,62.1,0,15.5,go
2025-01-01T16:00:00,Nest_Delta,18.5,21.5,W,24.7,53.8,0,15.6,go
2025-01-01T17:00:00,Nest_Delta,15.5,19.5,N,23.5,59.1,0,16.3,go
2025-01-01T18:00:00,Nest_Delta,17.2,26.7,NW,22.1,53.1,0,15.5,go
2025-01-01T19:00:00,Nest_Delta,17.2,24.3,W,21.7,67.0,0,14.8,go
2025-01-01T20:00:00,Nest_Delta,15.9,20.3,SW,19.4,71.5,0,13.6,go
2025-01-01T21:00:00,Nest_Delta,11.1,18.4,S,19.8,59.6,0,16.6,go
2025-01-01T22:00:00,Nest_Delta,12.1,14.4,S,18.2,55.1,0,14.6,go
2025-01-01T23:00:00,Nest_Delta,13.3,21.0,E,16.7,59.0,0,14.4,go
2025-01-02T00:00:00,Nest_Alpha,9.4,18.8,W,17.1,74.7,0,14.3,go
2025-01-02T01:00:00,Nest_Alpha,11.6,16.6,W,16.8,53.8,0,14.7,go
2025-01-02T02:00:00,Nest_Alpha,8.3,17.4,S,19.0,65.7,0,14.8,go
2025-01-02T03:00:00,Nest_Alpha,9.6,13.5,SW,18.1,34.4,0,14.7,go
2025-01-02T04:00:00,Nest_Alpha,9.4,16.0,S,18.5,73.8,0,13.7,go
2025-01-02T05:00:00,Nest_Alpha,4.2,11.5,S,20.2,58.2,0,15.7,go
2025-01-02T06:00:00,Nest_Alpha,6.7,12.8,NE,20.6,62.2,0,15.2,go
2025-01-02T07:00:00,Nest_Alpha,8.1,14.2,NE,21.0,50.8,0,15.1,go
2025-01-02T08:00:00,Nest_Alpha,7.5,10.7,W,21.0,62.8,0,16.7,go
2025-01-02T09:00:00,Nest_Alpha,14.3,17.4,W,23.6,68.3,0,15.7,go
2025-01-02T10:00:00,Nest_Alpha,11.6,16.9,NW,23.4,58.8,0,14.6,go
2025-01-02T11:00:00,Nest_Alpha,16.0,18.7,NE,24.1,69.6,0,15.7,go
2025-01-02T12:00:00,Nest_Alpha,12.5,20.1,N,25.2,46.2,0,14.0,go
2025-01-02T13:00:00,Nest_Alpha,18.2,24.9,S,24.2,45.6,0,14.2,go
2025-01-02T14:00:00,Nest_Alpha,17.4,19.5,E,24.4,79.2,0,15.0,go
2025-01-02T15:00:00,Nest_Alpha,20.0,27.9,SW,24.0,68.7,0,15.3,go
2025-01-02T16:00:00,Nest_Alpha,14.7,17.8,N,23.4,49.8,0,15.1,go
2025-01-02T17:00:00,Nest_Alpha,18.3,22.8,NW,23.8,66.1,0,15.1,go
2025-01-02T18:00:00,Nest_Alpha,20.7,25.0,N,22.9,56.1,0,14.3,go
2025-01-02T19:00:00,Nest_Alpha,13.8,21.8,SE,21.1,63.1,0,16.2,go
2025-01-02T20:00:00,Nest_Alpha,15.9,22.9,SE,20.5,62.3,0,15.0,go
2025-01-02T21:00:00,Nest_Alpha,17.1,27.1,NE,19.5,52.3,0,15.0,go
2025-01-02T22:00:00,Nest_Alpha,15.2,25.0,NE,18.8,49.2,0,15.5,go
2025-01-02T23:00:00,Nest_Alpha,13.4,22.4,SW,16.8,67.7,0,13.7,go
2025-01-02T00:00:00,Nest_Beta,11.8,16.0,E,17.2,70.7,0,12.5,go
2025-01-02T01:00:00,Nest_Beta,7.6,13.1,W,18.0,65.8,0,15.6,go
2025-01-02T02:00:00,Nest_Beta,6.8,9.9,NE,17.7,61.1,0,14.5,go
2025-01-02T03:00:00,Nest_Beta,5.7,9.1,W,17.3,60.0,0,17.1,go
2025-01-02T04:00:00,Nest_Beta,5.7,15.4,SE,18.7,42.8,0,14.9,go
2025-01-02T05:00:00,Nest_Beta,6.1,14.2,SW,19.3,45.0,0,14.8,go
2025-01-02T06:00:00,Nest_Beta,7.3,16.5,SE,19.7,68.7,0,16.8,go
2025-01-02T07:00:00,Nest_Beta,9.1,16.2,E,21.6,74.7,0,16.5,go
2025-01-02T08:00:00,Nest_Beta,9.9,18.7,N,21.1,66.5,0,15.2,go
2025-01-02T09:00:00,Nest_Beta,10.3,16.7,W,23.2,42.7,0,17.0,go
2025-01-02T10:00:00,Nest_Beta,11.0,17.7,SE,24.2,65.2,0,15.1,go
2025-01-02T11:00:00,Nest_Beta,7.2,9.3,SE,23.5,55.8,0,14.2,go
2025-01-02T12:00:00,Nest_Beta,14.2,16.4,NW,24.5,59.7,0,15.1,go
2025-01-02T13:00:00,Nest_Beta,11.1,15.6,N,23.2,30.8,0,16.1,go
2025-01-02T14:00:00,Nest_Beta,17.5,21.2,NW,25.3,48.8,0,16.7,go
2025-01-02T15:00:00,Nest_Beta,12.7,19.9,S,24.6,52.8,0,14.3,go
2025-01-02T16:00:00,Nest_Beta,14.1,17.1,S,22.9,55.8,0,15.7,go
2025-01-02T17:00:00,Nest_Beta,14.3,18.4,SE,23.5,55.6,0,14.6,go
2025-01-02T18:00:00,Nest_Beta,12.8,17.6,SW,22.0,62.5,0,14.8,go
2025-01-02T19:00:00,Nest_Beta,16.6,25.7,SW,20.8,57.5,0,15.5,go
2025-01-02T20:00:00,Nest_Beta,13.3,22.0,N,19.0,71.4,0,14.9,go
2025-01-02T21:00:00,Nest_Beta,14.6,20.5,SE,19.4,57.7,0,14.7,go
2025-01-02T22:00:00,Nest_Beta,8.5,18.2,NW,18.4,64.7,0,15.0,go
2025-01-02T23:00:00,Nest_Beta,8.8,18.8,E,18.1,74.7,0,14.9,go
2025-01-02T00:00:00,Nest_Gamma,10.2,16.3,N,17.4,51.8,0,13.6,go
2025-01-02T01:00:00,Nest_Gamma,9.8,16.0,S,16.6,47.2,0,15.7,go
2025-01-02T02:00:00,Nest_Gamma,8.0,11.6,W,17.9,48.8,0,15.5,go
2025-01-02T03:00:00,Nest_Gamma,6.1,10.3,SE,18.3,55.3,0,14.5,go
2025-01-02T04:00:00,Nest_Gamma,4.1,10.7,NW,18.7,42.2,0,14.7,go
2025-01-02T05:00:00,Nest_Gamma,4.1,8.5,W,19.2,58.4,0,16.0,go
2025-01-02T06:00:00,Nest_Gamma,7.3,9.5,NW,20.9,49.0,0,14.7,go
2025-01-02T07:00:00,Nest_Gamma,5.3,10.2,N,20.8,71.6,0,14.9,go
2025-01-02T08:00:00,Nest_Gamma,7.3,15.0,N,22.9,60.4,0,13.2,go
2025-01-02T09:00:00,Nest_Gamma,5.4,15.0,N,22.6,40.5,0,16.2,go
2025-01-02T10:00:00,Nest_Gamma,11.6,15.4,NE,23.1,65.6,0,14.6,go
2025-01-02T11:00:00,Nest_Gamma,11.1,20.0,SW,24.1,45.4,0,15.6,go
2025-01-02T12:00:00,Nest_Gamma,11.8,14.7,N,24.3,59.2,0,15.4,go
2025-01-02T13:00:00,Nest_Gamma,16.8,26.7,S,24.6,64.7,0,14.4,go
2025-01-02T14:00:00,Nest_Gamma,19.2,27.3,NW,25.3,49.1,0,15.2,go
2025-01-02T15:00:00,Nest_Gamma,15.2,24.5,NE,24.5,68.1,0,14.3,go
2025-01-02T16:00:00,Nest_Gamma,19.2,28.4,W,22.9,60.1,0,14.2,go
2025-01-02T17:00:00,Nest_Gamma,18.5,26.4,W,22.3,63.8,0,15.6,go
2025-01-02T18:00:00,Nest_Gamma,18.9,27.2,N,23.1,66.1,0,13.3,go
2025-01-02T19:00:00,Nest_Gamma,12.3,14.4,SW,21.0,67.5,0,13.9,go
2025-01-02T20:00:00,Nest_Gamma,17.4,25.7,N,19.9,57.3,0,15.1,go
2025-01-02T21:00:00,Nest_Gamma,14.3,21.8,SE,19.2,48.2,0,15.8,go
2025-01-02T22:00:00,Nest_Gamma,9.3,11.6,NW,17.9,82.1,0,14.4,go
2025-01-02T23:00:00,Nest_Gamma,9.4,11.6,NW,17.1,53.6,0,15.1,go
2025-01-02T00:00:00,Nest_Delta,13.6,17.4,E,16.2,72.9,0,14.5,go
2025-01-02T01:00:00,Nest_Delta,12.3,15.3,NW,17.6,65.1,0,15.6,go
2025-01-02T02:00:00,Nest_Delta,5.4,12.4,NW,16.7,57.9,0,14.5,go
2025-01-02T03:00:00,Nest_Delta,7.4,11.7,NW,18.0,68.5,0,15.0,go
2025-01-02T04:00:00,Nest_Delta,5.7,13.2,NW,17.1,73.1,0,15.0,go
2025-01-02T05:00:00,Nest_Delta,9.8,13.4,SW,20.1,66.1,0,13.9,go
2025-01-02T06:00:00,Nest_Delta,2,5.9,E,19.8,42.8,0,16.5,go
2025-01-02T07:00:00,Nest_Delta,7.8,15.3,SW,21.9,79.8,0,14.5,go
2025-01-02T08:00:00,Nest_Delta,9.3,15.7,SW,20.8,51.5,0,16.9,go
2025-01-02T09:00:00,Nest_Delta,7.8,9.9,N,21.1,57.5,0,15.4,go
2025-01-02T10:00:00,Nest_Delta,14.0,23.9,E,23.7,48.5,0,14.8,go
2025-01-02T11:00:00,Nest_Delta,14.5,20.8,SE,25.4,40.9,0,14.5,go
2025-01-02T12:00:00,Nest_Delta,12.2,19.8,SE,24.6,47.4,0,14.3,go
2025-01-02T13:00:00,Nest_Delta,16.0,22.0,S,23.2,46.1,0,14.6,go
2025-01-02T14:00:00,Nest_Delta,15.7,21.2,SW,26.0,49.2,0,14.5,go
2025-01-02T15:00:00,Nest_Delta,16.8,20.5,S,25.3,62.0,0,13.7,go
2025-01-02T16:00:00,Nest_Delta,17.1,24.5,W,25.2,69.6,0,13.9,go
2025-01-02T17:00:00,Nest_Delta,16.0,20.1,W,23.4,57.0,0,15.1,go
2025-01-02T18:00:00,Nest_Delta,17.8,22.2,NE,21.6,61.0,0,14.8,go
2025-01-02T19:00:00,Nest_Delta,17.0,23.1,S,20.2,64.1,0,13.2,go
2025-01-02T20:00:00,Nest_Delta,14.3,18.6,SW,20.8,60.7,0,13.9,go
2025-01-02T21:00:00,Nest_Delta,15.4,23.4,SE,18.9,52.4,0,14.7,go
2025-01-02T22:00:00,Nest_Delta,15.8,19.5,S,18.4,63.9,0,15.3,go
2025-01-02T23:00:00,Nest_Delta,10.5,16.4,E,18.6,44.6,0,14.8,go
2025-01-03T00:00:00,Nest_Alpha,8.6,17.3,S,17.2,53.3,0,16.4,go
2025-01-03T01:00:00,Nest_Alpha,12.5,15.9,E,16.0,61.6,0,13.5,go
2025-01-03T02:00:00,Nest_Alpha,5.6,14.1,E,17.1,53.3,0,14.4,go
2025-01-03T03:00:00,Nest_Alpha,7.0,10.7,NE,17.1,40.6,0,13.8,go
2025-01-03T04:00:00,Nest_Alpha,8.9,15.2,SE,19.1,61.8,0,16.2,go
2025-01-03T05:00:00,Nest_Alpha,7.5,13.6,E,19.4,37.3,0,14.1,go
2025-01-03T06:00:00,Nest_Alpha,9.1,16.3,W,20.8,67.9,0,14.3,go
2025-01-03T07:00:00,Nest_Alpha,6.4,13.7,SW,21.1,80.1,0,17.2,go
2025-01-03T08:00:00,Nest_Alpha,10.8,20.4,NW,21.0,55.7,0,15.2,go
2025-01-03T09:00:00,Nest_Alpha,9.5,12.7,W,22.9,60.7,0,15.7,go
2025-01-03T10:00:00,Nest_Alpha,10.4,17.3,SW,23.6,67.7,0,14.5,go
2025-01-03T11:00:00,Nest_Alpha,12.3,20.4,NE,24.3,60.6,0,16.5,go
2025-01-03T12:00:00,Nest_Alpha,17.9,26.7,NW,25.3,60.5,0,15.2,go
2025-01-03T13:00:00,Nest_Alpha,13.5,18.2,S,25.7,48.9,0,14.0,go
2025-01-03T14:00:00,Nest_Alpha,12.9,17.1,S,25.0,46.8,0,15.6,go
2025-01-03T15:00:00,Nest_Alpha,15.3,17.6,S,24.4,62.6,0,13.6,go
2025-01-03T16:00:00,Nest_Alpha,18.3,25.6,N,25.3,55.8,0,14.4,go
2025-01-03T17:00:00,Nest_Alpha,16.3,24.7,SW,23.0,77.2,0,15.8,go
2025-01-03T18:00:00,Nest_Alpha,21.8,27.0,W,22.0,50.4,0,16.6,go
2025-01-03T19:00:00,Nest_Alpha,21.3,30.8,NE,21.3,62.6,0,16.1,go
2025-01-03T20:00:00,Nest_Alpha,15.9,23.6,NE,19.9,50.1,0,15.5,go
2025-01-03T21:00:00,Nest_Alpha,16.0,25.4,NE,19.2,54.4,0,15.9,go
2025-01-03T22:00:00,Nest_Alpha,17.3,26.7,S,18.1,48.1,0,14.5,go
2025-01-03T23:00:00,Nest_Alpha,10.5,13.5,E,18.3,56.4,0,15.5,go
2025-01-03T00:00:00,Nest_Beta,7.1,10.5,N,17.9,71.8,0,15.7,go
2025-01-03T01:00:00,Nest_Beta,10.3,13.4,N,17.0,52.7,0,16.8,go
2025-01-03T02:00:00,Nest_Beta,9.2,14.3,N,17.8,62.5,0,15.3,go
2025-01-03T03:00:00,Nest_Beta,2,10.1,N,17.8,69.0,0,16.3,go
2025-01-03T04:00:00,Nest_Beta,3.9,7.7,NW,17.9,65.9,0,15.1,go
2025-01-03T05:00:00,Nest_Beta,4.4,7.9,S,19.1,57.5,0,16.1,go
2025-01-03T06:00:00,Nest_Beta,8.3,12.7,E,20.0,67.4,0,15.4,go
2025-01-03T07:00:00,Nest_Beta,2.5,4.7,NW,20.7,61.5,0,14.9,go
2025-01-03T08:00:00,Nest_Beta,12.6,15.2,E,23.0,63.7,0,15.3,go
2025-01-03T09:00:00,Nest_Beta,8.0,15.3,SE,22.8,58.5,0,15.8,go
2025-01-03T10:00:00,Nest_Beta,15.1,19.6,SW,23.9,56.0,0,14.9,go
2025-01-03T11:00:00,Nest_Beta,11.5,17.9,SE,24.8,55.9,0,15.3,go
2025-01-03T12:00:00,Nest_Beta,13.3,19.4,SE,24.6,60.3,0,14.7,go
2025-01-03T13:00:00,Nest_Beta,14.9,23.6,S,24.2,73.3,0,15.0,go
2025-01-03T14:00:00,Nest_Beta,11.3,13.8,NW,25.0,67.1,0,15.2,go
2025-01-03T15:00:00,Nest_Beta,17.7,21.2,SE,24.2,53.1,0,14.3,go
2025-01-03T16:00:00,Nest_Beta,8.8,15.7,SW,23.1,59.0,0,13.8,go
2025-01-03T17:00:00,Nest_Beta,14.7,23.3,N,23.4,78.1,0,17.6,go
2025-01-03T18:00:00,Nest_Beta,12.5,19.1,N,21.2,56.7,0,16.3,go
2025-01-03T19:00:00,Nest_Beta,19.0,26.7,N,19.7,66.6,0,13.1,go
2025-01-03T20:00:00,Nest_Beta,8.7,12.3,SW,19.1,61.0,0,15.4,go
2025-01-03T21:00:00,Nest_Beta,19.3,27.3,SE,18.5,38.0,0,14.7,go
2025-01-03T22:00:00,Nest_Beta,8.2,18.1,NW,18.0,58.4,0,15.5,go
2025-01-03T23:00:00,Nest_Beta,9.1,18.5,SW,17.8,60.7,0,13.9,go
2025-01-03T00:00:00,Nest_Gamma,7.0,12.9,SE,17.8,59.5,0,15.3,go
2025-01-03T01:00:00,Nest_Gamma,9.3,16.2,S,16.2,65.5,0,15.4,go
2025-01-03T02:00:00,Nest_Gamma,5.4,14.9,W,17.6,74.7,0,14.3,go
2025-01-03T03:00:00,Nest_Gamma,7.3,11.9,E,16.5,50.9,0,16.6,go
2025-01-03T04:00:00,Nest_Gamma,7.7,10.2,NW,17.8,51.4,0,13.8,go
2025-01-03T05:00:00,Nest_Gamma,7.6,12.6,NW,19.4,65.4,0,18,go
2025-01-03T06:00:00,Nest_Gamma,6.5,15.0,NE,19.8,57.0,0,15.6,go
2025-01-03T07:00:00,Nest_Gamma,11.4,16.7,N,19.6,61.1,0,15.2,go
2025-01-03T08:00:00,Nest_Gamma,4.4,13.5,E,21.9,57.2,0,16.2,go
2025-01-03T09:00:00,Nest_Gamma,6.0,15.1,SE,23.0,40.0,0,16.0,go
2025-01-03T10:00:00,Nest_Gamma,3.5,11.4,S,23.8,70.2,0,14.5,go
2025-01-03T11:00:00,Nest_Gamma,10.7,19.9,E,24.5,79.3,0,14.9,go
2025-01-03T12:00:00,Nest_Gamma,14.1,17.0,W,23.9,56.8,0,15.1,go
2025-01-03T13:00:00,Nest_Gamma,10.1,19.6,SE,25.8,70.4,0,14.4,go
2025-01-03T14:00:00,Nest_Gamma,14.4,21.0,W,24.2,52.4,0,14.2,go
2025-01-03T15:00:00,Nest_Gamma,11.8,20.3,NW,24.2,60.8,0,13.9,go
2025-01-03T16:00:00,Nest_Gamma,13.2,21.9,SE,24.1,67.9,0,14.4,go
2025-01-03T17:00:00,Nest_Gamma,15.7,20.3,NE,23.4,50.4,0,14.9,go
2025-01-03T18:00:00,Nest_Gamma,16.5,24.3,NW,21.6,59.8,0,14.2,go
2025-01-03T19:00:00,Nest_Gamma,11.6,16.4,N,20.1,54.4,0,15.2,go
2025-01-03T20:00:00,Nest_Gamma,17.8,26.6,E,20.4,55.1,0,13.6,go
2025-01-03T21:00:00,Nest_Gamma,11.6,17.4,N,19.1,64.4,0,16.3,go
2025-01-03T22:00:00,Nest_Gamma,10.8,14.3,NW,18.7,80.1,0,15.0,go
2025-01-03T23:00:00,Nest_Gamma,10.2,14.2,N,18.1,74.3,0,16.1,go
2025-01-03T00:00:00,Nest_Delta,9.3,16.6,N,17.4,41.7,0,16.1,go
2025-01-03T01:00:00,Nest_Delta,10.0,16.1,SE,17.8,57.7,0,14.8,go
2025-01-03T02:00:00,Nest_Delta,6.5,16.3,NW,18.0,72.4,0,16.2,go
2025-01-03T03:00:00,Nest_Delta,15.4,21.4,W,17.1,53.4,0,15.3,go
2025-01-03T04:00:00,Nest_Delta,10.0,12.5,W,18.8,46.8,0,15.8,go
2025-01-03T05:00:00,Nest_Delta,6.2,12.8,W,18.9,57.1,0,13.8,go
2025-01-03T06:00:00,Nest_Delta,12.4,16.0,N,19.2,47.6,0,13.8,go
2025-01-03T07:00:00,Nest_Delta,6.5,11.5,E,20.1,51.3,0,15.4,go
2025-01-03T08:00:00,Nest_Delta,4.9,7.5,NW,22.3,55.3,0,14.6,go
2025-01-03T09:00:00,Nest_Delta,7.2,13.5,E,23.2,60.4,0,14.9,go
2025-01-03T10:00:00,Nest_Delta,11.4,13.5,SE,23.6,55.4,0,18,go
2025-01-03T11:00:00,Nest_Delta,10.6,17.4,N,24.3,70.4,0,16.0,go
2025-01-03T12:00:00,Nest_Delta,14.0,23.9,E,24.8,44.1,0,12.5,go
2025-01-03T13:00:00,Nest_Delta,14.6,20.2,S,27.2,36.4,0,14.0,go
2025-01-03T14:00:00,Nest_Delta,17.6,19.7,N,24.5,45.6,0,15.2,go
2025-01-03T15:00:00,Nest_Delta,14.9,17.8,SW,24.5,54.7,0,13.7,go
2025-01-03T16:00:00,Nest_Delta,18.1,25.0,E,23.7,61.7,0,16.7,go
2025-01-03T17:00:00,Nest_Delta,15.8,22.5,W,23.5,63.5,0,13.1,go
2025-01-03T18:00:00,Nest_Delta,23.6,28.7,N,22.1,55.7,0,17.1,go
2025-01-03T19:00:00,Nest_Delta,16.5,21.0,N,20.5,65.8,0,13.6,go
2025-01-03T20:00:00,Nest_Delta,16.9,22.5,E,19.7,57.4,0,13.7,go
2025-01-03T21:00:00,Nest_Delta,13.5,16.4,E,19.3,54.0,0,15.0,go
2025-01-03T22:00:00,Nest_Delta,14.7,18.3,SE,18.5,61.1,0,17.2,go
2025-01-03T23:00:00,Nest_Delta,14.9,19.2,SE,18.4,54.4,0,14.9,go
2025-01-04T00:00:00,Nest_Alpha,10.0,14.6,S,16.5,47.4,0,13.5,go
2025-01-04T01:00:00,Nest_Alpha,11.9,17.4,W,17.8,56.6,0,15.6,go
2025-01-04T02:00:00,Nest_Alpha,11.1,14.3,S,17.9,64.3,0,15.1,go
2025-01-04T03:00:00,Nest_Alpha,8.4,15.7,N,17.5,60.8,0,16.1,go
2025-01-04T04:00:00,Nest_Alpha,9.0,14.4,SE,19.0,69.7,0,14.2,go
2025-01-04T05:00:00,Nest_Alpha,3.0,10.6,NE,18.7,57.1,0,15.5,go
2025-01-04T06:00:00,Nest_Alpha,8.2,12.5,NW,20.0,76.7,0,14.3,go
2025-01-04T07:00:00,Nest_Alpha,11.6,14.8,W,21.0,53.8,0,14.5,go
2025-01-04T08:00:00,Nest_Alpha,15.2,23.8,SE,20.9,43.9,0,14.7,go
2025-01-04T09:00:00,Nest_Alpha,8.1,15.5,N,23.5,58.7,0,14.8,go
2025-01-04T10:00:00,Nest_Alpha,12.2,20.7,S,24.2,51.4,0,14.3,go
2025-01-04T11:00:00,Nest_Alpha,11.0,18.9,SW,25.7,56.4,0,14.2,go
2025-01-04T12:00:00,Nest_Alpha,14.9,21.0,E,25.2,59.7,0,15.7,go
2025-01-04T13:00:00,Nest_Alpha,14.6,21.1,S,25.0,69.3,0,17.8,go
2025-01-04T14:00:00,Nest_Alpha,10.9,20.8,N,25.5,62.5,0,13.5,go
2025-01-04T15:00:00,Nest_Alpha,17.8,27.0,NE,23.4,51.1,0,12.9,go
2025-01-04T16:00:00,Nest_Alpha,16.3,23.8,NW,24.3,76.0,0,15.3,go
2025-01-04T17:00:00,Nest_Alpha,16.3,18.5,E,23.6,59.0,0,14.9,go
2025-01-04T18:00:00,Nest_Alpha,17.9,25.1,SW,21.6,48.7,0,15.8,go
2025-01-04T19:00:00,Nest_Alpha,19.5,29.5,SE,21.3,49.6,0,14.9,go
2025-01-04T20:00:00,Nest_Alpha,14.6,22.4,S,19.2,67.8,0,14.7,go
2025-01-04T21:00:00,Nest_Alpha,16.3,23.5,W,18.3,60.3,0,14.5,go
2025-01-04T22:00:00,Nest_Alpha,14.0,18.4,E,18.4,51.7,0,13.9,go
2025-01-04T23:00:00,Nest_Alpha,15.5,25.2,SW,17.9,59.1,0,14.3,go
2025-01-04T00:00:00,Nest_Beta,10.9,15.3,E,18.2,60.7,0,15.0,go
2025-01-04T01:00:00,Nest_Beta,6.8,10.5,SE,17.3,46.8,0,14.3,go
2025-01-04T02:00:00,Nest_Beta,10.1,13.3,S,16.8,56.4,0,14.2,go
2025-01-04T03:00:00,Nest_Beta,3.9,9.9,N,16.3,56.0,0,16.7,go
2025-01-04T04:00:00,Nest_Beta,8.7,13.7,W,17.7,58.5,0,15.9,go
2025-01-04T05:00:00,Nest_Beta,7.5,10.5,SW,19.1,55.1,0,13.8,go
2025-01-04T06:00:00,Nest_Beta,8.7,12.7,S,19.9,58.4,0,14.7,go
2025-01-04T07:00:00,Nest_Beta,8.4,16.2,N,21.5,62.1,0,16.0,go
2025-01-04T08:00:00,Nest_Beta,2.9,12.5,SE,22.8,70.3,0,14.5,go
2025-01-04T09:00:00,Nest_Beta,7.4,9.6,N,23.0,45.4,0,13.3,go
2025-01-04T10:00:00,Nest_Beta,7.6,10.3,W,23.2,50.6,0,15.0,go
2025-01-04T11:00:00,Nest_Beta,9.8,15.6,S,25.0,53.5,0,15.1,go
2025-01-04T12:00:00,Nest_Beta,14.1,17.4,W,24.6,67.8,0,13.9,go
2025-01-04T13:00:00,Nest_Beta,17.6,22.5,NW,26.2,59.1,0,14.9,go
2025-01-04T14:00:00,Nest_Beta,15.6,18.7,SE,24.9,52.4,0,14.7,go
2025-01-04T15:00:00,Nest_Beta,10.3,14.7,E,24.0,51.4,0,17.3,go
2025-01-04T16:00:00,Nest_Beta,16.4,19.4,S,25.1,56.3,0,15.0,go
2025-01-04T17:00:00,Nest_Beta,16.1,18.7,S,23.7,49.0,0,15.2,go
2025-01-04T18:00:00,Nest_Beta,17.8,26.5,NE,22.2,55.8,0,15.0,go
2025-01-04T19:00:00,Nest_Beta,12.7,15.9,W,21.2,51.9,0,15.4,go
2025-01-04T20:00:00,Nest_Beta,15.2,19.3,NE,20.4,51.9,0,15.5,go
2025-01-04T21:00:00,Nest_Beta,14.8,24.7,W,18.8,51.8,0,14.8,go
2025-01-04T22:00:00,Nest_Beta,11.1,19.8,SE,17.0,71.7,0,15.3,go
2025-01-04T23:00:00,Nest_Beta,9.5,14.2,NE,17.5,49.6,0,14.7,go
2025-01-04T00:00:00,Nest_Gamma,6.9,10.3,N,16.7,62.0,0,14.9,go
2025-01-04T01:00:00,Nest_Gamma,5.8,14.3,SE,18.1,78.0,0,15.5,go
2025-01-04T02:00:00,Nest_Gamma,10.4,15.0,SE,18.0,60.5,0,16.2,go
2025-01-04T03:00:00,Nest_Gamma,6.6,15.7,SW,17.1,58.5,0,16.8,go
2025-01-04T04:00:00,Nest_Gamma,10.1,19.5,N,18.3,65.3,0,16.0,go
2025-01-04T05:00:00,Nest_Gamma,4.9,10.0,SW,18.3,48.6,0,15.3,go
2025-01-04T06:00:00,Nest_Gamma,7.0,14.2,W,20.1,51.2,0,14.5,go
2025-01-04T07:00:00,Nest_Gamma,2,6.7,E,21.2,42.6,0,14.2,go
2025-01-04T08:00:00,Nest_Gamma,6.9,9.7,SW,22.2,51.6,0,14.4,go
2025-01-04T09:00:00,Nest_Gamma,11.5,14.2,W,22.3,56.2,0,14.9,go
2025-01-04T10:00:00,Nest_Gamma,12.3,19.0,NE,23.2,63.6,0,15.3,go
2025-01-04T11:00:00,Nest_Gamma,11.9,19.4,SE,25.1,52.7,0,16.2,go
2025-01-04T12:00:00,Nest_Gamma,12.6,21.3,SW,24.8,54.8,0,15.5,go
2025-01-04T13:00:00,Nest_Gamma,13.3,21.1,N,25.8,53.0,0,15.8,go
2025-01-04T14:00:00,Nest_Gamma,14.2,22.7,SW,25.0,67.4,0,14.4,go
2025-01-04T15:00:00,Nest_Gamma,17.2,23.8,E,26.7,68.1,0,14.4,go
2025-01-04T16:00:00,Nest_Gamma,14.1,17.3,S,24.1,59.5,0,15.1,go
2025-01-04T17:00:00,Nest_Gamma,12.8,16.0,N,23.1,58.4,0,14.5,go
2025-01-04T18:00:00,Nest_Gamma,14.5,22.3,NE,22.4,76.2,0,15.8,go
2025-01-04T19:00:00,Nest_Gamma,12.6,19.5,N,19.3,75.0,0,16.5,go
2025-01-04T20:00:00,Nest_Gamma,10.5,15.4,E,20.0,51.8,0,13.9,go
2025-01-04T21:00:00,Nest_Gamma,15.0,18.2,NE,19.0,73.1,0,15.2,go
2025-01-04T22:00:00,Nest_Gamma,10.7,19.3,W,18.1,63.6,0,13.8,go
2025-01-04T23:00:00,Nest_Gamma,12.9,16.3,SW,16.6,58.6,0,16.1,go
2025-01-04T00:00:00,Nest_Delta,8.7,13.7,N,16.5,41.6,0,13.5,go
2025-01-04T01:00:00,Nest_Delta,5.9,12.2,W,16.5,54.2,0,15.2,go
2025-01-04T02:00:00,Nest_Delta,9.1,11.3,SW,16.5,65.6,0,15.6,go
2025-01-04T03:00:00,Nest_Delta,6.0,15.2,NW,18.6,61.2,0,16.2,go
2025-01-04T04:00:00,Nest_Delta,5.1,13.0,W,18.7,63.0,0,12.7,go
2025-01-04T05:00:00,Nest_Delta,4.2,8.0,E,19.4,52.6,0,15.4,go
2025-01-04T06:00:00,Nest_Delta,8.9,10.9,NE,20.0,57.6,0,14.8,go
2025-01-04T07:00:00,Nest_Delta,8.0,16.2,E,21.1,63.5,0,13.2,go
2025-01-04T08:00:00,Nest_Delta,9.9,19.7,SE,21.8,64.1,0,16.6,go
2025-01-04T09:00:00,Nest_Delta,11.2,18.7,SE,22.1,55.9,0,13.4,go
2025-01-04T10:00:00,Nest_Delta,11.8,15.6,W,23.3,56.1,0,13.6,go
2025-01-04T11:00:00,Nest_Delta,11.8,14.4,E,24.2,55.6,0,14.2,go
2025-01-04T12:00:00,Nest_Delta,11.5,20.3,SW,25.3,44.8,0,14.6,go
2025-01-04T13:00:00,Nest_Delta,11.0,15.7,E,26.5,48.2,0,15.9,go
2025-01-04T14:00:00,Nest_Delta,17.8,22.3,NE,24.1,60.3,0,15.9,go
2025-01-04T15:00:00,Nest_Delta,15.4,22.1,W,23.3,45.8,0,15.3,go
2025-01-04T16:00:00,Nest_Delta,21.8,31.6,N,24.0,43.2,0,15.3,go
2025-01-04T17:00:00,Nest_Delta,13.4,16.0,SE,23.7,68.2,0,14.9,go
2025-01-04T18:00:00,Nest_Delta,15.6,19.3,S,21.9,58.7,0,15.1,go
2025-01-04T19:00:00,Nest_Delta,19.3,27.7,W,20.6,51.4,0,15.3,go
2025-01-04T20:00:00,Nest_Delta,14.8,22.2,NW,20.1,72.9,0,15.0,go
2025-01-04T21:00:00,Nest_Delta,16.2,23.8,S,18.4,70.5,0,15.3,go
2025-01-04T22:00:00,Nest_Delta,14.1,20.1,S,17.4,51.6,0,15.8,go
2025-01-04T23:00:00,Nest_Delta,12.0,16.5,S,18.3,49.1,0,13.7,go
2025-01-05T00:00:00,Nest_Alpha,8.8,15.3,S,17.4,65.3,0,15.2,go
2025-01-05T01:00:00,Nest_Alpha,12.2,17.3,E,17.5,51.6,0,15.7,go
2025-01-05T02:00:00,Nest_Alpha,12.5,22.3,S,16.9,58.2,0,15.6,go
2025-01-05T03:00:00,Nest_Alpha,8.9,17.6,W,18.0,53.1,0,15.8,go
2025-01-05T04:00:00,Nest_Alpha,12.2,14.9,W,18.8,59.8,0,16.4,go
2025-01-05T05:00:00,Nest_Alpha,4.4,13.7,NE,18.6,43.9,0,13.9,go
2025-01-05T06:00:00,Nest_Alpha,7.7,14.8,SW,20.2,48.9,0,14.4,go
2025-01-05T07:00:00,Nest_Alpha,9.1,12.0,NE,20.7,66.5,0,12.7,go
2025-01-05T08:00:00,Nest_Alpha,14.3,16.7,S,20.9,78.3,0,14.2,go
2025-01-05T09:00:00,Nest_Alpha,3.4,9.7,NE,23.7,46.9,0,14.4,go
2025-01-05T10:00:00,Nest_Alpha,13.9,22.0,S,24.0,55.5,0,12.6,go
2025-01-05T11:00:00,Nest_Alpha,18.5,20.5,S,22.6,56.4,0,15.3,go
2025-01-05T12:00:00,Nest_Alpha,12.7,18.0,S,25.4,63.4,0,14.2,go
2025-01-05T13:00:00,Nest_Alpha,12.3,18.0,W,24.3,64.0,0,15.4,go
2025-01-05T14:00:00,Nest_Alpha,18.4,26.3,SW,25.3,39.8,0,15.7,go
2025-01-05T15:00:00,Nest_Alpha,16.4,18.7,N,23.5,49.2,0,15.6,go
2025-01-05T16:00:00,Nest_Alpha,18.5,26.9,NW,24.8,74.9,0,15.9,go
2025-01-05T17:00:00,Nest_Alpha,15.4,21.1,NW,23.4,64.3,0,13.8,go
2025-01-05T18:00:00,Nest_Alpha,19.3,27.6,E,21.5,68.5,0,14.6,go
2025-01-05T19:00:00,Nest_Alpha,13.7,18.4,SW,21.0,51.8,0,13.6,go
2025-01-05T20:00:00,Nest_Alpha,21.4,24.1,SW,19.4,55.6,0,15.4,go
2025-01-05T21:00:00,Nest_Alpha,14.3,22.4,SE,18.6,53.7,0,14.9,go
2025-01-05T22:00:00,Nest_Alpha,9.9,14.7,W,18.0,72.0,0,14.6,go
2025-01-05T23:00:00,Nest_Alpha,9.2,15.6,N,17.7,70.2,0,14.8,go
2025-01-05T00:00:00,Nest_Beta,7.8,15.9,NW,17.5,62.1,0,16.5,go
2025-01-05T01:00:00,Nest_Beta,11.6,16.8,SW,17.6,53.9,0,13.0,go
2025-01-05T02:00:00,Nest_Beta,5.7,11.1,SE,18.5,80.1,0,15.0,go
2025-01-05T03:00:00,Nest_Beta,5.8,10.9,N,16.9,68.8,0,14.7,go
2025-01-05T04:00:00,Nest_Beta,6.7,15.1,W,18.1,64.7,0,16.5,go
2025-01-05T05:00:00,Nest_Beta,5.1,10.6,S,18.0,44.0,0,13.9,go
2025-01-05T06:00:00,Nest_Beta,9.3,15.1,E,19.3,61.8,0,16.3,go
2025-01-05T07:00:00,Nest_Beta,9.3,12.5,S,20.5,60.7,0,16.4,go
2025-01-05T08:00:00,Nest_Beta,8.5,15.6,N,22.1,48.7,0,13.4,go
2025-01-05T09:00:00,Nest_Beta,5.5,11.7,S,22.5,50.8,0,13.2,go
2025-01-05T10:00:00,Nest_Beta,10.7,18.7,W,23.4,57.6,0,15.0,go
2025-01-05T11:00:00,Nest_Beta,13.8,21.1,NW,25.2,69.8,0,15.6,go
2025-01-05T12:00:00,Nest_Beta,11.4,21.1,W,24.8,40.6,0,15.5,go
2025-01-05T13:00:00,Nest_Beta,16.8,23.8,NW,25.3,50.3,0,14.9,go
2025-01-05T14:00:00,Nest_Beta,14.0,17.9,E,24.2,59.0,0,14.0,go
2025-01-05T15:00:00,Nest_Beta,15.7,22.0,SE,24.9,58.4,0,14.9,go
2025-01-05T16:00:00,Nest_Beta,15.7,21.1,NW,24.9,61.3,0,15.1,go
2025-01-05T17:00:00,Nest_Beta,15.9,21.3,E,21.9,73.8,0,15.3,go
2025-01-05T18:00:00,Nest_Beta,16.7,25.2,NW,22.6,52.8,0,17.6,go
2025-01-05T19:00:00,Nest_Beta,12.9,21.0,S,20.4,60.9,0,14.7,go
2025-01-05T20:00:00,Nest_Beta,17.8,22.0,NE,21.0,49.3,0,14.6,go
2025-01-05T21:00:00,Nest_Beta,15.4,24.9,E,18.5,63.6,0,14.6,go
2025-01-05T22:00:00,Nest_Beta,12.9,22.8,E,18.7,57.2,0,14.9,go
2025-01-05T23:00:00,Nest_Beta,7.9,17.4,SE,18.5,41.0,0,12.9,go
2025-01-05T00:00:00,Nest_Gamma,10.6,19.6,NE,17.0,55.4,0,14.4,go
2025-01-05T01:00:00,Nest_Gamma,9.6,19.5,E,17.6,48.7,0,14.8,go
2025-01-05T02:00:00,Nest_Gamma,6.5,14.6,NW,16.4,55.1,0,15.5,go
2025-01-05T03:00:00,Nest_Gamma,5.2,12.2,N,17.1,66.3,0,14.4,go
2025-01-05T04:00:00,Nest_Gamma,5.4,8.6,S,18.8,43.6,0,15.7,go
2025-01-05T05:00:00,Nest_Gamma,3.2,9.9,N,20.4,58.7,0,15.3,go
2025-01-05T06:00:00,Nest_Gamma,3.7,7.7,W,20.4,58.4,0,14.9,go
2025-01-05T07:00:00,Nest_Gamma,5.4,12.7,SE,21.8,56.3,0,16.6,go
2025-01-05T08:00:00,Nest_Gamma,5.5,7.6,S,21.8,84.2,0,16.4,go
2025-01-05T09:00:00,Nest_Gamma,2.5,8.8,SE,22.3,67.4,0,15.8,go
2025-01-05T10:00:00,Nest_Gamma,9.5,15.2,S,24.0,71.0,0,14.7,go
2025-01-05T11:00:00,Nest_Gamma,14.3,21.9,NE,23.9,59.1,0,15.5,go
2025-01-05T12:00:00,Nest_Gamma,11.3,18.5,W,25.3,71.1,0,16.1,go
2025-01-05T13:00:00,Nest_Gamma,16.2,26.1,N,25.1,60.9,0,15.3,go
2025-01-05T14:00:00,Nest_Gamma,9.1,14.9,N,25.0,30.2,0,15.4,go
2025-01-05T15:00:00,Nest_Gamma,16.0,24.5,SW,23.4,54.6,0,15.1,go
2025-01-05T16:00:00,Nest_Gamma,19.0,26.2,NE,24.1,65.1,0,13.3,go
2025-01-05T17:00:00,Nest_Gamma,12.8,15.9,W,21.7,71.3,0,14.7,go
2025-01-05T18:00:00,Nest_Gamma,12.5,17.9,NW,22.3,63.2,0,16.1,go
2025-01-05T19:00:00,Nest_Gamma,15.8,18.7,W,20.7,50.5,0,15.0,go
2025-01-05T20:00:00,Nest_Gamma,15.2,24.1,W,19.5,54.5,0,14.6,go
2025-01-05T21:00:00,Nest_Gamma,14.3,20.4,E,19.3,69.9,0,15.8,go
2025-01-05T22:00:00,Nest_Gamma,7.1,13.9,SW,18.5,55.0,0,15.6,go
2025-01-05T23:00:00,Nest_Gamma,11.5,14.6,NE,17.9,64.5,0,15.2,go
2025-01-05T00:00:00,Nest_Delta,6.8,9.7,NE,16.3,60.4,0,15.0,go
2025-01-05T01:00:00,Nest_Delta,7.3,13.6,SE,18.2,59.0,0,14.0,go
2025-01-05T02:00:00,Nest_Delta,6.9,16.0,SW,17.1,53.5,0,14.0,go
2025-01-05T03:00:00,Nest_Delta,7.8,13.8,SW,17.4,58.9,0,15.1,go
2025-01-05T04:00:00,Nest_Delta,5.1,7.4,S,17.9,56.7,0,14.7,go
2025-01-05T05:00:00,Nest_Delta,6.5,9.5,N,19.3,61.6,0,14.2,go
2025-01-05T06:00:00,Nest_Delta,5.8,9.4,S,20.5,61.3,0,14.1,go
2025-01-05T07:00:00,Nest_Delta,4.3,9.3,SW,20.8,66.4,0,15.5,go
2025-01-05T08:00:00,Nest_Delta,6.6,14.5,W,21.6,63.1,0,14.9,go
2025-01-05T09:00:00,Nest_Delta,4.4,8.5,NE,22.5,62.8,0,15.1,go
2025-01-05T10:00:00,Nest_Delta,9.1,12.2,N,24.1,62.3,0,14.6,go
2025-01-05T11:00:00,Nest_Delta,11.5,14.6,NW,24.6,62.2,0,14.4,go
2025-01-05T12:00:00,Nest_Delta,13.9,17.5,E,24.3,60.7,0,15.1,go
2025-01-05T13:00:00,Nest_Delta,15.3,23.4,NW,25.4,63.4,0,14.0,go
2025-01-05T14:00:00,Nest_Delta,13.2,20.3,NW,25.7,63.6,0,13.6,go
2025-01-05T15:00:00,Nest_Delta,9.7,14.0,W,25.2,49.3,0,13.4,go
2025-01-05T16:00:00,Nest_Delta,18.6,22.1,NW,24.5,61.1,0,16.4,go
2025-01-05T17:00:00,Nest_Delta,21.0,27.9,NE,23.2,57.1,0,14.5,go
2025-01-05T18:00:00,Nest_Delta,14.4,23.7,SE,22.2,61.2,0,15.2,go
2025-01-05T19:00:00,Nest_Delta,15.6,22.4,N,20.9,62.6,0,16.3,go
2025-01-05T20:00:00,Nest_Delta,14.3,24.1,N,19.5,56.5,0,15.1,go
2025-01-05T21:00:00,Nest_Delta,15.5,20.6,SE,21.0,58.7,0,13.8,go
2025-01-05T22:00:00,Nest_Delta,10.1,18.2,SE,17.6,52.2,0,16.4,go
2025-01-05T23:00:00,Nest_Delta,13.0,17.5,W,16.8,60.1,0,13.9,go
2025-01-06T00:00:00,Nest_Alpha,13.1,17.3,E,16.2,47.1,0,16.0,go
2025-01-06T01:00:00,Nest_Alpha,12.1,14.2,S,16.3,57.2,0,16.1,go
2025-01-06T02:00:00,Nest_Alpha,9.5,19.0,NW,17.9,77.8,0,13.0,go
2025-01-06T03:00:00,Nest_Alpha,9.8,13.3,NE,17.4,59.2,0,13.7,go
2025-01-06T04:00:00,Nest_Alpha,8.2,17.5,W,17.6,48.5,0,12.3,go
2025-01-06T05:00:00,Nest_Alpha,8.1,16.5,SW,19.7,55.8,0,16.6,go
2025-01-06T06:00:00,Nest_Alpha,7.9,17.6,W,19.0,59.1,0,13.5,go
2025-01-06T07:00:00,Nest_Alpha,8.4,15.1,SW,20.6,49.8,0,15.6,go
2025-01-06T08:00:00,Nest_Alpha,7.4,14.8,E,22.0,53.6,0,13.3,go
2025-01-06T09:00:00,Nest_Alpha,12.3,19.2,S,23.1,52.6,0,14.5,go
2025-01-06T10:00:00,Nest_Alpha,12.6,21.6,NW,22.9,57.5,0,15.7,go
2025-01-06T11:00:00,Nest_Alpha,11.0,19.9,E,23.3,42.9,0,14.8,go
2025-01-06T12:00:00,Nest_Alpha,12.8,22.7,SW,24.5,45.4,0,13.7,go
2025-01-06T13:00:00,Nest_Alpha,15.4,21.5,NW,25.5,58.5,0,17.0,go
2025-01-06T14:00:00,Nest_Alpha,20.8,27.6,NW,25.2,53.6,0,15.3,go
2025-01-06T15:00:00,Nest_Alpha,19.8,26.1,S,24.6,57.6,0,16.0,go
2025-01-06T16:00:00,Nest_Alpha,21.4,24.7,N,24.1,64.0,0,15.3,go
2025-01-06T17:00:00,Nest_Alpha,21.1,30.8,E,23.4,59.9,0,14.8,go
2025-01-06T18:00:00,Nest_Alpha,18.1,23.3,S,22.4,60.7,0,15.7,go
2025-01-06T19:00:00,Nest_Alpha,15.3,17.8,E,21.6,61.8,0,14.1,go
2025-01-06T20:00:00,Nest_Alpha,17.6,23.0,N,19.9,54.5,0,16.0,go
2025-01-06T21:00:00,Nest_Alpha,13.7,21.8,E,18.9,56.8,0,15.9,go
2025-01-06T22:00:00,Nest_Alpha,14.6,20.2,SW,17.2,51.8,0,15.3,go
2025-01-06T23:00:00,Nest_Alpha,14.1,16.4,SW,17.4,67.1,0,15.0,go
2025-01-06T00:00:00,Nest_Beta,9.1,11.2,S,16.8,60.7,0,16.7,go
2025-01-06T01:00:00,Nest_Beta,5.7,8.1,W,17.3,38.5,0,14.4,go
2025-01-06T02:00:00,Nest_Beta,8.2,16.7,W,16.1,60.3,0,14.9,go
2025-01-06T03:00:00,Nest_Beta,10.2,20.1,NW,17.0,71.3,0,15.3,go
2025-01-06T04:00:00,Nest_Beta,5.5,11.4,NW,18.1,61.4,0,13.8,go
2025-01-06T05:00:00,Nest_Beta,7.1,12.2,W,18.9,49.1,0,13.9,go
2025-01-06T06:00:00,Nest_Beta,7.2,16.9,SW,20.0,49.1,0,15.4,go
2025-01-06T07:00:00,Nest_Beta,6.4,10.0,W,20.9,54.5,0,12.2,go
2025-01-06T08:00:00,Nest_Beta,7.4,16.9,N,22.7,79.0,0,16.6,go
2025-01-06T09:00:00,Nest_Beta,10.2,17.9,SW,23.5,48.0,0,15.8,go
2025-01-06T10:00:00,Nest_Beta,12.7,19.7,SW,23.4,59.1,0,15.7,go
2025-01-06T11:00:00,Nest_Beta,14.2,20.8,S,24.4,67.1,0,15.3,go
2025-01-06T12:00:00,Nest_Beta,16.9,21.3,NW,24.8,56.0,0,16.1,go
2025-01-06T13:00:00,Nest_Beta,14.6,21.0,SW,25.6,46.0,0,15.1,go
2025-01-06T14:00:00,Nest_Beta,14.2,22.3,NW,24.3,57.1,0,16.8,go
2025-01-06T15:00:00,Nest_Beta,14.5,21.8,NE,24.4,66.7,0,15.5,go
2025-01-06T16:00:00,Nest_Beta,15.2,17.3,N,23.5,49.2,0,15.3,go
2025-01-06T17:00:00,Nest_Beta,13.0,19.3,SW,22.7,54.8,0,15.0,go
2025-01-06T18:00:00,Nest_Beta,18.8,26.8,SE,23.4,63.4,0,14.5,go
2025-01-06T19:00:00,Nest_Beta,16.2,20.6,SW,20.1,58.2,0,15.3,go
2025-01-06T20:00:00,Nest_Beta,14.8,21.5,SE,19.3,52.4,0,12.7,go
2025-01-06T21:00:00,Nest_Beta,14.1,17.2,SE,17.7,56.1,0,14.4,go
2025-01-06T22:00:00,Nest_Beta,14.0,22.0,SW,18.5,63.4,0,13.1,go
2025-01-06T23:00:00,Nest_Beta,7.1,9.2,SE,17.2,62.0,0,17.6,go
2025-01-06T00:00:00,Nest_Gamma,12.6,19.6,NW,18.2,59.5,0,14.8,go
2025-01-06T01:00:00,Nest_Gamma,4.8,12.5,SE,16.2,51.1,0,16.5,go
2025-01-06T02:00:00,Nest_Gamma,7.3,12.0,NW,17.2,52.5,0,14.9,go
2025-01-06T03:00:00,Nest_Gamma,4.5,11.3,W,19.0,58.1,0,15.3,go
2025-01-06T04:00:00,Nest_Gamma,5.8,11.0,NE,19.2,57.8,0,14.9,go
2025-01-06T05:00:00,Nest_Gamma,8.5,14.9,NW,19.6,58.2,0,14.3,go
2025-01-06T06:00:00,Nest_Gamma,7.0,10.0,SE,19.5,77.4,0,16.2,go
2025-01-06T07:00:00,Nest_Gamma,7.5,13.4,NE,21.2,64.7,0,15.9,go
2025-01-06T08:00:00,Nest_Gamma,2.0,9.4,NW,23.2,54.2,0,14.8,go
2025-01-06T09:00:00,Nest_Gamma,5.2,14.5,NE,23.4,58.1,0,15.4,go
2025-01-06T10:00:00,Nest_Gamma,9.1,11.9,NE,23.4,69.1,0,14.6,go
2025-01-06T11:00:00,Nest_Gamma,11.5,19.3,W,25.5,57.9,0,16.8,go
2025-01-06T12:00:00,Nest_Gamma,12.2,19.0,SW,25.0,68.9,0,16.2,go
2025-01-06T13:00:00,Nest_Gamma,8.7,12.2,S,24.7,39.5,0,15.4,go
2025-01-06T14:00:00,Nest_Gamma,11.3,16.3,E,24.6,66.1,0,14.3,go
2025-01-06T15:00:00,Nest_Gamma,17.1,21.1,N,24.3,56.8,0,14.8,go
2025-01-06T16:00:00,Nest_Gamma,13.6,21.5,SE,22.7,57.6,0,13.0,go
2025-01-06T17:00:00,Nest_Gamma,18.5,24.2,W,25.3,67.6,0,16.0,go
2025-01-06T18:00:00,Nest_Gamma,17.1,22.3,SE,22.5,59.1,0,14.7,go
2025-01-06T19:00:00,Nest_Gamma,11.7,18.3,NE,22.8,46.8,0,12.4,go
2025-01-06T20:00:00,Nest_Gamma,16.9,23.4,W,19.2,61.0,0,14.7,go
2025-01-06T21:00:00,Nest_Gamma,14.7,21.0,S,19.3,63.7,0,14.5,go
2025-01-06T22:00:00,Nest_Gamma,11.1,15.2,NE,18.1,48.0,0,15.3,go
2025-01-06T23:00:00,Nest_Gamma,11.4,17.4,S,17.4,56.0,0,15.3,go
2025-01-06T00:00:00,Nest_Delta,12.6,18.9,W,17.3,61.4,0,15.2,go
2025-01-06T01:00:00,Nest_Delta,11.3,14.3,N,17.3,72.4,0,13.4,go
2025-01-06T02:00:00,Nest_Delta,8.6,14.4,W,17.4,53.6,0,16.8,go
2025-01-06T03:00:00,Nest_Delta,7.7,11.5,N,18.7,51.4,0,13.6,go
2025-01-06T04:00:00,Nest_Delta,4.1,12.0,NW,18.7,62.0,0,13.9,go
2025-01-06T05:00:00,Nest_Delta,9.4,15.3,N,19.2,40.6,0,13.5,go
2025-01-06T06:00:00,Nest_Delta,3.8,7.2,E,19.4,46.9,0,13.7,go
2025-01-06T07:00:00,Nest_Delta,11.3,19.4,SE,20.4,53.6,0,15.8,go
2025-01-06T08:00:00,Nest_Delta,10.6,14.7,SW,21.6,57.9,0,15.6,go
2025-01-06T09:00:00,Nest_Delta,6.6,13.2,NW,23.1,63.4,0,15.1,go
2025-01-06T10:00:00,Nest_Delta,10.6,12.9,NE,25.0,67.4,0,14.8,go
2025-01-06T11:00:00,Nest_Delta,10.0,13.1,E,23.6,55.1,0,14.2,go
2025-01-06T12:00:00,Nest_Delta,13.7,23.4,NE,25.6,59.0,0,14.6,go
2025-01-06T13:00:00,Nest_Delta,9.8,13.0,NW,25.3,52.8,0,16.6,go
2025-01-06T14:00:00,Nest_Delta,16.9,24.6,E,25.4,39.2,0,16.2,go
2025-01-06T15:00:00,Nest_Delta,14.1,16.2,W,24.3,55.8,0,15.9,go
2025-01-06T16:00:00,Nest_Delta,18.8,25.7,SE,22.9,59.7,0,15.8,go
2025-01-06T17:00:00,Nest_Delta,11.8,19.8,NE,23.0,42.3,0,13.7,go
2025-01-06T18:00:00,Nest_Delta,18.0,26.0,W,21.4,67.8,0,15.5,go
2025-01-06T19:00:00,Nest_Delta,12.2,16.4,N,20.2,60.8,0,15.2,go
2025-01-06T20:00:00,Nest_Delta,18.3,25.4,S,20.1,60.5,0,14.2,go
2025-01-06T21:00:00,Nest_Delta,14.5,19.1,NW,19.7,67.5,0,15.1,go
2025-01-06T22:00:00,Nest_Delta,17.8,24.0,SW,19.4,58.2,0,15.3,go
2025-01-06T23:00:00,Nest_Delta,10.1,18.4,S,18.2,42.3,0,14.8,go
2025-01-07T00:00:00,Nest_Alpha,7.2,12.5,SE,17.3,59.2,0,15.5,go
2025-01-07T01:00:00,Nest_Alpha,9.6,17.3,SW,16.2,64.7,0,15.4,go
2025-01-07T02:00:00,Nest_Alpha,10.1,18.4,W,18.1,53.9,0,15.2,go
2025-01-07T03:00:00,Nest_Alpha,5.1,9.7,NW,17.0,42.8,0,15.8,go
2025-01-07T04:00:00,Nest_Alpha,7.3,13.3,S,18.1,53.5,0,14.3,go
2025-01-07T05:00:00,Nest_Alpha,7.3,13.0,N,19.4,48.7,0,15.1,go
2025-01-07T06:00:00,Nest_Alpha,7.6,17.5,SW,19.4,48.8,0,15.4,go
2025-01-07T07:00:00,Nest_Alpha,8.8,18.7,SW,20.9,73.7,0,16.6,go
2025-01-07T08:00:00,Nest_Alpha,10.2,19.0,SE,22.0,64.1,0,14.6,go
2025-01-07T09:00:00,Nest_Alpha,12.1,14.5,NW,22.0,54.0,0,15.5,go
2025-01-07T10:00:00,Nest_Alpha,12.7,21.3,E,24.4,60.9,0,16.0,go
2025-01-07T11:00:00,Nest_Alpha,11.9,21.3,NW,23.9,58.2,0,16.0,go
2025-01-07T12:00:00,Nest_Alpha,16.5,24.0,E,24.2,39.4,0,14.3,go
2025-01-07T13:00:00,Nest_Alpha,15.5,19.1,SE,24.7,54.7,0,14.0,go
2025-01-07T14:00:00,Nest_Alpha,14.4,17.0,NW,25.3,67.1,0,14.8,go
2025-01-07T15:00:00,Nest_Alpha,14.8,24.1,N,24.7,66.2,0,14.4,go
2025-01-07T16:00:00,Nest_Alpha,16.9,21.2,NE,24.0,70.2,0,15.3,go
2025-01-07T17:00:00,Nest_Alpha,22.8,27.8,N,22.4,52.1,0,15.8,go
2025-01-07T18:00:00,Nest_Alpha,20.2,24.1,N,23.2,40.5,0,14.7,go
2025-01-07T19:00:00,Nest_Alpha,16.2,22.0,SE,20.8,55.8,0,15.6,go
2025-01-07T20:00:00,Nest_Alpha,15.8,20.7,W,19.3,39.5,0,14.1,go
2025-01-07T21:00:00,Nest_Alpha,10.6,16.5,S,19.3,60.8,0,17.2,go
2025-01-07T22:00:00,Nest_Alpha,15.5,18.5,NW,17.2,69.1,0,16.7,go
2025-01-07T23:00:00,Nest_Alpha,10.9,17.3,NE,17.1,50.8,0,15.0,go
2025-01-07T00:00:00,Nest_Beta,10.9,20.7,S,16.2,72.6,0,15.9,go
2025-01-07T01:00:00,Nest_Beta,11.8,20.5,SE,17.1,79.7,0,15.1,go
2025-01-07T02:00:00,Nest_Beta,8.7,18.6,E,17.9,71.6,0,14.4,go
2025-01-07T03:00:00,Nest_Beta,2,11.4,W,17.0,53.2,0,15.3,go
2025-01-07T04:00:00,Nest_Beta,6.5,10.7,W,18.9,55.6,0,15.0,go
2025-01-07T05:00:00,Nest_Beta,5.4,13.0,NW,19.1,55.5,0,16.2,go
2025-01-07T06:00:00,Nest_Beta,9.2,14.4,SE,20.0,74.3,0,14.4,go
2025-01-07T07:00:00,Nest_Beta,13.1,19.4,SE,21.0,74.8,0,13.9,go
2025-01-07T08:00:00,Nest_Beta,8.6,11.1,E,21.0,48.3,0,16.6,go
2025-01-07T09:00:00,Nest_Beta,13.3,22.2,S,22.7,72.6,0,13.9,go
2025-01-07T10:00:00,Nest_Beta,7.1,12.4,SW,24.5,65.0,0,13.7,go
2025-01-07T11:00:00,Nest_Beta,8.4,18.1,SW,24.3,73.5,0,13.9,go
2025-01-07T12:00:00,Nest_Beta,13.6,16.9,S,24.7,44.4,0,14.4,go
2025-01-07T13:00:00,Nest_Beta,11.2,20.8,W,25.3,55.4,0,14.4,go
2025-01-07T14:00:00,Nest_Beta,12.1,14.4,E,25.5,51.3,0,15.1,go
2025-01-07T15:00:00,Nest_Beta,18.6,27.1,W,25.8,56.4,0,15.5,go
2025-01-07T16:00:00,Nest_Beta,14.5,20.0,N,24.3,67.0,0,15.4,go
2025-01-07T17:00:00,Nest_Beta,10.9,18.8,NW,23.0,51.8,0,14.9,go
2025-01-07T18:00:00,Nest_Beta,13.6,21.5,S,22.5,44.4,0,14.5,go
2025-01-07T19:00:00,Nest_Beta,17.9,24.3,NE,22.7,62.5,0,13.4,go
2025-01-07T20:00:00,Nest_Beta,10.7,16.0,W,20.4,72.0,0,15.4,go
2025-01-07T21:00:00,Nest_Beta,12.3,22.2,SW,18.3,54.5,0,16.1,go
2025-01-07T22:00:00,Nest_Beta,12.7,16.0,N,18.1,43.0,0,15.3,go
2025-01-07T23:00:00,Nest_Beta,9.3,15.2,SW,17.9,53.5,0,17.1,go
2025-01-07T00:00:00,Nest_Gamma,8.8,18.1,N,16.8,48.8,0,14.9,go
2025-01-07T01:00:00,Nest_Gamma,2.7,10.3,SE,16.5,54.1,0,12.8,go
2025-01-07T02:00:00,Nest_Gamma,7.4,13.0,E,17.3,49.2,0,12.5,go
2025-01-07T03:00:00,Nest_Gamma,5.4,8.5,NW,17.7,41.3,0,14.7,go
2025-01-07T04:00:00,Nest_Gamma,2,6.9,W,18.1,66.9,0,14.6,go
2025-01-07T05:00:00,Nest_Gamma,4.2,13.5,S,17.8,47.9,0,15.0,go
2025-01-07T06:00:00,Nest_Gamma,3.7,6.5,E,20.4,69.8,0,14.4,go
2025-01-07T07:00:00,Nest_Gamma,6.8,14.8,S,21.6,41.3,0,14.2,go
2025-01-07T08:00:00,Nest_Gamma,10.1,18.2,N,21.5,56.5,0,16.4,go
2025-01-07T09:00:00,Nest_Gamma,9.2,16.9,E,21.9,56.1,0,14.4,go
2025-01-07T10:00:00,Nest_Gamma,8.9,17.7,W,23.2,68.6,0,17.8,go
2025-01-07T11:00:00,Nest_Gamma,6.9,13.1,SE,24.5,61.3,0,16.2,go
2025-01-07T12:00:00,Nest_Gamma,11.0,16.1,SE,24.6,60.7,0,16.8,go
2025-01-07T13:00:00,Nest_Gamma,13.5,18.5,NW,25.5,61.6,0,16.3,go
2025-01-07T14:00:00,Nest_Gamma,15.4,19.4,W,24.9,50.0,0,17.8,go
2025-01-07T15:00:00,Nest_Gamma,10.1,15.5,W,24.2,67.9,0,14.4,go
2025-01-07T16:00:00,Nest_Gamma,13.0,21.1,SE,24.4,53.3,0,14.8,go
2025-01-07T17:00:00,Nest_Gamma,13.4,18.1,SE,23.4,81.8,0,16.0,go
2025-01-07T18:00:00,Nest_Gamma,16.0,20.1,E,21.8,63.6,0,13.2,go
2025-01-07T19:00:00,Nest_Gamma,13.5,16.7,E,20.8,56.3,0,14.8,go
2025-01-07T20:00:00,Nest_Gamma,12.5,20.4,SE,21.1,44.3,0,15.5,go
2025-01-07T21:00:00,Nest_Gamma,18.1,27.7,NE,18.9,66.8,0,15.5,go
2025-01-07T22:00:00,Nest_Gamma,13.9,19.3,NW,19.0,45.5,0,15.6,go
2025-01-07T23:00:00,Nest_Gamma,9.2,18.2,S,16.2,58.1,0,15.6,go
2025-01-07T00:00:00,Nest_Delta,13.6,18.8,E,17.0,46.6,0,15.5,go
2025-01-07T01:00:00,Nest_Delta,7.8,16.8,E,15.8,48.0,0,14.4,go
2025-01-07T02:00:00,Nest_Delta,3.0,6.7,SE,18.8,63.0,0,16.0,go
2025-01-07T03:00:00,Nest_Delta,11.1,17.4,E,18.5,57.5,0,15.6,go
2025-01-07T04:00:00,Nest_Delta,3.8,11.3,SW,19.7,52.4,0,14.9,go
2025-01-07T05:00:00,Nest_Delta,3.6,11.8,SW,19.4,47.7,0,15.4,go
2025-01-07T06:00:00,Nest_Delta,4.0,8.5,SE,19.4,49.3,0,13.6,go
2025-01-07T07:00:00,Nest_Delta,10.9,20.1,W,20.5,60.7,0,14.4,go
2025-01-07T08:00:00,Nest_Delta,3.2,9.3,W,23.2,59.5,0,15.8,go
2025-01-07T09:00:00,Nest_Delta,14.6,23.4,W,21.5,50.0,0,16.7,go
2025-01-07T10:00:00,Nest_Delta,6.1,9.8,E,23.5,62.6,0,14.9,go
2025-01-07T11:00:00,Nest_Delta,12.8,16.4,SE,25.3,45.3,0,14.2,go
2025-01-07T12:00:00,Nest_Delta,15.5,25.3,SE,24.8,51.8,0,15.4,go
2025-01-07T13:00:00,Nest_Delta,13.3,18.4,S,25.9,58.6,0,15.1,go
2025-01-07T14:00:00,Nest_Delta,16.4,19.2,SE,24.6,62.3,0,14.3,go
2025-01-07T15:00:00,Nest_Delta,16.6,19.1,W,26.1,33.9,0,14.0,go
2025-01-07T16:00:00,Nest_Delta,17.7,27.6,W,23.3,59.4,0,16.2,go
2025-01-07T17:00:00,Nest_Delta,20.1,25.5,S,24.2,48.7,0,15.3,go
2025-01-07T18:00:00,Nest_Delta,17.9,26.3,N,22.1,62.2,0,14.1,go
2025-01-07T19:00:00,Nest_Delta,17.7,25.2,NE,21.4,71.2,0,15.9,go
2025-01-07T20:00:00,Nest_Delta,16.0,18.0,NW,19.2,65.8,0,16.1,go
2025-01-07T21:00:00,Nest_Delta,17.6,21.2,NE,18.5,57.4,0,14.6,go
2025-01-07T22:00:00,Nest_Delta,13.3,16.9,NE,19.2,50.6,0,14.6,go
2025-01-07T23:00:00,Nest_Delta,7.9,15.5,E,17.8,58.8,0,15.7,go
2025-01-08T00:00:00,Nest_Alpha,14.4,23.5,E,17.5,48.4,0,15.5,go
2025-01-08T01:00:00,Nest_Alpha,6.1,10.7,S,18.2,75.7,0,15.2,go
2025-01-08T02:00:00,Nest_Alpha,7.0,14.5,SE,17.6,65.2,0,15.2,go
2025-01-08T03:00:00,Nest_Alpha,5.2,10.7,NW,18.4,79.2,0,15.4,go
2025-01-08T04:00:00,Nest_Alpha,12.7,21.2,N,19.3,57.6,0,14.8,go
2025-01-08T05:00:00,Nest_Alpha,5.0,12.1,E,20.2,45.9,0,14.4,go
2025-01-08T06:00:00,Nest_Alpha,14.9,24.9,N,18.6,64.5,0,15.2,go
2025-01-08T07:00:00,Nest_Alpha,9.2,14.8,NE,21.2,60.6,0,14.8,go
2025-01-08T08:00:00,Nest_Alpha,5.8,13.1,NE,21.7,53.5,0,14.2,go
2025-01-08T09:00:00,Nest_Alpha,8.0,10.9,E,23.1,56.0,0,16.4,go
2025-01-08T10:00:00,Nest_Alpha,16.1,26.0,NE,24.4,67.4,0,15.1,go
2025-01-08T11:00:00,Nest_Alpha,15.2,24.6,N,23.5,56.6,0,13.3,go
2025-01-08T12:00:00,Nest_Alpha,13.2,19.5,W,25.1,44.2,0,14.6,go
2025-01-08T13:00:00,Nest_Alpha,14.9,21.2,NE,24.9,52.5,0,13.4,go
2025-01-08T14:00:00,Nest_Alpha,16.4,22.1,W,24.4,54.7,0,13.8,go
2025-01-08T15:00:00,Nest_Alpha,13.8,22.8,N,24.5,53.2,0,13.5,go
2025-01-08T16:00:00,Nest_Alpha,13.9,21.7,W,23.8,52.0,0,14.9,go
2025-01-08T17:00:00,Nest_Alpha,19.2,27.2,N,23.7,43.4,0,15.8,go
2025-01-08T18:00:00,Nest_Alpha,16.5,19.2,S,22.6,56.8,0,14.9,go
2025-01-08T19:00:00,Nest_Alpha,17.8,22.3,NE,21.4,71.3,0,15.6,go
2025-01-08T20:00:00,Nest_Alpha,16.7,23.6,NW,18.9,56.3,0,15.8,go
2025-01-08T21:00:00,Nest_Alpha,18.3,21.1,SW,19.5,62.9,0,14.9,go
2025-01-08T22:00:00,Nest_Alpha,17.2,24.8,N,18.9,45.0,0,15.3,go
2025-01-08T23:00:00,Nest_Alpha,11.1,15.3,N,16.1,70.4,0,15.5,go
2025-01-08T00:00:00,Nest_Beta,10.9,19.8,N,17.6,66.4,0,16.5,go
2025-01-08T01:00:00,Nest_Beta,10.7,19.8,S,16.2,68.1,0,14.9,go
2025-01-08T02:00:00,Nest_Beta,9.6,12.9,E,16.5,66.1,0,14.6,go
2025-01-08T03:00:00,Nest_Beta,9.8,14.5,NE,17.4,62.1,0,15.6,go
2025-01-08T04:00:00,Nest_Beta,7.0,15.7,NW,17.4,60.7,0,16.5,go
2025-01-08T05:00:00,Nest_Beta,8.1,15.9,W,19.5,55.2,0,14.8,go
2025-01-08T06:00:00,Nest_Beta,6.2,16.2,NW,20.1,61.1,0,15.6,go
2025-01-08T07:00:00,Nest_Beta,8.4,12.1,NW,20.9,58.4,0,14.5,go
2025-01-08T08:00:00,Nest_Beta,5.1,8.3,W,21.2,67.0,0,15.8,go
2025-01-08T09:00:00,Nest_Beta,8.7,13.0,NE,22.2,49.9,0,12.8,go
2025-01-08T10:00:00,Nest_Beta,15.7,25.1,NW,24.1,57.3,0,15.4,go
2025-01-08T11:00:00,Nest_Beta,9.5,17.7,E,23.7,51.3,0,15.5,go
2025-01-08T12:00:00,Nest_Beta,16.5,19.5,NW,25.3,57.3,0,14.1,go
2025-01-08T13:00:00,Nest_Beta,13.2,22.6,N,25.9,39.9,0,14.2,go
2025-01-08T14:00:00,Nest_Beta,12.3,16.6,S,25.7,70.4,0,14.5,go
2025-01-08T15:00:00,Nest_Beta,13.2,16.9,NW,24.1,51.6,0,14.8,go
2025-01-08T16:00:00,Nest_Beta,16.9,25.3,W,24.2,59.3,0,15.4,go
2025-01-08T17:00:00,Nest_Beta,15.8,21.6,N,22.2,57.9,0,13.0,go
2025-01-08T18:00:00,Nest_Beta,16.8,26.8,S,21.2,49.3,0,14.8,go
2025-01-08T19:00:00,Nest_Beta,13.9,16.3,E,21.3,55.2,0,14.3,go
2025-01-08T20:00:00,Nest_Beta,15.7,22.8,E,20.1,65.8,0,15.8,go
2025-01-08T21:00:00,Nest_Beta,14.9,20.0,SE,20.0,48.2,0,15.0,go
2025-01-08T22:00:00,Nest_Beta,12.3,18.2,N,18.0,34.2,0,14.9,go
2025-01-08T23:00:00,Nest_Beta,12.0,20.8,NW,19.0,50.2,0,16.6,go
2025-01-08T00:00:00,Nest_Gamma,5.9,13.0,SW,17.6,59.2,0,11.7,go
2025-01-08T01:00:00,Nest_Gamma,7.5,9.7,S,17.9,61.3,0,16.4,go
2025-01-08T02:00:00,Nest_Gamma,2,4.9,NE,16.8,58.7,0,14.1,go
2025-01-08T03:00:00,Nest_Gamma,6.2,11.7,NE,18.3,60.2,0,15.7,go
2025-01-08T04:00:00,Nest_Gamma,6.1,15.1,SW,17.1,48.8,0,13.3,go
2025-01-08T05:00:00,Nest_Gamma,2.8,8.3,SW,20.2,54.1,0,14.4,go
2025-01-08T06:00:00,Nest_Gamma,7.7,12.9,W,19.2,65.6,0,15.8,go
2025-01-08T07:00:00,Nest_Gamma,6.5,8.7,NW,21.0,53.7,0,14.5,go
2025-01-08T08:00:00,Nest_Gamma,8.8,11.8,NW,22.1,82.1,0,15.1,go
2025-01-08T09:00:00,Nest_Gamma,9.7,15.5,S,23.5,54.6,0,13.9,go
2025-01-08T10:00:00,Nest_Gamma,5.0,9.0,S,24.1,63.2,0,13.3,go
2025-01-08T11:00:00,Nest_Gamma,8.8,17.6,N,25.2,75.2,0,14.5,go
2025-01-08T12:00:00,Nest_Gamma,11.0,13.9,SW,25.0,66.3,0,14.6,go
2025-01-08T13:00:00,Nest_Gamma,12.6,21.3,SE,24.0,70.8,0,14.2,go
2025-01-08T14:00:00,Nest_Gamma,16.2,22.6,E,25.0,64.1,0,13.7,go
2025-01-08T15:00:00,Nest_Gamma,14.9,21.3,S,24.4,55.6,0,15.0,go
2025-01-08T16:00:00,Nest_Gamma,13.5,18.6,E,24.2,67.3,0,15.6,go
2025-01-08T17:00:00,Nest_Gamma,16.3,24.0,E,22.3,65.2,0,16.5,go
2025-01-08T18:00:00,Nest_Gamma,17.5,22.3,NE,21.8,62.2,0,16.4,go
2025-01-08T19:00:00,Nest_Gamma,10.7,18.7,N,20.1,55.8,0,16.6,go
2025-01-08T20:00:00,Nest_Gamma,15.0,24.5,SE,21.0,56.9,0,15.1,go
2025-01-08T21:00:00,Nest_Gamma,17.2,20.6,SE,19.2,41.0,0,14.5,go
2025-01-08T22:00:00,Nest_Gamma,10.9,14.3,SE,19.1,68.8,0,14.7,go
2025-01-08T23:00:00,Nest_Gamma,5.4,15.1,N,17.5,69.7,0,14.4,go
2025-01-08T00:00:00,Nest_Delta,9.3,18.5,NW,17.3,60.5,0,15.0,go
2025-01-08T01:00:00,Nest_Delta,10.1,12.8,SW,18.2,62.0,0,13.7,go
2025-01-08T02:00:00,Nest_Delta,8.7,16.8,N,18.1,68.5,0,17.2,go
2025-01-08T03:00:00,Nest_Delta,7.8,16.9,SW,17.6,70.7,0,14.3,go
2025-01-08T04:00:00,Nest_Delta,3.5,6.6,NE,17.9,64.9,0,13.1,go
2025-01-08T05:00:00,Nest_Delta,6.8,13.6,N,18.5,53.8,0,14.0,go
2025-01-08T06:00:00,Nest_Delta,2.7,4.7,SE,18.4,54.3,0,14.1,go
2025-01-08T07:00:00,Nest_Delta,8.3,16.1,NW,21.4,56.3,0,16.3,go
2025-01-08T08:00:00,Nest_Delta,4.8,10.6,W,21.9,58.5,0,14.9,go
2025-01-08T09:00:00,Nest_Delta,5.0,10.6,NE,23.0,54.2,0,15.6,go
2025-01-08T10:00:00,Nest_Delta,13.6,16.8,W,22.1,53.1,0,15.6,go
2025-01-08T11:00:00,Nest_Delta,10.9,18.1,SW,25.1,67.1,0,14.9,go
2025-01-08T12:00:00,Nest_Delta,16.8,20.0,S,23.8,58.5,0,14.2,go
2025-01-08T13:00:00,Nest_Delta,15.6,24.3,SE,25.2,55.6,0,14.1,go
2025-01-08T14:00:00,Nest_Delta,13.2,16.0,W,24.3,63.7,0,14.6,go
2025-01-08T15:00:00,Nest_Delta,14.1,22.9,S,26.0,50.3,0,15.6,go
2025-01-08T16:00:00,Nest_Delta,14.1,21.6,W,23.0,56.4,0,14.3,go
2025-01-08T17:00:00,Nest_Delta,20.7,25.9,NE,23.0,46.3,0,14.6,go
2025-01-08T18:00:00,Nest_Delta,16.3,26.1,SW,22.9,58.0,0,15.7,go
2025-01-08T19:00:00,Nest_Delta,16.7,26.5,S,21.0,68.1,0,17.1,go
2025-01-08T20:00:00,Nest_Delta,11.6,15.4,SW,20.1,48.3,0,16.5,go
2025-01-08T21:00:00,Nest_Delta,13.9,19.7,W,18.3,59.5,0,15.9,go
2025-01-08T22:00:00,Nest_Delta,15.9,20.7,E,17.8,50.0,0,14.9,go
2025-01-08T23:00:00,Nest_Delta,15.4,22.0,S,18.6,59.2,0,14.7,go
2025-01-09T00:00:00,Nest_Alpha,14.5,18.4,S,16.4,67.1,0,15.5,go
2025-01-09T01:00:00,Nest_Alpha,11.8,18.2,E,18.0,58.5,0,15.2,go
2025-01-09T02:00:00,Nest_Alpha,8.6,16.2,E,17.3,72.5,0,15.0,go
2025-01-09T03:00:00,Nest_Alpha,9.2,18.3,SW,18.5,56.0,0,14.8,go
2025-01-09T04:00:00,Nest_Alpha,9.4,19.0,SE,19.0,57.9,0,15.8,go
2025-01-09T05:00:00,Nest_Alpha,7.7,14.6,W,19.3,55.8,0,15.2,go
2025-01-09T06:00:00,Nest_Alpha,7.2,16.8,SW,20.3,45.1,0,15.8,go
2025-01-09T07:00:00,Nest_Alpha,10.4,18.9,S,21.0,44.9,0,15.4,go
2025-01-09T08:00:00,Nest_Alpha,11.8,17.0,NE,23.5,67.1,0,14.2,go
2025-01-09T09:00:00,Nest_Alpha,11.0,15.0,S,23.9,51.6,0,15.5,go
2025-01-09T10:00:00,Nest_Alpha,10.2,12.4,NW,24.5,73.0,0,14.6,go
2025-01-09T11:00:00,Nest_Alpha,11.5,19.2,S,23.2,44.9,0,15.2,go
2025-01-09T12:00:00,Nest_Alpha,18.1,26.7,S,26.0,69.1,0,15.4,go
2025-01-09T13:00:00,Nest_Alpha,20.6,28.7,NE,26.1,59.4,0,14.1,go
2025-01-09T14:00:00,Nest_Alpha,14.3,18.2,NE,26.4,62.7,0,15.9,go
2025-01-09T15:00:00,Nest_Alpha,15.3,19.6,NW,23.4,53.8,0,14.3,go
2025-01-09T16:00:00,Nest_Alpha,15.8,18.9,SE,24.9,58.3,0,13.8,go
2025-01-09T17:00:00,Nest_Alpha,19.3,25.5,W,22.3,58.9,0,15.2,go
2025-01-09T18:00:00,Nest_Alpha,16.7,24.4,E,21.8,48.4,0,15.3,go
2025-01-09T19:00:00,Nest_Alpha,19.2,25.1,NE,20.3,62.4,0,15.7,go
2025-01-09T20:00:00,Nest_Alpha,13.9,20.7,NW,19.7,37.6,0,16.0,go
2025-01-09T21:00:00,Nest_Alpha,14.4,19.4,SW,18.3,51.5,0,15.2,go
2025-01-09T22:00:00,Nest_Alpha,10.4,18.0,NE,18.4,54.3,0,14.9,go
2025-01-09T23:00:00,Nest_Alpha,11.3,15.3,S,17.0,66.0,0,16.4,go
2025-01-09T00:00:00,Nest_Beta,8.1,14.4,E,17.7,52.1,0,16.4,go
2025-01-09T01:00:00,Nest_Beta,7.1,15.3,W,15.7,54.2,0,14.8,go
2025-01-09T02:00:00,Nest_Beta,10.4,15.3,E,17.4,62.8,0,14.0,go
2025-01-09T03:00:00,Nest_Beta,7.1,14.1,NE,18.1,68.8,0,15.3,go
2025-01-09T04:00:00,Nest_Beta,4.5,14.1,S,18.4,46.7,0,16.9,go
2025-01-09T05:00:00,Nest_Beta,7.8,15.9,N,17.9,74.5,0,16.2,go
2025-01-09T06:00:00,Nest_Beta,5.2,7.6,E,19.5,51.5,0,14.9,go
2025-01-09T07:00:00,Nest_Beta,7.4,14.7,NW,21.3,54.5,0,13.9,go
2025-01-09T08:00:00,Nest_Beta,2,6.5,N,21.6,49.8,0,15.2,go
2025-01-09T09:00:00,Nest_Beta,6.4,13.1,NE,22.7,63.3,0,14.3,go
2025-01-09T10:00:00,Nest_Beta,9.5,18.4,SE,24.8,47.4,0,15.2,go
2025-01-09T11:00:00,Nest_Beta,8.0,17.5,NW,25.3,69.6,0,14.9,go
2025-01-09T12:00:00,Nest_Beta,18.8,24.8,S,25.7,57.8,0,14.9,go
2025-01-09T13:00:00,Nest_Beta,12.4,17.1,NW,25.6,63.4,0,14.8,go
2025-01-09T14:00:00,Nest_Beta,14.4,22.6,N,24.3,41.2,0,14.9,go
2025-01-09T15:00:00,Nest_Beta,13.0,20.0,S,25.1,35.3,0,15.3,go
2025-01-09T16:00:00,Nest_Beta,19.2,24.5,NW,24.6,58.6,0,13.9,go
2025-01-09T17:00:00,Nest_Beta,17.7,23.1,NE,23.2,49.0,0,15.4,go
2025-01-09T18:00:00,Nest_Beta,19.2,25.7,E,21.2,61.4,0,14.6,go
2025-01-09T19:00:00,Nest_Beta,14.6,24.1,W,20.9,56.6,0,15.9,go
2025-01-09T20:00:00,Nest_Beta,17.5,25.0,SE,18.6,81.3,0,15.9,go
2025-01-09T21:00:00,Nest_Beta,9.9,14.8,E,18.6,41.5,0,15.3,go
2025-01-09T22:00:00,Nest_Beta,11.3,18.2,N,17.1,61.1,0,13.9,go
2025-01-09T23:00:00,Nest_Beta,8.0,11.9,NW,17.0,60.7,0,14.4,go
2025-01-09T00:00:00,Nest_Gamma,4.9,14.7,SW,15.8,70.0,0,15.1,go
2025-01-09T01:00:00,Nest_Gamma,7.0,13.0,S,17.3,75.7,0,14.1,go
2025-01-09T02:00:00,Nest_Gamma,6.3,13.3,NW,17.1,77.4,0,16.1,go
2025-01-09T03:00:00,Nest_Gamma,10.3,14.3,NW,18.0,59.3,0,14.9,go
2025-01-09T04:00:00,Nest_Gamma,5.5,11.9,SE,17.7,43.1,0,15.2,go
2025-01-09T05:00:00,Nest_Gamma,5.7,9.8,W,18.3,48.2,0,13.9,go
2025-01-09T06:00:00,Nest_Gamma,5.8,9.2,E,19.3,72.7,0,15.2,go
2025-01-09T07:00:00,Nest_Gamma,6.1,12.1,NW,19.6,49.8,0,13.8,go
2025-01-09T08:00:00,Nest_Gamma,5.6,12.9,N,21.7,55.1,0,15.0,go
2025-01-09T09:00:00,Nest_Gamma,4.2,9.4,E,22.8,46.9,0,15.8,go
2025-01-09T10:00:00,Nest_Gamma,8.4,14.7,N,23.3,64.9,0,14.4,go
2025-01-09T11:00:00,Nest_Gamma,12.2,17.9,NE,23.9,51.5,0,12.8,go
2025-01-09T12:00:00,Nest_Gamma,12.4,21.6,N,25.2,59.2,0,15.6,go
2025-01-09T13:00:00,Nest_Gamma,12.0,15.2,S,24.3,49.7,0,15.3,go
2025-01-09T14:00:00,Nest_Gamma,15.8,21.4,N,24.3,60.3,0,15.2,go
2025-01-09T15:00:00,Nest_Gamma,12.0,20.1,SW,24.9,50.3,0,16.0,go
2025-01-09T16:00:00,Nest_Gamma,13.0,21.3,S,24.7,52.5,0,13.9,go
2025-01-09T17:00:00,Nest_Gamma,12.8,20.7,SW,23.9,71.1,0,14.1,go
2025-01-09T18:00:00,Nest_Gamma,17.0,23.6,SE,20.9,50.2,0,14.4,go
2025-01-09T19:00:00,Nest_Gamma,11.5,14.0,SE,20.0,69.4,0,15.0,go
2025-01-09T20:00:00,Nest_Gamma,12.2,19.7,NW,19.4,54.1,0,14.6,go
2025-01-09T21:00:00,Nest_Gamma,13.9,18.6,E,19.3,51.6,0,14.3,go
2025-01-09T22:00:00,Nest_Gamma,12.9,20.9,E,16.5,40.3,0,12.9,go
2025-01-09T23:00:00,Nest_Gamma,11.0,16.8,N,17.4,58.2,0,16.3,go
2025-01-09T00:00:00,Nest_Delta,5.2,14.6,S,17.3,58.3,0,15.1,go
2025-01-09T01:00:00,Nest_Delta,9.5,13.9,E,17.0,46.6,0,14.8,go
2025-01-09T02:00:00,Nest_Delta,4.8,9.3,NE,17.6,61.6,0,15.1,go
2025-01-09T03:00:00,Nest_Delta,6.6,12.1,NW,18.0,56.6,0,13.4,go
2025-01-09T04:00:00,Nest_Delta,10.6,15.0,E,19.9,67.0,0,15.2,go
2025-01-09T05:00:00,Nest_Delta,3.9,12.4,NE,18.9,61.1,0,13.7,go
2025-01-09T06:00:00,Nest_Delta,6.9,12.8,N,20.1,65.8,0,14.0,go
2025-01-09T07:00:00,Nest_Delta,10.6,19.3,S,20.3,60.9,0,16.0,go
2025-01-09T08:00:00,Nest_Delta,6.2,11.0,N,22.0,52.7,0,14.5,go
2025-01-09T09:00:00,Nest_Delta,5.8,10.7,SE,23.8,66.5,0,17.3,go
2025-01-09T10:00:00,Nest_Delta,9.4,13.7,SE,24.4,72.0,0,15.1,go
2025-01-09T11:00:00,Nest_Delta,11.9,14.4,SW,24.6,58.0,0,14.5,go
2025-01-09T12:00:00,Nest_Delta,17.5,20.7,N,25.5,56.9,0,15.7,go
2025-01-09T13:00:00,Nest_Delta,12.1,19.3,SW,25.8,81.3,0,14.2,go
2025-01-09T14:00:00,Nest_Delta,13.3,18.6,NE,25.0,68.9,0,15.0,go
2025-01-09T15:00:00,Nest_Delta,14.6,18.3,N,24.3,54.8,0,15.2,go
2025-01-09T16:00:00,Nest_Delta,19.4,23.8,W,23.8,77.9,0,14.6,go
2025-01-09T17:00:00,Nest_Delta,20.2,24.2,W,22.9,80.5,0,14.5,go
2025-01-09T18:00:00,Nest_Delta,16.9,24.5,E,22.3,45.6,0,16.4,go
2025-01-09T19:00:00,Nest_Delta,17.1,24.5,N,21.2,64.0,0,14.6,go
2025-01-09T20:00:00,Nest_Delta,14.4,16.9,S,19.0,58.9,0,14.7,go
2025-01-09T21:00:00,Nest_Delta,11.0,17.4,N,19.8,67.9,0,15.6,go
2025-01-09T22:00:00,Nest_Delta,13.3,21.1,SW,18.3,64.4,0,16.1,go
2025-01-09T23:00:00,Nest_Delta,14.3,17.5,W,17.1,74.1,0,12.1,go
2025-01-10T00:00:00,Nest_Alpha,8.7,16.9,S,18.6,54.2,0,13.9,go
2025-01-10T01:00:00,Nest_Alpha,6.2,9.9,E,17.6,64.5,0,12.6,go
2025-01-10T02:00:00,Nest_Alpha,14.4,19.8,SW,16.3,69.7,0,14.2,go
2025-01-10T03:00:00,Nest_Alpha,9.3,19.1,E,17.6,54.8,0,15.8,go
2025-01-10T04:00:00,Nest_Alpha,8.7,13.6,S,18.4,50.2,0,15.7,go
2025-01-10T05:00:00,Nest_Alpha,3.7,6.4,NE,19.4,60.2,0,14.7,go
2025-01-10T06:00:00,Nest_Alpha,4.9,14.9,W,19.8,62.9,0,14.1,go
2025-01-10T07:00:00,Nest_Alpha,14.1,16.6,SE,21.9,56.2,0,15.6,go
2025-01-10T08:00:00,Nest_Alpha,10.1,17.4,SE,21.2,52.7,0,17.0,go
2025-01-10T09:00:00,Nest_Alpha,11.0,20.4,W,23.0,45.0,0,15.0,go
2025-01-10T10:00:00,Nest_Alpha,13.8,22.5,E,23.1,64.7,0,14.2,go
2025-01-10T11:00:00,Nest_Alpha,13.4,17.1,SW,25.1,55.6,0,14.7,go
2025-01-10T12:00:00,Nest_Alpha,15.5,20.1,S,24.5,52.3,0,14.1,go
2025-01-10T13:00:00,Nest_Alpha,18.2,24.7,SE,25.6,50.7,0,16.3,go
2025-01-10T14:00:00,Nest_Alpha,17.0,21.5,NE,25.9,42.4,0,16.9,go
2025-01-10T15:00:00,Nest_Alpha,17.4,22.9,SE,23.3,57.1,0,15.6,go
2025-01-10T16:00:00,Nest_Alpha,16.2,22.9,NW,23.9,58.4,0,12.7,go
2025-01-10T17:00:00,Nest_Alpha,18.8,22.4,N,23.0,71.7,0,14.2,go
2025-01-10T18:00:00,Nest_Alpha,18.8,21.9,SE,21.5,56.5,0,14.5,go
2025-01-10T19:00:00,Nest_Alpha,18.7,22.0,S,20.7,32.5,0,14.1,go
2025-01-10T20:00:00,Nest_Alpha,15.4,19.2,N,19.6,53.0,0,14.8,go
2025-01-10T21:00:00,Nest_Alpha,15.2,21.5,NE,19.8,62.3,0,15.3,go
2025-01-10T22:00:00,Nest_Alpha,15.5,25.5,S,17.7,30.0,0,16.5,go
2025-01-10T23:00:00,Nest_Alpha,14.9,22.5,NW,17.7,54.2,0,16.1,go
2025-01-10T00:00:00,Nest_Beta,8.4,12.7,S,17.7,47.0,0,15.0,go
2025-01-10T01:00:00,Nest_Beta,9.0,11.1,E,15.3,64.8,0,13.3,go
2025-01-10T02:00:00,Nest_Beta,8.9,14.6,E,16.9,57.2,0,15.8,go
2025-01-10T03:00:00,Nest_Beta,8.2,12.7,S,16.1,48.6,0,14.0,go
2025-01-10T04:00:00,Nest_Beta,6.8,12.3,W,17.8,59.9,0,15.0,go
2025-01-10T05:00:00,Nest_Beta,6.1,12.3,S,19.2,61.2,0,13.8,go
2025-01-10T06:00:00,Nest_Beta,3.3,7.9,NW,19.6,51.5,0,14.2,go
2025-01-10T07:00:00,Nest_Beta,8.1,16.1,NE,20.0,68.0,0,16.8,go
2025-01-10T08:00:00,Nest_Beta,7.7,11.9,SW,22.0,59.9,0,14.4,go
2025-01-10T09:00:00,Nest_Beta,7.1,16.5,NE,24.8,69.3,0,15.4,go
2025-01-10T10:00:00,Nest_Beta,9.5,13.7,S,25.2,52.8,0,16.0,go
2025-01-10T11:00:00,Nest_Beta,15.8,17.9,E,23.6,54.1,0,14.4,go
2025-01-10T12:00:00,Nest_Beta,17.2,25.5,NW,23.6,80.1,0,15.0,go
2025-01-10T13:00:00,Nest_Beta,10.4,18.4,S,24.9,50.1,0,15.0,go
2025-01-10T14:00:00,Nest_Beta,18.4,24.1,N,24.4,49.6,0,15.1,go
2025-01-10T15:00:00,Nest_Beta,15.3,21.5,SE,24.6,70.0,0,16.0,go
2025-01-10T16:00:00,Nest_Beta,17.8,24.7,E,24.4,54.8,0,16.0,go
2025-01-10T17:00:00,Nest_Beta,13.3,21.1,N,22.4,54.6,0,15.8,go
2025-01-10T18:00:00,Nest_Beta,10.3,19.2,E,22.2,66.2,0,15.6,go
2025-01-10T19:00:00,Nest_Beta,13.3,19.1,E,19.8,53.0,0,15.0,go
2025-01-10T20:00:00,Nest_Beta,13.5,17.7,W,20.3,49.8,0,16.3,go
2025-01-10T21:00:00,Nest_Beta,12.4,18.6,W,18.3,67.3,0,15.4,go
2025-01-10T22:00:00,Nest_Beta,12.6,21.3,S,18.8,61.4,0,15.9,go
2025-01-10T23:00:00,Nest_Beta,8.0,15.5,E,16.8,55.6,0,15.6,go
2025-01-10T00:00:00,Nest_Gamma,5.3,13.8,NW,17.9,57.1,0,14.3,go
2025-01-10T01:00:00,Nest_Gamma,7.7,10.0,E,17.0,58.8,0,15.7,go
2025-01-10T02:00:00,Nest_Gamma,6.9,12.2,S,16.8,58.9,0,16.7,go
2025-01-10T03:00:00,Nest_Gamma,5.9,15.3,N,18.5,52.1,0,14.8,go
2025-01-10T04:00:00,Nest_Gamma,4.0,10.8,W,17.6,43.2,0,15.1,go
2025-01-10T05:00:00,Nest_Gamma,4.6,8.8,SW,18.2,59.0,0,16.2,go
2025-01-10T06:00:00,Nest_Gamma,8.9,14.1,SW,19.8,61.2,0,15.9,go
2025-01-10T07:00:00,Nest_Gamma,9.1,17.8,E,21.0,57.9,0,14.8,go
2025-01-10T08:00:00,Nest_Gamma,6.9,11.0,SW,23.2,50.3,0,14.5,go
2025-01-10T09:00:00,Nest_Gamma,5.4,13.5,SW,22.9,51.3,0,15.2,go
2025-01-10T10:00:00,Nest_Gamma,8.1,14.4,SW,24.0,74.9,0,15.2,go
2025-01-10T11:00:00,Nest_Gamma,10.5,15.9,SW,24.3,76.2,0,14.8,go
2025-01-10T12:00:00,Nest_Gamma,11.3,17.0,S,23.9,64.2,0,14.5,go
2025-01-10T13:00:00,Nest_Gamma,13.5,16.6,NW,25.6,50.4,0,13.8,go
2025-01-10T14:00:00,Nest_Gamma,9.8,13.7,NW,24.3,49.8,0,15.3,go
2025-01-10T15:00:00,Nest_Gamma,12.9,22.6,NE,23.6,53.3,0,14.3,go
2025-01-10T16:00:00,Nest_Gamma,11.0,18.9,SW,24.5,51.2,0,14.4,go
2025-01-10T17:00:00,Nest_Gamma,12.6,18.0,NW,22.8,71.0,0,14.3,go
2025-01-10T18:00:00,Nest_Gamma,12.5,17.0,NE,21.3,51.5,0,14.9,go
2025-01-10T19:00:00,Nest_Gamma,14.7,22.4,E,21.7,70.9,0,14.4,go
2025-01-10T20:00:00,Nest_Gamma,12.4,14.9,NW,19.4,62.1,0,16.4,go
2025-01-10T21:00:00,Nest_Gamma,13.3,19.9,W,18.8,64.1,0,16.0,go
2025-01-10T22:00:00,Nest_Gamma,12.2,16.9,SW,19.0,59.3,0,14.7,go
2025-01-10T23:00:00,Nest_Gamma,10.0,13.9,SW,17.2,65.6,0,14.6,go
2025-01-10T00:00:00,Nest_Delta,13.6,19.0,NW,18.2,50.2,0,13.4,go
2025-01-10T01:00:00,Nest_Delta,9.9,17.5,N,17.0,61.7,0,16.8,go
2025-01-10T02:00:00,Nest_Delta,8.0,13.1,E,17.5,48.4,0,15.3,go
2025-01-10T03:00:00,Nest_Delta,4.6,11.1,S,16.8,56.7,0,16.3,go
2025-01-10T04:00:00,Nest_Delta,6.2,10.6,NW,18.0,42.4,0,13.9,go
2025-01-10T05:00:00,Nest_Delta,6.2,15.0,N,19.2,57.6,0,14.8,go
2025-01-10T06:00:00,Nest_Delta,8.3,14.9,NE,19.7,65.0,0,14.6,go
2025-01-10T07:00:00,Nest_Delta,7.4,14.8,N,21.1,50.5,0,16.0,go
2025-01-10T08:00:00,Nest_Delta,9.4,13.0,W,20.8,44.3,0,14.5,go
2025-01-10T09:00:00,Nest_Delta,11.9,21.9,S,22.3,59.5,0,14.8,go
2025-01-10T10:00:00,Nest_Delta,13.0,18.6,N,25.0,66.6,0,16.7,go
2025-01-10T11:00:00,Nest_Delta,9.4,18.4,S,23.9,65.0,0,14.2,go
2025-01-10T12:00:00,Nest_Delta,9.2,13.5,SW,23.9,42.7,0,17.5,go
2025-01-10T13:00:00,Nest_Delta,18.4,21.6,W,25.3,49.6,0,16.2,go
2025-01-10T14:00:00,Nest_Delta,16.7,25.8,S,25.5,52.5,0,14.3,go
2025-01-10T15:00:00,Nest_Delta,16.9,19.7,N,24.6,66.5,0,15.7,go
2025-01-10T16:00:00,Nest_Delta,18.1,23.1,NW,22.9,70.8,0,16.0,go
2025-01-10T17:00:00,Nest_Delta,15.1,18.0,NW,23.3,57.2,0,14.4,go
2025-01-10T18:00:00,Nest_Delta,17.2,23.0,N,22.2,46.2,0,14.7,go
2025-01-10T19:00:00,Nest_Delta,17.0,23.4,NW,21.6,53.6,0,14.2,go
2025-01-10T20:00:00,Nest_Delta,16.0,20.5,SW,19.5,70.7,0,16.0,go
2025-01-10T21:00:00,Nest_Delta,20.0,29.9,E,18.0,54.9,0,13.2,go
2025-01-10T22:00:00,Nest_Delta,7.0,13.2,S,18.4,63.3,0,15.9,go
2025-01-10T23:00:00,Nest_Delta,9.8,11.8,S,15.3,73.9,0,15.0,go
2025-01-11T00:00:00,Nest_Alpha,9.4,17.6,SW,16.9,65.5,0,14.7,go
2025-01-11T01:00:00,Nest_Alpha,12.4,17.9,NW,17.2,46.3,0,15.4,go
2025-01-11T02:00:00,Nest_Alpha,12.7,18.6,SE,18.8,53.4,0,15.1,go
2025-01-11T03:00:00,Nest_Alpha,12.1,14.2,SE,17.0,62.1,0,14.1,go
2025-01-11T04:00:00,Nest_Alpha,4.1,10.0,NW,17.7,46.8,0,16.8,go
2025-01-11T05:00:00,Nest_Alpha,5.1,8.3,N,18.9,46.6,0,16.6,go
2025-01-11T06:00:00,Nest_Alpha,7.2,11.6,SE,18.1,61.0,0,16.8,go
2025-01-11T07:00:00,Nest_Alpha,12.0,18.4,S,22.0,56.6,0,15.0,go
2025-01-11T08:00:00,Nest_Alpha,11.0,15.9,NE,22.0,71.7,0,14.0,go
2025-01-11T09:00:00,Nest_Alpha,9.2,11.7,NE,23.4,71.5,0,14.9,go
2025-01-11T10:00:00,Nest_Alpha,11.0,20.3,E,24.2,71.7,0,15.7,go
2025-01-11T11:00:00,Nest_Alpha,17.1,25.1,E,24.7,52.1,0,15.0,go
2025-01-11T12:00:00,Nest_Alpha,12.9,16.1,NE,25.1,61.7,0,14.1,go
2025-01-11T13:00:00,Nest_Alpha,11.7,16.4,SE,25.9,52.4,0,14.2,go
2025-01-11T14:00:00,Nest_Alpha,16.9,25.4,NW,25.5,41.8,0,16.8,go
2025-01-11T15:00:00,Nest_Alpha,17.2,24.9,NE,24.1,68.8,0,14.4,go
2025-01-11T16:00:00,Nest_Alpha,18.3,27.5,E,23.7,65.0,0,15.5,go
2025-01-11T17:00:00,Nest_Alpha,22.6,25.3,SW,22.8,60.4,0,15.3,go
2025-01-11T18:00:00,Nest_Alpha,20.7,29.3,SE,22.1,67.7,0,16.7,go
2025-01-11T19:00:00,Nest_Alpha,14.7,21.9,W,19.8,61.1,0,14.7,go
2025-01-11T20:00:00,Nest_Alpha,20.9,24.3,SE,19.3,70.1,0,15.2,go
2025-01-11T21:00:00,Nest_Alpha,16.8,23.5,SE,18.2,42.6,0,14.7,go
2025-01-11T22:00:00,Nest_Alpha,13.4,16.4,N,18.4,46.0,0,16.3,go
2025-01-11T23:00:00,Nest_Alpha,14.9,20.4,NE,16.7,51.2,0,14.8,go
2025-01-11T00:00:00,Nest_Beta,12.0,21.6,N,17.4,58.8,0,15.3,go
2025-01-11T01:00:00,Nest_Beta,2.8,6.6,SE,17.7,65.0,0,14.1,go
2025-01-11T02:00:00,Nest_Beta,6.9,15.8,SE,16.4,64.5,0,15.2,go
2025-01-11T03:00:00,Nest_Beta,6.4,11.4,W,17.4,63.7,0,15.4,go
2025-01-11T04:00:00,Nest_Beta,3.9,6.8,SE,18.0,59.1,0,13.7,go
2025-01-11T05:00:00,Nest_Beta,8.3,16.6,S,17.7,50.0,0,13.7,go
2025-01-11T06:00:00,Nest_Beta,9.5,16.2,NW,19.4,62.0,0,15.3,go
2025-01-11T07:00:00,Nest_Beta,2.3,7.6,SE,21.1,64.4,0,13.4,go
2025-01-11T08:00:00,Nest_Beta,7.5,15.4,NE,21.7,41.5,0,14.9,go
2025-01-11T09:00:00,Nest_Beta,7.0,16.2,E,23.8,54.3,0,13.5,go
2025-01-11T10:00:00,Nest_Beta,12.0,19.3,SW,23.0,64.5,0,15.2,go
2025-01-11T11:00:00,Nest_Beta,12.4,15.4,W,25.1,65.7,0,17.3,go
2025-01-11T12:00:00,Nest_Beta,13.5,20.8,N,24.6,61.2,0,14.1,go
2025-01-11T13:00:00,Nest_Beta,14.8,17.6,NE,25.0,53.5,0,14.4,go
2025-01-11T14:00:00,Nest_Beta,14.1,17.8,N,23.6,85.6,0,15.9,go
2025-01-11T15:00:00,Nest_Beta,12.6,17.5,SE,24.6,50.8,0,14.5,go
2025-01-11T16:00:00,Nest_Beta,13.6,16.1,SW,22.9,40.5,0,11.5,go
2025-01-11T17:00:00,Nest_Beta,17.3,22.9,S,22.3,38.1,0,15.3,go
2025-01-11T18:00:00,Nest_Beta,16.0,22.8,SE,23.5,51.7,0,17.0,go
2025-01-11T19:00:00,Nest_Beta,15.8,19.7,NW,22.1,60.5,0,14.8,go
2025-01-11T20:00:00,Nest_Beta,15.7,17.7,W,19.4,57.7,0,14.8,go
2025-01-11T21:00:00,Nest_Beta,9.8,18.3,E,18.1,52.6,0,16.7,go
2025-01-11T22:00:00,Nest_Beta,9.1,11.1,SW,18.1,59.6,0,13.7,go
2025-01-11T23:00:00,Nest_Beta,9.3,16.6,SW,17.8,58.6,0,14.5,go
2025-01-11T00:00:00,Nest_Gamma,12.3,21.9,N,17.1,71.7,0,14.1,go
2025-01-11T01:00:00,Nest_Gamma,8.4,11.6,W,18.5,56.5,0,15.7,go
2025-01-11T02:00:00,Nest_Gamma,10.5,16.1,N,15.7,65.8,0,14.6,go
2025-01-11T03:00:00,Nest_Gamma,5.5,14.3,W,17.4,60.2,0,12.6,go
2025-01-11T04:00:00,Nest_Gamma,3.8,11.2,NE,17.3,58.3,0,14.9,go
2025-01-11T05:00:00,Nest_Gamma,2,6.7,SW,18.4,54.7,0,14.5,go
2025-01-11T06:00:00,Nest_Gamma,2,5.9,W,20.2,58.4,0,15.2,go
2025-01-11T07:00:00,Nest_Gamma,10.9,18.1,SW,21.0,67.3,0,17.5,go
2025-01-11T08:00:00,Nest_Gamma,7.3,12.6,NW,22.6,55.5,0,14.3,go
2025-01-11T09:00:00,Nest_Gamma,8.1,16.7,N,23.8,60.1,0,16.1,go
2025-01-11T10:00:00,Nest_Gamma,7.8,14.9,W,23.6,56.9,0,15.3,go
2025-01-11T11:00:00,Nest_Gamma,5.2,15.1,NE,23.9,48.7,0,15.6,go
2025-01-11T12:00:00,Nest_Gamma,12.1,14.7,SE,25.0,52.6,0,14.4,go
2025-01-11T13:00:00,Nest_Gamma,11.6,15.9,W,25.6,53.3,0,14.7,go
2025-01-11T14:00:00,Nest_Gamma,15.3,23.2,NW,24.0,65.8,0,14.8,go
2025-01-11T15:00:00,Nest_Gamma,17.4,24.9,S,23.7,64.2,0,14.5,go
2025-01-11T16:00:00,Nest_Gamma,16.0,18.2,SE,25.1,59.2,0,15.4,go
2025-01-11T17:00:00,Nest_Gamma,12.0,17.7,NW,24.3,67.9,0,14.4,go
2025-01-11T18:00:00,Nest_Gamma,16.6,24.3,E,22.6,46.7,0,14.5,go
2025-01-11T19:00:00,Nest_Gamma,16.0,18.1,SW,20.7,53.8,0,14.5,go
2025-01-11T20:00:00,Nest_Gamma,14.9,21.8,E,20.3,60.7,0,15.1,go
2025-01-11T21:00:00,Nest_Gamma,10.8,17.2,NE,19.4,47.8,0,15.5,go
2025-01-11T22:00:00,Nest_Gamma,12.2,21.3,E,17.8,58.8,0,13.6,go
2025-01-11T23:00:00,Nest_Gamma,10.1,12.7,S,17.1,82.2,0,13.6,go
2025-01-11T00:00:00,Nest_Delta,11.4,19.9,SE,17.1,48.6,0,15.7,go
2025-01-11T01:00:00,Nest_Delta,11.6,15.4,NE,17.2,64.0,0,16.8,go
2025-01-11T02:00:00,Nest_Delta,5.0,9.1,S,17.6,75.0,0,12.9,go
2025-01-11T03:00:00,Nest_Delta,9.7,15.7,SW,17.4,70.7,0,14.9,go
2025-01-11T04:00:00,Nest_Delta,8.2,13.7,NW,17.6,36.5,0,14.9,go
2025-01-11T05:00:00,Nest_Delta,5.0,13.4,NW,18.8,43.2,0,15.2,go
2025-01-11T06:00:00,Nest_Delta,12.5,18.6,N,19.2,42.5,0,15.3,go
2025-01-11T07:00:00,Nest_Delta,7.5,10.9,NW,21.9,74.9,0,16.2,go
2025-01-11T08:00:00,Nest_Delta,12.8,15.8,SW,21.9,63.7,0,14.4,go
2025-01-11T09:00:00,Nest_Delta,13.4,22.6,SW,21.1,56.5,0,14.2,go
2025-01-11T10:00:00,Nest_Delta,8.1,11.1,S,22.3,56.8,0,13.3,go
2025-01-11T11:00:00,Nest_Delta,10.6,13.5,W,24.3,50.3,0,15.7,go
2025-01-11T12:00:00,Nest_Delta,11.6,16.6,NE,24.4,45.0,0,15.6,go
2025-01-11T13:00:00,Nest_Delta,15.3,20.1,E,24.7,63.0,0,15.5,go
2025-01-11T14:00:00,Nest_Delta,16.6,18.7,W,25.1,63.4,0,15.4,go
2025-01-11T15:00:00,Nest_Delta,15.3,24.1,N,24.2,54.1,0,14.9,go
2025-01-11T16:00:00,Nest_Delta,16.9,23.9,E,22.5,54.9,0,15.9,go
2025-01-11T17:00:00,Nest_Delta,16.9,24.4,NW,23.3,47.8,0,14.0,go
2025-01-11T18:00:00,Nest_Delta,17.3,25.4,SW,21.2,66.8,0,15.3,go
2025-01-11T19:00:00,Nest_Delta,18.2,20.3,N,21.0,61.8,0,16.1,go
2025-01-11T20:00:00,Nest_Delta,15.4,17.5,E,20.5,62.4,0,13.6,go
2025-01-11T21:00:00,Nest_Delta,12.6,15.1,N,19.1,65.6,0,14.1,go
2025-01-11T22:00:00,Nest_Delta,10.9,15.3,SE,17.0,72.0,0,14.8,go
2025-01-11T23:00:00,Nest_Delta,12.7,19.9,SE,18.0,54.7,0,15.2,go
2025-01-12T00:00:00,Nest_Alpha,11.9,19.9,E,15.9,54.3,0,14.2,go
2025-01-12T01:00:00,Nest_Alpha,9.9,15.3,E,16.8,50.9,0,12.9,go
2025-01-12T02:00:00,Nest_Alpha,5.5,7.9,NE,16.8,55.2,0,15.8,go
2025-01-12T03:00:00,Nest_Alpha,10.0,18.8,S,18.1,53.4,0,16.2,go
2025-01-12T04:00:00,Nest_Alpha,6.1,9.4,N,18.7,59.1,0,14.8,go
2025-01-12T05:00:00,Nest_Alpha,5.0,11.8,SE,18.2,62.7,0,13.4,go
2025-01-12T06:00:00,Nest_Alpha,10.1,15.4,S,20.3,58.7,0,14.8,go
2025-01-12T07:00:00,Nest_Alpha,5.2,7.7,NW,20.1,56.7,0,14.4,go
2025-01-12T08:00:00,Nest_Alpha,13.3,17.3,SW,22.9,42.3,0,16.1,go
2025-01-12T09:00:00,Nest_Alpha,8.3,17.9,SE,23.1,64.6,0,17.7,go
2025-01-12T10:00:00,Nest_Alpha,12.6,16.7,E,24.2,51.0,0,15.5,go
2025-01-12T11:00:00,Nest_Alpha,13.3,22.3,W,24.3,62.6,0,15.8,go
2025-01-12T12:00:00,Nest_Alpha,17.7,21.8,S,24.7,59.7,0,14.5,go
2025-01-12T13:00:00,Nest_Alpha,16.5,24.7,E,26.8,45.0,0,15.3,go
2025-01-12T14:00:00,Nest_Alpha,20.0,28.6,SW,25.0,47.2,0,12.4,go
2025-01-12T15:00:00,Nest_Alpha,13.6,20.8,S,24.3,68.0,0,14.3,go
2025-01-12T16:00:00,Nest_Alpha,14.0,22.5,NE,22.8,58.0,0,16.3,go
2025-01-12T17:00:00,Nest_Alpha,20.4,26.8,S,22.7,55.8,0,12.7,go
2025-01-12T18:00:00,Nest_Alpha,19.5,26.1,S,21.4,53.1,0,14.8,go
2025-01-12T19:00:00,Nest_Alpha,17.8,26.5,E,21.1,69.2,0,15.5,go
2025-01-12T20:00:00,Nest_Alpha,18.5,25.4,S,21.4,53.7,0,15.3,go
2025-01-12T21:00:00,Nest_Alpha,19.7,25.2,W,19.4,62.1,0,15.5,go
2025-01-12T22:00:00,Nest_Alpha,13.2,20.5,E,17.2,63.8,0,15.6,go
2025-01-12T23:00:00,Nest_Alpha,14.4,17.6,SE,16.9,65.7,0,16.2,go
2025-01-12T00:00:00,Nest_Beta,10.0,12.4,SE,17.0,40.0,0,16.2,go
2025-01-12T01:00:00,Nest_Beta,13.8,20.1,SW,15.1,50.0,0,14.6,go
2025-01-12T02:00:00,Nest_Beta,6.2,10.2,S,18.0,60.7,0,15.5,go
2025-01-12T03:00:00,Nest_Beta,4.9,14.6,W,16.2,64.6,0,13.7,go
2025-01-12T04:00:00,Nest_Beta,6.6,16.3,N,18.9,51.8,0,14.8,go
2025-01-12T05:00:00,Nest_Beta,9.1,16.3,N,19.1,49.5,0,13.6,go
2025-01-12T06:00:00,Nest_Beta,4.5,14.3,S,19.1,73.7,0,15.6,go
2025-01-12T07:00:00,Nest_Beta,8.1,13.1,NW,20.9,52.6,0,15.4,go
2025-01-12T08:00:00,Nest_Beta,7.3,10.2,NW,20.7,66.0,0,13.1,go
2025-01-12T09:00:00,Nest_Beta,7.4,15.8,W,23.3,50.1,0,13.6,go
2025-01-12T10:00:00,Nest_Beta,14.3,19.8,W,23.5,62.1,0,13.5,go
2025-01-12T11:00:00,Nest_Beta,8.0,13.2,SW,23.8,52.6,0,13.8,go
2025-01-12T12:00:00,Nest_Beta,10.6,15.4,NE,25.5,65.3,0,16.0,go
2025-01-12T13:00:00,Nest_Beta,14.6,19.2,SE,23.9,55.2,0,15.7,go
2025-01-12T14:00:00,Nest_Beta,14.4,24.3,NE,24.6,60.9,0,15.9,go
2025-01-12T15:00:00,Nest_Beta,14.5,23.0,W,24.0,50.5,0,14.8,go
2025-01-12T16:00:00,Nest_Beta,16.3,25.6,NE,24.3,53.5,0,14.6,go
2025-01-12T17:00:00,Nest_Beta,15.2,22.8,SE,23.2,46.2,0,16.4,go
2025-01-12T18:00:00,Nest_Beta,16.2,20.6,S,22.8,71.7,0,16.6,go
2025-01-12T19:00:00,Nest_Beta,12.3,17.7,S,20.7,54.9,0,14.9,go
2025-01-12T20:00:00,Nest_Beta,15.2,24.3,W,19.6,63.7,0,14.8,go
2025-01-12T21:00:00,Nest_Beta,15.5,23.3,E,19.8,54.1,0,15.2,go
2025-01-12T22:00:00,Nest_Beta,12.1,21.1,N,17.5,63.3,0,15.9,go
2025-01-12T23:00:00,Nest_Beta,13.9,17.0,SW,17.9,57.5,0,14.8,go
2025-01-12T00:00:00,Nest_Gamma,9.2,11.6,NE,16.5,68.8,0,15.4,go
2025-01-12T01:00:00,Nest_Gamma,4.3,7.0,SW,17.1,60.1,0,13.7,go
2025-01-12T02:00:00,Nest_Gamma,11.1,17.4,E,16.6,49.7,0,14.5,go
2025-01-12T03:00:00,Nest_Gamma,3.8,12.8,N,17.5,56.0,0,13.6,go
2025-01-12T04:00:00,Nest_Gamma,6.6,12.1,E,17.5,57.8,0,14.7,go
2025-01-12T05:00:00,Nest_Gamma,4.2,9.7,N,18.3,62.5,0,15.0,go
2025-01-12T06:00:00,Nest_Gamma,4.2,8.4,E,20.4,75.4,0,15.0,go
2025-01-12T07:00:00,Nest_Gamma,5.3,13.0,SE,21.4,39.7,0,17.6,go
2025-01-12T08:00:00,Nest_Gamma,7.8,12.7,S,23.0,51.0,0,15.8,go
2025-01-12T09:00:00,Nest_Gamma,8.1,11.1,SE,23.4,61.5,0,13.2,go
2025-01-12T10:00:00,Nest_Gamma,9.2,14.8,N,23.8,69.8,0,14.8,go
2025-01-12T11:00:00,Nest_Gamma,8.9,14.0,E,24.6,86.0,0,14.9,go
2025-01-12T12:00:00,Nest_Gamma,8.7,16.9,SW,24.6,63.0,0,14.2,go
2025-01-12T13:00:00,Nest_Gamma,13.3,19.1,NW,24.6,51.0,0,14.6,go
2025-01-12T14:00:00,Nest_Gamma,10.6,15.0,NE,26.3,55.3,0,15.0,go
2025-01-12T15:00:00,Nest_Gamma,15.2,22.2,S,23.9,64.0,0,14.7,go
2025-01-12T16:00:00,Nest_Gamma,13.7,17.1,E,23.9,69.8,0,14.4,go
2025-01-12T17:00:00,Nest_Gamma,17.5,23.2,N,23.5,58.1,0,16.4,go
2025-01-12T18:00:00,Nest_Gamma,15.6,20.1,NE,20.6,72.0,0,14.7,go
2025-01-12T19:00:00,Nest_Gamma,14.5,19.9,NW,20.0,50.3,0,15.8,go
2025-01-12T20:00:00,Nest_Gamma,16.5,26.4,E,20.3,69.4,0,14.7,go
2025-01-12T21:00:00,Nest_Gamma,12.2,16.5,NE,18.3,74.7,0,14.0,go
2025-01-12T22:00:00,Nest_Gamma,13.3,21.9,SE,18.6,68.8,0,13.2,go
2025-01-12T23:00:00,Nest_Gamma,11.6,20.4,NE,16.5,71.3,0,13.9,go
2025-01-12T00:00:00,Nest_Delta,8.7,16.3,E,16.7,54.2,0,15.5,go
2025-01-12T01:00:00,Nest_Delta,8.6,12.0,NE,16.6,57.0,0,14.4,go
2025-01-12T02:00:00,Nest_Delta,9.1,14.0,SW,17.0,42.9,0,16.2,go
2025-01-12T03:00:00,Nest_Delta,4.3,6.4,W,17.4,61.9,0,15.2,go
2025-01-12T04:00:00,Nest_Delta,8.4,18.2,SW,17.2,51.0,0,14.3,go
2025-01-12T05:00:00,Nest_Delta,9.0,15.5,E,19.2,35.3,0,14.3,go
2025-01-12T06:00:00,Nest_Delta,9.4,12.5,N,21.3,52.3,0,15.0,go
2025-01-12T07:00:00,Nest_Delta,5.9,11.6,SW,21.6,69.5,0,16.1,go
2025-01-12T08:00:00,Nest_Delta,10.4,17.6,N,22.1,50.7,0,15.0,go
2025-01-12T09:00:00,Nest_Delta,5.7,8.8,S,23.1,56.6,0,14.1,go
2025-01-12T10:00:00,Nest_Delta,7.8,11.8,NW,22.5,59.7,0,14.4,go
2025-01-12T11:00:00,Nest_Delta,12.4,15.4,S,24.5,60.3,0,13.9,go
2025-01-12T12:00:00,Nest_Delta,12.5,15.6,W,26.1,41.9,0,14.9,go
2025-01-12T13:00:00,Nest_Delta,17.3,22.3,SW,26.0,60.4,0,15.8,go
2025-01-12T14:00:00,Nest_Delta,18.8,23.9,W,24.6,78.5,0,13.1,go
2025-01-12T15:00:00,Nest_Delta,17.8,20.7,NE,24.8,56.0,0,15.2,go
2025-01-12T16:00:00,Nest_Delta,11.7,18.1,N,23.7,63.9,0,13.7,go
2025-01-12T17:00:00,Nest_Delta,13.8,20.4,SE,22.6,55.4,0,11.7,go
2025-01-12T18:00:00,Nest_Delta,15.3,24.3,NW,22.5,68.0,0,15.1,go
2025-01-12T19:00:00,Nest_Delta,13.7,16.1,S,21.1,61.8,0,12.8,go
2025-01-12T20:00:00,Nest_Delta,19.5,29.2,NE,19.3,55.6,0,15.4,go
2025-01-12T21:00:00,Nest_Delta,15.1,22.3,NE,18.6,55.7,0,14.4,go
2025-01-12T22:00:00,Nest_Delta,13.7,21.2,SE,18.6,62.8,0,12.9,go
2025-01-12T23:00:00,Nest_Delta,13.9,16.5,SE,16.7,48.9,0,14.5,go
2025-01-13T00:00:00,Nest_Alpha,15.8,19.7,N,17.0,54.2,0,13.6,go
2025-01-13T01:00:00,Nest_Alpha,11.8,18.7,S,17.7,50.8,0,15.8,go
2025-01-13T02:00:00,Nest_Alpha,8.8,12.5,SW,17.2,57.2,0,14.7,go
2025-01-13T03:00:00,Nest_Alpha,10.9,15.3,W,17.1,64.0,0,15.1,go
2025-01-13T04:00:00,Nest_Alpha,7.9,16.0,SE,17.8,65.2,0,16.6,go
2025-01-13T05:00:00,Nest_Alpha,8.8,12.6,SW,18.9,65.5,0,15.7,go
2025-01-13T06:00:00,Nest_Alpha,3.5,8.9,W,20.3,60.7,0,14.3,go
2025-01-13T07:00:00,Nest_Alpha,6.6,8.9,S,21.6,47.5,0,13.4,go
2025-01-13T08:00:00,Nest_Alpha,9.1,15.6,N,21.2,66.0,0,14.6,go
2025-01-13T09:00:00,Nest_Alpha,9.2,17.2,SW,22.1,58.5,0,16.0,go
2025-01-13T10:00:00,Nest_Alpha,9.3,11.3,SW,23.5,61.5,0,14.9,go
2025-01-13T11:00:00,Nest_Alpha,13.2,22.6,SW,25.1,56.3,0,14.1,go
2025-01-13T12:00:00,Nest_Alpha,12.3,20.7,S,24.1,69.2,0,14.1,go
2025-01-13T13:00:00,Nest_Alpha,16.0,25.6,SE,24.9,48.9,0,14.8,go
2025-01-13T14:00:00,Nest_Alpha,18.2,24.9,SE,25.5,63.1,0,15.1,go
2025-01-13T15:00:00,Nest_Alpha,11.8,16.8,SW,26.2,50.9,0,15.3,go
2025-01-13T16:00:00,Nest_Alpha,16.0,19.4,SW,25.1,50.7,0,16.4,go
2025-01-13T17:00:00,Nest_Alpha,19.8,22.0,SE,23.3,46.1,0,14.7,go
2025-01-13T18:00:00,Nest_Alpha,18.0,22.4,N,22.8,51.9,0,14.4,go
2025-01-13T19:00:00,Nest_Alpha,22.6,28.4,N,20.5,51.1,0,16.8,go
2025-01-13T20:00:00,Nest_Alpha,19.7,25.3,NE,20.4,68.9,0,15.6,go
2025-01-13T21:00:00,Nest_Alpha,15.4,25.1,E,18.4,56.9,0,14.8,go
2025-01-13T22:00:00,Nest_Alpha,16.2,24.2,SE,18.7,71.5,0,16.2,go
2025-01-13T23:00:00,Nest_Alpha,9.0,14.8,S,18.1,59.0,0,15.5,go
2025-01-13T00:00:00,Nest_Beta,11.3,16.4,E,17.2,46.2,0,13.8,go
2025-01-13T01:00:00,Nest_Beta,8.5,13.3,SE,16.7,52.3,0,14.9,go
2025-01-13T02:00:00,Nest_Beta,6.2,12.0,S,17.4,68.0,0,15.4,go
2025-01-13T03:00:00,Nest_Beta,4.9,7.7,NE,17.2,59.3,0,14.4,go
2025-01-13T04:00:00,Nest_Beta,8.1,15.9,SE,17.4,51.2,0,13.1,go
2025-01-13T05:00:00,Nest_Beta,7.8,16.5,E,18.4,66.0,0,15.2,go
2025-01-13T06:00:00,Nest_Beta,4.8,9.5,E,20.5,73.2,0,13.7,go
2025-01-13T07:00:00,Nest_Beta,2,6.4,E,20.6,46.2,0,14.1,go
2025-01-13T08:00:00,Nest_Beta,9.4,11.5,NW,22.2,69.3,0,16.0,go
2025-01-13T09:00:00,Nest_Beta,7.3,11.1,W,23.5,56.4,0,15.4,go
2025-01-13T10:00:00,Nest_Beta,7.6,10.8,SE,23.8,43.2,0,14.7,go
2025-01-13T11:00:00,Nest_Beta,13.3,15.5,W,25.2,43.0,0,17.1,go
2025-01-13T12:00:00,Nest_Beta,12.7,18.2,NE,24.7,62.8,0,14.8,go
2025-01-13T13:00:00,Nest_Beta,13.6,18.0,W,24.8,60.1,0,16.4,go
2025-01-13T14:00:00,Nest_Beta,12.8,18.5,NW,25.4,69.5,0,12.6,go
2025-01-13T15:00:00,Nest_Beta,17.3,19.4,SW,25.3,65.4,0,16.7,go
2025-01-13T16:00:00,Nest_Beta,15.4,25.1,W,23.6,50.3,0,13.6,go
2025-01-13T17:00:00,Nest_Beta,15.4,19.0,SW,22.3,70.6,0,16.7,go
2025-01-13T18:00:00,Nest_Beta,22.0,31.0,NE,22.6,49.7,0,13.9,go
2025-01-13T19:00:00,Nest_Beta,17.7,22.6,SE,21.1,51.8,0,13.5,go
2025-01-13T20:00:00,Nest_Beta,10.8,15.9,W,20.5,64.4,0,15.3,go
2025-01-13T21:00:00,Nest_Beta,14.2,22.6,SW,19.0,66.3,0,13.5,go
2025-01-13T22:00:00,Nest_Beta,10.2,14.5,SW,18.9,66.2,0,15.6,go
2025-01-13T23:00:00,Nest_Beta,10.6,15.3,S,17.6,47.9,0,15.1,go
2025-01-13T00:00:00,Nest_Gamma,9.3,12.7,NW,17.3,55.5,0,14.2,go
2025-01-13T01:00:00,Nest_Gamma,9.9,19.9,E,15.4,50.0,0,16.6,go
2025-01-13T02:00:00,Nest_Gamma,9.1,18.7,E,17.0,54.9,0,15.4,go
2025-01-13T03:00:00,Nest_Gamma,7.2,10.1,NE,16.8,50.2,0,14.6,go
2025-01-13T04:00:00,Nest_Gamma,3.3,5.8,E,19.4,55.4,0,14.4,go
2025-01-13T05:00:00,Nest_Gamma,5.9,9.5,NE,18.1,55.7,0,14.3,go
2025-01-13T06:00:00,Nest_Gamma,3.8,8.1,E,20.2,59.4,0,15.1,go
2025-01-13T07:00:00,Nest_Gamma,6.6,15.4,NE,22.0,54.4,0,16.0,go
2025-01-13T08:00:00,Nest_Gamma,5.7,12.2,W,21.3,58.6,0,15.2,go
2025-01-13T09:00:00,Nest_Gamma,6.7,11.9,NE,22.4,61.3,0,15.5,go
2025-01-13T10:00:00,Nest_Gamma,8.7,17.3,NE,24.6,60.5,0,15.5,go
2025-01-13T11:00:00,Nest_Gamma,10.2,13.7,SE,25.5,54.6,0,14.3,go
2025-01-13T12:00:00,Nest_Gamma,12.9,21.5,S,24.3,48.6,0,14.6,go
2025-01-13T13:00:00,Nest_Gamma,13.5,18.9,W,25.1,49.2,0,14.6,go
2025-01-13T14:00:00,Nest_Gamma,9.5,15.5,SW,24.9,49.2,0,14.7,go
2025-01-13T15:00:00,Nest_Gamma,8.4,13.8,W,25.5,54.0,0,15.4,go
2025-01-13T16:00:00,Nest_Gamma,14.9,24.5,NE,22.6,64.6,0,15.9,go
2025-01-13T17:00:00,Nest_Gamma,16.2,24.8,S,23.6,60.5,0,14.6,go
2025-01-13T18:00:00,Nest_Gamma,16.4,20.5,N,21.9,57.6,0,15.7,go
2025-01-13T19:00:00,Nest_Gamma,12.5,15.3,NW,22.3,65.3,0,14.9,go
2025-01-13T20:00:00,Nest_Gamma,16.5,19.3,NE,19.2,61.4,0,13.0,go
2025-01-13T21:00:00,Nest_Gamma,9.9,15.4,NE,18.1,63.3,0,16.7,go
2025-01-13T22:00:00,Nest_Gamma,10.1,16.8,W,18.5,47.6,0,15.8,go
2025-01-13T23:00:00,Nest_Gamma,10.8,20.7,NE,17.2,64.5,0,16.7,go
2025-01-13T00:00:00,Nest_Delta,13.3,18.2,W,16.9,62.8,0,13.9,go
2025-01-13T01:00:00,Nest_Delta,11.5,17.5,NE,16.9,61.5,0,14.2,go
2025-01-13T02:00:00,Nest_Delta,7.5,13.3,NE,17.8,43.0,0,14.4,go
2025-01-13T03:00:00,Nest_Delta,11.1,16.2,SW,16.9,57.5,0,14.6,go
2025-01-13T04:00:00,Nest_Delta,9.6,12.7,E,18.7,54.4,0,14.3,go
2025-01-13T05:00:00,Nest_Delta,3.3,9.1,NE,18.2,58.7,0,15.3,go
2025-01-13T06:00:00,Nest_Delta,5.8,15.1,N,19.5,47.5,0,14.5,go
2025-01-13T07:00:00,Nest_Delta,7.9,16.5,E,19.7,59.4,0,14.2,go
2025-01-13T08:00:00,Nest_Delta,5.6,7.6,S,22.3,33.2,0,15.8,go
2025-01-13T09:00:00,Nest_Delta,11.2,20.1,N,22.9,72.9,0,15.4,go
2025-01-13T10:00:00,Nest_Delta,8.4,17.5,N,23.3,51.2,0,15.3,go
2025-01-13T11:00:00,Nest_Delta,15.0,24.6,E,23.5,55.8,0,16.5,go
2025-01-13T12:00:00,Nest_Delta,14.6,17.7,SW,24.7,60.6,0,13.4,go
2025-01-13T13:00:00,Nest_Delta,12.4,15.7,S,26.2,62.0,0,13.6,go
2025-01-13T14:00:00,Nest_Delta,13.7,19.4,N,24.6,60.0,0,15.3,go
2025-01-13T15:00:00,Nest_Delta,17.2,22.7,SE,24.4,66.9,0,15.7,go
2025-01-13T16:00:00,Nest_Delta,15.1,21.8,W,23.2,59.5,0,14.3,go
2025-01-13T17:00:00,Nest_Delta,17.6,26.1,S,23.2,50.6,0,15.5,go
2025-01-13T18:00:00,Nest_Delta,12.2,16.3,SE,20.9,62.5,0,15.2,go
2025-01-13T19:00:00,Nest_Delta,14.8,23.6,N,20.8,46.7,0,14.5,go
2025-01-13T20:00:00,Nest_Delta,15.1,19.8,W,20.0,62.7,0,13.9,go
2025-01-13T21:00:00,Nest_Delta,14.0,16.9,NW,18.5,62.9,0,13.4,go
2025-01-13T22:00:00,Nest_Delta,7.2,13.5,E,18.1,52.9,0,15.2,go
2025-01-13T23:00:00,Nest_Delta,8.1,15.3,NW,17.6,45.1,0,14.3,go
2025-01-14T00:00:00,Nest_Alpha,13.8,20.7,W,16.2,56.1,0,14.5,go
2025-01-14T01:00:00,Nest_Alpha,13.9,21.9,W,16.1,50.7,0,15.9,go
2025-01-14T02:00:00,Nest_Alpha,9.0,15.6,NE,17.6,52.5,0,16.2,go
2025-01-14T03:00:00,Nest_Alpha,11.0,17.4,W,17.1,59.3,0,14.3,go
2025-01-14T04:00:00,Nest_Alpha,7.1,16.0,SW,17.8,62.1,0,15.0,go
2025-01-14T05:00:00,Nest_Alpha,6.7,15.6,NE,19.6,53.0,0,14.0,go
2025-01-14T06:00:00,Nest_Alpha,7.2,16.7,S,19.3,62.9,0,16.2,go
2025-01-14T07:00:00,Nest_Alpha,8.0,11.3,NW,20.1,37.4,0,14.3,go
2025-01-14T08:00:00,Nest_Alpha,10.3,18.6,S,23.7,53.9,0,17.2,go
2025-01-14T09:00:00,Nest_Alpha,10.5,14.2,N,22.3,58.8,0,15.7,go
2025-01-14T10:00:00,Nest_Alpha,11.3,20.7,W,23.6,55.8,0,16.1,go
2025-01-14T11:00:00,Nest_Alpha,8.3,10.8,SW,25.9,47.5,0,16.0,go
2025-01-14T12:00:00,Nest_Alpha,13.1,17.2,SW,24.9,62.9,0,15.0,go
2025-01-14T13:00:00,Nest_Alpha,18.0,24.8,NW,25.1,35.8,0,13.9,go
2025-01-14T14:00:00,Nest_Alpha,14.2,22.0,N,25.3,48.9,0,14.0,go
2025-01-14T15:00:00,Nest_Alpha,18.6,27.7,S,24.4,55.6,0,15.7,go
2025-01-14T16:00:00,Nest_Alpha,14.2,16.8,E,22.5,64.6,0,15.1,go
2025-01-14T17:00:00,Nest_Alpha,20.2,28.6,SW,22.3,63.8,0,14.8,go
2025-01-14T18:00:00,Nest_Alpha,19.5,26.7,S,22.8,39.1,0,14.3,go
2025-01-14T19:00:00,Nest_Alpha,16.8,20.1,NW,20.9,68.5,0,15.4,go
2025-01-14T20:00:00,Nest_Alpha,19.5,22.9,S,20.3,53.4,0,15.9,go
2025-01-14T21:00:00,Nest_Alpha,19.4,26.4,N,18.6,51.7,0,15.3,go
2025-01-14T22:00:00,Nest_Alpha,14.6,18.2,E,19.5,50.4,0,15.7,go
2025-01-14T23:00:00,Nest_Alpha,14.0,22.8,N,16.7,48.4,0,15.7,go
2025-01-14T00:00:00,Nest_Beta,9.9,14.2,SW,17.4,70.4,0,14.9,go
2025-01-14T01:00:00,Nest_Beta,10.1,16.6,S,17.8,64.4,0,14.6,go
2025-01-14T02:00:00,Nest_Beta,4.7,11.7,N,18.2,78.9,0,16.0,go
2025-01-14T03:00:00,Nest_Beta,7.4,10.7,S,18.0,47.6,0,13.4,go
2025-01-14T04:00:00,Nest_Beta,5.7,13.3,N,18.9,59.5,0,16.4,go
2025-01-14T05:00:00,Nest_Beta,8.5,11.2,E,18.7,57.9,0,14.7,go
2025-01-14T06:00:00,Nest_Beta,5.8,13.5,N,18.9,41.4,0,13.9,go
2025-01-14T07:00:00,Nest_Beta,6.4,16.3,SW,20.2,59.3,0,14.8,go
2025-01-14T08:00:00,Nest_Beta,6.4,12.1,N,22.1,51.2,0,17.6,go
2025-01-14T09:00:00,Nest_Beta,3.5,10.3,SW,23.5,57.8,0,14.6,go
2025-01-14T10:00:00,Nest_Beta,8.2,13.5,W,23.2,69.8,0,15.7,go
2025-01-14T11:00:00,Nest_Beta,10.5,13.7,SW,24.9,45.4,0,14.3,go
2025-01-14T12:00:00,Nest_Beta,12.7,22.1,W,25.6,68.7,0,15.0,go
2025-01-14T13:00:00,Nest_Beta,15.3,19.3,N,25.0,61.1,0,13.8,go
2025-01-14T14:00:00,Nest_Beta,22.1,31.9,NW,25.4,61.1,0,14.6,go
2025-01-14T15:00:00,Nest_Beta,15.1,23.5,E,23.1,56.5,0,14.5,go
2025-01-14T16:00:00,Nest_Beta,14.1,17.9,E,24.3,68.0,0,13.6,go
2025-01-14T17:00:00,Nest_Beta,18.5,22.2,N,21.7,41.4,0,14.1,go
2025-01-14T18:00:00,Nest_Beta,16.8,19.8,SE,22.9,52.1,0,14.6,go
2025-01-14T19:00:00,Nest_Beta,16.4,21.2,E,22.1,61.4,0,17.4,go
2025-01-14T20:00:00,Nest_Beta,17.0,20.4,N,18.9,51.4,0,14.4,go
2025-01-14T21:00:00,Nest_Beta,9.2,11.4,S,18.8,66.8,0,15.7,go
2025-01-14T22:00:00,Nest_Beta,11.5,18.1,NE,17.9,47.3,0,14.3,go
2025-01-14T23:00:00,Nest_Beta,17.0,24.5,N,17.8,72.7,0,14.9,go
2025-01-14T00:00:00,Nest_Gamma,8.1,13.4,W,18.1,55.5,0,13.3,go
2025-01-14T01:00:00,Nest_Gamma,2,9.1,NW,17.8,47.2,0,16.4,go
2025-01-14T02:00:00,Nest_Gamma,4.1,12.8,N,17.4,59.9,0,15.0,go
2025-01-14T03:00:00,Nest_Gamma,5.1,13.5,W,17.9,65.6,0,12.9,go
2025-01-14T04:00:00,Nest_Gamma,5.0,9.2,NW,17.5,62.9,0,17.3,go
2025-01-14T05:00:00,Nest_Gamma,6.1,8.6,W,19.5,84.1,0,14.6,go
2025-01-14T06:00:00,Nest_Gamma,6.3,13.0,N,20.1,55.7,0,15.0,go
2025-01-14T07:00:00,Nest_Gamma,2,8.1,E,21.0,56.9,0,15.3,go
2025-01-14T08:00:00,Nest_Gamma,5.6,14.6,NE,22.5,74.4,0,13.8,go
2025-01-14T09:00:00,Nest_Gamma,6.2,13.3,NW,22.4,48.7,0,15.8,go
2025-01-14T10:00:00,Nest_Gamma,7.2,13.9,NE,23.7,51.2,0,16.7,go
2025-01-14T11:00:00,Nest_Gamma,8.1,14.0,SW,24.1,39.1,0,14.5,go
2025-01-14T12:00:00,Nest_Gamma,11.3,18.3,N,24.9,72.4,0,16.2,go
2025-01-14T13:00:00,Nest_Gamma,14.6,18.6,NW,25.0,47.9,0,15.8,go
2025-01-14T14:00:00,Nest_Gamma,11.5,19.0,N,25.4,42.9,0,14.3,go
2025-01-14T15:00:00,Nest_Gamma,14.4,16.5,E,23.3,46.7,0,14.4,go
2025-01-14T16:00:00,Nest_Gamma,14.3,23.0,E,24.6,49.5,0,14.4,go
2025-01-14T17:00:00,Nest_Gamma,14.3,23.0,NE,23.0,39.8,0,14.0,go
2025-01-14T18:00:00,Nest_Gamma,15.3,24.4,E,21.7,70.0,0,15.1,go
2025-01-14T19:00:00,Nest_Gamma,9.3,15.8,NW,20.9,64.4,0,15.0,go
2025-01-14T20:00:00,Nest_Gamma,14.7,20.0,NE,21.2,61.4,0,15.3,go
2025-01-14T21:00:00,Nest_Gamma,12.3,22.1,S,19.4,49.1,0,15.8,go
2025-01-14T22:00:00,Nest_Gamma,11.6,18.3,NE,18.3,54.2,0,15.3,go
2025-01-14T23:00:00,Nest_Gamma,7.9,10.6,E,18.6,53.5,0,14.7,go
2025-01-14T00:00:00,Nest_Delta,7.3,15.5,N,17.2,70.8,0,15.2,go
2025-01-14T01:00:00,Nest_Delta,5.9,11.0,SW,17.9,56.4,0,17.3,go
2025-01-14T02:00:00,Nest_Delta,6.6,11.4,NE,17.4,60.5,0,14.2,go
2025-01-14T03:00:00,Nest_Delta,6.2,11.7,W,16.6,62.4,0,16.2,go
2025-01-14T04:00:00,Nest_Delta,7.9,15.8,SW,18.6,57.9,0,13.5,go
2025-01-14T05:00:00,Nest_Delta,4.6,9.1,N,18.9,54.3,0,15.6,go
2025-01-14T06:00:00,Nest_Delta,7.0,10.2,W,19.4,69.8,0,14.9,go
2025-01-14T07:00:00,Nest_Delta,3.6,7.6,E,20.2,45.8,0,15.1,go
2025-01-14T08:00:00,Nest_Delta,11.0,14.7,SE,22.2,35.1,0,12.6,go
2025-01-14T09:00:00,Nest_Delta,12.9,17.9,N,23.9,65.0,0,13.6,go
2025-01-14T10:00:00,Nest_Delta,11.4,13.5,NW,24.8,50.4,0,15.8,go
2025-01-14T11:00:00,Nest_Delta,10.4,19.7,SW,24.7,40.6,0,15.3,go
2025-01-14T12:00:00,Nest_Delta,15.0,22.3,NW,25.6,52.3,0,15.1,go
2025-01-14T13:00:00,Nest_Delta,15.3,18.2,W,25.0,57.8,0,16.6,go
2025-01-14T14:00:00,Nest_Delta,17.7,25.3,NW,23.6,54.4,0,15.9,go
2025-01-14T15:00:00,Nest_Delta,14.0,16.4,W,24.2,58.3,0,15.8,go
2025-01-14T16:00:00,Nest_Delta,13.8,19.2,NE,23.6,52.3,0,13.8,go
2025-01-14T17:00:00,Nest_Delta,17.5,22.9,W,22.2,34.2,0,15.3,go
2025-01-14T18:00:00,Nest_Delta,18.6,22.8,W,22.2,57.3,0,14.8,go
2025-01-14T19:00:00,Nest_Delta,19.1,28.3,SW,21.4,43.6,0,15.4,go
2025-01-14T20:00:00,Nest_Delta,18.1,27.5,N,19.4,55.9,0,12.0,go
2025-01-14T21:00:00,Nest_Delta,11.9,14.7,S,19.5,63.6,0,15.1,go
2025-01-14T22:00:00,Nest_Delta,14.2,17.3,NW,17.6,58.4,0,14.6,go
2025-01-14T23:00:00,Nest_Delta,10.6,19.1,S,17.5,60.1,0,14.3,go
2025-01-15T00:00:00,Nest_Alpha,15.2,19.2,W,18.5,66.0,0,14.7,go
2025-01-15T01:00:00,Nest_Alpha,11.2,16.9,N,17.0,65.2,0,13.3,go
2025-01-15T02:00:00,Nest_Alpha,9.5,12.1,SW,16.6,62.1,0,16.0,go
2025-01-15T03:00:00,Nest_Alpha,9.6,11.8,NE,18.0,44.6,0,14.0,go
2025-01-15T04:00:00,Nest_Alpha,6.4,10.0,NE,18.3,70.8,0,14.5,go
2025-01-15T05:00:00,Nest_Alpha,11.3,16.7,N,19.3,64.6,0,15.0,go
2025-01-15T06:00:00,Nest_Alpha,6.4,14.5,N,20.9,49.2,0,15.2,go
2025-01-15T07:00:00,Nest_Alpha,6.4,15.1,W,20.9,53.8,0,13.8,go
2025-01-15T08:00:00,Nest_Alpha,10.7,13.8,NE,22.3,57.8,0,14.9,go
2025-01-15T09:00:00,Nest_Alpha,9.9,16.3,NE,23.5,51.5,0,15.2,go
2025-01-15T10:00:00,Nest_Alpha,12.5,17.7,N,23.8,46.3,0,15.3,go
2025-01-15T11:00:00,Nest_Alpha,11.6,18.2,NE,22.2,52.9,0,14.6,go
2025-01-15T12:00:00,Nest_Alpha,17.1,25.7,W,24.8,65.2,0,13.7,go
2025-01-15T13:00:00,Nest_Alpha,13.3,16.5,E,25.9,60.8,0,15.8,go
2025-01-15T14:00:00,Nest_Alpha,19.0,21.8,N,25.1,49.0,0,14.3,go
2025-01-15T15:00:00,Nest_Alpha,20.5,30.4,N,23.5,72.4,0,14.0,go
2025-01-15T16:00:00,Nest_Alpha,21.3,29.3,N,24.2,54.1,0,14.7,go
2025-01-15T17:00:00,Nest_Alpha,17.1,26.7,NE,22.8,54.2,0,15.9,go
2025-01-15T18:00:00,Nest_Alpha,14.5,19.0,N,22.0,59.2,0,14.7,go
2025-01-15T19:00:00,Nest_Alpha,18.0,27.5,SW,21.1,51.5,0,14.0,go
2025-01-15T20:00:00,Nest_Alpha,14.9,24.2,NW,20.8,58.6,0,15.6,go
2025-01-15T21:00:00,Nest_Alpha,16.7,21.1,E,18.8,47.6,0,16.6,go
2025-01-15T22:00:00,Nest_Alpha,16.6,22.1,SE,17.1,56.4,0,16.5,go
2025-01-15T23:00:00,Nest_Alpha,12.7,18.0,W,18.6,53.0,0,15.9,go
2025-01-15T00:00:00,Nest_Beta,7.3,13.9,W,17.7,66.3,0,14.5,go
2025-01-15T01:00:00,Nest_Beta,7.6,13.5,NW,16.4,44.6,0,14.4,go
2025-01-15T02:00:00,Nest_Beta,7.0,12.6,S,17.1,54.0,0,16.0,go
2025-01-15T03:00:00,Nest_Beta,6.1,8.6,NW,17.3,42.8,0,15.3,go
2025-01-15T04:00:00,Nest_Beta,7.8,17.1,SW,17.7,44.6,0,15.2,go
2025-01-15T05:00:00,Nest_Beta,3.3,9.5,N,19.9,69.2,0,15.2,go
2025-01-15T06:00:00,Nest_Beta,6.2,11.5,NW,20.5,62.8,0,15.3,go
2025-01-15T07:00:00,Nest_Beta,6.1,13.5,S,21.7,59.5,0,13.0,go
2025-01-15T08:00:00,Nest_Beta,5.7,9.1,N,22.5,47.4,0,15.1,go
2025-01-15T09:00:00,Nest_Beta,7.5,13.8,SW,21.7,52.1,0,15.9,go
2025-01-15T10:00:00,Nest_Beta,6.4,16.3,NE,23.5,66.6,0,14.5,go
2025-01-15T11:00:00,Nest_Beta,13.2,16.7,NW,24.4,59.0,0,16.9,go
2025-01-15T12:00:00,Nest_Beta,16.5,20.1,NE,24.5,60.4,0,13.8,go
2025-01-15T13:00:00,Nest_Beta,15.5,21.8,SE,26.1,49.5,0,15.4,go
2025-01-15T14:00:00,Nest_Beta,14.6,18.8,S,24.8,47.5,0,14.9,go
2025-01-15T15:00:00,Nest_Beta,11.8,15.6,NW,23.3,68.2,0,15.0,go
2025-01-15T16:00:00,Nest_Beta,11.9,15.7,SE,24.1,54.0,0,15.1,go
2025-01-15T17:00:00,Nest_Beta,15.2,24.0,N,24.0,63.0,0,14.5,go
2025-01-15T18:00:00,Nest_Beta,16.0,22.5,N,22.0,69.2,0,14.3,go
2025-01-15T19:00:00,Nest_Beta,17.9,24.3,SE,22.2,48.3,0,14.2,go
2025-01-15T20:00:00,Nest_Beta,14.2,22.9,NW,19.7,55.0,0,15.6,go
2025-01-15T21:00:00,Nest_Beta,13.8,17.5,N,18.7,49.5,0,15.6,go
2025-01-15T22:00:00,Nest_Beta,9.7,17.4,SE,17.3,62.4,0,15.6,go
2025-01-15T23:00:00,Nest_Beta,10.6,14.1,E,17.2,73.8,0,14.7,go
2025-01-15T00:00:00,Nest_Gamma,4.7,11.9,SE,18.2,54.8,0,16.5,go
2025-01-15T01:00:00,Nest_Gamma,6.0,11.8,NE,17.6,50.6,0,14.3,go
2025-01-15T02:00:00,Nest_Gamma,5.2,7.3,N,16.3,51.2,0,14.2,go
2025-01-15T03:00:00,Nest_Gamma,5.8,11.1,NW,17.5,60.4,0,15.8,go
2025-01-15T04:00:00,Nest_Gamma,6.5,9.3,SE,17.5,58.2,0,14.9,go
2025-01-15T05:00:00,Nest_Gamma,5.3,11.8,NE,19.3,42.7,0,15.8,go
2025-01-15T06:00:00,Nest_Gamma,7.0,10.8,NW,19.9,65.8,0,14.7,go
2025-01-15T07:00:00,Nest_Gamma,6.6,11.8,E,22.2,47.1,0,16.7,go
2025-01-15T08:00:00,Nest_Gamma,7.3,12.8,NW,22.2,65.9,0,14.4,go
2025-01-15T09:00:00,Nest_Gamma,10.4,15.0,E,22.4,62.9,0,15.0,go
2025-01-15T10:00:00,Nest_Gamma,13.4,15.6,NW,23.1,72.0,0,15.9,go
2025-01-15T11:00:00,Nest_Gamma,10.1,14.8,N,24.4,51.7,0,14.6,go
2025-01-15T12:00:00,Nest_Gamma,8.9,13.2,NW,24.8,33.4,0,16.3,go
2025-01-15T13:00:00,Nest_Gamma,13.4,17.2,NW,25.6,60.8,0,14.4,go
2025-01-15T14:00:00,Nest_Gamma,15.6,21.4,NW,25.3,52.7,0,12.2,go
2025-01-15T15:00:00,Nest_Gamma,11.6,19.8,N,25.4,78.6,0,14.1,go
2025-01-15T16:00:00,Nest_Gamma,15.5,17.8,SW,24.5,46.6,0,15.3,go
2025-01-15T17:00:00,Nest_Gamma,11.2,18.3,E,22.2,80.6,0,15.0,go
2025-01-15T18:00:00,Nest_Gamma,10.2,13.5,N,21.8,45.9,0,15.2,go
2025-01-15T19:00:00,Nest_Gamma,15.5,25.2,NW,21.1,61.7,0,15.9,go
2025-01-15T20:00:00,Nest_Gamma,11.2,19.2,S,19.2,61.5,0,13.8,go
2025-01-15T21:00:00,Nest_Gamma,11.0,16.8,S,18.8,62.5,0,13.6,go
2025-01-15T22:00:00,Nest_Gamma,14.4,16.7,NW,18.5,55.6,0,13.8,go
2025-01-15T23:00:00,Nest_Gamma,9.1,12.7,E,17.0,68.0,0,14.1,go
2025-01-15T00:00:00,Nest_Delta,6.8,9.6,N,16.3,59.9,0,14.1,go
2025-01-15T01:00:00,Nest_Delta,7.5,13.8,S,16.5,55.3,0,15.8,go
2025-01-15T02:00:00,Nest_Delta,9.9,13.6,NE,17.5,62.1,0,14.4,go
2025-01-15T03:00:00,Nest_Delta,5.3,7.5,E,18.1,56.8,0,15.9,go
2025-01-15T04:00:00,Nest_Delta,7.6,13.9,N,18.1,54.9,0,14.2,go
2025-01-15T05:00:00,Nest_Delta,6.5,9.6,S,18.7,58.6,0,14.9,go
2025-01-15T06:00:00,Nest_Delta,8.4,11.7,SW,20.0,53.1,0,15.2,go
2025-01-15T07:00:00,Nest_Delta,4.6,12.0,W,19.5,57.0,0,14.5,go
2025-01-15T08:00:00,Nest_Delta,11.7,18.5,NE,22.8,52.5,0,14.8,go
2025-01-15T09:00:00,Nest_Delta,10.2,19.4,S,22.5,60.5,0,15.2,go
2025-01-15T10:00:00,Nest_Delta,9.5,15.4,NW,24.7,71.1,0,15.6,go
2025-01-15T11:00:00,Nest_Delta,16.0,21.6,S,24.2,51.0,0,14.9,go
2025-01-15T12:00:00,Nest_Delta,14.9,22.0,SE,26.3,68.5,0,15.6,go
2025-01-15T13:00:00,Nest_Delta,17.0,23.7,SW,24.4,53.6,0,15.5,go
2025-01-15T14:00:00,Nest_Delta,14.6,20.6,E,23.6,59.9,0,12.9,go
2025-01-15T15:00:00,Nest_Delta,16.1,20.9,S,23.1,56.8,0,13.5,go
2025-01-15T16:00:00,Nest_Delta,13.6,22.9,S,24.1,50.2,0,16.3,go
2025-01-15T17:00:00,Nest_Delta,19.8,25.8,SE,22.8,53.9,0,15.6,go
2025-01-15T18:00:00,Nest_Delta,15.4,18.4,S,20.5,69.0,0,14.4,go
2025-01-15T19:00:00,Nest_Delta,16.5,19.2,SW,20.2,60.4,0,15.1,go
2025-01-15T20:00:00,Nest_Delta,19.0,23.4,SW,21.1,63.0,0,15.0,go
2025-01-15T21:00:00,Nest_Delta,20.4,27.7,NW,18.0,49.0,0,16.2,go
2025-01-15T22:00:00,Nest_Delta,13.6,22.7,S,18.0,58.8,0,16.1,go
2025-01-15T23:00:00,Nest_Delta,10.6,14.7,W,18.0,60.9,0,15.9,go
2025-01-16T00:00:00,Nest_Alpha,9.6,17.4,NW,16.6,67.1,0,16.2,go
2025-01-16T01:00:00,Nest_Alpha,10.3,14.2,NW,16.9,63.7,0,14.3,go
2025-01-16T02:00:00,Nest_Alpha,10.0,18.1,W,15.8,55.2,0,15.9,go
2025-01-16T03:00:00,Nest_Alpha,12.0,19.2,NE,18.3,58.3,0,15.2,go
2025-01-16T04:00:00,Nest_Alpha,10.7,20.0,NW,18.1,62.5,0,13.7,go
2025-01-16T05:00:00,Nest_Alpha,7.5,16.3,W,17.6,52.9,0,15.3,go
2025-01-16T06:00:00,Nest_Alpha,3.5,7.0,W,19.4,58.0,0,14.6,go
2025-01-16T07:00:00,Nest_Alpha,10.4,15.4,N,22.1,48.1,0,13.2,go
2025-01-16T08:00:00,Nest_Alpha,6.3,12.2,E,22.9,61.4,0,15.2,go
2025-01-16T09:00:00,Nest_Alpha,13.3,19.2,S,24.2,66.6,0,16.4,go
2025-01-16T10:00:00,Nest_Alpha,10.8,19.9,SE,23.6,81.3,0,15.3,go
2025-01-16T11:00:00,Nest_Alpha,12.8,15.4,NE,24.2,44.1,0,13.7,go
2025-01-16T12:00:00,Nest_Alpha,16.9,22.3,NE,26.2,62.4,0,15.0,go
2025-01-16T13:00:00,Nest_Alpha,14.6,21.2,N,23.7,79.1,0,16.4,go
2025-01-16T14:00:00,Nest_Alpha,18.0,22.1,SE,25.4,60.8,0,13.7,go
2025-01-16T15:00:00,Nest_Alpha,17.4,26.1,W,23.8,55.2,0,15.2,go
2025-01-16T16:00:00,Nest_Alpha,16.3,23.1,NE,22.7,62.3,0,13.8,go
2025-01-16T17:00:00,Nest_Alpha,19.3,24.7,SW,23.0,73.9,0,14.6,go
2025-01-16T18:00:00,Nest_Alpha,18.4,27.8,S,22.5,59.0,0,16.4,go
2025-01-16T19:00:00,Nest_Alpha,22.8,30.6,SW,22.2,44.1,0,14.1,go
2025-01-16T20:00:00,Nest_Alpha,19.7,23.0,S,20.6,60.4,0,16.6,go
2025-01-16T21:00:00,Nest_Alpha,15.6,24.1,NW,18.4,62.9,0,17.0,go
2025-01-16T22:00:00,Nest_Alpha,14.3,17.3,W,18.0,56.3,0,15.6,go
2025-01-16T23:00:00,Nest_Alpha,11.0,20.6,N,18.0,56.2,0,15.5,go
2025-01-16T00:00:00,Nest_Beta,11.2,20.5,N,17.9,36.2,0,13.4,go
2025-01-16T01:00:00,Nest_Beta,4.3,7.7,S,16.7,72.9,0,14.9,go
2025-01-16T02:00:00,Nest_Beta,4.9,7.3,NE,16.6,52.9,0,14.9,go
2025-01-16T03:00:00,Nest_Beta,6.2,8.6,W,16.8,69.8,0,16.2,go
2025-01-16T04:00:00,Nest_Beta,2,10.6,SW,17.9,61.5,0,14.3,go
2025-01-16T05:00:00,Nest_Beta,9.3,12.4,W,18.4,50.2,0,15.3,go
2025-01-16T06:00:00,Nest_Beta,7.3,13.0,SE,19.2,43.9,0,16.4,go
2025-01-16T07:00:00,Nest_Beta,8.3,12.6,S,20.0,52.1,0,15.2,go
2025-01-16T08:00:00,Nest_Beta,6.9,11.4,NE,21.0,63.0,0,14.2,go
2025-01-16T09:00:00,Nest_Beta,8.5,12.8,E,22.8,69.3,0,13.9,go
2025-01-16T10:00:00,Nest_Beta,11.0,19.1,SE,24.3,43.8,0,15.2,go
2025-01-16T11:00:00,Nest_Beta,9.7,17.2,SW,23.4,45.0,0,15.3,go
2025-01-16T12:00:00,Nest_Beta,11.8,20.7,N,25.8,59.2,0,15.3,go
2025-01-16T13:00:00,Nest_Beta,15.4,18.4,W,25.2,70.1,0,13.5,go
2025-01-16T14:00:00,Nest_Beta,16.6,21.3,W,25.4,62.6,0,15.2,go
2025-01-16T15:00:00,Nest_Beta,16.3,19.6,SW,23.1,48.5,0,15.3,go
2025-01-16T16:00:00,Nest_Beta,19.5,24.8,NE,23.2,58.0,0,15.0,go
2025-01-16T17:00:00,Nest_Beta,17.2,24.0,NW,23.0,60.9,0,14.0,go
2025-01-16T18:00:00,Nest_Beta,18.2,22.7,E,21.3,51.1,0,15.1,go
2025-01-16T19:00:00,Nest_Beta,12.1,15.1,W,20.0,68.4,0,14.9,go
2025-01-16T20:00:00,Nest_Beta,16.5,22.1,SE,19.1,53.7,0,14.6,go
2025-01-16T21:00:00,Nest_Beta,14.5,18.6,E,18.2,42.9,0,13.4,go
2025-01-16T22:00:00,Nest_Beta,15.9,23.9,SW,17.3,49.3,0,15.3,go
2025-01-16T23:00:00,Nest_Beta,10.8,18.3,N,16.7,53.9,0,13.7,go
2025-01-16T00:00:00,Nest_Gamma,9.2,17.1,N,16.0,62.6,0,16.4,go
2025-01-16T01:00:00,Nest_Gamma,6.9,15.2,NW,17.1,55.0,0,13.4,go
2025-01-16T02:00:00,Nest_Gamma,2,8.3,S,16.7,73.6,0,15.8,go
2025-01-16T03:00:00,Nest_Gamma,6.8,9.5,W,17.6,59.1,0,14.7,go
2025-01-16T04:00:00,Nest_Gamma,8.3,18.2,W,18.7,46.9,0,14.8,go
2025-01-16T05:00:00,Nest_Gamma,4.2,7.4,S,17.3,65.3,0,15.1,go
2025-01-16T06:00:00,Nest_Gamma,9.7,15.3,NW,19.1,67.9,0,15.3,go
2025-01-16T07:00:00,Nest_Gamma,6.2,15.3,SW,21.8,64.8,0,15.6,go
2025-01-16T08:00:00,Nest_Gamma,3.0,10.7,NW,22.4,58.5,0,15.2,go
2025-01-16T09:00:00,Nest_Gamma,4.6,6.9,N,23.6,63.0,0,15.9,go
2025-01-16T10:00:00,Nest_Gamma,9.2,15.9,NW,24.4,48.4,0,16.3,go
2025-01-16T11:00:00,Nest_Gamma,11.0,18.3,NW,23.7,55.6,0,16.3,go
2025-01-16T12:00:00,Nest_Gamma,11.3,14.4,NW,23.9,65.7,0,15.0,go
2025-01-16T13:00:00,Nest_Gamma,10.8,15.9,NE,24.9,65.8,0,14.6,go
2025-01-16T14:00:00,Nest_Gamma,14.3,21.1,NE,24.7,52.7,0,17.2,go
2025-01-16T15:00:00,Nest_Gamma,12.9,22.4,NE,23.5,42.8,0,14.0,go
2025-01-16T16:00:00,Nest_Gamma,16.4,20.8,N,22.6,47.3,0,14.6,go
2025-01-16T17:00:00,Nest_Gamma,12.7,16.6,S,23.8,53.8,0,13.9,go
2025-01-16T18:00:00,Nest_Gamma,13.9,23.8,W,21.8,48.4,0,14.6,go
2025-01-16T19:00:00,Nest_Gamma,14.2,16.3,SE,22.0,46.4,0,14.3,go
2025-01-16T20:00:00,Nest_Gamma,13.3,18.8,W,19.4,52.4,0,17.8,go
2025-01-16T21:00:00,Nest_Gamma,15.3,21.0,W,19.2,54.6,0,15.1,go
2025-01-16T22:00:00,Nest_Gamma,9.4,17.9,NW,18.2,52.1,0,14.3,go
2025-01-16T23:00:00,Nest_Gamma,7.8,10.3,N,18.0,59.1,0,16.1,go
2025-01-16T00:00:00,Nest_Delta,12.6,21.2,SE,16.7,63.7,0,14.6,go
2025-01-16T01:00:00,Nest_Delta,10.3,17.1,W,17.8,52.6,0,15.6,go
2025-01-16T02:00:00,Nest_Delta,7.2,15.0,NE,16.0,54.7,0,15.0,go
2025-01-16T03:00:00,Nest_Delta,7.2,11.8,SE,18.6,46.0,0,14.7,go
2025-01-16T04:00:00,Nest_Delta,6.4,14.5,N,18.0,57.5,0,15.6,go
2025-01-16T05:00:00,Nest_Delta,8.9,12.8,N,18.8,56.5,0,16.3,go
2025-01-16T06:00:00,Nest_Delta,5.7,11.2,S,19.0,53.0,0,15.1,go
2025-01-16T07:00:00,Nest_Delta,9.4,13.9,S,20.8,48.4,0,15.2,go
2025-01-16T08:00:00,Nest_Delta,8.4,16.5,W,22.1,64.0,0,13.9,go
2025-01-16T09:00:00,Nest_Delta,11.1,15.1,SE,23.9,59.1,0,15.0,go
2025-01-16T10:00:00,Nest_Delta,10.3,12.7,SW,24.1,77.8,0,14.5,go
2025-01-16T11:00:00,Nest_Delta,14.1,21.8,S,24.1,68.4,0,13.7,go
2025-01-16T12:00:00,Nest_Delta,10.4,14.8,N,25.4,63.5,0,14.8,go
2025-01-16T13:00:00,Nest_Delta,17.2,24.1,SE,25.3,57.4,0,14.1,go
2025-01-16T14:00:00,Nest_Delta,13.1,15.6,SE,25.0,52.9,0,14.7,go
2025-01-16T15:00:00,Nest_Delta,18.5,28.3,SE,24.2,52.6,0,16.6,go
2025-01-16T16:00:00,Nest_Delta,17.2,24.8,SW,24.6,75.7,0,15.5,go
2025-01-16T17:00:00,Nest_Delta,18.5,26.8,SE,22.7,55.7,0,14.4,go
2025-01-16T18:00:00,Nest_Delta,14.1,18.5,SW,21.8,75.7,0,14.8,go
2025-01-16T19:00:00,Nest_Delta,22.2,29.9,NW,21.8,53.0,0,15.6,go
2025-01-16T20:00:00,Nest_Delta,14.5,20.6,NW,20.7,49.5,0,15.2,go
2025-01-16T21:00:00,Nest_Delta,19.5,27.0,W,18.9,74.7,0,14.6,go
2025-01-16T22:00:00,Nest_Delta,7.9,12.9,S,19.3,68.9,0,16.4,go
2025-01-16T23:00:00,Nest_Delta,14.6,19.4,SE,18.3,37.8,0,16.0,go
2025-01-17T00:00:00,Nest_Alpha,10.2,16.8,N,16.5,56.8,0,14.1,go
2025-01-17T01:00:00,Nest_Alpha,6.8,13.1,NE,16.8,55.8,0,14.5,go
2025-01-17T02:00:00,Nest_Alpha,10.9,18.7,SE,17.0,38.5,0,16.4,go
2025-01-17T03:00:00,Nest_Alpha,5.2,11.9,NE,17.9,63.2,0,15.6,go
2025-01-17T04:00:00,Nest_Alpha,6.7,8.9,SE,19.8,49.3,0,15.0,go
2025-01-17T05:00:00,Nest_Alpha,7.1,12.9,S,19.5,49.2,0,16.4,go
2025-01-17T06:00:00,Nest_Alpha,5.9,10.4,W,20.3,56.0,0,17.6,go
2025-01-17T07:00:00,Nest_Alpha,9.8,16.7,N,21.3,68.8,0,15.8,go
2025-01-17T08:00:00,Nest_Alpha,9.8,12.9,SE,21.4,65.3,0,14.7,go
2025-01-17T09:00:00,Nest_Alpha,9.3,11.4,W,23.0,56.4,0,14.9,go
2025-01-17T10:00:00,Nest_Alpha,11.9,16.2,W,24.1,60.4,0,15.5,go
2025-01-17T11:00:00,Nest_Alpha,11.7,17.6,E,22.6,52.6,0,13.6,go
2025-01-17T12:00:00,Nest_Alpha,10.4,14.1,SW,24.3,58.4,0,14.1,go
2025-01-17T13:00:00,Nest_Alpha,14.4,19.2,SE,25.9,65.9,0,14.7,go
2025-01-17T14:00:00,Nest_Alpha,16.7,19.1,W,24.4,61.2,0,15.8,go
2025-01-17T15:00:00,Nest_Alpha,14.0,19.8,S,24.9,68.5,0,15.0,go
2025-01-17T16:00:00,Nest_Alpha,17.2,21.3,NW,24.2,56.8,0,13.5,go
2025-01-17T17:00:00,Nest_Alpha,20.5,23.1,NW,22.6,54.4,0,15.0,go
2025-01-17T18:00:00,Nest_Alpha,21.2,23.6,S,21.7,67.9,0,15.0,go
2025-01-17T19:00:00,Nest_Alpha,18.3,21.2,SE,19.6,59.1,0,13.8,go
2025-01-17T20:00:00,Nest_Alpha,16.0,24.4,E,20.0,49.7,0,13.3,go
2025-01-17T21:00:00,Nest_Alpha,17.7,25.4,SE,19.7,77.2,0,16.7,go
2025-01-17T22:00:00,Nest_Alpha,18.2,22.9,N,17.8,56.5,0,14.1,go
2025-01-17T23:00:00,Nest_Alpha,11.8,16.0,SE,17.7,81.5,0,15.4,go
2025-01-17T00:00:00,Nest_Beta,11.1,20.1,NE,15.8,43.7,0,14.2,go
2025-01-17T01:00:00,Nest_Beta,10.5,13.8,S,16.6,64.4,0,14.9,go
2025-01-17T02:00:00,Nest_Beta,7.5,15.0,E,15.5,60.5,0,14.3,go
2025-01-17T03:00:00,Nest_Beta,6.2,12.2,NE,17.1,55.6,0,16.2,go
2025-01-17T04:00:00,Nest_Beta,7.9,17.2,SW,17.8,59.3,0,14.8,go
2025-01-17T05:00:00,Nest_Beta,3.2,5.4,S,20.0,74.3,0,15.0,go
2025-01-17T06:00:00,Nest_Beta,6.0,11.1,N,19.9,66.9,0,17.0,go
2025-01-17T07:00:00,Nest_Beta,9.1,15.6,N,21.7,49.6,0,15.3,go
2025-01-17T08:00:00,Nest_Beta,5.9,13.8,S,23.5,60.7,0,14.5,go
2025-01-17T09:00:00,Nest_Beta,7.0,12.4,SW,22.6,60.5,0,14.4,go
2025-01-17T10:00:00,Nest_Beta,13.3,17.7,SW,23.5,70.8,0,13.9,go
2025-01-17T11:00:00,Nest_Beta,11.7,18.4,NW,23.7,61.3,0,15.9,go
2025-01-17T12:00:00,Nest_Beta,15.2,22.7,S,24.6,38.5,0,15.0,go
2025-01-17T13:00:00,Nest_Beta,10.1,16.6,S,25.5,56.8,0,14.0,go
2025-01-17T14:00:00,Nest_Beta,17.7,27.5,NE,24.5,62.8,0,14.0,go
2025-01-17T15:00:00,Nest_Beta,13.7,23.1,NW,25.4,47.1,0,15.5,go
2025-01-17T16:00:00,Nest_Beta,14.8,19.1,NW,24.6,69.2,0,14.0,go
2025-01-17T17:00:00,Nest_Beta,11.5,16.0,SW,23.4,59.0,0,13.4,go
2025-01-17T18:00:00,Nest_Beta,18.0,22.1,N,21.5,61.6,0,14.1,go
2025-01-17T19:00:00,Nest_Beta,15.4,23.0,E,20.6,49.6,0,15.3,go
2025-01-17T20:00:00,Nest_Beta,18.2,22.2,E,19.9,57.7,0,16.1,go
2025-01-17T21:00:00,Nest_Beta,15.3,21.7,E,17.6,41.3,0,14.3,go
2025-01-17T22:00:00,Nest_Beta,12.4,17.4,E,18.5,61.9,0,13.7,go
2025-01-17T23:00:00,Nest_Beta,7.3,10.0,SE,17.4,68.4,0,16.4,go
2025-01-17T00:00:00,Nest_Gamma,9.3,16.3,SW,16.9,44.8,0,13.9,go
2025-01-17T01:00:00,Nest_Gamma,7.5,9.8,W,16.5,60.9,0,15.3,go
2025-01-17T02:00:00,Nest_Gamma,7.0,15.5,N,18.5,52.8,0,13.9,go
2025-01-17T03:00:00,Nest_Gamma,6.9,9.6,NE,18.0,82.5,0,14.8,go
2025-01-17T04:00:00,Nest_Gamma,2,9.9,SE,18.5,50.0,0,15.1,go
2025-01-17T05:00:00,Nest_Gamma,2,6.9,N,17.8,51.2,0,12.6,go
2025-01-17T06:00:00,Nest_Gamma,4.8,12.7,NW,18.9,68.2,0,12.8,go
2025-01-17T07:00:00,Nest_Gamma,4.2,10.6,E,20.2,53.1,0,15.3,go
2025-01-17T08:00:00,Nest_Gamma,7.3,11.4,S,22.0,52.7,0,15.8,go
2025-01-17T09:00:00,Nest_Gamma,10.3,12.6,SE,22.7,44.1,0,15.4,go
2025-01-17T10:00:00,Nest_Gamma,6.3,9.5,NW,23.3,52.6,0,15.5,go
2025-01-17T11:00:00,Nest_Gamma,11.1,19.2,SW,24.2,77.6,0,16.2,go
2025-01-17T12:00:00,Nest_Gamma,14.4,22.1,S,26.0,58.0,0,15.4,go
2025-01-17T13:00:00,Nest_Gamma,16.6,23.9,SE,26.2,55.0,0,14.4,go
2025-01-17T14:00:00,Nest_Gamma,13.0,15.7,S,25.1,73.5,0,13.0,go
2025-01-17T15:00:00,Nest_Gamma,13.6,20.2,E,25.0,66.0,0,14.0,go
2025-01-17T16:00:00,Nest_Gamma,13.0,16.9,N,23.8,61.4,0,16.1,go
2025-01-17T17:00:00,Nest_Gamma,16.9,22.5,N,23.4,63.3,0,15.4,go
2025-01-17T18:00:00,Nest_Gamma,16.0,22.9,S,22.3,58.0,0,14.7,go
2025-01-17T19:00:00,Nest_Gamma,11.5,21.1,NW,22.2,68.2,0,13.7,go
2025-01-17T20:00:00,Nest_Gamma,14.3,18.1,SW,19.7,50.6,0,15.4,go
2025-01-17T21:00:00,Nest_Gamma,14.2,18.2,W,19.3,59.9,0,15.9,go
2025-01-17T22:00:00,Nest_Gamma,6.2,10.1,SW,18.8,54.8,0,16.4,go
2025-01-17T23:00:00,Nest_Gamma,8.8,18.8,NW,18.0,76.1,0,13.9,go
2025-01-17T00:00:00,Nest_Delta,9.3,16.5,NE,16.7,60.5,0,16.2,go
2025-01-17T01:00:00,Nest_Delta,12.6,15.5,W,16.0,59.0,0,14.6,go
2025-01-17T02:00:00,Nest_Delta,8.6,12.6,SW,17.6,50.8,0,14.7,go
2025-01-17T03:00:00,Nest_Delta,6.8,12.2,S,17.6,56.0,0,14.6,go
2025-01-17T04:00:00,Nest_Delta,4.6,11.0,SW,17.0,63.0,0,17.3,go
2025-01-17T05:00:00,Nest_Delta,4.0,13.2,SW,19.7,55.8,0,15.2,go
2025-01-17T06:00:00,Nest_Delta,7.5,14.6,NW,21.0,55.1,0,14.8,go
2025-01-17T07:00:00,Nest_Delta,4.9,9.9,NE,21.0,60.3,0,13.0,go
2025-01-17T08:00:00,Nest_Delta,4.7,13.7,N,22.3,56.5,0,14.3,go
2025-01-17T09:00:00,Nest_Delta,7.2,13.6,E,22.5,62.3,0,16.5,go
2025-01-17T10:00:00,Nest_Delta,12.2,15.3,SW,22.8,64.2,0,15.0,go
2025-01-17T11:00:00,Nest_Delta,13.9,18.8,N,24.3,60.3,0,15.2,go
2025-01-17T12:00:00,Nest_Delta,16.1,23.7,SE,24.4,61.8,0,15.4,go
2025-01-17T13:00:00,Nest_Delta,14.2,23.8,SW,24.7,58.8,0,14.2,go
2025-01-17T14:00:00,Nest_Delta,15.7,19.8,SW,24.7,38.2,0,14.5,go
2025-01-17T15:00:00,Nest_Delta,15.3,18.0,N,23.1,41.6,0,14.2,go
2025-01-17T16:00:00,Nest_Delta,19.2,28.7,S,23.5,58.5,0,15.2,go
2025-01-17T17:00:00,Nest_Delta,18.4,25.6,E,22.4,57.4,0,13.2,go
2025-01-17T18:00:00,Nest_Delta,15.2,19.3,E,23.5,56.5,0,14.9,go
2025-01-17T19:00:00,Nest_Delta,18.2,28.1,NE,21.4,64.9,0,14.6,go
2025-01-17T20:00:00,Nest_Delta,15.0,18.8,NW,20.4,53.5,0,14.4,go
2025-01-17T21:00:00,Nest_Delta,10.8,15.4,W,19.3,43.2,0,13.5,go
2025-01-17T22:00:00,Nest_Delta,12.7,15.2,S,18.6,69.8,0,15.2,go
2025-01-17T23:00:00,Nest_Delta,10.3,13.1,S,17.4,54.6,0,14.9,go
2025-01-18T00:00:00,Nest_Alpha,8.4,15.2,NE,17.1,41.0,0,14.9,go
2025-01-18T01:00:00,Nest_Alpha,9.7,12.4,NE,16.8,53.1,0,15.9,go
2025-01-18T02:00:00,Nest_Alpha,11.7,19.5,NW,16.1,57.8,0,13.4,go
2025-01-18T03:00:00,Nest_Alpha,10.4,19.8,S,17.5,52.6,0,16.0,go
2025-01-18T04:00:00,Nest_Alpha,5.9,15.4,SW,17.9,36.1,0,14.2,go
2025-01-18T05:00:00,Nest_Alpha,8.9,13.5,SE,20.1,56.9,0,16.9,go
2025-01-18T06:00:00,Nest_Alpha,10.4,13.7,NE,19.8,52.1,0,15.0,go
2025-01-18T07:00:00,Nest_Alpha,7.8,10.5,N,21.1,52.2,0,13.0,go
2025-01-18T08:00:00,Nest_Alpha,12.8,21.8,NE,22.3,50.6,0,14.5,go
2025-01-18T09:00:00,Nest_Alpha,15.3,21.2,SE,23.4,64.4,0,14.2,go
2025-01-18T10:00:00,Nest_Alpha,9.7,17.4,SE,22.9,62.2,0,15.5,go
2025-01-18T11:00:00,Nest_Alpha,14.5,24.3,E,25.1,58.0,0,15.0,go
2025-01-18T12:00:00,Nest_Alpha,13.9,17.2,W,26.0,49.5,0,14.3,go
2025-01-18T13:00:00,Nest_Alpha,21.1,25.7,S,25.0,57.2,0,13.6,go
2025-01-18T14:00:00,Nest_Alpha,18.5,22.6,NW,24.8,70.6,0,14.0,go
2025-01-18T15:00:00,Nest_Alpha,16.4,18.9,NW,25.1,70.3,0,15.5,go
2025-01-18T16:00:00,Nest_Alpha,15.3,17.8,W,22.4,51.3,0,13.5,go
2025-01-18T17:00:00,Nest_Alpha,14.7,16.9,SE,22.4,57.2,0,14.4,go
2025-01-18T18:00:00,Nest_Alpha,16.7,21.8,W,22.2,58.4,0,14.6,go
2025-01-18T19:00:00,Nest_Alpha,16.0,25.3,NE,19.4,67.0,0,15.2,go
2025-01-18T20:00:00,Nest_Alpha,17.5,27.0,NW,21.3,75.6,0,16.4,go
2025-01-18T21:00:00,Nest_Alpha,14.9,23.4,E,19.3,45.4,0,14.1,go
2025-01-18T22:00:00,Nest_Alpha,14.2,20.4,NE,18.4,70.5,0,15.8,go
2025-01-18T23:00:00,Nest_Alpha,11.9,14.9,SE,17.8,58.4,0,16.5,go
2025-01-18T00:00:00,Nest_Beta,7.1,13.7,SW,16.1,55.7,0,15.6,go
2025-01-18T01:00:00,Nest_Beta,5.8,15.3,E,18.5,50.7,0,13.5,go
2025-01-18T02:00:00,Nest_Beta,7.8,16.3,W,17.6,57.2,0,15.2,go
2025-01-18T03:00:00,Nest_Beta,2.9,10.3,S,17.5,67.3,0,14.9,go
2025-01-18T04:00:00,Nest_Beta,5.6,9.8,NW,16.4,56.3,0,13.8,go
2025-01-18T05:00:00,Nest_Beta,5.0,7.5,N,18.7,58.7,0,13.8,go
2025-01-18T06:00:00,Nest_Beta,6.0,11.6,SW,20.5,63.8,0,14.5,go
2025-01-18T07:00:00,Nest_Beta,6.2,15.2,E,21.8,41.5,0,14.0,go
2025-01-18T08:00:00,Nest_Beta,5.3,14.9,W,22.0,73.1,0,14.7,go
2025-01-18T09:00:00,Nest_Beta,7.6,13.2,S,22.0,66.4,0,14.2,go
2025-01-18T10:00:00,Nest_Beta,11.0,19.7,N,22.7,68.1,0,14.8,go
2025-01-18T11:00:00,Nest_Beta,14.2,24.2,S,24.6,53.5,0,15.7,go
2025-01-18T12:00:00,Nest_Beta,14.9,22.3,SE,24.9,55.1,0,16.2,go
2025-01-18T13:00:00,Nest_Beta,15.5,22.7,SW,25.0,44.2,0,14.2,go
2025-01-18T14:00:00,Nest_Beta,13.7,19.5,NW,26.0,61.6,0,14.1,go
2025-01-18T15:00:00,Nest_Beta,17.6,19.9,SW,24.4,51.7,0,14.8,go
2025-01-18T16:00:00,Nest_Beta,13.6,16.0,S,24.1,61.3,0,14.1,go
2025-01-18T17:00:00,Nest_Beta,15.5,24.1,N,22.3,51.2,0,13.4,go
2025-01-18T18:00:00,Nest_Beta,15.9,23.8,N,21.7,41.7,0,16.0,go
2025-01-18T19:00:00,Nest_Beta,18.1,23.5,E,20.9,41.1,0,15.4,go
2025-01-18T20:00:00,Nest_Beta,19.5,28.6,N,20.4,56.6,0,16.5,go
2025-01-18T21:00:00,Nest_Beta,14.1,18.9,N,18.6,54.1,0,14.3,go
2025-01-18T22:00:00,Nest_Beta,11.1,18.6,NE,18.0,68.5,0,13.7,go
2025-01-18T23:00:00,Nest_Beta,12.1,20.3,E,17.2,53.8,0,15.8,go
2025-01-18T00:00:00,Nest_Gamma,10.3,12.8,W,16.7,57.4,0,16.9,go
2025-01-18T01:00:00,Nest_Gamma,9.4,11.4,E,18.1,62.3,0,13.3,go
2025-01-18T02:00:00,Nest_Gamma,3.9,10.0,SE,18.3,65.9,0,14.5,go
2025-01-18T03:00:00,Nest_Gamma,6.2,11.1,NW,17.9,58.2,0,15.8,go
2025-01-18T04:00:00,Nest_Gamma,4.0,10.7,S,17.0,44.5,0,14.8,go
2025-01-18T05:00:00,Nest_Gamma,2.6,11.0,SE,20.5,61.6,0,15.1,go
2025-01-18T06:00:00,Nest_Gamma,7.1,13.8,NE,19.8,54.3,0,15.8,go
2025-01-18T07:00:00,Nest_Gamma,10.2,19.8,NE,20.7,56.2,0,15.2,go
2025-01-18T08:00:00,Nest_Gamma,5.2,8.6,N,22.1,54.2,0,16.6,go
2025-01-18T09:00:00,Nest_Gamma,7.1,12.5,W,23.5,51.7,0,14.9,go
2025-01-18T10:00:00,Nest_Gamma,9.0,18.6,NE,24.6,63.8,0,13.6,go
2025-01-18T11:00:00,Nest_Gamma,8.5,15.3,NW,23.8,43.4,0,13.4,go
2025-01-18T12:00:00,Nest_Gamma,10.0,19.2,NW,24.5,53.3,0,12.6,go
2025-01-18T13:00:00,Nest_Gamma,17.1,19.3,SE,24.9,51.9,0,15.7,go
2025-01-18T14:00:00,Nest_Gamma,14.1,22.5,S,24.3,51.5,0,14.9,go
2025-01-18T15:00:00,Nest_Gamma,10.7,14.6,S,23.5,60.4,0,14.6,go
2025-01-18T16:00:00,Nest_Gamma,16.6,23.5,SE,23.0,67.1,0,14.1,go
2025-01-18T17:00:00,Nest_Gamma,16.8,23.6,E,22.0,77.7,0,14.9,go
2025-01-18T18:00:00,Nest_Gamma,16.4,24.1,W,22.4,65.0,0,13.0,go
2025-01-18T19:00:00,Nest_Gamma,15.0,24.7,SW,20.9,55.4,0,14.7,go
2025-01-18T20:00:00,Nest_Gamma,12.8,19.1,E,20.7,49.0,0,14.8,go
2025-01-18T21:00:00,Nest_Gamma,11.3,20.4,S,19.3,54.1,0,14.0,go
2025-01-18T22:00:00,Nest_Gamma,6.3,16.0,NE,18.5,55.2,0,13.9,go
2025-01-18T23:00:00,Nest_Gamma,13.9,16.3,E,18.3,51.3,0,15.6,go
2025-01-18T00:00:00,Nest_Delta,13.8,16.3,E,17.0,55.5,0,14.9,go
2025-01-18T01:00:00,Nest_Delta,7.4,10.4,E,17.0,60.1,0,15.8,go
2025-01-18T02:00:00,Nest_Delta,9.5,17.0,SW,17.9,63.5,0,13.9,go
2025-01-18T03:00:00,Nest_Delta,6.1,13.7,S,18.4,68.5,0,15.3,go
2025-01-18T04:00:00,Nest_Delta,7.8,12.8,SE,19.4,57.2,0,12.6,go
2025-01-18T05:00:00,Nest_Delta,5.9,13.1,NE,19.3,55.8,0,12.5,go
2025-01-18T06:00:00,Nest_Delta,2,9.0,SW,19.3,64.6,0,13.8,go
2025-01-18T07:00:00,Nest_Delta,8.1,10.9,N,22.6,59.4,0,12.9,go
2025-01-18T08:00:00,Nest_Delta,7.0,15.5,SW,22.5,63.4,0,15.3,go
2025-01-18T09:00:00,Nest_Delta,10.7,13.8,SW,22.4,74.8,0,15.3,go
2025-01-18T10:00:00,Nest_Delta,10.7,18.9,NW,25.0,53.8,0,16.0,go
2025-01-18T11:00:00,Nest_Delta,13.2,17.8,SE,25.3,60.3,0,15.4,go
2025-01-18T12:00:00,Nest_Delta,15.1,22.7,NE,24.8,62.7,0,15.3,go
2025-01-18T13:00:00,Nest_Delta,18.1,21.8,N,25.0,56.0,0,15.2,go
2025-01-18T14:00:00,Nest_Delta,13.3,15.5,SE,24.3,62.5,0,14.8,go
2025-01-18T15:00:00,Nest_Delta,13.9,18.2,W,24.6,43.1,0,15.8,go
2025-01-18T16:00:00,Nest_Delta,14.8,18.4,W,23.8,37.6,0,16.2,go
2025-01-18T17:00:00,Nest_Delta,12.5,15.9,SW,22.4,41.3,0,16.1,go
2025-01-18T18:00:00,Nest_Delta,17.5,22.3,NW,22.5,33.2,0,15.1,go
2025-01-18T19:00:00,Nest_Delta,15.5,22.4,NW,21.7,72.3,0,16.7,go
2025-01-18T20:00:00,Nest_Delta,12.5,15.0,S,20.7,50.9,0,16.5,go
2025-01-18T21:00:00,Nest_Delta,17.6,24.4,NE,19.2,49.7,0,16.8,go
2025-01-18T22:00:00,Nest_Delta,14.8,18.7,N,19.0,64.4,0,13.8,go
2025-01-18T23:00:00,Nest_Delta,13.6,22.0,E,16.6,51.4,0,16.8,go
2025-01-19T00:00:00,Nest_Alpha,13.1,17.2,SE,17.2,75.5,0,14.3,go
2025-01-19T01:00:00,Nest_Alpha,11.4,17.3,N,17.2,62.5,0,15.2,go
2025-01-19T02:00:00,Nest_Alpha,10.3,12.5,W,17.5,42.6,0,15.7,go
2025-01-19T03:00:00,Nest_Alpha,10.8,17.0,SW,18.5,84.6,0,13.7,go
2025-01-19T04:00:00,Nest_Alpha,8.8,16.4,NE,17.7,64.9,0,15.1,go
2025-01-19T05:00:00,Nest_Alpha,12.0,18.9,SE,18.5,55.8,0,15.0,go
2025-01-19T06:00:00,Nest_Alpha,7.4,16.7,SW,19.7,54.9,0,16.4,go
2025-01-19T07:00:00,Nest_Alpha,5.6,8.3,SW,21.8,70.7,0,14.7,go
2025-01-19T08:00:00,Nest_Alpha,6.8,11.6,SE,22.3,54.1,0,14.9,go
2025-01-19T09:00:00,Nest_Alpha,13.2,19.9,W,22.3,80.2,0,16.2,go
2025-01-19T10:00:00,Nest_Alpha,10.3,13.7,SE,23.9,60.2,0,16.3,go
2025-01-19T11:00:00,Nest_Alpha,11.0,17.9,W,24.6,59.7,0,14.2,go
2025-01-19T12:00:00,Nest_Alpha,12.4,14.8,W,25.0,68.7,0,14.7,go
2025-01-19T13:00:00,Nest_Alpha,18.1,22.8,W,24.9,41.6,0,14.9,go
2025-01-19T14:00:00,Nest_Alpha,16.4,24.8,SW,24.5,77.4,0,16.0,go
2025-01-19T15:00:00,Nest_Alpha,17.7,27.5,W,25.6,57.3,0,16.3,go
2025-01-19T16:00:00,Nest_Alpha,20.6,26.3,S,24.1,57.7,0,14.7,go
2025-01-19T17:00:00,Nest_Alpha,14.8,23.1,NW,22.9,63.2,0,15.0,go
2025-01-19T18:00:00,Nest_Alpha,17.5,21.0,SE,22.0,53.1,0,15.6,go
2025-01-19T19:00:00,Nest_Alpha,17.5,23.1,S,19.8,58.7,0,15.5,go
2025-01-19T20:00:00,Nest_Alpha,18.6,22.6,NW,19.8,47.4,0,13.8,go
2025-01-19T21:00:00,Nest_Alpha,12.0,20.4,SW,19.1,49.5,0,16.0,go
2025-01-19T22:00:00,Nest_Alpha,15.6,19.3,NE,17.8,50.4,0,15.4,go
2025-01-19T23:00:00,Nest_Alpha,12.6,16.6,SW,18.9,72.2,0,14.4,go
2025-01-19T00:00:00,Nest_Beta,7.6,12.3,NE,16.4,65.2,0,14.6,go
2025-01-19T01:00:00,Nest_Beta,9.5,17.5,S,17.1,57.8,0,14.7,go
2025-01-19T02:00:00,Nest_Beta,3.9,13.6,N,16.4,53.0,0,16.0,go
2025-01-19T03:00:00,Nest_Beta,4.3,9.2,SE,17.7,79.5,0,15.7,go
2025-01-19T04:00:00,Nest_Beta,4.6,9.0,NW,18.7,66.7,0,15.2,go
2025-01-19T05:00:00,Nest_Beta,7.7,12.1,NW,20.1,60.2,0,15.6,go
2025-01-19T06:00:00,Nest_Beta,5.5,12.8,W,19.4,58.5,0,14.1,go
2025-01-19T07:00:00,Nest_Beta,6.6,14.9,S,19.2,60.0,0,14.2,go
2025-01-19T08:00:00,Nest_Beta,7.3,11.3,SW,20.8,54.1,0,15.8,go
2025-01-19T09:00:00,Nest_Beta,7.7,15.8,E,23.5,55.4,0,14.6,go
2025-01-19T10:00:00,Nest_Beta,9.0,11.6,SW,23.7,47.4,0,16.6,go
2025-01-19T11:00:00,Nest_Beta,6.2,9.9,E,25.6,63.6,0,14.8,go
2025-01-19T12:00:00,Nest_Beta,11.9,19.5,E,24.0,50.6,0,15.0,go
2025-01-19T13:00:00,Nest_Beta,11.5,18.6,N,25.1,57.0,0,16.7,go
2025-01-19T14:00:00,Nest_Beta,13.0,16.8,N,23.2,66.6,0,14.7,go
2025-01-19T15:00:00,Nest_Beta,19.6,25.0,W,23.7,74.1,0,14.6,go
2025-01-19T16:00:00,Nest_Beta,15.2,18.9,N,24.5,56.0,0,15.7,go
2025-01-19T17:00:00,Nest_Beta,13.5,17.3,NE,23.1,58.8,0,16.4,go
2025-01-19T18:00:00,Nest_Beta,18.4,23.7,E,21.1,78.8,0,14.5,go
2025-01-19T19:00:00,Nest_Beta,12.9,17.0,SW,21.1,66.2,0,15.6,go
2025-01-19T20:00:00,Nest_Beta,17.4,21.2,SW,19.3,65.2,0,15.9,go
2025-01-19T21:00:00,Nest_Beta,14.2,22.4,SW,18.4,82.9,0,14.9,go
2025-01-19T22:00:00,Nest_Beta,13.6,17.5,NE,17.5,56.2,0,13.9,go
2025-01-19T23:00:00,Nest_Beta,14.2,17.0,W,17.1,64.8,0,15.2,go
2025-01-19T00:00:00,Nest_Gamma,8.0,12.7,N,16.7,59.5,0,14.6,go
2025-01-19T01:00:00,Nest_Gamma,9.5,15.5,SW,16.4,51.4,0,14.9,go
2025-01-19T02:00:00,Nest_Gamma,6.4,8.6,SW,16.8,55.4,0,16.2,go
2025-01-19T03:00:00,Nest_Gamma,6.5,8.6,SE,17.7,50.1,0,16.2,go
2025-01-19T04:00:00,Nest_Gamma,2,8.5,NE,17.5,60.8,0,17.4,go
2025-01-19T05:00:00,Nest_Gamma,6.3,12.8,N,17.7,45.5,0,13.5,go
2025-01-19T06:00:00,Nest_Gamma,5.3,13.5,N,19.2,56.5,0,14.4,go
2025-01-19T07:00:00,Nest_Gamma,2.6,8.4,N,21.4,49.0,0,15.2,go
2025-01-19T08:00:00,Nest_Gamma,2.9,5.9,SW,22.7,41.2,0,15.3,go
2025-01-19T09:00:00,Nest_Gamma,4.5,7.7,S,24.5,60.4,0,13.5,go
2025-01-19T10:00:00,Nest_Gamma,9.1,17.4,SE,23.5,65.1,0,14.4,go
2025-01-19T11:00:00,Nest_Gamma,10.9,18.9,NW,24.7,39.7,0,14.0,go
2025-01-19T12:00:00,Nest_Gamma,13.9,23.4,SE,23.8,65.3,0,13.8,go
2025-01-19T13:00:00,Nest_Gamma,13.6,21.1,NE,26.2,61.4,0,15.1,go
2025-01-19T14:00:00,Nest_Gamma,13.5,20.5,W,24.6,36.8,0,16.4,go
2025-01-19T15:00:00,Nest_Gamma,14.0,21.6,S,24.5,56.4,0,13.7,go
2025-01-19T16:00:00,Nest_Gamma,10.1,13.8,S,23.3,43.8,0,15.7,go
2025-01-19T17:00:00,Nest_Gamma,12.8,17.2,N,23.8,57.6,0,15.0,go
2025-01-19T18:00:00,Nest_Gamma,13.1,21.9,NW,22.8,66.3,0,14.9,go
2025-01-19T19:00:00,Nest_Gamma,11.5,14.0,W,21.1,37.6,0,14.6,go
2025-01-19T20:00:00,Nest_Gamma,16.7,21.4,N,20.0,50.3,0,15.6,go
2025-01-19T21:00:00,Nest_Gamma,10.9,13.6,W,18.2,63.7,0,15.9,go
2025-01-19T22:00:00,Nest_Gamma,5.9,9.0,SE,19.0,50.9,0,17.1,go
2025-01-19T23:00:00,Nest_Gamma,9.8,15.4,E,17.3,55.5,0,14.3,go
2025-01-19T00:00:00,Nest_Delta,10.2,15.7,SW,16.8,56.6,0,16.0,go
2025-01-19T01:00:00,Nest_Delta,9.3,12.3,NE,17.1,55.6,0,14.4,go
2025-01-19T02:00:00,Nest_Delta,5.2,14.8,SE,17.9,68.6,0,14.3,go
2025-01-19T03:00:00,Nest_Delta,10.4,13.9,NW,17.9,47.0,0,16.3,go
2025-01-19T04:00:00,Nest_Delta,8.4,10.8,NE,18.6,62.6,0,15.0,go
2025-01-19T05:00:00,Nest_Delta,10.2,13.9,SW,19.1,64.7,0,16.1,go
2025-01-19T06:00:00,Nest_Delta,6.8,14.5,SE,19.5,68.8,0,14.9,go
2025-01-19T07:00:00,Nest_Delta,8.6,13.9,NE,20.5,65.8,0,15.2,go
2025-01-19T08:00:00,Nest_Delta,6.7,16.3,W,22.0,54.6,0,14.0,go
2025-01-19T09:00:00,Nest_Delta,17.0,24.1,NW,23.2,57.1,0,13.9,go
2025-01-19T10:00:00,Nest_Delta,11.4,16.1,W,23.7,55.0,0,14.9,go
2025-01-19T11:00:00,Nest_Delta,10.5,15.5,SW,24.3,51.8,0,15.4,go
2025-01-19T12:00:00,Nest_Delta,13.2,20.5,NW,24.2,50.1,0,14.5,go
2025-01-19T13:00:00,Nest_Delta,13.6,20.6,NE,23.0,56.1,0,14.9,go
2025-01-19T14:00:00,Nest_Delta,15.3,23.6,NW,25.4,52.0,0,14.4,go
2025-01-19T15:00:00,Nest_Delta,19.0,23.1,N,24.9,63.9,0,13.9,go
2025-01-19T16:00:00,Nest_Delta,13.6,18.8,W,23.6,45.1,0,14.5,go
2025-01-19T17:00:00,Nest_Delta,18.9,23.1,SE,22.8,57.7,0,15.6,go
2025-01-19T18:00:00,Nest_Delta,20.8,24.0,N,21.5,58.2,0,13.6,go
2025-01-19T19:00:00,Nest_Delta,17.1,25.0,S,21.9,61.5,0,14.6,go
2025-01-19T20:00:00,Nest_Delta,18.7,26.2,S,20.1,59.6,0,14.5,go
2025-01-19T21:00:00,Nest_Delta,11.3,15.2,W,19.6,71.5,0,12.7,go
2025-01-19T22:00:00,Nest_Delta,10.9,15.5,N,17.6,61.9,0,13.5,go
2025-01-19T23:00:00,Nest_Delta,12.4,16.0,N,18.4,59.5,0,15.3,go
2025-01-20T00:00:00,Nest_Alpha,11.9,15.6,NE,16.6,49.6,0,14.3,go
2025-01-20T01:00:00,Nest_Alpha,13.3,21.8,SE,17.6,50.2,0,14.9,go
2025-01-20T02:00:00,Nest_Alpha,4.8,13.4,SE,17.1,73.6,0,15.7,go
2025-01-20T03:00:00,Nest_Alpha,9.3,13.5,E,18.1,56.9,0,13.7,go
2025-01-20T04:00:00,Nest_Alpha,8.7,13.7,NW,17.8,62.4,0,15.9,go
2025-01-20T05:00:00,Nest_Alpha,7.9,15.8,S,19.7,62.0,0,16.6,go
2025-01-20T06:00:00,Nest_Alpha,6.3,10.3,N,19.5,67.0,0,16.3,go
2025-01-20T07:00:00,Nest_Alpha,9.2,12.2,N,20.1,42.2,0,14.3,go
2025-01-20T08:00:00,Nest_Alpha,8.4,10.7,SE,21.0,58.1,0,15.8,go
2025-01-20T09:00:00,Nest_Alpha,9.3,15.1,SW,23.5,55.0,0,13.8,go
2025-01-20T10:00:00,Nest_Alpha,10.8,14.0,SE,24.8,53.3,0,14.1,go
2025-01-20T11:00:00,Nest_Alpha,14.4,20.1,NW,22.9,48.1,0,16.7,go
2025-01-20T12:00:00,Nest_Alpha,17.1,21.3,W,25.8,65.7,0,15.1,go
2025-01-20T13:00:00,Nest_Alpha,16.6,22.0,N,24.8,62.1,0,16.2,go
2025-01-20T14:00:00,Nest_Alpha,13.6,20.9,SW,26.4,60.9,0,15.2,go
2025-01-20T15:00:00,Nest_Alpha,21.3,24.7,S,25.1,60.8,0,16.1,go
2025-01-20T16:00:00,Nest_Alpha,11.7,19.2,S,24.6,42.9,0,16.4,go
2025-01-20T17:00:00,Nest_Alpha,19.1,28.4,SE,22.0,45.8,0,14.9,go
2025-01-20T18:00:00,Nest_Alpha,20.2,28.3,N,21.7,48.3,0,12.2,go
2025-01-20T19:00:00,Nest_Alpha,16.2,22.2,NW,22.4,54.7,0,15.2,go
2025-01-20T20:00:00,Nest_Alpha,13.2,20.4,NE,19.8,46.4,0,15.0,go
2025-01-20T21:00:00,Nest_Alpha,12.9,20.7,NE,18.3,60.2,0,13.0,go
2025-01-20T22:00:00,Nest_Alpha,10.6,20.3,NE,18.1,50.5,0,15.4,go
2025-01-20T23:00:00,Nest_Alpha,15.8,24.2,E,17.3,60.3,0,15.7,go
2025-01-20T00:00:00,Nest_Beta,10.8,15.2,S,17.8,59.7,0,14.4,go
2025-01-20T01:00:00,Nest_Beta,11.1,17.0,SW,16.9,56.9,0,16.0,go
2025-01-20T02:00:00,Nest_Beta,7.4,12.2,SW,17.0,61.1,0,15.6,go
2025-01-20T03:00:00,Nest_Beta,7.4,15.3,SE,18.2,52.8,0,14.8,go
2025-01-20T04:00:00,Nest_Beta,8.4,13.6,NW,17.2,47.0,0,14.8,go
2025-01-20T05:00:00,Nest_Beta,2.3,9.2,NE,19.7,63.3,0,14.7,go
2025-01-20T06:00:00,Nest_Beta,3.8,12.6,SW,18.8,50.8,0,14.7,go
2025-01-20T07:00:00,Nest_Beta,7.3,9.7,NW,21.9,55.6,0,15.6,go
2025-01-20T08:00:00,Nest_Beta,9.7,13.9,NW,22.0,54.8,0,15.9,go
2025-01-20T09:00:00,Nest_Beta,5.1,14.6,S,22.4,59.6,0,16.0,go
2025-01-20T10:00:00,Nest_Beta,9.0,15.0,N,23.3,63.4,0,15.6,go
2025-01-20T11:00:00,Nest_Beta,11.8,21.3,E,23.6,58.0,0,15.9,go
2025-01-20T12:00:00,Nest_Beta,14.8,21.5,SE,25.3,62.4,0,16.7,go
2025-01-20T13:00:00,Nest_Beta,13.9,23.5,W,25.5,74.4,0,14.6,go
2025-01-20T14:00:00,Nest_Beta,13.3,22.9,NW,25.3,60.6,0,14.8,go
2025-01-20T15:00:00,Nest_Beta,10.1,12.5,NW,23.6,59.0,0,15.6,go
2025-01-20T16:00:00,Nest_Beta,13.2,22.9,W,23.7,73.0,0,17.1,go
2025-01-20T17:00:00,Nest_Beta,16.6,19.9,NE,22.8,49.0,0,16.2,go
2025-01-20T18:00:00,Nest_Beta,16.6,24.0,E,21.5,46.2,0,15.3,go
2025-01-20T19:00:00,Nest_Beta,11.9,21.7,W,21.5,56.4,0,13.8,go
2025-01-20T20:00:00,Nest_Beta,13.7,16.0,W,20.0,72.0,0,15.5,go
2025-01-20T21:00:00,Nest_Beta,15.2,21.9,E,19.1,70.9,0,13.9,go
2025-01-20T22:00:00,Nest_Beta,13.7,21.9,W,18.2,77.7,0,12.8,go
2025-01-20T23:00:00,Nest_Beta,15.0,18.4,NE,18.9,56.0,0,15.1,go
2025-01-20T00:00:00,Nest_Gamma,9.8,18.4,NE,16.7,65.4,0,16.4,go
2025-01-20T01:00:00,Nest_Gamma,4.8,7.1,E,16.8,59.1,0,16.4,go
2025-01-20T02:00:00,Nest_Gamma,7.5,9.9,N,17.0,69.6,0,14.9,go
2025-01-20T03:00:00,Nest_Gamma,7.1,10.5,SW,18.0,68.0,0,13.4,go
2025-01-20T04:00:00,Nest_Gamma,5.4,14.5,SE,17.7,59.5,0,14.3,go
2025-01-20T05:00:00,Nest_Gamma,3.8,6.9,SE,18.6,48.2,0,12.6,go
2025-01-20T06:00:00,Nest_Gamma,7.4,9.6,S,18.8,68.0,0,15.1,go
2025-01-20T07:00:00,Nest_Gamma,5.5,10.1,NE,19.8,53.5,0,13.8,go
2025-01-20T08:00:00,Nest_Gamma,7.6,13.0,S,22.0,52.8,0,15.2,go
2025-01-20T09:00:00,Nest_Gamma,7.2,16.2,N,22.4,50.2,0,16.0,go
2025-01-20T10:00:00,Nest_Gamma,5.7,13.3,W,23.8,55.0,0,15.6,go
2025-01-20T11:00:00,Nest_Gamma,12.7,15.4,W,24.5,61.6,0,15.5,go
2025-01-20T12:00:00,Nest_Gamma,7.3,9.7,SW,24.6,58.8,0,13.7,go
2025-01-20T13:00:00,Nest_Gamma,13.6,23.0,SE,24.4,62.4,0,16.0,go
2025-01-20T14:00:00,Nest_Gamma,14.9,21.1,SE,25.7,60.5,0,14.1,go
2025-01-20T15:00:00,Nest_Gamma,13.9,21.3,N,24.4,65.3,0,12.3,go
2025-01-20T16:00:00,Nest_Gamma,17.4,23.5,SW,22.8,59.3,0,13.1,go
2025-01-20T17:00:00,Nest_Gamma,14.8,22.4,NW,24.0,49.8,0,17.0,go
2025-01-20T18:00:00,Nest_Gamma,17.2,22.4,NE,22.9,49.3,0,14.4,go
2025-01-20T19:00:00,Nest_Gamma,16.8,23.3,N,20.9,73.1,0,15.8,go
2025-01-20T20:00:00,Nest_Gamma,14.9,23.8,N,20.1,60.8,0,15.0,go
2025-01-20T21:00:00,Nest_Gamma,12.8,20.3,W,18.8,57.0,0,15.2,go
2025-01-20T22:00:00,Nest_Gamma,9.2,13.0,N,18.7,65.8,0,14.5,go
2025-01-20T23:00:00,Nest_Gamma,6.9,13.2,SW,17.4,52.6,0,16.6,go
2025-01-20T00:00:00,Nest_Delta,12.5,22.0,SE,16.3,40.7,0,16.8,go
2025-01-20T01:00:00,Nest_Delta,12.5,14.8,NW,17.0,46.3,0,15.4,go
2025-01-20T02:00:00,Nest_Delta,9.9,17.5,W,16.8,54.2,0,12.4,go
2025-01-20T03:00:00,Nest_Delta,6.2,14.0,N,17.9,39.4,0,16.5,go
2025-01-20T04:00:00,Nest_Delta,8.9,11.1,SE,18.3,64.3,0,14.6,go
2025-01-20T05:00:00,Nest_Delta,4.1,7.9,E,19.8,54.7,0,17.1,go
2025-01-20T06:00:00,Nest_Delta,8.3,11.7,NW,19.9,50.8,0,15.3,go
2025-01-20T07:00:00,Nest_Delta,4.5,10.5,S,20.1,53.9,0,12.8,go
2025-01-20T08:00:00,Nest_Delta,10.5,19.0,NW,21.2,55.5,0,14.2,go
2025-01-20T09:00:00,Nest_Delta,8.6,18.3,S,22.0,39.6,0,14.6,go
2025-01-20T10:00:00,Nest_Delta,9.9,13.0,NE,23.6,59.7,0,15.3,go
2025-01-20T11:00:00,Nest_Delta,13.5,18.9,NE,25.3,55.0,0,13.2,go
2025-01-20T12:00:00,Nest_Delta,7.7,16.5,NW,25.8,46.2,0,16.1,go
2025-01-20T13:00:00,Nest_Delta,14.0,16.0,NE,24.9,69.9,0,13.5,go
2025-01-20T14:00:00,Nest_Delta,20.2,25.3,N,23.7,63.2,0,15.0,go
2025-01-20T15:00:00,Nest_Delta,15.4,18.7,SW,25.6,47.0,0,13.9,go
2025-01-20T16:00:00,Nest_Delta,16.8,26.7,NW,23.8,58.9,0,16.3,go
2025-01-20T17:00:00,Nest_Delta,19.7,28.3,S,22.1,67.8,0,14.9,go
2025-01-20T18:00:00,Nest_Delta,14.0,22.5,SW,22.1,65.8,0,12.7,go
2025-01-20T19:00:00,Nest_Delta,14.0,21.2,SE,20.2,57.1,0,17.3,go
2025-01-20T20:00:00,Nest_Delta,9.9,18.9,SW,19.9,69.1,0,15.1,go
2025-01-20T21:00:00,Nest_Delta,14.4,19.7,NE,18.7,72.3,0,16.8,go
2025-01-20T22:00:00,Nest_Delta,15.3,18.3,NW,18.8,54.0,0,14.5,go
2025-01-20T23:00:00,Nest_Delta,15.3,18.4,NE,18.2,70.4,0,14.2,go
2025-01-21T00:00:00,Nest_Alpha,8.9,18.9,SW,16.6,53.9,0,13.2,go
2025-01-21T01:00:00,Nest_Alpha,13.4,15.9,SW,16.7,55.8,0,15.1,go
2025-01-21T02:00:00,Nest_Alpha,9.6,16.0,N,17.8,69.4,0,14.1,go
2025-01-21T03:00:00,Nest_Alpha,7.3,10.2,N,17.2,69.9,0,15.5,go
2025-01-21T04:00:00,Nest_Alpha,6.9,12.9,E,18.3,64.7,0,14.9,go
2025-01-21T05:00:00,Nest_Alpha,9.5,18.7,SW,18.8,58.5,0,15.5,go
2025-01-21T06:00:00,Nest_Alpha,7.7,14.9,SE,19.7,52.3,0,14.5,go
2025-01-21T07:00:00,Nest_Alpha,15.6,18.1,S,21.2,72.0,0,14.5,go
2025-01-21T08:00:00,Nest_Alpha,7.0,12.9,NE,22.3,48.9,0,14.9,go
2025-01-21T09:00:00,Nest_Alpha,10.4,19.0,S,22.9,57.7,0,15.4,go
2025-01-21T10:00:00,Nest_Alpha,12.0,19.9,NW,24.1,44.1,0,17.3,go
2025-01-21T11:00:00,Nest_Alpha,15.4,24.5,S,25.9,64.1,0,16.0,go
2025-01-21T12:00:00,Nest_Alpha,15.4,24.6,NE,24.6,47.9,0,15.7,go
2025-01-21T13:00:00,Nest_Alpha,15.4,23.9,W,25.4,51.9,0,14.7,go
2025-01-21T14:00:00,Nest_Alpha,17.9,23.6,W,24.2,52.5,0,13.5,go
2025-01-21T15:00:00,Nest_Alpha,17.8,20.3,W,24.1,53.6,0,16.9,go
2025-01-21T16:00:00,Nest_Alpha,18.4,26.3,S,24.4,42.2,0,14.9,go
2025-01-21T17:00:00,Nest_Alpha,19.5,23.7,S,23.8,51.2,0,14.3,go
2025-01-21T18:00:00,Nest_Alpha,17.6,21.0,S,21.1,65.7,0,15.5,go
2025-01-21T19:00:00,Nest_Alpha,17.5,20.0,W,20.6,52.8,0,13.1,go
2025-01-21T20:00:00,Nest_Alpha,15.4,18.6,N,20.1,64.3,0,13.5,go
2025-01-21T21:00:00,Nest_Alpha,14.9,17.0,W,20.3,65.1,0,15.0,go
2025-01-21T22:00:00,Nest_Alpha,14.2,18.1,NW,18.4,65.8,0,14.0,go
2025-01-21T23:00:00,Nest_Alpha,15.5,22.3,S,18.2,66.2,0,16.1,go
2025-01-21T00:00:00,Nest_Beta,8.2,16.7,NE,16.0,56.1,0,15.3,go
2025-01-21T01:00:00,Nest_Beta,7.0,16.8,NW,18.4,59.2,0,16.7,go
2025-01-21T02:00:00,Nest_Beta,8.5,14.9,SW,16.5,68.8,0,14.4,go
2025-01-21T03:00:00,Nest_Beta,3.6,10.3,SW,17.5,55.8,0,16.2,go
2025-01-21T04:00:00,Nest_Beta,3.6,11.5,SW,18.2,51.5,0,14.4,go
2025-01-21T05:00:00,Nest_Beta,3.6,9.1,S,18.7,68.6,0,15.1,go
2025-01-21T06:00:00,Nest_Beta,8.3,10.3,NW,19.9,57.4,0,14.6,go
2025-01-21T07:00:00,Nest_Beta,2.9,7.8,N,21.2,53.2,0,14.4,go
2025-01-21T08:00:00,Nest_Beta,10.4,14.1,NW,23.2,78.3,0,14.1,go
2025-01-21T09:00:00,Nest_Beta,5.6,11.0,S,22.9,52.3,0,15.1,go
2025-01-21T10:00:00,Nest_Beta,11.9,18.4,SE,22.9,68.6,0,15.4,go
2025-01-21T11:00:00,Nest_Beta,10.3,19.0,NW,23.9,69.7,0,15.0,go
2025-01-21T12:00:00,Nest_Beta,12.1,21.4,S,25.0,38.7,0,16.1,go
2025-01-21T13:00:00,Nest_Beta,17.6,26.8,W,24.9,70.0,0,16.7,go
2025-01-21T14:00:00,Nest_Beta,17.6,21.9,N,25.5,51.3,0,14.0,go
2025-01-21T15:00:00,Nest_Beta,17.9,23.6,W,25.4,56.8,0,14.4,go
2025-01-21T16:00:00,Nest_Beta,13.4,21.4,E,23.6,52.5,0,15.9,go
2025-01-21T17:00:00,Nest_Beta,16.0,20.2,NE,23.0,65.3,0,14.6,go
2025-01-21T18:00:00,Nest_Beta,16.1,25.6,E,23.1,47.8,0,13.6,go
2025-01-21T19:00:00,Nest_Beta,13.8,21.3,E,20.5,51.6,0,15.0,go
2025-01-21T20:00:00,Nest_Beta,13.8,16.6,NW,20.0,67.6,0,17.2,go
2025-01-21T21:00:00,Nest_Beta,15.6,24.7,E,18.6,42.9,0,14.0,go
2025-01-21T22:00:00,Nest_Beta,10.1,13.4,NW,18.7,63.5,0,14.7,go
2025-01-21T23:00:00,Nest_Beta,14.3,22.9,S,18.2,55.8,0,14.5,go
2025-01-21T00:00:00,Nest_Gamma,9.3,17.1,E,17.6,72.7,0,13.9,go
2025-01-21T01:00:00,Nest_Gamma,4.8,8.0,SW,17.4,67.7,0,15.4,go
2025-01-21T02:00:00,Nest_Gamma,7.0,10.1,SW,17.8,65.7,0,14.5,go
2025-01-21T03:00:00,Nest_Gamma,6.9,13.2,SE,16.6,61.9,0,16.3,go
2025-01-21T04:00:00,Nest_Gamma,3.2,12.1,N,17.3,42.4,0,15.5,go
2025-01-21T05:00:00,Nest_Gamma,9.3,18.5,NE,19.3,54.3,0,16.7,go
2025-01-21T06:00:00,Nest_Gamma,4.8,10.4,SE,19.6,66.1,0,15.4,go
2025-01-21T07:00:00,Nest_Gamma,5.7,9.4,S,22.5,54.2,0,15.0,go
2025-01-21T08:00:00,Nest_Gamma,7.0,11.2,SW,21.0,44.6,0,15.4,go
2025-01-21T09:00:00,Nest_Gamma,5.9,12.9,NW,23.5,54.8,0,14.4,go
2025-01-21T10:00:00,Nest_Gamma,10.4,16.6,E,24.0,38.6,0,14.2,go
2025-01-21T11:00:00,Nest_Gamma,6.3,10.2,E,24.3,55.2,0,15.6,go
2025-01-21T12:00:00,Nest_Gamma,9.7,16.9,W,25.1,49.3,0,13.3,go
2025-01-21T13:00:00,Nest_Gamma,16.3,19.2,NW,24.7,65.4,0,14.9,go
2025-01-21T14:00:00,Nest_Gamma,12.0,21.3,NW,25.2,60.0,0,15.4,go
2025-01-21T15:00:00,Nest_Gamma,15.1,22.7,W,24.9,68.4,0,15.4,go
2025-01-21T16:00:00,Nest_Gamma,13.9,23.0,E,23.0,56.2,0,15.1,go
2025-01-21T17:00:00,Nest_Gamma,16.1,22.3,W,23.8,69.3,0,14.4,go
2025-01-21T18:00:00,Nest_Gamma,11.7,17.9,NW,22.2,58.1,0,13.5,go
2025-01-21T19:00:00,Nest_Gamma,15.7,18.6,S,22.3,53.6,0,14.8,go
2025-01-21T20:00:00,Nest_Gamma,14.8,23.5,SW,18.9,56.8,0,16.5,go
2025-01-21T21:00:00,Nest_Gamma,13.2,17.7,W,18.9,63.9,0,16.1,go
2025-01-21T22:00:00,Nest_Gamma,8.7,11.3,NW,18.1,57.2,0,16.1,go
2025-01-21T23:00:00,Nest_Gamma,13.2,21.9,SW,17.5,55.0,0,16.7,go
2025-01-21T00:00:00,Nest_Delta,7.0,11.5,S,18.2,53.0,0,14.1,go
2025-01-21T01:00:00,Nest_Delta,9.2,13.8,S,16.4,83.4,0,16.3,go
2025-01-21T02:00:00,Nest_Delta,10.4,14.9,S,16.4,58.4,0,16.9,go
2025-01-21T03:00:00,Nest_Delta,3.7,13.0,SW,17.5,76.0,0,13.7,go
2025-01-21T04:00:00,Nest_Delta,9.8,17.5,NW,18.1,57.5,0,14.2,go
2025-01-21T05:00:00,Nest_Delta,4.8,8.8,N,20.1,70.5,0,17.4,go
2025-01-21T06:00:00,Nest_Delta,7.4,15.6,E,20.5,65.1,0,14.6,go
2025-01-21T07:00:00,Nest_Delta,10.6,19.0,W,22.0,47.4,0,15.3,go
2025-01-21T08:00:00,Nest_Delta,7.9,15.5,NE,22.3,54.0,0,14.1,go
2025-01-21T09:00:00,Nest_Delta,11.7,16.2,SE,22.0,48.4,0,16.4,go
2025-01-21T10:00:00,Nest_Delta,10.7,17.7,W,22.9,63.6,0,14.4,go
2025-01-21T11:00:00,Nest_Delta,7.7,14.0,S,24.3,56.5,0,14.5,go
2025-01-21T12:00:00,Nest_Delta,17.7,20.5,N,23.3,51.6,0,14.7,go
2025-01-21T13:00:00,Nest_Delta,18.6,21.5,N,25.6,49.1,0,13.5,go
2025-01-21T14:00:00,Nest_Delta,14.5,23.3,NE,25.8,52.5,0,15.1,go
2025-01-21T15:00:00,Nest_Delta,17.2,27.2,E,24.8,60.9,0,14.0,go
2025-01-21T16:00:00,Nest_Delta,17.9,23.3,E,24.3,47.6,0,15.1,go
2025-01-21T17:00:00,Nest_Delta,17.7,21.5,SW,22.3,67.8,0,15.2,go
2025-01-21T18:00:00,Nest_Delta,19.9,22.0,SE,22.5,61.1,0,16.4,go
2025-01-21T19:00:00,Nest_Delta,20.4,24.8,N,20.1,47.1,0,15.2,go
2025-01-21T20:00:00,Nest_Delta,16.8,24.0,NE,19.9,66.8,0,16.2,go
2025-01-21T21:00:00,Nest_Delta,16.1,23.5,NE,20.4,65.7,0,15.0,go
2025-01-21T22:00:00,Nest_Delta,17.3,21.6,W,19.3,55.6,0,16.9,go
2025-01-21T23:00:00,Nest_Delta,13.6,21.0,SE,17.0,53.2,0,14.8,go
2025-01-22T00:00:00,Nest_Alpha,11.4,14.9,E,16.6,60.1,0,16.2,go
2025-01-22T01:00:00,Nest_Alpha,16.4,19.1,N,16.8,59.2,0,16.0,go
2025-01-22T02:00:00,Nest_Alpha,8.7,13.0,N,17.6,57.3,0,15.0,go
2025-01-22T03:00:00,Nest_Alpha,6.3,11.2,SE,17.6,79.5,0,15.3,go
2025-01-22T04:00:00,Nest_Alpha,9.6,16.1,W,18.4,64.5,0,13.1,go
2025-01-22T05:00:00,Nest_Alpha,5.0,12.8,SE,19.1,56.8,0,12.6,go
2025-01-22T06:00:00,Nest_Alpha,10.7,16.9,SW,19.9,64.4,0,14.5,go
2025-01-22T07:00:00,Nest_Alpha,8.9,13.5,N,21.3,49.2,0,14.7,go
2025-01-22T08:00:00,Nest_Alpha,7.3,16.7,SW,22.7,52.4,0,16.3,go
2025-01-22T09:00:00,Nest_Alpha,9.5,16.6,NE,23.1,62.6,0,15.5,go
2025-01-22T10:00:00,Nest_Alpha,15.5,23.9,NE,26.0,64.3,0,13.9,go
2025-01-22T11:00:00,Nest_Alpha,13.5,21.5,NE,24.3,56.0,0,15.3,go
2025-01-22T12:00:00,Nest_Alpha,12.7,17.6,SW,24.4,72.3,0,14.5,go
2025-01-22T13:00:00,Nest_Alpha,15.6,17.9,W,25.1,63.9,0,14.5,go
2025-01-22T14:00:00,Nest_Alpha,16.1,19.7,W,25.1,69.7,0,14.5,go
2025-01-22T15:00:00,Nest_Alpha,17.2,23.4,E,24.7,71.4,0,16.3,go
2025-01-22T16:00:00,Nest_Alpha,23.1,29.2,W,24.2,65.2,0,13.1,go
2025-01-22T17:00:00,Nest_Alpha,16.5,21.9,S,22.0,66.3,0,16.8,go
2025-01-22T18:00:00,Nest_Alpha,19.1,24.0,SW,22.4,59.4,0,15.9,go
2025-01-22T19:00:00,Nest_Alpha,14.7,21.8,S,22.5,60.8,0,14.0,go
2025-01-22T20:00:00,Nest_Alpha,19.9,28.1,NW,20.5,55.0,0,15.0,go
2025-01-22T21:00:00,Nest_Alpha,16.2,21.8,W,19.3,45.2,0,15.4,go
2025-01-22T22:00:00,Nest_Alpha,16.1,21.7,NE,18.6,64.3,0,13.8,go
2025-01-22T23:00:00,Nest_Alpha,11.4,15.0,NE,17.4,47.7,0,14.8,go
2025-01-22T00:00:00,Nest_Beta,6.3,14.3,NE,18.0,58.4,0,14.3,go
2025-01-22T01:00:00,Nest_Beta,11.7,19.0,W,16.3,57.3,0,14.0,go
2025-01-22T02:00:00,Nest_Beta,6.7,10.5,NW,17.4,56.1,0,15.0,go
2025-01-22T03:00:00,Nest_Beta,9.4,19.2,SE,16.4,72.4,0,17.0,go
2025-01-22T04:00:00,Nest_Beta,4.8,14.2,NW,19.0,60.9,0,14.7,go
2025-01-22T05:00:00,Nest_Beta,7.2,16.7,W,18.5,62.4,0,15.6,go
2025-01-22T06:00:00,Nest_Beta,6.6,12.5,E,21.8,62.8,0,14.8,go
2025-01-22T07:00:00,Nest_Beta,5.2,9.1,SW,21.1,54.7,0,14.5,go
2025-01-22T08:00:00,Nest_Beta,7.8,12.0,S,21.5,53.6,0,13.6,go
2025-01-22T09:00:00,Nest_Beta,18.1,23.7,NE,22.9,46.9,0,13.7,go
2025-01-22T10:00:00,Nest_Beta,9.7,12.0,S,23.1,56.0,0,15.0,go
2025-01-22T11:00:00,Nest_Beta,14.4,21.8,SE,22.7,43.3,0,16.0,go
2025-01-22T12:00:00,Nest_Beta,12.4,22.2,NW,24.8,68.6,0,15.0,go
2025-01-22T13:00:00,Nest_Beta,12.9,21.8,NE,24.2,54.1,0,16.4,go
2025-01-22T14:00:00,Nest_Beta,9.3,13.9,NW,25.5,55.6,0,14.4,go
2025-01-22T15:00:00,Nest_Beta,13.4,22.3,NE,23.2,63.0,0,16.2,go
2025-01-22T16:00:00,Nest_Beta,17.1,26.6,NE,24.2,54.2,0,16.5,go
2025-01-22T17:00:00,Nest_Beta,17.9,20.5,SW,22.5,64.5,0,14.1,go
2025-01-22T18:00:00,Nest_Beta,18.1,20.7,SE,21.9,74.4,0,15.6,go
2025-01-22T19:00:00,Nest_Beta,13.9,19.4,NW,20.7,64.3,0,14.6,go
2025-01-22T20:00:00,Nest_Beta,12.7,16.0,NE,20.3,61.0,0,14.8,go
2025-01-22T21:00:00,Nest_Beta,11.2,20.3,NW,18.7,63.9,0,13.4,go
2025-01-22T22:00:00,Nest_Beta,12.2,20.7,E,18.7,58.3,0,13.1,go
2025-01-22T23:00:00,Nest_Beta,8.7,13.3,S,17.2,52.6,0,17.2,go
2025-01-22T00:00:00,Nest_Gamma,9.9,14.5,NW,16.6,45.3,0,14.6,go
2025-01-22T01:00:00,Nest_Gamma,8.8,14.8,S,17.1,64.0,0,14.3,go
2025-01-22T02:00:00,Nest_Gamma,7.4,12.0,S,16.6,67.1,0,13.6,go
2025-01-22T03:00:00,Nest_Gamma,2,9.5,E,17.8,41.0,0,15.2,go
2025-01-22T04:00:00,Nest_Gamma,5.7,9.8,E,19.7,68.9,0,13.8,go
2025-01-22T05:00:00,Nest_Gamma,2,10.6,NW,18.6,46.7,0,15.1,go
2025-01-22T06:00:00,Nest_Gamma,5.7,14.8,S,18.7,65.4,0,15.8,go
2025-01-22T07:00:00,Nest_Gamma,6.3,9.8,NE,19.7,51.0,0,16.0,go
2025-01-22T08:00:00,Nest_Gamma,11.9,20.0,E,21.6,69.0,0,13.2,go
2025-01-22T09:00:00,Nest_Gamma,10.3,15.3,NE,23.0,56.1,0,15.2,go
2025-01-22T10:00:00,Nest_Gamma,7.5,12.8,NW,22.9,81.0,0,15.4,go
2025-01-22T11:00:00,Nest_Gamma,10.7,17.6,NE,24.5,49.8,0,13.7,go
2025-01-22T12:00:00,Nest_Gamma,9.8,15.1,N,23.7,66.8,0,14.2,go
2025-01-22T13:00:00,Nest_Gamma,12.0,21.0,N,24.9,46.0,0,15.5,go
2025-01-22T14:00:00,Nest_Gamma,13.7,16.7,NE,24.1,56.4,0,16.8,go
2025-01-22T15:00:00,Nest_Gamma,14.5,21.5,NE,25.0,48.8,0,14.9,go
2025-01-22T16:00:00,Nest_Gamma,16.4,25.9,N,24.1,60.1,0,15.7,go
2025-01-22T17:00:00,Nest_Gamma,19.2,29.1,SE,24.0,52.2,0,15.5,go
2025-01-22T18:00:00,Nest_Gamma,11.0,17.8,W,21.7,63.7,0,15.3,go
2025-01-22T19:00:00,Nest_Gamma,12.9,20.6,NW,20.5,58.9,0,14.7,go
2025-01-22T20:00:00,Nest_Gamma,14.1,20.1,NW,19.3,54.7,0,15.4,go
2025-01-22T21:00:00,Nest_Gamma,18.1,25.9,SE,18.8,60.7,0,15.5,go
2025-01-22T22:00:00,Nest_Gamma,12.1,20.2,E,18.7,62.9,0,14.4,go
2025-01-22T23:00:00,Nest_Gamma,10.9,14.7,SW,17.7,58.0,0,16.3,go
2025-01-22T00:00:00,Nest_Delta,12.6,18.3,E,17.3,59.2,0,14.4,go
2025-01-22T01:00:00,Nest_Delta,12.2,15.2,NE,17.2,39.1,0,14.2,go
2025-01-22T02:00:00,Nest_Delta,7.5,12.4,NE,15.6,68.9,0,15.6,go
2025-01-22T03:00:00,Nest_Delta,7.7,10.7,NE,17.9,63.0,0,15.2,go
2025-01-22T04:00:00,Nest_Delta,5.6,8.3,SE,16.9,65.9,0,16.9,go
2025-01-22T05:00:00,Nest_Delta,6.4,16.3,SW,19.2,43.7,0,15.2,go
2025-01-22T06:00:00,Nest_Delta,4.4,10.9,S,19.2,60.2,0,15.2,go
2025-01-22T07:00:00,Nest_Delta,8.9,16.8,E,21.7,55.5,0,14.7,go
2025-01-22T08:00:00,Nest_Delta,9.7,13.4,N,22.6,51.7,0,15.3,go
2025-01-22T09:00:00,Nest_Delta,10.2,14.5,E,23.0,61.2,0,15.2,go
2025-01-22T10:00:00,Nest_Delta,12.7,22.2,SW,23.3,61.3,0,15.7,go
2025-01-22T11:00:00,Nest_Delta,13.2,19.3,W,25.0,79.0,0,14.1,go
2025-01-22T12:00:00,Nest_Delta,13.6,19.8,N,26.1,69.2,0,15.5,go
2025-01-22T13:00:00,Nest_Delta,17.9,26.0,NW,25.3,52.0,0,16.2,go
2025-01-22T14:00:00,Nest_Delta,14.8,19.9,NW,25.3,43.7,0,16.4,go
2025-01-22T15:00:00,Nest_Delta,18.3,22.7,E,24.5,46.1,0,14.1,go
2025-01-22T16:00:00,Nest_Delta,11.9,20.4,W,23.3,62.3,0,13.9,go
2025-01-22T17:00:00,Nest_Delta,18.9,21.6,SE,23.1,73.3,0,15.1,go
2025-01-22T18:00:00,Nest_Delta,20.0,28.0,SE,22.7,71.9,0,15.0,go
2025-01-22T19:00:00,Nest_Delta,11.2,16.1,N,21.4,64.8,0,15.4,go
2025-01-22T20:00:00,Nest_Delta,13.7,23.7,N,20.7,46.8,0,14.2,go
2025-01-22T21:00:00,Nest_Delta,14.8,21.4,S,19.0,64.3,0,14.5,go
2025-01-22T22:00:00,Nest_Delta,14.6,24.6,NW,18.5,59.4,0,16.9,go
2025-01-22T23:00:00,Nest_Delta,11.0,21.0,NE,16.5,68.0,0,13.4,go
2025-01-23T00:00:00,Nest_Alpha,11.1,17.7,SE,16.8,54.8,0,15.9,go
2025-01-23T01:00:00,Nest_Alpha,10.0,19.6,N,17.1,51.5,0,16.6,go
2025-01-23T02:00:00,Nest_Alpha,7.6,12.6,S,17.5,52.3,0,12.5,go
2025-01-23T03:00:00,Nest_Alpha,5.0,11.9,W,18.2,48.3,0,15.2,go
2025-01-23T04:00:00,Nest_Alpha,10.3,17.2,SW,18.9,63.3,0,14.2,go
2025-01-23T05:00:00,Nest_Alpha,8.3,10.7,SW,17.4,57.1,0,15.5,go
2025-01-23T06:00:00,Nest_Alpha,8.0,16.9,NW,20.7,62.0,0,15.0,go
2025-01-23T07:00:00,Nest_Alpha,7.7,14.5,S,20.7,69.4,0,15.1,go
2025-01-23T08:00:00,Nest_Alpha,10.7,18.8,S,21.6,62.4,0,15.4,go
2025-01-23T09:00:00,Nest_Alpha,10.6,16.0,E,22.2,49.3,0,13.7,go
2025-01-23T10:00:00,Nest_Alpha,13.4,17.3,SE,25.0,69.5,0,14.4,go
2025-01-23T11:00:00,Nest_Alpha,12.4,18.4,NE,25.0,47.3,0,15.5,go
2025-01-23T12:00:00,Nest_Alpha,8.8,16.4,NE,25.5,61.2,0,15.3,go
2025-01-23T13:00:00,Nest_Alpha,16.2,23.5,N,23.8,46.2,0,14.4,go
2025-01-23T14:00:00,Nest_Alpha,11.3,14.3,W,25.2,59.2,0,14.8,go
2025-01-23T15:00:00,Nest_Alpha,18.6,22.5,SE,23.6,66.8,0,14.6,go
2025-01-23T16:00:00,Nest_Alpha,19.2,21.2,SE,24.7,45.9,0,15.2,go
2025-01-23T17:00:00,Nest_Alpha,20.9,25.5,SW,22.9,55.1,0,15.3,go
2025-01-23T18:00:00,Nest_Alpha,17.6,20.2,N,22.6,60.2,0,14.5,go
2025-01-23T19:00:00,Nest_Alpha,16.3,21.2,S,20.8,53.7,0,14.2,go
2025-01-23T20:00:00,Nest_Alpha,21.5,31.0,SW,20.4,59.6,0,15.1,go
2025-01-23T21:00:00,Nest_Alpha,12.5,20.0,E,19.4,57.0,0,14.9,go
2025-01-23T22:00:00,Nest_Alpha,17.7,26.4,NE,17.4,58.9,0,16.0,go
2025-01-23T23:00:00,Nest_Alpha,14.2,23.6,E,17.4,63.2,0,16.7,go
2025-01-23T00:00:00,Nest_Beta,8.1,17.3,N,16.4,60.9,0,16.1,go
2025-01-23T01:00:00,Nest_Beta,5.9,8.8,W,18.0,74.1,0,16.0,go
2025-01-23T02:00:00,Nest_Beta,6.1,9.5,SW,17.2,46.5,0,15.1,go
2025-01-23T03:00:00,Nest_Beta,2,7.7,SE,17.2,57.5,0,16.1,go
2025-01-23T04:00:00,Nest_Beta,8.0,16.6,SW,17.6,49.6,0,15.1,go
2025-01-23T05:00:00,Nest_Beta,4.6,13.8,N,19.8,55.6,0,13.8,go
2025-01-23T06:00:00,Nest_Beta,4.0,13.3,NW,19.6,51.4,0,15.2,go
2025-01-23T07:00:00,Nest_Beta,3.5,6.0,NW,21.4,54.5,0,15.1,go
2025-01-23T08:00:00,Nest_Beta,6.8,14.0,SW,22.6,65.1,0,16.1,go
2025-01-23T09:00:00,Nest_Beta,16.9,24.4,SE,22.6,71.8,0,14.2,go
2025-01-23T10:00:00,Nest_Beta,8.3,13.4,SE,25.9,53.2,0,14.4,go
2025-01-23T11:00:00,Nest_Beta,13.1,21.7,W,25.0,62.5,0,14.7,go
2025-01-23T12:00:00,Nest_Beta,10.7,20.4,W,26.2,75.1,0,14.3,go
2025-01-23T13:00:00,Nest_Beta,18.8,23.5,NE,24.9,52.4,0,16.0,go
2025-01-23T14:00:00,Nest_Beta,15.0,18.3,SE,26.1,41.2,0,15.0,go
2025-01-23T15:00:00,Nest_Beta,14.7,23.2,SW,23.5,66.5,0,15.5,go
2025-01-23T16:00:00,Nest_Beta,16.0,20.6,W,24.5,55.5,0,14.0,go
2025-01-23T17:00:00,Nest_Beta,15.7,22.4,NW,23.1,58.1,0,14.9,go
2025-01-23T18:00:00,Nest_Beta,20.7,24.2,S,21.7,52.4,0,15.8,go
2025-01-23T19:00:00,Nest_Beta,17.0,26.4,NW,21.4,47.4,0,13.3,go
2025-01-23T20:00:00,Nest_Beta,13.0,17.2,N,20.2,65.4,0,13.7,go
2025-01-23T21:00:00,Nest_Beta,13.2,18.8,S,19.8,49.0,0,15.2,go
2025-01-23T22:00:00,Nest_Beta,14.2,23.9,S,16.9,51.1,0,13.5,go
2025-01-23T23:00:00,Nest_Beta,6.4,13.1,SW,18.6,68.7,0,14.6,go
2025-01-23T00:00:00,Nest_Gamma,11.7,21.4,NE,17.5,52.9,0,13.7,go
2025-01-23T01:00:00,Nest_Gamma,4.3,10.4,S,16.7,57.1,0,15.2,go
2025-01-23T02:00:00,Nest_Gamma,8.2,12.4,E,17.0,65.9,0,15.7,go
2025-01-23T03:00:00,Nest_Gamma,5.1,14.6,SW,17.0,49.4,0,13.9,go
2025-01-23T04:00:00,Nest_Gamma,6.3,9.7,NW,18.0,58.1,0,15.6,go
2025-01-23T05:00:00,Nest_Gamma,2,7.6,E,20.8,50.6,0,14.5,go
2025-01-23T06:00:00,Nest_Gamma,5.9,10.2,SE,20.0,68.0,0,15.2,go
2025-01-23T07:00:00,Nest_Gamma,8.4,13.5,W,20.2,63.2,0,15.1,go
2025-01-23T08:00:00,Nest_Gamma,5.9,9.6,NW,20.6,67.4,0,15.5,go
2025-01-23T09:00:00,Nest_Gamma,8.9,15.9,W,23.4,55.3,0,15.0,go
2025-01-23T10:00:00,Nest_Gamma,9.2,11.5,SE,23.0,48.6,0,15.2,go
2025-01-23T11:00:00,Nest_Gamma,14.0,16.8,W,24.0,62.9,0,14.2,go
2025-01-23T12:00:00,Nest_Gamma,10.7,16.1,S,23.7,49.0,0,14.9,go
2025-01-23T13:00:00,Nest_Gamma,15.0,23.0,N,25.1,60.1,0,15.0,go
2025-01-23T14:00:00,Nest_Gamma,9.0,18.8,N,24.4,56.9,0,14.2,go
2025-01-23T15:00:00,Nest_Gamma,12.1,18.5,S,24.9,38.3,0,14.8,go
2025-01-23T16:00:00,Nest_Gamma,13.6,20.9,E,23.6,62.7,0,17.9,go
2025-01-23T17:00:00,Nest_Gamma,14.1,18.1,S,23.6,75.1,0,15.6,go
2025-01-23T18:00:00,Nest_Gamma,11.1,14.9,SW,21.6,55.5,0,15.0,go
2025-01-23T19:00:00,Nest_Gamma,12.0,19.5,W,19.6,55.7,0,13.6,go
2025-01-23T20:00:00,Nest_Gamma,12.1,22.0,W,18.7,51.8,0,15.9,go
2025-01-23T21:00:00,Nest_Gamma,17.0,23.6,SW,19.8,65.1,0,13.8,go
2025-01-23T22:00:00,Nest_Gamma,13.7,18.0,S,19.7,40.2,0,14.0,go
2025-01-23T23:00:00,Nest_Gamma,10.4,18.2,S,16.5,53.7,0,16.2,go
2025-01-23T00:00:00,Nest_Delta,9.2,12.0,NW,17.9,58.7,0,14.4,go
2025-01-23T01:00:00,Nest_Delta,12.3,17.2,NW,17.2,42.2,0,14.0,go
2025-01-23T02:00:00,Nest_Delta,8.6,12.4,W,17.6,54.7,0,14.4,go
2025-01-23T03:00:00,Nest_Delta,6.1,15.3,NE,17.9,68.9,0,14.6,go
2025-01-23T04:00:00,Nest_Delta,5.2,13.1,S,19.3,57.8,0,15.9,go
2025-01-23T05:00:00,Nest_Delta,9.9,16.9,S,19.8,78.7,0,14.3,go
2025-01-23T06:00:00,Nest_Delta,10.5,16.7,NE,20.2,67.4,0,14.0,go
2025-01-23T07:00:00,Nest_Delta,13.5,21.4,N,20.6,72.1,0,16.5,go
2025-01-23T08:00:00,Nest_Delta,5.8,15.5,NE,22.0,50.2,0,15.7,go
2025-01-23T09:00:00,Nest_Delta,5.9,11.2,N,24.0,68.0,0,14.4,go
2025-01-23T10:00:00,Nest_Delta,10.8,13.3,SE,23.4,58.6,0,15.4,go
2025-01-23T11:00:00,Nest_Delta,10.1,13.6,NE,24.1,49.9,0,15.6,go
2025-01-23T12:00:00,Nest_Delta,16.6,25.3,W,24.0,43.9,0,15.9,go
2025-01-23T13:00:00,Nest_Delta,13.8,21.7,SW,25.9,45.9,0,15.3,go
2025-01-23T14:00:00,Nest_Delta,16.4,24.0,NE,23.6,57.2,0,15.2,go
2025-01-23T15:00:00,Nest_Delta,17.3,25.5,N,24.1,48.3,0,15.8,go
2025-01-23T16:00:00,Nest_Delta,17.5,19.7,NW,24.0,49.9,0,15.7,go
2025-01-23T17:00:00,Nest_Delta,14.8,17.7,NW,23.2,56.6,0,15.8,go
2025-01-23T18:00:00,Nest_Delta,14.3,24.2,E,22.6,62.6,0,16.1,go
2025-01-23T19:00:00,Nest_Delta,16.7,25.1,SE,20.9,51.6,0,14.9,go
2025-01-23T20:00:00,Nest_Delta,15.1,17.3,NE,20.9,75.6,0,15.4,go
2025-01-23T21:00:00,Nest_Delta,14.3,18.1,NE,19.1,62.9,0,13.7,go
2025-01-23T22:00:00,Nest_Delta,15.9,22.2,N,18.5,57.8,0,14.3,go
2025-01-23T23:00:00,Nest_Delta,14.9,22.7,S,17.8,52.8,0,14.7,go
2025-01-24T00:00:00,Nest_Alpha,11.2,20.3,S,18.1,57.6,0,14.0,go
2025-01-24T01:00:00,Nest_Alpha,12.3,17.2,E,17.2,63.1,0,13.3,go
2025-01-24T02:00:00,Nest_Alpha,10.5,15.2,S,17.0,54.4,0,16.1,go
2025-01-24T03:00:00,Nest_Alpha,8.1,15.7,SE,17.2,56.8,0,15.6,go
2025-01-24T04:00:00,Nest_Alpha,5.5,7.8,NE,19.2,49.8,0,15.3,go
2025-01-24T05:00:00,Nest_Alpha,10.6,16.9,N,19.3,57.6,0,16.5,go
2025-01-24T06:00:00,Nest_Alpha,8.4,10.9,NE,19.7,64.9,0,15.0,go
2025-01-24T07:00:00,Nest_Alpha,8.8,11.3,SW,20.9,62.3,0,15.4,go
2025-01-24T08:00:00,Nest_Alpha,13.1,17.4,W,22.2,53.8,0,14.5,go
2025-01-24T09:00:00,Nest_Alpha,10.1,19.9,SW,24.1,61.2,0,13.3,go
2025-01-24T10:00:00,Nest_Alpha,13.8,17.8,SE,23.4,68.5,0,16.0,go
2025-01-24T11:00:00,Nest_Alpha,14.1,21.3,N,24.4,50.8,0,15.3,go
2025-01-24T12:00:00,Nest_Alpha,15.5,24.9,E,24.3,55.1,0,15.1,go
2025-01-24T13:00:00,Nest_Alpha,17.5,21.5,NE,24.7,72.5,0,16.0,go
2025-01-24T14:00:00,Nest_Alpha,16.6,21.0,NE,23.7,60.6,0,14.0,go
2025-01-24T15:00:00,Nest_Alpha,23.3,33.0,SW,23.8,46.9,0,14.2,go
2025-01-24T16:00:00,Nest_Alpha,19.7,27.2,N,23.9,66.7,0,14.4,go
2025-01-24T17:00:00,Nest_Alpha,16.4,21.5,W,24.5,75.4,0,15.4,go
2025-01-24T18:00:00,Nest_Alpha,20.0,23.5,NE,21.3,54.4,0,15.1,go
2025-01-24T19:00:00,Nest_Alpha,19.7,28.5,W,21.7,68.4,0,15.4,go
2025-01-24T20:00:00,Nest_Alpha,13.4,19.8,NW,19.8,55.1,0,15.4,go
2025-01-24T21:00:00,Nest_Alpha,15.4,22.5,SW,19.4,48.2,0,14.2,go
2025-01-24T22:00:00,Nest_Alpha,14.1,20.2,NE,17.7,61.2,0,15.7,go
2025-01-24T23:00:00,Nest_Alpha,14.7,18.5,NW,17.3,60.2,0,13.8,go
2025-01-24T00:00:00,Nest_Beta,10.7,14.3,SE,17.3,35.6,0,15.9,go
2025-01-24T01:00:00,Nest_Beta,3.3,12.5,SW,15.6,65.2,0,15.7,go
2025-01-24T02:00:00,Nest_Beta,10.1,18.2,W,18.1,61.5,0,14.3,go
2025-01-24T03:00:00,Nest_Beta,5.4,7.5,SW,17.9,58.8,0,15.0,go
2025-01-24T04:00:00,Nest_Beta,3.8,11.5,SE,16.3,54.0,0,13.6,go
2025-01-24T05:00:00,Nest_Beta,9.4,13.5,W,20.3,59.5,0,14.8,go
2025-01-24T06:00:00,Nest_Beta,4.2,7.0,W,19.8,74.1,0,16.6,go
2025-01-24T07:00:00,Nest_Beta,6.7,10.2,NW,20.2,62.7,0,16.3,go
2025-01-24T08:00:00,Nest_Beta,7.1,13.7,SW,22.5,46.9,0,15.8,go
2025-01-24T09:00:00,Nest_Beta,11.4,16.0,SW,23.0,53.6,0,15.3,go
2025-01-24T10:00:00,Nest_Beta,9.8,15.9,N,23.0,49.3,0,15.7,go
2025-01-24T11:00:00,Nest_Beta,6.2,12.0,SE,24.5,49.0,0,17.2,go
2025-01-24T12:00:00,Nest_Beta,13.1,20.1,E,23.7,37.4,0,17.6,go
2025-01-24T13:00:00,Nest_Beta,11.4,19.9,NW,26.1,45.1,0,14.8,go
2025-01-24T14:00:00,Nest_Beta,13.6,22.9,NE,25.2,50.5,0,14.9,go
2025-01-24T15:00:00,Nest_Beta,17.3,22.4,SW,25.9,68.7,0,13.3,go
2025-01-24T16:00:00,Nest_Beta,16.9,20.6,W,23.4,69.2,0,14.7,go
2025-01-24T17:00:00,Nest_Beta,13.9,22.7,SE,22.4,58.0,0,14.5,go
2025-01-24T18:00:00,Nest_Beta,17.4,26.8,SE,21.5,62.9,0,14.7,go
2025-01-24T19:00:00,Nest_Beta,16.3,23.7,N,19.4,66.2,0,15.2,go
2025-01-24T20:00:00,Nest_Beta,15.5,20.0,SE,19.3,54.6,0,14.5,go
2025-01-24T21:00:00,Nest_Beta,11.6,20.1,NE,19.5,57.2,0,13.5,go
2025-01-24T22:00:00,Nest_Beta,8.4,18.0,E,18.4,59.4,0,15.5,go
2025-01-24T23:00:00,Nest_Beta,8.6,17.8,NE,17.9,80.8,0,14.6,go
2025-01-24T00:00:00,Nest_Gamma,6.4,16.3,N,17.2,64.7,0,14.1,go
2025-01-24T01:00:00,Nest_Gamma,11.2,16.5,N,17.7,59.1,0,15.0,go
2025-01-24T02:00:00,Nest_Gamma,3.4,13.3,NW,17.7,54.7,0,14.2,go
2025-01-24T03:00:00,Nest_Gamma,7.8,10.6,S,17.5,55.5,0,13.2,go
2025-01-24T04:00:00,Nest_Gamma,7.8,11.2,NE,17.6,53.7,0,15.1,go
2025-01-24T05:00:00,Nest_Gamma,4.2,8.8,NE,19.1,55.3,0,15.3,go
2025-01-24T06:00:00,Nest_Gamma,4.6,14.0,SE,20.7,54.5,0,16.0,go
2025-01-24T07:00:00,Nest_Gamma,6.8,10.3,N,22.2,53.6,0,16.8,go
2025-01-24T08:00:00,Nest_Gamma,9.9,12.3,E,22.4,59.6,0,14.0,go
2025-01-24T09:00:00,Nest_Gamma,5.0,8.5,E,23.3,62.4,0,14.2,go
2025-01-24T10:00:00,Nest_Gamma,8.2,16.6,S,24.4,65.5,0,14.1,go
2025-01-24T11:00:00,Nest_Gamma,13.8,22.9,W,25.5,46.9,0,14.3,go
2025-01-24T12:00:00,Nest_Gamma,10.4,17.8,W,25.0,58.8,0,15.2,go
2025-01-24T13:00:00,Nest_Gamma,11.6,15.8,NW,25.1,51.6,0,15.1,go
2025-01-24T14:00:00,Nest_Gamma,13.1,17.8,SE,25.7,55.3,0,15.3,go
2025-01-24T15:00:00,Nest_Gamma,12.6,16.6,S,23.6,65.7,0,16.0,go
2025-01-24T16:00:00,Nest_Gamma,16.9,25.1,NW,23.3,63.7,0,13.9,go
2025-01-24T17:00:00,Nest_Gamma,13.0,16.6,W,23.6,52.9,0,14.8,go
2025-01-24T18:00:00,Nest_Gamma,18.4,20.5,E,21.2,50.1,0,14.7,go
2025-01-24T19:00:00,Nest_Gamma,13.3,15.7,NE,21.0,45.8,0,15.0,go
2025-01-24T20:00:00,Nest_Gamma,12.2,15.0,SW,19.9,44.9,0,16.5,go
2025-01-24T21:00:00,Nest_Gamma,9.1,16.6,S,18.8,54.1,0,14.8,go
2025-01-24T22:00:00,Nest_Gamma,8.2,10.4,S,18.9,57.4,0,16.0,go
2025-01-24T23:00:00,Nest_Gamma,10.8,20.7,W,17.5,76.6,0,15.8,go
2025-01-24T00:00:00,Nest_Delta,10.9,20.2,E,17.6,70.1,0,16.3,go
2025-01-24T01:00:00,Nest_Delta,8.1,16.6,SE,18.1,54.1,0,14.8,go
2025-01-24T02:00:00,Nest_Delta,8.6,15.9,NE,17.6,61.4,0,15.8,go
2025-01-24T03:00:00,Nest_Delta,7.9,11.8,S,18.5,55.2,0,14.9,go
2025-01-24T04:00:00,Nest_Delta,7.2,15.3,SE,18.6,46.3,0,15.7,go
2025-01-24T05:00:00,Nest_Delta,2.7,9.2,SW,18.9,63.5,0,15.8,go
2025-01-24T06:00:00,Nest_Delta,6.9,11.2,S,20.0,69.6,0,14.7,go
2025-01-24T07:00:00,Nest_Delta,8.5,15.2,SE,21.8,45.3,0,14.2,go
2025-01-24T08:00:00,Nest_Delta,9.6,12.1,S,22.7,53.5,0,16.1,go
2025-01-24T09:00:00,Nest_Delta,10.5,16.9,SE,22.0,56.6,0,16.1,go
2025-01-24T10:00:00,Nest_Delta,15.6,25.4,SE,23.9,39.3,0,14.7,go
2025-01-24T11:00:00,Nest_Delta,10.0,19.6,NE,24.2,56.5,0,15.0,go
2025-01-24T12:00:00,Nest_Delta,16.0,21.8,S,25.5,60.8,0,14.1,go
2025-01-24T13:00:00,Nest_Delta,18.0,20.4,SE,25.4,56.8,0,16.1,go
2025-01-24T14:00:00,Nest_Delta,13.2,20.8,SE,25.1,53.8,0,15.7,go
2025-01-24T15:00:00,Nest_Delta,17.7,25.4,N,25.0,62.6,0,15.9,go
2025-01-24T16:00:00,Nest_Delta,16.8,21.8,E,23.5,72.4,0,14.4,go
2025-01-24T17:00:00,Nest_Delta,14.6,20.6,E,23.5,60.6,0,15.3,go
2025-01-24T18:00:00,Nest_Delta,15.2,20.0,W,22.3,60.2,0,14.0,go
2025-01-24T19:00:00,Nest_Delta,16.5,22.4,S,22.0,56.6,0,15.2,go
2025-01-24T20:00:00,Nest_Delta,18.4,28.1,E,20.4,55.2,0,15.5,go
2025-01-24T21:00:00,Nest_Delta,14.2,23.5,SE,18.2,59.7,0,16.6,go
2025-01-24T22:00:00,Nest_Delta,14.6,20.5,SW,19.5,70.6,0,15.6,go
2025-01-24T23:00:00,Nest_Delta,9.9,19.1,NE,18.1,48.7,0,14.2,go
2025-01-25T00:00:00,Nest_Alpha,9.4,16.0,S,17.4,53.9,0,13.6,go
2025-01-25T01:00:00,Nest_Alpha,12.5,20.4,S,16.9,64.3,0,14.8,go
2025-01-25T02:00:00,Nest_Alpha,7.7,12.9,SW,17.6,62.7,0,15.1,go
2025-01-25T03:00:00,Nest_Alpha,8.5,14.8,N,18.2,58.9,0,14.0,go
2025-01-25T04:00:00,Nest_Alpha,7.4,14.8,NW,17.6,37.9,0,13.4,go
2025-01-25T05:00:00,Nest_Alpha,6.2,15.2,E,18.4,52.9,0,14.0,go
2025-01-25T06:00:00,Nest_Alpha,6.1,11.4,NW,20.6,64.9,0,13.3,go
2025-01-25T07:00:00,Nest_Alpha,5.8,9.0,W,20.6,52.0,0,14.2,go
2025-01-25T08:00:00,Nest_Alpha,10.6,13.4,SW,21.4,52.4,0,14.8,go
2025-01-25T09:00:00,Nest_Alpha,9.3,16.5,E,21.6,67.9,0,15.5,go
2025-01-25T10:00:00,Nest_Alpha,11.1,16.2,NW,23.2,72.0,0,14.4,go
2025-01-25T11:00:00,Nest_Alpha,12.7,19.5,NW,25.2,61.2,0,14.7,go
2025-01-25T12:00:00,Nest_Alpha,15.3,21.1,SW,24.9,58.7,0,15.1,go
2025-01-25T13:00:00,Nest_Alpha,14.2,16.3,N,24.8,52.5,0,15.4,go
2025-01-25T14:00:00,Nest_Alpha,20.0,24.5,S,25.3,72.7,0,13.2,go
2025-01-25T15:00:00,Nest_Alpha,13.5,22.3,NE,25.0,70.1,0,14.9,go
2025-01-25T16:00:00,Nest_Alpha,18.3,24.8,N,25.1,46.5,0,13.9,go
2025-01-25T17:00:00,Nest_Alpha,14.2,21.5,N,24.0,63.5,0,14.6,go
2025-01-25T18:00:00,Nest_Alpha,16.5,21.4,NW,22.1,70.3,0,15.0,go
2025-01-25T19:00:00,Nest_Alpha,15.9,25.2,SE,21.1,50.7,0,13.9,go
2025-01-25T20:00:00,Nest_Alpha,10.8,14.1,SW,19.9,59.2,0,14.0,go
2025-01-25T21:00:00,Nest_Alpha,15.9,22.2,E,18.6,47.3,0,13.9,go
2025-01-25T22:00:00,Nest_Alpha,15.3,17.4,W,17.6,42.4,0,15.9,go
2025-01-25T23:00:00,Nest_Alpha,12.7,17.7,SE,17.2,55.5,0,14.2,go
2025-01-25T00:00:00,Nest_Beta,9.0,12.5,N,17.6,45.6,0,14.8,go
2025-01-25T01:00:00,Nest_Beta,6.5,13.7,W,16.4,68.8,0,16.7,go
2025-01-25T02:00:00,Nest_Beta,6.7,11.9,SE,17.6,57.6,0,14.7,go
2025-01-25T03:00:00,Nest_Beta,9.8,11.8,E,17.8,54.7,0,14.1,go
2025-01-25T04:00:00,Nest_Beta,3.7,13.1,SE,18.5,46.7,0,14.2,go
2025-01-25T05:00:00,Nest_Beta,6.9,13.2,W,18.4,78.2,0,15.0,go
2025-01-25T06:00:00,Nest_Beta,8.4,18.1,W,19.5,63.7,0,14.1,go
2025-01-25T07:00:00,Nest_Beta,8.7,14.3,SE,20.3,71.9,0,13.3,go
2025-01-25T08:00:00,Nest_Beta,8.1,15.9,S,22.0,77.8,0,15.0,go
2025-01-25T09:00:00,Nest_Beta,9.6,13.1,S,22.7,56.7,0,14.4,go
2025-01-25T10:00:00,Nest_Beta,12.5,20.9,E,24.3,48.9,0,15.3,go
2025-01-25T11:00:00,Nest_Beta,13.4,19.2,SE,24.4,64.7,0,14.4,go
2025-01-25T12:00:00,Nest_Beta,11.2,16.5,S,26.0,65.2,0,14.9,go
2025-01-25T13:00:00,Nest_Beta,15.5,21.3,S,25.2,55.5,0,16.4,go
2025-01-25T14:00:00,Nest_Beta,14.8,21.7,N,25.6,81.0,0,15.1,go
2025-01-25T15:00:00,Nest_Beta,16.7,19.4,S,24.8,62.3,0,14.9,go
2025-01-25T16:00:00,Nest_Beta,13.0,18.8,NE,24.3,63.0,0,12.8,go
2025-01-25T17:00:00,Nest_Beta,17.9,25.4,N,23.2,59.2,0,15.9,go
2025-01-25T18:00:00,Nest_Beta,17.8,25.4,SE,22.8,57.2,0,13.7,go
2025-01-25T19:00:00,Nest_Beta,16.9,22.5,NW,20.8,62.3,0,13.8,go
2025-01-25T20:00:00,Nest_Beta,15.1,21.0,NE,20.6,49.1,0,15.2,go
2025-01-25T21:00:00,Nest_Beta,9.7,12.7,NW,18.3,69.4,0,15.7,go
2025-01-25T22:00:00,Nest_Beta,12.3,18.6,SE,18.3,47.4,0,15.3,go
2025-01-25T23:00:00,Nest_Beta,9.1,16.0,SE,17.8,47.9,0,15.1,go
2025-01-25T00:00:00,Nest_Gamma,9.2,14.8,N,17.3,71.1,0,16.2,go
2025-01-25T01:00:00,Nest_Gamma,10.8,14.3,E,17.6,63.5,0,14.4,go
2025-01-25T02:00:00,Nest_Gamma,2,11.4,NE,16.0,59.5,0,16.2,go
2025-01-25T03:00:00,Nest_Gamma,5.8,10.1,N,17.9,63.2,0,14.1,go
2025-01-25T04:00:00,Nest_Gamma,6.8,16.6,SE,18.5,46.6,0,14.6,go
2025-01-25T05:00:00,Nest_Gamma,4.8,13.7,NW,20.1,66.2,0,14.8,go
2025-01-25T06:00:00,Nest_Gamma,3.8,9.5,SW,18.9,51.1,0,15.6,go
2025-01-25T07:00:00,Nest_Gamma,7.7,10.8,SE,21.6,52.4,0,15.3,go
2025-01-25T08:00:00,Nest_Gamma,4.5,13.6,NW,22.2,55.1,0,14.2,go
2025-01-25T09:00:00,Nest_Gamma,7.2,14.4,N,22.7,59.9,0,18,go
2025-01-25T10:00:00,Nest_Gamma,6.6,9.0,SE,23.0,45.1,0,15.4,go
2025-01-25T11:00:00,Nest_Gamma,14.2,23.2,E,23.8,52.1,0,16.1,go
2025-01-25T12:00:00,Nest_Gamma,11.7,18.5,NE,24.7,63.1,0,13.8,go
2025-01-25T13:00:00,Nest_Gamma,12.4,17.8,S,24.7,51.9,0,16.6,go
2025-01-25T14:00:00,Nest_Gamma,12.5,19.3,NW,25.8,49.8,0,14.2,go
2025-01-25T15:00:00,Nest_Gamma,11.8,21.2,N,24.3,64.8,0,14.6,go
2025-01-25T16:00:00,Nest_Gamma,10.7,15.9,N,24.2,59.9,0,16.3,go
2025-01-25T17:00:00,Nest_Gamma,13.2,22.9,SE,22.9,51.4,0,13.8,go
2025-01-25T18:00:00,Nest_Gamma,12.1,14.2,W,22.8,63.2,0,14.3,go
2025-01-25T19:00:00,Nest_Gamma,15.1,25.0,S,21.7,59.7,0,15.3,go
2025-01-25T20:00:00,Nest_Gamma,16.0,20.0,W,21.0,53.8,0,14.9,go
2025-01-25T21:00:00,Nest_Gamma,10.7,13.3,W,19.3,75.9,0,14.8,go
2025-01-25T22:00:00,Nest_Gamma,8.9,16.5,S,19.0,62.1,0,16.0,go
2025-01-25T23:00:00,Nest_Gamma,12.6,17.1,NW,17.5,46.1,0,14.1,go
2025-01-25T00:00:00,Nest_Delta,16.5,19.9,N,17.9,50.1,0,13.9,go
2025-01-25T01:00:00,Nest_Delta,9.3,16.2,NW,16.8,65.3,0,14.8,go
2025-01-25T02:00:00,Nest_Delta,8.4,17.6,N,17.6,42.8,0,15.6,go
2025-01-25T03:00:00,Nest_Delta,6.9,15.0,S,17.0,60.3,0,13.8,go
2025-01-25T04:00:00,Nest_Delta,6.6,10.6,N,18.3,64.5,0,14.8,go
2025-01-25T05:00:00,Nest_Delta,9.3,18.5,N,19.0,60.1,0,15.9,go
2025-01-25T06:00:00,Nest_Delta,9.0,17.9,E,19.8,46.1,0,12.8,go
2025-01-25T07:00:00,Nest_Delta,4.4,8.1,E,20.9,50.4,0,15.8,go
2025-01-25T08:00:00,Nest_Delta,11.9,14.3,W,21.7,60.4,0,15.1,go
2025-01-25T09:00:00,Nest_Delta,12.2,16.2,SE,22.3,61.1,0,16.1,go
2025-01-25T10:00:00,Nest_Delta,11.0,18.2,NW,24.0,53.9,0,14.9,go
2025-01-25T11:00:00,Nest_Delta,15.1,23.8,NE,23.5,73.8,0,14.2,go
2025-01-25T12:00:00,Nest_Delta,10.8,16.6,N,24.7,57.9,0,16.2,go
2025-01-25T13:00:00,Nest_Delta,15.5,20.7,E,24.3,68.7,0,14.4,go
2025-01-25T14:00:00,Nest_Delta,20.8,27.4,E,25.3,47.1,0,14.1,go
2025-01-25T15:00:00,Nest_Delta,17.6,23.1,E,25.5,75.8,0,15.4,go
2025-01-25T16:00:00,Nest_Delta,20.1,28.1,NE,24.8,64.3,0,14.9,go
2025-01-25T17:00:00,Nest_Delta,17.5,21.7,SW,22.7,51.4,0,14.8,go
2025-01-25T18:00:00,Nest_Delta,19.9,27.8,SW,23.1,57.1,0,16.6,go
2025-01-25T19:00:00,Nest_Delta,14.6,21.3,S,20.6,57.0,0,14.2,go
2025-01-25T20:00:00,Nest_Delta,22.0,28.9,NW,20.2,56.0,0,14.1,go
2025-01-25T21:00:00,Nest_Delta,13.8,19.3,SW,19.2,70.3,0,14.3,go
2025-01-25T22:00:00,Nest_Delta,15.4,23.3,NE,18.2,50.2,0,15.6,go
2025-01-25T23:00:00,Nest_Delta,14.8,16.8,NW,17.1,59.3,0,14.0,go
2025-01-26T00:00:00,Nest_Alpha,13.0,18.8,SE,18.1,49.7,0,14.8,go
2025-01-26T01:00:00,Nest_Alpha,10.3,20.0,W,17.3,61.3,0,16.6,go
2025-01-26T02:00:00,Nest_Alpha,10.8,19.2,SW,16.3,59.7,0,15.1,go
2025-01-26T03:00:00,Nest_Alpha,7.0,13.8,SW,18.0,60.7,0,14.9,go
2025-01-26T04:00:00,Nest_Alpha,10.8,20.2,N,19.2,65.1,0,14.8,go
2025-01-26T05:00:00,Nest_Alpha,3.7,10.7,SW,19.2,64.8,0,15.0,go
2025-01-26T06:00:00,Nest_Alpha,5.9,13.4,W,20.3,62.5,0,16.5,go
2025-01-26T07:00:00,Nest_Alpha,8.1,11.5,SW,20.9,52.2,0,15.3,go
2025-01-26T08:00:00,Nest_Alpha,11.4,14.7,N,23.3,82.9,0,15.7,go
2025-01-26T09:00:00,Nest_Alpha,8.0,17.5,NW,22.6,68.6,0,14.7,go
2025-01-26T10:00:00,Nest_Alpha,12.0,14.6,W,23.9,51.8,0,15.2,go
2025-01-26T11:00:00,Nest_Alpha,11.2,18.9,S,23.6,63.0,0,14.2,go
2025-01-26T12:00:00,Nest_Alpha,15.3,19.7,S,24.6,57.8,0,12.7,go
2025-01-26T13:00:00,Nest_Alpha,18.4,21.4,NE,23.9,60.2,0,15.6,go
2025-01-26T14:00:00,Nest_Alpha,21.4,25.9,SW,25.1,47.4,0,14.7,go
2025-01-26T15:00:00,Nest_Alpha,15.7,24.3,SW,24.0,65.8,0,16.0,go
2025-01-26T16:00:00,Nest_Alpha,14.5,20.4,NW,23.2,63.6,0,14.7,go
2025-01-26T17:00:00,Nest_Alpha,19.4,22.4,SW,23.1,65.3,0,15.0,go
2025-01-26T18:00:00,Nest_Alpha,19.8,28.8,SW,23.1,60.7,0,16.0,go
2025-01-26T19:00:00,Nest_Alpha,16.6,25.5,E,20.6,59.8,0,14.5,go
2025-01-26T20:00:00,Nest_Alpha,15.1,19.3,SW,19.5,52.4,0,15.0,go
2025-01-26T21:00:00,Nest_Alpha,14.3,20.3,W,19.7,82.0,0,13.3,go
2025-01-26T22:00:00,Nest_Alpha,16.3,21.5,NE,20.0,54.0,0,14.1,go
2025-01-26T23:00:00,Nest_Alpha,15.6,22.3,E,16.3,60.8,0,16.0,go
2025-01-26T00:00:00,Nest_Beta,5.6,11.9,S,17.6,48.9,0,16.4,go
2025-01-26T01:00:00,Nest_Beta,7.4,16.6,W,16.9,56.7,0,14.8,go
2025-01-26T02:00:00,Nest_Beta,7.6,15.0,NE,17.4,60.1,0,16.1,go
2025-01-26T03:00:00,Nest_Beta,5.1,11.6,E,17.6,60.7,0,14.7,go
2025-01-26T04:00:00,Nest_Beta,5.7,8.1,SW,19.5,63.5,0,13.7,go
2025-01-26T05:00:00,Nest_Beta,7.1,12.4,NW,18.0,64.4,0,16.7,go
2025-01-26T06:00:00,Nest_Beta,4.0,6.3,E,20.7,57.2,0,14.5,go
2025-01-26T07:00:00,Nest_Beta,2.8,11.8,N,21.3,53.9,0,16.5,go
2025-01-26T08:00:00,Nest_Beta,8.7,11.2,N,22.8,64.7,0,15.2,go
2025-01-26T09:00:00,Nest_Beta,9.5,19.3,NW,23.0,57.6,0,15.6,go
2025-01-26T10:00:00,Nest_Beta,10.2,20.2,NE,25.2,64.8,0,14.9,go
2025-01-26T11:00:00,Nest_Beta,10.3,12.4,W,24.9,49.8,0,15.1,go
2025-01-26T12:00:00,Nest_Beta,16.1,23.8,NE,25.4,59.1,0,16.4,go
2025-01-26T13:00:00,Nest_Beta,12.7,21.8,NW,24.3,66.4,0,14.7,go
2025-01-26T14:00:00,Nest_Beta,11.0,18.7,NW,24.0,80.0,0,14.7,go
2025-01-26T15:00:00,Nest_Beta,16.6,25.8,NW,25.0,55.0,0,16.6,go
2025-01-26T16:00:00,Nest_Beta,15.3,22.4,S,23.5,48.4,0,16.7,go
2025-01-26T17:00:00,Nest_Beta,17.7,26.4,NE,24.7,47.2,0,16.5,go
2025-01-26T18:00:00,Nest_Beta,14.5,22.9,W,21.6,60.6,0,16.9,go
2025-01-26T19:00:00,Nest_Beta,12.8,18.5,S,21.2,54.5,0,14.8,go
2025-01-26T20:00:00,Nest_Beta,14.5,21.2,N,18.5,44.4,0,15.9,go
2025-01-26T21:00:00,Nest_Beta,11.2,15.9,SE,18.5,59.2,0,13.8,go
2025-01-26T22:00:00,Nest_Beta,9.0,19.0,SW,17.3,50.1,0,16.3,go
2025-01-26T23:00:00,Nest_Beta,9.4,18.7,W,17.0,69.3,0,14.6,go
2025-01-26T00:00:00,Nest_Gamma,10.1,13.2,NE,18.0,57.6,0,16.3,go
2025-01-26T01:00:00,Nest_Gamma,6.2,14.7,NW,17.1,38.9,0,14.8,go
2025-01-26T02:00:00,Nest_Gamma,3.0,10.6,S,17.1,54.5,0,13.9,go
2025-01-26T03:00:00,Nest_Gamma,7.7,14.3,NE,17.6,72.5,0,13.1,go
2025-01-26T04:00:00,Nest_Gamma,8.2,12.5,S,18.9,60.3,0,15.4,go
2025-01-26T05:00:00,Nest_Gamma,6.5,10.2,N,19.0,68.8,0,15.2,go
2025-01-26T06:00:00,Nest_Gamma,5.0,13.6,NE,18.8,53.9,0,14.7,go
2025-01-26T07:00:00,Nest_Gamma,5.1,13.9,W,21.2,54.5,0,14.0,go
2025-01-26T08:00:00,Nest_Gamma,3.5,8.8,E,21.9,53.6,0,14.1,go
2025-01-26T09:00:00,Nest_Gamma,12.9,20.7,SW,22.0,52.4,0,14.8,go
2025-01-26T10:00:00,Nest_Gamma,7.4,9.9,E,23.1,70.9,0,15.2,go
2025-01-26T11:00:00,Nest_Gamma,9.7,11.8,E,23.5,64.6,0,15.2,go
2025-01-26T12:00:00,Nest_Gamma,8.0,15.5,N,23.5,64.2,0,13.2,go
2025-01-26T13:00:00,Nest_Gamma,14.5,23.4,N,25.5,62.8,0,15.5,go
2025-01-26T14:00:00,Nest_Gamma,15.4,18.3,SW,25.0,66.1,0,14.9,go
2025-01-26T15:00:00,Nest_Gamma,13.9,16.8,SW,24.9,64.2,0,14.8,go
2025-01-26T16:00:00,Nest_Gamma,13.5,16.9,SW,23.7,61.5,0,15.5,go
2025-01-26T17:00:00,Nest_Gamma,15.9,21.7,SE,22.2,74.1,0,16.1,go
2025-01-26T18:00:00,Nest_Gamma,13.2,15.2,E,21.7,55.5,0,13.3,go
2025-01-26T19:00:00,Nest_Gamma,17.2,24.3,SW,21.2,52.1,0,15.2,go
2025-01-26T20:00:00,Nest_Gamma,14.0,17.8,SW,19.9,62.7,0,13.5,go
2025-01-26T21:00:00,Nest_Gamma,11.2,15.5,NW,19.0,44.6,0,15.4,go
2025-01-26T22:00:00,Nest_Gamma,11.4,17.4,SE,18.7,53.9,0,15.4,go
2025-01-26T23:00:00,Nest_Gamma,9.5,18.3,NW,18.4,50.8,0,14.8,go
2025-01-26T00:00:00,Nest_Delta,12.3,14.6,SE,15.3,56.9,0,16.2,go
2025-01-26T01:00:00,Nest_Delta,12.5,20.8,NE,16.6,53.5,0,14.2,go
2025-01-26T02:00:00,Nest_Delta,8.5,14.2,NE,16.3,62.6,0,14.8,go
2025-01-26T03:00:00,Nest_Delta,9.8,14.5,S,17.3,63.7,0,14.8,go
2025-01-26T04:00:00,Nest_Delta,11.1,14.9,SW,18.5,52.5,0,15.3,go
2025-01-26T05:00:00,Nest_Delta,7.2,9.3,E,19.7,60.2,0,14.4,go
2025-01-26T06:00:00,Nest_Delta,8.1,11.3,NE,19.5,72.0,0,13.0,go
2025-01-26T07:00:00,Nest_Delta,7.9,11.6,SE,20.7,50.9,0,17.1,go
2025-01-26T08:00:00,Nest_Delta,10.4,14.5,S,20.8,68.6,0,15.2,go
2025-01-26T09:00:00,Nest_Delta,11.2,16.8,E,23.9,58.1,0,16.9,go
2025-01-26T10:00:00,Nest_Delta,9.0,18.0,N,23.6,62.9,0,15.9,go
2025-01-26T11:00:00,Nest_Delta,12.1,15.8,NW,24.2,44.2,0,15.2,go
2025-01-26T12:00:00,Nest_Delta,15.5,24.8,SW,24.3,78.7,0,14.0,go
2025-01-26T13:00:00,Nest_Delta,14.8,17.5,SW,25.7,51.4,0,15.3,go
2025-01-26T14:00:00,Nest_Delta,10.6,20.2,SW,25.9,51.8,0,13.8,go
2025-01-26T15:00:00,Nest_Delta,15.9,24.2,E,25.0,51.2,0,13.8,go
2025-01-26T16:00:00,Nest_Delta,17.2,23.0,SE,23.7,62.5,0,16.5,go
2025-01-26T17:00:00,Nest_Delta,12.6,22.3,NW,23.5,74.1,0,13.6,go
2025-01-26T18:00:00,Nest_Delta,18.5,27.0,E,21.5,49.7,0,15.0,go
2025-01-26T19:00:00,Nest_Delta,13.5,23.2,N,20.8,48.2,0,15.7,go
2025-01-26T20:00:00,Nest_Delta,18.7,21.9,NE,20.4,60.8,0,16.3,go
2025-01-26T21:00:00,Nest_Delta,15.4,18.9,NE,19.7,49.4,0,15.2,go
2025-01-26T22:00:00,Nest_Delta,14.4,23.4,SE,18.3,48.8,0,15.6,go
2025-01-26T23:00:00,Nest_Delta,12.5,15.4,W,16.6,52.3,0,14.7,go
2025-01-27T00:00:00,Nest_Alpha,13.1,15.6,SE,17.8,51.8,0,16.3,go
2025-01-27T01:00:00,Nest_Alpha,7.5,16.0,E,18.3,50.9,0,12.9,go
2025-01-27T02:00:00,Nest_Alpha,13.4,15.8,N,16.7,49.9,0,15.1,go
2025-01-27T03:00:00,Nest_Alpha,8.1,10.3,SE,18.1,49.8,0,14.5,go
2025-01-27T04:00:00,Nest_Alpha,7.3,12.1,NE,17.5,48.5,0,13.7,go
2025-01-27T05:00:00,Nest_Alpha,9.5,14.7,W,19.5,44.6,0,13.4,go
2025-01-27T06:00:00,Nest_Alpha,8.9,13.1,N,19.0,60.8,0,15.1,go
2025-01-27T07:00:00,Nest_Alpha,8.3,10.9,NE,20.4,52.7,0,14.7,go
2025-01-27T08:00:00,Nest_Alpha,8.6,13.2,SE,21.6,54.6,0,15.2,go
2025-01-27T09:00:00,Nest_Alpha,7.4,13.6,NW,23.0,60.6,0,13.6,go
2025-01-27T10:00:00,Nest_Alpha,13.1,20.6,N,23.2,68.6,0,14.7,go
2025-01-27T11:00:00,Nest_Alpha,13.4,17.6,SE,25.3,53.0,0,16.0,go
2025-01-27T12:00:00,Nest_Alpha,17.0,26.9,W,23.8,72.3,0,14.4,go
2025-01-27T13:00:00,Nest_Alpha,18.2,26.0,W,24.7,57.9,0,13.7,go
2025-01-27T14:00:00,Nest_Alpha,16.3,18.3,N,24.3,59.4,0,15.6,go
2025-01-27T15:00:00,Nest_Alpha,16.9,24.3,NW,25.0,49.7,0,15.6,go
2025-01-27T16:00:00,Nest_Alpha,17.8,27.6,SW,23.9,57.7,0,15.5,go
2025-01-27T17:00:00,Nest_Alpha,16.6,24.4,SE,23.4,55.6,0,15.9,go
2025-01-27T18:00:00,Nest_Alpha,18.5,21.2,SE,23.3,41.5,0,15.8,go
2025-01-27T19:00:00,Nest_Alpha,18.8,24.9,SE,20.4,46.7,0,14.6,go
2025-01-27T20:00:00,Nest_Alpha,18.9,21.1,NE,19.9,58.9,0,13.3,go
2025-01-27T21:00:00,Nest_Alpha,17.8,22.1,SE,20.0,59.1,0,14.4,go
2025-01-27T22:00:00,Nest_Alpha,13.7,18.5,NW,18.0,57.3,0,14.9,go
2025-01-27T23:00:00,Nest_Alpha,12.6,19.7,NE,18.0,75.6,0,13.5,go
2025-01-27T00:00:00,Nest_Beta,10.1,14.5,N,16.1,44.9,0,15.1,go
2025-01-27T01:00:00,Nest_Beta,11.3,15.3,N,16.9,45.5,0,16.9,go
2025-01-27T02:00:00,Nest_Beta,5.7,13.6,W,17.9,58.7,0,14.5,go
2025-01-27T03:00:00,Nest_Beta,9.7,14.0,NW,17.6,53.5,0,15.0,go
2025-01-27T04:00:00,Nest_Beta,5.7,13.3,SW,19.6,60.0,0,12.2,go
2025-01-27T05:00:00,Nest_Beta,7.1,11.9,W,19.6,64.2,0,16.3,go
2025-01-27T06:00:00,Nest_Beta,5.4,11.5,N,20.4,46.5,0,14.0,go
2025-01-27T07:00:00,Nest_Beta,10.1,17.3,S,20.9,54.7,0,14.9,go
2025-01-27T08:00:00,Nest_Beta,6.0,9.1,SE,21.5,56.0,0,15.8,go
2025-01-27T09:00:00,Nest_Beta,4.7,7.7,SW,22.5,53.5,0,15.0,go
2025-01-27T10:00:00,Nest_Beta,10.3,12.8,NW,23.5,60.3,0,13.9,go
2025-01-27T11:00:00,Nest_Beta,8.3,13.7,NW,22.7,65.4,0,14.2,go
2025-01-27T12:00:00,Nest_Beta,12.7,20.9,SW,24.0,61.6,0,14.8,go
2025-01-27T13:00:00,Nest_Beta,13.5,18.2,E,24.5,55.4,0,15.4,go
2025-01-27T14:00:00,Nest_Beta,18.7,25.3,N,24.0,58.1,0,14.5,go
2025-01-27T15:00:00,Nest_Beta,8.8,12.0,SW,24.9,44.7,0,13.9,go
2025-01-27T16:00:00,Nest_Beta,19.1,24.0,N,24.3,45.9,0,16.1,go
2025-01-27T17:00:00,Nest_Beta,21.4,26.4,SW,22.6,50.8,0,14.9,go
2025-01-27T18:00:00,Nest_Beta,15.3,18.8,N,21.6,62.4,0,15.7,go
2025-01-27T19:00:00,Nest_Beta,18.7,23.8,SE,19.8,68.4,0,14.7,go
2025-01-27T20:00:00,Nest_Beta,11.7,21.0,N,20.1,51.0,0,14.2,go
2025-01-27T21:00:00,Nest_Beta,17.4,22.6,SE,18.8,75.5,0,16.1,go
2025-01-27T22:00:00,Nest_Beta,14.1,16.3,E,17.9,53.6,0,13.4,go
2025-01-27T23:00:00,Nest_Beta,11.6,20.2,W,17.9,68.1,0,16.1,go
2025-01-27T00:00:00,Nest_Gamma,7.0,11.6,SW,18.0,59.3,0,16.4,go
2025-01-27T01:00:00,Nest_Gamma,7.1,14.6,S,17.2,62.1,0,13.9,go
2025-01-27T02:00:00,Nest_Gamma,5.7,15.6,N,17.8,71.3,0,13.9,go
2025-01-27T03:00:00,Nest_Gamma,5.0,8.1,SW,17.2,61.2,0,15.5,go
2025-01-27T04:00:00,Nest_Gamma,3.7,11.0,E,18.4,49.0,0,13.5,go
2025-01-27T05:00:00,Nest_Gamma,4.6,7.5,NE,19.6,60.7,0,13.9,go
2025-01-27T06:00:00,Nest_Gamma,7.1,17.0,N,20.4,37.1,0,15.3,go
2025-01-27T07:00:00,Nest_Gamma,4.6,14.3,W,21.0,42.7,0,13.8,go
2025-01-27T08:00:00,Nest_Gamma,2,5.6,S,20.7,64.3,0,15.3,go
2025-01-27T09:00:00,Nest_Gamma,8.0,10.6,W,22.8,56.5,0,14.4,go
2025-01-27T10:00:00,Nest_Gamma,7.6,11.4,SE,23.7,43.5,0,13.7,go
2025-01-27T11:00:00,Nest_Gamma,12.0,21.3,NW,24.4,42.4,0,13.5,go
2025-01-27T12:00:00,Nest_Gamma,10.0,19.7,W,24.1,47.3,0,14.4,go
2025-01-27T13:00:00,Nest_Gamma,14.0,21.7,NE,25.2,41.7,0,15.0,go
2025-01-27T14:00:00,Nest_Gamma,16.4,21.7,E,24.2,71.9,0,13.5,go
2025-01-27T15:00:00,Nest_Gamma,13.6,17.4,E,24.6,71.1,0,15.7,go
2025-01-27T16:00:00,Nest_Gamma,14.5,17.3,S,23.9,52.1,0,14.3,go
2025-01-27T17:00:00,Nest_Gamma,13.6,20.7,SE,23.2,65.3,0,14.2,go
2025-01-27T18:00:00,Nest_Gamma,14.5,17.3,NW,21.4,51.6,0,13.1,go
2025-01-27T19:00:00,Nest_Gamma,19.6,23.4,NW,19.7,57.4,0,13.8,go
2025-01-27T20:00:00,Nest_Gamma,15.3,18.3,SW,20.6,55.7,0,14.9,go
2025-01-27T21:00:00,Nest_Gamma,12.9,21.9,S,19.4,46.5,0,14.7,go
2025-01-27T22:00:00,Nest_Gamma,12.3,15.1,W,17.8,57.9,0,14.3,go
2025-01-27T23:00:00,Nest_Gamma,6.9,14.7,N,17.0,54.2,0,15.6,go
2025-01-27T00:00:00,Nest_Delta,13.1,20.9,SE,18.1,59.9,0,12.2,go
2025-01-27T01:00:00,Nest_Delta,8.5,18.4,W,16.9,65.3,0,14.1,go
2025-01-27T02:00:00,Nest_Delta,5.4,13.5,NW,17.3,45.3,0,15.0,go
2025-01-27T03:00:00,Nest_Delta,2,4.4,NW,16.8,70.0,0,14.7,go
2025-01-27T04:00:00,Nest_Delta,7.2,13.6,SW,18.2,50.1,0,16.3,go
2025-01-27T05:00:00,Nest_Delta,9.0,17.1,SE,18.7,47.4,0,15.7,go
2025-01-27T06:00:00,Nest_Delta,5.5,14.6,S,20.6,56.5,0,17.0,go
2025-01-27T07:00:00,Nest_Delta,10.6,16.2,SW,20.7,49.0,0,13.7,go
2025-01-27T08:00:00,Nest_Delta,10.5,15.0,S,21.6,60.3,0,14.2,go
2025-01-27T09:00:00,Nest_Delta,8.8,10.8,S,22.8,63.6,0,15.6,go
2025-01-27T10:00:00,Nest_Delta,10.1,17.0,W,23.5,57.9,0,15.4,go
2025-01-27T11:00:00,Nest_Delta,15.1,23.3,W,24.6,65.7,0,14.0,go
2025-01-27T12:00:00,Nest_Delta,16.8,20.4,NW,25.8,66.8,0,15.0,go
2025-01-27T13:00:00,Nest_Delta,18.5,21.6,NE,25.2,52.3,0,15.8,go
2025-01-27T14:00:00,Nest_Delta,12.8,16.2,N,24.8,74.5,0,14.2,go
2025-01-27T15:00:00,Nest_Delta,13.9,18.7,SE,24.5,62.8,0,15.8,go
2025-01-27T16:00:00,Nest_Delta,13.4,16.7,SW,23.3,68.5,0,15.1,go
2025-01-27T17:00:00,Nest_Delta,14.6,21.6,SW,23.7,57.4,0,15.5,go
2025-01-27T18:00:00,Nest_Delta,16.2,20.5,NW,21.5,67.9,0,15.9,go
2025-01-27T19:00:00,Nest_Delta,10.1,20.0,W,22.1,65.8,0,14.6,go
2025-01-27T20:00:00,Nest_Delta,16.0,19.4,E,21.0,71.5,0,15.7,go
2025-01-27T21:00:00,Nest_Delta,16.7,19.8,N,18.8,52.0,0,13.4,go
2025-01-27T22:00:00,Nest_Delta,10.0,16.7,NW,18.6,43.5,0,15.9,go
2025-01-27T23:00:00,Nest_Delta,14.9,19.4,S,17.7,43.7,0,16.1,go
2025-01-28T00:00:00,Nest_Alpha,12.2,17.7,S,17.0,39.7,0,15.6,go
2025-01-28T01:00:00,Nest_Alpha,5.0,14.6,S,16.9,43.7,0,17.7,go
2025-01-28T02:00:00,Nest_Alpha,8.1,13.1,N,17.8,50.9,0,13.7,go
2025-01-28T03:00:00,Nest_Alpha,7.2,10.4,E,16.9,59.1,0,15.8,go
2025-01-28T04:00:00,Nest_Alpha,6.8,11.0,NE,17.4,62.3,0,14.6,go
2025-01-28T05:00:00,Nest_Alpha,7.2,12.8,N,19.9,74.6,0,16.0,go
2025-01-28T06:00:00,Nest_Alpha,10.9,19.5,NW,20.0,74.2,0,15.1,go
2025-01-28T07:00:00,Nest_Alpha,10.5,17.7,NW,22.1,53.7,0,11.0,go
2025-01-28T08:00:00,Nest_Alpha,8.9,16.4,S,22.8,52.6,0,13.8,go
2025-01-28T09:00:00,Nest_Alpha,10.9,19.0,E,22.8,54.9,0,16.0,go
2025-01-28T10:00:00,Nest_Alpha,11.2,19.0,SE,24.4,61.6,0,14.9,go
2025-01-28T11:00:00,Nest_Alpha,11.9,14.8,NE,23.8,61.9,0,14.4,go
2025-01-28T12:00:00,Nest_Alpha,14.6,22.5,S,25.3,55.2,0,14.4,go
2025-01-28T13:00:00,Nest_Alpha,12.8,16.9,E,26.0,53.7,0,16.5,go
2025-01-28T14:00:00,Nest_Alpha,16.4,18.7,NE,25.3,44.9,0,15.3,go
2025-01-28T15:00:00,Nest_Alpha,19.4,28.5,SW,25.5,62.3,0,16.3,go
2025-01-28T16:00:00,Nest_Alpha,17.6,25.5,SE,25.3,68.6,0,15.6,go
2025-01-28T17:00:00,Nest_Alpha,16.3,18.5,S,23.3,53.8,0,15.7,go
2025-01-28T18:00:00,Nest_Alpha,19.2,22.3,N,22.6,53.1,0,14.4,go
2025-01-28T19:00:00,Nest_Alpha,19.6,22.2,W,21.3,73.3,0,14.2,go
2025-01-28T20:00:00,Nest_Alpha,17.0,21.9,N,20.6,57.7,0,16.3,go
2025-01-28T21:00:00,Nest_Alpha,18.7,21.8,W,20.3,37.3,0,15.9,go
2025-01-28T22:00:00,Nest_Alpha,16.3,23.1,E,19.8,60.3,0,16.3,go
2025-01-28T23:00:00,Nest_Alpha,13.2,18.7,S,17.4,58.7,0,14.7,go
2025-01-28T00:00:00,Nest_Beta,14.6,17.2,NE,17.1,64.1,0,13.1,go
2025-01-28T01:00:00,Nest_Beta,7.0,12.4,SW,17.4,56.2,0,16.0,go
2025-01-28T02:00:00,Nest_Beta,9.5,13.9,NE,19.1,60.1,0,15.9,go
2025-01-28T03:00:00,Nest_Beta,5.5,9.5,NW,16.9,44.5,0,16.6,go
2025-01-28T04:00:00,Nest_Beta,6.7,10.5,S,18.9,45.2,0,15.5,go
2025-01-28T05:00:00,Nest_Beta,8.0,11.3,N,18.5,42.5,0,15.5,go
2025-01-28T06:00:00,Nest_Beta,2,10.6,W,19.7,57.4,0,14.5,go
2025-01-28T07:00:00,Nest_Beta,4.2,7.3,SE,21.4,50.1,0,14.6,go
2025-01-28T08:00:00,Nest_Beta,4.1,8.2,SE,22.1,56.5,0,15.1,go
2025-01-28T09:00:00,Nest_Beta,14.3,22.3,NE,23.9,56.9,0,14.2,go
2025-01-28T10:00:00,Nest_Beta,10.0,15.0,SW,23.9,66.8,0,13.9,go
2025-01-28T11:00:00,Nest_Beta,10.6,12.8,E,24.6,64.8,0,16.0,go
2025-01-28T12:00:00,Nest_Beta,15.2,20.9,NW,25.0,72.4,0,13.8,go
2025-01-28T13:00:00,Nest_Beta,12.7,21.2,NW,25.6,63.1,0,15.7,go
2025-01-28T14:00:00,Nest_Beta,16.0,22.8,N,24.5,62.9,0,15.3,go
2025-01-28T15:00:00,Nest_Beta,14.6,20.2,N,26.0,66.8,0,15.4,go
2025-01-28T16:00:00,Nest_Beta,22.3,27.5,NW,23.7,57.3,0,15.4,go
2025-01-28T17:00:00,Nest_Beta,15.1,23.5,SE,23.2,69.3,0,15.5,go
2025-01-28T18:00:00,Nest_Beta,18.3,28.1,SE,22.2,52.2,0,14.2,go
2025-01-28T19:00:00,Nest_Beta,16.3,22.5,N,22.5,56.9,0,14.5,go
2025-01-28T20:00:00,Nest_Beta,12.6,16.3,E,19.2,59.0,0,14.4,go
2025-01-28T21:00:00,Nest_Beta,11.7,15.5,N,19.8,69.8,0,16.3,go
2025-01-28T22:00:00,Nest_Beta,12.3,18.9,NE,17.8,52.2,0,14.8,go
2025-01-28T23:00:00,Nest_Beta,11.5,18.1,E,18.6,65.3,0,14.6,go
2025-01-28T00:00:00,Nest_Gamma,8.8,11.7,SW,17.1,64.4,0,14.5,go
2025-01-28T01:00:00,Nest_Gamma,4.2,6.9,NW,16.8,47.5,0,14.8,go
2025-01-28T02:00:00,Nest_Gamma,10.8,13.9,NE,17.1,46.5,0,14.0,go
2025-01-28T03:00:00,Nest_Gamma,7.1,10.4,SE,17.3,40.5,0,15.0,go
2025-01-28T04:00:00,Nest_Gamma,4.7,8.8,E,18.7,54.6,0,13.5,go
2025-01-28T05:00:00,Nest_Gamma,6.8,13.2,NE,17.6,47.5,0,14.5,go
2025-01-28T06:00:00,Nest_Gamma,7.4,12.5,SE,18.0,60.1,0,14.8,go
2025-01-28T07:00:00,Nest_Gamma,4.7,8.8,E,20.4,58.5,0,14.8,go
2025-01-28T08:00:00,Nest_Gamma,5.6,14.1,N,23.0,58.2,0,13.8,go
2025-01-28T09:00:00,Nest_Gamma,9.7,15.5,NW,23.7,56.8,0,14.8,go
2025-01-28T10:00:00,Nest_Gamma,11.4,21.0,S,25.2,51.0,0,14.8,go
2025-01-28T11:00:00,Nest_Gamma,10.4,14.5,SE,24.2,56.4,0,13.9,go
2025-01-28T12:00:00,Nest_Gamma,14.2,16.9,W,23.8,57.4,0,15.0,go
2025-01-28T13:00:00,Nest_Gamma,9.1,13.4,N,24.5,51.6,0,14.1,go
2025-01-28T14:00:00,Nest_Gamma,14.8,22.5,N,25.1,57.2,0,14.8,go
2025-01-28T15:00:00,Nest_Gamma,16.8,19.7,S,23.4,74.1,0,17.3,go
2025-01-28T16:00:00,Nest_Gamma,16.1,20.9,N,25.0,55.6,0,15.5,go
2025-01-28T17:00:00,Nest_Gamma,10.9,17.0,S,23.2,66.9,0,15.3,go
2025-01-28T18:00:00,Nest_Gamma,13.8,23.7,N,21.0,64.6,0,15.6,go
2025-01-28T19:00:00,Nest_Gamma,12.0,16.1,SW,20.3,49.6,0,14.9,go
2025-01-28T20:00:00,Nest_Gamma,13.6,16.3,SW,19.7,81.2,0,15.5,go
2025-01-28T21:00:00,Nest_Gamma,10.8,16.5,W,20.6,56.2,0,16.8,go
2025-01-28T22:00:00,Nest_Gamma,15.5,22.4,SW,18.6,57.6,0,14.6,go
2025-01-28T23:00:00,Nest_Gamma,15.1,22.3,S,16.9,52.4,0,14.9,go
2025-01-28T00:00:00,Nest_Delta,11.8,17.7,N,16.7,58.3,0,16.2,go
2025-01-28T01:00:00,Nest_Delta,13.0,18.7,SW,18.4,60.0,0,15.4,go
2025-01-28T02:00:00,Nest_Delta,5.3,7.9,N,17.5,48.5,0,16.6,go
2025-01-28T03:00:00,Nest_Delta,2,8.7,W,17.1,65.1,0,13.8,go
2025-01-28T04:00:00,Nest_Delta,7.3,15.6,NW,18.3,68.6,0,14.4,go
2025-01-28T05:00:00,Nest_Delta,5.4,14.6,S,19.4,57.3,0,15.8,go
2025-01-28T06:00:00,Nest_Delta,5.9,11.4,N,20.8,56.6,0,15.0,go
2025-01-28T07:00:00,Nest_Delta,8.9,15.8,NE,21.2,56.5,0,15.2,go
2025-01-28T08:00:00,Nest_Delta,6.1,9.6,S,21.9,59.2,0,16.4,go
2025-01-28T09:00:00,Nest_Delta,9.4,16.1,S,22.1,72.4,0,15.7,go
2025-01-28T10:00:00,Nest_Delta,8.0,16.7,NE,23.1,66.5,0,15.4,go
2025-01-28T11:00:00,Nest_Delta,14.0,23.1,SW,24.7,59.9,0,13.9,go
2025-01-28T12:00:00,Nest_Delta,14.6,23.9,SW,24.8,52.7,0,13.3,go
2025-01-28T13:00:00,Nest_Delta,15.1,19.5,SE,26.2,61.2,0,16.2,go
2025-01-28T14:00:00,Nest_Delta,20.2,26.6,NW,24.3,60.2,0,17.7,go
2025-01-28T15:00:00,Nest_Delta,20.0,24.1,SW,25.8,59.1,0,14.2,go
2025-01-28T16:00:00,Nest_Delta,16.9,26.8,W,23.9,53.5,0,14.8,go
2025-01-28T17:00:00,Nest_Delta,16.9,24.0,N,23.3,45.8,0,14.7,go
2025-01-28T18:00:00,Nest_Delta,15.6,18.3,N,22.8,62.6,0,15.6,go
2025-01-28T19:00:00,Nest_Delta,20.0,23.2,NE,21.4,72.5,0,13.2,go
2025-01-28T20:00:00,Nest_Delta,13.4,16.2,N,19.9,61.4,0,15.5,go
2025-01-28T21:00:00,Nest_Delta,10.0,17.0,NE,18.6,52.3,0,15.1,go
2025-01-28T22:00:00,Nest_Delta,13.4,23.2,NW,18.3,57.3,0,17.2,go
2025-01-28T23:00:00,Nest_Delta,8.0,15.0,S,17.4,50.9,0,14.8,go
2025-01-29T00:00:00,Nest_Alpha,11.4,19.1,NE,16.5,65.0,0,15.0,go
2025-01-29T01:00:00,Nest_Alpha,7.0,10.1,SE,17.2,68.8,0,14.9,go
2025-01-29T02:00:00,Nest_Alpha,9.2,14.9,NW,17.5,54.6,0,15.6,go
2025-01-29T03:00:00,Nest_Alpha,11.2,16.6,N,18.0,55.6,0,15.8,go
2025-01-29T04:00:00,Nest_Alpha,9.1,16.4,W,18.0,53.4,0,13.9,go
2025-01-29T05:00:00,Nest_Alpha,7.8,13.6,W,19.4,51.2,0,13.8,go
2025-01-29T06:00:00,Nest_Alpha,13.2,22.9,SW,20.4,58.2,0,14.7,go
2025-01-29T07:00:00,Nest_Alpha,8.6,14.2,E,20.6,51.0,0,14.1,go
2025-01-29T08:00:00,Nest_Alpha,8.9,15.1,NW,21.3,73.5,0,15.0,go
2025-01-29T09:00:00,Nest_Alpha,12.0,20.7,E,23.8,49.9,0,14.7,go
2025-01-29T10:00:00,Nest_Alpha,9.5,17.1,S,23.0,66.0,0,14.5,go
2025-01-29T11:00:00,Nest_Alpha,11.2,20.2,S,24.1,53.3,0,14.7,go
2025-01-29T12:00:00,Nest_Alpha,14.5,21.2,NE,25.0,45.7,0,14.1,go
2025-01-29T13:00:00,Nest_Alpha,15.1,24.7,SE,24.2,51.5,0,17.3,go
2025-01-29T14:00:00,Nest_Alpha,15.5,21.5,N,24.6,62.8,0,15.0,go
2025-01-29T15:00:00,Nest_Alpha,14.9,19.1,W,25.9,46.7,0,14.4,go
2025-01-29T16:00:00,Nest_Alpha,15.6,18.8,NE,23.1,68.7,0,17.2,go
2025-01-29T17:00:00,Nest_Alpha,17.7,25.5,N,22.7,40.4,0,16.2,go
2025-01-29T18:00:00,Nest_Alpha,23.7,28.5,W,22.7,64.7,0,15.9,go
2025-01-29T19:00:00,Nest_Alpha,14.5,18.4,S,21.1,58.9,0,14.6,go
2025-01-29T20:00:00,Nest_Alpha,19.8,26.9,NW,21.1,52.1,0,15.8,go
2025-01-29T21:00:00,Nest_Alpha,17.5,21.4,NE,18.5,43.7,0,14.6,go
2025-01-29T22:00:00,Nest_Alpha,11.5,19.2,NE,18.5,53.9,0,13.6,go
2025-01-29T23:00:00,Nest_Alpha,13.9,17.4,N,18.2,60.8,0,13.8,go
2025-01-29T00:00:00,Nest_Beta,4.6,10.5,NW,17.5,56.1,0,14.4,go
2025-01-29T01:00:00,Nest_Beta,8.6,11.9,S,17.8,62.5,0,15.8,go
2025-01-29T02:00:00,Nest_Beta,11.6,18.3,SE,18.0,45.1,0,14.4,go
2025-01-29T03:00:00,Nest_Beta,9.4,11.6,SW,19.3,58.4,0,14.7,go
2025-01-29T04:00:00,Nest_Beta,2,7.5,NW,18.7,50.9,0,14.5,go
2025-01-29T05:00:00,Nest_Beta,8.6,15.9,N,20.1,65.6,0,15.1,go
2025-01-29T06:00:00,Nest_Beta,12.1,18.8,NE,19.5,58.4,0,15.0,go
2025-01-29T07:00:00,Nest_Beta,7.8,13.0,SE,21.0,47.3,0,14.6,go
2025-01-29T08:00:00,Nest_Beta,7.6,11.9,NE,22.9,53.3,0,13.9,go
2025-01-29T09:00:00,Nest_Beta,5.5,15.5,NE,21.5,64.1,0,14.1,go
2025-01-29T10:00:00,Nest_Beta,8.8,12.2,N,23.8,54.3,0,13.2,go
2025-01-29T11:00:00,Nest_Beta,10.8,18.4,NE,25.8,48.8,0,14.5,go
2025-01-29T12:00:00,Nest_Beta,10.3,20.2,W,25.2,70.6,0,16.7,go
2025-01-29T13:00:00,Nest_Beta,12.4,20.2,S,24.4,53.1,0,14.2,go
2025-01-29T14:00:00,Nest_Beta,16.7,20.6,NE,25.9,59.2,0,14.8,go
2025-01-29T15:00:00,Nest_Beta,16.4,25.3,SE,24.6,52.6,0,15.1,go
2025-01-29T16:00:00,Nest_Beta,12.5,14.7,SE,23.8,53.6,0,16.4,go
2025-01-29T17:00:00,Nest_Beta,17.4,20.1,N,23.9,62.2,0,16.4,go
2025-01-29T18:00:00,Nest_Beta,16.2,20.8,NW,20.6,57.9,0,15.4,go
2025-01-29T19:00:00,Nest_Beta,16.5,23.8,SW,20.9,47.9,0,16.1,go
2025-01-29T20:00:00,Nest_Beta,17.0,24.0,NE,21.2,51.9,0,15.0,go
2025-01-29T21:00:00,Nest_Beta,14.0,20.9,N,19.8,55.3,0,14.0,go
2025-01-29T22:00:00,Nest_Beta,15.8,18.4,N,18.9,42.2,0,14.3,go
2025-01-29T23:00:00,Nest_Beta,9.3,13.7,S,17.9,43.0,0,14.9,go
2025-01-29T00:00:00,Nest_Gamma,9.1,17.7,SE,17.6,63.4,0,13.6,go
2025-01-29T01:00:00,Nest_Gamma,10.8,13.6,NE,16.0,53.7,0,17.2,go
2025-01-29T02:00:00,Nest_Gamma,9.3,19.3,S,18.1,47.3,0,15.3,go
2025-01-29T03:00:00,Nest_Gamma,5.3,14.9,N,18.7,47.6,0,14.3,go
2025-01-29T04:00:00,Nest_Gamma,5.8,15.5,NE,18.0,62.2,0,13.8,go
2025-01-29T05:00:00,Nest_Gamma,4.1,6.3,W,18.1,44.6,0,14.6,go
2025-01-29T06:00:00,Nest_Gamma,4.6,11.4,E,20.2,41.9,0,14.5,go
2025-01-29T07:00:00,Nest_Gamma,5.1,11.4,E,20.5,63.3,0,16.4,go
2025-01-29T08:00:00,Nest_Gamma,10.7,19.0,S,22.5,34.3,0,16.1,go
2025-01-29T09:00:00,Nest_Gamma,6.5,15.7,E,23.8,70.6,0,15.4,go
2025-01-29T10:00:00,Nest_Gamma,10.2,15.7,NW,23.4,58.6,0,13.7,go
2025-01-29T11:00:00,Nest_Gamma,11.4,15.9,W,24.2,70.3,0,16.1,go
2025-01-29T12:00:00,Nest_Gamma,11.0,16.9,NE,25.4,62.3,0,15.3,go
2025-01-29T13:00:00,Nest_Gamma,12.3,17.8,NW,26.3,60.7,0,14.8,go
2025-01-29T14:00:00,Nest_Gamma,14.7,21.1,E,25.0,48.1,0,14.8,go
2025-01-29T15:00:00,Nest_Gamma,12.4,16.4,E,24.6,38.8,0,13.1,go
2025-01-29T16:00:00,Nest_Gamma,13.9,23.7,S,23.9,52.1,0,15.8,go
2025-01-29T17:00:00,Nest_Gamma,15.2,18.3,W,23.8,48.4,0,15.0,go
2025-01-29T18:00:00,Nest_Gamma,17.3,24.1,S,23.3,48.2,0,17.2,go
2025-01-29T19:00:00,Nest_Gamma,10.2,19.0,SW,21.3,63.7,0,15.2,go
2025-01-29T20:00:00,Nest_Gamma,19.3,28.6,SE,20.4,51.9,0,15.8,go
2025-01-29T21:00:00,Nest_Gamma,13.1,21.5,NW,18.6,57.5,0,14.9,go
2025-01-29T22:00:00,Nest_Gamma,12.6,14.7,SE,19.2,49.7,0,14.1,go
2025-01-29T23:00:00,Nest_Gamma,13.1,19.2,SE,17.6,48.7,0,16.2,go
2025-01-29T00:00:00,Nest_Delta,10.5,18.7,SW,17.3,68.5,0,15.0,go
2025-01-29T01:00:00,Nest_Delta,6.3,8.5,NW,17.8,60.2,0,15.1,go
2025-01-29T02:00:00,Nest_Delta,4.6,8.5,NE,17.0,54.5,0,14.4,go
2025-01-29T03:00:00,Nest_Delta,5.8,11.9,SE,16.4,68.4,0,16.3,go
2025-01-29T04:00:00,Nest_Delta,8.4,16.4,S,18.0,57.3,0,15.4,go
2025-01-29T05:00:00,Nest_Delta,8.3,12.4,SE,19.6,51.0,0,16.0,go
2025-01-29T06:00:00,Nest_Delta,6.3,10.8,NE,19.2,48.2,0,13.9,go
2025-01-29T07:00:00,Nest_Delta,6.6,13.4,NE,20.5,57.6,0,16.3,go
2025-01-29T08:00:00,Nest_Delta,6.1,13.2,W,21.6,44.5,0,14.8,go
2025-01-29T09:00:00,Nest_Delta,10.0,13.7,NE,23.6,62.3,0,14.7,go
2025-01-29T10:00:00,Nest_Delta,11.6,16.5,S,24.5,61.9,0,16.1,go
2025-01-29T11:00:00,Nest_Delta,14.2,16.7,NW,24.7,57.8,0,14.7,go
2025-01-29T12:00:00,Nest_Delta,13.2,20.8,N,26.1,55.3,0,15.6,go
2025-01-29T13:00:00,Nest_Delta,16.5,19.1,W,25.7,45.0,0,14.0,go
2025-01-29T14:00:00,Nest_Delta,12.4,16.7,W,24.0,62.4,0,15.5,go
2025-01-29T15:00:00,Nest_Delta,16.5,19.6,S,24.5,67.2,0,13.3,go
2025-01-29T16:00:00,Nest_Delta,18.3,21.6,E,23.8,72.5,0,15.7,go
2025-01-29T17:00:00,Nest_Delta,13.5,23.5,N,23.1,67.0,0,13.0,go
2025-01-29T18:00:00,Nest_Delta,16.9,20.3,NE,22.4,57.4,0,16.3,go
2025-01-29T19:00:00,Nest_Delta,17.8,24.1,N,19.8,54.5,0,13.2,go
2025-01-29T20:00:00,Nest_Delta,16.3,26.2,N,19.2,58.2,0,15.1,go
2025-01-29T21:00:00,Nest_Delta,15.6,25.0,W,19.9,62.7,0,14.1,go
2025-01-29T22:00:00,Nest_Delta,11.9,18.5,E,17.6,52.4,0,14.0,go
2025-01-29T23:00:00,Nest_Delta,9.2,12.0,E,17.0,49.6,0,14.2,go
2025-01-30T00:00:00,Nest_Alpha,10.1,14.8,W,17.1,61.5,0,15.0,go
2025-01-30T01:00:00,Nest_Alpha,10.8,13.6,N,17.2,54.1,0,15.4,go
2025-01-30T02:00:00,Nest_Alpha,6.5,9.2,SE,17.4,59.0,0,14.0,go
2025-01-30T03:00:00,Nest_Alpha,7.0,14.5,W,18.7,57.6,0,14.8,go
2025-01-30T04:00:00,Nest_Alpha,7.7,14.9,NW,18.1,78.7,0,15.6,go
2025-01-30T05:00:00,Nest_Alpha,9.5,14.9,SE,18.5,62.5,0,13.9,go
2025-01-30T06:00:00,Nest_Alpha,7.8,12.1,SW,20.1,74.9,0,16.0,go
2025-01-30T07:00:00,Nest_Alpha,7.2,13.7,N,20.8,73.2,0,16.4,go
2025-01-30T08:00:00,Nest_Alpha,8.2,16.1,SW,22.1,63.9,0,14.7,go
2025-01-30T09:00:00,Nest_Alpha,11.7,18.3,NW,22.8,56.5,0,15.4,go
2025-01-30T10:00:00,Nest_Alpha,24.8,33.1,W,21.8,59.2,1.35,9.8,go
2025-01-30T11:00:00,Nest_Alpha,34.9,49.4,SE,24.3,85.0,2.25,8.3,no_go
2025-01-30T12:00:00,Nest_Alpha,37.4,48.4,S,23.1,66.7,1.77,8.6,no_go
2025-01-30T13:00:00,Nest_Alpha,31.4,38.2,N,24.3,65.4,1.31,9.8,caution
2025-01-30T14:00:00,Nest_Alpha,34.2,42.9,NE,25.7,75.3,1.27,10.6,no_go
2025-01-30T15:00:00,Nest_Alpha,15.5,22.4,NW,24.3,49.0,0,14.2,go
2025-01-30T16:00:00,Nest_Alpha,19.4,24.4,E,23.4,51.7,0,15.7,go
2025-01-30T17:00:00,Nest_Alpha,16.4,26.0,W,22.8,53.6,0,15.2,go
2025-01-30T18:00:00,Nest_Alpha,10.6,12.8,NW,22.2,66.2,0,14.7,go
2025-01-30T19:00:00,Nest_Alpha,16.5,26.4,NW,19.9,39.4,0,15.3,go
2025-01-30T20:00:00,Nest_Alpha,19.4,27.5,S,20.9,61.3,0,14.2,go
2025-01-30T21:00:00,Nest_Alpha,15.6,22.1,E,19.6,45.6,0,15.4,go
2025-01-30T22:00:00,Nest_Alpha,14.5,22.6,E,19.8,55.5,0,16.0,go
2025-01-30T23:00:00,Nest_Alpha,16.6,22.2,W,16.9,54.8,0,14.7,go
2025-01-30T00:00:00,Nest_Beta,11.0,18.0,N,16.3,60.2,0,15.1,go
2025-01-30T01:00:00,Nest_Beta,7.9,11.3,SW,16.4,57.5,0,15.0,go
2025-01-30T02:00:00,Nest_Beta,6.6,13.1,W,18.4,59.1,0,15.8,go
2025-01-30T03:00:00,Nest_Beta,8.6,10.7,NW,17.5,71.3,0,14.8,go
2025-01-30T04:00:00,Nest_Beta,3.7,10.6,NE,17.4,25.5,0,14.6,go
2025-01-30T05:00:00,Nest_Beta,4.7,9.3,E,19.4,52.6,0,14.4,go
2025-01-30T06:00:00,Nest_Beta,6.7,14.6,NW,18.9,61.0,0,14.9,go
2025-01-30T07:00:00,Nest_Beta,6.4,9.9,NE,21.9,63.7,0,15.3,go
2025-01-30T08:00:00,Nest_Beta,5.9,9.8,SE,21.5,70.5,0,12.5,go
2025-01-30T09:00:00,Nest_Beta,6.9,10.1,E,21.2,55.4,0,13.5,go
2025-01-30T10:00:00,Nest_Beta,12.5,20.9,NE,24.1,60.8,0,12.5,go
2025-01-30T11:00:00,Nest_Beta,11.9,21.2,SW,24.3,72.1,0,15.7,go
2025-01-30T12:00:00,Nest_Beta,6.5,13.5,W,24.5,48.4,0,16.0,go
2025-01-30T13:00:00,Nest_Beta,17.2,25.6,W,26.7,59.6,0,13.4,go
2025-01-30T14:00:00,Nest_Beta,9.1,11.3,SW,24.4,53.1,0,16.2,go
2025-01-30T15:00:00,Nest_Beta,18.0,22.1,W,23.4,52.1,0,15.6,go
2025-01-30T16:00:00,Nest_Beta,12.5,17.1,E,22.7,66.0,0,16.4,go
2025-01-30T17:00:00,Nest_Beta,17.0,20.6,SW,21.7,57.6,0,15.6,go
2025-01-30T18:00:00,Nest_Beta,13.5,20.3,N,21.2,52.0,0,15.1,go
2025-01-30T19:00:00,Nest_Beta,16.4,19.6,NE,20.9,55.9,0,16.1,go
2025-01-30T20:00:00,Nest_Beta,16.4,22.6,S,19.6,55.3,0,14.6,go
2025-01-30T21:00:00,Nest_Beta,15.0,22.2,NE,19.0,64.2,0,14.2,go
2025-01-30T22:00:00,Nest_Beta,7.4,15.6,W,17.9,56.4,0,14.2,go
2025-01-30T23:00:00,Nest_Beta,9.5,16.0,S,17.3,53.4,0,16.9,go
2025-01-30T00:00:00,Nest_Gamma,8.8,14.2,SW,17.7,70.5,0,15.2,go
2025-01-30T01:00:00,Nest_Gamma,7.4,15.7,NW,16.0,68.7,0,16.6,go
2025-01-30T02:00:00,Nest_Gamma,3.6,11.8,SW,17.1,63.3,0,16.1,go
2025-01-30T03:00:00,Nest_Gamma,9.1,13.3,NE,17.6,44.3,0,14.4,go
2025-01-30T04:00:00,Nest_Gamma,6.5,13.4,E,18.7,63.4,0,14.5,go
2025-01-30T05:00:00,Nest_Gamma,6.2,9.5,NE,19.0,49.2,0,15.6,go
2025-01-30T06:00:00,Nest_Gamma,8.4,11.8,NW,19.7,65.1,0,14.5,go
2025-01-30T07:00:00,Nest_Gamma,6.3,15.0,W,20.8,56.4,0,15.9,go
2025-01-30T08:00:00,Nest_Gamma,9.1,15.4,NE,21.8,53.1,0,15.5,go
2025-01-30T09:00:00,Nest_Gamma,8.6,14.4,N,22.3,57.2,0,16.0,go
2025-01-30T10:00:00,Nest_Gamma,9.3,18.1,S,24.1,63.5,0,14.9,go
2025-01-30T11:00:00,Nest_Gamma,11.5,14.8,W,24.6,67.8,0,15.1,go
2025-01-30T12:00:00,Nest_Gamma,14.6,17.0,NE,25.7,63.1,0,14.4,go
2025-01-30T13:00:00,Nest_Gamma,13.3,21.9,NE,24.2,60.8,0,15.2,go
2025-01-30T14:00:00,Nest_Gamma,14.8,24.5,SE,23.8,57.4,0,15.2,go
2025-01-30T15:00:00,Nest_Gamma,10.6,18.3,W,25.3,59.0,0,16.6,go
2025-01-30T16:00:00,Nest_Gamma,14.7,17.1,W,23.2,57.2,0,16.4,go
2025-01-30T17:00:00,Nest_Gamma,14.3,20.6,S,24.2,41.6,0,16.0,go
2025-01-30T18:00:00,Nest_Gamma,16.2,18.6,SW,21.5,65.5,0,14.1,go
2025-01-30T19:00:00,Nest_Gamma,15.9,25.4,SE,21.6,60.6,0,15.9,go
2025-01-30T20:00:00,Nest_Gamma,14.1,17.5,E,20.6,59.0,0,15.7,go
2025-01-30T21:00:00,Nest_Gamma,14.5,23.9,E,17.9,65.3,0,16.2,go
2025-01-30T22:00:00,Nest_Gamma,13.6,21.8,NW,18.7,55.3,0,15.4,go
2025-01-30T23:00:00,Nest_Gamma,11.0,14.8,N,18.3,57.2,0,16.6,go
2025-01-30T00:00:00,Nest_Delta,12.0,16.2,SW,17.9,51.5,0,14.4,go
2025-01-30T01:00:00,Nest_Delta,11.7,21.2,N,16.3,59.2,0,15.1,go
2025-01-30T02:00:00,Nest_Delta,7.3,15.3,SW,16.6,67.2,0,16.5,go
2025-01-30T03:00:00,Nest_Delta,8.2,11.6,NE,18.3,45.6,0,17.3,go
2025-01-30T04:00:00,Nest_Delta,4.8,7.4,SW,16.4,58.9,0,15.0,go
2025-01-30T05:00:00,Nest_Delta,8.6,15.0,SE,18.8,39.9,0,13.7,go
2025-01-30T06:00:00,Nest_Delta,5.4,14.9,E,21.1,63.4,0,16.4,go
2025-01-30T07:00:00,Nest_Delta,8.8,13.7,N,21.6,71.5,0,15.6,go
2025-01-30T08:00:00,Nest_Delta,10.3,18.4,NW,21.7,61.9,0,16.5,go
2025-01-30T09:00:00,Nest_Delta,5.8,13.6,NW,23.1,59.7,0,14.2,go
2025-01-30T10:00:00,Nest_Delta,9.4,19.0,NW,23.2,59.0,0,16.6,go
2025-01-30T11:00:00,Nest_Delta,9.5,18.4,NW,24.3,54.1,0,14.3,go
2025-01-30T12:00:00,Nest_Delta,12.4,19.1,SW,25.2,75.4,0,15.1,go
2025-01-30T13:00:00,Nest_Delta,15.6,21.3,SE,25.3,67.3,0,14.0,go
2025-01-30T14:00:00,Nest_Delta,16.6,20.5,W,25.3,44.5,0,15.1,go
2025-01-30T15:00:00,Nest_Delta,18.3,24.1,NE,24.2,70.9,0,14.0,go
2025-01-30T16:00:00,Nest_Delta,16.8,20.7,S,23.7,54.1,0,13.5,go
2025-01-30T17:00:00,Nest_Delta,20.7,23.7,NE,24.8,47.2,0,13.4,go
2025-01-30T18:00:00,Nest_Delta,15.3,23.4,S,20.9,56.0,0,16.5,go
2025-01-30T19:00:00,Nest_Delta,18.4,26.6,S,20.4,52.5,0,14.7,go
2025-01-30T20:00:00,Nest_Delta,14.7,18.0,W,20.4,54.9,0,16.3,go
2025-01-30T21:00:00,Nest_Delta,11.0,17.5,S,19.5,57.0,0,15.1,go
2025-01-30T22:00:00,Nest_Delta,12.4,16.0,S,19.0,41.7,0,15.4,go
2025-01-30T23:00:00,Nest_Delta,9.0,16.7,NE,17.7,53.4,0,15.9,go
2025-01-31T00:00:00,Nest_Alpha,12.0,18.3,NW,18.1,56.7,0,16.3,go
2025-01-31T01:00:00,Nest_Alpha,11.1,18.1,NW,16.7,47.9,0,16.5,go
2025-01-31T02:00:00,Nest_Alpha,6.3,9.4,W,17.5,64.9,0,14.6,go
2025-01-31T03:00:00,Nest_Alpha,4.1,8.0,S,17.1,55.9,0,15.9,go
2025-01-31T04:00:00,Nest_Alpha,8.1,16.2,W,19.2,53.2,0,16.1,go
2025-01-31T05:00:00,Nest_Alpha,9.7,12.6,NW,19.0,60.2,0,15.6,go
2025-01-31T06:00:00,Nest_Alpha,9.5,14.4,W,20.1,74.3,0,15.1,go
2025-01-31T07:00:00,Nest_Alpha,10.8,19.9,E,20.8,57.4,0,13.5,go
2025-01-31T08:00:00,Nest_Alpha,5.1,11.8,NE,22.7,45.8,0,15.9,go
2025-01-31T09:00:00,Nest_Alpha,10.3,18.8,N,22.6,53.3,0,16.3,go
2025-01-31T10:00:00,Nest_Alpha,4.0,10.0,W,24.1,53.6,0,14.4,go
2025-01-31T11:00:00,Nest_Alpha,15.6,18.1,S,24.1,49.0,0,14.6,go
2025-01-31T12:00:00,Nest_Alpha,18.0,21.0,NE,24.6,50.6,0,15.6,go
2025-01-31T13:00:00,Nest_Alpha,15.9,20.8,SE,24.7,68.5,0,13.3,go
2025-01-31T14:00:00,Nest_Alpha,16.7,18.8,E,25.3,41.3,0,16.1,go
2025-01-31T15:00:00,Nest_Alpha,20.4,29.4,SW,24.9,52.0,0,14.3,go
2025-01-31T16:00:00,Nest_Alpha,13.3,19.8,E,22.9,63.3,0,15.5,go
2025-01-31T17:00:00,Nest_Alpha,18.7,26.3,S,21.3,63.0,0,14.4,go
2025-01-31T18:00:00,Nest_Alpha,17.3,23.3,SE,22.1,66.1,0,13.6,go
2025-01-31T19:00:00,Nest_Alpha,17.0,20.3,NE,21.0,45.7,0,16.6,go
2025-01-31T20:00:00,Nest_Alpha,20.1,27.4,SE,19.3,50.2,0,14.2,go
2025-01-31T21:00:00,Nest_Alpha,15.5,24.7,W,17.9,63.0,0,16.0,go
2025-01-31T22:00:00,Nest_Alpha,15.0,23.8,NE,18.3,55.4,0,15.5,go
2025-01-31T23:00:00,Nest_Alpha,15.8,24.6,N,17.4,55.6,0,12.0,go
2025-01-31T00:00:00,Nest_Beta,11.1,13.1,N,17.6,76.4,0,15.3,go
2025-01-31T01:00:00,Nest_Beta,7.6,12.1,N,17.5,49.9,0,14.2,go
2025-01-31T02:00:00,Nest_Beta,8.2,12.2,E,17.4,48.9,0,15.3,go
2025-01-31T03:00:00,Nest_Beta,9.2,12.4,SE,17.7,39.9,0,13.7,go
2025-01-31T04:00:00,Nest_Beta,7.7,11.9,N,19.7,57.8,0,15.7,go
2025-01-31T05:00:00,Nest_Beta,3.9,12.5,S,19.0,59.8,0,14.0,go
2025-01-31T06:00:00,Nest_Beta,6.9,12.3,SE,19.5,59.1,0,15.4,go
2025-01-31T07:00:00,Nest_Beta,9.6,19.3,SE,20.6,51.1,0,14.5,go
2025-01-31T08:00:00,Nest_Beta,8.1,10.2,SE,21.8,67.5,0,14.3,go
2025-01-31T09:00:00,Nest_Beta,11.1,18.8,NW,23.6,68.0,0,16.2,go
2025-01-31T10:00:00,Nest_Beta,15.3,18.0,SE,23.7,49.7,0,14.5,go
2025-01-31T11:00:00,Nest_Beta,6.0,14.4,E,24.3,52.5,0,15.3,go
2025-01-31T12:00:00,Nest_Beta,10.9,17.9,S,25.4,72.6,0,15.1,go
2025-01-31T13:00:00,Nest_Beta,14.8,22.0,E,26.1,61.2,0,16.3,go
2025-01-31T14:00:00,Nest_Beta,15.3,24.7,N,23.2,67.3,0,14.0,go
2025-01-31T15:00:00,Nest_Beta,12.8,22.1,SW,24.8,60.4,0,13.2,go
2025-01-31T16:00:00,Nest_Beta,16.3,20.8,N,21.2,50.9,0,13.9,go
2025-01-31T17:00:00,Nest_Beta,15.3,23.7,NW,23.4,70.0,0,15.4,go
2025-01-31T18:00:00,Nest_Beta,17.7,26.0,NE,21.6,52.6,0,14.5,go
2025-01-31T19:00:00,Nest_Beta,20.0,25.9,E,21.9,59.4,0,15.5,go
2025-01-31T20:00:00,Nest_Beta,14.6,22.5,E,20.3,57.6,0,15.7,go
2025-01-31T21:00:00,Nest_Beta,14.8,20.1,S,20.1,62.1,0,15.4,go
2025-01-31T22:00:00,Nest_Beta,10.5,17.4,NW,17.0,44.0,0,13.8,go
2025-01-31T23:00:00,Nest_Beta,8.5,16.5,SE,17.7,52.4,0,14.8,go
2025-01-31T00:00:00,Nest_Gamma,9.3,12.3,E,17.7,68.1,0,14.4,go
2025-01-31T01:00:00,Nest_Gamma,5.6,15.1,N,17.8,58.8,0,13.4,go
2025-01-31T02:00:00,Nest_Gamma,6.3,16.0,SE,18.0,62.4,0,16.0,go
2025-01-31T03:00:00,Nest_Gamma,4.4,6.5,S,17.6,64.5,0,13.2,go
2025-01-31T04:00:00,Nest_Gamma,5.6,12.6,NE,17.4,52.4,0,17.1,go
2025-01-31T05:00:00,Nest_Gamma,2,10.8,S,19.2,56.1,0,13.9,go
2025-01-31T06:00:00,Nest_Gamma,3.4,8.6,E,19.9,59.2,0,14.6,go
2025-01-31T07:00:00,Nest_Gamma,5.6,15.1,SW,21.4,60.6,0,16.4,go
2025-01-31T08:00:00,Nest_Gamma,6.0,10.2,N,21.4,65.6,0,13.8,go
2025-01-31T09:00:00,Nest_Gamma,5.9,14.5,NW,23.0,57.5,0,14.8,go
2025-01-31T10:00:00,Nest_Gamma,7.3,11.0,SW,23.7,72.7,0,15.9,go
2025-01-31T11:00:00,Nest_Gamma,8.9,14.0,E,24.2,45.2,0,12.5,go
2025-01-31T12:00:00,Nest_Gamma,11.9,20.9,W,25.5,43.2,0,15.1,go
2025-01-31T13:00:00,Nest_Gamma,12.0,18.2,N,23.0,63.7,0,15.3,go
2025-01-31T14:00:00,Nest_Gamma,16.1,19.9,S,25.4,60.6,0,15.8,go
2025-01-31T15:00:00,Nest_Gamma,11.0,13.6,S,24.4,54.6,0,13.8,go
2025-01-31T16:00:00,Nest_Gamma,10.5,17.9,S,22.6,54.2,0,15.1,go
2025-01-31T17:00:00,Nest_Gamma,16.4,20.0,SE,23.7,57.6,0,14.8,go
2025-01-31T18:00:00,Nest_Gamma,16.1,24.6,NE,23.0,50.8,0,15.1,go
2025-01-31T19:00:00,Nest_Gamma,14.7,23.2,NE,19.8,57.4,0,14.3,go
2025-01-31T20:00:00,Nest_Gamma,12.3,20.3,N,20.6,49.1,0,14.1,go
2025-01-31T21:00:00,Nest_Gamma,9.2,18.9,N,19.6,56.4,0,13.3,go
2025-01-31T22:00:00,Nest_Gamma,14.4,17.4,S,19.5,65.4,0,15.1,go
2025-01-31T23:00:00,Nest_Gamma,9.4,18.7,NE,17.1,42.1,0,13.4,go
2025-01-31T00:00:00,Nest_Delta,10.4,18.9,SW,16.7,57.6,0,14.1,go
2025-01-31T01:00:00,Nest_Delta,11.8,17.1,S,17.3,54.9,0,14.4,go
2025-01-31T02:00:00,Nest_Delta,9.4,16.2,N,18.0,77.2,0,16.1,go
2025-01-31T03:00:00,Nest_Delta,8.9,16.3,SE,17.9,55.1,0,14.7,go
2025-01-31T04:00:00,Nest_Delta,8.7,16.3,W,18.8,58.6,0,15.7,go
2025-01-31T05:00:00,Nest_Delta,2.0,10.8,S,20.6,53.9,0,15.6,go
2025-01-31T06:00:00,Nest_Delta,11.3,15.8,NW,20.4,71.5,0,16.0,go
2025-01-31T07:00:00,Nest_Delta,7.3,10.0,S,21.5,63.2,0,14.4,go
2025-01-31T08:00:00,Nest_Delta,10.3,19.9,SE,21.2,61.0,0,15.3,go
2025-01-31T09:00:00,Nest_Delta,14.5,22.8,SW,24.0,67.9,0,14.6,go
2025-01-31T10:00:00,Nest_Delta,8.9,13.7,NW,24.7,50.6,0,15.6,go
2025-01-31T11:00:00,Nest_Delta,11.2,20.2,NE,24.8,80.5,0,15.5,go
2025-01-31T12:00:00,Nest_Delta,12.8,20.9,SE,24.5,55.3,0,14.5,go
2025-01-31T13:00:00,Nest_Delta,15.1,20.2,SE,25.2,58.6,0,16.6,go
2025-01-31T14:00:00,Nest_Delta,16.1,23.8,SW,25.2,80.7,0,13.8,go
2025-01-31T15:00:00,Nest_Delta,20.0,28.7,N,24.9,79.1,0,15.0,go
2025-01-31T16:00:00,Nest_Delta,12.8,18.4,E,25.2,44.7,0,15.4,go
2025-01-31T17:00:00,Nest_Delta,17.0,21.7,S,22.6,64.0,0,14.3,go
2025-01-31T18:00:00,Nest_Delta,15.2,21.6,S,21.9,43.6,0,13.9,go
2025-01-31T19:00:00,Nest_Delta,19.3,25.8,NW,20.4,69.7,0,14.7,go
2025-01-31T20:00:00,Nest_Delta,13.0,16.0,W,19.8,72.0,0,15.3,go
2025-01-31T21:00:00,Nest_Delta,13.3,17.3,SW,18.4,56.0,0,15.4,go
2025-01-31T22:00:00,Nest_Delta,16.1,19.5,NW,18.0,50.9,0,16.0,go
2025-01-31T23:00:00,Nest_Delta,13.2,15.3,E,17.2,50.8,0,13.8,go
2025-02-01T00:00:00,Nest_Alpha,12.2,18.7,NW,16.9,59.1,0,15.8,go
2025-02-01T01:00:00,Nest_Alpha,9.1,12.7,NE,17.2,38.1,0,16.0,go
2025-02-01T02:00:00,Nest_Alpha,11.0,15.2,E,16.3,52.4,0,15.5,go
2025-02-01T03:00:00,Nest_Alpha,8.7,14.6,NE,17.1,55.5,0,16.0,go
2025-02-01T04:00:00,Nest_Alpha,5.1,11.5,E,16.9,59.9,0,15.0,go
2025-02-01T05:00:00,Nest_Alpha,4.6,13.7,S,19.6,77.5,0,14.9,go
2025-02-01T06:00:00,Nest_Alpha,9.7,15.6,SE,19.6,50.4,0,15.0,go
2025-02-01T07:00:00,Nest_Alpha,5.7,13.3,N,20.6,63.3,0,15.6,go
2025-02-01T08:00:00,Nest_Alpha,12.2,19.7,N,22.1,59.4,0,14.4,go
2025-02-01T09:00:00,Nest_Alpha,9.7,14.5,NW,23.0,53.7,0,13.1,go
2025-02-01T10:00:00,Nest_Alpha,11.3,18.7,SW,22.6,56.0,0,14.7,go
2025-02-01T11:00:00,Nest_Alpha,11.5,13.6,W,25.1,59.8,0,16.4,go
2025-02-01T12:00:00,Nest_Alpha,11.2,16.2,E,25.1,40.1,0,14.0,go
2025-02-01T13:00:00,Nest_Alpha,20.1,25.7,W,25.3,53.7,0,16.1,go
2025-02-01T14:00:00,Nest_Alpha,13.3,17.5,W,25.0,66.6,0,14.2,go
2025-02-01T15:00:00,Nest_Alpha,20.4,23.5,S,22.6,46.4,0,14.9,go
2025-02-01T16:00:00,Nest_Alpha,18.8,21.5,E,23.7,64.2,0,15.2,go
2025-02-01T17:00:00,Nest_Alpha,16.4,19.4,NE,23.7,47.1,0,15.5,go
2025-02-01T18:00:00,Nest_Alpha,17.3,21.9,E,22.5,54.4,0,14.4,go
2025-02-01T19:00:00,Nest_Alpha,19.9,27.1,N,21.1,58.0,0,14.1,go
2025-02-01T20:00:00,Nest_Alpha,14.2,20.5,NW,19.6,64.7,0,13.3,go
2025-02-01T21:00:00,Nest_Alpha,16.9,24.6,NE,18.4,58.0,0,16.0,go
2025-02-01T22:00:00,Nest_Alpha,15.4,24.9,SW,17.3,54.2,0,15.6,go
2025-02-01T23:00:00,Nest_Alpha,10.1,18.4,SW,18.1,57.5,0,15.8,go
2025-02-01T00:00:00,Nest_Beta,9.3,15.7,S,16.5,70.4,0,16.5,go
2025-02-01T01:00:00,Nest_Beta,8.5,13.2,SE,18.5,63.2,0,14.8,go
2025-02-01T02:00:00,Nest_Beta,7.4,15.9,E,17.0,59.4,0,14.7,go
2025-02-01T03:00:00,Nest_Beta,6.6,11.3,NW,17.1,62.5,0,15.4,go
2025-02-01T04:00:00,Nest_Beta,6.9,14.5,S,19.0,59.2,0,14.8,go
2025-02-01T05:00:00,Nest_Beta,7.1,15.0,NE,18.3,59.1,0,15.7,go
2025-02-01T06:00:00,Nest_Beta,7.2,13.0,W,21.2,52.0,0,16.8,go
2025-02-01T07:00:00,Nest_Beta,6.1,13.8,S,21.6,49.6,0,17.6,go
2025-02-01T08:00:00,Nest_Beta,8.1,12.7,W,22.0,68.8,0,12.9,go
2025-02-01T09:00:00,Nest_Beta,7.8,16.2,SE,21.2,40.5,0,15.2,go
2025-02-01T10:00:00,Nest_Beta,10.1,14.6,S,23.2,58.7,0,13.7,go
2025-02-01T11:00:00,Nest_Beta,13.9,23.2,N,23.9,57.7,0,15.9,go
2025-02-01T12:00:00,Nest_Beta,14.4,17.5,S,26.0,47.2,0,13.6,go
2025-02-01T13:00:00,Nest_Beta,10.8,20.7,W,24.5,36.6,0,15.1,go
2025-02-01T14:00:00,Nest_Beta,11.8,19.8,NW,25.5,43.3,0,16.1,go
2025-02-01T15:00:00,Nest_Beta,13.4,21.6,W,25.0,54.7,0,16.1,go
2025-02-01T16:00:00,Nest_Beta,16.3,23.7,S,22.4,57.6,0,14.5,go
2025-02-01T17:00:00,Nest_Beta,15.3,20.3,SW,21.6,57.1,0,16.7,go
2025-02-01T18:00:00,Nest_Beta,16.8,26.3,NE,21.5,70.4,0,14.7,go
2025-02-01T19:00:00,Nest_Beta,14.7,17.6,NE,21.0,65.2,0,14.0,go
2025-02-01T20:00:00,Nest_Beta,14.5,21.2,NW,20.0,59.9,0,13.4,go
2025-02-01T21:00:00,Nest_Beta,16.5,19.2,S,20.0,63.6,0,14.2,go
2025-02-01T22:00:00,Nest_Beta,11.3,15.5,SW,18.4,52.8,0,14.2,go
2025-02-01T23:00:00,Nest_Beta,12.2,21.1,N,17.8,57.3,0,15.6,go
2025-02-01T00:00:00,Nest_Gamma,8.0,11.9,SE,17.6,91.6,0,14.9,go
2025-02-01T01:00:00,Nest_Gamma,9.1,13.9,SW,18.2,50.8,0,14.8,go
2025-02-01T02:00:00,Nest_Gamma,9.2,13.6,E,16.4,70.6,0,15.7,go
2025-02-01T03:00:00,Nest_Gamma,3.4,11.0,E,17.1,50.5,0,13.8,go
2025-02-01T04:00:00,Nest_Gamma,3.4,12.7,W,17.8,61.0,0,14.8,go
2025-02-01T05:00:00,Nest_Gamma,5.8,8.7,SE,18.7,59.0,0,15.3,go
2025-02-01T06:00:00,Nest_Gamma,4.3,9.2,NE,19.7,59.1,0,14.3,go
2025-02-01T07:00:00,Nest_Gamma,6.1,11.5,NW,21.6,63.1,0,14.6,go
2025-02-01T08:00:00,Nest_Gamma,6.2,11.5,NE,21.7,79.7,0,14.7,go
2025-02-01T09:00:00,Nest_Gamma,8.1,12.5,NW,23.1,53.2,0,14.1,go
2025-02-01T10:00:00,Nest_Gamma,9.9,16.6,SE,22.6,72.5,0,14.8,go
2025-02-01T11:00:00,Nest_Gamma,11.2,15.1,S,25.0,62.2,0,13.2,go
2025-02-01T12:00:00,Nest_Gamma,12.2,16.5,E,25.1,54.4,0,15.3,go
2025-02-01T13:00:00,Nest_Gamma,13.8,19.2,SW,24.6,55.4,0,15.1,go
2025-02-01T14:00:00,Nest_Gamma,12.8,20.7,SW,24.5,66.2,0,16.8,go
2025-02-01T15:00:00,Nest_Gamma,12.5,20.7,E,24.2,60.1,0,16.8,go
2025-02-01T16:00:00,Nest_Gamma,13.6,22.5,NW,25.0,63.7,0,16.0,go
2025-02-01T17:00:00,Nest_Gamma,9.5,13.8,SW,22.3,49.9,0,15.5,go
2025-02-01T18:00:00,Nest_Gamma,14.8,17.6,E,22.3,58.0,0,15.7,go
2025-02-01T19:00:00,Nest_Gamma,14.1,22.3,N,21.0,50.3,0,14.2,go
2025-02-01T20:00:00,Nest_Gamma,10.8,13.2,NE,22.0,54.5,0,13.3,go
2025-02-01T21:00:00,Nest_Gamma,14.5,24.4,SW,17.8,54.3,0,14.8,go
2025-02-01T22:00:00,Nest_Gamma,11.7,15.1,SW,16.8,52.8,0,14.3,go
2025-02-01T23:00:00,Nest_Gamma,8.9,16.1,NW,17.4,56.0,0,14.6,go
2025-02-01T00:00:00,Nest_Delta,9.5,12.9,NW,17.4,55.1,0,14.8,go
2025-02-01T01:00:00,Nest_Delta,5.6,12.9,S,17.3,41.6,0,15.5,go
2025-02-01T02:00:00,Nest_Delta,7.1,11.2,SW,17.7,43.6,0,15.7,go
2025-02-01T03:00:00,Nest_Delta,6.5,15.6,NW,17.3,39.3,0,14.3,go
2025-02-01T04:00:00,Nest_Delta,3.2,9.8,NW,18.5,59.4,0,15.1,go
2025-02-01T05:00:00,Nest_Delta,2.9,9.7,E,19.0,66.8,0,16.4,go
2025-02-01T06:00:00,Nest_Delta,10.4,14.6,NE,19.0,58.9,0,13.8,go
2025-02-01T07:00:00,Nest_Delta,13.8,15.8,E,21.1,53.6,0,12.5,go
2025-02-01T08:00:00,Nest_Delta,11.5,13.5,N,21.6,70.2,0,16.1,go
2025-02-01T09:00:00,Nest_Delta,7.0,13.2,NW,22.9,78.6,0,15.4,go
2025-02-01T10:00:00,Nest_Delta,9.8,12.7,NW,23.8,55.1,0,13.6,go
2025-02-01T11:00:00,Nest_Delta,9.1,17.7,NW,23.4,63.4,0,15.1,go
2025-02-01T12:00:00,Nest_Delta,9.3,13.8,SE,24.1,69.1,0,14.0,go
2025-02-01T13:00:00,Nest_Delta,17.5,27.4,E,26.0,70.5,0,16.3,go
2025-02-01T14:00:00,Nest_Delta,12.2,18.4,S,25.4,48.8,0,15.2,go
2025-02-01T15:00:00,Nest_Delta,15.6,24.1,SW,24.8,47.4,0,16.5,go
2025-02-01T16:00:00,Nest_Delta,15.5,23.3,SW,22.3,61.6,0,16.9,go
2025-02-01T17:00:00,Nest_Delta,15.8,23.6,NW,22.5,66.2,0,14.7,go
2025-02-01T18:00:00,Nest_Delta,15.4,24.7,SW,22.0,41.6,0,15.9,go
2025-02-01T19:00:00,Nest_Delta,19.0,27.5,N,21.3,50.9,0,14.2,go
2025-02-01T20:00:00,Nest_Delta,15.1,19.2,SW,19.5,52.1,0,16.5,go
2025-02-01T21:00:00,Nest_Delta,13.7,19.1,NE,19.6,57.9,0,14.8,go
2025-02-01T22:00:00,Nest_Delta,11.8,21.0,S,18.8,48.4,0,14.8,go
2025-02-01T23:00:00,Nest_Delta,14.1,18.8,SE,17.7,58.1,0,15.7,go
2025-02-02T00:00:00,Nest_Alpha,11.4,15.8,W,17.7,59.0,0,15.1,go
2025-02-02T01:00:00,Nest_Alpha,14.1,20.2,NE,17.9,57.1,0,14.0,go
2025-02-02T02:00:00,Nest_Alpha,7.9,15.3,SE,17.6,56.1,0,15.1,go
2025-02-02T03:00:00,Nest_Alpha,5.0,10.4,NE,17.3,47.2,0,16.2,go
2025-02-02T04:00:00,Nest_Alpha,8.6,18.2,SW,17.5,73.6,0,14.6,go
2025-02-02T05:00:00,Nest_Alpha,6.4,10.7,S,19.2,63.8,0,15.8,go
2025-02-02T06:00:00,Nest_Alpha,5.4,10.3,SW,20.4,54.3,0,13.9,go
2025-02-02T07:00:00,Nest_Alpha,13.2,16.0,NE,21.1,43.1,0,15.4,go
2025-02-02T08:00:00,Nest_Alpha,6.6,9.3,SW,22.4,66.9,0,15.6,go
2025-02-02T09:00:00,Nest_Alpha,12.4,22.3,E,22.9,47.4,0,15.1,go
2025-02-02T10:00:00,Nest_Alpha,11.6,16.1,N,24.5,66.6,0,14.7,go
2025-02-02T11:00:00,Nest_Alpha,11.0,13.6,W,25.5,58.0,0,15.2,go
2025-02-02T12:00:00,Nest_Alpha,10.8,19.7,NE,23.6,36.5,0,15.6,go
2025-02-02T13:00:00,Nest_Alpha,8.5,18.5,S,23.6,75.3,0,13.9,go
2025-02-02T14:00:00,Nest_Alpha,14.9,18.2,W,25.5,51.4,0,15.5,go
2025-02-02T15:00:00,Nest_Alpha,16.6,23.6,SW,23.6,61.0,0,15.5,go
2025-02-02T16:00:00,Nest_Alpha,17.3,23.4,W,23.2,57.9,0,15.3,go
2025-02-02T17:00:00,Nest_Alpha,20.7,28.4,SE,23.5,48.4,0,16.1,go
2025-02-02T18:00:00,Nest_Alpha,16.5,20.6,SW,22.8,73.3,0,14.7,go
2025-02-02T19:00:00,Nest_Alpha,16.3,25.3,SE,22.2,68.6,0,14.1,go
2025-02-02T20:00:00,Nest_Alpha,14.5,16.9,SW,19.3,45.5,0,15.6,go
2025-02-02T21:00:00,Nest_Alpha,16.1,20.8,NW,19.1,51.5,0,15.9,go
2025-02-02T22:00:00,Nest_Alpha,9.7,13.1,S,18.6,58.0,0,13.2,go
2025-02-02T23:00:00,Nest_Alpha,12.7,21.9,E,17.9,41.4,0,14.9,go
2025-02-02T00:00:00,Nest_Beta,7.7,11.5,E,16.7,57.6,0,15.6,go
2025-02-02T01:00:00,Nest_Beta,12.3,19.5,NE,16.5,57.6,0,15.2,go
2025-02-02T02:00:00,Nest_Beta,11.3,18.3,SE,16.5,58.5,0,14.6,go
2025-02-02T03:00:00,Nest_Beta,3.3,9.8,SW,17.8,62.3,0,15.6,go
2025-02-02T04:00:00,Nest_Beta,5.7,15.2,N,18.9,59.0,0,14.8,go
2025-02-02T05:00:00,Nest_Beta,8.3,15.2,S,18.9,49.0,0,15.7,go
2025-02-02T06:00:00,Nest_Beta,6.9,9.8,NE,20.8,55.8,0,15.3,go
2025-02-02T07:00:00,Nest_Beta,5.7,10.6,SW,21.7,53.0,0,16.8,go
2025-02-02T08:00:00,Nest_Beta,6.9,10.1,S,21.0,56.7,0,16.2,go
2025-02-02T09:00:00,Nest_Beta,9.1,15.2,E,23.1,54.5,0,15.4,go
2025-02-02T10:00:00,Nest_Beta,11.9,19.4,NW,23.6,66.1,0,14.8,go
2025-02-02T11:00:00,Nest_Beta,10.0,15.4,SE,24.1,54.1,0,16.3,go
2025-02-02T12:00:00,Nest_Beta,10.2,15.4,E,25.0,44.7,0,14.2,go
2025-02-02T13:00:00,Nest_Beta,15.4,18.9,E,24.8,55.5,0,16.4,go
2025-02-02T14:00:00,Nest_Beta,13.3,16.6,E,25.5,51.8,0,15.8,go
2025-02-02T15:00:00,Nest_Beta,14.0,20.7,E,24.4,66.7,0,14.3,go
2025-02-02T16:00:00,Nest_Beta,18.8,21.8,W,24.5,42.2,0,14.3,go
2025-02-02T17:00:00,Nest_Beta,16.4,21.6,SW,22.8,62.8,0,14.1,go
2025-02-02T18:00:00,Nest_Beta,16.4,22.7,E,20.7,51.3,0,15.4,go
2025-02-02T19:00:00,Nest_Beta,17.7,25.5,SW,20.5,74.2,0,13.0,go
2025-02-02T20:00:00,Nest_Beta,15.1,19.6,E,21.3,57.3,0,16.3,go
2025-02-02T21:00:00,Nest_Beta,12.2,15.5,N,17.9,62.3,0,15.1,go
2025-02-02T22:00:00,Nest_Beta,12.0,19.1,NW,17.8,68.7,0,12.6,go
2025-02-02T23:00:00,Nest_Beta,13.1,15.6,SW,17.2,52.3,0,14.5,go
2025-02-02T00:00:00,Nest_Gamma,6.9,10.5,SW,17.1,57.6,0,14.3,go
2025-02-02T01:00:00,Nest_Gamma,7.8,12.9,N,16.5,54.4,0,15.7,go
2025-02-02T02:00:00,Nest_Gamma,8.8,15.2,S,17.5,51.3,0,12.2,go
2025-02-02T03:00:00,Nest_Gamma,6.3,14.1,SW,17.0,58.5,0,14.5,go
2025-02-02T04:00:00,Nest_Gamma,5.3,8.1,N,18.8,56.2,0,14.3,go
2025-02-02T05:00:00,Nest_Gamma,4.9,8.4,SW,19.0,55.4,0,14.4,go
2025-02-02T06:00:00,Nest_Gamma,4.8,11.2,NE,20.4,54.0,0,14.6,go
2025-02-02T07:00:00,Nest_Gamma,4.1,9.1,E,21.8,69.2,0,13.4,go
2025-02-02T08:00:00,Nest_Gamma,5.6,11.7,NW,23.4,64.7,0,14.5,go
2025-02-02T09:00:00,Nest_Gamma,5.3,10.2,N,23.3,49.4,0,14.6,go
2025-02-02T10:00:00,Nest_Gamma,7.8,14.3,NE,24.3,74.1,0,14.6,go
2025-02-02T11:00:00,Nest_Gamma,13.4,19.5,S,24.3,45.4,0,16.8,go
2025-02-02T12:00:00,Nest_Gamma,7.9,13.5,N,23.8,39.3,0,18,go
2025-02-02T13:00:00,Nest_Gamma,13.8,17.5,S,25.5,64.8,0,13.7,go
2025-02-02T14:00:00,Nest_Gamma,14.2,18.7,E,25.1,56.9,0,14.0,go
2025-02-02T15:00:00,Nest_Gamma,16.2,21.3,NW,25.1,66.6,0,14.0,go
2025-02-02T16:00:00,Nest_Gamma,9.7,19.5,SE,24.1,47.3,0,15.6,go
2025-02-02T17:00:00,Nest_Gamma,17.2,24.9,N,22.6,51.6,0,15.5,go
2025-02-02T18:00:00,Nest_Gamma,14.7,19.2,E,21.0,49.0,0,14.3,go
2025-02-02T19:00:00,Nest_Gamma,11.1,16.2,NE,21.0,48.4,0,15.1,go
2025-02-02T20:00:00,Nest_Gamma,13.8,19.1,S,20.2,48.9,0,13.8,go
2025-02-02T21:00:00,Nest_Gamma,12.7,17.9,SE,19.4,40.6,0,15.4,go
2025-02-02T22:00:00,Nest_Gamma,10.1,17.8,NE,19.4,69.7,0,13.9,go
2025-02-02T23:00:00,Nest_Gamma,9.5,16.1,W,18.7,54.8,0,17.7,go
2025-02-02T00:00:00,Nest_Delta,10.5,20.2,N,16.8,53.7,0,14.1,go
2025-02-02T01:00:00,Nest_Delta,4.4,6.7,SW,16.9,58.5,0,15.0,go
2025-02-02T02:00:00,Nest_Delta,6.4,14.1,SE,15.3,59.2,0,14.5,go
2025-02-02T03:00:00,Nest_Delta,7.7,9.8,NW,19.2,70.3,0,14.4,go
2025-02-02T04:00:00,Nest_Delta,7.3,10.8,NE,17.2,74.2,0,14.6,go
2025-02-02T05:00:00,Nest_Delta,5.7,12.4,SE,18.5,71.5,0,15.3,go
2025-02-02T06:00:00,Nest_Delta,9.1,12.3,NW,19.3,63.5,0,16.8,go
2025-02-02T07:00:00,Nest_Delta,6.4,12.2,N,21.2,78.2,0,16.4,go
2025-02-02T08:00:00,Nest_Delta,6.2,14.8,E,21.0,67.5,0,15.1,go
2025-02-02T09:00:00,Nest_Delta,8.9,16.6,SW,23.1,72.1,0,13.8,go
2025-02-02T10:00:00,Nest_Delta,5.8,13.8,SW,23.8,33.8,0,15.2,go
2025-02-02T11:00:00,Nest_Delta,14.7,20.8,NE,24.4,40.7,0,14.5,go
2025-02-02T12:00:00,Nest_Delta,15.1,22.0,W,25.0,38.9,0,15.4,go
2025-02-02T13:00:00,Nest_Delta,16.3,23.3,E,25.7,74.6,0,15.7,go
2025-02-02T14:00:00,Nest_Delta,14.7,21.1,NE,24.3,69.7,0,14.9,go
2025-02-02T15:00:00,Nest_Delta,13.9,17.5,NE,24.4,56.6,0,14.5,go
2025-02-02T16:00:00,Nest_Delta,15.7,22.3,NW,24.5,58.5,0,14.7,go
2025-02-02T17:00:00,Nest_Delta,20.5,30.1,E,22.5,73.4,0,13.8,go
2025-02-02T18:00:00,Nest_Delta,11.8,19.7,S,21.4,47.4,0,15.4,go
2025-02-02T19:00:00,Nest_Delta,12.2,21.1,NW,20.6,48.4,0,14.7,go
2025-02-02T20:00:00,Nest_Delta,16.7,25.6,S,21.0,66.0,0,14.3,go
2025-02-02T21:00:00,Nest_Delta,15.5,24.3,SW,17.6,55.2,0,15.0,go
2025-02-02T22:00:00,Nest_Delta,14.5,19.4,SW,17.3,56.8,0,15.8,go
2025-02-02T23:00:00,Nest_Delta,12.6,20.5,SW,18.3,57.0,0,15.7,go
2025-02-03T00:00:00,Nest_Alpha,13.7,20.8,SW,17.2,42.4,0,15.1,go
2025-02-03T01:00:00,Nest_Alpha,8.1,14.1,NW,17.0,56.1,0,15.6,go
2025-02-03T02:00:00,Nest_Alpha,5.2,11.2,SE,16.7,55.3,0,16.0,go
2025-02-03T03:00:00,Nest_Alpha,9.1,14.9,E,18.3,72.6,0,14.3,go
2025-02-03T04:00:00,Nest_Alpha,10.4,18.2,NE,18.5,77.8,0,13.7,go
2025-02-03T05:00:00,Nest_Alpha,8.1,10.5,W,19.4,51.7,0,15.8,go
2025-02-03T06:00:00,Nest_Alpha,9.6,12.0,NE,20.6,59.2,0,14.2,go
2025-02-03T07:00:00,Nest_Alpha,13.0,17.9,SE,20.8,72.3,0,16.6,go
2025-02-03T08:00:00,Nest_Alpha,7.5,16.6,N,22.2,62.5,0,16.4,go
2025-02-03T09:00:00,Nest_Alpha,8.8,14.4,SE,22.4,58.4,0,16.1,go
2025-02-03T10:00:00,Nest_Alpha,8.2,12.3,NE,24.9,51.6,0,15.7,go
2025-02-03T11:00:00,Nest_Alpha,13.6,19.2,N,25.3,41.0,0,16.3,go
2025-02-03T12:00:00,Nest_Alpha,15.0,20.3,SE,24.8,51.4,0,13.6,go
2025-02-03T13:00:00,Nest_Alpha,13.9,23.8,SW,25.0,42.9,0,14.5,go
2025-02-03T14:00:00,Nest_Alpha,15.3,24.2,W,25.5,58.9,0,14.1,go
2025-02-03T15:00:00,Nest_Alpha,14.5,22.3,SW,24.8,49.9,0,14.6,go
2025-02-03T16:00:00,Nest_Alpha,15.1,21.8,SE,23.5,76.6,0,14.9,go
2025-02-03T17:00:00,Nest_Alpha,19.9,23.5,SE,21.8,62.0,0,13.9,go
2025-02-03T18:00:00,Nest_Alpha,18.2,27.7,SW,21.6,49.9,0,15.0,go
2025-02-03T19:00:00,Nest_Alpha,16.9,21.7,SW,20.1,66.8,0,14.4,go
2025-02-03T20:00:00,Nest_Alpha,14.1,22.0,NE,19.4,71.2,0,15.5,go
2025-02-03T21:00:00,Nest_Alpha,22.3,25.0,S,19.1,40.6,0,13.9,go
2025-02-03T22:00:00,Nest_Alpha,17.0,22.5,SW,17.8,51.3,0,15.2,go
2025-02-03T23:00:00,Nest_Alpha,14.2,16.6,S,16.4,56.1,0,16.1,go
2025-02-03T00:00:00,Nest_Beta,11.5,16.4,SE,17.6,63.6,0,15.0,go
2025-02-03T01:00:00,Nest_Beta,9.5,12.7,NW,16.3,69.9,0,14.8,go
2025-02-03T02:00:00,Nest_Beta,3.3,11.1,E,17.3,62.2,0,13.5,go
2025-02-03T03:00:00,Nest_Beta,12.3,17.8,W,17.2,69.7,0,15.1,go
2025-02-03T04:00:00,Nest_Beta,7.1,14.7,E,17.7,53.8,0,14.8,go
2025-02-03T05:00:00,Nest_Beta,6.2,12.6,W,18.3,69.3,0,14.0,go
2025-02-03T06:00:00,Nest_Beta,4.9,14.1,N,20.1,58.9,0,14.9,go
2025-02-03T07:00:00,Nest_Beta,6.8,15.6,W,21.5,56.1,0,14.5,go
2025-02-03T08:00:00,Nest_Beta,8.1,18.0,NE,22.9,75.0,0,13.9,go
2025-02-03T09:00:00,Nest_Beta,9.2,18.3,NW,22.6,34.7,0,15.2,go
2025-02-03T10:00:00,Nest_Beta,7.1,16.8,N,23.9,51.1,0,14.6,go
2025-02-03T11:00:00,Nest_Beta,6.7,15.4,W,26.6,34.3,0,15.4,go
2025-02-03T12:00:00,Nest_Beta,14.5,24.2,E,23.4,62.4,0,17.0,go
2025-02-03T13:00:00,Nest_Beta,13.1,21.8,N,25.2,52.8,0,13.3,go
2025-02-03T14:00:00,Nest_Beta,12.3,15.1,E,24.5,49.8,0,13.4,go
2025-02-03T15:00:00,Nest_Beta,17.4,21.7,N,23.6,70.5,0,16.3,go
2025-02-03T16:00:00,Nest_Beta,15.1,24.9,E,24.1,70.0,0,15.2,go
2025-02-03T17:00:00,Nest_Beta,17.7,25.3,SE,22.3,70.7,0,13.4,go
2025-02-03T18:00:00,Nest_Beta,18.8,22.2,NW,23.8,55.1,0,13.9,go
2025-02-03T19:00:00,Nest_Beta,16.4,22.5,NE,21.0,68.4,0,14.7,go
2025-02-03T20:00:00,Nest_Beta,13.4,22.2,S,21.0,51.3,0,15.7,go
2025-02-03T21:00:00,Nest_Beta,16.3,21.8,SW,19.5,59.6,0,15.4,go
2025-02-03T22:00:00,Nest_Beta,12.6,16.0,S,18.5,71.8,0,15.5,go
2025-02-03T23:00:00,Nest_Beta,9.2,13.2,W,19.0,55.3,0,13.6,go
2025-02-03T00:00:00,Nest_Gamma,7.8,10.7,E,16.9,59.0,0,14.8,go
2025-02-03T01:00:00,Nest_Gamma,9.9,13.4,N,17.9,57.5,0,15.3,go
2025-02-03T02:00:00,Nest_Gamma,8.6,12.8,E,18.0,36.6,0,16.0,go
2025-02-03T03:00:00,Nest_Gamma,6.0,11.2,S,18.3,57.9,0,14.2,go
2025-02-03T04:00:00,Nest_Gamma,4.2,13.2,SE,18.2,64.6,0,14.0,go
2025-02-03T05:00:00,Nest_Gamma,8.6,13.8,SW,17.8,57.0,0,14.4,go
2025-02-03T06:00:00,Nest_Gamma,6.6,11.0,SW,19.1,63.1,0,14.5,go
2025-02-03T07:00:00,Nest_Gamma,8.1,17.7,NE,21.9,68.7,0,16.1,go
2025-02-03T08:00:00,Nest_Gamma,8.3,18.1,NW,22.2,58.5,0,14.3,go
2025-02-03T09:00:00,Nest_Gamma,10.6,19.6,W,22.6,63.1,0,14.2,go
2025-02-03T10:00:00,Nest_Gamma,10.6,16.0,SW,22.9,55.8,0,14.5,go
2025-02-03T11:00:00,Nest_Gamma,10.5,15.8,SW,25.1,70.5,0,16.5,go
2025-02-03T12:00:00,Nest_Gamma,3.3,13.0,NE,24.4,73.2,0,13.4,go
2025-02-03T13:00:00,Nest_Gamma,12.8,21.1,NW,24.5,74.7,0,14.7,go
2025-02-03T14:00:00,Nest_Gamma,11.4,19.9,NE,25.2,59.6,0,14.6,go
2025-02-03T15:00:00,Nest_Gamma,14.7,22.7,NE,23.7,47.2,0,14.8,go
2025-02-03T16:00:00,Nest_Gamma,15.2,21.2,S,23.6,62.4,0,15.9,go
2025-02-03T17:00:00,Nest_Gamma,14.8,21.6,NW,23.7,61.6,0,15.1,go
2025-02-03T18:00:00,Nest_Gamma,19.2,26.2,S,21.9,62.4,0,14.4,go
2025-02-03T19:00:00,Nest_Gamma,9.4,19.1,S,21.5,56.2,0,15.5,go
2025-02-03T20:00:00,Nest_Gamma,14.0,20.4,SE,19.7,55.4,0,15.5,go
2025-02-03T21:00:00,Nest_Gamma,17.0,19.5,SE,19.9,47.2,0,16.0,go
2025-02-03T22:00:00,Nest_Gamma,9.9,15.2,S,17.4,51.9,0,15.8,go
2025-02-03T23:00:00,Nest_Gamma,5.9,10.2,S,17.0,52.6,0,11.9,go
2025-02-03T00:00:00,Nest_Delta,9.6,12.7,NW,17.9,49.4,0,13.3,go
2025-02-03T01:00:00,Nest_Delta,13.2,22.5,NE,15.9,69.5,0,15.1,go
2025-02-03T02:00:00,Nest_Delta,8.6,14.3,E,16.6,56.3,0,15.2,go
2025-02-03T03:00:00,Nest_Delta,4.3,9.8,NE,17.9,55.9,0,14.8,go
2025-02-03T04:00:00,Nest_Delta,6.7,16.2,SE,18.0,46.9,0,15.7,go
2025-02-03T05:00:00,Nest_Delta,7.2,15.6,N,19.3,54.4,0,13.4,go
2025-02-03T06:00:00,Nest_Delta,7.6,10.9,S,19.6,64.4,0,12.3,go
2025-02-03T07:00:00,Nest_Delta,5.5,12.6,E,21.1,60.0,0,15.3,go
2025-02-03T08:00:00,Nest_Delta,10.1,17.0,NW,22.1,30.3,0,16.9,go
2025-02-03T09:00:00,Nest_Delta,9.3,13.9,SW,22.9,44.3,0,15.2,go
2025-02-03T10:00:00,Nest_Delta,13.2,20.6,SW,23.0,74.3,0,15.4,go
2025-02-03T11:00:00,Nest_Delta,10.2,14.6,NE,24.7,72.2,0,14.7,go
2025-02-03T12:00:00,Nest_Delta,9.4,15.9,SE,25.2,66.0,0,14.5,go
2025-02-03T13:00:00,Nest_Delta,9.8,15.1,E,23.9,51.1,0,14.1,go
2025-02-03T14:00:00,Nest_Delta,19.4,22.8,S,25.2,72.4,0,15.9,go
2025-02-03T15:00:00,Nest_Delta,17.0,19.1,E,23.7,57.1,0,16.2,go
2025-02-03T16:00:00,Nest_Delta,15.6,24.2,SW,24.4,67.3,0,14.8,go
2025-02-03T17:00:00,Nest_Delta,12.4,20.3,NW,23.1,29.6,0,15.9,go
2025-02-03T18:00:00,Nest_Delta,19.0,22.5,SW,21.6,56.4,0,15.4,go
2025-02-03T19:00:00,Nest_Delta,15.9,18.0,SW,20.8,46.1,0,15.1,go
2025-02-03T20:00:00,Nest_Delta,13.4,18.8,N,18.9,58.8,0,14.8,go
2025-02-03T21:00:00,Nest_Delta,15.9,25.9,S,18.4,63.6,0,15.1,go
2025-02-03T22:00:00,Nest_Delta,14.7,21.8,NW,18.0,53.2,0,14.2,go
2025-02-03T23:00:00,Nest_Delta,10.9,16.7,NE,18.6,42.4,0,17.1,go
2025-02-04T00:00:00,Nest_Alpha,6.2,13.0,SW,16.2,61.9,0,15.9,go
2025-02-04T01:00:00,Nest_Alpha,13.3,21.9,NW,17.0,57.1,0,16.0,go
2025-02-04T02:00:00,Nest_Alpha,8.2,11.7,N,17.1,67.0,0,16.0,go
2025-02-04T03:00:00,Nest_Alpha,8.9,18.4,NW,16.9,55.0,0,14.6,go
2025-02-04T04:00:00,Nest_Alpha,9.0,11.7,N,19.1,66.8,0,14.9,go
2025-02-04T05:00:00,Nest_Alpha,4.9,11.5,W,19.6,41.2,0,15.4,go
2025-02-04T06:00:00,Nest_Alpha,6.6,11.1,SW,18.8,54.2,0,15.2,go
2025-02-04T07:00:00,Nest_Alpha,7.5,16.1,SE,21.0,40.6,0,14.1,go
2025-02-04T08:00:00,Nest_Alpha,9.1,11.1,NW,21.4,66.2,0,12.4,go
2025-02-04T09:00:00,Nest_Alpha,10.4,13.8,NW,23.4,54.9,0,15.3,go
2025-02-04T10:00:00,Nest_Alpha,17.2,19.5,N,23.5,56.8,0,15.7,go
2025-02-04T11:00:00,Nest_Alpha,14.7,20.9,SE,24.5,63.9,0,14.4,go
2025-02-04T12:00:00,Nest_Alpha,17.0,19.0,E,25.4,52.3,0,16.4,go
2025-02-04T13:00:00,Nest_Alpha,15.1,23.9,NE,25.2,51.6,0,15.6,go
2025-02-04T14:00:00,Nest_Alpha,18.0,24.7,NW,24.3,44.5,0,15.7,go
2025-02-04T15:00:00,Nest_Alpha,16.9,21.4,NE,24.6,60.7,0,14.3,go
2025-02-04T16:00:00,Nest_Alpha,15.7,24.2,E,23.5,59.5,0,15.6,go
2025-02-04T17:00:00,Nest_Alpha,15.1,22.2,SW,23.6,66.4,0,14.8,go
2025-02-04T18:00:00,Nest_Alpha,18.1,23.5,W,23.3,58.2,0,14.2,go
2025-02-04T19:00:00,Nest_Alpha,19.8,28.9,SE,21.7,52.0,0,15.2,go
2025-02-04T20:00:00,Nest_Alpha,18.9,28.4,SE,19.7,68.9,0,15.3,go
2025-02-04T21:00:00,Nest_Alpha,14.4,17.4,SE,18.8,40.9,0,13.5,go
2025-02-04T22:00:00,Nest_Alpha,17.3,25.7,NE,19.1,53.9,0,14.9,go
2025-02-04T23:00:00,Nest_Alpha,11.2,20.4,N,17.1,64.7,0,15.5,go
2025-02-04T00:00:00,Nest_Beta,8.6,16.8,SE,17.7,56.8,0,13.9,go
2025-02-04T01:00:00,Nest_Beta,6.1,9.7,SW,16.5,53.4,0,16.4,go
2025-02-04T02:00:00,Nest_Beta,10.2,19.5,N,17.4,65.6,0,16.8,go
2025-02-04T03:00:00,Nest_Beta,5.2,13.7,NW,17.2,61.7,0,15.3,go
2025-02-04T04:00:00,Nest_Beta,8.6,17.9,SE,18.0,53.5,0,15.2,go
2025-02-04T05:00:00,Nest_Beta,7.7,16.3,E,18.4,62.1,0,14.4,go
2025-02-04T06:00:00,Nest_Beta,8.5,12.6,NW,18.9,57.9,0,15.1,go
2025-02-04T07:00:00,Nest_Beta,5.3,7.6,W,19.8,50.2,0,15.4,go
2025-02-04T08:00:00,Nest_Beta,7.2,13.4,NW,21.7,62.5,0,15.7,go
2025-02-04T09:00:00,Nest_Beta,7.6,17.0,SW,22.9,51.7,0,16.9,go
2025-02-04T10:00:00,Nest_Beta,11.2,13.6,W,22.9,59.1,0,13.7,go
2025-02-04T11:00:00,Nest_Beta,9.0,18.0,E,25.2,50.4,0,15.5,go
2025-02-04T12:00:00,Nest_Beta,11.7,15.1,NW,25.9,57.6,0,16.6,go
2025-02-04T13:00:00,Nest_Beta,11.4,15.4,S,26.1,68.1,0,13.4,go
2025-02-04T14:00:00,Nest_Beta,15.6,20.3,S,25.3,67.0,0,15.5,go
2025-02-04T15:00:00,Nest_Beta,13.6,16.8,SE,25.3,61.3,0,14.2,go
2025-02-04T16:00:00,Nest_Beta,19.3,21.7,SW,23.9,53.2,0,14.7,go
2025-02-04T17:00:00,Nest_Beta,18.0,26.9,S,23.6,58.2,0,16.7,go
2025-02-04T18:00:00,Nest_Beta,13.6,21.9,S,21.4,57.2,0,15.7,go
2025-02-04T19:00:00,Nest_Beta,17.2,22.3,N,20.5,69.7,0,15.0,go
2025-02-04T20:00:00,Nest_Beta,12.7,15.0,SW,20.2,62.0,0,13.9,go
2025-02-04T21:00:00,Nest_Beta,12.9,18.2,S,20.6,44.2,0,16.2,go
2025-02-04T22:00:00,Nest_Beta,9.8,14.9,S,18.6,58.5,0,13.6,go
2025-02-04T23:00:00,Nest_Beta,12.0,16.2,S,17.8,46.1,0,13.8,go
2025-02-04T00:00:00,Nest_Gamma,6.1,12.8,SE,16.8,57.9,0,13.8,go
2025-02-04T01:00:00,Nest_Gamma,10.2,16.8,S,18.0,54.6,0,15.3,go
2025-02-04T02:00:00,Nest_Gamma,9.7,15.5,W,16.8,53.7,0,14.1,go
2025-02-04T03:00:00,Nest_Gamma,4.4,10.5,NE,17.2,48.9,0,15.7,go
2025-02-04T04:00:00,Nest_Gamma,2.1,9.4,E,18.0,52.8,0,14.0,go
2025-02-04T05:00:00,Nest_Gamma,2.4,11.2,NE,17.6,63.4,0,15.1,go
2025-02-04T06:00:00,Nest_Gamma,3.6,13.5,N,20.0,46.9,0,15.1,go
2025-02-04T07:00:00,Nest_Gamma,7.9,11.2,NW,19.9,54.8,0,15.0,go
2025-02-04T08:00:00,Nest_Gamma,6.0,10.9,SW,22.0,50.2,0,15.7,go
2025-02-04T09:00:00,Nest_Gamma,9.3,18.7,NE,21.6,58.6,0,13.2,go
2025-02-04T10:00:00,Nest_Gamma,5.0,13.9,NE,23.3,58.1,0,13.9,go
2025-02-04T11:00:00,Nest_Gamma,10.6,15.8,NE,24.5,52.4,0,17.1,go
2025-02-04T12:00:00,Nest_Gamma,11.2,16.1,W,24.0,72.7,0,12.4,go
2025-02-04T13:00:00,Nest_Gamma,10.9,13.3,SE,25.2,54.2,0,16.0,go
2025-02-04T14:00:00,Nest_Gamma,13.0,18.5,NE,26.2,55.4,0,15.9,go
2025-02-04T15:00:00,Nest_Gamma,15.1,23.1,SW,23.1,78.8,0,16.0,go
2025-02-04T16:00:00,Nest_Gamma,14.0,16.1,S,25.7,70.8,0,12.7,go
2025-02-04T17:00:00,Nest_Gamma,12.3,21.2,NE,21.9,74.9,0,15.5,go
2025-02-04T18:00:00,Nest_Gamma,14.5,21.7,SE,21.1,75.5,0,15.2,go
2025-02-04T19:00:00,Nest_Gamma,14.0,23.1,NW,20.5,62.6,0,14.5,go
2025-02-04T20:00:00,Nest_Gamma,14.8,19.4,N,20.4,61.6,0,13.3,go
2025-02-04T21:00:00,Nest_Gamma,11.4,17.9,SW,19.9,61.3,0,15.3,go
2025-02-04T22:00:00,Nest_Gamma,9.8,17.4,W,18.2,44.6,0,15.4,go
2025-02-04T23:00:00,Nest_Gamma,11.2,20.8,NE,16.7,54.9,0,15.4,go
2025-02-04T00:00:00,Nest_Delta,12.9,21.3,NW,17.0,48.8,0,15.2,go
2025-02-04T01:00:00,Nest_Delta,11.1,19.0,NW,16.3,69.0,0,17.5,go
2025-02-04T02:00:00,Nest_Delta,12.6,16.1,E,16.7,56.9,0,15.7,go
2025-02-04T03:00:00,Nest_Delta,10.5,13.6,W,17.9,64.6,0,16.1,go
2025-02-04T04:00:00,Nest_Delta,5.8,13.5,SE,17.8,58.1,0,14.3,go
2025-02-04T05:00:00,Nest_Delta,6.2,9.4,S,18.7,70.6,0,15.3,go
2025-02-04T06:00:00,Nest_Delta,9.3,12.1,N,19.5,54.3,0,14.3,go
2025-02-04T07:00:00,Nest_Delta,9.3,11.9,E,20.7,65.7,0,16.0,go
2025-02-04T08:00:00,Nest_Delta,10.8,20.1,E,20.8,53.9,0,12.8,go
2025-02-04T09:00:00,Nest_Delta,10.9,13.1,S,23.3,62.6,0,14.5,go
2025-02-04T10:00:00,Nest_Delta,10.2,19.4,S,23.7,66.1,0,16.3,go
2025-02-04T11:00:00,Nest_Delta,13.0,22.2,SW,22.7,62.2,0,14.7,go
2025-02-04T12:00:00,Nest_Delta,15.8,23.8,N,24.6,54.9,0,16.7,go
2025-02-04T13:00:00,Nest_Delta,14.7,21.7,SE,25.8,39.4,0,15.7,go
2025-02-04T14:00:00,Nest_Delta,12.5,19.8,SE,24.2,56.5,0,15.3,go
2025-02-04T15:00:00,Nest_Delta,16.4,24.8,N,25.5,69.5,0,16.2,go
2025-02-04T16:00:00,Nest_Delta,15.0,17.3,SE,23.9,63.5,0,14.8,go
2025-02-04T17:00:00,Nest_Delta,17.9,21.3,N,22.6,50.7,0,15.7,go
2025-02-04T18:00:00,Nest_Delta,17.6,19.7,NW,20.8,42.5,0,15.5,go
2025-02-04T19:00:00,Nest_Delta,16.5,19.8,SW,21.6,52.1,0,15.0,go
2025-02-04T20:00:00,Nest_Delta,16.8,25.3,NE,19.8,60.7,0,13.2,go
2025-02-04T21:00:00,Nest_Delta,15.1,18.8,N,19.3,58.7,0,14.3,go
2025-02-04T22:00:00,Nest_Delta,13.0,17.4,SE,18.3,67.4,0,14.5,go
2025-02-04T23:00:00,Nest_Delta,11.7,18.2,N,17.6,52.3,0,14.7,go
2025-02-05T00:00:00,Nest_Alpha,15.7,23.4,N,17.0,52.2,0,14.7,go
2025-02-05T01:00:00,Nest_Alpha,7.6,12.1,N,16.9,71.5,0,16.1,go
2025-02-05T02:00:00,Nest_Alpha,9.6,16.4,E,17.0,53.0,0,12.8,go
2025-02-05T03:00:00,Nest_Alpha,7.8,15.6,E,17.2,58.3,0,13.6,go
2025-02-05T04:00:00,Nest_Alpha,11.0,15.1,SW,18.7,61.8,0,15.8,go
2025-02-05T05:00:00,Nest_Alpha,10.8,17.4,SW,20.7,58.2,0,16.9,go
2025-02-05T06:00:00,Nest_Alpha,11.1,20.2,N,21.2,49.8,0,13.9,go
2025-02-05T07:00:00,Nest_Alpha,8.7,13.1,NW,21.4,46.6,0,14.0,go
2025-02-05T08:00:00,Nest_Alpha,10.1,13.7,NE,23.2,41.5,0,13.2,go
2025-02-05T09:00:00,Nest_Alpha,11.9,14.2,E,22.8,69.4,0,14.0,go
2025-02-05T10:00:00,Nest_Alpha,13.8,23.6,E,24.5,58.6,0,15.7,go
2025-02-05T11:00:00,Nest_Alpha,7.1,15.0,S,24.2,59.3,0,12.8,go
2025-02-05T12:00:00,Nest_Alpha,19.0,22.0,SW,24.4,65.6,0,15.3,go
2025-02-05T13:00:00,Nest_Alpha,12.6,19.3,SE,24.5,47.2,0,15.0,go
2025-02-05T14:00:00,Nest_Alpha,16.0,18.8,NE,25.6,58.5,0,14.3,go
2025-02-05T15:00:00,Nest_Alpha,20.1,29.0,W,25.2,63.8,0,14.3,go
2025-02-05T16:00:00,Nest_Alpha,14.7,20.7,E,24.0,47.2,0,13.8,go
2025-02-05T17:00:00,Nest_Alpha,17.4,19.9,S,23.0,51.8,0,15.0,go
2025-02-05T18:00:00,Nest_Alpha,20.1,22.9,N,23.4,66.0,0,13.4,go
2025-02-05T19:00:00,Nest_Alpha,20.6,23.3,S,21.0,55.3,0,16.1,go
2025-02-05T20:00:00,Nest_Alpha,16.7,24.3,E,20.3,53.9,0,16.7,go
2025-02-05T21:00:00,Nest_Alpha,11.4,19.3,NW,18.6,67.0,0,14.6,go
2025-02-05T22:00:00,Nest_Alpha,11.7,16.9,S,17.8,56.5,0,16.7,go
2025-02-05T23:00:00,Nest_Alpha,18.2,22.6,NE,17.1,40.5,0,14.3,go
2025-02-05T00:00:00,Nest_Beta,10.4,20.2,E,16.9,57.3,0,14.3,go
2025-02-05T01:00:00,Nest_Beta,6.8,12.7,NE,16.5,46.7,0,15.3,go
2025-02-05T02:00:00,Nest_Beta,8.8,15.2,NW,17.5,68.1,0,14.0,go
2025-02-05T03:00:00,Nest_Beta,7.5,11.2,SW,18.2,61.0,0,16.6,go
2025-02-05T04:00:00,Nest_Beta,9.4,13.2,SW,17.9,58.9,0,15.9,go
2025-02-05T05:00:00,Nest_Beta,9.0,12.5,SW,19.2,56.9,0,15.7,go
2025-02-05T06:00:00,Nest_Beta,8.2,13.2,W,18.9,55.4,0,13.0,go
2025-02-05T07:00:00,Nest_Beta,8.8,12.5,N,21.4,69.0,0,14.5,go
2025-02-05T08:00:00,Nest_Beta,6.3,15.8,SW,21.1,56.6,0,15.8,go
2025-02-05T09:00:00,Nest_Beta,9.3,12.0,NW,22.2,49.8,0,14.8,go
2025-02-05T10:00:00,Nest_Beta,10.6,13.5,SE,24.2,62.1,0,14.6,go
2025-02-05T11:00:00,Nest_Beta,11.4,14.6,N,23.3,50.3,0,15.2,go
2025-02-05T12:00:00,Nest_Beta,12.0,17.9,NE,24.6,56.0,0,14.4,go
2025-02-05T13:00:00,Nest_Beta,12.7,22.1,S,25.8,51.3,0,14.9,go
2025-02-05T14:00:00,Nest_Beta,10.9,20.5,N,25.1,62.0,0,14.1,go
2025-02-05T15:00:00,Nest_Beta,11.0,14.6,SE,23.8,70.6,0,16.1,go
2025-02-05T16:00:00,Nest_Beta,15.8,24.5,W,24.5,62.8,0,13.1,go
2025-02-05T17:00:00,Nest_Beta,14.1,22.1,W,23.6,45.8,0,13.8,go
2025-02-05T18:00:00,Nest_Beta,16.1,22.2,NW,21.5,33.9,0,15.2,go
2025-02-05T19:00:00,Nest_Beta,18.5,20.9,SE,21.3,53.7,0,14.5,go
2025-02-05T20:00:00,Nest_Beta,18.4,21.0,NW,18.5,55.3,0,13.6,go
2025-02-05T21:00:00,Nest_Beta,15.9,25.2,N,18.2,55.1,0,14.8,go
2025-02-05T22:00:00,Nest_Beta,19.0,21.3,NW,18.1,76.2,0,16.4,go
2025-02-05T23:00:00,Nest_Beta,14.4,19.0,E,17.7,61.9,0,13.1,go
2025-02-05T00:00:00,Nest_Gamma,9.5,16.7,NE,17.6,51.5,0,15.0,go
2025-02-05T01:00:00,Nest_Gamma,7.8,15.2,SE,15.7,54.6,0,15.4,go
2025-02-05T02:00:00,Nest_Gamma,10.3,17.7,S,16.6,50.2,0,14.9,go
2025-02-05T03:00:00,Nest_Gamma,4.7,8.8,SW,17.6,47.4,0,16.2,go
2025-02-05T04:00:00,Nest_Gamma,2,4.7,SE,19.2,55.4,0,15.9,go
2025-02-05T05:00:00,Nest_Gamma,9.4,16.2,W,18.1,53.3,0,14.1,go
2025-02-05T06:00:00,Nest_Gamma,6.0,15.7,NW,21.0,64.0,0,14.3,go
2025-02-05T07:00:00,Nest_Gamma,3.8,11.5,SE,21.4,54.7,0,15.7,go
2025-02-05T08:00:00,Nest_Gamma,7.1,13.5,NW,22.5,59.7,0,14.4,go
2025-02-05T09:00:00,Nest_Gamma,5.3,14.3,N,21.8,46.9,0,15.6,go
2025-02-05T10:00:00,Nest_Gamma,8.5,18.2,E,23.1,61.3,0,15.6,go
2025-02-05T11:00:00,Nest_Gamma,7.9,14.0,N,24.5,60.5,0,13.7,go
2025-02-05T12:00:00,Nest_Gamma,13.5,20.1,SE,24.1,60.2,0,15.8,go
2025-02-05T13:00:00,Nest_Gamma,11.4,19.2,SW,25.2,55.3,0,14.5,go
2025-02-05T14:00:00,Nest_Gamma,14.4,20.2,S,24.5,55.9,0,15.6,go
2025-02-05T15:00:00,Nest_Gamma,15.3,17.5,S,24.4,54.5,0,14.3,go
2025-02-05T16:00:00,Nest_Gamma,17.9,25.6,E,23.6,65.1,0,15.7,go
2025-02-05T17:00:00,Nest_Gamma,14.3,23.3,NW,22.6,51.5,0,14.6,go
2025-02-05T18:00:00,Nest_Gamma,12.7,18.2,NW,22.3,64.5,0,13.8,go
2025-02-05T19:00:00,Nest_Gamma,10.3,14.2,E,21.0,53.2,0,15.7,go
2025-02-05T20:00:00,Nest_Gamma,11.3,17.5,SE,20.5,62.8,0,16.6,go
2025-02-05T21:00:00,Nest_Gamma,10.6,18.0,SW,18.3,55.6,0,15.3,go
2025-02-05T22:00:00,Nest_Gamma,10.9,17.1,NE,17.8,49.1,0,15.4,go
2025-02-05T23:00:00,Nest_Gamma,8.4,12.6,SE,17.8,64.4,0,16.6,go
2025-02-05T00:00:00,Nest_Delta,11.0,15.8,SE,16.9,67.7,0,13.8,go
2025-02-05T01:00:00,Nest_Delta,11.0,20.0,NW,16.4,54.3,0,15.1,go
2025-02-05T02:00:00,Nest_Delta,10.8,13.9,SW,17.1,49.0,0,15.5,go
2025-02-05T03:00:00,Nest_Delta,9.9,14.3,NW,18.7,43.6,0,16.7,go
2025-02-05T04:00:00,Nest_Delta,9.1,13.5,SW,18.7,63.4,0,13.8,go
2025-02-05T05:00:00,Nest_Delta,7.0,15.9,W,19.3,58.9,0,15.9,go
2025-02-05T06:00:00,Nest_Delta,3.6,12.5,E,19.5,61.8,0,16.3,go
2025-02-05T07:00:00,Nest_Delta,4.1,11.1,SE,21.3,50.7,0,14.2,go
2025-02-05T08:00:00,Nest_Delta,13.3,18.2,NE,22.4,46.9,0,15.0,go
2025-02-05T09:00:00,Nest_Delta,12.8,20.0,NW,22.0,57.1,0,16.0,go
2025-02-05T10:00:00,Nest_Delta,10.5,20.1,SW,23.5,48.1,0,15.8,go
2025-02-05T11:00:00,Nest_Delta,9.9,19.0,S,25.2,60.4,0,14.5,go
2025-02-05T12:00:00,Nest_Delta,12.6,18.2,W,25.4,57.2,0,15.7,go
2025-02-05T13:00:00,Nest_Delta,11.3,17.0,SE,25.2,68.6,0,14.4,go
2025-02-05T14:00:00,Nest_Delta,20.8,27.3,E,23.9,49.2,0,14.0,go
2025-02-05T15:00:00,Nest_Delta,18.5,25.9,SW,24.7,51.8,0,16.1,go
2025-02-05T16:00:00,Nest_Delta,14.7,18.9,E,24.2,58.3,0,14.0,go
2025-02-05T17:00:00,Nest_Delta,13.0,19.4,NW,23.4,65.7,0,13.9,go
2025-02-05T18:00:00,Nest_Delta,16.8,19.9,SE,22.2,54.6,0,14.5,go
2025-02-05T19:00:00,Nest_Delta,16.0,22.1,S,20.6,48.8,0,15.7,go
2025-02-05T20:00:00,Nest_Delta,15.9,20.7,SE,20.4,48.3,0,15.8,go
2025-02-05T21:00:00,Nest_Delta,19.9,29.8,NW,17.8,72.4,0,14.7,go
2025-02-05T22:00:00,Nest_Delta,14.0,21.9,N,18.3,58.9,0,13.7,go
2025-02-05T23:00:00,Nest_Delta,12.0,18.0,NE,18.3,60.8,0,13.5,go
2025-02-06T00:00:00,Nest_Alpha,8.3,15.6,NW,17.2,69.6,0,13.9,go
2025-02-06T01:00:00,Nest_Alpha,10.8,17.1,W,16.6,54.0,0,14.3,go
2025-02-06T02:00:00,Nest_Alpha,12.8,21.6,NE,17.1,46.8,0,14.8,go
2025-02-06T03:00:00,Nest_Alpha,9.7,12.3,W,18.0,50.0,0,16.6,go
2025-02-06T04:00:00,Nest_Alpha,11.8,14.3,N,18.0,55.9,0,14.0,go
2025-02-06T05:00:00,Nest_Alpha,9.3,14.0,E,19.0,58.0,0,14.8,go
2025-02-06T06:00:00,Nest_Alpha,7.2,15.8,S,20.8,52.5,0,15.9,go
2025-02-06T07:00:00,Nest_Alpha,4.3,9.5,SW,21.0,47.1,0,16.9,go
2025-02-06T08:00:00,Nest_Alpha,9.8,14.1,W,21.5,54.4,0,12.6,go
2025-02-06T09:00:00,Nest_Alpha,10.7,19.3,NW,23.6,66.5,0,14.2,go
2025-02-06T10:00:00,Nest_Alpha,8.8,15.2,N,24.5,41.0,0,15.0,go
2025-02-06T11:00:00,Nest_Alpha,8.9,15.3,S,25.1,57.9,0,15.4,go
2025-02-06T12:00:00,Nest_Alpha,16.2,21.4,W,24.5,67.3,0,14.6,go
2025-02-06T13:00:00,Nest_Alpha,15.3,18.4,E,24.0,43.6,0,14.0,go
2025-02-06T14:00:00,Nest_Alpha,18.8,24.1,NW,24.4,63.5,0,14.0,go
2025-02-06T15:00:00,Nest_Alpha,14.6,17.7,SE,23.6,77.5,0,14.9,go
2025-02-06T16:00:00,Nest_Alpha,15.7,18.0,SW,23.1,52.1,0,15.8,go
2025-02-06T17:00:00,Nest_Alpha,17.4,26.6,NE,23.7,62.2,0,14.9,go
2025-02-06T18:00:00,Nest_Alpha,21.0,29.0,NW,22.2,47.9,0,14.3,go
2025-02-06T19:00:00,Nest_Alpha,17.1,24.5,N,20.7,42.4,0,15.1,go
2025-02-06T20:00:00,Nest_Alpha,11.4,14.1,SW,20.5,49.3,0,17.5,go
2025-02-06T21:00:00,Nest_Alpha,15.9,25.3,SE,18.8,45.0,0,14.6,go
2025-02-06T22:00:00,Nest_Alpha,14.2,22.4,N,19.2,65.1,0,15.7,go
2025-02-06T23:00:00,Nest_Alpha,11.9,14.9,S,18.0,66.9,0,15.9,go
2025-02-06T00:00:00,Nest_Beta,8.8,13.4,N,16.8,42.4,0,14.3,go
2025-02-06T01:00:00,Nest_Beta,8.1,16.0,E,16.6,56.1,0,14.8,go
2025-02-06T02:00:00,Nest_Beta,9.1,16.2,S,16.7,32.9,0,15.0,go
2025-02-06T03:00:00,Nest_Beta,10.5,19.2,N,17.5,48.7,0,14.5,go
2025-02-06T04:00:00,Nest_Beta,5.9,12.8,E,17.9,47.6,0,14.1,go
2025-02-06T05:00:00,Nest_Beta,5.7,12.4,NE,18.4,67.0,0,14.3,go
2025-02-06T06:00:00,Nest_Beta,6.1,12.3,NW,19.6,46.1,0,14.6,go
2025-02-06T07:00:00,Nest_Beta,8.0,15.1,N,19.8,56.4,0,15.5,go
2025-02-06T08:00:00,Nest_Beta,12.2,14.6,E,23.3,62.6,0,15.8,go
2025-02-06T09:00:00,Nest_Beta,10.9,15.6,W,23.1,68.3,0,12.6,go
2025-02-06T10:00:00,Nest_Beta,9.1,12.1,N,23.4,66.9,0,16.4,go
2025-02-06T11:00:00,Nest_Beta,14.1,21.8,NW,24.1,69.0,0,13.8,go
2025-02-06T12:00:00,Nest_Beta,9.8,14.0,NE,24.9,55.8,0,14.1,go
2025-02-06T13:00:00,Nest_Beta,12.7,18.0,NW,26.2,49.2,0,16.0,go
2025-02-06T14:00:00,Nest_Beta,9.1,18.0,SW,25.6,61.9,0,14.4,go
2025-02-06T15:00:00,Nest_Beta,14.0,17.9,W,24.9,65.0,0,15.7,go
2025-02-06T16:00:00,Nest_Beta,16.4,22.4,N,23.6,50.8,0,17.7,go
2025-02-06T17:00:00,Nest_Beta,18.0,22.4,W,22.6,49.2,0,15.1,go
2025-02-06T18:00:00,Nest_Beta,14.7,16.8,S,22.2,41.9,0,14.4,go
2025-02-06T19:00:00,Nest_Beta,16.6,24.0,W,20.6,52.9,0,12.3,go
2025-02-06T20:00:00,Nest_Beta,14.4,20.9,SW,19.8,58.1,0,14.6,go
2025-02-06T21:00:00,Nest_Beta,12.7,22.5,SE,19.5,46.7,0,14.5,go
2025-02-06T22:00:00,Nest_Beta,12.6,17.7,W,18.2,75.5,0,15.6,go
2025-02-06T23:00:00,Nest_Beta,9.8,17.5,W,17.4,63.7,0,14.2,go
2025-02-06T00:00:00,Nest_Gamma,8.8,11.6,NW,16.7,69.8,0,13.4,go
2025-02-06T01:00:00,Nest_Gamma,5.3,14.4,S,16.7,63.8,0,14.0,go
2025-02-06T02:00:00,Nest_Gamma,9.7,12.9,N,16.4,68.8,0,15.8,go
2025-02-06T03:00:00,Nest_Gamma,4.3,13.6,W,17.8,75.9,0,14.4,go
2025-02-06T04:00:00,Nest_Gamma,5.1,7.7,S,18.5,58.9,0,14.7,go
2025-02-06T05:00:00,Nest_Gamma,5.1,8.8,E,20.3,53.7,0,15.8,go
2025-02-06T06:00:00,Nest_Gamma,6.7,14.8,E,19.5,51.9,0,12.7,go
2025-02-06T07:00:00,Nest_Gamma,6.0,11.7,NE,21.4,55.7,0,15.8,go
2025-02-06T08:00:00,Nest_Gamma,6.3,12.2,NE,21.9,58.9,0,13.0,go
2025-02-06T09:00:00,Nest_Gamma,6.5,13.3,E,22.3,62.5,0,14.8,go
2025-02-06T10:00:00,Nest_Gamma,9.3,14.4,N,25.0,49.6,0,14.8,go
2025-02-06T11:00:00,Nest_Gamma,11.5,13.9,SW,25.2,63.1,0,14.0,go
2025-02-06T12:00:00,Nest_Gamma,9.3,16.2,E,25.5,67.0,0,14.2,go
2025-02-06T13:00:00,Nest_Gamma,9.6,14.7,NE,25.4,63.6,0,15.9,go
2025-02-06T14:00:00,Nest_Gamma,11.8,14.1,NW,23.6,39.3,0,14.6,go
2025-02-06T15:00:00,Nest_Gamma,13.1,16.1,SE,24.5,63.5,0,16.1,go
2025-02-06T16:00:00,Nest_Gamma,12.4,21.8,N,23.8,54.4,0,14.6,go
2025-02-06T17:00:00,Nest_Gamma,13.5,18.6,N,22.5,66.6,0,14.2,go
2025-02-06T18:00:00,Nest_Gamma,13.0,17.8,N,20.2,66.8,0,13.0,go
2025-02-06T19:00:00,Nest_Gamma,12.2,14.5,SE,20.5,60.7,0,16.0,go
2025-02-06T20:00:00,Nest_Gamma,19.2,27.2,NW,19.4,59.3,0,14.2,go
2025-02-06T21:00:00,Nest_Gamma,14.7,23.3,SE,19.1,68.6,0,14.3,go
2025-02-06T22:00:00,Nest_Gamma,8.1,10.6,E,17.4,66.4,0,14.6,go
2025-02-06T23:00:00,Nest_Gamma,10.3,13.2,S,16.2,55.4,0,15.3,go
2025-02-06T00:00:00,Nest_Delta,13.0,21.3,E,16.3,77.8,0,14.9,go
2025-02-06T01:00:00,Nest_Delta,9.4,18.2,E,18.1,59.5,0,14.6,go
2025-02-06T02:00:00,Nest_Delta,6.2,9.4,W,16.3,57.0,0,14.6,go
2025-02-06T03:00:00,Nest_Delta,7.9,11.5,W,16.8,25,0,14.5,go
2025-02-06T04:00:00,Nest_Delta,7.9,10.0,S,17.3,30.0,0,14.1,go
2025-02-06T05:00:00,Nest_Delta,7.2,14.9,SW,18.9,51.3,0,13.5,go
2025-02-06T06:00:00,Nest_Delta,7.1,10.5,E,20.3,69.7,0,15.4,go
2025-02-06T07:00:00,Nest_Delta,12.2,17.9,SE,20.6,59.3,0,13.8,go
2025-02-06T08:00:00,Nest_Delta,6.0,11.7,SW,22.4,53.9,0,14.4,go
2025-02-06T09:00:00,Nest_Delta,7.7,12.1,S,23.4,52.0,0,16.0,go
2025-02-06T10:00:00,Nest_Delta,11.6,18.8,NW,24.4,62.2,0,14.2,go
2025-02-06T11:00:00,Nest_Delta,12.9,21.9,NE,24.5,62.3,0,15.9,go
2025-02-06T12:00:00,Nest_Delta,10.5,15.9,SW,24.0,45.5,0,13.3,go
2025-02-06T13:00:00,Nest_Delta,12.9,20.1,S,25.7,67.4,0,16.0,go
2025-02-06T14:00:00,Nest_Delta,19.8,29.5,SW,25.5,56.0,0,15.8,go
2025-02-06T15:00:00,Nest_Delta,17.3,25.9,S,23.5,50.9,0,15.3,go
2025-02-06T16:00:00,Nest_Delta,18.7,23.1,SE,24.8,60.0,0,15.6,go
2025-02-06T17:00:00,Nest_Delta,19.2,27.0,N,23.2,47.9,0,15.5,go
2025-02-06T18:00:00,Nest_Delta,14.5,22.9,NE,22.7,61.3,0,15.0,go
2025-02-06T19:00:00,Nest_Delta,13.5,21.2,NE,21.5,64.4,0,13.8,go
2025-02-06T20:00:00,Nest_Delta,10.9,15.6,E,20.0,47.5,0,14.9,go
2025-02-06T21:00:00,Nest_Delta,13.8,17.2,SE,19.3,56.0,0,14.9,go
2025-02-06T22:00:00,Nest_Delta,12.3,17.3,W,18.0,59.2,0,14.2,go
2025-02-06T23:00:00,Nest_Delta,12.3,17.2,N,17.2,60.7,0,15.6,go
2025-02-07T00:00:00,Nest_Alpha,14.4,20.4,N,16.0,46.5,0,16.0,go
2025-02-07T01:00:00,Nest_Alpha,13.1,17.6,NW,16.4,59.7,0,14.2,go
2025-02-07T02:00:00,Nest_Alpha,8.4,16.3,SW,17.5,55.4,0,14.5,go
2025-02-07T03:00:00,Nest_Alpha,8.3,17.0,N,17.0,40.7,0,15.7,go
2025-02-07T04:00:00,Nest_Alpha,11.3,14.8,E,17.6,64.5,0,16.5,go
2025-02-07T05:00:00,Nest_Alpha,10.9,13.8,NW,19.9,70.7,0,15.1,go
2025-02-07T06:00:00,Nest_Alpha,9.5,17.7,SW,18.3,62.8,0,15.8,go
2025-02-07T07:00:00,Nest_Alpha,8.7,18.0,SW,20.4,44.8,0,14.8,go
2025-02-07T08:00:00,Nest_Alpha,10.1,18.3,E,22.3,75.9,0,17.6,go
2025-02-07T09:00:00,Nest_Alpha,10.5,17.7,E,23.7,59.7,0,14.2,go
2025-02-07T10:00:00,Nest_Alpha,8.5,15.1,NE,23.5,57.8,0,14.7,go
2025-02-07T11:00:00,Nest_Alpha,10.2,13.1,E,24.4,53.9,0,13.7,go
2025-02-07T12:00:00,Nest_Alpha,16.8,20.7,SE,25.3,50.0,0,15.6,go
2025-02-07T13:00:00,Nest_Alpha,15.5,24.4,N,25.1,43.3,0,14.2,go
2025-02-07T14:00:00,Nest_Alpha,18.9,23.0,W,24.1,52.5,0,16.1,go
2025-02-07T15:00:00,Nest_Alpha,18.1,21.8,N,24.3,61.2,0,16.9,go
2025-02-07T16:00:00,Nest_Alpha,15.5,19.6,N,24.6,63.4,0,13.3,go
2025-02-07T17:00:00,Nest_Alpha,18.6,22.4,S,22.4,57.5,0,15.1,go
2025-02-07T18:00:00,Nest_Alpha,19.0,27.5,E,22.1,55.9,0,15.6,go
2025-02-07T19:00:00,Nest_Alpha,16.8,22.4,SE,20.7,58.1,0,14.8,go
2025-02-07T20:00:00,Nest_Alpha,14.0,16.1,N,19.8,55.2,0,15.4,go
2025-02-07T21:00:00,Nest_Alpha,13.9,16.8,SW,18.5,65.5,0,14.2,go
2025-02-07T22:00:00,Nest_Alpha,13.6,15.8,SW,18.8,50.7,0,13.6,go
2025-02-07T23:00:00,Nest_Alpha,13.8,20.1,S,17.2,53.3,0,12.0,go
2025-02-07T00:00:00,Nest_Beta,6.7,14.4,S,15.8,61.5,0,15.5,go
2025-02-07T01:00:00,Nest_Beta,11.1,15.2,NW,17.4,58.2,0,14.6,go
2025-02-07T02:00:00,Nest_Beta,6.1,8.9,N,17.8,72.4,0,17.1,go
2025-02-07T03:00:00,Nest_Beta,11.6,14.1,N,18.7,45.5,0,13.2,go
2025-02-07T04:00:00,Nest_Beta,2.9,7.7,W,17.7,54.5,0,14.2,go
2025-02-07T05:00:00,Nest_Beta,10.4,18.8,N,19.9,56.4,0,14.6,go
2025-02-07T06:00:00,Nest_Beta,3.7,11.7,SW,19.9,49.1,0,13.6,go
2025-02-07T07:00:00,Nest_Beta,6.2,13.6,NE,20.6,59.0,0,14.9,go
2025-02-07T08:00:00,Nest_Beta,7.1,15.4,E,21.4,54.0,0,14.6,go
2025-02-07T09:00:00,Nest_Beta,10.4,14.0,N,24.2,55.5,0,14.0,go
2025-02-07T10:00:00,Nest_Beta,14.6,17.7,N,23.2,68.9,0,15.5,go
2025-02-07T11:00:00,Nest_Beta,10.7,18.4,S,24.4,55.1,0,14.9,go
2025-02-07T12:00:00,Nest_Beta,10.2,18.9,N,25.8,56.3,0,15.4,go
2025-02-07T13:00:00,Nest_Beta,16.0,22.5,NW,24.9,54.8,0,16.0,go
2025-02-07T14:00:00,Nest_Beta,17.8,20.4,E,24.9,63.4,0,14.6,go
2025-02-07T15:00:00,Nest_Beta,13.1,22.8,N,24.9,59.0,0,13.4,go
2025-02-07T16:00:00,Nest_Beta,21.2,24.4,NE,24.1,63.4,0,16.2,go
2025-02-07T17:00:00,Nest_Beta,16.1,25.2,SW,21.9,62.5,0,14.7,go
2025-02-07T18:00:00,Nest_Beta,15.0,18.8,NW,21.4,48.5,0,14.7,go
2025-02-07T19:00:00,Nest_Beta,17.9,25.6,W,21.9,65.5,0,16.0,go
2025-02-07T20:00:00,Nest_Beta,13.4,17.8,W,20.3,66.0,0,15.7,go
2025-02-07T21:00:00,Nest_Beta,13.7,20.8,NE,18.7,53.5,0,16.0,go
2025-02-07T22:00:00,Nest_Beta,11.1,18.6,SW,18.1,50.4,0,15.7,go
2025-02-07T23:00:00,Nest_Beta,13.3,17.5,SE,17.0,38.7,0,14.8,go
2025-02-07T00:00:00,Nest_Gamma,7.8,16.4,W,17.6,78.2,0,14.8,go
2025-02-07T01:00:00,Nest_Gamma,6.1,12.7,SW,15.8,52.5,0,16.1,go
2025-02-07T02:00:00,Nest_Gamma,7.3,10.2,W,16.6,55.2,0,15.8,go
2025-02-07T03:00:00,Nest_Gamma,5.5,10.1,NW,16.7,59.9,0,13.9,go
2025-02-07T04:00:00,Nest_Gamma,2.8,7.2,NE,19.0,53.5,0,16.1,go
2025-02-07T05:00:00,Nest_Gamma,2.5,10.0,SW,18.8,56.2,0,14.2,go
2025-02-07T06:00:00,Nest_Gamma,5.7,8.4,NW,18.5,70.6,0,14.8,go
2025-02-07T07:00:00,Nest_Gamma,3.4,7.3,NW,21.1,66.3,0,15.3,go
2025-02-07T08:00:00,Nest_Gamma,2,10.6,W,22.8,69.6,0,16.9,go
2025-02-07T09:00:00,Nest_Gamma,8.7,12.0,E,23.6,66.3,0,14.3,go
2025-02-07T10:00:00,Nest_Gamma,8.1,16.6,W,23.5,48.2,0,16.6,go
2025-02-07T11:00:00,Nest_Gamma,9.9,15.0,SW,24.1,51.3,0,14.3,go
2025-02-07T12:00:00,Nest_Gamma,12.6,15.9,S,26.6,63.2,0,15.4,go
2025-02-07T13:00:00,Nest_Gamma,16.1,22.8,S,25.2,77.5,0,15.0,go
2025-02-07T14:00:00,Nest_Gamma,9.7,18.3,SE,25.2,60.2,0,14.4,go
2025-02-07T15:00:00,Nest_Gamma,16.0,21.4,E,23.7,56.7,0,17.2,go
2025-02-07T16:00:00,Nest_Gamma,14.6,21.4,SW,23.8,64.5,0,13.2,go
2025-02-07T17:00:00,Nest_Gamma,15.4,19.6,SW,23.2,44.7,0,15.9,go
2025-02-07T18:00:00,Nest_Gamma,15.9,24.0,S,22.8,64.3,0,15.1,go
2025-02-07T19:00:00,Nest_Gamma,14.0,20.0,S,21.1,65.2,0,14.4,go
2025-02-07T20:00:00,Nest_Gamma,18.3,26.6,W,19.5,52.3,0,15.6,go
2025-02-07T21:00:00,Nest_Gamma,13.2,21.2,NE,18.7,55.4,0,14.9,go
2025-02-07T22:00:00,Nest_Gamma,13.4,17.0,NW,18.6,67.9,0,13.5,go
2025-02-07T23:00:00,Nest_Gamma,8.1,12.0,NE,17.8,55.3,0,13.9,go
2025-02-07T00:00:00,Nest_Delta,12.9,19.4,W,16.7,57.4,0,15.5,go
2025-02-07T01:00:00,Nest_Delta,10.7,17.7,S,17.4,64.4,0,15.5,go
2025-02-07T02:00:00,Nest_Delta,10.3,14.5,SE,18.0,63.0,0,15.3,go
2025-02-07T03:00:00,Nest_Delta,6.2,12.4,NW,16.9,54.4,0,16.1,go
2025-02-07T04:00:00,Nest_Delta,4.0,6.3,SE,18.0,59.4,0,14.0,go
2025-02-07T05:00:00,Nest_Delta,7.0,16.7,W,19.6,54.6,0,16.4,go
2025-02-07T06:00:00,Nest_Delta,10.3,18.3,N,20.1,44.0,0,14.2,go
2025-02-07T07:00:00,Nest_Delta,10.7,19.8,S,20.8,54.7,0,15.9,go
2025-02-07T08:00:00,Nest_Delta,10.8,15.2,W,20.7,65.7,0,15.3,go
2025-02-07T09:00:00,Nest_Delta,10.3,16.3,W,22.5,47.8,0,15.8,go
2025-02-07T10:00:00,Nest_Delta,10.9,17.7,E,23.6,82.2,0,13.7,go
2025-02-07T11:00:00,Nest_Delta,9.7,16.6,S,24.7,51.3,0,14.7,go
2025-02-07T12:00:00,Nest_Delta,11.6,17.9,S,24.2,55.5,0,14.8,go
2025-02-07T13:00:00,Nest_Delta,12.4,16.2,NE,26.5,86.2,0,15.5,go
2025-02-07T14:00:00,Nest_Delta,13.6,16.2,S,26.1,65.3,0,15.1,go
2025-02-07T15:00:00,Nest_Delta,14.8,24.1,SW,24.3,62.9,0,15.2,go
2025-02-07T16:00:00,Nest_Delta,17.0,24.6,S,24.2,54.2,0,16.8,go
2025-02-07T17:00:00,Nest_Delta,15.1,17.7,S,22.5,78.7,0,13.1,go
2025-02-07T18:00:00,Nest_Delta,18.3,23.7,N,22.6,56.6,0,15.7,go
2025-02-07T19:00:00,Nest_Delta,15.8,24.2,NE,21.0,72.7,0,15.8,go
2025-02-07T20:00:00,Nest_Delta,15.7,21.0,S,19.0,49.2,0,14.5,go
2025-02-07T21:00:00,Nest_Delta,7.9,17.2,SW,18.9,30.1,0,13.5,go
2025-02-07T22:00:00,Nest_Delta,14.4,23.1,SW,18.3,54.0,0,16.0,go
2025-02-07T23:00:00,Nest_Delta,5.9,14.3,SW,17.3,57.2,0,14.5,go
2025-02-08T00:00:00,Nest_Alpha,15.8,20.1,S,16.6,52.5,0,16.2,go
2025-02-08T01:00:00,Nest_Alpha,9.6,12.2,S,17.0,64.2,0,13.8,go
2025-02-08T02:00:00,Nest_Alpha,9.4,11.6,W,17.6,60.6,0,14.2,go
2025-02-08T03:00:00,Nest_Alpha,14.0,20.6,N,16.7,48.0,0,16.1,go
2025-02-08T04:00:00,Nest_Alpha,6.5,13.1,S,18.0,53.6,0,14.7,go
2025-02-08T05:00:00,Nest_Alpha,9.5,18.3,SE,18.3,53.2,0,15.5,go
2025-02-08T06:00:00,Nest_Alpha,6.2,14.7,S,21.0,53.8,0,16.1,go
2025-02-08T07:00:00,Nest_Alpha,8.7,13.3,NW,21.6,53.6,0,13.7,go
2025-02-08T08:00:00,Nest_Alpha,9.9,15.6,E,21.4,56.6,0,15.9,go
2025-02-08T09:00:00,Nest_Alpha,9.6,15.8,NE,23.2,58.7,0,14.4,go
2025-02-08T10:00:00,Nest_Alpha,12.6,21.4,SW,24.3,50.1,0,15.1,go
2025-02-08T11:00:00,Nest_Alpha,10.6,17.5,SW,25.0,64.8,0,14.6,go
2025-02-08T12:00:00,Nest_Alpha,14.7,23.0,SE,24.8,43.4,0,14.8,go
2025-02-08T13:00:00,Nest_Alpha,16.4,21.5,NW,24.8,51.3,0,15.6,go
2025-02-08T14:00:00,Nest_Alpha,17.2,20.8,N,25.5,59.6,0,16.5,go
2025-02-08T15:00:00,Nest_Alpha,19.3,28.9,E,25.3,53.6,0,14.0,go
2025-02-08T16:00:00,Nest_Alpha,13.6,20.8,NW,24.1,63.1,0,16.1,go
2025-02-08T17:00:00,Nest_Alpha,19.3,21.9,SW,22.6,58.7,0,14.0,go
2025-02-08T18:00:00,Nest_Alpha,21.4,30.9,SE,21.6,58.9,0,15.3,go
2025-02-08T19:00:00,Nest_Alpha,16.4,19.4,SE,21.2,67.8,0,15.9,go
2025-02-08T20:00:00,Nest_Alpha,17.9,26.2,N,20.1,59.3,0,16.1,go
2025-02-08T21:00:00,Nest_Alpha,11.3,13.3,SW,19.0,52.6,0,15.0,go
2025-02-08T22:00:00,Nest_Alpha,12.5,19.8,NW,18.1,65.7,0,17.5,go
2025-02-08T23:00:00,Nest_Alpha,12.8,14.8,SE,16.8,58.8,0,13.1,go
2025-02-08T00:00:00,Nest_Beta,12.5,15.7,SW,18.1,39.6,0,13.7,go
2025-02-08T01:00:00,Nest_Beta,7.2,14.4,NW,17.5,50.5,0,14.5,go
2025-02-08T02:00:00,Nest_Beta,9.5,14.9,S,16.7,66.1,0,13.9,go
2025-02-08T03:00:00,Nest_Beta,8.9,15.5,SW,16.3,55.7,0,14.4,go
2025-02-08T04:00:00,Nest_Beta,6.7,11.7,SW,18.2,38.8,0,16.8,go
2025-02-08T05:00:00,Nest_Beta,5.2,9.0,W,19.2,62.5,0,15.7,go
2025-02-08T06:00:00,Nest_Beta,2,4.3,N,20.1,40.6,0,16.2,go
2025-02-08T07:00:00,Nest_Beta,9.0,18.0,NW,20.7,50.2,0,12.8,go
2025-02-08T08:00:00,Nest_Beta,5.5,14.4,NE,23.0,50.5,0,14.6,go
2025-02-08T09:00:00,Nest_Beta,6.4,8.7,S,22.3,54.4,0,14.1,go
2025-02-08T10:00:00,Nest_Beta,11.0,20.3,SW,23.5,56.5,0,14.3,go
2025-02-08T11:00:00,Nest_Beta,14.0,22.4,N,25.1,48.1,0,14.8,go
2025-02-08T12:00:00,Nest_Beta,11.3,18.2,S,25.3,50.8,0,14.3,go
2025-02-08T13:00:00,Nest_Beta,13.4,19.0,N,24.6,60.5,0,17.0,go
2025-02-08T14:00:00,Nest_Beta,16.0,25.0,SW,24.9,38.7,0,15.5,go
2025-02-08T15:00:00,Nest_Beta,16.2,18.8,SE,24.6,55.8,0,15.1,go
2025-02-08T16:00:00,Nest_Beta,14.4,20.2,E,23.6,36.4,0,15.2,go
2025-02-08T17:00:00,Nest_Beta,15.6,20.9,N,22.8,56.3,0,17.2,go
2025-02-08T18:00:00,Nest_Beta,16.4,25.4,NW,22.8,59.0,0,14.8,go
2025-02-08T19:00:00,Nest_Beta,13.3,15.7,N,20.9,57.0,0,15.4,go
2025-02-08T20:00:00,Nest_Beta,13.3,20.0,S,19.5,60.8,0,14.5,go
2025-02-08T21:00:00,Nest_Beta,9.9,17.6,NE,19.7,64.8,0,15.4,go
2025-02-08T22:00:00,Nest_Beta,13.3,21.9,E,18.6,54.2,0,14.4,go
2025-02-08T23:00:00,Nest_Beta,12.9,17.7,W,16.7,64.4,0,13.8,go
2025-02-08T00:00:00,Nest_Gamma,9.7,19.2,NE,16.0,60.8,0,13.8,go
2025-02-08T01:00:00,Nest_Gamma,7.7,15.1,NW,15.7,66.9,0,14.0,go
2025-02-08T02:00:00,Nest_Gamma,4.4,13.3,NE,18.8,60.6,0,15.0,go
2025-02-08T03:00:00,Nest_Gamma,5.5,12.1,NW,17.0,58.1,0,15.0,go
2025-02-08T04:00:00,Nest_Gamma,7.1,11.6,NW,19.1,55.9,0,16.1,go
2025-02-08T05:00:00,Nest_Gamma,6.5,11.8,N,18.2,51.9,0,15.9,go
2025-02-08T06:00:00,Nest_Gamma,3.3,8.8,S,19.9,70.5,0,16.9,go
2025-02-08T07:00:00,Nest_Gamma,9.5,19.4,NE,20.6,60.6,0,15.9,go
2025-02-08T08:00:00,Nest_Gamma,6.0,15.6,S,21.9,43.6,0,14.4,go
2025-02-08T09:00:00,Nest_Gamma,8.6,17.8,W,22.2,56.6,0,13.6,go
2025-02-08T10:00:00,Nest_Gamma,7.0,9.5,NE,23.9,51.5,0,16.3,go
2025-02-08T11:00:00,Nest_Gamma,12.5,22.2,N,24.0,64.7,0,14.4,go
2025-02-08T12:00:00,Nest_Gamma,13.6,22.3,E,24.7,57.3,0,14.1,go
2025-02-08T13:00:00,Nest_Gamma,11.4,13.8,SW,24.4,42.1,0,15.9,go
2025-02-08T14:00:00,Nest_Gamma,15.0,20.6,NW,24.1,54.2,0,15.6,go
2025-02-08T15:00:00,Nest_Gamma,17.1,24.1,N,23.7,50.3,0,15.4,go
2025-02-08T16:00:00,Nest_Gamma,14.0,23.0,SE,23.6,67.9,0,15.6,go
2025-02-08T17:00:00,Nest_Gamma,14.1,23.7,NW,24.5,62.1,0,13.9,go
2025-02-08T18:00:00,Nest_Gamma,12.7,22.5,N,22.4,40.8,0,13.8,go
2025-02-08T19:00:00,Nest_Gamma,15.2,22.4,S,21.0,60.3,0,14.6,go
2025-02-08T20:00:00,Nest_Gamma,9.3,16.1,W,19.7,58.0,0,17.4,go
2025-02-08T21:00:00,Nest_Gamma,8.7,18.7,SE,18.9,60.1,0,14.1,go
2025-02-08T22:00:00,Nest_Gamma,9.9,18.5,N,18.0,57.0,0,15.8,go
2025-02-08T23:00:00,Nest_Gamma,8.3,11.7,W,16.4,52.5,0,14.6,go
2025-02-08T00:00:00,Nest_Delta,8.9,13.8,W,17.6,50.0,0,14.9,go
2025-02-08T01:00:00,Nest_Delta,15.3,17.7,N,18.2,60.0,0,15.7,go
2025-02-08T02:00:00,Nest_Delta,11.4,20.9,S,17.8,62.5,0,15.9,go
2025-02-08T03:00:00,Nest_Delta,3.7,11.0,E,18.2,34.4,0,15.0,go
2025-02-08T04:00:00,Nest_Delta,5.1,9.1,SE,18.1,76.6,0,14.2,go
2025-02-08T05:00:00,Nest_Delta,4.2,13.5,S,19.2,68.3,0,15.6,go
2025-02-08T06:00:00,Nest_Delta,5.0,12.6,S,20.3,69.4,0,14.1,go
2025-02-08T07:00:00,Nest_Delta,8.9,13.5,E,21.5,53.5,0,14.3,go
2025-02-08T08:00:00,Nest_Delta,9.6,19.1,SE,21.5,50.8,0,14.7,go
2025-02-08T09:00:00,Nest_Delta,15.1,24.5,SW,24.2,52.8,0,15.6,go
2025-02-08T10:00:00,Nest_Delta,10.9,17.7,E,23.0,69.9,0,14.8,go
2025-02-08T11:00:00,Nest_Delta,14.3,19.9,W,23.9,47.1,0,13.5,go
2025-02-08T12:00:00,Nest_Delta,15.0,23.3,E,24.7,54.3,0,15.1,go
2025-02-08T13:00:00,Nest_Delta,14.6,22.5,N,24.2,57.3,0,15.6,go
2025-02-08T14:00:00,Nest_Delta,18.1,26.5,N,25.4,61.3,0,14.3,go
2025-02-08T15:00:00,Nest_Delta,12.4,21.4,S,22.7,60.0,0,14.2,go
2025-02-08T16:00:00,Nest_Delta,18.1,25.5,E,24.1,64.3,0,15.8,go
2025-02-08T17:00:00,Nest_Delta,20.8,27.3,S,22.0,60.6,0,13.8,go
2025-02-08T18:00:00,Nest_Delta,16.5,25.5,N,21.6,59.2,0,13.0,go
2025-02-08T19:00:00,Nest_Delta,16.6,25.9,S,21.6,74.4,0,15.5,go
2025-02-08T20:00:00,Nest_Delta,12.6,20.2,NW,20.7,52.0,0,14.4,go
2025-02-08T21:00:00,Nest_Delta,11.4,19.8,SW,19.4,60.7,0,14.1,go
2025-02-08T22:00:00,Nest_Delta,17.2,22.5,N,19.1,60.0,0,14.1,go
2025-02-08T23:00:00,Nest_Delta,9.3,15.1,E,18.0,75.6,0,16.8,go
2025-02-09T00:00:00,Nest_Alpha,10.2,18.6,E,16.0,50.7,0,15.5,go
2025-02-09T01:00:00,Nest_Alpha,10.7,15.4,N,17.9,56.4,0,13.1,go
2025-02-09T02:00:00,Nest_Alpha,11.4,17.4,E,17.5,49.9,0,15.8,go
2025-02-09T03:00:00,Nest_Alpha,8.0,16.0,S,18.0,56.5,0,15.3,go
2025-02-09T04:00:00,Nest_Alpha,9.9,17.5,SE,18.5,58.8,0,15.8,go
2025-02-09T05:00:00,Nest_Alpha,12.1,18.4,W,19.3,56.5,0,14.0,go
2025-02-09T06:00:00,Nest_Alpha,5.8,14.6,S,20.7,62.3,0,15.2,go
2025-02-09T07:00:00,Nest_Alpha,5.9,13.2,E,20.5,44.1,0,15.3,go
2025-02-09T08:00:00,Nest_Alpha,10.2,16.4,SW,22.1,52.1,0,15.4,go
2025-02-09T09:00:00,Nest_Alpha,10.3,15.0,W,23.0,45.7,0,14.6,go
2025-02-09T10:00:00,Nest_Alpha,9.1,11.6,S,23.8,71.0,0,15.4,go
2025-02-09T11:00:00,Nest_Alpha,11.1,15.3,N,24.2,67.8,0,15.2,go
2025-02-09T12:00:00,Nest_Alpha,13.4,20.7,N,24.6,62.7,0,16.0,go
2025-02-09T13:00:00,Nest_Alpha,14.5,19.3,SW,23.2,65.2,0,15.1,go
2025-02-09T14:00:00,Nest_Alpha,16.5,23.7,W,24.4,63.4,0,14.4,go
2025-02-09T15:00:00,Nest_Alpha,19.2,24.5,S,23.6,53.9,0,14.2,go
2025-02-09T16:00:00,Nest_Alpha,18.9,22.6,E,24.5,49.3,0,14.5,go
2025-02-09T17:00:00,Nest_Alpha,17.3,21.6,NW,22.0,74.8,0,13.5,go
2025-02-09T18:00:00,Nest_Alpha,19.2,28.5,SE,22.0,58.8,0,16.0,go
2025-02-09T19:00:00,Nest_Alpha,19.4,21.4,SW,21.5,57.6,0,14.4,go
2025-02-09T20:00:00,Nest_Alpha,20.1,23.5,SW,19.8,54.9,0,15.3,go
2025-02-09T21:00:00,Nest_Alpha,14.3,22.0,N,19.0,58.8,0,15.6,go
2025-02-09T22:00:00,Nest_Alpha,17.1,21.0,W,17.7,58.7,0,15.7,go
2025-02-09T23:00:00,Nest_Alpha,12.2,16.3,SE,16.9,36.8,0,13.7,go
2025-02-09T00:00:00,Nest_Beta,7.3,9.6,SE,16.1,61.8,0,15.4,go
2025-02-09T01:00:00,Nest_Beta,15.3,18.9,SW,16.7,60.2,0,14.7,go
2025-02-09T02:00:00,Nest_Beta,6.8,15.3,W,16.6,67.3,0,16.1,go
2025-02-09T03:00:00,Nest_Beta,6.4,14.5,SE,16.8,66.3,0,15.0,go
2025-02-09T04:00:00,Nest_Beta,7.0,13.9,W,18.6,45.4,0,15.9,go
2025-02-09T05:00:00,Nest_Beta,10.8,19.7,W,18.0,71.5,0,15.3,go
2025-02-09T06:00:00,Nest_Beta,6.6,10.7,E,20.8,76.1,0,15.9,go
2025-02-09T07:00:00,Nest_Beta,7.2,11.7,SE,20.7,48.9,0,15.3,go
2025-02-09T08:00:00,Nest_Beta,8.8,12.3,SW,21.6,49.2,0,14.1,go
2025-02-09T09:00:00,Nest_Beta,8.2,17.0,S,23.6,72.0,0,13.6,go
2025-02-09T10:00:00,Nest_Beta,9.7,17.5,NW,24.3,40.8,0,14.1,go
2025-02-09T11:00:00,Nest_Beta,11.6,16.0,SW,23.5,66.9,0,15.3,go
2025-02-09T12:00:00,Nest_Beta,15.0,24.5,NE,23.9,41.6,0,14.1,go
2025-02-09T13:00:00,Nest_Beta,13.5,22.7,S,23.7,53.3,0,15.7,go
2025-02-09T14:00:00,Nest_Beta,10.2,17.9,S,26.1,56.4,0,14.6,go
2025-02-09T15:00:00,Nest_Beta,14.4,17.0,SE,24.8,52.3,0,14.8,go
2025-02-09T16:00:00,Nest_Beta,20.8,30.2,S,22.5,62.2,0,15.4,go
2025-02-09T17:00:00,Nest_Beta,19.9,22.8,SE,23.5,47.6,0,13.7,go
2025-02-09T18:00:00,Nest_Beta,16.1,19.8,NE,22.5,56.2,0,15.7,go
2025-02-09T19:00:00,Nest_Beta,14.2,19.7,NE,21.3,70.2,0,14.8,go
2025-02-09T20:00:00,Nest_Beta,17.6,20.3,W,21.2,58.4,0,15.8,go
2025-02-09T21:00:00,Nest_Beta,12.3,16.7,NE,19.6,53.1,0,15.4,go
2025-02-09T22:00:00,Nest_Beta,10.1,12.7,SW,18.5,56.9,0,13.7,go
2025-02-09T23:00:00,Nest_Beta,8.6,16.1,NW,17.0,61.3,0,15.1,go
2025-02-09T00:00:00,Nest_Gamma,11.1,17.7,E,15.4,61.7,0,14.4,go
2025-02-09T01:00:00,Nest_Gamma,7.5,15.1,SE,17.4,51.3,0,15.7,go
2025-02-09T02:00:00,Nest_Gamma,3.2,12.0,S,16.7,59.9,0,13.8,go
2025-02-09T03:00:00,Nest_Gamma,3.3,8.7,N,17.1,65.8,0,16.2,go
2025-02-09T04:00:00,Nest_Gamma,4.3,14.2,W,17.5,62.5,0,13.6,go
2025-02-09T05:00:00,Nest_Gamma,2.4,9.1,S,19.5,51.3,0,14.4,go
2025-02-09T06:00:00,Nest_Gamma,6.9,11.3,S,19.0,50.3,0,16.1,go
2025-02-09T07:00:00,Nest_Gamma,2,5.2,N,21.4,73.0,0,13.2,go
2025-02-09T08:00:00,Nest_Gamma,8.2,15.8,SW,22.9,55.8,0,15.0,go
2025-02-09T09:00:00,Nest_Gamma,9.3,18.6,NE,22.6,64.2,0,15.0,go
2025-02-09T10:00:00,Nest_Gamma,8.4,14.2,SE,23.3,56.7,0,15.2,go
2025-02-09T11:00:00,Nest_Gamma,8.4,12.9,W,25.6,82.8,0,13.5,go
2025-02-09T12:00:00,Nest_Gamma,9.0,18.3,NE,25.6,66.1,0,14.0,go
2025-02-09T13:00:00,Nest_Gamma,13.5,23.1,NW,24.3,64.3,0,15.7,go
2025-02-09T14:00:00,Nest_Gamma,14.1,22.5,NW,24.6,54.9,0,17.8,go
2025-02-09T15:00:00,Nest_Gamma,15.2,18.4,N,23.7,63.5,0,15.1,go
2025-02-09T16:00:00,Nest_Gamma,12.0,16.0,N,22.8,60.5,0,15.8,go
2025-02-09T17:00:00,Nest_Gamma,15.0,18.4,S,22.6,67.7,0,15.4,go
2025-02-09T18:00:00,Nest_Gamma,14.0,21.9,N,22.3,62.9,0,13.4,go
2025-02-09T19:00:00,Nest_Gamma,14.8,18.0,SE,20.0,56.5,0,14.5,go
2025-02-09T20:00:00,Nest_Gamma,13.6,16.7,S,19.6,41.1,0,14.7,go
2025-02-09T21:00:00,Nest_Gamma,12.2,15.1,NW,17.8,52.6,0,15.1,go
2025-02-09T22:00:00,Nest_Gamma,11.0,16.9,W,18.8,56.6,0,14.4,go
2025-02-09T23:00:00,Nest_Gamma,9.0,15.4,SW,17.9,44.6,0,14.5,go
2025-02-09T00:00:00,Nest_Delta,14.4,24.2,NW,17.1,64.6,0,15.9,go
2025-02-09T01:00:00,Nest_Delta,9.1,16.7,SE,15.4,66.3,0,14.5,go
2025-02-09T02:00:00,Nest_Delta,10.4,15.1,NW,16.7,61.6,0,14.5,go
2025-02-09T03:00:00,Nest_Delta,5.7,12.8,S,17.8,58.3,0,14.4,go
2025-02-09T04:00:00,Nest_Delta,8.3,10.6,NE,17.8,26.9,0,15.4,go
2025-02-09T05:00:00,Nest_Delta,6.4,11.6,N,19.5,69.5,0,15.1,go
2025-02-09T06:00:00,Nest_Delta,2.6,9.8,W,21.2,61.0,0,15.8,go
2025-02-09T07:00:00,Nest_Delta,7.0,14.2,S,20.2,77.6,0,14.8,go
2025-02-09T08:00:00,Nest_Delta,6.1,13.0,E,20.6,56.7,0,13.9,go
2025-02-09T09:00:00,Nest_Delta,15.6,24.8,SE,22.3,65.8,0,14.8,go
2025-02-09T10:00:00,Nest_Delta,7.7,11.2,SW,23.6,67.5,0,16.2,go
2025-02-09T11:00:00,Nest_Delta,10.6,19.8,S,24.9,72.5,0,14.2,go
2025-02-09T12:00:00,Nest_Delta,11.2,13.5,SE,25.2,60.5,0,15.4,go
2025-02-09T13:00:00,Nest_Delta,16.1,23.3,W,25.5,62.7,0,15.7,go
2025-02-09T14:00:00,Nest_Delta,13.4,22.7,S,23.9,73.0,0,14.4,go
2025-02-09T15:00:00,Nest_Delta,14.9,23.3,NE,23.9,45.8,0,14.8,go
2025-02-09T16:00:00,Nest_Delta,16.4,24.0,N,23.9,64.6,0,16.1,go
2025-02-09T17:00:00,Nest_Delta,16.5,23.6,SE,24.2,62.0,0,15.6,go
2025-02-09T18:00:00,Nest_Delta,19.7,24.3,SW,22.2,52.5,0,14.2,go
2025-02-09T19:00:00,Nest_Delta,19.0,27.6,E,21.3,59.9,0,13.8,go
2025-02-09T20:00:00,Nest_Delta,20.5,29.7,SE,19.3,58.1,0,14.9,go
2025-02-09T21:00:00,Nest_Delta,13.1,22.6,NE,18.1,44.4,0,15.1,go
2025-02-09T22:00:00,Nest_Delta,12.4,21.9,W,17.5,74.5,0,15.1,go
2025-02-09T23:00:00,Nest_Delta,7.1,12.7,SW,19.8,60.3,0,14.7,go
2025-02-10T00:00:00,Nest_Alpha,12.8,21.4,NW,16.6,59.8,0,15.9,go
2025-02-10T01:00:00,Nest_Alpha,12.8,17.7,NW,16.5,59.2,0,15.5,go
2025-02-10T02:00:00,Nest_Alpha,11.9,15.2,NW,16.2,54.6,0,14.8,go
2025-02-10T03:00:00,Nest_Alpha,5.4,10.3,N,17.9,53.3,0,16.4,go
2025-02-10T04:00:00,Nest_Alpha,11.4,16.9,SE,16.9,60.3,0,15.9,go
2025-02-10T05:00:00,Nest_Alpha,8.3,17.0,W,18.9,70.3,0,13.7,go
2025-02-10T06:00:00,Nest_Alpha,9.7,14.9,NE,19.8,64.1,0,14.8,go
2025-02-10T07:00:00,Nest_Alpha,6.9,15.7,S,19.7,68.4,0,16.8,go
2025-02-10T08:00:00,Nest_Alpha,7.5,11.3,E,21.8,64.2,0,14.6,go
2025-02-10T09:00:00,Nest_Alpha,12.2,16.9,SW,23.5,74.7,0,15.9,go
2025-02-10T10:00:00,Nest_Alpha,13.0,19.5,NW,23.7,51.2,0,17.0,go
2025-02-10T11:00:00,Nest_Alpha,13.7,18.5,SW,24.7,51.7,0,16.0,go
2025-02-10T12:00:00,Nest_Alpha,15.2,22.0,NW,25.2,52.5,0,15.7,go
2025-02-10T13:00:00,Nest_Alpha,10.6,13.2,SE,24.7,63.6,0,14.2,go
2025-02-10T14:00:00,Nest_Alpha,15.6,21.7,NE,24.7,49.2,0,15.4,go
2025-02-10T15:00:00,Nest_Alpha,16.5,21.9,N,24.2,68.4,0,14.8,go
2025-02-10T16:00:00,Nest_Alpha,16.2,18.6,SE,23.7,67.3,0,15.5,go
2025-02-10T17:00:00,Nest_Alpha,23.5,33.4,S,23.9,46.6,0,16.7,go
2025-02-10T18:00:00,Nest_Alpha,17.7,22.2,S,21.9,66.8,0,15.5,go
2025-02-10T19:00:00,Nest_Alpha,18.1,21.1,SW,20.9,54.1,0,14.9,go
2025-02-10T20:00:00,Nest_Alpha,14.2,17.2,NE,20.0,64.3,0,15.1,go
2025-02-10T21:00:00,Nest_Alpha,18.0,22.0,NE,19.5,60.6,0,14.7,go
2025-02-10T22:00:00,Nest_Alpha,10.8,15.2,E,18.3,51.9,0,13.9,go
2025-02-10T23:00:00,Nest_Alpha,12.4,19.3,W,17.8,45.2,0,16.0,go
2025-02-10T00:00:00,Nest_Beta,7.0,15.7,NE,17.8,66.1,0,15.2,go
2025-02-10T01:00:00,Nest_Beta,5.9,8.5,E,17.0,48.9,0,13.9,go
2025-02-10T02:00:00,Nest_Beta,10.1,13.1,N,16.3,53.5,0,14.1,go
2025-02-10T03:00:00,Nest_Beta,6.5,12.2,NE,17.8,56.1,0,13.2,go
2025-02-10T04:00:00,Nest_Beta,12.1,14.4,NW,17.5,44.5,0,16.2,go
2025-02-10T05:00:00,Nest_Beta,8.0,17.3,W,18.6,63.8,0,14.1,go
2025-02-10T06:00:00,Nest_Beta,8.5,11.7,NE,19.5,63.3,0,15.2,go
2025-02-10T07:00:00,Nest_Beta,7.6,16.5,E,20.9,45.1,0,16.6,go
2025-02-10T08:00:00,Nest_Beta,6.5,10.5,NW,22.6,63.9,0,14.1,go
2025-02-10T09:00:00,Nest_Beta,11.3,19.9,SW,23.5,51.3,0,14.7,go
2025-02-10T10:00:00,Nest_Beta,8.7,12.4,SE,22.9,75.9,0,16.6,go
2025-02-10T11:00:00,Nest_Beta,10.1,15.0,E,24.3,61.6,0,14.8,go
2025-02-10T12:00:00,Nest_Beta,13.9,23.3,SE,25.7,62.3,0,16.2,go
2025-02-10T13:00:00,Nest_Beta,15.9,19.9,SE,25.9,48.3,0,13.7,go
2025-02-10T14:00:00,Nest_Beta,17.8,25.1,E,24.9,58.1,0,14.3,go
2025-02-10T15:00:00,Nest_Beta,15.2,21.1,S,25.5,63.6,0,16.0,go
2025-02-10T16:00:00,Nest_Beta,15.8,20.8,NW,23.9,66.4,0,15.2,go
2025-02-10T17:00:00,Nest_Beta,18.7,23.4,NW,22.6,47.7,0,15.5,go
2025-02-10T18:00:00,Nest_Beta,16.0,19.0,E,21.0,54.0,0,15.6,go
2025-02-10T19:00:00,Nest_Beta,14.6,20.8,SE,20.5,69.6,0,14.9,go
2025-02-10T20:00:00,Nest_Beta,18.2,27.8,NW,19.7,79.2,0,14.9,go
2025-02-10T21:00:00,Nest_Beta,11.3,17.6,E,19.3,74.8,0,14.2,go
2025-02-10T22:00:00,Nest_Beta,13.5,18.3,E,18.9,59.1,0,15.4,go
2025-02-10T23:00:00,Nest_Beta,9.4,16.4,S,17.6,62.6,0,16.6,go
2025-02-10T00:00:00,Nest_Gamma,8.6,13.3,NE,16.6,69.3,0,13.6,go
2025-02-10T01:00:00,Nest_Gamma,10.6,14.7,E,16.2,45.0,0,14.6,go
2025-02-10T02:00:00,Nest_Gamma,8.0,13.2,S,17.1,61.0,0,14.3,go
2025-02-10T03:00:00,Nest_Gamma,5.5,8.2,S,17.6,39.0,0,14.9,go
2025-02-10T04:00:00,Nest_Gamma,6.9,16.8,NE,18.8,43.8,0,16.0,go
2025-02-10T05:00:00,Nest_Gamma,2,5.0,W,20.2,65.7,0,14.9,go
2025-02-10T06:00:00,Nest_Gamma,6.4,16.3,NW,19.9,54.0,0,15.1,go
2025-02-10T07:00:00,Nest_Gamma,5.1,9.9,SW,22.0,52.1,0,15.8,go
2025-02-10T08:00:00,Nest_Gamma,6.1,15.2,S,21.6,73.3,0,15.3,go
2025-02-10T09:00:00,Nest_Gamma,9.5,16.2,E,23.0,54.0,0,15.8,go
2025-02-10T10:00:00,Nest_Gamma,8.3,12.0,SE,24.2,51.3,0,14.6,go
2025-02-10T11:00:00,Nest_Gamma,10.6,16.4,NW,23.8,56.2,0,15.3,go
2025-02-10T12:00:00,Nest_Gamma,14.3,23.9,S,25.0,69.1,0,14.7,go
2025-02-10T13:00:00,Nest_Gamma,9.4,19.2,S,25.4,56.0,0,15.2,go
2025-02-10T14:00:00,Nest_Gamma,8.7,14.7,N,24.1,72.6,0,14.8,go
2025-02-10T15:00:00,Nest_Gamma,12.1,20.1,NE,22.5,58.5,0,15.1,go
2025-02-10T16:00:00,Nest_Gamma,12.8,19.5,NE,24.1,57.5,0,16.1,go
2025-02-10T17:00:00,Nest_Gamma,13.6,18.7,NW,22.8,48.5,0,14.0,go
2025-02-10T18:00:00,Nest_Gamma,18.5,23.2,SW,21.5,55.4,0,14.0,go
2025-02-10T19:00:00,Nest_Gamma,9.9,13.8,NE,21.5,59.5,0,14.9,go
2025-02-10T20:00:00,Nest_Gamma,14.3,23.2,E,19.3,61.1,0,16.8,go
2025-02-10T21:00:00,Nest_Gamma,9.5,18.1,S,20.7,60.1,0,14.6,go
2025-02-10T22:00:00,Nest_Gamma,11.5,14.6,SE,17.8,61.1,0,14.0,go
2025-02-10T23:00:00,Nest_Gamma,10.8,15.1,W,18.4,46.4,0,15.6,go
2025-02-10T00:00:00,Nest_Delta,4.6,11.1,NW,16.8,78.6,0,13.5,go
2025-02-10T01:00:00,Nest_Delta,7.4,11.6,SW,16.9,69.6,0,14.8,go
2025-02-10T02:00:00,Nest_Delta,7.1,16.5,W,17.2,52.9,0,14.6,go
2025-02-10T03:00:00,Nest_Delta,7.6,11.9,NE,17.3,55.2,0,15.1,go
2025-02-10T04:00:00,Nest_Delta,4.1,10.5,SW,18.9,62.2,0,14.4,go
2025-02-10T05:00:00,Nest_Delta,8.0,14.2,N,19.0,63.2,0,14.8,go
2025-02-10T06:00:00,Nest_Delta,5.8,11.5,S,19.2,67.1,0,15.4,go
2025-02-10T07:00:00,Nest_Delta,8.0,17.4,SE,23.2,48.3,0,16.3,go
2025-02-10T08:00:00,Nest_Delta,7.3,10.1,NW,21.5,74.5,0,12.7,go
2025-02-10T09:00:00,Nest_Delta,6.9,13.5,SE,23.4,66.0,0,14.3,go
2025-02-10T10:00:00,Nest_Delta,8.3,16.2,E,24.6,54.2,0,14.0,go
2025-02-10T11:00:00,Nest_Delta,10.4,16.2,N,24.4,66.8,0,14.6,go
2025-02-10T12:00:00,Nest_Delta,12.0,17.2,SE,25.4,53.7,0,15.5,go
2025-02-10T13:00:00,Nest_Delta,11.0,15.0,NE,25.7,66.4,0,14.5,go
2025-02-10T14:00:00,Nest_Delta,17.0,24.3,E,25.4,68.8,0,14.9,go
2025-02-10T15:00:00,Nest_Delta,12.2,19.4,W,24.5,56.2,0,15.8,go
2025-02-10T16:00:00,Nest_Delta,12.3,14.4,SW,24.2,57.7,0,15.8,go
2025-02-10T17:00:00,Nest_Delta,23.5,25.5,SE,21.3,64.8,0,14.9,go
2025-02-10T18:00:00,Nest_Delta,13.0,20.0,NE,21.7,64.1,0,15.6,go
2025-02-10T19:00:00,Nest_Delta,16.9,24.7,S,21.6,69.1,0,15.1,go
2025-02-10T20:00:00,Nest_Delta,11.9,16.0,W,19.1,69.2,0,14.5,go
2025-02-10T21:00:00,Nest_Delta,17.9,27.5,W,19.5,70.0,0,17.4,go
2025-02-10T22:00:00,Nest_Delta,14.6,16.7,SW,17.5,63.0,0,14.9,go
2025-02-10T23:00:00,Nest_Delta,9.1,17.6,S,17.7,57.6,0,16.1,go
2025-02-11T00:00:00,Nest_Alpha,10.8,15.5,SE,16.6,59.1,0,14.2,go
2025-02-11T01:00:00,Nest_Alpha,9.1,17.4,NW,16.4,47.1,0,13.8,go
2025-02-11T02:00:00,Nest_Alpha,9.8,12.4,S,17.0,51.7,0,14.1,go
2025-02-11T03:00:00,Nest_Alpha,16.9,24.0,W,17.4,63.5,0,16.0,go
2025-02-11T04:00:00,Nest_Alpha,7.1,9.7,W,18.0,52.6,0,15.2,go
2025-02-11T05:00:00,Nest_Alpha,10.8,17.2,S,18.5,57.0,0,13.3,go
2025-02-11T06:00:00,Nest_Alpha,9.8,13.8,NW,19.4,57.0,0,16.1,go
2025-02-11T07:00:00,Nest_Alpha,10.3,15.4,NE,21.1,53.5,0,14.9,go
2025-02-11T08:00:00,Nest_Alpha,7.3,11.7,E,21.8,65.4,0,14.8,go
2025-02-11T09:00:00,Nest_Alpha,12.8,19.0,SE,23.7,59.6,0,15.1,go
2025-02-11T10:00:00,Nest_Alpha,9.8,17.2,S,23.1,50.4,0,15.9,go
2025-02-11T11:00:00,Nest_Alpha,16.6,26.3,W,24.4,62.2,0,14.5,go
2025-02-11T12:00:00,Nest_Alpha,13.9,21.8,E,24.0,56.6,0,14.7,go
2025-02-11T13:00:00,Nest_Alpha,14.2,20.2,N,25.1,57.5,0,15.0,go
2025-02-11T14:00:00,Nest_Alpha,17.4,24.4,NE,23.2,61.0,0,17.9,go
2025-02-11T15:00:00,Nest_Alpha,19.2,28.8,SE,24.4,55.4,0,15.2,go
2025-02-11T16:00:00,Nest_Alpha,14.5,16.7,N,23.2,59.5,0,14.5,go
2025-02-11T17:00:00,Nest_Alpha,9.9,17.1,S,22.7,60.1,0,15.1,go
2025-02-11T18:00:00,Nest_Alpha,20.6,23.2,SE,22.6,53.5,0,14.0,go
2025-02-11T19:00:00,Nest_Alpha,14.0,18.0,E,21.8,62.1,0,13.9,go
2025-02-11T20:00:00,Nest_Alpha,15.9,21.1,W,20.3,57.1,0,15.2,go
2025-02-11T21:00:00,Nest_Alpha,15.1,17.3,S,17.9,54.2,0,13.9,go
2025-02-11T22:00:00,Nest_Alpha,14.7,16.7,SW,19.6,46.4,0,15.1,go
2025-02-11T23:00:00,Nest_Alpha,10.1,14.4,N,17.7,43.3,0,14.5,go
2025-02-11T00:00:00,Nest_Beta,9.6,13.6,W,17.9,66.1,0,14.9,go
2025-02-11T01:00:00,Nest_Beta,6.3,12.9,SW,17.2,56.7,0,14.5,go
2025-02-11T02:00:00,Nest_Beta,6.3,9.5,S,17.3,71.4,0,14.3,go
2025-02-11T03:00:00,Nest_Beta,6.1,8.3,W,16.3,50.8,0,16.0,go
2025-02-11T04:00:00,Nest_Beta,7.8,14.8,NE,18.8,67.9,0,15.9,go
2025-02-11T05:00:00,Nest_Beta,2,10.3,SW,19.6,65.0,0,15.0,go
2025-02-11T06:00:00,Nest_Beta,5.4,7.6,E,19.8,72.3,0,13.6,go
2025-02-11T07:00:00,Nest_Beta,7.7,13.1,NW,20.1,66.4,0,15.0,go
2025-02-11T08:00:00,Nest_Beta,7.1,14.5,N,22.6,72.5,0,15.1,go
2025-02-11T09:00:00,Nest_Beta,15.8,20.1,SW,22.3,50.3,0,15.6,go
2025-02-11T10:00:00,Nest_Beta,6.8,9.6,W,23.6,69.9,0,16.4,go
2025-02-11T11:00:00,Nest_Beta,15.5,23.6,SW,25.9,78.9,0,14.3,go
2025-02-11T12:00:00,Nest_Beta,15.9,25.0,SE,24.5,63.5,0,14.9,go
2025-02-11T13:00:00,Nest_Beta,11.9,16.1,S,25.6,56.9,0,13.6,go
2025-02-11T14:00:00,Nest_Beta,12.9,20.2,N,24.5,63.5,0,15.1,go
2025-02-11T15:00:00,Nest_Beta,14.4,22.1,NW,24.5,62.0,0,14.7,go
2025-02-11T16:00:00,Nest_Beta,17.8,20.9,NE,24.8,52.2,0,16.7,go
2025-02-11T17:00:00,Nest_Beta,15.4,19.7,SE,23.7,68.8,0,14.9,go
2025-02-11T18:00:00,Nest_Beta,14.2,17.2,W,21.5,63.0,0,14.8,go
2025-02-11T19:00:00,Nest_Beta,15.2,19.2,NE,21.2,50.8,0,13.8,go
2025-02-11T20:00:00,Nest_Beta,15.7,21.1,N,19.3,61.4,0,14.6,go
2025-02-11T21:00:00,Nest_Beta,13.9,23.3,N,20.3,51.1,0,16.6,go
2025-02-11T22:00:00,Nest_Beta,17.0,19.8,S,18.2,55.6,0,16.1,go
2025-02-11T23:00:00,Nest_Beta,7.3,12.8,SE,17.1,76.7,0,16.8,go
2025-02-11T00:00:00,Nest_Gamma,12.4,18.6,S,16.6,46.5,0,14.7,go
2025-02-11T01:00:00,Nest_Gamma,5.8,8.1,E,17.7,65.1,0,15.5,go
2025-02-11T02:00:00,Nest_Gamma,6.0,15.5,NE,17.2,55.3,0,15.5,go
2025-02-11T03:00:00,Nest_Gamma,2.9,12.7,N,18.2,72.9,0,16.3,go
2025-02-11T04:00:00,Nest_Gamma,5.0,10.6,E,18.5,47.7,0,15.5,go
2025-02-11T05:00:00,Nest_Gamma,6.9,15.7,NW,17.9,61.0,0,14.5,go
2025-02-11T06:00:00,Nest_Gamma,2.8,5.5,NW,19.3,53.6,0,14.9,go
2025-02-11T07:00:00,Nest_Gamma,2.3,11.8,SE,22.2,59.1,0,15.2,go
2025-02-11T08:00:00,Nest_Gamma,9.4,12.3,NE,21.5,56.2,0,13.9,go
2025-02-11T09:00:00,Nest_Gamma,3.8,12.4,SE,23.3,52.3,0,14.9,go
2025-02-11T10:00:00,Nest_Gamma,10.7,16.7,SE,25.0,47.0,0,13.4,go
2025-02-11T11:00:00,Nest_Gamma,7.8,15.2,NW,23.8,66.7,0,15.6,go
2025-02-11T12:00:00,Nest_Gamma,9.6,18.5,S,24.0,57.2,0,14.7,go
2025-02-11T13:00:00,Nest_Gamma,12.8,15.6,S,25.4,54.3,0,13.3,go
2025-02-11T14:00:00,Nest_Gamma,13.7,16.2,E,25.4,58.4,0,15.3,go
2025-02-11T15:00:00,Nest_Gamma,18.8,21.9,NE,23.2,46.7,0,15.5,go
2025-02-11T16:00:00,Nest_Gamma,14.0,17.9,NW,23.2,63.0,0,14.8,go
2025-02-11T17:00:00,Nest_Gamma,10.1,15.4,S,22.8,67.6,0,16.1,go
2025-02-11T18:00:00,Nest_Gamma,11.4,19.9,W,23.0,68.4,0,14.5,go
2025-02-11T19:00:00,Nest_Gamma,16.4,22.3,SW,21.4,67.1,0,14.3,go
2025-02-11T20:00:00,Nest_Gamma,13.3,15.6,N,19.9,60.1,0,13.2,go
2025-02-11T21:00:00,Nest_Gamma,12.7,15.7,W,18.6,54.6,0,16.3,go
2025-02-11T22:00:00,Nest_Gamma,11.8,19.2,E,17.4,52.4,0,14.9,go
2025-02-11T23:00:00,Nest_Gamma,6.1,14.0,NW,16.8,71.7,0,14.5,go
2025-02-11T00:00:00,Nest_Delta,12.1,14.3,SW,18.1,62.1,0,16.6,go
2025-02-11T01:00:00,Nest_Delta,9.3,11.5,SE,17.8,55.4,0,15.8,go
2025-02-11T02:00:00,Nest_Delta,7.4,12.0,S,17.3,50.5,0,15.6,go
2025-02-11T03:00:00,Nest_Delta,7.2,16.8,W,17.7,64.0,0,15.2,go
2025-02-11T04:00:00,Nest_Delta,10.2,12.4,NE,17.3,63.9,0,15.0,go
2025-02-11T05:00:00,Nest_Delta,8.9,15.3,SW,18.3,50.3,0,14.5,go
2025-02-11T06:00:00,Nest_Delta,10.3,16.0,E,19.6,53.5,0,15.1,go
2025-02-11T07:00:00,Nest_Delta,11.1,18.8,SE,21.1,72.3,0,13.6,go
2025-02-11T08:00:00,Nest_Delta,7.4,16.3,NE,21.4,46.4,0,14.4,go
2025-02-11T09:00:00,Nest_Delta,8.3,12.9,E,23.4,59.4,0,14.4,go
2025-02-11T10:00:00,Nest_Delta,11.1,14.5,SW,23.8,72.7,0,14.3,go
2025-02-11T11:00:00,Nest_Delta,8.2,17.1,E,25.0,56.5,0,15.2,go
2025-02-11T12:00:00,Nest_Delta,13.5,20.2,N,24.7,68.4,0,13.3,go
2025-02-11T13:00:00,Nest_Delta,14.4,19.2,E,25.0,67.4,0,16.0,go
2025-02-11T14:00:00,Nest_Delta,15.7,25.5,NE,24.8,63.7,0,17.7,go
2025-02-11T15:00:00,Nest_Delta,15.3,22.4,NE,23.5,46.1,0,14.5,go
2025-02-11T16:00:00,Nest_Delta,19.9,22.7,NE,24.0,60.2,0,14.8,go
2025-02-11T17:00:00,Nest_Delta,22.3,29.7,N,24.4,65.3,0,15.7,go
2025-02-11T18:00:00,Nest_Delta,15.5,21.6,N,20.3,71.2,0,14.0,go
2025-02-11T19:00:00,Nest_Delta,13.4,22.0,NW,21.4,65.6,0,15.1,go
2025-02-11T20:00:00,Nest_Delta,16.6,20.8,NW,19.8,68.0,0,15.6,go
2025-02-11T21:00:00,Nest_Delta,15.9,18.0,N,18.2,65.9,0,15.3,go
2025-02-11T22:00:00,Nest_Delta,17.6,22.2,W,19.1,65.6,0,16.9,go
2025-02-11T23:00:00,Nest_Delta,7.1,12.3,S,17.0,83.0,0,16.5,go
2025-02-12T00:00:00,Nest_Alpha,12.9,21.7,E,16.6,53.8,0,15.8,go
2025-02-12T01:00:00,Nest_Alpha,11.2,14.8,SW,17.3,50.0,0,15.8,go
2025-02-12T02:00:00,Nest_Alpha,6.8,13.5,W,18.6,45.3,0,13.8,go
2025-02-12T03:00:00,Nest_Alpha,8.9,15.0,E,16.6,48.3,0,13.9,go
2025-02-12T04:00:00,Nest_Alpha,10.3,13.2,N,18.8,55.3,0,14.9,go
2025-02-12T05:00:00,Nest_Alpha,8.0,15.1,E,19.0,70.5,0,15.5,go
2025-02-12T06:00:00,Nest_Alpha,8.3,12.9,SE,20.2,44.8,0,14.5,go
2025-02-12T07:00:00,Nest_Alpha,11.8,19.0,E,19.8,66.5,0,13.5,go
2025-02-12T08:00:00,Nest_Alpha,10.4,13.7,NE,22.1,62.5,0,14.2,go
2025-02-12T09:00:00,Nest_Alpha,13.2,19.5,W,24.0,53.7,0,16.3,go
2025-02-12T10:00:00,Nest_Alpha,13.2,15.3,W,23.8,61.4,0,14.1,go
2025-02-12T11:00:00,Nest_Alpha,15.7,23.4,NW,25.1,59.3,0,14.0,go
2025-02-12T12:00:00,Nest_Alpha,16.1,25.8,N,24.5,53.6,0,12.5,go
2025-02-12T13:00:00,Nest_Alpha,19.6,26.6,SE,25.4,62.4,0,14.2,go
2025-02-12T14:00:00,Nest_Alpha,15.9,21.4,NE,24.7,54.4,0,14.5,go
2025-02-12T15:00:00,Nest_Alpha,19.1,27.8,SE,24.4,55.4,0,14.9,go
2025-02-12T16:00:00,Nest_Alpha,17.9,25.9,NE,23.6,60.1,0,16.5,go
2025-02-12T17:00:00,Nest_Alpha,18.5,21.9,S,22.7,47.4,0,14.7,go
2025-02-12T18:00:00,Nest_Alpha,17.2,25.1,W,22.0,56.7,0,13.1,go
2025-02-12T19:00:00,Nest_Alpha,18.9,25.2,NW,21.7,51.9,0,16.0,go
2025-02-12T20:00:00,Nest_Alpha,16.2,19.7,NE,19.8,52.0,0,15.5,go
2025-02-12T21:00:00,Nest_Alpha,18.5,24.4,S,19.1,43.0,0,13.7,go
2025-02-12T22:00:00,Nest_Alpha,16.0,23.8,W,19.0,63.9,0,16.4,go
2025-02-12T23:00:00,Nest_Alpha,13.9,17.6,SE,16.9,57.9,0,14.9,go
2025-02-12T00:00:00,Nest_Beta,12.3,18.3,N,16.6,53.2,0,15.3,go
2025-02-12T01:00:00,Nest_Beta,6.7,13.0,NE,16.9,33.6,0,16.6,go
2025-02-12T02:00:00,Nest_Beta,7.6,15.6,SE,16.6,38.9,0,14.2,go
2025-02-12T03:00:00,Nest_Beta,11.3,15.6,NW,16.8,46.4,0,14.3,go
2025-02-12T04:00:00,Nest_Beta,7.1,11.7,W,17.7,69.5,0,16.1,go
2025-02-12T05:00:00,Nest_Beta,3.3,9.7,N,19.3,63.1,0,15.7,go
2025-02-12T06:00:00,Nest_Beta,5.6,8.2,SW,19.9,62.0,0,14.2,go
2025-02-12T07:00:00,Nest_Beta,7.6,11.9,E,20.6,61.6,0,14.8,go
2025-02-12T08:00:00,Nest_Beta,7.0,14.9,S,22.2,53.2,0,14.4,go
2025-02-12T09:00:00,Nest_Beta,13.8,19.7,SE,22.7,39.6,0,14.3,go
2025-02-12T10:00:00,Nest_Beta,10.4,15.5,SW,24.3,60.3,0,15.3,go
2025-02-12T11:00:00,Nest_Beta,13.2,22.2,SW,25.1,72.3,0,14.4,go
2025-02-12T12:00:00,Nest_Beta,11.3,16.9,E,24.9,52.0,0,16.7,go
2025-02-12T13:00:00,Nest_Beta,17.2,21.7,NE,25.8,54.1,0,16.1,go
2025-02-12T14:00:00,Nest_Beta,15.5,19.0,NW,25.8,52.1,0,14.2,go
2025-02-12T15:00:00,Nest_Beta,14.0,19.1,NW,23.5,46.1,0,15.7,go
2025-02-12T16:00:00,Nest_Beta,16.1,21.5,E,24.5,47.2,0,14.6,go
2025-02-12T17:00:00,Nest_Beta,16.7,25.2,S,21.2,56.2,0,16.4,go
2025-02-12T18:00:00,Nest_Beta,15.6,24.9,NE,21.4,69.4,0,15.7,go
2025-02-12T19:00:00,Nest_Beta,13.2,19.7,S,21.2,59.5,0,17.8,go
2025-02-12T20:00:00,Nest_Beta,12.1,20.5,SW,20.7,63.3,0,16.0,go
2025-02-12T21:00:00,Nest_Beta,14.9,24.2,S,19.1,74.7,0,13.6,go
2025-02-12T22:00:00,Nest_Beta,10.1,19.1,SW,17.0,60.1,0,15.0,go
2025-02-12T23:00:00,Nest_Beta,13.1,17.2,SE,17.1,62.7,0,15.0,go
2025-02-12T00:00:00,Nest_Gamma,8.0,14.3,SW,17.2,56.0,0,14.5,go
2025-02-12T01:00:00,Nest_Gamma,6.9,11.1,W,16.8,62.3,0,14.4,go
2025-02-12T02:00:00,Nest_Gamma,3.6,7.8,E,17.7,63.9,0,13.4,go
2025-02-12T03:00:00,Nest_Gamma,8.1,17.9,NW,17.1,60.9,0,15.0,go
2025-02-12T04:00:00,Nest_Gamma,2.7,11.9,NE,18.2,62.8,0,14.8,go
2025-02-12T05:00:00,Nest_Gamma,3.9,9.3,W,19.2,58.9,0,14.6,go
2025-02-12T06:00:00,Nest_Gamma,5.5,11.0,S,19.4,72.5,0,15.2,go
2025-02-12T07:00:00,Nest_Gamma,5.3,12.1,NE,20.7,70.1,0,13.7,go
2025-02-12T08:00:00,Nest_Gamma,6.5,12.5,N,23.2,60.6,0,15.5,go
2025-02-12T09:00:00,Nest_Gamma,6.6,13.3,SW,23.4,47.5,0,14.7,go
2025-02-12T10:00:00,Nest_Gamma,11.7,20.7,SE,23.1,72.3,0,15.0,go
2025-02-12T11:00:00,Nest_Gamma,9.1,12.9,E,24.8,66.0,0,16.0,go
2025-02-12T12:00:00,Nest_Gamma,13.3,17.6,N,24.5,54.7,0,13.2,go
2025-02-12T13:00:00,Nest_Gamma,12.8,18.0,N,25.5,56.7,0,14.8,go
2025-02-12T14:00:00,Nest_Gamma,11.1,14.1,E,25.0,67.0,0,16.4,go
2025-02-12T15:00:00,Nest_Gamma,15.4,19.4,E,24.9,65.3,0,16.4,go
2025-02-12T16:00:00,Nest_Gamma,12.7,15.0,S,24.5,46.7,0,13.6,go
2025-02-12T17:00:00,Nest_Gamma,14.2,17.3,W,23.0,77.4,0,14.2,go
2025-02-12T18:00:00,Nest_Gamma,16.2,25.3,E,22.5,43.7,0,16.7,go
2025-02-12T19:00:00,Nest_Gamma,13.4,19.0,NE,20.4,60.4,0,14.3,go
2025-02-12T20:00:00,Nest_Gamma,14.1,16.3,E,19.1,55.9,0,14.2,go
2025-02-12T21:00:00,Nest_Gamma,12.8,22.8,SE,18.9,64.9,0,14.7,go
2025-02-12T22:00:00,Nest_Gamma,10.7,17.1,E,18.0,43.7,0,15.8,go
2025-02-12T23:00:00,Nest_Gamma,13.3,18.3,NE,17.9,65.7,0,14.1,go
2025-02-12T00:00:00,Nest_Delta,15.0,17.5,N,17.4,61.2,0,17.2,go
2025-02-12T01:00:00,Nest_Delta,14.0,18.7,W,17.4,48.3,0,15.2,go
2025-02-12T02:00:00,Nest_Delta,11.3,14.5,S,15.8,57.9,0,15.4,go
2025-02-12T03:00:00,Nest_Delta,11.2,14.6,NW,18.6,61.0,0,16.5,go
2025-02-12T04:00:00,Nest_Delta,6.1,10.1,NW,18.9,60.3,0,16.7,go
2025-02-12T05:00:00,Nest_Delta,8.9,13.1,W,19.1,69.8,0,13.2,go
2025-02-12T06:00:00,Nest_Delta,6.4,9.8,SE,20.3,47.8,0,15.3,go
2025-02-12T07:00:00,Nest_Delta,5.3,15.1,E,20.8,72.1,0,13.3,go
2025-02-12T08:00:00,Nest_Delta,5.3,13.8,E,22.1,51.9,0,15.8,go
2025-02-12T09:00:00,Nest_Delta,9.3,12.8,W,22.7,61.5,0,13.1,go
2025-02-12T10:00:00,Nest_Delta,10.4,19.4,SE,23.6,62.9,0,15.6,go
2025-02-12T11:00:00,Nest_Delta,11.3,19.1,W,25.1,37.8,0,13.9,go
2025-02-12T12:00:00,Nest_Delta,14.9,17.7,SE,25.3,58.2,0,15.0,go
2025-02-12T13:00:00,Nest_Delta,12.9,18.8,NW,25.8,60.0,0,16.6,go
2025-02-12T14:00:00,Nest_Delta,13.4,16.5,SW,23.9,50.6,0,12.4,go
2025-02-12T15:00:00,Nest_Delta,18.5,26.0,S,24.2,55.0,0,14.7,go
2025-02-12T16:00:00,Nest_Delta,19.0,25.6,S,23.6,66.9,0,15.2,go
2025-02-12T17:00:00,Nest_Delta,17.0,24.5,NE,23.3,47.1,0,12.6,go
2025-02-12T18:00:00,Nest_Delta,12.5,15.0,SE,22.9,48.2,0,16.2,go
2025-02-12T19:00:00,Nest_Delta,21.4,31.3,NW,21.4,57.9,0,14.7,go
2025-02-12T20:00:00,Nest_Delta,17.7,22.5,N,18.6,46.2,0,15.0,go
2025-02-12T21:00:00,Nest_Delta,16.7,20.9,NW,18.7,66.2,0,13.9,go
2025-02-12T22:00:00,Nest_Delta,16.5,24.7,NE,18.1,54.4,0,15.0,go
2025-02-12T23:00:00,Nest_Delta,16.7,25.1,NE,17.1,56.6,0,15.4,go
2025-02-13T00:00:00,Nest_Alpha,10.3,16.9,W,17.6,59.7,0,14.7,go
2025-02-13T01:00:00,Nest_Alpha,8.9,18.1,W,17.5,44.8,0,16.1,go
2025-02-13T02:00:00,Nest_Alpha,7.4,13.7,SW,16.7,62.6,0,15.1,go
2025-02-13T03:00:00,Nest_Alpha,7.4,15.1,NW,18.8,61.8,0,15.0,go
2025-02-13T04:00:00,Nest_Alpha,10.0,13.6,SE,19.4,56.8,0,14.2,go
2025-02-13T05:00:00,Nest_Alpha,10.1,20.0,SE,18.7,72.1,0,14.7,go
2025-02-13T06:00:00,Nest_Alpha,7.5,10.2,S,20.1,44.2,0,14.3,go
2025-02-13T07:00:00,Nest_Alpha,10.9,14.0,N,21.1,54.8,0,15.6,go
2025-02-13T08:00:00,Nest_Alpha,8.5,13.3,SE,23.5,45.8,0,16.5,go
2025-02-13T09:00:00,Nest_Alpha,11.1,18.9,N,22.7,51.7,0,15.2,go
2025-02-13T10:00:00,Nest_Alpha,11.8,19.4,SW,25.7,55.5,0,18,go
2025-02-13T11:00:00,Nest_Alpha,11.4,21.4,NE,23.0,51.8,0,14.6,go
2025-02-13T12:00:00,Nest_Alpha,12.5,15.1,E,25.2,65.5,0,14.2,go
2025-02-13T13:00:00,Nest_Alpha,17.3,21.0,E,24.5,48.2,0,14.1,go
2025-02-13T14:00:00,Nest_Alpha,14.0,19.5,E,24.9,48.9,0,14.2,go
2025-02-13T15:00:00,Nest_Alpha,17.1,19.3,N,24.8,66.2,0,15.7,go
2025-02-13T16:00:00,Nest_Alpha,19.5,28.5,NE,22.3,48.1,0,14.2,go
2025-02-13T17:00:00,Nest_Alpha,15.2,17.7,E,23.2,55.0,0,16.1,go
2025-02-13T18:00:00,Nest_Alpha,17.8,21.8,NE,22.8,50.8,0,13.9,go
2025-02-13T19:00:00,Nest_Alpha,15.7,23.8,SE,20.9,44.5,0,15.3,go
2025-02-13T20:00:00,Nest_Alpha,17.8,24.1,S,19.5,34.7,0,16.6,go
2025-02-13T21:00:00,Nest_Alpha,15.0,21.2,SW,18.9,36.7,0,15.7,go
2025-02-13T22:00:00,Nest_Alpha,13.2,22.7,N,18.7,53.6,0,15.2,go
2025-02-13T23:00:00,Nest_Alpha,11.7,20.9,SW,16.2,47.1,0,14.1,go
2025-02-13T00:00:00,Nest_Beta,10.7,17.5,S,18.1,53.3,0,14.4,go
2025-02-13T01:00:00,Nest_Beta,5.4,9.1,SW,17.3,61.7,0,15.4,go
2025-02-13T02:00:00,Nest_Beta,6.8,10.1,SE,16.7,56.2,0,15.8,go
2025-02-13T03:00:00,Nest_Beta,8.0,10.1,W,16.6,63.1,0,16.6,go
2025-02-13T04:00:00,Nest_Beta,7.0,16.6,SE,17.8,71.8,0,15.5,go
2025-02-13T05:00:00,Nest_Beta,6.3,10.1,NE,18.9,47.8,0,15.6,go
2025-02-13T06:00:00,Nest_Beta,6.0,14.9,NW,19.8,64.9,0,14.1,go
2025-02-13T07:00:00,Nest_Beta,3.9,9.6,SW,20.4,53.0,0,15.1,go
2025-02-13T08:00:00,Nest_Beta,5.1,14.2,SE,21.9,47.2,0,16.2,go
2025-02-13T09:00:00,Nest_Beta,9.4,16.6,E,22.6,66.5,0,16.8,go
2025-02-13T10:00:00,Nest_Beta,11.0,18.6,SE,23.6,71.7,0,15.7,go
2025-02-13T11:00:00,Nest_Beta,15.8,24.1,NW,24.6,56.5,0,15.2,go
2025-02-13T12:00:00,Nest_Beta,11.6,15.7,SW,25.4,32.6,0,13.1,go
2025-02-13T13:00:00,Nest_Beta,12.6,21.1,E,25.9,63.9,0,16.3,go
2025-02-13T14:00:00,Nest_Beta,16.8,24.0,SW,24.9,79.0,0,16.1,go
2025-02-13T15:00:00,Nest_Beta,13.7,20.8,E,24.8,55.9,0,14.0,go
2025-02-13T16:00:00,Nest_Beta,13.6,23.5,NE,23.6,74.3,0,15.3,go
2025-02-13T17:00:00,Nest_Beta,11.4,19.5,SE,22.5,64.1,0,15.5,go
2025-02-13T18:00:00,Nest_Beta,18.9,28.8,SE,21.2,41.1,0,14.3,go
2025-02-13T19:00:00,Nest_Beta,11.9,19.2,S,21.0,61.2,0,15.5,go
2025-02-13T20:00:00,Nest_Beta,15.0,24.2,N,20.1,80.8,0,14.7,go
2025-02-13T21:00:00,Nest_Beta,12.8,20.1,S,19.2,62.2,0,16.1,go
2025-02-13T22:00:00,Nest_Beta,15.2,20.5,NE,17.5,54.1,0,16.1,go
2025-02-13T23:00:00,Nest_Beta,9.4,14.4,NW,16.8,59.8,0,16.1,go
2025-02-13T00:00:00,Nest_Gamma,5.1,10.2,NE,17.6,71.6,0,14.2,go
2025-02-13T01:00:00,Nest_Gamma,7.1,9.5,E,16.7,55.1,0,15.6,go
2025-02-13T02:00:00,Nest_Gamma,2,9.3,W,18.6,60.6,0,16.5,go
2025-02-13T03:00:00,Nest_Gamma,5.6,14.1,S,17.0,69.7,0,16.6,go
2025-02-13T04:00:00,Nest_Gamma,2.6,6.1,W,19.0,61.6,0,14.1,go
2025-02-13T05:00:00,Nest_Gamma,8.1,13.2,NW,19.1,71.2,0,13.8,go
2025-02-13T06:00:00,Nest_Gamma,8.2,17.2,SW,21.1,61.3,0,16.2,go
2025-02-13T07:00:00,Nest_Gamma,9.0,17.9,S,21.2,59.3,0,15.4,go
2025-02-13T08:00:00,Nest_Gamma,2,5.5,NW,23.0,62.2,0,15.7,go
2025-02-13T09:00:00,Nest_Gamma,5.7,9.0,NE,23.5,67.0,0,15.0,go
2025-02-13T10:00:00,Nest_Gamma,9.0,12.0,NE,24.0,50.6,0,12.7,go
2025-02-13T11:00:00,Nest_Gamma,9.3,18.4,E,23.6,76.3,0,15.2,go
2025-02-13T12:00:00,Nest_Gamma,12.2,17.6,SE,24.1,51.3,0,14.3,go
2025-02-13T13:00:00,Nest_Gamma,16.9,21.5,W,24.4,63.7,0,14.4,go
2025-02-13T14:00:00,Nest_Gamma,10.6,16.7,NW,25.4,49.9,0,14.1,go
2025-02-13T15:00:00,Nest_Gamma,17.8,24.6,SW,25.9,65.8,0,14.3,go
2025-02-13T16:00:00,Nest_Gamma,18.6,28.1,NW,25.2,63.1,0,15.5,go
2025-02-13T17:00:00,Nest_Gamma,14.9,22.8,SW,23.8,73.3,0,14.5,go
2025-02-13T18:00:00,Nest_Gamma,14.4,21.7,W,22.2,64.7,0,14.7,go
2025-02-13T19:00:00,Nest_Gamma,19.3,24.4,SE,20.5,51.1,0,13.4,go
2025-02-13T20:00:00,Nest_Gamma,11.8,16.2,SW,20.0,63.0,0,16.3,go
2025-02-13T21:00:00,Nest_Gamma,17.2,23.1,S,18.6,64.5,0,17.0,go
2025-02-13T22:00:00,Nest_Gamma,11.2,16.6,NW,18.2,48.4,0,16.3,go
2025-02-13T23:00:00,Nest_Gamma,8.9,17.1,N,17.5,59.7,0,16.7,go
2025-02-13T00:00:00,Nest_Delta,14.6,19.8,W,16.6,48.6,0,15.2,go
2025-02-13T01:00:00,Nest_Delta,12.9,20.2,N,17.0,60.3,0,16.6,go
2025-02-13T02:00:00,Nest_Delta,5.0,8.3,NE,16.8,59.2,0,15.4,go
2025-02-13T03:00:00,Nest_Delta,13.6,17.1,E,17.3,79.0,0,15.7,go
2025-02-13T04:00:00,Nest_Delta,10.4,13.6,NW,16.5,63.7,0,14.1,go
2025-02-13T05:00:00,Nest_Delta,8.4,18.2,S,19.2,38.6,0,15.9,go
2025-02-13T06:00:00,Nest_Delta,6.3,16.1,NE,20.5,60.0,0,15.6,go
2025-02-13T07:00:00,Nest_Delta,4.3,13.7,SE,21.6,54.5,0,14.6,go
2025-02-13T08:00:00,Nest_Delta,4.1,10.6,NW,21.7,55.4,0,15.3,go
2025-02-13T09:00:00,Nest_Delta,8.1,10.3,SE,23.1,61.2,0,15.8,go
2025-02-13T10:00:00,Nest_Delta,13.7,21.2,W,22.6,63.5,0,15.5,go
2025-02-13T11:00:00,Nest_Delta,10.9,18.0,S,23.8,45.2,0,17.0,go
2025-02-13T12:00:00,Nest_Delta,11.5,16.3,W,26.0,53.3,0,15.1,go
2025-02-13T13:00:00,Nest_Delta,13.0,15.1,W,24.2,48.9,0,15.7,go
2025-02-13T14:00:00,Nest_Delta,14.9,19.1,SE,25.2,71.0,0,13.5,go
2025-02-13T15:00:00,Nest_Delta,18.5,22.0,SW,24.3,63.5,0,13.0,go
2025-02-13T16:00:00,Nest_Delta,14.9,21.5,SW,23.0,69.3,0,13.1,go
2025-02-13T17:00:00,Nest_Delta,21.6,26.5,SW,24.0,55.6,0,14.1,go
2025-02-13T18:00:00,Nest_Delta,14.3,20.9,S,22.6,73.7,0,16.8,go
2025-02-13T19:00:00,Nest_Delta,14.5,19.7,NW,20.5,72.9,0,15.4,go
2025-02-13T20:00:00,Nest_Delta,14.9,22.7,W,21.2,60.1,0,15.2,go
2025-02-13T21:00:00,Nest_Delta,13.4,18.8,W,18.4,51.7,0,15.9,go
2025-02-13T22:00:00,Nest_Delta,9.2,12.8,S,18.5,44.4,0,15.2,go
2025-02-13T23:00:00,Nest_Delta,16.6,23.0,SW,17.4,58.1,0,14.9,go
2025-02-14T00:00:00,Nest_Alpha,14.2,21.6,SE,17.0,59.8,0,16.0,go
2025-02-14T01:00:00,Nest_Alpha,13.0,18.1,SW,17.4,70.6,0,15.1,go
2025-02-14T02:00:00,Nest_Alpha,4.5,11.5,E,16.9,39.4,0,15.7,go
2025-02-14T03:00:00,Nest_Alpha,8.1,10.3,NW,17.8,49.1,0,13.7,go
2025-02-14T04:00:00,Nest_Alpha,8.4,17.8,NE,18.6,48.3,0,16.1,go
2025-02-14T05:00:00,Nest_Alpha,11.0,18.1,SW,17.6,60.0,0,14.3,go
2025-02-14T06:00:00,Nest_Alpha,7.6,14.7,N,19.6,63.1,0,15.3,go
2025-02-14T07:00:00,Nest_Alpha,12.2,21.2,NW,20.9,54.6,0,16.5,go
2025-02-14T08:00:00,Nest_Alpha,9.6,14.9,S,22.6,58.8,0,14.1,go
2025-02-14T09:00:00,Nest_Alpha,12.2,21.7,W,22.1,64.0,0,14.1,go
2025-02-14T10:00:00,Nest_Alpha,9.0,14.3,S,24.2,62.4,0,15.4,go
2025-02-14T11:00:00,Nest_Alpha,14.8,23.7,NE,24.4,62.8,0,15.8,go
2025-02-14T12:00:00,Nest_Alpha,13.7,21.8,SW,25.0,53.9,0,15.8,go
2025-02-14T13:00:00,Nest_Alpha,16.9,22.3,NW,26.5,54.7,0,15.7,go
2025-02-14T14:00:00,Nest_Alpha,16.6,23.6,E,24.1,55.8,0,14.8,go
2025-02-14T15:00:00,Nest_Alpha,13.6,18.2,NW,26.1,58.8,0,14.5,go
2025-02-14T16:00:00,Nest_Alpha,20.1,22.6,N,23.0,58.5,0,16.6,go
2025-02-14T17:00:00,Nest_Alpha,21.5,28.6,E,22.5,72.5,0,14.6,go
2025-02-14T18:00:00,Nest_Alpha,19.5,23.3,S,22.0,69.6,0,15.7,go
2025-02-14T19:00:00,Nest_Alpha,17.2,23.4,SW,20.6,65.5,0,15.8,go
2025-02-14T20:00:00,Nest_Alpha,16.6,25.3,S,19.3,56.3,0,16.8,go
2025-02-14T21:00:00,Nest_Alpha,15.3,17.4,E,19.0,61.2,0,14.5,go
2025-02-14T22:00:00,Nest_Alpha,14.2,16.8,N,18.1,67.0,0,14.5,go
2025-02-14T23:00:00,Nest_Alpha,12.7,18.9,S,17.2,54.5,0,15.4,go
2025-02-14T00:00:00,Nest_Beta,8.8,13.3,S,16.9,69.0,0,15.3,go
2025-02-14T01:00:00,Nest_Beta,9.8,13.6,NW,16.6,52.0,0,14.6,go
2025-02-14T02:00:00,Nest_Beta,10.4,16.6,NE,16.6,53.8,0,14.3,go
2025-02-14T03:00:00,Nest_Beta,7.7,14.6,N,18.7,56.0,0,14.9,go
2025-02-14T04:00:00,Nest_Beta,4.9,11.7,E,18.7,49.5,0,14.1,go
2025-02-14T05:00:00,Nest_Beta,6.1,16.0,E,17.3,63.8,0,13.7,go
2025-02-14T06:00:00,Nest_Beta,8.7,14.8,E,20.4,60.3,0,14.1,go
2025-02-14T07:00:00,Nest_Beta,7.1,13.5,W,20.8,70.4,0,14.3,go
2025-02-14T08:00:00,Nest_Beta,9.1,15.3,S,21.2,62.5,0,15.5,go
2025-02-14T09:00:00,Nest_Beta,6.4,15.7,SE,23.1,70.1,0,15.7,go
2025-02-14T10:00:00,Nest_Beta,6.1,9.7,E,23.2,62.3,0,13.5,go
2025-02-14T11:00:00,Nest_Beta,14.8,18.1,N,24.8,68.8,0,14.4,go
2025-02-14T12:00:00,Nest_Beta,13.3,20.9,NE,25.7,51.0,0,13.8,go
2025-02-14T13:00:00,Nest_Beta,12.9,17.6,E,25.7,41.7,0,16.2,go
2025-02-14T14:00:00,Nest_Beta,12.3,19.0,S,25.4,56.1,0,15.2,go
2025-02-14T15:00:00,Nest_Beta,15.4,22.9,NE,23.3,52.1,0,14.0,go
2025-02-14T16:00:00,Nest_Beta,18.6,25.5,N,23.8,58.9,0,14.6,go
2025-02-14T17:00:00,Nest_Beta,13.1,19.0,NE,22.3,58.7,0,15.3,go
2025-02-14T18:00:00,Nest_Beta,15.7,18.8,NE,23.0,60.1,0,15.9,go
2025-02-14T19:00:00,Nest_Beta,15.0,19.8,SW,21.1,73.7,0,12.9,go
2025-02-14T20:00:00,Nest_Beta,16.1,23.5,SE,19.6,60.4,0,15.3,go
2025-02-14T21:00:00,Nest_Beta,14.0,23.6,SE,19.0,54.6,0,17.0,go
2025-02-14T22:00:00,Nest_Beta,13.9,20.5,W,17.5,70.0,0,14.6,go
2025-02-14T23:00:00,Nest_Beta,6.6,13.9,SW,17.7,53.1,0,14.6,go
2025-02-14T00:00:00,Nest_Gamma,10.8,17.6,SW,17.4,66.1,0,15.2,go
2025-02-14T01:00:00,Nest_Gamma,10.3,18.0,W,17.4,59.3,0,15.5,go
2025-02-14T02:00:00,Nest_Gamma,4.9,10.5,S,16.9,73.7,0,16.8,go
2025-02-14T03:00:00,Nest_Gamma,2.8,6.9,E,17.5,61.0,0,16.8,go
2025-02-14T04:00:00,Nest_Gamma,5.1,15.0,N,18.2,53.2,0,15.4,go
2025-02-14T05:00:00,Nest_Gamma,2,6.7,SW,18.8,66.0,0,16.0,go
2025-02-14T06:00:00,Nest_Gamma,2.5,11.0,SE,19.9,55.2,0,16.2,go
2025-02-14T07:00:00,Nest_Gamma,4.0,7.5,E,20.7,62.5,0,15.1,go
2025-02-14T08:00:00,Nest_Gamma,13.7,23.1,SE,21.9,52.7,0,15.8,go
2025-02-14T09:00:00,Nest_Gamma,9.3,13.3,NW,22.6,54.0,0,15.5,go
2025-02-14T10:00:00,Nest_Gamma,4.4,10.5,NE,24.0,80.0,0,16.0,go
2025-02-14T11:00:00,Nest_Gamma,7.9,14.2,S,24.3,42.8,0,15.9,go
2025-02-14T12:00:00,Nest_Gamma,10.2,17.1,NW,25.6,59.6,0,17.3,go
2025-02-14T13:00:00,Nest_Gamma,15.3,24.8,W,25.3,62.8,0,14.8,go
2025-02-14T14:00:00,Nest_Gamma,16.4,24.6,SE,25.1,54.4,0,17.3,go
2025-02-14T15:00:00,Nest_Gamma,11.0,20.4,N,26.1,61.9,0,15.7,go
2025-02-14T16:00:00,Nest_Gamma,16.3,23.7,NW,24.0,52.7,0,14.4,go
2025-02-14T17:00:00,Nest_Gamma,15.4,23.8,SW,24.4,52.2,0,13.4,go
2025-02-14T18:00:00,Nest_Gamma,9.9,12.0,NW,21.3,57.3,0,15.2,go
2025-02-14T19:00:00,Nest_Gamma,12.6,15.8,W,21.0,57.4,0,14.2,go
2025-02-14T20:00:00,Nest_Gamma,12.6,18.5,SW,20.0,43.0,0,15.2,go
2025-02-14T21:00:00,Nest_Gamma,9.0,18.0,NW,19.5,60.2,0,15.9,go
2025-02-14T22:00:00,Nest_Gamma,11.4,18.3,N,18.7,66.2,0,14.0,go
2025-02-14T23:00:00,Nest_Gamma,13.9,22.3,N,17.9,73.3,0,14.6,go
2025-02-14T00:00:00,Nest_Delta,13.6,16.3,W,17.3,49.7,0,15.7,go
2025-02-14T01:00:00,Nest_Delta,9.5,16.3,SW,17.4,57.8,0,12.9,go
2025-02-14T02:00:00,Nest_Delta,11.5,21.0,SW,17.4,58.6,0,15.0,go
2025-02-14T03:00:00,Nest_Delta,5.4,11.8,SW,15.9,64.7,0,14.4,go
2025-02-14T04:00:00,Nest_Delta,10.9,18.9,N,17.1,56.8,0,14.6,go
2025-02-14T05:00:00,Nest_Delta,6.3,9.7,E,20.6,56.3,0,14.9,go
2025-02-14T06:00:00,Nest_Delta,6.5,10.1,S,20.8,69.8,0,15.4,go
2025-02-14T07:00:00,Nest_Delta,12.1,18.6,N,22.1,63.6,0,16.0,go
2025-02-14T08:00:00,Nest_Delta,6.3,12.2,SE,21.7,46.4,0,15.9,go
2025-02-14T09:00:00,Nest_Delta,13.2,22.3,NE,23.8,53.3,0,14.7,go
2025-02-14T10:00:00,Nest_Delta,12.3,17.1,S,24.7,61.6,0,14.0,go
2025-02-14T11:00:00,Nest_Delta,8.6,18.3,SE,23.9,47.6,0,16.1,go
2025-02-14T12:00:00,Nest_Delta,14.7,22.8,N,23.9,29.2,0,16.1,go
2025-02-14T13:00:00,Nest_Delta,9.9,12.8,NE,23.9,36.9,0,14.1,go
2025-02-14T14:00:00,Nest_Delta,11.6,16.9,SE,25.3,53.7,0,15.3,go
2025-02-14T15:00:00,Nest_Delta,16.6,25.7,NW,24.5,71.9,0,14.3,go
2025-02-14T16:00:00,Nest_Delta,17.8,25.3,S,23.5,44.4,0,14.1,go
2025-02-14T17:00:00,Nest_Delta,23.4,30.5,SW,22.7,65.9,0,15.4,go
2025-02-14T18:00:00,Nest_Delta,19.6,29.1,NE,21.3,61.1,0,13.9,go
2025-02-14T19:00:00,Nest_Delta,16.4,26.2,N,21.1,60.4,0,15.8,go
2025-02-14T20:00:00,Nest_Delta,17.0,22.7,S,20.4,55.8,0,16.2,go
2025-02-14T21:00:00,Nest_Delta,14.3,16.6,SW,18.2,61.3,0,15.0,go
2025-02-14T22:00:00,Nest_Delta,11.3,15.6,SW,18.1,76.5,0,13.5,go
2025-02-14T23:00:00,Nest_Delta,12.6,17.0,SE,18.0,54.0,0,15.5,go
2025-02-15T00:00:00,Nest_Alpha,14.1,16.7,SW,18.1,49.6,0,15.0,go
2025-02-15T01:00:00,Nest_Alpha,12.0,21.6,NE,16.2,55.2,0,16.9,go
2025-02-15T02:00:00,Nest_Alpha,9.0,11.9,N,16.3,55.1,0,14.5,go
2025-02-15T03:00:00,Nest_Alpha,5.9,13.8,W,17.5,50.4,0,14.6,go
2025-02-15T04:00:00,Nest_Alpha,10.7,12.8,NW,18.2,54.2,0,16.3,go
2025-02-15T05:00:00,Nest_Alpha,9.3,15.0,W,18.9,57.6,0,16.2,go
2025-02-15T06:00:00,Nest_Alpha,8.2,15.1,NW,19.7,54.9,0,14.6,go
2025-02-15T07:00:00,Nest_Alpha,8.8,12.3,E,19.9,59.5,0,15.9,go
2025-02-15T08:00:00,Nest_Alpha,13.8,22.5,W,22.5,62.3,0,13.7,go
2025-02-15T09:00:00,Nest_Alpha,7.3,10.3,S,22.9,55.4,0,13.2,go
2025-02-15T10:00:00,Nest_Alpha,13.6,20.4,SW,24.6,58.1,0,15.0,go
2025-02-15T11:00:00,Nest_Alpha,9.0,14.3,SW,23.8,48.7,0,13.6,go
2025-02-15T12:00:00,Nest_Alpha,14.6,22.2,SW,24.0,59.5,0,14.3,go
2025-02-15T13:00:00,Nest_Alpha,13.5,18.4,SW,24.5,61.0,0,13.4,go
2025-02-15T14:00:00,Nest_Alpha,16.9,21.2,W,24.4,62.8,0,14.1,go
2025-02-15T15:00:00,Nest_Alpha,17.2,24.0,SW,25.5,61.0,0,15.9,go
2025-02-15T16:00:00,Nest_Alpha,22.2,25.3,W,23.6,55.2,0,16.3,go
2025-02-15T17:00:00,Nest_Alpha,16.3,19.7,NW,22.5,47.9,0,14.3,go
2025-02-15T18:00:00,Nest_Alpha,17.2,22.4,NE,22.5,54.6,0,15.0,go
2025-02-15T19:00:00,Nest_Alpha,13.9,17.6,W,20.3,84.0,0,13.6,go
2025-02-15T20:00:00,Nest_Alpha,14.2,18.7,NE,19.1,51.9,0,14.6,go
2025-02-15T21:00:00,Nest_Alpha,15.9,22.2,S,18.7,42.8,0,15.0,go
2025-02-15T22:00:00,Nest_Alpha,15.5,22.3,N,17.3,60.7,0,14.8,go
2025-02-15T23:00:00,Nest_Alpha,15.1,23.5,S,18.0,64.0,0,16.7,go
2025-02-15T00:00:00,Nest_Beta,9.2,13.4,E,16.3,67.6,0,13.9,go
2025-02-15T01:00:00,Nest_Beta,7.8,15.9,W,17.2,75.5,0,15.0,go
2025-02-15T02:00:00,Nest_Beta,7.7,10.4,NW,17.9,58.9,0,14.1,go
2025-02-15T03:00:00,Nest_Beta,5.1,9.0,SE,17.2,61.7,0,13.1,go
2025-02-15T04:00:00,Nest_Beta,10.4,18.7,S,18.1,59.6,0,15.4,go
2025-02-15T05:00:00,Nest_Beta,7.2,11.1,NW,20.1,52.3,0,14.4,go
2025-02-15T06:00:00,Nest_Beta,9.1,17.1,E,20.6,67.4,0,14.7,go
2025-02-15T07:00:00,Nest_Beta,9.8,15.8,S,21.5,46.3,0,14.5,go
2025-02-15T08:00:00,Nest_Beta,7.2,13.7,N,21.0,55.9,0,14.3,go
2025-02-15T09:00:00,Nest_Beta,9.7,17.9,SE,23.8,54.9,0,15.0,go
2025-02-15T10:00:00,Nest_Beta,9.7,19.1,SE,24.3,68.0,0,13.0,go
2025-02-15T11:00:00,Nest_Beta,12.9,18.9,NW,24.3,64.3,0,16.5,go
2025-02-15T12:00:00,Nest_Beta,13.3,22.5,SW,24.7,74.5,0,14.5,go
2025-02-15T13:00:00,Nest_Beta,13.8,19.8,SE,25.4,48.5,0,14.3,go
2025-02-15T14:00:00,Nest_Beta,9.3,14.9,S,25.7,68.0,0,14.5,go
2025-02-15T15:00:00,Nest_Beta,20.0,26.6,N,23.5,64.1,0,15.0,go
2025-02-15T16:00:00,Nest_Beta,16.4,20.1,S,24.9,64.9,0,14.9,go
2025-02-15T17:00:00,Nest_Beta,15.1,20.0,W,23.3,62.3,0,15.3,go
2025-02-15T18:00:00,Nest_Beta,19.5,28.2,S,21.6,73.4,0,15.2,go
2025-02-15T19:00:00,Nest_Beta,17.2,24.1,N,21.0,55.8,0,14.8,go
2025-02-15T20:00:00,Nest_Beta,17.9,21.5,SW,19.6,61.4,0,14.5,go
2025-02-15T21:00:00,Nest_Beta,6.8,16.5,NE,18.2,65.1,0,13.1,go
2025-02-15T22:00:00,Nest_Beta,8.9,15.9,W,17.6,65.7,0,13.7,go
2025-02-15T23:00:00,Nest_Beta,7.3,15.0,SW,18.3,40.7,0,15.1,go
2025-02-15T00:00:00,Nest_Gamma,8.4,12.0,W,18.1,60.0,0,15.4,go
2025-02-15T01:00:00,Nest_Gamma,6.9,10.2,N,16.6,52.7,0,15.9,go
2025-02-15T02:00:00,Nest_Gamma,4.9,12.2,W,17.8,49.5,0,15.3,go
2025-02-15T03:00:00,Nest_Gamma,6.2,11.9,E,18.0,71.4,0,15.4,go
2025-02-15T04:00:00,Nest_Gamma,5.3,9.2,NW,18.6,39.7,0,14.7,go
2025-02-15T05:00:00,Nest_Gamma,8.1,11.2,SE,19.1,49.6,0,13.5,go
2025-02-15T06:00:00,Nest_Gamma,3.4,5.7,NW,20.7,37.1,0,14.8,go
2025-02-15T07:00:00,Nest_Gamma,5.7,8.8,S,20.4,49.5,0,15.1,go
2025-02-15T08:00:00,Nest_Gamma,4.5,12.7,E,21.0,64.2,0,16.4,go
2025-02-15T09:00:00,Nest_Gamma,8.3,12.5,NE,23.2,59.3,0,15.2,go
2025-02-15T10:00:00,Nest_Gamma,6.7,15.0,N,23.7,51.8,0,15.6,go
2025-02-15T11:00:00,Nest_Gamma,6.9,11.7,NW,23.9,77.6,0,16.9,go
2025-02-15T12:00:00,Nest_Gamma,9.4,15.5,NE,24.6,75.7,0,15.4,go
2025-02-15T13:00:00,Nest_Gamma,13.2,22.6,SW,25.0,52.0,0,14.4,go
2025-02-15T14:00:00,Nest_Gamma,15.6,23.2,N,25.0,77.7,0,15.1,go
2025-02-15T15:00:00,Nest_Gamma,12.5,18.3,N,25.0,58.4,0,14.8,go
2025-02-15T16:00:00,Nest_Gamma,17.8,20.4,E,24.2,63.1,0,15.0,go
2025-02-15T17:00:00,Nest_Gamma,13.9,17.8,NE,22.1,54.7,0,14.1,go
2025-02-15T18:00:00,Nest_Gamma,17.2,24.4,N,22.2,51.8,0,15.7,go
2025-02-15T19:00:00,Nest_Gamma,12.9,19.7,S,20.1,61.7,0,16.2,go
2025-02-15T20:00:00,Nest_Gamma,12.1,16.9,N,18.7,67.3,0,13.4,go
2025-02-15T21:00:00,Nest_Gamma,13.8,22.2,NW,19.5,52.5,0,14.4,go
2025-02-15T22:00:00,Nest_Gamma,8.8,15.1,SW,16.2,64.2,0,16.3,go
2025-02-15T23:00:00,Nest_Gamma,7.6,16.5,NW,18.3,67.7,0,14.6,go
2025-02-15T00:00:00,Nest_Delta,13.0,15.6,N,17.6,73.0,0,15.8,go
2025-02-15T01:00:00,Nest_Delta,7.2,10.8,S,16.3,61.4,0,14.8,go
2025-02-15T02:00:00,Nest_Delta,6.8,10.6,SW,17.1,49.7,0,15.6,go
2025-02-15T03:00:00,Nest_Delta,9.5,15.8,SW,17.9,66.1,0,15.5,go
2025-02-15T04:00:00,Nest_Delta,9.3,15.0,NW,18.1,67.1,0,15.9,go
2025-02-15T05:00:00,Nest_Delta,8.2,16.2,E,17.9,41.3,0,13.9,go
2025-02-15T06:00:00,Nest_Delta,3.8,6.5,S,19.5,48.4,0,17.0,go
2025-02-15T07:00:00,Nest_Delta,7.8,10.5,S,20.2,61.1,0,13.5,go
2025-02-15T08:00:00,Nest_Delta,7.7,10.2,S,20.7,54.8,0,16.5,go
2025-02-15T09:00:00,Nest_Delta,12.1,15.3,SE,23.4,71.8,0,15.2,go
2025-02-15T10:00:00,Nest_Delta,9.4,14.2,NE,24.4,64.1,0,14.4,go
2025-02-15T11:00:00,Nest_Delta,16.8,23.7,E,23.1,59.8,0,16.0,go
2025-02-15T12:00:00,Nest_Delta,16.3,25.1,SW,25.4,51.0,0,15.4,go
2025-02-15T13:00:00,Nest_Delta,14.9,20.4,S,25.0,62.1,0,15.2,go
2025-02-15T14:00:00,Nest_Delta,15.1,21.5,SW,24.5,39.8,0,14.7,go
2025-02-15T15:00:00,Nest_Delta,15.2,22.8,NE,24.0,59.7,0,16.6,go
2025-02-15T16:00:00,Nest_Delta,17.7,22.0,NW,24.0,47.2,0,16.4,go
2025-02-15T17:00:00,Nest_Delta,14.7,24.5,N,23.3,57.2,0,16.9,go
2025-02-15T18:00:00,Nest_Delta,16.4,20.2,NW,22.2,50.2,0,13.6,go
2025-02-15T19:00:00,Nest_Delta,16.6,21.7,W,21.0,74.5,0,15.2,go
2025-02-15T20:00:00,Nest_Delta,12.0,15.2,W,20.5,67.3,0,14.7,go
2025-02-15T21:00:00,Nest_Delta,10.4,16.8,NE,19.0,46.3,0,13.2,go
2025-02-15T22:00:00,Nest_Delta,15.1,22.3,SW,18.9,50.4,0,13.6,go
2025-02-15T23:00:00,Nest_Delta,12.3,17.6,N,17.4,55.3,0,14.3,go
2025-02-16T00:00:00,Nest_Alpha,10.4,17.9,N,18.4,38.9,0,14.6,go
2025-02-16T01:00:00,Nest_Alpha,10.4,19.7,NE,17.3,68.0,0,14.9,go
2025-02-16T02:00:00,Nest_Alpha,13.6,16.5,SE,17.3,53.1,0,14.1,go
2025-02-16T03:00:00,Nest_Alpha,9.0,14.0,SW,17.3,53.8,0,15.7,go
2025-02-16T04:00:00,Nest_Alpha,6.9,11.0,NW,17.7,60.9,0,14.6,go
2025-02-16T05:00:00,Nest_Alpha,11.1,19.2,NE,19.1,49.4,0,14.3,go
2025-02-16T06:00:00,Nest_Alpha,9.6,14.8,NE,19.8,55.5,0,15.2,go
2025-02-16T07:00:00,Nest_Alpha,4.1,7.7,SE,22.3,73.3,0,14.8,go
2025-02-16T08:00:00,Nest_Alpha,13.7,21.7,NE,22.4,64.5,0,15.7,go
2025-02-16T09:00:00,Nest_Alpha,12.1,16.6,SW,23.3,53.9,0,15.4,go
2025-02-16T10:00:00,Nest_Alpha,10.9,17.3,NE,23.7,68.1,0,14.9,go
2025-02-16T11:00:00,Nest_Alpha,16.5,22.7,NE,24.4,55.1,0,16.6,go
2025-02-16T12:00:00,Nest_Alpha,14.4,20.1,NW,23.8,56.9,0,15.1,go
2025-02-16T13:00:00,Nest_Alpha,17.4,20.8,SW,24.7,63.9,0,14.4,go
2025-02-16T14:00:00,Nest_Alpha,12.8,22.7,N,26.3,51.6,0,13.8,go
2025-02-16T15:00:00,Nest_Alpha,16.7,19.7,SW,23.8,74.2,0,16.4,go
2025-02-16T16:00:00,Nest_Alpha,22.1,25.3,NW,23.4,60.4,0,14.8,go
2025-02-16T17:00:00,Nest_Alpha,17.3,24.2,S,22.9,44.8,0,13.3,go
2025-02-16T18:00:00,Nest_Alpha,17.5,26.8,NE,21.9,61.8,0,15.4,go
2025-02-16T19:00:00,Nest_Alpha,14.5,21.7,N,20.8,73.4,0,15.4,go
2025-02-16T20:00:00,Nest_Alpha,15.5,22.3,S,19.9,56.5,0,15.6,go
2025-02-16T21:00:00,Nest_Alpha,12.4,19.5,SE,18.2,56.9,0,14.2,go
2025-02-16T22:00:00,Nest_Alpha,13.6,22.3,SW,18.2,55.1,0,15.1,go
2025-02-16T23:00:00,Nest_Alpha,11.5,19.2,SW,17.2,61.5,0,13.6,go
2025-02-16T00:00:00,Nest_Beta,13.1,22.9,SW,16.8,49.0,0,15.5,go
2025-02-16T01:00:00,Nest_Beta,12.6,20.4,SE,17.4,65.1,0,14.0,go
2025-02-16T02:00:00,Nest_Beta,11.5,14.8,NE,18.3,51.9,0,16.1,go
2025-02-16T03:00:00,Nest_Beta,7.1,11.9,S,17.0,43.1,0,15.3,go
2025-02-16T04:00:00,Nest_Beta,3.0,8.7,E,19.1,66.4,0,16.1,go
2025-02-16T05:00:00,Nest_Beta,5.9,13.1,W,19.0,53.7,0,14.9,go
2025-02-16T06:00:00,Nest_Beta,6.9,11.9,NE,18.9,59.8,0,16.0,go
2025-02-16T07:00:00,Nest_Beta,7.9,10.4,NW,23.1,64.9,0,13.8,go
2025-02-16T08:00:00,Nest_Beta,5.6,15.3,S,22.2,59.2,0,14.5,go
2025-02-16T09:00:00,Nest_Beta,5.0,11.9,N,23.8,69.2,0,15.6,go
2025-02-16T10:00:00,Nest_Beta,9.5,18.7,E,23.6,50.0,0,13.9,go
2025-02-16T11:00:00,Nest_Beta,8.6,12.1,NW,24.1,65.5,0,14.7,go
2025-02-16T12:00:00,Nest_Beta,10.3,16.8,NE,25.0,58.6,0,13.8,go
2025-02-16T13:00:00,Nest_Beta,11.9,18.9,NW,25.0,52.9,0,14.2,go
2025-02-16T14:00:00,Nest_Beta,11.3,19.6,S,26.1,67.3,0,14.5,go
2025-02-16T15:00:00,Nest_Beta,15.3,24.3,SE,23.9,66.2,0,14.2,go
2025-02-16T16:00:00,Nest_Beta,15.1,23.5,E,24.2,77.6,0,16.1,go
2025-02-16T17:00:00,Nest_Beta,14.7,20.3,SE,25.0,62.8,0,14.2,go
2025-02-16T18:00:00,Nest_Beta,18.9,26.7,N,21.9,74.1,0,14.4,go
2025-02-16T19:00:00,Nest_Beta,16.9,25.2,N,20.1,71.6,0,15.5,go
2025-02-16T20:00:00,Nest_Beta,13.5,23.3,S,20.1,51.1,0,15.8,go
2025-02-16T21:00:00,Nest_Beta,9.1,11.7,S,19.3,69.9,0,16.1,go
2025-02-16T22:00:00,Nest_Beta,15.0,18.5,E,18.9,50.4,0,15.0,go
2025-02-16T23:00:00,Nest_Beta,13.6,17.0,SE,17.8,70.3,0,13.5,go
2025-02-16T00:00:00,Nest_Gamma,9.0,15.5,SE,17.4,63.8,0,15.4,go
2025-02-16T01:00:00,Nest_Gamma,2.5,9.8,N,16.9,64.4,0,15.5,go
2025-02-16T02:00:00,Nest_Gamma,5.6,15.0,E,17.8,74.9,0,14.6,go
2025-02-16T03:00:00,Nest_Gamma,7.8,17.1,NE,18.2,41.8,0,15.5,go
2025-02-16T04:00:00,Nest_Gamma,3.4,11.8,W,19.4,53.9,0,14.9,go
2025-02-16T05:00:00,Nest_Gamma,6.4,13.2,NE,19.4,46.7,0,5.8,caution
2025-02-16T06:00:00,Nest_Gamma,6.8,14.0,NE,20.5,52.6,0,5.2,caution
2025-02-16T07:00:00,Nest_Gamma,4.8,7.7,S,19.4,69.1,0,6.6,caution
2025-02-16T08:00:00,Nest_Gamma,5.2,13.8,NW,21.8,69.4,0,5.9,caution
2025-02-16T09:00:00,Nest_Gamma,8.9,11.4,W,23.0,48.9,0,15.1,go
2025-02-16T10:00:00,Nest_Gamma,9.9,17.8,E,23.0,50.6,0,14.2,go
2025-02-16T11:00:00,Nest_Gamma,6.7,11.6,NE,26.3,69.2,0,16.3,go
2025-02-16T12:00:00,Nest_Gamma,10.7,13.9,S,24.6,67.2,0,14.9,go
2025-02-16T13:00:00,Nest_Gamma,11.5,17.2,N,24.4,66.9,0,15.5,go
2025-02-16T14:00:00,Nest_Gamma,13.2,18.9,N,24.5,50.9,0,14.5,go
2025-02-16T15:00:00,Nest_Gamma,14.5,17.0,E,24.6,42.9,0,15.9,go
2025-02-16T16:00:00,Nest_Gamma,11.6,16.8,SW,24.2,67.2,0,16.8,go
2025-02-16T17:00:00,Nest_Gamma,15.4,21.8,SE,23.6,54.4,0,13.0,go
2025-02-16T18:00:00,Nest_Gamma,16.2,23.1,W,22.5,62.6,0,14.9,go
2025-02-16T19:00:00,Nest_Gamma,14.9,18.7,N,22.0,50.8,0,15.4,go
2025-02-16T20:00:00,Nest_Gamma,15.5,19.0,S,18.5,71.1,0,15.4,go
2025-02-16T21:00:00,Nest_Gamma,10.7,18.9,N,19.1,69.5,0,15.7,go
2025-02-16T22:00:00,Nest_Gamma,13.9,23.6,NE,19.9,46.7,0,12.7,go
2025-02-16T23:00:00,Nest_Gamma,8.9,15.9,E,16.8,49.5,0,15.1,go
2025-02-16T00:00:00,Nest_Delta,12.8,15.6,SW,18.4,54.3,0,14.0,go
2025-02-16T01:00:00,Nest_Delta,9.6,16.9,NE,16.6,82.5,0,15.1,go
2025-02-16T02:00:00,Nest_Delta,6.4,12.9,E,16.0,55.7,0,15.1,go
2025-02-16T03:00:00,Nest_Delta,6.1,9.9,E,17.8,63.1,0,14.7,go
2025-02-16T04:00:00,Nest_Delta,11.9,19.9,SE,17.5,52.5,0,15.2,go
2025-02-16T05:00:00,Nest_Delta,6.7,12.7,N,18.0,74.1,0,13.8,go
2025-02-16T06:00:00,Nest_Delta,2.8,7.6,S,20.9,53.2,0,14.4,go
2025-02-16T07:00:00,Nest_Delta,5.8,14.9,N,20.6,67.6,0,17.3,go
2025-02-16T08:00:00,Nest_Delta,8.9,12.5,NE,21.9,67.5,0,14.5,go
2025-02-16T09:00:00,Nest_Delta,12.0,19.1,SE,22.6,41.2,0,15.6,go
2025-02-16T10:00:00,Nest_Delta,12.9,21.4,N,24.4,54.8,0,15.5,go
2025-02-16T11:00:00,Nest_Delta,11.8,19.4,SW,24.1,43.4,0,14.7,go
2025-02-16T12:00:00,Nest_Delta,13.3,15.4,NW,24.5,34.9,0,14.5,go
2025-02-16T13:00:00,Nest_Delta,14.9,22.8,W,25.8,57.3,0,16.5,go
2025-02-16T14:00:00,Nest_Delta,15.6,25.4,SW,25.2,68.3,0,13.4,go
2025-02-16T15:00:00,Nest_Delta,14.9,16.9,S,24.5,54.5,0,13.3,go
2025-02-16T16:00:00,Nest_Delta,23.2,32.9,NE,23.0,55.8,0,15.2,go
2025-02-16T17:00:00,Nest_Delta,14.7,21.4,SE,21.3,67.7,0,13.6,go
2025-02-16T18:00:00,Nest_Delta,14.6,23.2,S,21.4,67.1,0,13.7,go
2025-02-16T19:00:00,Nest_Delta,14.3,18.6,N,20.8,47.4,0,15.5,go
2025-02-16T20:00:00,Nest_Delta,16.3,18.3,NW,20.1,58.2,0,14.3,go
2025-02-16T21:00:00,Nest_Delta,10.9,14.6,SW,19.7,42.5,0,16.0,go
2025-02-16T22:00:00,Nest_Delta,15.0,23.0,W,18.1,47.7,0,13.5,go
2025-02-16T23:00:00,Nest_Delta,12.4,15.1,SE,17.1,55.6,0,14.6,go
2025-02-17T00:00:00,Nest_Alpha,9.6,13.5,S,18.9,60.4,0,15.6,go
2025-02-17T01:00:00,Nest_Alpha,8.4,12.7,S,16.9,67.8,0,15.1,go
2025-02-17T02:00:00,Nest_Alpha,4.7,14.4,S,15.8,73.9,0,14.4,go
2025-02-17T03:00:00,Nest_Alpha,7.6,16.7,E,17.1,58.0,0,15.3,go
2025-02-17T04:00:00,Nest_Alpha,7.9,12.2,NE,17.5,73.1,0,13.4,go
2025-02-17T05:00:00,Nest_Alpha,8.6,15.6,N,18.2,68.9,0,13.5,go
2025-02-17T06:00:00,Nest_Alpha,10.2,19.3,SE,19.7,58.4,0,15.3,go
2025-02-17T07:00:00,Nest_Alpha,9.7,16.9,N,21.3,63.4,0,14.0,go
2025-02-17T08:00:00,Nest_Alpha,9.8,15.5,N,21.7,58.8,0,14.4,go
2025-02-17T09:00:00,Nest_Alpha,11.3,13.7,W,24.6,51.8,0,14.2,go
2025-02-17T10:00:00,Nest_Alpha,11.2,21.1,NW,23.8,61.9,0,16.2,go
2025-02-17T11:00:00,Nest_Alpha,12.8,22.2,E,24.9,60.7,0,15.3,go
2025-02-17T12:00:00,Nest_Alpha,16.6,24.0,SE,24.8,56.6,0,16.0,go
2025-02-17T13:00:00,Nest_Alpha,13.9,20.3,E,24.6,66.0,0,14.5,go
2025-02-17T14:00:00,Nest_Alpha,17.3,24.3,N,23.2,54.5,0,16.5,go
2025-02-17T15:00:00,Nest_Alpha,22.7,31.8,N,23.6,69.7,0,16.4,go
2025-02-17T16:00:00,Nest_Alpha,16.1,20.3,E,24.2,51.6,0,15.5,go
2025-02-17T17:00:00,Nest_Alpha,19.7,23.7,SE,23.4,43.1,0,14.0,go
2025-02-17T18:00:00,Nest_Alpha,19.1,22.4,SE,22.4,46.4,0,15.3,go
2025-02-17T19:00:00,Nest_Alpha,20.0,24.7,NW,20.9,58.1,0,16.3,go
2025-02-17T20:00:00,Nest_Alpha,15.8,18.2,NE,20.7,42.8,0,16.9,go
2025-02-17T21:00:00,Nest_Alpha,13.9,22.5,NW,18.7,66.7,0,14.2,go
2025-02-17T22:00:00,Nest_Alpha,22.2,30.7,SE,18.3,59.0,0,15.5,go
2025-02-17T23:00:00,Nest_Alpha,12.7,19.9,SW,17.0,63.2,0,15.0,go
2025-02-17T00:00:00,Nest_Beta,11.8,17.1,N,16.9,72.5,0,13.6,go
2025-02-17T01:00:00,Nest_Beta,11.5,16.1,E,16.3,55.6,0,13.0,go
2025-02-17T02:00:00,Nest_Beta,6.8,15.5,NE,17.3,59.5,0,15.1,go
2025-02-17T03:00:00,Nest_Beta,6.8,11.6,N,17.3,78.5,0,16.4,go
2025-02-17T04:00:00,Nest_Beta,7.3,10.2,W,18.2,53.7,0,14.6,go
2025-02-17T05:00:00,Nest_Beta,8.4,11.4,N,20.0,65.5,0,17.4,go
2025-02-17T06:00:00,Nest_Beta,3.1,12.9,SE,20.1,61.7,0,15.1,go
2025-02-17T07:00:00,Nest_Beta,6.7,15.7,NE,20.6,73.4,0,13.9,go
2025-02-17T08:00:00,Nest_Beta,7.7,9.8,NW,21.2,60.0,0,15.0,go
2025-02-17T09:00:00,Nest_Beta,9.2,15.7,NE,23.2,59.4,0,14.9,go
2025-02-17T10:00:00,Nest_Beta,4.7,13.0,S,24.6,57.0,0,15.6,go
2025-02-17T11:00:00,Nest_Beta,14.6,18.7,SW,24.8,60.4,0,12.1,go
2025-02-17T12:00:00,Nest_Beta,9.4,18.1,E,24.9,49.5,0,13.4,go
2025-02-17T13:00:00,Nest_Beta,12.1,16.2,SW,24.8,42.6,0,15.3,go
2025-02-17T14:00:00,Nest_Beta,19.8,28.3,NW,25.6,65.3,0,13.3,go
2025-02-17T15:00:00,Nest_Beta,11.6,16.2,E,25.2,69.9,0,16.5,go
2025-02-17T16:00:00,Nest_Beta,18.9,26.2,SE,23.7,59.0,0,14.0,go
2025-02-17T17:00:00,Nest_Beta,14.3,22.9,W,23.3,56.0,0,14.2,go
2025-02-17T18:00:00,Nest_Beta,17.0,20.8,S,22.3,57.7,0,15.7,go
2025-02-17T19:00:00,Nest_Beta,16.9,20.4,E,21.4,51.4,0,15.7,go
2025-02-17T20:00:00,Nest_Beta,13.3,15.9,S,20.0,71.9,0,15.6,go
2025-02-17T21:00:00,Nest_Beta,15.2,23.6,N,18.9,54.6,0,14.7,go
2025-02-17T22:00:00,Nest_Beta,13.6,19.4,E,17.8,70.3,0,14.8,go
2025-02-17T23:00:00,Nest_Beta,13.2,20.6,N,17.8,69.4,0,16.1,go
2025-02-17T00:00:00,Nest_Gamma,9.9,18.5,NW,18.4,41.6,0,14.7,go
2025-02-17T01:00:00,Nest_Gamma,13.4,21.0,SE,16.6,53.0,0,14.6,go
2025-02-17T02:00:00,Nest_Gamma,6.8,13.7,SW,16.0,55.0,0,14.0,go
2025-02-17T03:00:00,Nest_Gamma,4.9,12.2,E,18.3,60.3,0,14.0,go
2025-02-17T04:00:00,Nest_Gamma,8.2,17.0,NW,18.8,63.0,0,16.0,go
2025-02-17T05:00:00,Nest_Gamma,7.2,10.9,NE,18.0,59.8,0,15.2,go
2025-02-17T06:00:00,Nest_Gamma,11.2,21.1,SE,19.5,54.1,0,14.5,go
2025-02-17T07:00:00,Nest_Gamma,5.3,12.5,S,20.8,47.8,0,16.8,go
2025-02-17T08:00:00,Nest_Gamma,5.3,12.9,E,21.3,43.5,0,16.3,go
2025-02-17T09:00:00,Nest_Gamma,7.3,14.7,N,23.7,53.6,0,16.3,go
2025-02-17T10:00:00,Nest_Gamma,8.3,13.5,NW,23.1,72.6,0,15.4,go
2025-02-17T11:00:00,Nest_Gamma,11.6,14.8,NE,25.4,63.1,0,13.6,go
2025-02-17T12:00:00,Nest_Gamma,9.1,17.8,NW,26.0,61.2,0,14.8,go
2025-02-17T13:00:00,Nest_Gamma,11.5,15.6,N,24.8,52.2,0,13.7,go
2025-02-17T14:00:00,Nest_Gamma,11.6,16.4,SW,24.0,64.8,0,13.9,go
2025-02-17T15:00:00,Nest_Gamma,17.4,21.6,N,24.4,69.3,0,15.6,go
2025-02-17T16:00:00,Nest_Gamma,16.8,23.1,NE,24.2,64.3,0,13.7,go
2025-02-17T17:00:00,Nest_Gamma,14.6,17.6,SE,24.1,52.4,0,14.5,go
2025-02-17T18:00:00,Nest_Gamma,16.0,21.5,W,22.3,34.5,0,15.7,go
2025-02-17T19:00:00,Nest_Gamma,17.5,20.9,NE,22.2,63.2,0,14.9,go
2025-02-17T20:00:00,Nest_Gamma,12.2,17.2,E,19.5,67.7,0,15.8,go
2025-02-17T21:00:00,Nest_Gamma,11.6,17.6,S,18.0,61.7,0,14.5,go
2025-02-17T22:00:00,Nest_Gamma,16.2,24.4,SE,19.0,32.9,0,16.6,go
2025-02-17T23:00:00,Nest_Gamma,9.9,17.4,SE,17.3,60.0,0,15.4,go
2025-02-17T00:00:00,Nest_Delta,8.3,13.4,W,17.0,57.3,0,14.8,go
2025-02-17T01:00:00,Nest_Delta,11.1,19.5,SW,17.1,70.0,0,15.7,go
2025-02-17T02:00:00,Nest_Delta,10.9,17.4,SW,16.6,38.2,0,13.8,go
2025-02-17T03:00:00,Nest_Delta,10.2,14.0,S,18.5,58.1,0,14.9,go
2025-02-17T04:00:00,Nest_Delta,10.9,12.9,S,17.6,55.7,0,13.2,go
2025-02-17T05:00:00,Nest_Delta,8.2,11.5,SW,18.2,66.1,0,16.5,go
2025-02-17T06:00:00,Nest_Delta,7.5,13.1,E,19.5,43.1,0,14.0,go
2025-02-17T07:00:00,Nest_Delta,8.0,11.5,NW,22.1,53.0,0,15.8,go
2025-02-17T08:00:00,Nest_Delta,8.3,16.5,NE,21.6,64.2,0,14.0,go
2025-02-17T09:00:00,Nest_Delta,10.6,18.2,SE,22.5,64.3,0,13.7,go
2025-02-17T10:00:00,Nest_Delta,9.4,18.9,N,22.8,60.7,0,14.9,go
2025-02-17T11:00:00,Nest_Delta,14.6,24.5,SW,23.3,62.3,0,15.6,go
2025-02-17T12:00:00,Nest_Delta,9.4,13.2,NW,24.2,67.6,0,11.4,go
2025-02-17T13:00:00,Nest_Delta,13.9,20.9,E,24.4,60.8,0,15.6,go
2025-02-17T14:00:00,Nest_Delta,16.0,20.2,NW,24.2,66.6,0,14.6,go
2025-02-17T15:00:00,Nest_Delta,18.5,22.0,SE,25.4,53.5,0,16.3,go
2025-02-17T16:00:00,Nest_Delta,14.4,16.7,W,23.9,59.7,0,14.5,go
2025-02-17T17:00:00,Nest_Delta,18.6,21.3,NE,23.9,61.9,0,15.8,go
2025-02-17T18:00:00,Nest_Delta,14.6,18.5,E,22.1,51.3,0,14.6,go
2025-02-17T19:00:00,Nest_Delta,15.7,18.9,S,21.1,71.9,0,14.4,go
2025-02-17T20:00:00,Nest_Delta,17.0,21.2,SW,20.0,57.4,0,14.9,go
2025-02-17T21:00:00,Nest_Delta,15.3,21.8,W,18.4,49.7,0,13.8,go
2025-02-17T22:00:00,Nest_Delta,9.3,15.0,SW,17.7,74.9,0,14.5,go
2025-02-17T23:00:00,Nest_Delta,12.0,17.1,NE,17.8,51.2,0,13.9,go
2025-02-18T00:00:00,Nest_Alpha,11.0,20.4,W,16.9,64.5,0,16.6,go
2025-02-18T01:00:00,Nest_Alpha,9.0,14.3,S,16.9,63.7,0,14.8,go
2025-02-18T02:00:00,Nest_Alpha,12.5,19.9,E,17.4,55.7,0,15.0,go
2025-02-18T03:00:00,Nest_Alpha,5.0,7.3,SE,17.2,51.5,0,14.1,go
2025-02-18T04:00:00,Nest_Alpha,10.3,17.3,N,17.4,53.5,0,15.4,go
2025-02-18T05:00:00,Nest_Alpha,7.4,10.3,E,17.2,56.8,0,14.5,go
2025-02-18T06:00:00,Nest_Alpha,5.2,11.2,NE,21.0,68.6,0,13.3,go
2025-02-18T07:00:00,Nest_Alpha,6.2,9.1,NW,20.9,62.4,0,14.9,go
2025-02-18T08:00:00,Nest_Alpha,10.4,13.5,SE,22.2,57.0,0,15.0,go
2025-02-18T09:00:00,Nest_Alpha,10.7,14.3,SE,23.0,56.8,0,14.8,go
2025-02-18T10:00:00,Nest_Alpha,14.2,16.4,NE,22.6,62.5,0,15.4,go
2025-02-18T11:00:00,Nest_Alpha,13.4,16.3,N,24.5,64.4,0,14.6,go
2025-02-18T12:00:00,Nest_Alpha,14.2,22.1,E,25.5,49.3,0,14.5,go
2025-02-18T13:00:00,Nest_Alpha,16.2,19.4,W,25.5,72.9,0,15.4,go
2025-02-18T14:00:00,Nest_Alpha,18.3,25.0,E,25.6,51.6,0,15.3,go
2025-02-18T15:00:00,Nest_Alpha,13.6,17.3,NE,24.0,47.3,0,16.3,go
2025-02-18T16:00:00,Nest_Alpha,20.3,30.2,S,23.1,50.9,0,14.0,go
2025-02-18T17:00:00,Nest_Alpha,18.4,23.0,N,23.5,69.3,0,15.0,go
2025-02-18T18:00:00,Nest_Alpha,18.5,20.8,N,22.5,45.3,0,15.2,go
2025-02-18T19:00:00,Nest_Alpha,19.5,29.5,NW,19.8,64.5,0,15.7,go
2025-02-18T20:00:00,Nest_Alpha,12.7,21.3,W,20.6,47.9,0,14.1,go
2025-02-18T21:00:00,Nest_Alpha,13.1,17.8,SE,18.4,61.5,0,15.8,go
2025-02-18T22:00:00,Nest_Alpha,18.1,20.2,N,18.8,50.8,0,14.4,go
2025-02-18T23:00:00,Nest_Alpha,16.1,25.7,N,14.9,59.8,0,15.2,go
2025-02-18T00:00:00,Nest_Beta,10.4,16.6,SE,17.6,54.5,0,15.3,go
2025-02-18T01:00:00,Nest_Beta,9.4,12.2,NE,17.0,53.3,0,15.9,go
2025-02-18T02:00:00,Nest_Beta,10.0,13.9,N,17.2,42.1,0,16.3,go
2025-02-18T03:00:00,Nest_Beta,9.5,19.4,NW,17.9,63.3,0,14.8,go
2025-02-18T04:00:00,Nest_Beta,4.8,8.6,S,17.6,49.9,0,14.7,go
2025-02-18T05:00:00,Nest_Beta,5.9,10.7,NW,19.6,55.4,0,15.3,go
2025-02-18T06:00:00,Nest_Beta,7.6,12.7,E,20.5,42.3,0,15.1,go
2025-02-18T07:00:00,Nest_Beta,5.2,14.5,SE,20.4,52.1,0,13.8,go
2025-02-18T08:00:00,Nest_Beta,5.7,15.5,NE,21.1,61.5,0,14.7,go
2025-02-18T09:00:00,Nest_Beta,8.8,16.1,S,22.8,56.9,0,14.7,go
2025-02-18T10:00:00,Nest_Beta,11.4,20.6,S,22.8,67.5,0,16.2,go
2025-02-18T11:00:00,Nest_Beta,11.3,13.8,W,25.0,55.9,0,15.2,go
2025-02-18T12:00:00,Nest_Beta,11.6,19.2,NW,25.4,64.6,0,13.4,go
2025-02-18T13:00:00,Nest_Beta,16.2,21.4,N,25.5,56.4,0,16.0,go
2025-02-18T14:00:00,Nest_Beta,16.7,22.1,NE,24.1,59.2,0,16.1,go
2025-02-18T15:00:00,Nest_Beta,16.4,24.5,SW,23.9,54.5,0,16.4,go
2025-02-18T16:00:00,Nest_Beta,14.2,23.6,N,24.1,60.2,0,16.2,go
2025-02-18T17:00:00,Nest_Beta,15.1,24.9,NE,23.5,58.8,0,15.6,go
2025-02-18T18:00:00,Nest_Beta,15.5,24.0,NW,21.1,54.2,0,16.6,go
2025-02-18T19:00:00,Nest_Beta,15.8,25.1,W,19.6,58.2,0,15.4,go
2025-02-18T20:00:00,Nest_Beta,17.1,21.9,N,20.1,60.8,0,14.9,go
2025-02-18T21:00:00,Nest_Beta,12.1,21.4,NW,18.6,65.7,0,15.0,go
2025-02-18T22:00:00,Nest_Beta,12.4,17.7,NE,17.3,58.5,0,14.4,go
2025-02-18T23:00:00,Nest_Beta,10.8,19.6,NW,18.5,52.6,0,14.8,go
2025-02-18T00:00:00,Nest_Gamma,5.8,9.0,NE,18.3,50.9,0,16.2,go
2025-02-18T01:00:00,Nest_Gamma,5.9,12.2,SW,16.9,64.9,0,14.6,go
2025-02-18T02:00:00,Nest_Gamma,7.5,14.2,E,17.3,69.4,0,16.3,go
2025-02-18T03:00:00,Nest_Gamma,5.5,11.8,N,17.9,60.2,0,16.1,go
2025-02-18T04:00:00,Nest_Gamma,2,4.2,E,18.7,70.1,0,15.8,go
2025-02-18T05:00:00,Nest_Gamma,7.7,9.9,SE,18.4,68.8,0,15.6,go
2025-02-18T06:00:00,Nest_Gamma,2.1,7.3,W,19.6,66.7,0,15.5,go
2025-02-18T07:00:00,Nest_Gamma,8.4,13.9,NW,21.1,45.1,0,16.6,go
2025-02-18T08:00:00,Nest_Gamma,2,8.8,NW,21.9,62.3,0,14.1,go
2025-02-18T09:00:00,Nest_Gamma,8.7,12.4,NE,21.7,49.6,0,14.8,go
2025-02-18T10:00:00,Nest_Gamma,6.6,9.5,NW,23.8,66.7,0,15.1,go
2025-02-18T11:00:00,Nest_Gamma,13.4,18.2,S,26.1,50.7,0,13.6,go
2025-02-18T12:00:00,Nest_Gamma,8.3,11.8,NW,25.1,53.4,0,13.0,go
2025-02-18T13:00:00,Nest_Gamma,12.9,21.2,N,26.7,46.1,0,14.5,go
2025-02-18T14:00:00,Nest_Gamma,13.3,17.3,SE,24.5,72.3,0,16.7,go
2025-02-18T15:00:00,Nest_Gamma,15.5,21.9,E,24.1,71.3,0,13.5,go
2025-02-18T16:00:00,Nest_Gamma,14.5,24.4,SE,23.5,62.3,0,14.9,go
2025-02-18T17:00:00,Nest_Gamma,14.3,20.5,N,24.0,60.2,0,15.0,go
2025-02-18T18:00:00,Nest_Gamma,14.2,19.3,W,21.6,74.0,0,16.2,go
2025-02-18T19:00:00,Nest_Gamma,13.8,17.7,N,20.9,61.4,0,16.2,go
2025-02-18T20:00:00,Nest_Gamma,11.2,17.2,S,19.1,50.6,0,14.7,go
2025-02-18T21:00:00,Nest_Gamma,13.8,21.3,S,19.2,47.4,0,15.9,go
2025-02-18T22:00:00,Nest_Gamma,12.9,17.1,NE,16.9,70.3,0,14.6,go
2025-02-18T23:00:00,Nest_Gamma,9.4,19.3,S,18.2,51.8,0,14.8,go
2025-02-18T00:00:00,Nest_Delta,9.1,12.6,E,17.1,53.9,0,13.6,go
2025-02-18T01:00:00,Nest_Delta,11.8,19.3,NE,16.4,85.5,0,15.9,go
2025-02-18T02:00:00,Nest_Delta,6.2,14.2,E,16.7,79.5,0,14.2,go
2025-02-18T03:00:00,Nest_Delta,4.0,12.4,SW,17.6,63.7,0,15.3,go
2025-02-18T04:00:00,Nest_Delta,8.3,13.7,NW,18.5,65.7,0,14.9,go
2025-02-18T05:00:00,Nest_Delta,8.8,12.2,N,18.5,56.0,0,15.7,go
2025-02-18T06:00:00,Nest_Delta,8.4,16.6,NW,19.6,48.2,0,14.2,go
2025-02-18T07:00:00,Nest_Delta,5.2,7.9,N,21.6,60.6,0,13.5,go
2025-02-18T08:00:00,Nest_Delta,10.0,13.6,N,22.8,48.2,0,14.2,go
2025-02-18T09:00:00,Nest_Delta,10.1,19.5,NW,23.6,37.0,0,15.6,go
2025-02-18T10:00:00,Nest_Delta,9.2,15.8,N,23.8,56.7,0,13.7,go
2025-02-18T11:00:00,Nest_Delta,11.8,15.7,NW,24.5,54.3,0,15.5,go
2025-02-18T12:00:00,Nest_Delta,14.3,18.8,NE,24.1,44.3,0,14.2,go
2025-02-18T13:00:00,Nest_Delta,12.5,15.4,N,24.9,54.7,0,14.6,go
2025-02-18T14:00:00,Nest_Delta,20.1,24.2,SW,23.5,57.5,0,14.8,go
2025-02-18T15:00:00,Nest_Delta,16.1,21.6,SW,25.6,54.2,0,15.0,go
2025-02-18T16:00:00,Nest_Delta,16.6,18.8,E,24.1,61.6,0,15.6,go
2025-02-18T17:00:00,Nest_Delta,21.3,30.4,N,23.4,75.4,0,16.8,go
2025-02-18T18:00:00,Nest_Delta,17.2,20.4,E,22.4,44.5,0,15.1,go
2025-02-18T19:00:00,Nest_Delta,20.0,25.6,NE,20.9,62.8,0,13.2,go
2025-02-18T20:00:00,Nest_Delta,13.2,16.4,SW,19.3,48.3,0,15.8,go
2025-02-18T21:00:00,Nest_Delta,13.3,17.3,S,19.2,56.6,0,15.7,go
2025-02-18T22:00:00,Nest_Delta,15.7,20.3,N,19.1,68.1,0,14.9,go
2025-02-18T23:00:00,Nest_Delta,16.0,20.6,W,18.7,65.9,0,16.1,go
2025-02-19T00:00:00,Nest_Alpha,10.7,16.5,N,17.1,67.1,0,16.8,go
2025-02-19T01:00:00,Nest_Alpha,8.0,16.2,SE,17.8,62.6,0,12.8,go
2025-02-19T02:00:00,Nest_Alpha,10.6,15.2,W,15.8,56.3,0,14.1,go
2025-02-19T03:00:00,Nest_Alpha,8.3,14.2,S,19.7,61.9,0,15.1,go
2025-02-19T04:00:00,Nest_Alpha,7.6,17.1,NW,19.3,47.5,0,15.9,go
2025-02-19T05:00:00,Nest_Alpha,8.6,18.4,N,19.0,61.5,0,12.2,go
2025-02-19T06:00:00,Nest_Alpha,7.8,11.8,SW,19.7,45.4,0,14.8,go
2025-02-19T07:00:00,Nest_Alpha,8.8,14.7,NW,21.0,49.1,0,10.9,go
2025-02-19T08:00:00,Nest_Alpha,9.2,14.7,NW,22.4,52.4,0,14.9,go
2025-02-19T09:00:00,Nest_Alpha,7.0,12.2,SW,23.0,64.1,0,15.7,go
2025-02-19T10:00:00,Nest_Alpha,15.5,20.3,N,24.3,61.7,0,14.2,go
2025-02-19T11:00:00,Nest_Alpha,10.4,18.8,NW,24.9,61.2,0,15.2,go
2025-02-19T12:00:00,Nest_Alpha,13.8,18.7,SW,24.5,42.7,0,15.5,go
2025-02-19T13:00:00,Nest_Alpha,14.7,22.1,SE,25.4,63.4,0,15.5,go
2025-02-19T14:00:00,Nest_Alpha,14.6,20.5,N,25.4,59.1,0,13.4,go
2025-02-19T15:00:00,Nest_Alpha,13.1,18.4,E,23.1,64.0,0,15.7,go
2025-02-19T16:00:00,Nest_Alpha,16.0,21.3,W,23.2,55.6,0,16.3,go
2025-02-19T17:00:00,Nest_Alpha,22.4,30.5,W,22.1,48.6,0,14.5,go
2025-02-19T18:00:00,Nest_Alpha,18.3,23.0,SE,22.1,65.2,0,16.3,go
2025-02-19T19:00:00,Nest_Alpha,19.0,22.2,NE,20.2,57.2,0,14.7,go
2025-02-19T20:00:00,Nest_Alpha,15.7,19.4,SE,19.9,56.2,0,15.5,go
2025-02-19T21:00:00,Nest_Alpha,17.0,22.7,NW,19.0,55.7,0,16.2,go
2025-02-19T22:00:00,Nest_Alpha,16.8,24.8,S,18.9,60.9,0,13.9,go
2025-02-19T23:00:00,Nest_Alpha,9.8,17.3,SE,17.8,48.5,0,16.0,go
2025-02-19T00:00:00,Nest_Beta,7.9,17.1,E,17.0,51.0,0,14.7,go
2025-02-19T01:00:00,Nest_Beta,12.7,18.0,W,16.0,66.5,0,15.0,go
2025-02-19T02:00:00,Nest_Beta,7.7,12.2,NW,16.7,56.8,0,15.2,go
2025-02-19T03:00:00,Nest_Beta,4.0,12.4,SE,18.6,73.2,0,14.1,go
2025-02-19T04:00:00,Nest_Beta,6.5,12.4,SE,17.6,67.6,0,18,go
2025-02-19T05:00:00,Nest_Beta,6.2,14.8,W,18.9,42.8,0,16.1,go
2025-02-19T06:00:00,Nest_Beta,6.0,15.1,N,20.1,61.8,0,14.5,go
2025-02-19T07:00:00,Nest_Beta,7.1,16.7,SE,21.6,56.3,0,16.1,go
2025-02-19T08:00:00,Nest_Beta,6.5,8.8,NE,21.5,42.3,0,14.4,go
2025-02-19T09:00:00,Nest_Beta,11.1,14.8,NW,22.9,46.6,0,14.9,go
2025-02-19T10:00:00,Nest_Beta,10.7,17.1,W,24.5,64.7,0,16.1,go
2025-02-19T11:00:00,Nest_Beta,10.0,17.7,NW,25.8,48.2,0,13.5,go
2025-02-19T12:00:00,Nest_Beta,9.1,17.1,N,26.4,54.6,0,14.9,go
2025-02-19T13:00:00,Nest_Beta,15.8,18.7,SE,24.8,47.5,0,15.7,go
2025-02-19T14:00:00,Nest_Beta,13.7,19.0,SW,26.9,51.0,0,14.8,go
2025-02-19T15:00:00,Nest_Beta,16.6,22.4,SW,24.9,47.4,0,16.0,go
2025-02-19T16:00:00,Nest_Beta,16.6,19.1,NE,23.2,44.3,0,15.7,go
2025-02-19T17:00:00,Nest_Beta,16.6,20.5,N,23.3,64.9,0,14.5,go
2025-02-19T18:00:00,Nest_Beta,22.0,24.3,NE,21.3,61.4,0,14.6,go
2025-02-19T19:00:00,Nest_Beta,15.3,23.0,W,20.4,61.5,0,16.8,go
2025-02-19T20:00:00,Nest_Beta,10.0,16.5,N,20.2,53.7,0,15.9,go
2025-02-19T21:00:00,Nest_Beta,13.3,20.0,S,18.7,65.2,0,15.4,go
2025-02-19T22:00:00,Nest_Beta,11.0,17.3,W,17.8,66.4,0,15.1,go
2025-02-19T23:00:00,Nest_Beta,6.7,13.2,NE,17.4,56.7,0,13.8,go
2025-02-19T00:00:00,Nest_Gamma,8.0,10.9,SE,17.4,57.6,0,14.2,go
2025-02-19T01:00:00,Nest_Gamma,7.4,9.5,NE,17.3,64.0,0,14.8,go
2025-02-19T02:00:00,Nest_Gamma,8.3,16.1,E,18.1,43.5,0,14.5,go
2025-02-19T03:00:00,Nest_Gamma,7.5,13.3,SW,18.0,60.9,0,13.0,go
2025-02-19T04:00:00,Nest_Gamma,3.3,8.2,SE,17.8,57.1,0,14.6,go
2025-02-19T05:00:00,Nest_Gamma,6.1,9.8,S,18.7,40.8,0,12.8,go
2025-02-19T06:00:00,Nest_Gamma,6.9,16.5,SW,19.9,50.2,0,16.3,go
2025-02-19T07:00:00,Nest_Gamma,8.5,14.6,SE,20.1,57.6,0,14.7,go
2025-02-19T08:00:00,Nest_Gamma,4.0,14.0,N,22.2,66.8,0,15.3,go
2025-02-19T09:00:00,Nest_Gamma,9.2,16.5,E,21.2,62.6,0,14.6,go
2025-02-19T10:00:00,Nest_Gamma,9.5,11.8,SW,24.4,70.9,0,15.8,go
2025-02-19T11:00:00,Nest_Gamma,7.1,14.2,SE,24.1,45.5,0,16.5,go
2025-02-19T12:00:00,Nest_Gamma,11.7,21.0,N,24.9,50.4,0,12.4,go
2025-02-19T13:00:00,Nest_Gamma,14.1,21.0,NE,25.9,66.3,0,14.3,go
2025-02-19T14:00:00,Nest_Gamma,12.2,18.9,S,24.6,47.9,0,15.9,go
2025-02-19T15:00:00,Nest_Gamma,12.4,18.4,E,24.8,61.5,0,14.5,go
2025-02-19T16:00:00,Nest_Gamma,12.0,19.1,N,22.7,58.1,0,13.7,go
2025-02-19T17:00:00,Nest_Gamma,15.7,24.4,S,23.4,51.9,0,15.1,go
2025-02-19T18:00:00,Nest_Gamma,16.0,23.1,N,21.5,56.6,0,15.8,go
2025-02-19T19:00:00,Nest_Gamma,14.5,16.9,N,21.7,51.7,0,16.5,go
2025-02-19T20:00:00,Nest_Gamma,10.5,14.2,SW,20.3,64.6,0,15.5,go
2025-02-19T21:00:00,Nest_Gamma,13.6,15.9,S,19.2,62.0,0,14.6,go
2025-02-19T22:00:00,Nest_Gamma,8.7,14.4,W,18.0,62.3,0,14.5,go
2025-02-19T23:00:00,Nest_Gamma,8.1,17.6,E,17.7,58.2,0,15.1,go
2025-02-19T00:00:00,Nest_Delta,6.7,9.5,NW,16.4,46.5,0,13.5,go
2025-02-19T01:00:00,Nest_Delta,7.1,12.2,W,17.8,58.1,0,16.5,go
2025-02-19T02:00:00,Nest_Delta,7.7,17.4,NW,17.1,53.1,0,13.5,go
2025-02-19T03:00:00,Nest_Delta,7.2,12.5,NW,16.7,42.5,0,16.6,go
2025-02-19T04:00:00,Nest_Delta,4.5,7.5,E,18.4,55.3,0,16.5,go
2025-02-19T05:00:00,Nest_Delta,3.3,9.0,SW,19.7,51.9,0,15.7,go
2025-02-19T06:00:00,Nest_Delta,12.3,21.3,E,20.5,48.7,0,15.0,go
2025-02-19T07:00:00,Nest_Delta,8.9,12.2,W,20.8,31.5,0,13.6,go
2025-02-19T08:00:00,Nest_Delta,2,4.3,E,22.7,47.9,0,15.5,go
2025-02-19T09:00:00,Nest_Delta,9.1,11.4,SE,23.1,49.8,0,16.3,go
2025-02-19T10:00:00,Nest_Delta,10.8,18.8,S,24.4,59.6,0,14.4,go
2025-02-19T11:00:00,Nest_Delta,9.7,16.8,N,24.7,53.6,0,17.1,go
2025-02-19T12:00:00,Nest_Delta,9.7,17.6,SW,24.8,53.5,0,15.7,go
2025-02-19T13:00:00,Nest_Delta,16.3,21.0,NW,24.7,64.2,0,13.2,go
2025-02-19T14:00:00,Nest_Delta,14.2,18.4,E,24.3,76.2,0,14.0,go
2025-02-19T15:00:00,Nest_Delta,15.9,20.5,NE,23.3,46.8,0,15.1,go
2025-02-19T16:00:00,Nest_Delta,17.1,21.4,S,23.7,52.7,0,12.1,go
2025-02-19T17:00:00,Nest_Delta,16.9,23.7,SW,22.8,48.2,0,16.8,go
2025-02-19T18:00:00,Nest_Delta,14.0,17.9,NE,22.7,41.7,0,16.0,go
2025-02-19T19:00:00,Nest_Delta,19.7,25.8,NE,20.5,40.4,0,15.1,go
2025-02-19T20:00:00,Nest_Delta,15.5,20.2,S,19.8,63.0,0,15.8,go
2025-02-19T21:00:00,Nest_Delta,16.4,18.6,N,17.9,68.7,0,16.6,go
2025-02-19T22:00:00,Nest_Delta,10.8,15.0,NW,17.4,72.1,0,16.5,go
2025-02-19T23:00:00,Nest_Delta,13.6,18.6,SE,17.6,58.0,0,15.6,go
2025-02-20T00:00:00,Nest_Alpha,12.6,19.3,W,17.5,68.3,0,14.3,go
2025-02-20T01:00:00,Nest_Alpha,11.1,16.8,SE,16.4,77.6,0,15.9,go
2025-02-20T02:00:00,Nest_Alpha,6.9,9.7,SE,16.6,57.0,0,15.0,go
2025-02-20T03:00:00,Nest_Alpha,5.9,12.0,SE,17.9,47.1,0,16.4,go
2025-02-20T04:00:00,Nest_Alpha,4.3,8.7,S,17.8,62.5,0,14.7,go
2025-02-20T05:00:00,Nest_Alpha,6.5,10.1,S,18.0,77.5,0,15.8,go
2025-02-20T06:00:00,Nest_Alpha,7.0,9.0,W,19.6,60.7,0,15.8,go
2025-02-20T07:00:00,Nest_Alpha,6.1,12.6,NE,21.1,62.5,0,14.6,go
2025-02-20T08:00:00,Nest_Alpha,12.2,20.9,W,21.8,54.1,0,16.1,go
2025-02-20T09:00:00,Nest_Alpha,3.1,12.1,W,22.5,43.7,0,12.9,go
2025-02-20T10:00:00,Nest_Alpha,10.6,16.5,NE,24.3,80.9,0,14.4,go
2025-02-20T11:00:00,Nest_Alpha,10.0,16.4,S,24.9,68.1,0,15.9,go
2025-02-20T12:00:00,Nest_Alpha,10.7,12.7,NW,25.3,69.5,0,14.1,go
2025-02-20T13:00:00,Nest_Alpha,11.6,21.4,E,25.7,67.9,0,13.2,go
2025-02-20T14:00:00,Nest_Alpha,19.2,21.4,W,23.7,48.8,0,14.5,go
2025-02-20T15:00:00,Nest_Alpha,18.8,22.9,SW,25.4,57.9,0,15.0,go
2025-02-20T16:00:00,Nest_Alpha,16.6,24.6,NE,23.5,47.0,0,14.2,go
2025-02-20T17:00:00,Nest_Alpha,20.3,23.2,N,22.1,55.1,0,15.6,go
2025-02-20T18:00:00,Nest_Alpha,17.6,26.4,NW,21.5,38.9,0,13.5,go
2025-02-20T19:00:00,Nest_Alpha,12.3,19.4,S,20.8,60.2,0,15.5,go
2025-02-20T20:00:00,Nest_Alpha,15.3,20.7,N,19.2,61.0,0,15.9,go
2025-02-20T21:00:00,Nest_Alpha,11.9,18.6,S,19.1,60.1,0,14.5,go
2025-02-20T22:00:00,Nest_Alpha,18.4,28.4,SE,18.5,48.5,0,14.7,go
2025-02-20T23:00:00,Nest_Alpha,13.8,18.6,W,17.8,52.7,0,14.2,go
2025-02-20T00:00:00,Nest_Beta,6.8,13.7,N,16.1,56.0,0,13.8,go
2025-02-20T01:00:00,Nest_Beta,12.0,20.5,SW,16.9,54.7,0,15.3,go
2025-02-20T02:00:00,Nest_Beta,9.7,19.3,S,16.6,59.8,0,15.6,go
2025-02-20T03:00:00,Nest_Beta,12.0,18.5,SW,19.1,53.2,0,15.7,go
2025-02-20T04:00:00,Nest_Beta,5.5,11.5,SW,17.3,45.3,0,15.1,go
2025-02-20T05:00:00,Nest_Beta,3.6,8.2,E,17.0,53.8,0,15.7,go
2025-02-20T06:00:00,Nest_Beta,2.8,10.5,E,21.1,49.7,0,14.4,go
2025-02-20T07:00:00,Nest_Beta,7.8,13.4,NW,22.3,77.3,0,15.9,go
2025-02-20T08:00:00,Nest_Beta,5.1,14.7,S,21.6,60.2,0,12.8,go
2025-02-20T09:00:00,Nest_Beta,7.7,13.3,N,23.5,56.9,0,14.5,go
2025-02-20T10:00:00,Nest_Beta,7.1,9.7,SW,23.3,63.8,0,14.4,go
2025-02-20T11:00:00,Nest_Beta,9.4,17.0,NW,24.0,66.7,0,14.8,go
2025-02-20T12:00:00,Nest_Beta,14.1,19.9,SE,26.3,69.9,0,15.9,go
2025-02-20T13:00:00,Nest_Beta,12.8,21.9,N,24.0,68.2,0,14.1,go
2025-02-20T14:00:00,Nest_Beta,12.1,14.3,E,24.4,76.9,0,13.8,go
2025-02-20T15:00:00,Nest_Beta,15.2,23.9,NE,24.7,47.9,0,15.7,go
2025-02-20T16:00:00,Nest_Beta,18.6,25.1,S,23.4,63.1,0,15.1,go
2025-02-20T17:00:00,Nest_Beta,17.1,26.8,W,23.5,54.0,0,14.1,go
2025-02-20T18:00:00,Nest_Beta,16.7,20.5,SE,22.2,62.3,0,15.2,go
2025-02-20T19:00:00,Nest_Beta,15.3,18.8,SW,20.6,60.8,0,16.0,go
2025-02-20T20:00:00,Nest_Beta,13.4,16.3,SE,20.9,47.5,0,16.3,go
2025-02-20T21:00:00,Nest_Beta,14.6,23.6,NW,19.6,65.2,0,14.3,go
2025-02-20T22:00:00,Nest_Beta,16.2,19.3,NW,17.7,53.0,0,16.4,go
2025-02-20T23:00:00,Nest_Beta,13.4,21.0,N,17.1,66.6,0,16.4,go
2025-02-20T00:00:00,Nest_Gamma,10.4,16.2,NW,17.3,68.2,0,15.6,go
2025-02-20T01:00:00,Nest_Gamma,6.3,11.4,W,16.5,57.7,0,14.3,go
2025-02-20T02:00:00,Nest_Gamma,7.6,9.8,N,17.8,54.8,0,14.0,go
2025-02-20T03:00:00,Nest_Gamma,4.7,8.9,W,17.3,58.8,0,15.8,go
2025-02-20T04:00:00,Nest_Gamma,5.5,10.0,N,18.4,69.3,0,14.8,go
2025-02-20T05:00:00,Nest_Gamma,8.1,14.3,SW,18.8,66.4,0,14.4,go
2025-02-20T06:00:00,Nest_Gamma,7.0,13.1,N,19.8,55.6,0,16.3,go
2025-02-20T07:00:00,Nest_Gamma,5.7,8.0,S,20.1,56.3,0,15.3,go
2025-02-20T08:00:00,Nest_Gamma,5.8,15.4,NE,22.1,43.2,0,16.0,go
2025-02-20T09:00:00,Nest_Gamma,7.4,13.5,E,22.9,54.0,0,14.2,go
2025-02-20T10:00:00,Nest_Gamma,8.8,16.9,E,24.7,60.9,0,15.9,go
2025-02-20T11:00:00,Nest_Gamma,12.1,21.3,S,24.3,50.9,0,14.6,go
2025-02-20T12:00:00,Nest_Gamma,10.4,12.4,W,25.8,29.0,0,15.7,go
2025-02-20T13:00:00,Nest_Gamma,15.3,25.1,N,25.3,56.4,0,15.2,go
2025-02-20T14:00:00,Nest_Gamma,11.0,15.4,N,24.1,70.3,0,14.2,go
2025-02-20T15:00:00,Nest_Gamma,12.7,17.8,SE,23.5,52.1,0,14.5,go
2025-02-20T16:00:00,Nest_Gamma,12.8,18.8,NE,22.5,74.1,0,16.0,go
2025-02-20T17:00:00,Nest_Gamma,17.3,24.3,NW,22.9,54.6,0,17.3,go
2025-02-20T18:00:00,Nest_Gamma,11.8,15.7,NE,21.4,58.3,0,13.7,go
2025-02-20T19:00:00,Nest_Gamma,17.9,22.6,E,21.0,59.2,0,14.8,go
2025-02-20T20:00:00,Nest_Gamma,16.1,25.8,S,19.2,60.1,0,16.4,go
2025-02-20T21:00:00,Nest_Gamma,8.6,15.1,SE,17.5,39.7,0,15.7,go
2025-02-20T22:00:00,Nest_Gamma,13.2,16.4,SE,18.7,67.5,0,15.4,go
2025-02-20T23:00:00,Nest_Gamma,12.1,16.0,E,17.9,61.1,0,16.6,go
2025-02-20T00:00:00,Nest_Delta,11.4,16.5,W,17.9,56.0,0,16.5,go
2025-02-20T01:00:00,Nest_Delta,10.2,18.8,SW,16.6,51.2,0,14.2,go
2025-02-20T02:00:00,Nest_Delta,9.1,12.0,S,18.6,43.7,0,14.2,go
2025-02-20T03:00:00,Nest_Delta,10.4,16.9,W,18.9,48.3,0,14.0,go
2025-02-20T04:00:00,Nest_Delta,7.7,17.1,SE,19.0,58.3,0,16.3,go
2025-02-20T05:00:00,Nest_Delta,8.1,12.0,SE,18.8,64.7,0,14.6,go
2025-02-20T06:00:00,Nest_Delta,6.7,12.9,N,21.0,68.8,0,15.9,go
2025-02-20T07:00:00,Nest_Delta,9.6,16.4,NW,21.8,56.6,0,15.4,go
2025-02-20T08:00:00,Nest_Delta,5.2,11.0,SE,21.4,68.5,0,16.5,go
2025-02-20T09:00:00,Nest_Delta,11.3,21.2,S,22.9,62.1,0,15.0,go
2025-02-20T10:00:00,Nest_Delta,12.4,16.6,SW,25.7,56.9,0,16.8,go
2025-02-20T11:00:00,Nest_Delta,8.3,12.6,SW,23.7,69.0,0,15.2,go
2025-02-20T12:00:00,Nest_Delta,12.8,22.1,S,25.3,60.2,0,16.2,go
2025-02-20T13:00:00,Nest_Delta,10.9,20.1,NW,25.8,66.0,0,14.7,go
2025-02-20T14:00:00,Nest_Delta,17.8,21.4,E,24.5,68.6,0,15.3,go
2025-02-20T15:00:00,Nest_Delta,17.6,25.6,SW,24.6,58.2,0,14.2,go
2025-02-20T16:00:00,Nest_Delta,19.0,22.3,N,23.5,65.7,0,14.4,go
2025-02-20T17:00:00,Nest_Delta,18.3,21.1,SE,22.9,43.6,0,14.2,go
2025-02-20T18:00:00,Nest_Delta,16.7,19.6,SE,21.6,58.1,0,15.0,go
2025-02-20T19:00:00,Nest_Delta,16.5,18.8,S,20.3,55.4,0,14.2,go
2025-02-20T20:00:00,Nest_Delta,11.3,17.9,S,19.8,45.4,0,14.8,go
2025-02-20T21:00:00,Nest_Delta,16.3,22.0,N,19.1,57.3,0,15.0,go
2025-02-20T22:00:00,Nest_Delta,12.8,17.1,S,17.0,73.6,0,14.7,go
2025-02-20T23:00:00,Nest_Delta,15.1,21.6,E,17.3,58.9,0,15.6,go
2025-02-21T00:00:00,Nest_Alpha,10.2,18.2,W,17.6,58.6,0,14.4,go
2025-02-21T01:00:00,Nest_Alpha,12.0,15.1,S,16.8,49.9,0,14.9,go
2025-02-21T02:00:00,Nest_Alpha,10.4,20.3,SW,17.2,56.8,0,15.8,go
2025-02-21T03:00:00,Nest_Alpha,7.8,15.9,SW,17.1,48.4,0,13.6,go
2025-02-21T04:00:00,Nest_Alpha,7.4,11.6,S,19.0,44.4,0,15.1,go
2025-02-21T05:00:00,Nest_Alpha,9.2,15.2,NE,19.1,41.1,0,15.8,go
2025-02-21T06:00:00,Nest_Alpha,5.8,11.8,SE,19.6,49.8,0,13.5,go
2025-02-21T07:00:00,Nest_Alpha,10.3,14.9,S,21.7,52.3,0,14.4,go
2025-02-21T08:00:00,Nest_Alpha,10.8,12.9,E,21.1,65.0,0,13.8,go
2025-02-21T09:00:00,Nest_Alpha,11.5,14.8,SE,23.5,67.9,0,15.2,go
2025-02-21T10:00:00,Nest_Alpha,10.5,16.6,N,23.7,68.8,0,15.3,go
2025-02-21T11:00:00,Nest_Alpha,10.4,15.3,N,24.6,73.6,0,15.0,go
2025-02-21T12:00:00,Nest_Alpha,21.7,26.2,N,26.3,62.0,0,15.3,go
2025-02-21T13:00:00,Nest_Alpha,10.8,17.9,S,25.6,49.5,0,14.4,go
2025-02-21T14:00:00,Nest_Alpha,19.4,22.0,SW,25.9,49.2,0,15.7,go
2025-02-21T15:00:00,Nest_Alpha,18.7,24.1,NE,25.4,56.7,0,12.9,go
2025-02-21T16:00:00,Nest_Alpha,16.0,22.0,SE,22.8,58.9,0,15.1,go
2025-02-21T17:00:00,Nest_Alpha,22.4,27.2,E,23.6,59.1,0,15.5,go
2025-02-21T18:00:00,Nest_Alpha,13.7,17.2,NW,22.4,58.2,0,15.3,go
2025-02-21T19:00:00,Nest_Alpha,10.7,15.6,SW,22.2,76.5,0,16.1,go
2025-02-21T20:00:00,Nest_Alpha,15.5,21.2,SW,20.4,60.1,0,13.7,go
2025-02-21T21:00:00,Nest_Alpha,14.8,23.5,S,18.7,48.4,0,16.2,go
2025-02-21T22:00:00,Nest_Alpha,12.7,17.7,S,18.0,57.5,0,15.0,go
2025-02-21T23:00:00,Nest_Alpha,14.9,22.4,NE,17.6,58.3,0,14.3,go
2025-02-21T00:00:00,Nest_Beta,9.6,19.3,S,18.0,52.6,0,14.9,go
2025-02-21T01:00:00,Nest_Beta,8.4,14.7,SE,16.9,62.1,0,15.8,go
2025-02-21T02:00:00,Nest_Beta,2,6.8,NE,17.2,57.0,0,14.9,go
2025-02-21T03:00:00,Nest_Beta,9.7,19.6,SE,18.1,59.3,0,15.1,go
2025-02-21T04:00:00,Nest_Beta,2,7.6,SW,17.3,59.8,0,16.6,go
2025-02-21T05:00:00,Nest_Beta,6.2,10.1,SW,17.8,49.8,0,15.0,go
2025-02-21T06:00:00,Nest_Beta,10.2,12.9,N,20.5,53.7,0,15.6,go
2025-02-21T07:00:00,Nest_Beta,10.5,16.7,N,20.4,66.3,0,14.2,go
2025-02-21T08:00:00,Nest_Beta,9.1,12.7,N,22.3,47.4,0,13.6,go
2025-02-21T09:00:00,Nest_Beta,8.9,13.0,SW,23.9,60.1,0,15.8,go
2025-02-21T10:00:00,Nest_Beta,8.2,17.3,NE,24.3,65.8,0,16.5,go
2025-02-21T11:00:00,Nest_Beta,9.3,13.0,NW,25.3,64.9,0,15.3,go
2025-02-21T12:00:00,Nest_Beta,10.4,19.2,E,25.1,45.4,0,14.6,go
2025-02-21T13:00:00,Nest_Beta,14.0,23.7,SE,25.3,48.9,0,16.5,go
2025-02-21T14:00:00,Nest_Beta,16.0,24.8,N,25.1,51.7,0,14.5,go
2025-02-21T15:00:00,Nest_Beta,14.0,23.0,W,23.2,54.6,0,14.3,go
2025-02-21T16:00:00,Nest_Beta,15.3,20.8,E,23.6,67.0,0,15.0,go
2025-02-21T17:00:00,Nest_Beta,14.9,16.9,SE,24.0,58.0,0,14.1,go
2025-02-21T18:00:00,Nest_Beta,15.8,21.9,SE,21.8,54.0,0,14.5,go
2025-02-21T19:00:00,Nest_Beta,15.9,23.8,NE,20.8,61.5,0,13.4,go
2025-02-21T20:00:00,Nest_Beta,13.0,18.7,NW,19.9,61.8,0,13.9,go
2025-02-21T21:00:00,Nest_Beta,11.0,15.2,S,19.0,60.2,0,15.9,go
2025-02-21T22:00:00,Nest_Beta,11.0,18.5,E,19.5,53.4,0,15.6,go
2025-02-21T23:00:00,Nest_Beta,16.2,22.9,NE,17.4,57.5,0,15.2,go
2025-02-21T00:00:00,Nest_Gamma,12.9,21.6,SW,18.0,51.5,0,15.3,go
2025-02-21T01:00:00,Nest_Gamma,7.4,11.4,S,16.6,52.3,0,14.6,go
2025-02-21T02:00:00,Nest_Gamma,6.4,14.6,SW,17.2,54.7,0,14.1,go
2025-02-21T03:00:00,Nest_Gamma,3.2,11.5,W,15.7,64.6,0,14.8,go
2025-02-21T04:00:00,Nest_Gamma,2,8.9,NE,18.0,84.4,0,15.0,go
2025-02-21T05:00:00,Nest_Gamma,4.6,11.1,E,19.5,55.3,0,14.6,go
2025-02-21T06:00:00,Nest_Gamma,4.5,8.1,SW,18.8,57.3,0,13.2,go
2025-02-21T07:00:00,Nest_Gamma,2,10.6,S,20.3,48.6,0,15.8,go
2025-02-21T08:00:00,Nest_Gamma,6.8,11.9,E,22.0,56.9,0,14.6,go
2025-02-21T09:00:00,Nest_Gamma,5.4,9.3,SW,23.4,54.8,0,13.8,go
2025-02-21T10:00:00,Nest_Gamma,11.2,18.5,E,25.0,57.6,0,16.4,go
2025-02-21T11:00:00,Nest_Gamma,5.0,14.5,E,23.1,62.1,0,13.5,go
2025-02-21T12:00:00,Nest_Gamma,10.5,18.4,W,24.2,62.4,0,15.8,go
2025-02-21T13:00:00,Nest_Gamma,15.0,19.5,SE,25.0,60.2,0,16.1,go
2025-02-21T14:00:00,Nest_Gamma,14.5,24.3,NE,24.6,56.1,0,14.6,go
2025-02-21T15:00:00,Nest_Gamma,14.4,16.7,N,24.2,50.6,0,14.8,go
2025-02-21T16:00:00,Nest_Gamma,12.2,17.4,N,23.9,56.6,0,14.5,go
2025-02-21T17:00:00,Nest_Gamma,16.3,21.9,NW,23.4,60.1,0,15.2,go
2025-02-21T18:00:00,Nest_Gamma,16.6,24.5,E,22.3,65.2,0,15.9,go
2025-02-21T19:00:00,Nest_Gamma,15.1,21.8,E,21.1,44.1,0,13.7,go
2025-02-21T20:00:00,Nest_Gamma,13.1,18.4,S,18.0,61.4,0,16.0,go
2025-02-21T21:00:00,Nest_Gamma,7.9,17.5,W,18.6,46.5,0,14.8,go
2025-02-21T22:00:00,Nest_Gamma,9.5,15.8,NW,19.2,75.5,0,13.9,go
2025-02-21T23:00:00,Nest_Gamma,10.7,16.6,SW,16.9,53.7,0,14.8,go
2025-02-21T00:00:00,Nest_Delta,5.6,9.6,SE,17.1,51.5,0,14.4,go
2025-02-21T01:00:00,Nest_Delta,8.5,17.4,N,16.9,69.3,0,14.6,go
2025-02-21T02:00:00,Nest_Delta,10.9,15.6,NE,17.7,79.3,0,14.5,go
2025-02-21T03:00:00,Nest_Delta,3.9,9.8,N,18.6,56.0,0,16.0,go
2025-02-21T04:00:00,Nest_Delta,9.5,14.9,NW,18.3,64.8,0,14.4,go
2025-02-21T05:00:00,Nest_Delta,7.8,13.0,SW,18.9,48.1,0,14.7,go
2025-02-21T06:00:00,Nest_Delta,6.7,11.9,S,18.9,68.2,0,16.4,go
2025-02-21T07:00:00,Nest_Delta,4.7,11.7,E,20.5,73.7,0,14.6,go
2025-02-21T08:00:00,Nest_Delta,10.1,18.0,W,22.0,50.1,0,15.3,go
2025-02-21T09:00:00,Nest_Delta,9.3,18.2,SW,23.4,62.4,0,15.6,go
2025-02-21T10:00:00,Nest_Delta,9.3,14.8,NW,23.5,59.0,0,15.8,go
2025-02-21T11:00:00,Nest_Delta,14.2,16.5,SE,25.6,85.2,0,12.8,go
2025-02-21T12:00:00,Nest_Delta,14.3,21.6,SW,25.0,54.6,0,16.3,go
2025-02-21T13:00:00,Nest_Delta,16.5,19.8,W,25.6,42.9,0,14.7,go
2025-02-21T14:00:00,Nest_Delta,19.6,22.5,NW,26.0,56.4,0,16.0,go
2025-02-21T15:00:00,Nest_Delta,19.2,24.9,S,23.5,69.5,0,16.1,go
2025-02-21T16:00:00,Nest_Delta,15.8,19.9,E,23.5,62.6,0,15.3,go
2025-02-21T17:00:00,Nest_Delta,19.9,26.5,S,22.8,68.9,0,13.7,go
2025-02-21T18:00:00,Nest_Delta,16.4,23.7,SE,21.2,71.2,0,14.5,go
2025-02-21T19:00:00,Nest_Delta,17.6,25.3,E,21.8,70.4,0,15.1,go
2025-02-21T20:00:00,Nest_Delta,15.3,20.3,N,19.5,63.8,0,15.5,go
2025-02-21T21:00:00,Nest_Delta,15.7,24.4,W,20.0,64.2,0,14.4,go
2025-02-21T22:00:00,Nest_Delta,13.8,23.1,S,17.2,65.0,0,14.5,go
2025-02-21T23:00:00,Nest_Delta,14.7,17.7,E,18.3,75.6,0,14.9,go
2025-02-22T00:00:00,Nest_Alpha,8.8,17.6,SE,16.5,62.6,0,15.1,go
2025-02-22T01:00:00,Nest_Alpha,10.3,15.7,S,16.4,52.6,0,14.8,go
2025-02-22T02:00:00,Nest_Alpha,11.0,20.0,SW,18.7,60.0,0,16.1,go
2025-02-22T03:00:00,Nest_Alpha,7.9,11.6,N,18.1,47.2,0,14.0,go
2025-02-22T04:00:00,Nest_Alpha,7.5,10.8,NE,17.6,65.2,0,14.1,go
2025-02-22T05:00:00,Nest_Alpha,10.0,18.8,SW,18.7,56.7,0,16.5,go
2025-02-22T06:00:00,Nest_Alpha,8.6,13.8,SE,20.2,43.8,0,15.5,go
2025-02-22T07:00:00,Nest_Alpha,9.4,17.3,SW,21.5,53.0,0,14.7,go
2025-02-22T08:00:00,Nest_Alpha,14.4,21.6,NE,22.7,49.3,0,16.9,go
2025-02-22T09:00:00,Nest_Alpha,7.9,12.8,NW,22.5,59.2,0,15.5,go
2025-02-22T10:00:00,Nest_Alpha,9.7,14.9,S,23.3,69.5,0,14.2,go
2025-02-22T11:00:00,Nest_Alpha,12.8,21.1,NE,25.6,61.1,0,12.6,go
2025-02-22T12:00:00,Nest_Alpha,13.1,19.7,W,24.8,58.9,0,14.6,go
2025-02-22T13:00:00,Nest_Alpha,15.6,17.8,E,24.7,56.4,0,14.4,go
2025-02-22T14:00:00,Nest_Alpha,14.5,19.3,S,25.0,59.3,0,16.4,go
2025-02-22T15:00:00,Nest_Alpha,13.8,20.0,NW,24.6,59.4,0,13.9,go
2025-02-22T16:00:00,Nest_Alpha,18.5,21.5,E,24.7,64.5,0,14.3,go
2025-02-22T17:00:00,Nest_Alpha,17.9,23.4,W,22.9,74.7,0,14.9,go
2025-02-22T18:00:00,Nest_Alpha,18.3,21.1,NE,23.1,38.6,0,15.1,go
2025-02-22T19:00:00,Nest_Alpha,22.6,28.7,W,21.2,57.1,0,15.0,go
2025-02-22T20:00:00,Nest_Alpha,16.2,19.7,SE,19.9,62.4,0,14.3,go
2025-02-22T21:00:00,Nest_Alpha,12.8,21.3,E,18.3,71.4,0,15.7,go
2025-02-22T22:00:00,Nest_Alpha,17.4,20.3,NE,16.9,42.4,0,15.1,go
2025-02-22T23:00:00,Nest_Alpha,17.3,21.9,E,18.8,59.4,0,15.6,go
2025-02-22T00:00:00,Nest_Beta,12.7,17.1,E,17.3,73.6,0,16.2,go
2025-02-22T01:00:00,Nest_Beta,5.0,14.1,W,18.3,58.6,0,14.2,go
2025-02-22T02:00:00,Nest_Beta,5.9,7.9,E,17.2,63.3,0,16.7,go
2025-02-22T03:00:00,Nest_Beta,5.9,13.2,S,16.4,57.1,0,15.6,go
2025-02-22T04:00:00,Nest_Beta,9.9,14.0,S,17.3,55.5,0,15.5,go
2025-02-22T05:00:00,Nest_Beta,5.9,15.6,SW,17.2,44.3,0,12.7,go
2025-02-22T06:00:00,Nest_Beta,5.0,10.3,S,19.5,63.8,0,13.5,go
2025-02-22T07:00:00,Nest_Beta,10.5,17.2,NW,21.0,58.2,0,12.7,go
2025-02-22T08:00:00,Nest_Beta,9.0,12.6,E,21.1,40.2,0,15.5,go
2025-02-22T09:00:00,Nest_Beta,8.2,11.4,N,23.9,52.2,0,16.5,go
2025-02-22T10:00:00,Nest_Beta,9.0,14.1,W,23.4,71.6,0,14.1,go
2025-02-22T11:00:00,Nest_Beta,5.5,8.4,NW,24.5,60.5,0,14.6,go
2025-02-22T12:00:00,Nest_Beta,13.3,18.1,SW,25.3,60.8,0,14.5,go
2025-02-22T13:00:00,Nest_Beta,15.6,24.4,W,24.8,53.8,0,14.8,go
2025-02-22T14:00:00,Nest_Beta,12.1,14.7,NE,24.5,53.9,0,14.6,go
2025-02-22T15:00:00,Nest_Beta,13.7,21.1,S,24.6,63.2,0,16.8,go
2025-02-22T16:00:00,Nest_Beta,15.0,17.2,N,24.8,59.9,0,14.0,go
2025-02-22T17:00:00,Nest_Beta,14.8,21.4,E,23.8,55.5,0,16.5,go
2025-02-22T18:00:00,Nest_Beta,13.7,20.5,NE,23.0,57.3,0,14.9,go
2025-02-22T19:00:00,Nest_Beta,11.1,17.4,E,20.5,69.1,0,15.1,go
2025-02-22T20:00:00,Nest_Beta,12.5,15.5,NE,20.9,59.2,0,14.1,go
2025-02-22T21:00:00,Nest_Beta,12.3,21.1,W,18.2,56.6,0,15.1,go
2025-02-22T22:00:00,Nest_Beta,15.1,17.2,N,17.1,43.8,0,15.4,go
2025-02-22T23:00:00,Nest_Beta,12.8,16.8,NW,17.6,45.6,0,16.5,go
2025-02-22T00:00:00,Nest_Gamma,11.9,16.6,N,17.1,69.7,0,13.7,go
2025-02-22T01:00:00,Nest_Gamma,10.7,19.2,SW,16.5,44.7,0,16.8,go
2025-02-22T02:00:00,Nest_Gamma,5.9,14.8,W,17.8,40.2,0,13.4,go
2025-02-22T03:00:00,Nest_Gamma,5.7,13.5,N,17.0,43.7,0,14.8,go
2025-02-22T04:00:00,Nest_Gamma,5.8,9.2,W,18.0,67.9,0,15.6,go
2025-02-22T05:00:00,Nest_Gamma,4.4,7.5,W,18.9,61.9,0,14.5,go
2025-02-22T06:00:00,Nest_Gamma,8.6,11.9,E,18.6,56.4,0,13.7,go
2025-02-22T07:00:00,Nest_Gamma,2,5.3,S,21.4,57.8,0,13.6,go
2025-02-22T08:00:00,Nest_Gamma,6.5,11.1,NW,22.3,48.4,0,15.3,go
2025-02-22T09:00:00,Nest_Gamma,7.2,16.9,NE,23.3,47.8,0,14.5,go
2025-02-22T10:00:00,Nest_Gamma,7.3,14.8,SE,23.8,64.3,0,14.5,go
2025-02-22T11:00:00,Nest_Gamma,10.6,14.9,W,23.8,56.4,0,14.1,go
2025-02-22T12:00:00,Nest_Gamma,10.2,18.5,S,25.7,48.4,0,13.4,go
2025-02-22T13:00:00,Nest_Gamma,15.2,21.1,NE,24.2,63.6,0,16.9,go
2025-02-22T14:00:00,Nest_Gamma,9.7,12.5,E,24.9,40.2,0,15.7,go
2025-02-22T15:00:00,Nest_Gamma,16.2,18.9,E,24.3,51.9,0,16.6,go
2025-02-22T16:00:00,Nest_Gamma,15.4,21.0,W,23.9,43.2,0,15.0,go
2025-02-22T17:00:00,Nest_Gamma,13.8,19.4,S,22.0,73.0,0,13.6,go
2025-02-22T18:00:00,Nest_Gamma,16.9,25.3,SE,22.2,53.5,0,15.0,go
2025-02-22T19:00:00,Nest_Gamma,9.4,14.1,E,21.3,66.4,0,14.0,go
2025-02-22T20:00:00,Nest_Gamma,13.9,20.7,NE,20.0,57.1,0,14.8,go
2025-02-22T21:00:00,Nest_Gamma,8.2,15.9,NW,19.6,43.9,0,16.4,go
2025-02-22T22:00:00,Nest_Gamma,13.2,22.7,SE,18.9,61.5,0,14.8,go
2025-02-22T23:00:00,Nest_Gamma,10.7,14.8,NW,17.1,51.7,0,15.5,go
2025-02-22T00:00:00,Nest_Delta,7.4,9.9,NW,17.6,63.6,0,15.3,go
2025-02-22T01:00:00,Nest_Delta,4.5,12.4,N,16.2,50.3,0,14.1,go
2025-02-22T02:00:00,Nest_Delta,6.7,13.5,NW,17.9,54.1,0,15.7,go
2025-02-22T03:00:00,Nest_Delta,5.9,12.4,E,17.9,62.8,0,16.0,go
2025-02-22T04:00:00,Nest_Delta,9.9,19.6,SW,17.1,63.9,0,14.7,go
2025-02-22T05:00:00,Nest_Delta,7.9,10.0,E,19.2,66.0,0,14.8,go
2025-02-22T06:00:00,Nest_Delta,7.2,9.6,SE,20.8,56.1,0,14.1,go
2025-02-22T07:00:00,Nest_Delta,15.6,24.4,W,22.3,71.8,0,15.2,go
2025-02-22T08:00:00,Nest_Delta,9.1,11.2,W,22.8,75.8,0,13.8,go
2025-02-22T09:00:00,Nest_Delta,9.8,14.0,SE,23.5,53.8,0,14.3,go
2025-02-22T10:00:00,Nest_Delta,13.9,22.2,SW,25.0,51.5,0,14.7,go
2025-02-22T11:00:00,Nest_Delta,11.9,15.9,SW,24.0,59.0,0,16.1,go
2025-02-22T12:00:00,Nest_Delta,14.3,19.3,N,24.2,54.4,0,14.7,go
2025-02-22T13:00:00,Nest_Delta,14.8,22.3,W,25.2,38.8,0,15.6,go
2025-02-22T14:00:00,Nest_Delta,19.7,23.6,NW,25.3,55.9,0,15.1,go
2025-02-22T15:00:00,Nest_Delta,15.2,20.8,E,24.7,59.4,0,15.4,go
2025-02-22T16:00:00,Nest_Delta,16.2,23.1,E,24.2,67.3,0,14.8,go
2025-02-22T17:00:00,Nest_Delta,15.7,21.3,E,23.2,48.0,0,15.5,go
2025-02-22T18:00:00,Nest_Delta,12.6,20.3,SW,22.3,57.2,0,14.5,go
2025-02-22T19:00:00,Nest_Delta,12.8,16.3,E,19.9,58.3,0,12.7,go
2025-02-22T20:00:00,Nest_Delta,14.0,20.1,N,20.0,51.5,0,13.7,go
2025-02-22T21:00:00,Nest_Delta,15.0,23.9,E,18.9,46.7,0,14.4,go
2025-02-22T22:00:00,Nest_Delta,16.3,23.1,W,18.1,65.6,0,15.0,go
2025-02-22T23:00:00,Nest_Delta,11.6,17.7,SW,17.1,67.9,0,15.6,go
2025-02-23T00:00:00,Nest_Alpha,15.4,21.4,N,17.4,55.7,0,13.9,go
2025-02-23T01:00:00,Nest_Alpha,7.4,12.7,SE,16.1,67.0,0,15.3,go
2025-02-23T02:00:00,Nest_Alpha,8.0,11.4,E,17.6,74.5,0,16.7,go
2025-02-23T03:00:00,Nest_Alpha,10.9,19.1,NE,17.7,71.2,0,16.3,go
2025-02-23T04:00:00,Nest_Alpha,9.3,16.0,SE,18.7,69.8,0,15.4,go
2025-02-23T05:00:00,Nest_Alpha,6.9,14.3,N,19.6,64.0,0,15.9,go
2025-02-23T06:00:00,Nest_Alpha,10.0,18.8,E,19.4,55.5,0,14.9,go
2025-02-23T07:00:00,Nest_Alpha,10.2,18.5,W,21.2,73.4,0,13.8,go
2025-02-23T08:00:00,Nest_Alpha,6.0,15.5,SE,21.7,59.5,0,13.8,go
2025-02-23T09:00:00,Nest_Alpha,13.2,22.4,E,23.2,60.9,0,15.8,go
2025-02-23T10:00:00,Nest_Alpha,11.2,19.4,N,23.5,56.7,0,13.4,go
2025-02-23T11:00:00,Nest_Alpha,8.4,11.7,N,24.5,46.2,0,16.0,go
2025-02-23T12:00:00,Nest_Alpha,16.4,20.5,NE,24.6,60.0,0,14.5,go
2025-02-23T13:00:00,Nest_Alpha,15.3,21.0,E,25.6,75.2,0,16.1,go
2025-02-23T14:00:00,Nest_Alpha,17.2,21.8,S,24.9,54.6,0,15.8,go
2025-02-23T15:00:00,Nest_Alpha,15.4,17.5,SE,24.6,77.7,0,15.3,go
2025-02-23T16:00:00,Nest_Alpha,18.7,26.9,SE,23.4,61.7,0,14.7,go
2025-02-23T17:00:00,Nest_Alpha,18.0,27.4,SW,22.8,45.8,0,14.5,go
2025-02-23T18:00:00,Nest_Alpha,17.5,23.0,S,22.8,59.5,0,15.0,go
2025-02-23T19:00:00,Nest_Alpha,16.5,24.3,SW,21.0,64.4,0,16.1,go
2025-02-23T20:00:00,Nest_Alpha,15.5,24.1,E,20.0,48.8,0,13.6,go
2025-02-23T21:00:00,Nest_Alpha,14.6,24.4,S,18.4,71.9,0,15.3,go
2025-02-23T22:00:00,Nest_Alpha,14.3,21.8,W,17.6,62.6,0,14.9,go
2025-02-23T23:00:00,Nest_Alpha,11.2,14.1,NW,16.0,66.1,0,15.3,go
2025-02-23T00:00:00,Nest_Beta,7.0,11.1,W,16.7,48.5,0,15.0,go
2025-02-23T01:00:00,Nest_Beta,6.9,14.5,NW,16.1,58.3,0,13.2,go
2025-02-23T02:00:00,Nest_Beta,10.5,15.3,NE,17.6,77.0,0,13.4,go
2025-02-23T03:00:00,Nest_Beta,6.2,13.9,E,18.6,63.0,0,15.3,go
2025-02-23T04:00:00,Nest_Beta,2,6.9,NW,18.4,53.7,0,15.6,go
2025-02-23T05:00:00,Nest_Beta,6.7,12.4,S,19.1,59.7,0,14.1,go
2025-02-23T06:00:00,Nest_Beta,2.8,7.0,SE,18.7,54.4,0,13.9,go
2025-02-23T07:00:00,Nest_Beta,5.4,8.4,NW,21.0,56.8,0,15.4,go
2025-02-23T08:00:00,Nest_Beta,11.5,20.8,NE,22.7,61.9,0,14.3,go
2025-02-23T09:00:00,Nest_Beta,8.4,16.4,S,21.9,70.7,0,15.5,go
2025-02-23T10:00:00,Nest_Beta,12.2,21.9,W,23.2,48.8,0,13.4,go
2025-02-23T11:00:00,Nest_Beta,10.9,18.3,N,24.0,60.2,0,14.7,go
2025-02-23T12:00:00,Nest_Beta,10.1,15.4,W,23.7,41.5,0,14.9,go
2025-02-23T13:00:00,Nest_Beta,10.1,13.4,N,24.3,71.1,0,14.4,go
2025-02-23T14:00:00,Nest_Beta,11.5,15.2,SW,25.5,71.8,0,14.6,go
2025-02-23T15:00:00,Nest_Beta,17.3,22.3,W,24.5,58.1,0,14.8,go
2025-02-23T16:00:00,Nest_Beta,13.2,18.2,N,24.8,56.1,0,15.1,go
2025-02-23T17:00:00,Nest_Beta,17.8,20.8,W,23.3,58.2,0,16.2,go
2025-02-23T18:00:00,Nest_Beta,16.5,26.4,S,22.8,38.4,0,14.5,go
2025-02-23T19:00:00,Nest_Beta,22.9,29.1,N,21.0,53.2,0,15.4,go
2025-02-23T20:00:00,Nest_Beta,10.7,15.9,SE,21.0,53.8,0,15.7,go
2025-02-23T21:00:00,Nest_Beta,17.5,19.8,S,18.3,75.9,0,13.7,go
2025-02-23T22:00:00,Nest_Beta,16.3,20.2,N,17.4,49.5,0,15.6,go
2025-02-23T23:00:00,Nest_Beta,12.1,17.6,N,17.6,67.4,0,15.6,go
2025-02-23T00:00:00,Nest_Gamma,10.5,20.2,SW,15.9,65.8,0,15.5,go
2025-02-23T01:00:00,Nest_Gamma,6.0,13.2,N,16.6,58.0,0,15.4,go
2025-02-23T02:00:00,Nest_Gamma,2.8,9.5,NW,15.6,53.9,0,15.1,go
2025-02-23T03:00:00,Nest_Gamma,6.6,13.4,S,17.1,67.1,0,16.0,go
2025-02-23T04:00:00,Nest_Gamma,6.5,9.9,NE,19.7,53.6,0,15.7,go
2025-02-23T05:00:00,Nest_Gamma,5.0,13.1,W,18.9,58.6,0,13.9,go
2025-02-23T06:00:00,Nest_Gamma,3.6,11.6,NE,20.2,76.7,0,15.2,go
2025-02-23T07:00:00,Nest_Gamma,3.5,8.5,SE,20.6,53.6,0,16.0,go
2025-02-23T08:00:00,Nest_Gamma,8.2,14.6,SW,20.7,56.5,0,14.1,go
2025-02-23T09:00:00,Nest_Gamma,9.1,13.3,SW,23.1,73.0,0,17.0,go
2025-02-23T10:00:00,Nest_Gamma,7.7,12.6,N,22.8,54.4,0,14.2,go
2025-02-23T11:00:00,Nest_Gamma,10.6,16.9,NE,24.1,60.5,0,15.5,go
2025-02-23T12:00:00,Nest_Gamma,12.0,17.5,NE,25.2,65.1,0,15.7,go
2025-02-23T13:00:00,Nest_Gamma,7.9,15.4,NW,24.1,49.1,0,16.8,go
2025-02-23T14:00:00,Nest_Gamma,15.3,18.6,NW,25.0,63.1,0,15.2,go
2025-02-23T15:00:00,Nest_Gamma,13.4,22.4,SE,24.8,51.9,0,13.1,go
2025-02-23T16:00:00,Nest_Gamma,14.7,24.7,NE,22.0,57.3,0,14.6,go
2025-02-23T17:00:00,Nest_Gamma,19.4,22.8,SE,21.9,62.7,0,15.5,go
2025-02-23T18:00:00,Nest_Gamma,15.0,17.2,N,21.6,51.4,0,15.2,go
2025-02-23T19:00:00,Nest_Gamma,13.8,18.4,NE,21.8,51.3,0,14.7,go
2025-02-23T20:00:00,Nest_Gamma,12.7,16.7,W,19.2,57.9,0,13.8,go
2025-02-23T21:00:00,Nest_Gamma,13.2,19.6,SW,18.5,58.5,0,15.1,go
2025-02-23T22:00:00,Nest_Gamma,13.1,19.7,NE,18.0,50.7,0,13.5,go
2025-02-23T23:00:00,Nest_Gamma,9.1,11.9,SE,18.6,71.1,0,15.7,go
2025-02-23T00:00:00,Nest_Delta,13.6,21.3,SW,17.1,43.8,0,15.2,go
2025-02-23T01:00:00,Nest_Delta,5.2,10.6,SW,16.6,73.2,0,13.2,go
2025-02-23T02:00:00,Nest_Delta,9.0,16.8,NE,16.5,53.9,0,15.9,go
2025-02-23T03:00:00,Nest_Delta,7.6,16.7,W,17.3,65.9,0,14.0,go
2025-02-23T04:00:00,Nest_Delta,4.9,8.3,E,19.1,72.9,0,15.9,go
2025-02-23T05:00:00,Nest_Delta,2.4,7.5,N,18.7,46.5,0,15.1,go
2025-02-23T06:00:00,Nest_Delta,8.7,12.0,SE,19.0,65.5,0,14.8,go
2025-02-23T07:00:00,Nest_Delta,4.5,7.5,S,21.7,44.8,0,14.0,go
2025-02-23T08:00:00,Nest_Delta,5.9,11.1,NE,22.2,68.2,0,15.7,go
2025-02-23T09:00:00,Nest_Delta,13.9,22.4,N,23.5,54.4,0,14.8,go
2025-02-23T10:00:00,Nest_Delta,11.7,15.9,E,24.3,45.6,0,14.2,go
2025-02-23T11:00:00,Nest_Delta,9.9,13.1,S,23.5,57.6,0,13.8,go
2025-02-23T12:00:00,Nest_Delta,14.6,18.7,W,23.5,52.7,0,13.3,go
2025-02-23T13:00:00,Nest_Delta,13.8,16.3,W,25.0,46.6,0,15.3,go
2025-02-23T14:00:00,Nest_Delta,17.1,24.0,N,24.2,50.1,0,17.6,go
2025-02-23T15:00:00,Nest_Delta,15.4,19.9,NE,24.2,48.3,0,14.0,go
2025-02-23T16:00:00,Nest_Delta,21.3,27.9,SE,24.5,58.9,0,12.7,go
2025-02-23T17:00:00,Nest_Delta,20.8,27.7,SE,22.7,56.4,0,15.4,go
2025-02-23T18:00:00,Nest_Delta,17.3,21.9,W,21.1,58.4,0,13.4,go
2025-02-23T19:00:00,Nest_Delta,14.9,20.3,S,20.7,64.2,0,15.7,go
2025-02-23T20:00:00,Nest_Delta,18.3,26.0,E,20.5,44.9,0,14.3,go
2025-02-23T21:00:00,Nest_Delta,14.5,24.0,E,20.0,71.2,0,16.3,go
2025-02-23T22:00:00,Nest_Delta,12.3,18.8,S,19.0,68.5,0,14.5,go
2025-02-23T23:00:00,Nest_Delta,12.2,18.6,S,17.6,51.4,0,16.3,go
2025-02-24T00:00:00,Nest_Alpha,6.6,12.4,SE,17.2,68.3,0,14.6,go
2025-02-24T01:00:00,Nest_Alpha,10.2,14.2,NW,17.8,63.0,0,15.4,go
2025-02-24T02:00:00,Nest_Alpha,8.2,10.6,NE,16.7,68.6,0,14.7,go
2025-02-24T03:00:00,Nest_Alpha,9.3,15.5,S,17.5,55.3,0,15.2,go
2025-02-24T04:00:00,Nest_Alpha,8.6,17.1,E,18.6,59.2,0,12.0,go
2025-02-24T05:00:00,Nest_Alpha,5.6,10.8,SE,20.0,29.3,0,14.5,go
2025-02-24T06:00:00,Nest_Alpha,8.1,13.5,SE,20.0,51.3,0,16.3,go
2025-02-24T07:00:00,Nest_Alpha,6.3,9.9,S,21.9,53.7,0,17.3,go
2025-02-24T08:00:00,Nest_Alpha,11.3,13.5,S,21.8,64.9,0,13.8,go
2025-02-24T09:00:00,Nest_Alpha,8.9,17.7,S,23.9,52.0,0,13.9,go
2025-02-24T10:00:00,Nest_Alpha,13.4,18.3,W,22.7,61.8,0,13.5,go
2025-02-24T11:00:00,Nest_Alpha,15.6,23.2,E,25.5,68.8,0,15.1,go
2025-02-24T12:00:00,Nest_Alpha,14.5,20.5,W,24.2,53.6,0,16.1,go
2025-02-24T13:00:00,Nest_Alpha,14.4,17.1,S,24.6,58.5,0,14.8,go
2025-02-24T14:00:00,Nest_Alpha,16.4,19.5,N,25.1,50.2,0,15.2,go
2025-02-24T15:00:00,Nest_Alpha,16.6,20.0,E,24.8,30.5,0,13.6,go
2025-02-24T16:00:00,Nest_Alpha,18.8,26.1,NW,24.7,61.0,0,15.2,go
2025-02-24T17:00:00,Nest_Alpha,20.3,23.0,S,22.4,55.3,0,17.4,go
2025-02-24T18:00:00,Nest_Alpha,21.7,31.0,W,21.3,62.4,0,13.5,go
2025-02-24T19:00:00,Nest_Alpha,13.8,22.9,N,20.5,76.0,0,13.9,go
2025-02-24T20:00:00,Nest_Alpha,20.2,23.4,SE,19.4,61.2,0,16.3,go
2025-02-24T21:00:00,Nest_Alpha,15.8,20.8,N,19.4,54.0,0,15.5,go
2025-02-24T22:00:00,Nest_Alpha,16.1,22.6,N,18.8,47.6,0,14.9,go
2025-02-24T23:00:00,Nest_Alpha,15.0,23.0,SE,16.6,52.7,0,14.5,go
2025-02-24T00:00:00,Nest_Beta,12.1,19.8,E,17.6,55.7,0,16.1,go
2025-02-24T01:00:00,Nest_Beta,9.0,12.7,S,17.4,56.3,0,13.6,go
2025-02-24T02:00:00,Nest_Beta,13.0,20.1,E,16.8,69.4,0,12.0,go
2025-02-24T03:00:00,Nest_Beta,5.1,14.6,S,18.0,71.2,0,15.5,go
2025-02-24T04:00:00,Nest_Beta,4.7,7.0,SW,19.1,54.2,0,15.8,go
2025-02-24T05:00:00,Nest_Beta,2,11.7,SW,16.5,45.1,0,14.6,go
2025-02-24T06:00:00,Nest_Beta,4.0,7.6,N,20.5,50.9,0,15.3,go
2025-02-24T07:00:00,Nest_Beta,9.0,18.8,SW,20.2,66.4,0,14.5,go
2025-02-24T08:00:00,Nest_Beta,10.4,20.0,N,21.5,53.9,0,15.4,go
2025-02-24T09:00:00,Nest_Beta,10.8,13.6,NW,24.0,57.6,0,13.8,go
2025-02-24T10:00:00,Nest_Beta,4.4,11.8,NE,23.7,65.8,0,14.8,go
2025-02-24T11:00:00,Nest_Beta,13.1,22.1,S,25.8,61.5,0,15.2,go
2025-02-24T12:00:00,Nest_Beta,13.2,19.0,SW,25.0,55.6,0,15.1,go
2025-02-24T13:00:00,Nest_Beta,13.8,22.1,E,24.4,63.3,0,15.9,go
2025-02-24T14:00:00,Nest_Beta,10.4,18.6,NW,23.9,61.4,0,15.6,go
2025-02-24T15:00:00,Nest_Beta,14.6,18.7,SE,25.1,41.6,0,14.5,go
2025-02-24T16:00:00,Nest_Beta,16.1,24.9,W,23.7,45.3,0,14.5,go
2025-02-24T17:00:00,Nest_Beta,19.6,27.8,SW,23.4,67.6,0,15.1,go
2025-02-24T18:00:00,Nest_Beta,14.4,23.9,SW,21.8,54.5,0,15.3,go
2025-02-24T19:00:00,Nest_Beta,14.7,22.6,SE,21.6,62.8,0,15.8,go
2025-02-24T20:00:00,Nest_Beta,12.4,14.6,E,20.5,55.1,0,15.5,go
2025-02-24T21:00:00,Nest_Beta,11.4,20.9,N,19.5,65.0,0,14.4,go
2025-02-24T22:00:00,Nest_Beta,8.3,11.3,NE,18.0,40.1,0,13.3,go
2025-02-24T23:00:00,Nest_Beta,9.5,13.0,N,16.8,56.9,0,14.4,go
2025-02-24T00:00:00,Nest_Gamma,8.2,12.5,SE,16.6,59.0,0,15.0,go
2025-02-24T01:00:00,Nest_Gamma,7.7,11.8,E,17.6,63.4,0,12.8,go
2025-02-24T02:00:00,Nest_Gamma,6.6,15.6,W,17.4,54.5,0,13.7,go
2025-02-24T03:00:00,Nest_Gamma,6.8,13.5,SE,17.0,57.7,0,16.0,go
2025-02-24T04:00:00,Nest_Gamma,9.8,13.6,W,18.5,52.9,0,16.5,go
2025-02-24T05:00:00,Nest_Gamma,5.1,10.9,S,18.7,72.5,0,14.7,go
2025-02-24T06:00:00,Nest_Gamma,7.0,16.1,E,19.4,58.6,0,17.1,go
2025-02-24T07:00:00,Nest_Gamma,8.6,11.8,NE,21.0,66.1,0,13.1,go
2025-02-24T08:00:00,Nest_Gamma,9.2,18.3,S,23.0,64.9,0,13.9,go
2025-02-24T09:00:00,Nest_Gamma,8.3,12.8,N,23.4,56.2,0,15.5,go
2025-02-24T10:00:00,Nest_Gamma,7.1,12.5,NE,24.6,58.2,0,15.1,go
2025-02-24T11:00:00,Nest_Gamma,8.6,16.4,SW,25.3,62.0,0,15.9,go
2025-02-24T12:00:00,Nest_Gamma,8.8,11.3,SW,26.1,58.7,0,15.2,go
2025-02-24T13:00:00,Nest_Gamma,14.5,19.2,NE,26.0,63.1,0,16.1,go
2025-02-24T14:00:00,Nest_Gamma,16.9,25.0,S,25.1,73.9,0,15.8,go
2025-02-24T15:00:00,Nest_Gamma,19.8,26.6,E,23.0,57.5,0,16.3,go
2025-02-24T16:00:00,Nest_Gamma,18.0,23.6,N,23.7,48.2,0,15.8,go
2025-02-24T17:00:00,Nest_Gamma,17.2,21.3,N,23.8,55.4,0,17.2,go
2025-02-24T18:00:00,Nest_Gamma,13.3,17.4,N,23.0,68.3,0,14.9,go
2025-02-24T19:00:00,Nest_Gamma,13.1,21.7,SE,21.8,48.2,0,15.0,go
2025-02-24T20:00:00,Nest_Gamma,9.5,13.3,NW,19.7,61.0,0,15.1,go
2025-02-24T21:00:00,Nest_Gamma,12.6,15.3,S,18.9,59.3,0,14.5,go
2025-02-24T22:00:00,Nest_Gamma,8.8,13.1,W,18.6,63.5,0,15.2,go
2025-02-24T23:00:00,Nest_Gamma,7.0,13.5,SW,17.4,57.7,0,15.1,go
2025-02-24T00:00:00,Nest_Delta,9.3,17.7,SE,17.8,43.7,0,14.8,go
2025-02-24T01:00:00,Nest_Delta,10.8,13.1,NE,16.9,45.7,0,15.0,go
2025-02-24T02:00:00,Nest_Delta,10.9,13.4,SW,17.6,41.9,0,15.6,go
2025-02-24T03:00:00,Nest_Delta,6.8,11.8,W,17.6,56.2,0,14.9,go
2025-02-24T04:00:00,Nest_Delta,7.0,10.8,SW,16.9,54.0,0,15.7,go
2025-02-24T05:00:00,Nest_Delta,9.2,11.9,NE,18.8,53.6,0,14.4,go
2025-02-24T06:00:00,Nest_Delta,10.4,14.0,SW,19.6,47.6,0,12.9,go
2025-02-24T07:00:00,Nest_Delta,6.0,12.7,S,20.3,62.0,0,15.0,go
2025-02-24T08:00:00,Nest_Delta,10.7,19.6,N,21.8,48.6,0,15.1,go
2025-02-24T09:00:00,Nest_Delta,9.3,16.6,S,23.5,61.6,0,15.1,go
2025-02-24T10:00:00,Nest_Delta,11.7,20.8,S,26.4,83.5,0,15.1,go
2025-02-24T11:00:00,Nest_Delta,15.2,23.9,SW,24.3,64.9,0,16.7,go
2025-02-24T12:00:00,Nest_Delta,12.2,18.5,W,24.5,58.6,0,13.5,go
2025-02-24T13:00:00,Nest_Delta,16.6,23.7,E,25.3,69.8,0,14.5,go
2025-02-24T14:00:00,Nest_Delta,18.0,25.5,N,24.4,50.6,0,13.9,go
2025-02-24T15:00:00,Nest_Delta,14.4,24.2,W,23.9,57.1,0,15.5,go
2025-02-24T16:00:00,Nest_Delta,16.2,23.5,NW,23.8,54.6,0,14.0,go
2025-02-24T17:00:00,Nest_Delta,17.4,23.2,SE,23.9,51.2,0,15.7,go
2025-02-24T18:00:00,Nest_Delta,15.4,22.0,E,21.0,77.7,0,14.4,go
2025-02-24T19:00:00,Nest_Delta,19.7,23.9,W,20.6,59.6,0,16.8,go
2025-02-24T20:00:00,Nest_Delta,15.7,23.2,NE,19.1,62.0,0,14.7,go
2025-02-24T21:00:00,Nest_Delta,16.1,24.5,SE,19.7,47.0,0,16.6,go
2025-02-24T22:00:00,Nest_Delta,16.7,20.4,NE,17.5,57.3,0,15.5,go
2025-02-24T23:00:00,Nest_Delta,5.3,13.9,NE,18.6,50.8,0,15.2,go
2025-02-25T00:00:00,Nest_Alpha,11.9,16.1,SE,17.4,67.0,0,13.7,go
2025-02-25T01:00:00,Nest_Alpha,9.3,16.1,W,16.5,46.7,0,13.0,go
2025-02-25T02:00:00,Nest_Alpha,6.8,11.8,S,16.5,35.0,0,16.1,go
2025-02-25T03:00:00,Nest_Alpha,7.2,14.7,SE,17.0,48.8,0,14.9,go
2025-02-25T04:00:00,Nest_Alpha,7.4,15.9,N,17.6,59.0,0,17.1,go
2025-02-25T05:00:00,Nest_Alpha,10.5,18.0,NE,19.4,70.2,0,14.4,go
2025-02-25T06:00:00,Nest_Alpha,12.8,19.9,SE,18.8,47.8,0,14.2,go
2025-02-25T07:00:00,Nest_Alpha,11.4,18.5,N,19.6,45.5,0,13.9,go
2025-02-25T08:00:00,Nest_Alpha,12.6,17.7,N,23.2,68.3,0,14.9,go
2025-02-25T09:00:00,Nest_Alpha,7.5,10.7,NW,22.8,48.1,0,14.1,go
2025-02-25T10:00:00,Nest_Alpha,8.1,15.8,S,24.8,65.5,0,18,go
2025-02-25T11:00:00,Nest_Alpha,10.1,12.2,W,24.2,62.9,0,13.9,go
2025-02-25T12:00:00,Nest_Alpha,11.1,17.4,S,23.9,66.9,0,14.4,go
2025-02-25T13:00:00,Nest_Alpha,10.8,17.1,NW,25.6,62.0,0,15.2,go
2025-02-25T14:00:00,Nest_Alpha,15.6,19.0,SE,24.4,42.1,0,16.1,go
2025-02-25T15:00:00,Nest_Alpha,18.2,24.9,NW,23.9,70.7,0,13.1,go
2025-02-25T16:00:00,Nest_Alpha,20.0,26.6,SW,24.2,45.5,0,13.4,go
2025-02-25T17:00:00,Nest_Alpha,21.0,26.9,E,23.0,59.5,0,16.3,go
2025-02-25T18:00:00,Nest_Alpha,17.8,24.6,E,22.4,66.4,0,15.9,go
2025-02-25T19:00:00,Nest_Alpha,16.1,20.7,NW,21.6,42.9,0,14.2,go
2025-02-25T20:00:00,Nest_Alpha,16.3,21.8,NW,21.5,55.0,0,14.9,go
2025-02-25T21:00:00,Nest_Alpha,16.8,19.0,SW,18.5,42.3,0,16.1,go
2025-02-25T22:00:00,Nest_Alpha,13.4,21.6,W,17.0,59.7,0,16.0,go
2025-02-25T23:00:00,Nest_Alpha,13.7,16.6,SE,17.9,62.1,0,13.5,go
2025-02-25T00:00:00,Nest_Beta,10.8,15.2,S,15.6,58.6,0,15.7,go
2025-02-25T01:00:00,Nest_Beta,12.4,16.5,NW,17.3,67.6,0,16.5,go
2025-02-25T02:00:00,Nest_Beta,8.1,15.1,W,17.2,65.2,0,12.9,go
2025-02-25T03:00:00,Nest_Beta,6.3,13.3,N,16.9,57.9,0,13.4,go
2025-02-25T04:00:00,Nest_Beta,3.4,7.5,SW,16.8,66.7,0,12.8,go
2025-02-25T05:00:00,Nest_Beta,4.5,12.4,S,18.8,59.1,0,16.1,go
2025-02-25T06:00:00,Nest_Beta,3.9,8.3,NE,20.2,55.5,0,14.4,go
2025-02-25T07:00:00,Nest_Beta,8.6,14.3,SE,20.9,42.4,0,14.8,go
2025-02-25T08:00:00,Nest_Beta,9.7,17.2,SE,21.6,55.0,0,16.3,go
2025-02-25T09:00:00,Nest_Beta,3.6,11.3,SW,23.7,51.3,0,14.6,go
2025-02-25T10:00:00,Nest_Beta,7.6,10.0,SW,24.1,70.0,0,15.2,go
2025-02-25T11:00:00,Nest_Beta,10.8,13.5,S,24.5,65.0,0,14.2,go
2025-02-25T12:00:00,Nest_Beta,10.0,19.5,SE,25.3,43.2,0,14.7,go
2025-02-25T13:00:00,Nest_Beta,14.3,18.5,NE,24.6,63.0,0,14.9,go
2025-02-25T14:00:00,Nest_Beta,11.3,18.6,W,24.6,51.3,0,15.4,go
2025-02-25T15:00:00,Nest_Beta,14.3,18.2,SW,24.1,68.0,0,15.7,go
2025-02-25T16:00:00,Nest_Beta,16.0,18.5,SW,24.2,59.7,0,14.4,go
2025-02-25T17:00:00,Nest_Beta,13.2,19.1,E,22.7,48.7,0,14.1,go
2025-02-25T18:00:00,Nest_Beta,18.2,23.1,NW,22.3,56.5,0,14.1,go
2025-02-25T19:00:00,Nest_Beta,17.4,27.0,N,21.1,53.9,0,15.9,go
2025-02-25T20:00:00,Nest_Beta,9.7,12.7,SW,20.4,65.7,0,15.1,go
2025-02-25T21:00:00,Nest_Beta,12.5,16.7,NE,19.3,54.6,0,14.9,go
2025-02-25T22:00:00,Nest_Beta,8.6,11.4,SW,17.7,61.8,0,15.2,go
2025-02-25T23:00:00,Nest_Beta,8.4,12.9,NE,18.3,60.0,0,12.2,go
2025-02-25T00:00:00,Nest_Gamma,8.2,16.1,NW,17.1,52.4,0,14.5,go
2025-02-25T01:00:00,Nest_Gamma,11.6,18.5,SE,16.4,59.7,0,16.3,go
2025-02-25T02:00:00,Nest_Gamma,3.3,11.3,NW,18.3,52.2,0,15.2,go
2025-02-25T03:00:00,Nest_Gamma,6.2,13.9,NE,18.3,54.5,0,15.1,go
2025-02-25T04:00:00,Nest_Gamma,5.5,10.4,W,19.3,56.3,0,14.9,go
2025-02-25T05:00:00,Nest_Gamma,8.5,12.2,NW,19.0,58.6,0,13.8,go
2025-02-25T06:00:00,Nest_Gamma,6.7,15.6,SE,20.5,59.2,0,13.6,go
2025-02-25T07:00:00,Nest_Gamma,4.9,14.5,SW,21.6,59.0,0,13.7,go
2025-02-25T08:00:00,Nest_Gamma,4.0,11.4,W,21.4,47.1,0,16.0,go
2025-02-25T09:00:00,Nest_Gamma,3.1,10.7,NW,24.3,45.7,0,14.7,go
2025-02-25T10:00:00,Nest_Gamma,10.7,20.3,S,24.5,57.7,0,12.6,go
2025-02-25T11:00:00,Nest_Gamma,10.1,12.2,S,25.5,67.8,0,13.2,go
2025-02-25T12:00:00,Nest_Gamma,11.1,20.0,N,24.7,65.7,0,14.7,go
2025-02-25T13:00:00,Nest_Gamma,15.9,23.7,W,25.4,60.8,0,15.4,go
2025-02-25T14:00:00,Nest_Gamma,13.2,18.5,E,25.1,55.5,0,16.0,go
2025-02-25T15:00:00,Nest_Gamma,14.8,20.1,W,24.2,41.3,0,16.3,go
2025-02-25T16:00:00,Nest_Gamma,17.9,22.1,W,24.5,79.6,0,15.4,go
2025-02-25T17:00:00,Nest_Gamma,16.4,21.2,NE,23.2,67.0,0,14.7,go
2025-02-25T18:00:00,Nest_Gamma,16.4,25.1,W,22.6,46.9,0,13.9,go
2025-02-25T19:00:00,Nest_Gamma,11.8,20.3,W,21.2,63.3,0,14.2,go
2025-02-25T20:00:00,Nest_Gamma,15.1,24.1,SE,20.2,53.3,0,13.7,go
2025-02-25T21:00:00,Nest_Gamma,11.1,18.6,SE,19.1,45.9,0,15.3,go
2025-02-25T22:00:00,Nest_Gamma,13.6,18.6,N,18.1,56.3,0,14.2,go
2025-02-25T23:00:00,Nest_Gamma,12.8,22.3,N,18.5,61.4,0,16.1,go
2025-02-25T00:00:00,Nest_Delta,8.0,10.3,S,17.9,63.2,0,14.0,go
2025-02-25T01:00:00,Nest_Delta,6.9,12.2,W,16.8,51.9,0,14.4,go
2025-02-25T02:00:00,Nest_Delta,10.3,14.0,S,17.1,61.1,0,16.0,go
2025-02-25T03:00:00,Nest_Delta,7.4,15.2,E,18.3,56.5,0,16.1,go
2025-02-25T04:00:00,Nest_Delta,7.3,13.7,S,18.7,54.2,0,15.2,go
2025-02-25T05:00:00,Nest_Delta,3.0,5.6,E,18.6,56.0,0,14.0,go
2025-02-25T06:00:00,Nest_Delta,4.0,13.8,W,20.6,64.3,0,16.1,go
2025-02-25T07:00:00,Nest_Delta,4.8,9.5,E,22.1,69.9,0,14.8,go
2025-02-25T08:00:00,Nest_Delta,2.6,11.2,E,21.7,50.9,0,15.7,go
2025-02-25T09:00:00,Nest_Delta,13.4,21.2,N,23.4,75.6,0,13.5,go
2025-02-25T10:00:00,Nest_Delta,13.6,20.0,NE,22.9,63.5,0,15.6,go
2025-02-25T11:00:00,Nest_Delta,10.1,12.4,NE,24.8,53.8,0,14.9,go
2025-02-25T12:00:00,Nest_Delta,16.2,26.1,E,24.6,47.4,0,15.2,go
2025-02-25T13:00:00,Nest_Delta,15.9,18.6,NW,24.7,77.4,0,15.3,go
2025-02-25T14:00:00,Nest_Delta,12.3,16.9,SW,25.9,58.6,0,16.2,go
2025-02-25T15:00:00,Nest_Delta,14.7,24.6,SE,24.7,44.0,0,16.7,go
2025-02-25T16:00:00,Nest_Delta,13.6,15.8,S,23.5,46.1,0,15.4,go
2025-02-25T17:00:00,Nest_Delta,17.2,25.8,NW,21.8,59.9,0,15.7,go
2025-02-25T18:00:00,Nest_Delta,15.8,19.2,W,22.2,42.5,0,14.1,go
2025-02-25T19:00:00,Nest_Delta,18.1,21.1,S,21.7,61.0,0,14.9,go
2025-02-25T20:00:00,Nest_Delta,16.3,25.9,S,21.4,62.1,0,13.3,go
2025-02-25T21:00:00,Nest_Delta,16.0,18.5,E,18.5,42.4,0,15.3,go
2025-02-25T22:00:00,Nest_Delta,12.9,16.0,S,18.9,53.5,0,14.5,go
2025-02-25T23:00:00,Nest_Delta,12.1,21.5,SW,18.1,71.4,0,15.6,go
2025-02-26T00:00:00,Nest_Alpha,12.0,19.5,S,17.6,54.9,0,16.3,go
2025-02-26T01:00:00,Nest_Alpha,9.5,15.6,N,16.9,63.2,0,14.4,go
2025-02-26T02:00:00,Nest_Alpha,11.0,14.4,S,16.0,60.8,0,15.2,go
2025-02-26T03:00:00,Nest_Alpha,6.1,12.5,SW,18.6,56.4,0,14.8,go
2025-02-26T04:00:00,Nest_Alpha,7.1,12.6,NE,18.4,47.9,0,16.7,go
2025-02-26T05:00:00,Nest_Alpha,10.0,12.3,SE,20.1,48.5,0,13.7,go
2025-02-26T06:00:00,Nest_Alpha,2,8.8,SE,18.7,53.9,0,14.9,go
2025-02-26T07:00:00,Nest_Alpha,10.3,15.1,NW,20.3,42.7,0,16.1,go
2025-02-26T08:00:00,Nest_Alpha,10.4,12.4,SE,21.9,60.9,0,16.3,go
2025-02-26T09:00:00,Nest_Alpha,11.7,18.8,SE,22.6,55.5,0,15.9,go
2025-02-26T10:00:00,Nest_Alpha,12.3,19.8,E,23.2,57.8,0,12.9,go
2025-02-26T11:00:00,Nest_Alpha,11.0,15.2,NE,24.8,54.2,0,14.4,go
2025-02-26T12:00:00,Nest_Alpha,17.1,25.3,S,24.3,67.1,0,15.7,go
2025-02-26T13:00:00,Nest_Alpha,15.0,19.3,NE,25.4,69.0,0,16.1,go
2025-02-26T14:00:00,Nest_Alpha,16.4,23.8,S,24.8,63.8,0,14.9,go
2025-02-26T15:00:00,Nest_Alpha,16.3,23.4,W,24.3,45.8,0,13.9,go
2025-02-26T16:00:00,Nest_Alpha,20.0,28.5,SW,22.5,54.2,0,16.2,go
2025-02-26T17:00:00,Nest_Alpha,15.0,20.0,NE,22.8,69.8,0,13.7,go
2025-02-26T18:00:00,Nest_Alpha,14.6,17.1,SW,23.6,76.4,0,15.1,go
2025-02-26T19:00:00,Nest_Alpha,14.2,22.0,N,21.4,34.9,0,15.2,go
2025-02-26T20:00:00,Nest_Alpha,17.5,22.7,SW,20.1,61.2,0,16.4,go
2025-02-26T21:00:00,Nest_Alpha,19.1,23.1,SE,19.4,62.0,0,15.8,go
2025-02-26T22:00:00,Nest_Alpha,16.4,20.9,SW,18.6,61.7,0,16.3,go
2025-02-26T23:00:00,Nest_Alpha,16.4,24.4,S,17.3,54.8,0,14.0,go
2025-02-26T00:00:00,Nest_Beta,7.2,13.5,N,17.7,62.3,0,14.1,go
2025-02-26T01:00:00,Nest_Beta,10.0,12.5,NW,17.9,71.7,0,15.5,go
2025-02-26T02:00:00,Nest_Beta,12.5,18.9,N,17.3,50.8,0,15.6,go
2025-02-26T03:00:00,Nest_Beta,8.5,16.2,E,16.5,72.5,0,14.2,go
2025-02-26T04:00:00,Nest_Beta,4.7,7.6,SW,17.4,60.8,0,14.8,go
2025-02-26T05:00:00,Nest_Beta,3.6,8.7,NE,17.9,60.7,0,16.0,go
2025-02-26T06:00:00,Nest_Beta,8.6,16.2,N,20.0,53.2,0,15.7,go
2025-02-26T07:00:00,Nest_Beta,6.1,15.6,SE,20.4,57.7,0,15.1,go
2025-02-26T08:00:00,Nest_Beta,6.9,14.4,W,22.9,59.0,0,15.8,go
2025-02-26T09:00:00,Nest_Beta,12.3,18.9,NE,22.6,60.5,0,13.3,go
2025-02-26T10:00:00,Nest_Beta,7.0,16.4,SE,23.9,59.9,0,15.4,go
2025-02-26T11:00:00,Nest_Beta,10.7,19.6,NW,23.2,49.8,0,15.3,go
2025-02-26T12:00:00,Nest_Beta,12.6,21.0,W,24.9,55.3,0,16.4,go
2025-02-26T13:00:00,Nest_Beta,17.0,22.5,NW,24.3,49.4,0,14.8,go
2025-02-26T14:00:00,Nest_Beta,14.1,23.5,SW,26.3,55.4,0,14.2,go
2025-02-26T15:00:00,Nest_Beta,13.4,18.0,S,24.6,71.2,0,14.7,go
2025-02-26T16:00:00,Nest_Beta,15.4,18.0,N,23.4,54.0,0,15.5,go
2025-02-26T17:00:00,Nest_Beta,16.1,19.1,NW,23.8,60.7,0,13.9,go
2025-02-26T18:00:00,Nest_Beta,11.7,21.1,W,21.5,69.3,0,15.2,go
2025-02-26T19:00:00,Nest_Beta,17.4,23.7,SE,21.6,59.7,0,14.7,go
2025-02-26T20:00:00,Nest_Beta,14.4,17.2,NW,20.6,49.4,0,15.3,go
2025-02-26T21:00:00,Nest_Beta,16.3,25.5,S,20.2,61.7,0,13.7,go
2025-02-26T22:00:00,Nest_Beta,17.2,20.0,N,17.7,53.9,0,13.5,go
2025-02-26T23:00:00,Nest_Beta,12.8,20.1,NW,17.0,52.1,0,13.5,go
2025-02-26T00:00:00,Nest_Gamma,9.3,18.9,SW,17.5,55.9,0,14.9,go
2025-02-26T01:00:00,Nest_Gamma,4.9,7.4,W,17.9,67.5,0,15.5,go
2025-02-26T02:00:00,Nest_Gamma,5.9,13.5,S,18.3,46.2,0,14.3,go
2025-02-26T03:00:00,Nest_Gamma,12.7,20.5,W,17.8,52.4,0,14.6,go
2025-02-26T04:00:00,Nest_Gamma,6.0,9.1,W,18.7,76.4,0,15.0,go
2025-02-26T05:00:00,Nest_Gamma,6.4,14.5,SE,19.2,67.6,0,15.3,go
2025-02-26T06:00:00,Nest_Gamma,5.1,13.2,SE,19.9,60.0,0,15.2,go
2025-02-26T07:00:00,Nest_Gamma,2,11.8,E,21.6,56.8,0,14.1,go
2025-02-26T08:00:00,Nest_Gamma,7.1,13.5,NE,22.2,65.2,0,13.5,go
2025-02-26T09:00:00,Nest_Gamma,6.4,13.1,N,22.1,64.2,0,15.0,go
2025-02-26T10:00:00,Nest_Gamma,10.7,19.7,SW,24.7,61.2,0,16.0,go
2025-02-26T11:00:00,Nest_Gamma,9.2,17.0,SW,24.4,66.9,0,15.3,go
2025-02-26T12:00:00,Nest_Gamma,9.8,12.5,N,24.5,47.7,0,15.3,go
2025-02-26T13:00:00,Nest_Gamma,11.5,19.6,S,24.8,68.2,0,14.6,go
2025-02-26T14:00:00,Nest_Gamma,12.3,18.5,SW,23.6,39.3,0,15.3,go
2025-02-26T15:00:00,Nest_Gamma,7.4,15.7,SW,23.7,48.7,0,14.3,go
2025-02-26T16:00:00,Nest_Gamma,15.0,23.1,NW,24.4,51.2,0,13.8,go
2025-02-26T17:00:00,Nest_Gamma,15.4,21.6,S,21.9,54.8,0,16.9,go
2025-02-26T18:00:00,Nest_Gamma,14.2,18.0,N,21.2,58.7,0,15.1,go
2025-02-26T19:00:00,Nest_Gamma,13.9,19.4,W,21.6,53.7,0,14.5,go
2025-02-26T20:00:00,Nest_Gamma,12.8,17.7,SW,19.0,49.1,0,14.9,go
2025-02-26T21:00:00,Nest_Gamma,15.5,17.6,W,18.6,49.7,0,14.8,go
2025-02-26T22:00:00,Nest_Gamma,11.3,17.6,W,17.2,56.0,0,15.3,go
2025-02-26T23:00:00,Nest_Gamma,9.5,17.2,SE,16.6,79.5,0,14.9,go
2025-02-26T00:00:00,Nest_Delta,14.3,18.7,N,16.7,59.9,0,13.4,go
2025-02-26T01:00:00,Nest_Delta,12.1,16.4,NE,16.0,66.1,0,15.6,go
2025-02-26T02:00:00,Nest_Delta,11.7,16.6,SW,17.3,48.3,0,14.7,go
2025-02-26T03:00:00,Nest_Delta,11.4,19.0,W,17.9,63.3,0,15.2,go
2025-02-26T04:00:00,Nest_Delta,12.1,17.2,NE,18.4,52.7,0,15.1,go
2025-02-26T05:00:00,Nest_Delta,7.8,12.7,SW,19.5,72.5,0,13.5,go
2025-02-26T06:00:00,Nest_Delta,6.6,11.5,E,19.6,61.3,0,15.7,go
2025-02-26T07:00:00,Nest_Delta,7.3,16.6,W,20.8,57.1,0,14.7,go
2025-02-26T08:00:00,Nest_Delta,6.5,12.4,E,22.5,53.8,0,16.2,go
2025-02-26T09:00:00,Nest_Delta,8.6,18.5,SE,22.3,64.0,0,14.8,go
2025-02-26T10:00:00,Nest_Delta,11.1,17.5,N,23.0,57.7,0,15.7,go
2025-02-26T11:00:00,Nest_Delta,11.3,20.2,NE,24.8,65.3,0,15.5,go
2025-02-26T12:00:00,Nest_Delta,13.8,23.0,N,25.6,56.2,0,15.2,go
2025-02-26T13:00:00,Nest_Delta,15.6,24.4,NE,24.0,59.9,0,14.8,go
2025-02-26T14:00:00,Nest_Delta,17.1,27.0,E,24.3,57.1,0,16.2,go
2025-02-26T15:00:00,Nest_Delta,15.2,20.6,N,23.0,58.8,0,16.0,go
2025-02-26T16:00:00,Nest_Delta,15.6,18.8,N,23.5,61.8,0,14.9,go
2025-02-26T17:00:00,Nest_Delta,12.4,20.0,NW,22.7,71.3,0,16.6,go
2025-02-26T18:00:00,Nest_Delta,11.8,19.2,N,22.4,40.6,0,14.7,go
2025-02-26T19:00:00,Nest_Delta,13.4,22.4,S,21.1,51.9,0,15.3,go
2025-02-26T20:00:00,Nest_Delta,14.1,17.0,SE,19.3,55.3,0,15.2,go
2025-02-26T21:00:00,Nest_Delta,11.4,16.4,N,19.9,79.6,0,16.7,go
2025-02-26T22:00:00,Nest_Delta,11.8,21.6,E,17.7,55.6,0,14.9,go
2025-02-26T23:00:00,Nest_Delta,12.0,16.9,E,17.8,55.4,0,15.2,go
2025-02-27T00:00:00,Nest_Alpha,8.3,15.0,W,17.3,58.7,0,14.5,go
2025-02-27T01:00:00,Nest_Alpha,7.9,13.4,W,16.2,63.5,0,14.9,go
2025-02-27T02:00:00,Nest_Alpha,8.2,17.9,SE,17.8,50.6,0,14.5,go
2025-02-27T03:00:00,Nest_Alpha,9.5,19.0,NW,17.7,58.3,0,14.7,go
2025-02-27T04:00:00,Nest_Alpha,8.6,17.1,NE,16.9,75.7,0,15.9,go
2025-02-27T05:00:00,Nest_Alpha,7.9,13.1,NE,19.0,67.0,0,15.7,go
2025-02-27T06:00:00,Nest_Alpha,10.3,18.1,N,20.8,38.8,0,13.4,go
2025-02-27T07:00:00,Nest_Alpha,7.4,17.4,NE,21.3,68.5,0,13.9,go
2025-02-27T08:00:00,Nest_Alpha,13.2,17.5,NW,23.2,52.2,0,14.8,go
2025-02-27T09:00:00,Nest_Alpha,7.9,12.1,E,22.4,59.1,0,14.6,go
2025-02-27T10:00:00,Nest_Alpha,13.0,16.3,E,24.5,62.2,0,14.9,go
2025-02-27T11:00:00,Nest_Alpha,13.7,16.4,S,24.4,57.3,0,17.4,go
2025-02-27T12:00:00,Nest_Alpha,18.5,22.1,S,26.0,49.5,0,15.6,go
2025-02-27T13:00:00,Nest_Alpha,12.2,16.4,NE,24.3,50.0,0,15.6,go
2025-02-27T14:00:00,Nest_Alpha,11.5,16.5,N,24.7,50.6,0,15.5,go
2025-02-27T15:00:00,Nest_Alpha,16.3,21.3,S,25.0,57.6,0,17.3,go
2025-02-27T16:00:00,Nest_Alpha,15.2,19.4,W,23.4,50.8,0,15.7,go
2025-02-27T17:00:00,Nest_Alpha,19.3,27.4,S,23.5,67.4,0,13.8,go
2025-02-27T18:00:00,Nest_Alpha,20.2,25.6,SE,22.1,49.3,0,15.4,go
2025-02-27T19:00:00,Nest_Alpha,16.8,23.6,SE,21.4,70.0,0,17.9,go
2025-02-27T20:00:00,Nest_Alpha,12.5,17.5,NW,20.5,48.9,0,14.3,go
2025-02-27T21:00:00,Nest_Alpha,12.8,20.0,NW,18.4,51.5,0,15.9,go
2025-02-27T22:00:00,Nest_Alpha,14.3,19.9,W,19.4,66.3,0,15.8,go
2025-02-27T23:00:00,Nest_Alpha,15.2,21.5,NW,18.0,50.8,0,15.3,go
2025-02-27T00:00:00,Nest_Beta,6.6,11.5,W,17.2,74.1,0,15.8,go
2025-02-27T01:00:00,Nest_Beta,13.4,18.5,N,17.2,51.9,0,15.9,go
2025-02-27T02:00:00,Nest_Beta,2.9,5.3,S,17.2,64.1,0,16.4,go
2025-02-27T03:00:00,Nest_Beta,4.3,13.5,S,17.3,29.1,0,15.0,go
2025-02-27T04:00:00,Nest_Beta,7.7,11.0,N,18.0,67.7,0,13.2,go
2025-02-27T05:00:00,Nest_Beta,6.5,11.4,SE,17.5,48.5,0,15.1,go
2025-02-27T06:00:00,Nest_Beta,4.6,7.0,SE,20.5,59.8,0,15.1,go
2025-02-27T07:00:00,Nest_Beta,10.0,19.3,SW,20.3,66.7,0,15.8,go
2025-02-27T08:00:00,Nest_Beta,7.7,11.6,E,21.4,57.0,0,14.7,go
2025-02-27T09:00:00,Nest_Beta,8.6,13.8,SE,22.0,71.4,0,15.6,go
2025-02-27T10:00:00,Nest_Beta,11.2,13.7,W,23.7,59.4,0,14.6,go
2025-02-27T11:00:00,Nest_Beta,10.1,18.8,W,22.7,49.6,0,17.2,go
2025-02-27T12:00:00,Nest_Beta,7.1,12.8,S,24.2,63.3,0,15.2,go
2025-02-27T13:00:00,Nest_Beta,15.0,21.7,SW,25.6,58.5,0,14.9,go
2025-02-27T14:00:00,Nest_Beta,12.7,22.2,SW,25.6,63.0,0,15.4,go
2025-02-27T15:00:00,Nest_Beta,14.1,18.3,E,23.6,44.5,0,14.6,go
2025-02-27T16:00:00,Nest_Beta,12.9,16.5,SE,24.3,53.4,0,15.5,go
2025-02-27T17:00:00,Nest_Beta,17.1,21.9,NW,23.4,36.2,0,17.2,go
2025-02-27T18:00:00,Nest_Beta,13.7,22.2,E,21.6,68.3,0,15.6,go
2025-02-27T19:00:00,Nest_Beta,13.9,23.6,SW,21.2,50.1,0,14.7,go
2025-02-27T20:00:00,Nest_Beta,13.6,22.9,NW,19.6,47.4,0,15.1,go
2025-02-27T21:00:00,Nest_Beta,11.5,13.8,S,19.1,48.4,0,12.5,go
2025-02-27T22:00:00,Nest_Beta,13.2,22.3,NW,17.5,63.1,0,16.0,go
2025-02-27T23:00:00,Nest_Beta,12.1,15.5,N,18.3,67.5,0,15.1,go
2025-02-27T00:00:00,Nest_Gamma,10.6,17.3,W,17.0,65.3,0,16.1,go
2025-02-27T01:00:00,Nest_Gamma,8.9,16.6,NE,17.5,56.2,0,16.7,go
2025-02-27T02:00:00,Nest_Gamma,9.9,12.0,NW,17.1,56.1,0,14.7,go
2025-02-27T03:00:00,Nest_Gamma,2,5.8,SW,18.9,68.0,0,15.8,go
2025-02-27T04:00:00,Nest_Gamma,6.7,16.2,S,17.7,49.0,0,16.0,go
2025-02-27T05:00:00,Nest_Gamma,4.9,12.9,NE,18.3,35.1,0,14.1,go
2025-02-27T06:00:00,Nest_Gamma,4.1,7.7,SW,20.4,54.1,0,14.4,go
2025-02-27T07:00:00,Nest_Gamma,5.2,8.9,W,19.8,56.7,0,13.7,go
2025-02-27T08:00:00,Nest_Gamma,6.7,10.7,SE,22.2,43.1,0,14.9,go
2025-02-27T09:00:00,Nest_Gamma,2,7.2,SE,21.0,36.6,0,13.5,go
2025-02-27T10:00:00,Nest_Gamma,7.3,11.7,E,24.1,65.3,0,15.1,go
2025-02-27T11:00:00,Nest_Gamma,10.8,19.6,SE,24.8,77.7,0,13.5,go
2025-02-27T12:00:00,Nest_Gamma,12.2,15.4,SW,24.8,66.0,0,16.3,go
2025-02-27T13:00:00,Nest_Gamma,11.3,16.8,SE,25.9,68.0,0,15.1,go
2025-02-27T14:00:00,Nest_Gamma,12.5,19.9,N,24.9,47.3,0,16.1,go
2025-02-27T15:00:00,Nest_Gamma,16.3,25.2,NE,24.2,71.7,0,15.2,go
2025-02-27T16:00:00,Nest_Gamma,17.8,23.8,NE,22.9,59.5,0,15.8,go
2025-02-27T17:00:00,Nest_Gamma,17.5,20.1,SW,23.9,64.9,0,14.6,go
2025-02-27T18:00:00,Nest_Gamma,15.9,25.9,S,21.8,56.0,0,17.1,go
2025-02-27T19:00:00,Nest_Gamma,12.7,15.5,E,20.6,55.5,0,13.8,go
2025-02-27T20:00:00,Nest_Gamma,13.2,15.4,N,21.6,65.8,0,14.1,go
2025-02-27T21:00:00,Nest_Gamma,10.1,17.2,NE,19.7,59.0,0,15.9,go
2025-02-27T22:00:00,Nest_Gamma,11.4,20.2,SE,18.6,58.6,0,15.2,go
2025-02-27T23:00:00,Nest_Gamma,9.3,11.6,N,18.1,59.0,0,14.0,go
2025-02-27T00:00:00,Nest_Delta,8.1,13.1,SE,17.1,53.4,0,13.6,go
2025-02-27T01:00:00,Nest_Delta,8.0,12.2,W,16.7,53.9,0,15.1,go
2025-02-27T02:00:00,Nest_Delta,9.6,19.2,NE,17.8,55.4,0,16.3,go
2025-02-27T03:00:00,Nest_Delta,10.5,12.8,SE,18.0,79.4,0,15.8,go
2025-02-27T04:00:00,Nest_Delta,7.5,11.1,SE,18.9,54.4,0,16.1,go
2025-02-27T05:00:00,Nest_Delta,3.4,12.2,S,19.0,60.3,0,12.0,go
2025-02-27T06:00:00,Nest_Delta,6.3,11.3,SE,19.6,38.9,0,14.9,go
2025-02-27T07:00:00,Nest_Delta,9.8,16.1,E,20.8,53.0,0,13.4,go
2025-02-27T08:00:00,Nest_Delta,6.3,12.0,NE,23.0,66.0,0,16.2,go
2025-02-27T09:00:00,Nest_Delta,7.6,15.2,SE,22.4,67.0,0,16.3,go
2025-02-27T10:00:00,Nest_Delta,9.5,18.7,W,24.8,67.2,0,14.8,go
2025-02-27T11:00:00,Nest_Delta,13.3,17.8,N,25.6,45.6,0,13.4,go
2025-02-27T12:00:00,Nest_Delta,13.0,15.3,SE,24.6,54.2,0,15.9,go
2025-02-27T13:00:00,Nest_Delta,15.7,19.7,W,24.2,51.0,0,15.0,go
2025-02-27T14:00:00,Nest_Delta,14.7,20.0,W,24.7,48.9,0,13.9,go
2025-02-27T15:00:00,Nest_Delta,18.8,25.7,NE,24.5,53.9,0,15.0,go
2025-02-27T16:00:00,Nest_Delta,18.5,21.9,SE,24.2,48.6,0,14.9,go
2025-02-27T17:00:00,Nest_Delta,20.4,22.5,NE,22.5,59.0,0,15.2,go
2025-02-27T18:00:00,Nest_Delta,17.7,23.0,S,21.6,64.1,0,15.1,go
2025-02-27T19:00:00,Nest_Delta,11.6,14.2,S,21.0,71.0,0,15.3,go
2025-02-27T20:00:00,Nest_Delta,14.7,23.7,S,19.9,61.0,0,13.6,go
2025-02-27T21:00:00,Nest_Delta,14.3,21.9,S,19.0,60.1,0,12.5,go
2025-02-27T22:00:00,Nest_Delta,12.6,16.9,W,18.7,56.8,0,14.5,go
2025-02-27T23:00:00,Nest_Delta,13.2,16.2,N,17.6,41.1,0,15.0,go
2025-02-28T00:00:00,Nest_Alpha,6.3,14.6,SW,17.7,81.1,0,14.1,go
2025-02-28T01:00:00,Nest_Alpha,11.1,13.3,SE,17.1,52.9,0,16.2,go
2025-02-28T02:00:00,Nest_Alpha,10.2,19.9,NW,16.1,58.4,0,14.6,go
2025-02-28T03:00:00,Nest_Alpha,8.1,14.6,W,18.4,49.5,0,13.7,go
2025-02-28T04:00:00,Nest_Alpha,13.0,20.4,NW,19.2,49.1,0,15.9,go
2025-02-28T05:00:00,Nest_Alpha,8.4,16.7,SE,19.0,54.6,0,15.8,go
2025-02-28T06:00:00,Nest_Alpha,3.0,12.9,NW,20.2,47.0,0,15.6,go
2025-02-28T07:00:00,Nest_Alpha,9.6,19.1,E,20.0,45.7,0,14.5,go
2025-02-28T08:00:00,Nest_Alpha,8.4,14.9,SE,22.1,57.7,0,16.2,go
2025-02-28T09:00:00,Nest_Alpha,14.9,18.1,NE,24.6,59.2,0,14.0,go
2025-02-28T10:00:00,Nest_Alpha,9.6,18.7,W,23.8,56.4,0,15.4,go
2025-02-28T11:00:00,Nest_Alpha,14.0,16.8,NW,23.9,61.0,0,14.6,go
2025-02-28T12:00:00,Nest_Alpha,14.3,18.3,W,25.2,66.1,0,15.0,go
2025-02-28T13:00:00,Nest_Alpha,14.7,18.6,NW,25.7,73.2,0,15.5,go
2025-02-28T14:00:00,Nest_Alpha,11.5,18.5,SE,24.3,44.1,0,15.5,go
2025-02-28T15:00:00,Nest_Alpha,18.9,24.4,N,23.8,57.4,0,15.4,go
2025-02-28T16:00:00,Nest_Alpha,17.5,25.8,SE,25.0,74.6,0,13.8,go
2025-02-28T17:00:00,Nest_Alpha,16.6,26.4,NW,23.5,63.3,0,15.6,go
2025-02-28T18:00:00,Nest_Alpha,19.7,26.3,NW,21.3,56.7,0,15.8,go
2025-02-28T19:00:00,Nest_Alpha,14.0,20.2,S,21.5,61.6,0,15.4,go
2025-02-28T20:00:00,Nest_Alpha,19.8,22.4,SW,18.3,59.7,0,16.2,go
2025-02-28T21:00:00,Nest_Alpha,20.0,27.7,SE,19.3,54.6,0,15.3,go
2025-02-28T22:00:00,Nest_Alpha,14.1,23.9,N,18.1,57.5,0,15.7,go
2025-02-28T23:00:00,Nest_Alpha,13.6,17.6,E,18.0,59.0,0,14.7,go
2025-02-28T00:00:00,Nest_Beta,8.2,11.7,S,15.3,57.4,0,13.9,go
2025-02-28T01:00:00,Nest_Beta,8.3,10.8,E,15.2,59.7,0,14.6,go
2025-02-28T02:00:00,Nest_Beta,10.7,19.3,NE,16.5,55.3,0,16.3,go
2025-02-28T03:00:00,Nest_Beta,8.9,18.0,SE,16.7,56.6,0,14.7,go
2025-02-28T04:00:00,Nest_Beta,2.1,10.2,W,19.1,66.9,0,14.5,go
2025-02-28T05:00:00,Nest_Beta,3.9,12.4,S,18.8,49.3,0,14.8,go
2025-02-28T06:00:00,Nest_Beta,10.6,15.9,SE,20.3,65.0,0,14.6,go
2025-02-28T07:00:00,Nest_Beta,3.0,8.4,E,21.8,65.1,0,14.3,go
2025-02-28T08:00:00,Nest_Beta,5.3,8.4,NW,22.0,59.2,0,16.8,go
2025-02-28T09:00:00,Nest_Beta,10.8,16.6,N,23.0,54.7,0,15.0,go
2025-02-28T10:00:00,Nest_Beta,8.6,17.9,SE,23.4,67.1,0,17.1,go
2025-02-28T11:00:00,Nest_Beta,9.8,12.8,NW,24.8,64.5,0,15.0,go
2025-02-28T12:00:00,Nest_Beta,18.9,28.5,S,24.9,71.0,0,14.6,go
2025-02-28T13:00:00,Nest_Beta,12.1,19.9,SW,24.5,37.6,0,17.0,go
2025-02-28T14:00:00,Nest_Beta,14.8,18.7,NE,24.6,67.5,0,15.2,go
2025-02-28T15:00:00,Nest_Beta,21.7,24.3,E,24.6,58.7,0,14.8,go
2025-02-28T16:00:00,Nest_Beta,19.5,23.7,N,23.9,62.5,0,15.7,go
2025-02-28T17:00:00,Nest_Beta,17.4,23.3,SE,22.3,58.4,0,13.2,go
2025-02-28T18:00:00,Nest_Beta,17.7,20.6,E,21.0,61.5,0,12.3,go
2025-02-28T19:00:00,Nest_Beta,17.5,22.6,SE,21.9,54.6,0,15.0,go
2025-02-28T20:00:00,Nest_Beta,10.9,17.2,E,19.6,58.6,0,16.3,go
2025-02-28T21:00:00,Nest_Beta,9.2,13.6,N,17.6,60.7,0,16.3,go
2025-02-28T22:00:00,Nest_Beta,14.8,22.9,E,17.8,50.8,0,14.4,go
2025-02-28T23:00:00,Nest_Beta,8.1,13.2,SW,17.4,47.2,0,15.5,go
2025-02-28T00:00:00,Nest_Gamma,9.3,13.0,W,17.1,67.8,0,15.4,go
2025-02-28T01:00:00,Nest_Gamma,9.2,17.8,E,17.5,46.2,0,15.9,go
2025-02-28T02:00:00,Nest_Gamma,6.0,12.8,N,17.7,70.7,0,15.5,go
2025-02-28T03:00:00,Nest_Gamma,2.3,4.8,N,18.4,54.5,0,16.4,go
2025-02-28T04:00:00,Nest_Gamma,3.5,8.9,NE,18.2,69.0,0,15.4,go
2025-02-28T05:00:00,Nest_Gamma,4.0,6.9,NE,18.9,63.8,0,15.6,go
2025-02-28T06:00:00,Nest_Gamma,2,11.3,W,19.5,73.4,0,14.5,go
2025-02-28T07:00:00,Nest_Gamma,4.7,12.3,SW,20.5,60.9,0,15.7,go
2025-02-28T08:00:00,Nest_Gamma,10.1,13.3,W,22.3,43.9,0,14.6,go
2025-02-28T09:00:00,Nest_Gamma,4.0,8.2,NE,23.2,65.7,0,13.2,go
2025-02-28T10:00:00,Nest_Gamma,10.2,18.4,W,23.8,62.1,0,15.1,go
2025-02-28T11:00:00,Nest_Gamma,10.5,19.3,N,24.3,52.6,0,17.6,go
2025-02-28T12:00:00,Nest_Gamma,9.4,13.6,SE,24.6,46.9,0,14.6,go
2025-02-28T13:00:00,Nest_Gamma,12.4,15.4,N,25.0,54.0,0,14.1,go
2025-02-28T14:00:00,Nest_Gamma,16.7,20.4,NE,25.4,57.2,0,15.9,go
2025-02-28T15:00:00,Nest_Gamma,14.0,23.8,S,22.9,60.7,0,15.4,go
2025-02-28T16:00:00,Nest_Gamma,10.5,13.6,S,22.5,42.6,0,15.6,go
2025-02-28T17:00:00,Nest_Gamma,18.2,23.8,SW,23.1,55.4,0,14.9,go
2025-02-28T18:00:00,Nest_Gamma,17.8,26.5,W,21.7,48.1,0,14.2,go
2025-02-28T19:00:00,Nest_Gamma,12.3,18.0,S,21.3,61.9,0,15.3,go
2025-02-28T20:00:00,Nest_Gamma,14.5,19.4,E,19.4,62.9,0,15.6,go
2025-02-28T21:00:00,Nest_Gamma,9.8,19.7,NE,19.3,54.9,0,13.1,go
2025-02-28T22:00:00,Nest_Gamma,14.2,23.0,NE,18.4,49.9,0,13.8,go
2025-02-28T23:00:00,Nest_Gamma,10.3,16.6,S,17.6,64.7,0,14.5,go
2025-02-28T00:00:00,Nest_Delta,10.5,13.7,E,16.7,37.8,0,15.4,go
2025-02-28T01:00:00,Nest_Delta,6.8,15.7,SW,17.3,66.3,0,15.6,go
2025-02-28T02:00:00,Nest_Delta,7.3,16.1,S,17.0,58.7,0,14.8,go
2025-02-28T03:00:00,Nest_Delta,9.1,17.0,SW,17.5,58.0,0,14.9,go
2025-02-28T04:00:00,Nest_Delta,5.5,11.7,E,18.1,47.4,0,13.9,go
2025-02-28T05:00:00,Nest_Delta,6.9,13.4,N,18.6,59.9,0,15.6,go
2025-02-28T06:00:00,Nest_Delta,7.2,16.7,SW,19.3,65.2,0,14.7,go
2025-02-28T07:00:00,Nest_Delta,11.9,19.4,SW,21.6,64.0,0,13.0,go
2025-02-28T08:00:00,Nest_Delta,8.8,13.4,E,21.8,44.3,0,15.5,go
2025-02-28T09:00:00,Nest_Delta,6.3,8.7,E,22.7,77.4,0,13.8,go
2025-02-28T10:00:00,Nest_Delta,9.8,14.1,NE,23.2,52.0,0,16.1,go
2025-02-28T11:00:00,Nest_Delta,14.7,23.3,SE,25.8,63.0,0,14.3,go
2025-02-28T12:00:00,Nest_Delta,13.6,22.0,N,24.7,59.3,0,14.9,go
2025-02-28T13:00:00,Nest_Delta,14.6,20.9,SE,25.9,61.0,0,15.0,go
2025-02-28T14:00:00,Nest_Delta,12.8,20.8,N,24.1,54.0,0,14.9,go
2025-02-28T15:00:00,Nest_Delta,15.9,24.1,N,24.4,57.7,0,13.8,go
2025-02-28T16:00:00,Nest_Delta,15.8,22.7,E,24.1,65.2,0,15.7,go
2025-02-28T17:00:00,Nest_Delta,17.7,27.6,SE,23.0,47.5,0,15.3,go
2025-02-28T18:00:00,Nest_Delta,15.1,20.8,SE,22.9,51.2,0,13.1,go
2025-02-28T19:00:00,Nest_Delta,13.6,21.5,E,20.7,65.6,0,15.4,go
2025-02-28T20:00:00,Nest_Delta,19.4,24.4,NE,20.1,58.0,0,16.5,go
2025-02-28T21:00:00,Nest_Delta,15.2,23.3,SW,20.0,51.0,0,15.5,go
2025-02-28T22:00:00,Nest_Delta,17.1,23.9,S,18.8,57.6,0,12.7,go
2025-02-28T23:00:00,Nest_Delta,13.1,16.5,E,17.6,61.6,0,15.2,go
2025-03-01T00:00:00,Nest_Alpha,17.0,22.1,N,17.1,67.3,0,15.5,go
2025-03-01T01:00:00,Nest_Alpha,5.9,8.1,NE,17.2,52.9,0,16.7,go
2025-03-01T02:00:00,Nest_Alpha,13.5,19.5,N,17.1,45.1,0,16.1,go
2025-03-01T03:00:00,Nest_Alpha,4.1,7.1,E,17.6,54.6,0,14.7,go
2025-03-01T04:00:00,Nest_Alpha,10.5,17.0,N,17.9,54.0,0,16.4,go
2025-03-01T05:00:00,Nest_Alpha,7.9,17.6,N,19.4,43.5,0,14.5,go
2025-03-01T06:00:00,Nest_Alpha,8.0,11.6,SW,20.2,70.3,0,15.1,go
2025-03-01T07:00:00,Nest_Alpha,11.3,15.9,W,21.5,66.2,0,16.7,go
2025-03-01T08:00:00,Nest_Alpha,11.9,17.2,SW,22.1,78.0,0,16.8,go
2025-03-01T09:00:00,Nest_Alpha,12.5,20.3,S,22.4,45.1,0,14.0,go
2025-03-01T10:00:00,Nest_Alpha,13.0,16.2,W,22.9,54.5,0,14.5,go
2025-03-01T11:00:00,Nest_Alpha,11.7,21.0,NE,24.2,78.5,0,13.7,go
2025-03-01T12:00:00,Nest_Alpha,14.2,21.0,S,24.9,51.7,0,15.0,go
2025-03-01T13:00:00,Nest_Alpha,12.1,17.1,SE,26.4,62.7,0,15.6,go
2025-03-01T14:00:00,Nest_Alpha,15.0,21.1,S,25.7,60.7,0,15.5,go
2025-03-01T15:00:00,Nest_Alpha,13.8,18.2,SE,24.5,44.2,0,13.9,go
2025-03-01T16:00:00,Nest_Alpha,13.9,20.7,S,24.6,60.4,0,16.3,go
2025-03-01T17:00:00,Nest_Alpha,18.3,23.0,NE,22.6,61.9,0,14.7,go
2025-03-01T18:00:00,Nest_Alpha,19.0,21.6,E,22.5,87.5,0,15.4,go
2025-03-01T19:00:00,Nest_Alpha,16.2,23.9,E,20.9,50.6,0,15.9,go
2025-03-01T20:00:00,Nest_Alpha,17.7,26.4,E,20.3,57.4,0,13.2,go
2025-03-01T21:00:00,Nest_Alpha,11.7,15.3,SE,20.3,59.4,0,16.0,go
2025-03-01T22:00:00,Nest_Alpha,19.2,21.6,W,18.7,58.8,0,15.5,go
2025-03-01T23:00:00,Nest_Alpha,16.8,26.4,E,16.8,59.9,0,13.5,go
2025-03-01T00:00:00,Nest_Beta,9.2,15.4,NW,16.7,48.0,0,14.9,go
2025-03-01T01:00:00,Nest_Beta,14.1,18.9,S,16.0,64.1,0,13.4,go
2025-03-01T02:00:00,Nest_Beta,8.9,13.6,NE,17.7,64.1,0,15.7,go
2025-03-01T03:00:00,Nest_Beta,6.5,10.5,W,18.7,46.9,0,16.6,go
2025-03-01T04:00:00,Nest_Beta,4.3,13.2,NE,18.3,66.7,0,14.2,go
2025-03-01T05:00:00,Nest_Beta,10.3,15.7,S,18.0,41.1,0,14.2,go
2025-03-01T06:00:00,Nest_Beta,8.9,13.3,NW,19.5,44.3,0,14.2,go
2025-03-01T07:00:00,Nest_Beta,9.2,17.1,S,20.9,46.0,0,16.4,go
2025-03-01T08:00:00,Nest_Beta,7.7,14.3,S,21.9,60.7,0,14.6,go
2025-03-01T09:00:00,Nest_Beta,8.4,12.8,E,22.8,50.8,0,15.5,go
2025-03-01T10:00:00,Nest_Beta,9.3,14.9,NW,23.1,64.4,0,15.1,go
2025-03-01T11:00:00,Nest_Beta,11.7,15.0,S,23.7,59.0,0,16.1,go
2025-03-01T12:00:00,Nest_Beta,12.8,16.5,W,24.6,62.6,0,15.2,go
2025-03-01T13:00:00,Nest_Beta,15.6,21.2,NE,25.4,73.6,0,13.9,go
2025-03-01T14:00:00,Nest_Beta,12.3,14.7,SE,24.7,51.1,0,15.6,go
2025-03-01T15:00:00,Nest_Beta,17.2,22.1,NW,23.8,71.6,0,13.6,go
2025-03-01T16:00:00,Nest_Beta,15.7,23.8,NE,24.0,55.9,0,13.9,go
2025-03-01T17:00:00,Nest_Beta,17.4,20.5,W,22.0,55.4,0,13.0,go
2025-03-01T18:00:00,Nest_Beta,14.2,19.9,N,21.2,70.6,0,16.8,go
2025-03-01T19:00:00,Nest_Beta,19.0,22.3,W,20.2,62.6,0,14.5,go
2025-03-01T20:00:00,Nest_Beta,12.5,19.8,N,20.2,50.0,0,13.9,go
2025-03-01T21:00:00,Nest_Beta,15.0,20.6,SE,19.2,74.7,0,14.1,go
2025-03-01T22:00:00,Nest_Beta,12.3,16.6,SW,18.0,68.2,0,16.4,go
2025-03-01T23:00:00,Nest_Beta,12.6,15.1,N,17.5,49.3,0,14.5,go
2025-03-01T00:00:00,Nest_Gamma,9.0,16.3,S,18.5,57.5,0,14.4,go
2025-03-01T01:00:00,Nest_Gamma,12.6,18.3,NW,16.5,63.5,0,17.0,go
2025-03-01T02:00:00,Nest_Gamma,9.0,15.1,W,16.5,58.5,0,13.4,go
2025-03-01T03:00:00,Nest_Gamma,2.2,7.0,SE,17.7,47.9,0,14.0,go
2025-03-01T04:00:00,Nest_Gamma,4.0,11.5,W,18.7,67.1,0,16.3,go
2025-03-01T05:00:00,Nest_Gamma,7.2,14.4,E,18.9,46.9,0,15.3,go
2025-03-01T06:00:00,Nest_Gamma,8.4,14.3,E,20.1,66.3,0,14.8,go
2025-03-01T07:00:00,Nest_Gamma,6.2,10.0,SW,21.2,60.0,0,15.3,go
2025-03-01T08:00:00,Nest_Gamma,3.0,7.5,SW,21.9,74.6,0,14.9,go
2025-03-01T09:00:00,Nest_Gamma,6.8,11.6,W,22.2,57.0,0,16.0,go
2025-03-01T10:00:00,Nest_Gamma,6.1,15.7,N,24.7,55.6,0,16.3,go
2025-03-01T11:00:00,Nest_Gamma,13.9,20.7,NW,25.2,49.4,0,15.7,go
2025-03-01T12:00:00,Nest_Gamma,13.0,15.3,NE,25.2,49.3,0,14.5,go
2025-03-01T13:00:00,Nest_Gamma,17.3,23.0,SE,25.2,58.4,0,15.5,go
2025-03-01T14:00:00,Nest_Gamma,16.4,20.9,S,24.7,60.3,0,13.4,go
2025-03-01T15:00:00,Nest_Gamma,16.6,20.7,SE,24.3,40.0,0,14.8,go
2025-03-01T16:00:00,Nest_Gamma,14.3,21.6,SE,23.7,82.3,0,16.8,go
2025-03-01T17:00:00,Nest_Gamma,15.2,17.6,NE,23.1,51.1,0,15.6,go
2025-03-01T18:00:00,Nest_Gamma,15.9,20.6,S,22.2,61.5,0,14.8,go
2025-03-01T19:00:00,Nest_Gamma,16.2,22.5,SE,21.1,56.6,0,13.0,go
2025-03-01T20:00:00,Nest_Gamma,11.1,17.2,SW,18.6,43.7,0,15.8,go
2025-03-01T21:00:00,Nest_Gamma,11.7,15.3,W,19.3,62.2,0,15.3,go
2025-03-01T22:00:00,Nest_Gamma,13.0,17.8,E,18.2,71.6,0,14.5,go
2025-03-01T23:00:00,Nest_Gamma,12.6,19.1,NE,17.6,53.0,0,14.4,go
2025-03-01T00:00:00,Nest_Delta,12.4,18.5,NW,16.7,42.3,0,16.5,go
2025-03-01T01:00:00,Nest_Delta,9.6,15.0,NW,16.3,41.6,0,15.0,go
2025-03-01T02:00:00,Nest_Delta,7.1,9.7,E,16.4,48.5,0,16.1,go
2025-03-01T03:00:00,Nest_Delta,7.7,10.3,NW,18.1,58.4,0,14.7,go
2025-03-01T04:00:00,Nest_Delta,7.2,17.2,SW,17.7,55.3,0,16.8,go
2025-03-01T05:00:00,Nest_Delta,8.9,14.6,E,18.7,67.1,0,15.6,go
2025-03-01T06:00:00,Nest_Delta,4.1,8.5,S,19.4,57.8,0,17.1,go
2025-03-01T07:00:00,Nest_Delta,5.8,12.1,SW,20.4,69.1,0,14.7,go
2025-03-01T08:00:00,Nest_Delta,8.4,10.7,E,22.1,52.8,0,16.3,go
2025-03-01T09:00:00,Nest_Delta,6.1,13.9,NE,23.7,55.9,0,17.1,go
2025-03-01T10:00:00,Nest_Delta,7.4,11.0,W,23.8,53.1,0,15.0,go
2025-03-01T11:00:00,Nest_Delta,8.8,18.1,NW,23.9,53.5,0,15.3,go
2025-03-01T12:00:00,Nest_Delta,14.0,22.6,NW,25.4,55.6,0,14.8,go
2025-03-01T13:00:00,Nest_Delta,17.2,26.9,S,25.6,63.8,0,14.6,go
2025-03-01T14:00:00,Nest_Delta,13.5,16.8,W,24.3,41.4,0,13.9,go
2025-03-01T15:00:00,Nest_Delta,14.5,24.4,W,25.0,55.7,0,14.0,go
2025-03-01T16:00:00,Nest_Delta,16.5,26.3,S,23.6,58.9,0,14.7,go
2025-03-01T17:00:00,Nest_Delta,14.1,22.4,SW,23.2,79.3,0,15.4,go
2025-03-01T18:00:00,Nest_Delta,13.0,17.3,SW,22.2,59.8,0,14.7,go
2025-03-01T19:00:00,Nest_Delta,13.4,21.9,SW,20.9,61.7,0,14.5,go
2025-03-01T20:00:00,Nest_Delta,15.0,18.2,S,21.1,53.0,0,15.7,go
2025-03-01T21:00:00,Nest_Delta,11.7,18.8,E,19.5,73.4,0,14.1,go
2025-03-01T22:00:00,Nest_Delta,6.0,9.1,W,17.8,61.5,0,14.9,go
2025-03-01T23:00:00,Nest_Delta,12.9,16.8,NW,17.5,65.6,0,15.7,go
2025-03-02T00:00:00,Nest_Alpha,9.2,12.8,W,17.0,58.7,0,14.7,go
2025-03-02T01:00:00,Nest_Alpha,9.1,13.7,SW,17.6,55.5,0,13.4,go
2025-03-02T02:00:00,Nest_Alpha,11.0,20.4,S,15.8,59.6,0,17.0,go
2025-03-02T03:00:00,Nest_Alpha,6.2,12.7,SE,16.8,67.7,0,16.0,go
2025-03-02T04:00:00,Nest_Alpha,10.5,20.3,NW,18.8,53.2,0,12.4,go
2025-03-02T05:00:00,Nest_Alpha,4.7,13.9,N,19.8,52.2,0,12.7,go
2025-03-02T06:00:00,Nest_Alpha,9.8,17.1,W,19.6,51.7,0,14.5,go
2025-03-02T07:00:00,Nest_Alpha,6.5,13.4,S,21.1,65.1,0,16.2,go
2025-03-02T08:00:00,Nest_Alpha,14.9,17.1,N,22.6,49.4,0,15.6,go
2025-03-02T09:00:00,Nest_Alpha,11.0,18.5,NW,22.2,44.5,0,14.7,go
2025-03-02T10:00:00,Nest_Alpha,7.4,11.2,NW,23.1,58.6,0,15.8,go
2025-03-02T11:00:00,Nest_Alpha,11.0,14.8,SW,24.5,57.4,0,15.2,go
2025-03-02T12:00:00,Nest_Alpha,6.3,11.4,S,24.5,61.3,0,14.9,go
2025-03-02T13:00:00,Nest_Alpha,11.4,17.0,SW,24.8,59.8,0,15.1,go
2025-03-02T14:00:00,Nest_Alpha,12.3,20.6,NW,25.2,60.0,0,14.5,go
2025-03-02T15:00:00,Nest_Alpha,16.6,24.2,W,24.3,56.0,0,14.6,go
2025-03-02T16:00:00,Nest_Alpha,25.2,31.6,N,24.7,62.4,0,13.6,caution
2025-03-02T17:00:00,Nest_Alpha,22.2,27.3,S,23.6,76.7,0,15.2,go
2025-03-02T18:00:00,Nest_Alpha,18.0,24.8,S,21.3,61.7,0,14.9,go
2025-03-02T19:00:00,Nest_Alpha,19.2,22.5,N,21.1,58.4,0,14.4,go
2025-03-02T20:00:00,Nest_Alpha,16.8,24.4,SE,19.9,42.5,0,13.9,go
2025-03-02T21:00:00,Nest_Alpha,13.2,18.1,W,18.1,54.3,0,15.0,go
2025-03-02T22:00:00,Nest_Alpha,12.3,18.5,SE,18.2,59.0,0,16.0,go
2025-03-02T23:00:00,Nest_Alpha,15.2,22.4,NE,17.4,53.9,0,15.1,go
2025-03-02T00:00:00,Nest_Beta,9.8,17.6,E,16.5,52.6,0,15.5,go
2025-03-02T01:00:00,Nest_Beta,10.3,20.0,E,17.5,50.0,0,15.2,go
2025-03-02T02:00:00,Nest_Beta,8.4,16.2,SW,16.6,78.1,0,14.1,go
2025-03-02T03:00:00,Nest_Beta,5.4,9.2,SE,17.2,57.6,0,14.9,go
2025-03-02T04:00:00,Nest_Beta,8.5,14.6,SE,18.4,52.1,0,15.1,go
2025-03-02T05:00:00,Nest_Beta,4.2,12.0,W,19.7,55.2,0,16.0,go
2025-03-02T06:00:00,Nest_Beta,7.1,14.5,E,19.7,47.5,0,14.3,go
2025-03-02T07:00:00,Nest_Beta,9.0,14.2,NW,20.1,42.7,0,16.8,go
2025-03-02T08:00:00,Nest_Beta,10.0,17.2,W,22.7,52.2,0,13.7,go
2025-03-02T09:00:00,Nest_Beta,8.7,12.3,NW,23.4,61.6,0,17.1,go
2025-03-02T10:00:00,Nest_Beta,8.0,12.2,S,23.3,51.2,0,16.0,go
2025-03-02T11:00:00,Nest_Beta,15.9,18.2,NE,23.8,57.7,0,14.8,go
2025-03-02T12:00:00,Nest_Beta,10.8,18.1,S,23.5,50.1,0,14.9,go
2025-03-02T13:00:00,Nest_Beta,17.3,20.4,SW,24.7,71.0,0,14.5,go
2025-03-02T14:00:00,Nest_Beta,14.0,17.4,SW,24.9,56.2,0,13.3,go
2025-03-02T15:00:00,Nest_Beta,16.9,21.0,SE,24.3,73.2,0,13.7,go
2025-03-02T16:00:00,Nest_Beta,20.1,26.1,E,23.4,58.2,0,15.2,go
2025-03-02T17:00:00,Nest_Beta,14.3,16.4,SE,23.5,55.6,0,15.1,go
2025-03-02T18:00:00,Nest_Beta,15.1,17.5,NE,20.6,60.3,0,15.3,go
2025-03-02T19:00:00,Nest_Beta,15.8,17.8,N,21.8,54.2,0,14.7,go
2025-03-02T20:00:00,Nest_Beta,13.0,22.0,SE,21.5,72.4,0,16.6,go
2025-03-02T21:00:00,Nest_Beta,10.1,17.3,SE,19.0,75.2,0,16.3,go
2025-03-02T22:00:00,Nest_Beta,9.3,15.8,NW,17.1,43.7,0,15.8,go
2025-03-02T23:00:00,Nest_Beta,16.3,25.6,SW,17.5,54.7,0,14.3,go
2025-03-02T00:00:00,Nest_Gamma,6.0,9.3,SE,16.9,48.4,0,14.1,go
2025-03-02T01:00:00,Nest_Gamma,7.8,17.2,N,17.3,76.7,0,15.6,go
2025-03-02T02:00:00,Nest_Gamma,7.1,13.0,S,15.8,64.4,0,13.3,go
2025-03-02T03:00:00,Nest_Gamma,8.1,13.6,NW,17.7,67.7,0,13.8,go
2025-03-02T04:00:00,Nest_Gamma,9.8,12.1,SE,18.7,52.0,0,15.3,go
2025-03-02T05:00:00,Nest_Gamma,2.2,11.7,N,19.5,60.3,0,16.5,go
2025-03-02T06:00:00,Nest_Gamma,3.1,9.2,SE,21.6,42.7,0,15.9,go
2025-03-02T07:00:00,Nest_Gamma,4.5,9.5,W,21.9,53.0,0,17.0,go
2025-03-02T08:00:00,Nest_Gamma,4.8,9.1,SW,21.5,50.1,0,14.9,go
2025-03-02T09:00:00,Nest_Gamma,6.2,8.7,W,23.4,58.9,0,15.7,go
2025-03-02T10:00:00,Nest_Gamma,9.2,15.5,SW,23.0,59.4,0,13.3,go
2025-03-02T11:00:00,Nest_Gamma,13.0,19.9,SE,25.6,61.5,0,17.0,go
2025-03-02T12:00:00,Nest_Gamma,10.9,17.8,S,25.1,56.5,0,14.8,go
2025-03-02T13:00:00,Nest_Gamma,9.4,14.1,NW,25.1,42.9,0,16.0,go
2025-03-02T14:00:00,Nest_Gamma,11.3,15.8,SE,25.8,37.6,0,15.8,go
2025-03-02T15:00:00,Nest_Gamma,14.0,21.1,NE,24.5,48.7,0,13.0,go
2025-03-02T16:00:00,Nest_Gamma,17.2,26.2,SW,24.9,42.4,0,15.6,go
2025-03-02T17:00:00,Nest_Gamma,16.3,19.4,N,23.3,58.9,0,15.0,go
2025-03-02T18:00:00,Nest_Gamma,12.0,15.4,NW,22.0,57.9,0,15.3,go
2025-03-02T19:00:00,Nest_Gamma,10.3,19.3,NE,20.8,59.9,0,13.7,go
2025-03-02T20:00:00,Nest_Gamma,11.0,18.0,E,20.0,66.2,0,15.0,go
2025-03-02T21:00:00,Nest_Gamma,11.9,18.4,SW,18.0,49.2,0,14.3,go
2025-03-02T22:00:00,Nest_Gamma,10.0,14.6,NE,18.0,59.2,0,13.7,go
2025-03-02T23:00:00,Nest_Gamma,4.9,14.1,N,18.2,66.3,0,14.2,go
2025-03-02T00:00:00,Nest_Delta,11.0,14.3,SW,16.2,59.5,0,15.3,go
2025-03-02T01:00:00,Nest_Delta,11.0,18.1,S,16.1,46.9,0,15.1,go
2025-03-02T02:00:00,Nest_Delta,5.9,14.3,NE,17.0,56.8,0,15.2,go
2025-03-02T03:00:00,Nest_Delta,8.6,18.6,SW,16.6,45.9,0,14.3,go
2025-03-02T04:00:00,Nest_Delta,8.8,14.2,W,16.7,67.8,0,14.7,go
2025-03-02T05:00:00,Nest_Delta,11.1,18.5,S,18.8,66.0,0,14.5,go
2025-03-02T06:00:00,Nest_Delta,17.8,23.0,NE,19.6,60.3,0,13.3,go
2025-03-02T07:00:00,Nest_Delta,10.4,16.4,SW,20.4,48.4,0,15.0,go
2025-03-02T08:00:00,Nest_Delta,7.6,15.8,NW,20.8,75.4,0,16.7,go
2025-03-02T09:00:00,Nest_Delta,8.8,13.5,NE,23.1,61.1,0,14.0,go
2025-03-02T10:00:00,Nest_Delta,10.9,18.6,NW,24.9,67.0,0,14.6,go
2025-03-02T11:00:00,Nest_Delta,13.4,19.7,N,26.1,50.6,0,15.8,go
2025-03-02T12:00:00,Nest_Delta,13.4,16.4,SE,25.8,48.4,0,15.9,go
2025-03-02T13:00:00,Nest_Delta,16.6,19.1,W,24.7,64.3,0,14.5,go
2025-03-02T14:00:00,Nest_Delta,15.3,23.8,W,25.0,42.0,0,14.5,go
2025-03-02T15:00:00,Nest_Delta,15.0,20.8,W,24.5,52.1,0,15.2,go
2025-03-02T16:00:00,Nest_Delta,16.0,20.9,N,24.4,49.8,0,14.0,go
2025-03-02T17:00:00,Nest_Delta,16.2,18.7,SE,23.9,65.4,0,15.5,go
2025-03-02T18:00:00,Nest_Delta,17.1,21.9,NW,21.9,57.4,0,14.9,go
2025-03-02T19:00:00,Nest_Delta,19.0,23.4,N,19.9,61.8,0,16.4,go
2025-03-02T20:00:00,Nest_Delta,15.3,24.5,S,20.5,34.9,0,13.1,go
2025-03-02T21:00:00,Nest_Delta,16.2,20.9,SE,19.2,64.1,0,14.8,go
2025-03-02T22:00:00,Nest_Delta,11.2,18.4,SE,19.2,60.0,0,15.5,go
2025-03-02T23:00:00,Nest_Delta,10.0,18.1,NW,17.7,53.7,0,17.0,go
2025-03-03T00:00:00,Nest_Alpha,14.5,23.2,SW,17.0,56.2,0,14.8,go
2025-03-03T01:00:00,Nest_Alpha,12.8,21.2,NE,17.6,57.2,0,15.4,go
2025-03-03T02:00:00,Nest_Alpha,8.5,14.9,SE,18.0,52.5,0,15.0,go
2025-03-03T03:00:00,Nest_Alpha,7.0,13.8,S,18.6,63.1,0,14.5,go
2025-03-03T04:00:00,Nest_Alpha,7.1,14.3,NW,18.1,50.7,0,14.7,go
2025-03-03T05:00:00,Nest_Alpha,10.3,16.0,NE,18.8,57.4,0,14.8,go
2025-03-03T06:00:00,Nest_Alpha,8.7,12.3,NW,20.8,45.8,0,16.3,go
2025-03-03T07:00:00,Nest_Alpha,4.3,7.1,W,20.6,47.0,0,15.3,go
2025-03-03T08:00:00,Nest_Alpha,7.9,14.4,N,23.5,47.4,0,15.2,go
2025-03-03T09:00:00,Nest_Alpha,11.1,14.1,N,22.8,44.6,0,15.9,go
2025-03-03T10:00:00,Nest_Alpha,13.7,18.2,NW,24.6,50.9,0,16.3,go
2025-03-03T11:00:00,Nest_Alpha,8.2,17.5,S,24.5,46.8,0,15.1,go
2025-03-03T12:00:00,Nest_Alpha,16.9,22.3,SW,25.7,45.2,0,14.2,go
2025-03-03T13:00:00,Nest_Alpha,17.6,22.7,NE,25.3,61.2,0,14.7,go
2025-03-03T14:00:00,Nest_Alpha,14.4,17.2,NE,25.1,65.3,0,16.0,go
2025-03-03T15:00:00,Nest_Alpha,17.6,23.9,SW,23.7,62.5,0,13.8,go
2025-03-03T16:00:00,Nest_Alpha,16.1,24.2,NW,23.5,53.5,0,13.0,go
2025-03-03T17:00:00,Nest_Alpha,16.5,23.9,SW,22.4,60.8,0,16.5,go
2025-03-03T18:00:00,Nest_Alpha,17.6,19.6,NW,22.7,51.2,0,13.9,go
2025-03-03T19:00:00,Nest_Alpha,17.2,22.0,S,20.1,62.9,0,14.3,go
2025-03-03T20:00:00,Nest_Alpha,15.0,18.1,SW,20.3,40.6,0,15.7,go
2025-03-03T21:00:00,Nest_Alpha,16.1,21.9,NE,18.4,52.2,0,14.7,go
2025-03-03T22:00:00,Nest_Alpha,16.9,21.0,E,18.4,71.7,0,13.8,go
2025-03-03T23:00:00,Nest_Alpha,11.5,14.4,W,17.7,36.4,0,15.4,go
2025-03-03T00:00:00,Nest_Beta,8.7,11.9,NE,16.5,58.3,0,15.2,go
2025-03-03T01:00:00,Nest_Beta,7.3,11.9,S,17.6,59.6,0,14.4,go
2025-03-03T02:00:00,Nest_Beta,8.3,11.8,NW,16.7,60.3,0,17.4,go
2025-03-03T03:00:00,Nest_Beta,7.7,14.8,NE,18.9,54.5,0,16.8,go
2025-03-03T04:00:00,Nest_Beta,5.4,12.5,NE,18.3,57.7,0,16.3,go
2025-03-03T05:00:00,Nest_Beta,9.1,12.8,NE,18.6,41.3,0,14.7,go
2025-03-03T06:00:00,Nest_Beta,7.4,17.2,NW,19.5,43.7,0,14.9,go
2025-03-03T07:00:00,Nest_Beta,6.7,11.7,E,20.5,52.3,0,17.2,go
2025-03-03T08:00:00,Nest_Beta,9.5,17.2,SW,22.0,62.2,0,16.4,go
2025-03-03T09:00:00,Nest_Beta,10.7,14.8,S,24.3,71.2,0,14.6,go
2025-03-03T10:00:00,Nest_Beta,4.8,11.3,N,23.3,59.3,0,13.5,go
2025-03-03T11:00:00,Nest_Beta,12.4,15.6,NW,25.5,62.9,0,16.7,go
2025-03-03T12:00:00,Nest_Beta,14.4,17.2,SE,25.1,60.9,0,14.5,go
2025-03-03T13:00:00,Nest_Beta,17.6,26.7,E,24.4,54.5,0,14.4,go
2025-03-03T14:00:00,Nest_Beta,15.6,18.6,E,25.2,60.5,0,15.6,go
2025-03-03T15:00:00,Nest_Beta,14.0,19.4,E,24.0,47.9,0,14.4,go
2025-03-03T16:00:00,Nest_Beta,18.1,26.7,SW,23.5,54.8,0,14.8,go
2025-03-03T17:00:00,Nest_Beta,16.3,25.1,NW,22.8,79.0,0,15.3,go
2025-03-03T18:00:00,Nest_Beta,15.9,25.0,W,22.0,64.4,0,15.6,go
2025-03-03T19:00:00,Nest_Beta,13.6,20.8,E,20.0,37.0,0,15.1,go
2025-03-03T20:00:00,Nest_Beta,13.4,16.7,N,20.8,75.4,0,13.5,go
2025-03-03T21:00:00,Nest_Beta,10.8,19.1,SE,20.0,44.9,0,13.4,go
2025-03-03T22:00:00,Nest_Beta,13.9,18.9,NW,19.4,58.3,0,14.3,go
2025-03-03T23:00:00,Nest_Beta,8.6,16.4,E,16.9,50.5,0,14.0,go
2025-03-03T00:00:00,Nest_Gamma,7.9,13.0,NW,16.5,45.0,0,15.4,go
2025-03-03T01:00:00,Nest_Gamma,4.0,9.0,SW,16.0,70.4,0,14.8,go
2025-03-03T02:00:00,Nest_Gamma,9.7,19.7,E,17.3,74.9,0,15.6,go
2025-03-03T03:00:00,Nest_Gamma,6.2,12.9,E,18.0,48.5,0,14.4,go
2025-03-03T04:00:00,Nest_Gamma,6.3,15.6,SE,18.2,56.7,0,14.0,go
2025-03-03T05:00:00,Nest_Gamma,7.5,12.7,NE,17.6,60.7,0,15.3,go
2025-03-03T06:00:00,Nest_Gamma,5.6,10.9,NE,20.1,56.9,0,14.6,go
2025-03-03T07:00:00,Nest_Gamma,4.9,8.0,S,21.0,56.7,0,15.9,go
2025-03-03T08:00:00,Nest_Gamma,2,11.3,N,22.4,54.5,0,16.5,go
2025-03-03T09:00:00,Nest_Gamma,4.3,6.7,S,22.2,41.3,0,15.2,go
2025-03-03T10:00:00,Nest_Gamma,8.6,14.8,S,22.7,86.2,0,14.2,go
2025-03-03T11:00:00,Nest_Gamma,9.2,15.0,S,24.0,52.8,0,15.3,go
2025-03-03T12:00:00,Nest_Gamma,8.6,14.0,E,25.3,58.8,0,15.4,go
2025-03-03T13:00:00,Nest_Gamma,11.6,15.5,S,24.9,58.4,0,15.1,go
2025-03-03T14:00:00,Nest_Gamma,12.6,19.5,NE,25.5,75.6,0,13.3,go
2025-03-03T15:00:00,Nest_Gamma,13.4,15.7,E,24.3,57.3,0,15.2,go
2025-03-03T16:00:00,Nest_Gamma,14.4,19.5,NW,23.0,49.7,0,14.2,go
2025-03-03T17:00:00,Nest_Gamma,13.7,23.2,NE,22.4,58.1,0,15.8,go
2025-03-03T18:00:00,Nest_Gamma,11.1,13.5,N,21.5,49.2,0,14.1,go
2025-03-03T19:00:00,Nest_Gamma,12.7,15.8,N,20.4,68.9,0,16.8,go
2025-03-03T20:00:00,Nest_Gamma,15.6,18.2,E,19.5,51.2,0,15.2,go
2025-03-03T21:00:00,Nest_Gamma,17.2,20.8,SE,19.2,54.7,0,15.3,go
2025-03-03T22:00:00,Nest_Gamma,10.0,15.7,E,18.1,72.4,0,15.9,go
2025-03-03T23:00:00,Nest_Gamma,11.2,14.0,W,17.1,54.5,0,15.9,go
2025-03-03T00:00:00,Nest_Delta,8.1,15.7,SW,15.9,63.8,0,15.3,go
2025-03-03T01:00:00,Nest_Delta,6.4,14.4,S,16.7,59.4,0,13.5,go
2025-03-03T02:00:00,Nest_Delta,9.7,18.2,S,16.9,46.8,0,14.9,go
2025-03-03T03:00:00,Nest_Delta,9.0,11.1,SW,19.2,57.8,0,13.8,go
2025-03-03T04:00:00,Nest_Delta,8.0,10.6,NW,18.6,45.4,0,15.3,go
2025-03-03T05:00:00,Nest_Delta,7.6,10.0,NE,19.2,49.3,0,14.7,go
2025-03-03T06:00:00,Nest_Delta,6.4,15.7,NE,20.7,67.6,0,14.8,go
2025-03-03T07:00:00,Nest_Delta,5.6,9.7,S,20.9,58.3,0,16.1,go
2025-03-03T08:00:00,Nest_Delta,8.9,18.8,W,21.1,72.8,0,15.5,go
2025-03-03T09:00:00,Nest_Delta,8.1,13.3,NE,21.8,61.5,0,15.9,go
2025-03-03T10:00:00,Nest_Delta,13.7,21.8,NE,24.6,75.3,0,13.6,go
2025-03-03T11:00:00,Nest_Delta,12.2,19.9,SW,25.6,60.5,0,14.6,go
2025-03-03T12:00:00,Nest_Delta,14.8,20.5,NW,24.8,57.0,0,16.0,go
2025-03-03T13:00:00,Nest_Delta,12.3,18.3,SW,23.7,64.2,0,17.1,go
2025-03-03T14:00:00,Nest_Delta,18.6,23.4,SE,24.6,53.8,0,13.8,go
2025-03-03T15:00:00,Nest_Delta,21.1,25.7,NW,24.3,61.3,0,14.4,go
2025-03-03T16:00:00,Nest_Delta,21.5,29.3,N,24.7,45.4,0,17.7,go
2025-03-03T17:00:00,Nest_Delta,12.9,15.6,SW,24.4,44.9,0,13.2,go
2025-03-03T18:00:00,Nest_Delta,17.2,21.5,W,22.6,74.1,0,13.9,go
2025-03-03T19:00:00,Nest_Delta,17.2,23.2,S,21.7,71.1,0,14.7,go
2025-03-03T20:00:00,Nest_Delta,14.8,21.0,NE,19.6,65.9,0,15.1,go
2025-03-03T21:00:00,Nest_Delta,18.0,21.9,N,17.8,67.6,0,14.9,go
2025-03-03T22:00:00,Nest_Delta,11.1,15.0,W,18.7,56.3,0,14.8,go
2025-03-03T23:00:00,Nest_Delta,14.6,17.9,NE,16.8,63.4,0,15.0,go
2025-03-04T00:00:00,Nest_Alpha,13.1,20.4,W,17.4,56.4,0,14.0,go
2025-03-04T01:00:00,Nest_Alpha,3.8,7.7,NW,17.5,57.1,0,15.4,go
2025-03-04T02:00:00,Nest_Alpha,12.4,19.1,NW,18.7,64.0,0,16.4,go
2025-03-04T03:00:00,Nest_Alpha,10.1,16.9,W,17.0,58.5,0,14.3,go
2025-03-04T04:00:00,Nest_Alpha,12.3,18.0,E,18.5,37.9,0,15.7,go
2025-03-04T05:00:00,Nest_Alpha,7.2,13.6,SE,19.3,45.4,0,14.6,go
2025-03-04T06:00:00,Nest_Alpha,4.9,10.9,SW,19.4,43.4,0,15.2,go
2025-03-04T07:00:00,Nest_Alpha,8.3,12.3,NE,20.8,66.2,0,15.4,go
2025-03-04T08:00:00,Nest_Alpha,11.8,13.8,S,22.8,46.6,0,14.8,go
2025-03-04T09:00:00,Nest_Alpha,11.7,18.7,N,23.6,57.8,0,16.1,go
2025-03-04T10:00:00,Nest_Alpha,13.0,16.8,E,23.4,49.7,0,15.8,go
2025-03-04T11:00:00,Nest_Alpha,11.4,19.6,W,24.1,61.0,0,15.2,go
2025-03-04T12:00:00,Nest_Alpha,13.5,17.7,E,25.3,66.8,0,14.0,go
2025-03-04T13:00:00,Nest_Alpha,15.2,20.8,NW,24.7,65.6,0,14.6,go
2025-03-04T14:00:00,Nest_Alpha,18.2,24.1,N,24.6,54.9,0,14.5,go
2025-03-04T15:00:00,Nest_Alpha,16.9,19.3,NE,25.2,68.5,0,17.2,go
2025-03-04T16:00:00,Nest_Alpha,20.6,27.5,E,24.4,63.6,0,16.1,go
2025-03-04T17:00:00,Nest_Alpha,20.6,30.1,W,21.9,45.5,0,13.0,go
2025-03-04T18:00:00,Nest_Alpha,17.7,24.1,SE,20.4,62.1,0,14.8,go
2025-03-04T19:00:00,Nest_Alpha,13.6,21.2,W,21.8,60.2,0,15.0,go
2025-03-04T20:00:00,Nest_Alpha,14.9,23.2,E,21.0,72.2,0,15.9,go
2025-03-04T21:00:00,Nest_Alpha,12.3,14.6,N,18.1,60.6,0,14.7,go
2025-03-04T22:00:00,Nest_Alpha,15.9,24.5,W,18.1,59.0,0,12.9,go
2025-03-04T23:00:00,Nest_Alpha,16.1,25.4,S,17.5,61.8,0,13.7,go
2025-03-04T00:00:00,Nest_Beta,9.5,19.1,SW,17.6,59.2,0,15.7,go
2025-03-04T01:00:00,Nest_Beta,9.7,17.0,S,17.0,65.3,0,13.9,go
2025-03-04T02:00:00,Nest_Beta,8.0,12.1,E,18.0,68.8,0,14.0,go
2025-03-04T03:00:00,Nest_Beta,10.5,12.7,NW,16.9,44.8,0,16.1,go
2025-03-04T04:00:00,Nest_Beta,2.3,7.1,SW,16.5,72.2,0,15.5,go
2025-03-04T05:00:00,Nest_Beta,5.0,14.6,N,19.2,53.7,0,13.7,go
2025-03-04T06:00:00,Nest_Beta,6.9,16.8,SE,21.2,60.2,0,16.2,go
2025-03-04T07:00:00,Nest_Beta,3.9,8.2,NW,22.3,59.6,0,15.3,go
2025-03-04T08:00:00,Nest_Beta,13.2,17.8,W,21.9,62.2,0,14.2,go
2025-03-04T09:00:00,Nest_Beta,8.6,16.5,NW,23.1,61.2,0,14.3,go
2025-03-04T10:00:00,Nest_Beta,11.3,17.3,W,23.5,64.6,0,15.1,go
2025-03-04T11:00:00,Nest_Beta,6.2,10.8,NE,23.8,64.4,0,14.0,go
2025-03-04T12:00:00,Nest_Beta,9.5,13.6,N,24.3,48.5,0,17.0,go
2025-03-04T13:00:00,Nest_Beta,13.4,22.7,NW,24.2,56.9,0,14.6,go
2025-03-04T14:00:00,Nest_Beta,10.3,18.4,E,24.0,57.8,0,15.9,go
2025-03-04T15:00:00,Nest_Beta,17.3,23.2,SE,25.1,76.8,0,13.3,go
2025-03-04T16:00:00,Nest_Beta,13.1,20.8,NW,23.8,55.9,0,15.7,go
2025-03-04T17:00:00,Nest_Beta,19.2,24.1,NW,24.7,62.3,0,15.7,go
2025-03-04T18:00:00,Nest_Beta,18.0,21.0,NW,21.2,52.3,0,14.7,go
2025-03-04T19:00:00,Nest_Beta,11.6,14.5,NW,21.3,33.7,0,15.0,go
2025-03-04T20:00:00,Nest_Beta,14.8,22.9,NE,19.3,57.7,0,15.1,go
2025-03-04T21:00:00,Nest_Beta,14.2,18.6,E,19.8,72.0,0,14.8,go
2025-03-04T22:00:00,Nest_Beta,15.4,17.9,S,17.0,64.6,0,15.5,go
2025-03-04T23:00:00,Nest_Beta,11.1,20.8,SE,16.8,74.5,0,16.8,go
2025-03-04T00:00:00,Nest_Gamma,9.3,15.5,S,17.0,52.0,0,15.4,go
2025-03-04T01:00:00,Nest_Gamma,13.4,22.8,NE,16.6,63.1,0,14.6,go
2025-03-04T02:00:00,Nest_Gamma,7.1,12.7,S,17.7,48.2,0,14.9,go
2025-03-04T03:00:00,Nest_Gamma,8.9,15.5,S,17.9,52.9,0,14.9,go
2025-03-04T04:00:00,Nest_Gamma,3.5,8.7,NE,18.6,44.7,0,14.5,go
2025-03-04T05:00:00,Nest_Gamma,3.8,9.7,S,18.6,57.8,0,15.3,go
2025-03-04T06:00:00,Nest_Gamma,5.7,8.3,SW,20.2,59.0,0,14.3,go
2025-03-04T07:00:00,Nest_Gamma,9.8,17.8,S,21.2,71.3,0,14.6,go
2025-03-04T08:00:00,Nest_Gamma,4.3,11.3,N,22.0,56.8,0,15.6,go
2025-03-04T09:00:00,Nest_Gamma,9.7,15.5,SE,22.8,51.6,0,15.5,go
2025-03-04T10:00:00,Nest_Gamma,12.5,21.7,SW,24.6,61.4,0,16.0,go
2025-03-04T11:00:00,Nest_Gamma,7.9,12.9,SE,24.7,67.9,0,15.4,go
2025-03-04T12:00:00,Nest_Gamma,13.7,22.8,E,25.0,62.9,0,16.7,go
2025-03-04T13:00:00,Nest_Gamma,11.8,14.6,W,25.5,60.4,0,15.2,go
2025-03-04T14:00:00,Nest_Gamma,16.2,20.2,SW,24.6,58.7,0,15.1,go
2025-03-04T15:00:00,Nest_Gamma,14.9,23.2,NW,23.9,59.7,0,15.1,go
2025-03-04T16:00:00,Nest_Gamma,10.1,17.1,W,23.2,69.8,0,14.0,go
2025-03-04T17:00:00,Nest_Gamma,14.2,17.9,NW,23.7,82.7,0,14.5,go
2025-03-04T18:00:00,Nest_Gamma,13.6,18.1,NW,22.6,52.4,0,14.3,go
2025-03-04T19:00:00,Nest_Gamma,14.2,18.4,W,20.8,65.7,0,14.2,go
2025-03-04T20:00:00,Nest_Gamma,12.5,20.0,E,19.3,58.7,0,16.4,go
2025-03-04T21:00:00,Nest_Gamma,6.9,12.8,N,19.1,63.9,0,16.8,go
2025-03-04T22:00:00,Nest_Gamma,13.0,17.0,NE,18.6,68.7,0,15.3,go
2025-03-04T23:00:00,Nest_Gamma,12.5,15.0,NW,18.5,59.5,0,14.1,go
2025-03-04T00:00:00,Nest_Delta,9.8,18.9,NE,17.6,67.5,0,14.0,go
2025-03-04T01:00:00,Nest_Delta,12.4,20.0,SE,17.0,72.2,0,14.7,go
2025-03-04T02:00:00,Nest_Delta,4.3,7.2,NW,16.9,62.4,0,15.1,go
2025-03-04T03:00:00,Nest_Delta,9.0,13.3,SW,17.3,63.6,0,16.4,go
2025-03-04T04:00:00,Nest_Delta,3.1,12.0,SW,18.3,60.9,0,15.4,go
2025-03-04T05:00:00,Nest_Delta,6.1,8.4,S,19.7,46.5,0,15.9,go
2025-03-04T06:00:00,Nest_Delta,7.9,15.4,E,20.2,49.3,0,15.2,go
2025-03-04T07:00:00,Nest_Delta,5.0,10.6,E,20.4,60.3,0,13.8,go
2025-03-04T08:00:00,Nest_Delta,6.9,13.7,SW,22.0,47.8,0,15.4,go
2025-03-04T09:00:00,Nest_Delta,7.6,15.4,W,23.0,65.3,0,14.7,go
2025-03-04T10:00:00,Nest_Delta,9.0,12.6,SE,24.6,47.1,0,14.5,go
2025-03-04T11:00:00,Nest_Delta,14.7,20.4,S,23.7,57.3,0,14.3,go
2025-03-04T12:00:00,Nest_Delta,14.5,17.1,N,25.5,68.4,0,13.9,go
2025-03-04T13:00:00,Nest_Delta,14.9,20.0,N,24.7,52.9,0,14.2,go
2025-03-04T14:00:00,Nest_Delta,15.1,22.3,SE,25.0,42.4,0,14.5,go
2025-03-04T15:00:00,Nest_Delta,12.5,18.6,N,25.1,68.8,0,13.8,go
2025-03-04T16:00:00,Nest_Delta,15.0,21.4,S,23.4,44.0,0,15.4,go
2025-03-04T17:00:00,Nest_Delta,16.5,25.8,SW,22.9,55.4,0,14.5,go
2025-03-04T18:00:00,Nest_Delta,14.3,22.4,SW,22.3,56.1,0,15.7,go
2025-03-04T19:00:00,Nest_Delta,15.3,19.2,NE,22.1,49.4,0,14.9,go
2025-03-04T20:00:00,Nest_Delta,13.7,23.5,E,19.4,49.1,0,14.7,go
2025-03-04T21:00:00,Nest_Delta,16.1,23.9,E,18.8,53.3,0,16.1,go
2025-03-04T22:00:00,Nest_Delta,13.4,20.8,NE,19.5,50.4,0,13.5,go
2025-03-04T23:00:00,Nest_Delta,12.9,22.8,NE,16.9,46.8,0,15.0,go
2025-03-05T00:00:00,Nest_Alpha,17.4,24.7,W,17.1,54.0,0,15.2,go
2025-03-05T01:00:00,Nest_Alpha,14.6,24.3,NW,16.3,59.3,0,16.1,go
2025-03-05T02:00:00,Nest_Alpha,8.8,11.1,NE,15.7,51.9,0,13.7,go
2025-03-05T03:00:00,Nest_Alpha,9.9,13.4,NE,16.2,80.7,0,13.7,go
2025-03-05T04:00:00,Nest_Alpha,4.9,12.2,W,18.7,61.1,0,14.1,go
2025-03-05T05:00:00,Nest_Alpha,8.7,11.8,NE,18.8,74.2,0,15.5,go
2025-03-05T06:00:00,Nest_Alpha,11.7,16.2,NW,21.6,57.8,0,15.0,go
2025-03-05T07:00:00,Nest_Alpha,9.9,12.0,NE,22.1,62.6,0,14.5,go
2025-03-05T08:00:00,Nest_Alpha,12.6,17.4,W,22.4,53.9,0,13.9,go
2025-03-05T09:00:00,Nest_Alpha,12.5,20.6,SE,23.0,56.5,0,15.1,go
2025-03-05T10:00:00,Nest_Alpha,13.0,21.1,NW,24.2,46.2,0,15.8,go
2025-03-05T11:00:00,Nest_Alpha,12.2,19.8,N,24.6,54.9,0,14.5,go
2025-03-05T12:00:00,Nest_Alpha,16.5,21.5,NE,24.1,61.3,0,14.5,go
2025-03-05T13:00:00,Nest_Alpha,16.5,22.4,E,24.8,76.1,0,13.9,go
2025-03-05T14:00:00,Nest_Alpha,16.3,21.4,SE,25.7,52.5,0,15.2,go
2025-03-05T15:00:00,Nest_Alpha,20.9,29.4,N,24.3,57.9,0,15.2,go
2025-03-05T16:00:00,Nest_Alpha,14.8,19.5,SW,25.7,66.5,0,15.3,go
2025-03-05T17:00:00,Nest_Alpha,15.3,18.0,W,22.8,51.3,0,14.9,go
2025-03-05T18:00:00,Nest_Alpha,12.8,15.5,E,21.6,52.3,0,15.5,go
2025-03-05T19:00:00,Nest_Alpha,19.4,23.7,N,21.7,70.0,0,12.7,go
2025-03-05T20:00:00,Nest_Alpha,19.9,22.5,W,20.3,48.7,0,14.1,go
2025-03-05T21:00:00,Nest_Alpha,13.9,17.9,S,19.3,61.4,0,15.0,go
2025-03-05T22:00:00,Nest_Alpha,14.7,20.3,NE,18.2,47.8,0,16.2,go
2025-03-05T23:00:00,Nest_Alpha,13.8,23.8,E,17.9,55.2,0,14.4,go
2025-03-05T00:00:00,Nest_Beta,6.5,15.1,E,16.9,66.6,0,14.8,go
2025-03-05T01:00:00,Nest_Beta,7.0,11.5,SE,17.0,63.2,0,14.7,go
2025-03-05T02:00:00,Nest_Beta,6.2,8.3,SW,17.6,70.7,0,14.8,go
2025-03-05T03:00:00,Nest_Beta,3.5,5.7,S,17.2,55.0,0,15.9,go
2025-03-05T04:00:00,Nest_Beta,8.3,13.1,W,17.0,65.3,0,15.1,go
2025-03-05T05:00:00,Nest_Beta,8.0,16.9,NE,19.3,52.6,0,15.2,go
2025-03-05T06:00:00,Nest_Beta,6.4,14.4,N,21.2,46.1,0,15.3,go
2025-03-05T07:00:00,Nest_Beta,5.5,14.5,NW,21.9,56.1,0,15.7,go
2025-03-05T08:00:00,Nest_Beta,8.7,10.8,SW,21.4,59.3,0,14.0,go
2025-03-05T09:00:00,Nest_Beta,10.6,17.9,NE,22.2,58.8,0,15.7,go
2025-03-05T10:00:00,Nest_Beta,9.5,14.1,N,24.2,57.2,0,14.0,go
2025-03-05T11:00:00,Nest_Beta,12.4,17.1,SW,24.7,61.2,0,16.1,go
2025-03-05T12:00:00,Nest_Beta,14.7,21.3,NW,23.6,50.4,0,14.2,go
2025-03-05T13:00:00,Nest_Beta,13.5,18.8,W,25.1,48.4,0,13.8,go
2025-03-05T14:00:00,Nest_Beta,15.1,17.3,W,25.8,61.8,0,16.0,go
2025-03-05T15:00:00,Nest_Beta,13.7,17.6,S,23.8,65.9,0,15.1,go
2025-03-05T16:00:00,Nest_Beta,17.5,21.5,SE,23.9,52.8,0,16.8,go
2025-03-05T17:00:00,Nest_Beta,19.4,23.0,SW,22.7,67.5,0,14.0,go
2025-03-05T18:00:00,Nest_Beta,16.6,20.8,W,20.7,59.1,0,14.2,go
2025-03-05T19:00:00,Nest_Beta,14.2,17.2,NW,20.5,70.4,0,13.6,go
2025-03-05T20:00:00,Nest_Beta,14.7,19.2,SW,19.6,55.3,0,13.0,go
2025-03-05T21:00:00,Nest_Beta,11.8,19.2,W,19.2,52.3,0,14.8,go
2025-03-05T22:00:00,Nest_Beta,10.5,18.3,NE,19.1,55.3,0,15.2,go
2025-03-05T23:00:00,Nest_Beta,10.4,18.9,SE,17.6,51.0,0,15.1,go
2025-03-05T00:00:00,Nest_Gamma,10.9,15.8,N,15.7,50.9,0,14.7,go
2025-03-05T01:00:00,Nest_Gamma,7.4,13.7,S,16.8,64.8,0,15.5,go
2025-03-05T02:00:00,Nest_Gamma,7.2,12.7,NW,16.0,69.6,0,14.9,go
2025-03-05T03:00:00,Nest_Gamma,7.8,14.9,N,17.6,57.2,0,14.4,go
2025-03-05T04:00:00,Nest_Gamma,3.1,10.3,S,18.6,53.0,0,15.8,go
2025-03-05T05:00:00,Nest_Gamma,2.2,7.7,S,18.1,65.5,0,15.4,go
2025-03-05T06:00:00,Nest_Gamma,3.8,8.8,N,20.7,50.5,0,16.0,go
2025-03-05T07:00:00,Nest_Gamma,4.5,13.3,SE,20.7,52.5,0,13.0,go
2025-03-05T08:00:00,Nest_Gamma,4.7,8.5,NE,22.0,71.7,0,15.3,go
2025-03-05T09:00:00,Nest_Gamma,12.6,20.0,E,24.1,50.2,0,13.9,go
2025-03-05T10:00:00,Nest_Gamma,10.1,17.9,E,23.9,48.4,0,15.6,go
2025-03-05T11:00:00,Nest_Gamma,8.8,10.9,SE,23.8,65.9,0,14.8,go
2025-03-05T12:00:00,Nest_Gamma,15.0,18.9,W,24.7,57.8,0,14.4,go
2025-03-05T13:00:00,Nest_Gamma,11.2,18.8,S,25.1,63.2,0,17.3,go
2025-03-05T14:00:00,Nest_Gamma,13.6,21.5,NE,25.0,72.4,0,13.9,go
2025-03-05T15:00:00,Nest_Gamma,11.3,17.8,SE,25.6,51.2,0,14.1,go
2025-03-05T16:00:00,Nest_Gamma,17.0,25.7,S,23.3,73.2,0,14.9,go
2025-03-05T17:00:00,Nest_Gamma,18.4,20.9,E,22.8,68.4,0,15.6,go
2025-03-05T18:00:00,Nest_Gamma,16.3,22.4,N,21.4,51.9,0,15.2,go
2025-03-05T19:00:00,Nest_Gamma,18.8,26.1,N,21.0,43.4,0,15.0,go
2025-03-05T20:00:00,Nest_Gamma,14.9,22.9,E,19.8,64.5,0,13.6,go
2025-03-05T21:00:00,Nest_Gamma,8.6,14.2,NW,20.3,70.2,0,16.3,go
2025-03-05T22:00:00,Nest_Gamma,9.7,17.0,NW,19.3,57.7,0,15.5,go
2025-03-05T23:00:00,Nest_Gamma,14.2,20.3,E,19.0,58.3,0,16.9,go
2025-03-05T00:00:00,Nest_Delta,12.8,19.0,SE,17.2,58.1,0,14.5,go
2025-03-05T01:00:00,Nest_Delta,9.6,12.0,SE,17.1,56.7,0,15.1,go
2025-03-05T02:00:00,Nest_Delta,11.4,17.6,NW,17.4,57.6,0,14.5,go
2025-03-05T03:00:00,Nest_Delta,9.2,13.1,E,18.3,61.4,0,15.5,go
2025-03-05T04:00:00,Nest_Delta,6.9,12.7,N,19.1,63.5,0,16.4,go
2025-03-05T05:00:00,Nest_Delta,9.1,14.5,SW,18.6,71.3,0,15.5,go
2025-03-05T06:00:00,Nest_Delta,6.5,15.8,W,19.5,68.4,0,13.9,go
2025-03-05T07:00:00,Nest_Delta,5.1,8.9,N,20.3,55.6,0,16.0,go
2025-03-05T08:00:00,Nest_Delta,4.8,10.7,S,21.4,66.4,0,15.3,go
2025-03-05T09:00:00,Nest_Delta,10.0,12.9,W,22.5,63.9,0,15.2,go
2025-03-05T10:00:00,Nest_Delta,10.8,17.0,S,23.7,51.2,0,15.1,go
2025-03-05T11:00:00,Nest_Delta,13.8,23.4,NW,25.7,45.2,0,15.0,go
2025-03-05T12:00:00,Nest_Delta,16.7,25.1,N,24.8,50.0,0,13.7,go
2025-03-05T13:00:00,Nest_Delta,16.5,19.3,S,24.4,51.1,0,13.8,go
2025-03-05T14:00:00,Nest_Delta,16.0,22.8,N,24.3,76.5,0,16.0,go
2025-03-05T15:00:00,Nest_Delta,15.3,19.9,NE,24.4,60.9,0,16.1,go
2025-03-05T16:00:00,Nest_Delta,18.3,20.5,N,24.2,70.9,0,15.1,go
2025-03-05T17:00:00,Nest_Delta,21.8,28.0,S,22.9,66.5,0,14.5,go
2025-03-05T18:00:00,Nest_Delta,16.5,26.4,W,21.3,62.3,0,13.0,go
2025-03-05T19:00:00,Nest_Delta,16.7,21.7,N,20.4,55.0,0,15.4,go
2025-03-05T20:00:00,Nest_Delta,13.4,17.4,E,19.4,71.4,0,14.1,go
2025-03-05T21:00:00,Nest_Delta,17.3,23.4,E,19.1,75.5,0,14.5,go
2025-03-05T22:00:00,Nest_Delta,13.9,19.9,SE,18.9,54.1,0,15.0,go
2025-03-05T23:00:00,Nest_Delta,13.5,20.7,W,17.6,70.8,0,15.8,go
2025-03-06T00:00:00,Nest_Alpha,15.5,20.2,W,17.4,46.4,0,13.9,go
2025-03-06T01:00:00,Nest_Alpha,14.0,19.0,SW,17.1,55.6,0,14.5,go
2025-03-06T02:00:00,Nest_Alpha,6.1,12.9,E,17.1,66.8,0,13.9,go
2025-03-06T03:00:00,Nest_Alpha,4.2,6.3,S,18.3,37.7,0,14.6,go
2025-03-06T04:00:00,Nest_Alpha,8.6,11.7,W,19.4,57.3,0,14.3,go
2025-03-06T05:00:00,Nest_Alpha,7.2,16.0,SE,19.8,67.5,0,14.8,go
2025-03-06T06:00:00,Nest_Alpha,6.0,11.9,NE,18.6,58.6,0,14.5,go
2025-03-06T07:00:00,Nest_Alpha,8.1,10.4,NW,20.9,58.9,0,15.9,go
2025-03-06T08:00:00,Nest_Alpha,7.6,12.6,S,23.4,66.6,0,13.9,go
2025-03-06T09:00:00,Nest_Alpha,12.0,15.5,SW,23.3,80.5,0,14.4,go
2025-03-06T10:00:00,Nest_Alpha,8.8,16.6,NW,24.2,44.3,0,15.0,go
2025-03-06T11:00:00,Nest_Alpha,10.2,17.7,NW,23.7,68.5,0,14.2,go
2025-03-06T12:00:00,Nest_Alpha,13.6,17.5,E,24.8,57.8,0,15.3,go
2025-03-06T13:00:00,Nest_Alpha,15.8,25.0,NE,24.9,46.7,0,15.5,go
2025-03-06T14:00:00,Nest_Alpha,15.6,19.5,N,24.4,66.9,0,13.2,go
2025-03-06T15:00:00,Nest_Alpha,12.4,21.4,N,23.9,49.2,0,17.1,go
2025-03-06T16:00:00,Nest_Alpha,20.4,28.9,SW,23.1,58.2,0,15.5,go
2025-03-06T17:00:00,Nest_Alpha,20.0,28.1,S,23.3,62.9,0,15.4,go
2025-03-06T18:00:00,Nest_Alpha,18.8,25.6,W,21.6,57.4,0,13.5,go
2025-03-06T19:00:00,Nest_Alpha,17.0,26.8,E,20.3,45.5,0,14.4,go
2025-03-06T20:00:00,Nest_Alpha,19.8,28.9,E,19.8,68.7,0,16.5,go
2025-03-06T21:00:00,Nest_Alpha,15.2,23.6,S,18.8,54.9,0,15.4,go
2025-03-06T22:00:00,Nest_Alpha,14.3,18.3,N,18.7,46.4,0,14.1,go
2025-03-06T23:00:00,Nest_Alpha,15.1,17.8,NW,17.6,51.5,0,15.5,go
2025-03-06T00:00:00,Nest_Beta,12.1,14.3,SW,17.8,54.8,0,14.7,go
2025-03-06T01:00:00,Nest_Beta,6.9,11.8,SW,17.3,50.4,0,14.8,go
2025-03-06T02:00:00,Nest_Beta,9.2,12.8,S,17.2,45.1,0,16.7,go
2025-03-06T03:00:00,Nest_Beta,6.1,13.7,NW,17.8,64.8,0,15.3,go
2025-03-06T04:00:00,Nest_Beta,2.9,12.0,NW,19.0,46.2,0,14.0,go
2025-03-06T05:00:00,Nest_Beta,5.5,13.0,S,20.0,43.3,0,14.1,go
2025-03-06T06:00:00,Nest_Beta,2,10.3,SE,20.1,64.3,0,13.8,go
2025-03-06T07:00:00,Nest_Beta,5.7,12.1,NW,20.2,56.6,0,14.3,go
2025-03-06T08:00:00,Nest_Beta,6.3,14.6,E,23.1,47.8,0,15.4,go
2025-03-06T09:00:00,Nest_Beta,8.2,11.5,NE,22.9,55.0,0,14.9,go
2025-03-06T10:00:00,Nest_Beta,11.7,17.3,W,23.8,53.9,0,13.1,go
2025-03-06T11:00:00,Nest_Beta,8.9,16.3,W,24.5,56.3,0,16.6,go
2025-03-06T12:00:00,Nest_Beta,10.5,14.0,W,25.4,51.8,0,14.2,go
2025-03-06T13:00:00,Nest_Beta,13.7,20.0,SE,24.3,52.9,0,15.4,go
2025-03-06T14:00:00,Nest_Beta,16.2,19.0,NW,24.7,53.0,0,14.3,go
2025-03-06T15:00:00,Nest_Beta,14.5,16.8,NW,24.8,54.7,0,14.2,go
2025-03-06T16:00:00,Nest_Beta,15.0,20.4,SE,24.3,60.2,0,15.5,go
2025-03-06T17:00:00,Nest_Beta,16.5,18.9,W,22.5,53.2,0,13.8,go
2025-03-06T18:00:00,Nest_Beta,16.7,26.6,SW,21.3,58.0,0,14.4,go
2025-03-06T19:00:00,Nest_Beta,17.1,19.6,SE,20.9,58.0,0,14.1,go
2025-03-06T20:00:00,Nest_Beta,14.5,24.3,NW,20.2,55.4,0,15.5,go
2025-03-06T21:00:00,Nest_Beta,14.4,20.2,N,18.5,57.0,0,16.5,go
2025-03-06T22:00:00,Nest_Beta,8.6,11.6,N,19.8,60.7,0,14.8,go
2025-03-06T23:00:00,Nest_Beta,13.7,20.1,NW,18.1,62.8,0,14.4,go
2025-03-06T00:00:00,Nest_Gamma,5.4,9.4,E,17.1,42.9,0,13.9,go
2025-03-06T01:00:00,Nest_Gamma,4.6,11.8,SW,16.1,54.2,0,16.4,go
2025-03-06T02:00:00,Nest_Gamma,7.2,16.3,SW,16.8,57.4,0,16.7,go
2025-03-06T03:00:00,Nest_Gamma,5.2,13.6,E,16.5,39.9,0,14.4,go
2025-03-06T04:00:00,Nest_Gamma,3.5,6.6,NE,18.7,41.0,0,17.2,go
2025-03-06T05:00:00,Nest_Gamma,2.4,6.2,SW,20.1,56.8,0,15.7,go
2025-03-06T06:00:00,Nest_Gamma,4.0,13.8,SW,19.1,68.5,0,15.7,go
2025-03-06T07:00:00,Nest_Gamma,8.2,12.4,S,22.4,47.6,0,16.5,go
2025-03-06T08:00:00,Nest_Gamma,4.6,8.2,E,21.6,53.5,0,14.4,go
2025-03-06T09:00:00,Nest_Gamma,6.4,8.6,N,23.7,61.0,0,14.8,go
2025-03-06T10:00:00,Nest_Gamma,7.1,17.0,SW,23.8,78.5,0,15.0,go
2025-03-06T11:00:00,Nest_Gamma,10.1,14.8,NE,24.0,38.3,0,15.6,go
2025-03-06T12:00:00,Nest_Gamma,11.8,21.1,NE,24.9,58.4,0,15.5,go
2025-03-06T13:00:00,Nest_Gamma,13.2,16.4,S,25.4,64.0,0,14.3,go
2025-03-06T14:00:00,Nest_Gamma,17.3,22.5,NE,23.5,52.0,0,16.0,go
2025-03-06T15:00:00,Nest_Gamma,12.8,18.7,NW,26.2,60.9,0,14.9,go
2025-03-06T16:00:00,Nest_Gamma,18.3,24.6,E,24.2,60.5,0,15.2,go
2025-03-06T17:00:00,Nest_Gamma,15.9,20.2,W,22.5,52.1,0,14.4,go
2025-03-06T18:00:00,Nest_Gamma,19.3,23.3,SE,21.6,49.6,0,16.4,go
2025-03-06T19:00:00,Nest_Gamma,19.4,24.5,SE,20.7,70.9,0,14.5,go
2025-03-06T20:00:00,Nest_Gamma,17.4,23.5,NW,19.4,71.3,0,15.5,go
2025-03-06T21:00:00,Nest_Gamma,12.0,19.0,E,18.8,53.2,0,14.9,go
2025-03-06T22:00:00,Nest_Gamma,8.9,12.6,W,17.6,53.5,0,16.5,go
2025-03-06T23:00:00,Nest_Gamma,8.7,18.3,SE,18.8,64.8,0,14.8,go
2025-03-06T00:00:00,Nest_Delta,13.8,19.4,SW,18.0,77.7,0,13.9,go
2025-03-06T01:00:00,Nest_Delta,9.4,13.6,NE,17.5,53.3,0,13.0,go
2025-03-06T02:00:00,Nest_Delta,2,5.7,E,16.7,49.0,0,14.9,go
2025-03-06T03:00:00,Nest_Delta,7.4,15.9,S,17.8,63.5,0,14.9,go
2025-03-06T04:00:00,Nest_Delta,8.5,15.2,N,18.4,57.3,0,15.3,go
2025-03-06T05:00:00,Nest_Delta,8.1,15.9,NW,20.4,36.3,0,13.9,go
2025-03-06T06:00:00,Nest_Delta,7.2,9.7,SW,20.3,61.7,0,14.9,go
2025-03-06T07:00:00,Nest_Delta,10.6,13.0,SE,20.4,51.8,0,14.9,go
2025-03-06T08:00:00,Nest_Delta,7.6,13.3,N,22.6,55.6,0,15.8,go
2025-03-06T09:00:00,Nest_Delta,8.3,11.9,N,24.1,53.5,0,14.6,go
2025-03-06T10:00:00,Nest_Delta,13.3,17.4,NW,23.0,76.5,0,14.7,go
2025-03-06T11:00:00,Nest_Delta,12.0,16.6,NE,25.1,37.1,0,15.7,go
2025-03-06T12:00:00,Nest_Delta,13.6,16.8,SE,25.7,70.8,0,13.9,go
2025-03-06T13:00:00,Nest_Delta,15.9,25.3,NW,24.4,57.7,0,14.4,go
2025-03-06T14:00:00,Nest_Delta,11.1,18.2,S,25.5,71.6,0,16.0,go
2025-03-06T15:00:00,Nest_Delta,17.2,21.6,E,22.5,61.7,0,16.2,go
2025-03-06T16:00:00,Nest_Delta,18.2,27.6,SE,25.2,48.5,0,14.5,go
2025-03-06T17:00:00,Nest_Delta,13.3,22.8,N,23.0,54.9,0,14.0,go
2025-03-06T18:00:00,Nest_Delta,20.3,24.6,W,23.2,72.9,0,13.5,go
2025-03-06T19:00:00,Nest_Delta,16.0,25.1,NE,21.2,62.5,0,14.9,go
2025-03-06T20:00:00,Nest_Delta,13.7,22.8,E,20.7,50.5,0,13.9,go
2025-03-06T21:00:00,Nest_Delta,13.0,15.9,S,17.5,60.5,0,15.2,go
2025-03-06T22:00:00,Nest_Delta,12.9,18.3,NE,18.4,56.8,0,15.9,go
2025-03-06T23:00:00,Nest_Delta,14.4,21.1,NE,15.7,80.3,0,13.3,go
2025-03-07T00:00:00,Nest_Alpha,12.4,19.3,SW,16.5,66.2,0,15.1,go
2025-03-07T01:00:00,Nest_Alpha,9.7,16.8,NE,16.8,56.3,0,15.4,go
2025-03-07T02:00:00,Nest_Alpha,6.7,16.5,NE,17.8,57.3,0,15.5,go
2025-03-07T03:00:00,Nest_Alpha,10.4,14.2,E,17.0,66.3,0,14.5,go
2025-03-07T04:00:00,Nest_Alpha,4.9,11.1,NE,18.7,50.4,0,16.3,go
2025-03-07T05:00:00,Nest_Alpha,5.8,9.1,N,19.1,59.7,0,15.7,go
2025-03-07T06:00:00,Nest_Alpha,6.7,15.3,W,21.2,62.1,0,15.5,go
2025-03-07T07:00:00,Nest_Alpha,8.7,16.7,S,20.8,57.7,0,15.5,go
2025-03-07T08:00:00,Nest_Alpha,13.2,16.1,NW,22.5,64.0,0,14.9,go
2025-03-07T09:00:00,Nest_Alpha,8.0,11.6,NE,23.5,56.7,0,15.2,go
2025-03-07T10:00:00,Nest_Alpha,12.7,17.5,SW,23.2,53.0,0,15.8,go
2025-03-07T11:00:00,Nest_Alpha,14.6,17.0,NW,25.0,50.7,0,15.4,go
2025-03-07T12:00:00,Nest_Alpha,15.4,22.5,E,25.3,61.6,0,14.0,go
2025-03-07T13:00:00,Nest_Alpha,15.1,23.4,NW,24.7,56.9,0,15.3,go
2025-03-07T14:00:00,Nest_Alpha,18.7,20.9,E,25.3,53.2,0,14.7,go
2025-03-07T15:00:00,Nest_Alpha,13.0,17.6,NE,25.3,59.6,0,15.5,go
2025-03-07T16:00:00,Nest_Alpha,18.8,25.9,SW,24.1,47.7,0,15.3,go
2025-03-07T17:00:00,Nest_Alpha,17.2,26.2,NE,22.4,65.1,0,13.3,go
2025-03-07T18:00:00,Nest_Alpha,20.4,24.3,S,22.5,54.8,0,14.9,go
2025-03-07T19:00:00,Nest_Alpha,14.8,21.0,W,21.2,60.3,0,15.6,go
2025-03-07T20:00:00,Nest_Alpha,16.9,21.8,SW,20.9,49.7,0,15.0,go
2025-03-07T21:00:00,Nest_Alpha,18.7,28.5,N,20.1,64.5,0,14.4,go
2025-03-07T22:00:00,Nest_Alpha,17.3,25.5,NW,19.1,49.0,0,17.0,go
2025-03-07T23:00:00,Nest_Alpha,12.4,21.0,SE,19.4,50.1,0,15.0,go
2025-03-07T00:00:00,Nest_Beta,9.0,12.7,SW,16.6,73.8,0,14.8,go
2025-03-07T01:00:00,Nest_Beta,7.5,17.4,N,18.0,58.6,0,14.3,go
2025-03-07T02:00:00,Nest_Beta,3.2,11.7,E,17.9,58.5,0,15.7,go
2025-03-07T03:00:00,Nest_Beta,7.1,9.9,W,17.3,56.2,0,13.2,go
2025-03-07T04:00:00,Nest_Beta,5.7,8.5,NE,18.5,61.0,0,16.5,go
2025-03-07T05:00:00,Nest_Beta,5.1,8.1,NW,18.8,55.5,0,14.4,go
2025-03-07T06:00:00,Nest_Beta,7.1,14.2,E,20.5,66.6,0,14.8,go
2025-03-07T07:00:00,Nest_Beta,4.6,9.4,SW,21.4,65.6,0,15.8,go
2025-03-07T08:00:00,Nest_Beta,8.6,14.8,W,22.4,60.1,0,14.0,go
2025-03-07T09:00:00,Nest_Beta,11.1,14.0,SE,23.0,65.1,0,13.9,go
2025-03-07T10:00:00,Nest_Beta,7.4,15.0,S,23.7,44.2,0,14.6,go
2025-03-07T11:00:00,Nest_Beta,9.7,17.6,N,24.6,38.7,0,14.5,go
2025-03-07T12:00:00,Nest_Beta,13.4,17.7,SE,25.4,46.8,0,16.0,go
2025-03-07T13:00:00,Nest_Beta,11.9,17.6,NE,24.7,55.3,0,14.5,go
2025-03-07T14:00:00,Nest_Beta,13.9,16.1,N,25.1,54.9,0,14.2,go
2025-03-07T15:00:00,Nest_Beta,15.4,18.3,N,23.8,56.8,0,15.1,go
2025-03-07T16:00:00,Nest_Beta,12.8,20.4,SW,24.1,58.3,0,16.0,go
2025-03-07T17:00:00,Nest_Beta,16.5,20.2,SW,23.4,75.0,0,15.3,go
2025-03-07T18:00:00,Nest_Beta,18.1,27.4,NE,23.0,58.7,0,15.7,go
2025-03-07T19:00:00,Nest_Beta,15.2,23.3,NW,20.8,60.2,0,15.8,go
2025-03-07T20:00:00,Nest_Beta,17.7,20.0,NE,20.5,56.6,0,14.6,go
2025-03-07T21:00:00,Nest_Beta,11.4,15.0,E,19.1,45.9,0,14.6,go
2025-03-07T22:00:00,Nest_Beta,12.9,19.1,SE,20.2,62.9,0,14.9,go
2025-03-07T23:00:00,Nest_Beta,14.5,21.0,N,18.6,61.1,0,13.1,go
2025-03-07T00:00:00,Nest_Gamma,12.9,15.4,S,17.0,64.3,0,14.3,go
2025-03-07T01:00:00,Nest_Gamma,7.1,14.8,SW,18.3,65.7,0,15.5,go
2025-03-07T02:00:00,Nest_Gamma,3.4,6.8,SW,16.1,47.7,0,14.6,go
2025-03-07T03:00:00,Nest_Gamma,3.2,11.9,NE,17.6,54.6,0,13.8,go
2025-03-07T04:00:00,Nest_Gamma,3.7,5.9,S,18.8,64.0,0,13.9,go
2025-03-07T05:00:00,Nest_Gamma,8.1,11.4,W,20.2,60.1,0,15.3,go
2025-03-07T06:00:00,Nest_Gamma,6.1,12.2,SW,20.3,46.7,0,13.8,go
2025-03-07T07:00:00,Nest_Gamma,8.4,10.8,N,21.6,67.6,0,14.6,go
2025-03-07T08:00:00,Nest_Gamma,5.6,8.0,NE,22.0,52.6,0,13.3,go
2025-03-07T09:00:00,Nest_Gamma,6.6,15.4,E,22.5,70.0,0,13.3,go
2025-03-07T10:00:00,Nest_Gamma,8.8,16.8,NW,24.4,58.0,0,14.8,go
2025-03-07T11:00:00,Nest_Gamma,13.8,20.4,E,24.8,57.0,0,15.6,go
2025-03-07T12:00:00,Nest_Gamma,13.7,17.5,NW,26.0,45.2,0,14.2,go
2025-03-07T13:00:00,Nest_Gamma,9.6,15.1,SE,25.5,53.2,0,14.2,go
2025-03-07T14:00:00,Nest_Gamma,11.7,15.0,W,24.7,64.5,0,15.2,go
2025-03-07T15:00:00,Nest_Gamma,16.2,19.5,NE,24.8,64.4,0,16.5,go
2025-03-07T16:00:00,Nest_Gamma,14.3,19.1,SW,25.0,70.4,0,15.6,go
2025-03-07T17:00:00,Nest_Gamma,14.3,18.5,E,22.5,66.9,0,15.3,go
2025-03-07T18:00:00,Nest_Gamma,14.0,23.8,NW,22.0,55.3,0,14.0,go
2025-03-07T19:00:00,Nest_Gamma,16.0,22.6,S,21.3,45.8,0,14.1,go
2025-03-07T20:00:00,Nest_Gamma,14.2,18.6,S,20.4,65.2,0,15.7,go
2025-03-07T21:00:00,Nest_Gamma,10.5,18.4,E,18.3,61.2,0,14.9,go
2025-03-07T22:00:00,Nest_Gamma,11.6,21.2,NE,18.5,49.8,0,14.7,go
2025-03-07T23:00:00,Nest_Gamma,9.2,13.5,N,17.6,47.3,0,14.5,go
2025-03-07T00:00:00,Nest_Delta,9.8,17.3,W,17.7,73.5,0,14.0,go
2025-03-07T01:00:00,Nest_Delta,11.6,20.9,NW,16.3,58.9,0,16.4,go
2025-03-07T02:00:00,Nest_Delta,7.3,10.8,N,17.1,51.4,0,13.8,go
2025-03-07T03:00:00,Nest_Delta,8.1,11.2,N,18.2,52.5,0,15.8,go
2025-03-07T04:00:00,Nest_Delta,6.0,13.4,N,17.5,62.6,0,13.9,go
2025-03-07T05:00:00,Nest_Delta,9.6,18.6,SE,19.6,56.8,0,15.6,go
2025-03-07T06:00:00,Nest_Delta,10.6,18.4,N,18.7,61.4,0,13.6,go
2025-03-07T07:00:00,Nest_Delta,6.2,15.5,SE,21.9,60.2,0,17.6,go
2025-03-07T08:00:00,Nest_Delta,6.2,16.0,SW,21.9,54.1,0,14.8,go
2025-03-07T09:00:00,Nest_Delta,11.9,16.7,N,22.4,52.3,0,16.2,go
2025-03-07T10:00:00,Nest_Delta,8.3,10.7,N,24.3,55.8,0,15.1,go
2025-03-07T11:00:00,Nest_Delta,9.3,18.9,SE,23.9,59.0,0,14.9,go
2025-03-07T12:00:00,Nest_Delta,12.5,19.8,SW,26.2,57.7,0,14.2,go
2025-03-07T13:00:00,Nest_Delta,9.4,19.2,SW,25.5,25.5,0,14.6,go
2025-03-07T14:00:00,Nest_Delta,12.0,15.4,N,25.0,62.6,0,15.1,go
2025-03-07T15:00:00,Nest_Delta,13.2,21.1,N,24.0,49.8,0,15.8,go
2025-03-07T16:00:00,Nest_Delta,18.2,22.7,W,23.0,46.8,0,15.4,go
2025-03-07T17:00:00,Nest_Delta,19.0,21.6,W,24.7,54.0,0,15.0,go
2025-03-07T18:00:00,Nest_Delta,16.8,24.7,N,21.1,62.1,0,14.5,go
2025-03-07T19:00:00,Nest_Delta,12.5,21.9,SE,21.0,45.3,0,13.7,go
2025-03-07T20:00:00,Nest_Delta,18.2,26.0,SW,19.4,58.6,0,14.8,go
2025-03-07T21:00:00,Nest_Delta,10.9,15.8,SE,20.3,61.9,0,17.1,go
2025-03-07T22:00:00,Nest_Delta,9.7,15.3,W,18.2,66.8,0,13.9,go
2025-03-07T23:00:00,Nest_Delta,14.4,19.9,N,17.1,47.3,0,15.5,go
2025-03-08T00:00:00,Nest_Alpha,12.6,15.4,W,16.5,83.6,0,15.0,go
2025-03-08T01:00:00,Nest_Alpha,15.9,22.4,E,16.1,61.5,0,14.1,go
2025-03-08T02:00:00,Nest_Alpha,9.1,14.1,E,15.9,70.4,0,14.6,go
2025-03-08T03:00:00,Nest_Alpha,11.7,16.0,NE,18.1,63.3,0,14.3,go
2025-03-08T04:00:00,Nest_Alpha,4.7,13.3,SW,16.3,57.0,0,15.8,go
2025-03-08T05:00:00,Nest_Alpha,9.3,17.8,NE,18.3,60.2,0,16.3,go
2025-03-08T06:00:00,Nest_Alpha,14.2,17.5,SW,20.8,58.8,0,14.9,go
2025-03-08T07:00:00,Nest_Alpha,9.6,11.8,SE,21.8,52.6,0,14.1,go
2025-03-08T08:00:00,Nest_Alpha,9.7,18.4,NE,23.2,47.2,0,15.2,go
2025-03-08T09:00:00,Nest_Alpha,8.4,12.0,N,23.3,46.7,0,15.1,go
2025-03-08T10:00:00,Nest_Alpha,13.9,20.1,NE,24.0,60.9,0,16.7,go
2025-03-08T11:00:00,Nest_Alpha,11.6,18.2,SW,24.3,50.5,0,14.4,go
2025-03-08T12:00:00,Nest_Alpha,16.3,21.3,E,25.7,71.4,0,14.4,go
2025-03-08T13:00:00,Nest_Alpha,16.8,25.6,NW,24.5,48.4,0,16.9,go
2025-03-08T14:00:00,Nest_Alpha,12.9,20.2,E,25.5,52.1,0,14.3,go
2025-03-08T15:00:00,Nest_Alpha,16.1,21.6,NE,24.9,59.5,0,14.3,go
2025-03-08T16:00:00,Nest_Alpha,16.8,20.9,NW,23.8,48.8,0,15.1,go
2025-03-08T17:00:00,Nest_Alpha,18.9,25.5,W,23.4,50.8,0,15.5,go
2025-03-08T18:00:00,Nest_Alpha,16.5,18.6,E,21.1,64.4,0,15.2,go
2025-03-08T19:00:00,Nest_Alpha,15.5,18.0,E,21.2,70.2,0,15.2,go
2025-03-08T20:00:00,Nest_Alpha,16.6,26.3,N,20.1,64.0,0,14.8,go
2025-03-08T21:00:00,Nest_Alpha,12.5,19.3,NW,18.5,65.5,0,15.6,go
2025-03-08T22:00:00,Nest_Alpha,7.4,16.4,NW,18.3,51.6,0,15.1,go
2025-03-08T23:00:00,Nest_Alpha,16.3,24.4,W,17.4,49.0,0,14.8,go
2025-03-08T00:00:00,Nest_Beta,9.8,19.0,W,15.7,70.2,0,16.1,go
2025-03-08T01:00:00,Nest_Beta,2.3,4.9,S,16.8,66.3,0,14.9,go
2025-03-08T02:00:00,Nest_Beta,8.8,17.4,SE,17.5,57.9,0,15.2,go
2025-03-08T03:00:00,Nest_Beta,3.2,10.4,S,16.6,67.8,0,15.5,go
2025-03-08T04:00:00,Nest_Beta,2.4,6.1,NE,19.3,67.9,0,14.8,go
2025-03-08T05:00:00,Nest_Beta,8.5,10.9,NE,19.5,63.6,0,12.7,go
2025-03-08T06:00:00,Nest_Beta,4.1,6.4,SE,20.3,46.9,0,15.2,go
2025-03-08T07:00:00,Nest_Beta,6.5,14.5,NE,21.6,70.4,0,15.8,go
2025-03-08T08:00:00,Nest_Beta,12.4,21.0,NE,21.6,50.9,0,17.6,go
2025-03-08T09:00:00,Nest_Beta,8.0,17.2,NE,22.0,55.2,0,13.8,go
2025-03-08T10:00:00,Nest_Beta,13.8,19.8,N,25.0,51.7,0,16.1,go
2025-03-08T11:00:00,Nest_Beta,7.7,10.9,NE,24.1,61.3,0,15.8,go
2025-03-08T12:00:00,Nest_Beta,12.2,18.6,N,25.3,62.7,0,14.2,go
2025-03-08T13:00:00,Nest_Beta,11.0,14.9,SE,25.4,58.2,0,16.3,go
2025-03-08T14:00:00,Nest_Beta,12.0,17.4,W,23.8,49.7,0,14.3,go
2025-03-08T15:00:00,Nest_Beta,15.8,24.5,E,24.3,44.2,0,17.7,go
2025-03-08T16:00:00,Nest_Beta,19.1,26.2,N,23.9,55.6,0,13.7,go
2025-03-08T17:00:00,Nest_Beta,15.2,17.7,SW,23.6,69.6,0,15.5,go
2025-03-08T18:00:00,Nest_Beta,15.4,23.8,S,21.5,66.6,0,14.7,go
2025-03-08T19:00:00,Nest_Beta,18.7,27.3,S,22.3,68.4,0,13.5,go
2025-03-08T20:00:00,Nest_Beta,16.6,24.5,NW,20.4,53.6,0,14.4,go
2025-03-08T21:00:00,Nest_Beta,9.9,17.8,SE,18.5,50.5,0,15.0,go
2025-03-08T22:00:00,Nest_Beta,13.7,18.2,SE,17.7,62.8,0,15.7,go
2025-03-08T23:00:00,Nest_Beta,11.7,20.0,W,17.5,38.8,0,15.2,go
2025-03-08T00:00:00,Nest_Gamma,8.8,12.6,W,17.3,56.7,0,14.4,go
2025-03-08T01:00:00,Nest_Gamma,5.7,15.0,N,17.4,74.2,0,14.8,go
2025-03-08T02:00:00,Nest_Gamma,3.8,8.1,W,17.2,58.9,0,16.4,go
2025-03-08T03:00:00,Nest_Gamma,3.4,6.2,S,17.6,51.2,0,14.5,go
2025-03-08T04:00:00,Nest_Gamma,6.8,13.8,NE,17.7,52.4,0,15.4,go
2025-03-08T05:00:00,Nest_Gamma,4.6,11.6,W,19.3,69.8,0,15.4,go
2025-03-08T06:00:00,Nest_Gamma,7.0,9.4,NE,20.9,50.1,0,16.0,go
2025-03-08T07:00:00,Nest_Gamma,10.4,14.8,E,21.8,66.8,0,14.8,go
2025-03-08T08:00:00,Nest_Gamma,10.6,15.1,E,21.4,58.2,0,15.8,go
2025-03-08T09:00:00,Nest_Gamma,2.7,8.5,S,23.0,57.7,0,13.7,go
2025-03-08T10:00:00,Nest_Gamma,5.7,15.3,W,23.5,56.8,0,15.2,go
2025-03-08T11:00:00,Nest_Gamma,7.6,12.6,NW,24.2,43.4,0,15.3,go
2025-03-08T12:00:00,Nest_Gamma,13.4,15.8,SW,26.1,63.7,0,15.5,go
2025-03-08T13:00:00,Nest_Gamma,17.7,25.4,NW,24.4,59.1,0,13.9,go
2025-03-08T14:00:00,Nest_Gamma,14.6,20.1,S,24.6,61.2,0,15.5,go
2025-03-08T15:00:00,Nest_Gamma,16.2,24.6,S,23.7,58.8,0,14.4,go
2025-03-08T16:00:00,Nest_Gamma,15.9,23.6,S,23.0,59.1,0,14.7,go
2025-03-08T17:00:00,Nest_Gamma,15.9,25.5,S,22.6,26.4,0,15.4,go
2025-03-08T18:00:00,Nest_Gamma,13.6,18.8,SW,21.0,56.7,0,14.8,go
2025-03-08T19:00:00,Nest_Gamma,11.3,15.4,NW,21.9,43.5,0,13.8,go
2025-03-08T20:00:00,Nest_Gamma,14.8,23.3,SE,20.4,41.6,0,15.9,go
2025-03-08T21:00:00,Nest_Gamma,15.6,18.7,SE,20.1,56.6,0,13.4,go
2025-03-08T22:00:00,Nest_Gamma,12.6,17.0,E,18.9,61.6,0,13.7,go
2025-03-08T23:00:00,Nest_Gamma,8.1,13.1,N,17.2,59.5,0,14.2,go
2025-03-08T00:00:00,Nest_Delta,12.4,22.2,S,17.2,48.2,0,13.8,go
2025-03-08T01:00:00,Nest_Delta,11.5,17.4,S,15.7,48.3,0,14.7,go
2025-03-08T02:00:00,Nest_Delta,5.9,12.8,SE,17.5,51.6,0,16.5,go
2025-03-08T03:00:00,Nest_Delta,8.8,15.9,NE,17.4,53.1,0,13.0,go
2025-03-08T04:00:00,Nest_Delta,6.2,13.4,S,18.6,56.6,0,15.3,go
2025-03-08T05:00:00,Nest_Delta,4.7,12.4,NW,19.1,63.3,0,13.7,go
2025-03-08T06:00:00,Nest_Delta,6.6,12.4,SW,20.8,51.1,0,14.3,go
2025-03-08T07:00:00,Nest_Delta,4.9,14.6,N,20.3,53.3,0,16.1,go
2025-03-08T08:00:00,Nest_Delta,9.2,11.3,W,23.1,55.7,0,15.1,go
2025-03-08T09:00:00,Nest_Delta,5.9,11.7,NE,22.2,59.1,0,15.6,go
2025-03-08T10:00:00,Nest_Delta,9.0,18.9,NW,23.9,46.2,0,16.5,go
2025-03-08T11:00:00,Nest_Delta,11.6,21.1,E,24.2,53.9,0,14.1,go
2025-03-08T12:00:00,Nest_Delta,11.1,18.0,SE,24.6,62.2,0,13.9,go
2025-03-08T13:00:00,Nest_Delta,14.2,19.1,N,24.9,64.9,0,13.8,go
2025-03-08T14:00:00,Nest_Delta,17.3,26.8,N,24.4,62.5,0,15.0,go
2025-03-08T15:00:00,Nest_Delta,16.7,21.1,SW,25.9,67.8,0,15.6,go
2025-03-08T16:00:00,Nest_Delta,12.4,22.2,NW,24.3,51.1,0,14.3,go
2025-03-08T17:00:00,Nest_Delta,15.5,25.5,NW,23.3,49.7,0,12.7,go
2025-03-08T18:00:00,Nest_Delta,14.2,20.3,SW,22.1,65.7,0,16.7,go
2025-03-08T19:00:00,Nest_Delta,22.8,31.9,SW,21.5,46.9,0,14.5,go
2025-03-08T20:00:00,Nest_Delta,17.8,22.1,N,19.2,71.5,0,13.5,go
2025-03-08T21:00:00,Nest_Delta,13.2,22.8,N,19.4,67.1,0,13.8,go
2025-03-08T22:00:00,Nest_Delta,19.0,23.7,N,18.8,37.0,0,14.0,go
2025-03-08T23:00:00,Nest_Delta,9.4,17.5,SW,17.9,64.5,0,14.8,go
2025-03-09T00:00:00,Nest_Alpha,12.3,16.8,S,16.9,55.6,0,13.9,go
2025-03-09T01:00:00,Nest_Alpha,9.6,11.6,NW,16.0,62.6,0,14.9,go
2025-03-09T02:00:00,Nest_Alpha,8.1,14.3,N,17.4,64.8,0,16.7,go
2025-03-09T03:00:00,Nest_Alpha,11.2,18.3,NW,17.8,62.5,0,15.6,go
2025-03-09T04:00:00,Nest_Alpha,7.3,13.4,S,17.2,60.4,0,15.0,go
2025-03-09T05:00:00,Nest_Alpha,9.1,13.0,N,18.9,60.2,0,14.9,go
2025-03-09T06:00:00,Nest_Alpha,3.5,12.5,NW,21.0,45.6,0,13.8,go
2025-03-09T07:00:00,Nest_Alpha,13.3,17.5,SW,20.8,47.4,0,16.9,go
2025-03-09T08:00:00,Nest_Alpha,7.3,15.9,SW,22.5,65.6,0,14.0,go
2025-03-09T09:00:00,Nest_Alpha,9.5,19.4,E,23.4,52.5,0,14.1,go
2025-03-09T10:00:00,Nest_Alpha,11.2,14.2,SW,24.0,44.0,0,14.6,go
2025-03-09T11:00:00,Nest_Alpha,16.1,23.0,NW,24.2,49.7,0,17.8,go
2025-03-09T12:00:00,Nest_Alpha,14.0,20.4,NE,24.5,73.3,0,15.0,go
2025-03-09T13:00:00,Nest_Alpha,16.5,24.4,E,25.4,71.0,0,16.3,go
2025-03-09T14:00:00,Nest_Alpha,19.1,24.7,N,24.4,49.9,0,14.4,go
2025-03-09T15:00:00,Nest_Alpha,18.5,24.1,SE,23.9,60.2,0,15.0,go
2025-03-09T16:00:00,Nest_Alpha,18.3,21.6,SW,23.0,57.4,0,14.9,go
2025-03-09T17:00:00,Nest_Alpha,21.0,25.5,NE,22.6,53.6,0,12.3,go
2025-03-09T18:00:00,Nest_Alpha,15.8,23.2,N,21.8,60.1,0,15.4,go
2025-03-09T19:00:00,Nest_Alpha,18.3,24.1,W,20.8,59.4,0,15.0,go
2025-03-09T20:00:00,Nest_Alpha,18.4,26.8,N,20.1,74.7,0,14.9,go
2025-03-09T21:00:00,Nest_Alpha,19.3,29.1,S,19.3,39.3,0,15.6,go
2025-03-09T22:00:00,Nest_Alpha,11.1,20.9,NE,20.5,56.9,0,14.1,go
2025-03-09T23:00:00,Nest_Alpha,11.1,19.5,SE,15.9,53.1,0,16.3,go
2025-03-09T00:00:00,Nest_Beta,8.6,13.6,E,16.7,60.5,0,15.1,go
2025-03-09T01:00:00,Nest_Beta,8.6,15.6,W,17.8,59.3,0,16.6,go
2025-03-09T02:00:00,Nest_Beta,11.5,16.9,E,17.4,58.9,0,14.5,go
2025-03-09T03:00:00,Nest_Beta,7.3,10.2,N,17.2,57.0,0,15.6,go
2025-03-09T04:00:00,Nest_Beta,7.7,16.3,W,18.6,49.5,0,15.4,go
2025-03-09T05:00:00,Nest_Beta,4.6,8.1,N,20.0,50.1,0,14.3,go
2025-03-09T06:00:00,Nest_Beta,5.0,9.9,E,20.4,53.0,0,15.3,go
2025-03-09T07:00:00,Nest_Beta,6.2,12.7,SE,19.9,26.4,0,14.8,go
2025-03-09T08:00:00,Nest_Beta,11.7,14.8,SE,22.3,60.7,0,12.7,go
2025-03-09T09:00:00,Nest_Beta,9.0,12.9,N,22.8,85.2,0,14.9,go
2025-03-09T10:00:00,Nest_Beta,9.1,18.5,W,22.6,40.9,0,16.5,go
2025-03-09T11:00:00,Nest_Beta,12.0,19.6,E,23.8,68.3,0,15.6,go
2025-03-09T12:00:00,Nest_Beta,15.9,25.8,NE,23.9,69.3,0,16.9,go
2025-03-09T13:00:00,Nest_Beta,15.1,24.0,W,24.5,67.1,0,14.7,go
2025-03-09T14:00:00,Nest_Beta,15.6,18.9,E,24.4,62.2,0,15.2,go
2025-03-09T15:00:00,Nest_Beta,17.3,26.0,W,24.2,62.5,0,17.4,go
2025-03-09T16:00:00,Nest_Beta,15.8,21.8,E,23.3,56.7,0,13.7,go
2025-03-09T17:00:00,Nest_Beta,15.8,18.3,N,24.9,63.0,0,14.3,go
2025-03-09T18:00:00,Nest_Beta,16.8,24.2,W,21.3,54.7,0,14.0,go
2025-03-09T19:00:00,Nest_Beta,18.6,28.2,SW,20.8,70.9,0,15.4,go
2025-03-09T20:00:00,Nest_Beta,12.4,16.3,SE,20.2,48.8,0,14.6,go
2025-03-09T21:00:00,Nest_Beta,18.2,24.4,SE,19.0,59.1,0,14.2,go
2025-03-09T22:00:00,Nest_Beta,14.6,22.5,SW,18.3,56.4,0,13.2,go
2025-03-09T23:00:00,Nest_Beta,12.3,17.6,NW,15.7,50.1,0,14.0,go
2025-03-09T00:00:00,Nest_Gamma,11.0,17.6,NW,16.6,64.7,0,15.4,go
2025-03-09T01:00:00,Nest_Gamma,8.0,16.6,NW,17.3,48.0,0,13.9,go
2025-03-09T02:00:00,Nest_Gamma,7.0,11.9,W,18.0,56.4,0,15.4,go
2025-03-09T03:00:00,Nest_Gamma,2.1,6.8,SE,17.9,49.4,0,14.8,go
2025-03-09T04:00:00,Nest_Gamma,3.0,9.0,SE,17.2,40.2,0,15.2,go
2025-03-09T05:00:00,Nest_Gamma,4.9,14.1,SE,19.4,58.8,0,14.9,go
2025-03-09T06:00:00,Nest_Gamma,7.4,13.9,W,19.8,57.4,0,15.2,go
2025-03-09T07:00:00,Nest_Gamma,9.4,17.9,N,22.0,61.3,0,14.1,go
2025-03-09T08:00:00,Nest_Gamma,10.5,13.8,SE,21.8,70.8,0,13.2,go
2025-03-09T09:00:00,Nest_Gamma,9.3,18.6,W,22.9,57.9,0,14.4,go
2025-03-09T10:00:00,Nest_Gamma,6.2,11.8,S,24.7,55.6,0,15.6,go
2025-03-09T11:00:00,Nest_Gamma,8.5,15.9,N,24.3,63.0,0,15.0,go
2025-03-09T12:00:00,Nest_Gamma,11.9,19.5,NW,26.4,39.9,0,13.8,go
2025-03-09T13:00:00,Nest_Gamma,10.5,14.2,S,25.4,46.1,0,16.5,go
2025-03-09T14:00:00,Nest_Gamma,14.1,17.1,NW,24.3,52.3,0,15.2,go
2025-03-09T15:00:00,Nest_Gamma,8.9,14.8,NW,24.4,64.7,0,14.2,go
2025-03-09T16:00:00,Nest_Gamma,12.2,18.7,W,22.1,48.0,0,13.4,go
2025-03-09T17:00:00,Nest_Gamma,16.7,23.9,S,22.7,43.3,0,14.5,go
2025-03-09T18:00:00,Nest_Gamma,15.6,20.8,SE,21.8,51.2,0,13.3,go
2025-03-09T19:00:00,Nest_Gamma,12.6,21.5,NE,20.4,55.3,0,15.5,go
2025-03-09T20:00:00,Nest_Gamma,12.8,19.4,N,19.4,54.1,0,15.3,go
2025-03-09T21:00:00,Nest_Gamma,13.0,21.6,S,19.2,54.9,0,15.1,go
2025-03-09T22:00:00,Nest_Gamma,11.7,15.1,N,17.9,63.6,0,14.0,go
2025-03-09T23:00:00,Nest_Gamma,8.2,17.6,SE,17.5,57.8,0,14.6,go
2025-03-09T00:00:00,Nest_Delta,8.9,16.0,W,18.1,43.1,0,14.7,go
2025-03-09T01:00:00,Nest_Delta,5.4,11.5,S,17.5,63.4,0,16.0,go
2025-03-09T02:00:00,Nest_Delta,10.0,16.7,W,17.3,50.4,0,15.0,go
2025-03-09T03:00:00,Nest_Delta,9.4,18.1,SW,17.7,59.1,0,14.3,go
2025-03-09T04:00:00,Nest_Delta,6.2,13.4,NW,17.6,48.9,0,15.5,go
2025-03-09T05:00:00,Nest_Delta,9.4,11.9,SE,17.6,59.1,0,15.4,go
2025-03-09T06:00:00,Nest_Delta,14.3,20.1,SW,19.8,58.2,0,13.5,go
2025-03-09T07:00:00,Nest_Delta,5.7,14.9,SW,20.2,64.8,0,14.8,go
2025-03-09T08:00:00,Nest_Delta,10.5,19.4,S,21.0,71.6,0,14.5,go
2025-03-09T09:00:00,Nest_Delta,6.0,14.3,N,22.5,55.7,0,15.0,go
2025-03-09T10:00:00,Nest_Delta,13.6,15.8,W,23.4,49.7,0,15.9,go
2025-03-09T11:00:00,Nest_Delta,18.6,20.8,S,24.6,50.3,0,13.2,go
2025-03-09T12:00:00,Nest_Delta,13.2,15.5,W,24.1,47.2,0,15.9,go
2025-03-09T13:00:00,Nest_Delta,13.9,17.4,W,24.8,69.7,0,14.2,go
2025-03-09T14:00:00,Nest_Delta,19.4,21.5,S,25.5,55.9,0,14.8,go
2025-03-09T15:00:00,Nest_Delta,14.2,22.0,NW,23.2,41.1,0,15.8,go
2025-03-09T16:00:00,Nest_Delta,14.8,21.2,NW,24.3,67.0,0,15.6,go
2025-03-09T17:00:00,Nest_Delta,17.8,25.5,N,23.7,59.4,0,14.7,go
2025-03-09T18:00:00,Nest_Delta,17.1,26.0,W,22.1,57.2,0,14.1,go
2025-03-09T19:00:00,Nest_Delta,18.8,23.2,W,21.1,60.8,0,14.7,go
2025-03-09T20:00:00,Nest_Delta,16.1,23.4,W,18.7,59.6,0,15.4,go
2025-03-09T21:00:00,Nest_Delta,15.1,23.0,S,19.2,64.3,0,17.1,go
2025-03-09T22:00:00,Nest_Delta,15.3,21.6,N,17.8,53.8,0,14.4,go
2025-03-09T23:00:00,Nest_Delta,16.6,26.2,SW,17.4,62.3,0,14.7,go
2025-03-10T00:00:00,Nest_Alpha,9.4,15.5,W,16.0,38.7,0,14.5,go
2025-03-10T01:00:00,Nest_Alpha,11.9,21.0,NW,17.8,29.3,0,15.8,go
2025-03-10T02:00:00,Nest_Alpha,11.1,15.7,SE,17.3,50.1,0,16.7,go
2025-03-10T03:00:00,Nest_Alpha,10.1,18.5,E,17.7,62.1,0,12.3,go
2025-03-10T04:00:00,Nest_Alpha,5.1,11.0,SW,18.4,53.8,0,15.2,go
2025-03-10T05:00:00,Nest_Alpha,8.3,15.8,S,18.3,58.8,0,13.6,go
2025-03-10T06:00:00,Nest_Alpha,9.4,13.7,SW,19.7,59.4,0,13.7,go
2025-03-10T07:00:00,Nest_Alpha,12.2,21.2,N,21.3,67.3,0,13.4,go
2025-03-10T08:00:00,Nest_Alpha,9.7,19.6,S,22.4,69.4,0,13.7,go
2025-03-10T09:00:00,Nest_Alpha,11.5,15.4,SE,23.5,71.7,0,15.1,go
2025-03-10T10:00:00,Nest_Alpha,13.1,18.6,NW,24.2,58.8,0,14.9,go
2025-03-10T11:00:00,Nest_Alpha,10.7,17.7,N,23.5,59.2,0,15.4,go
2025-03-10T12:00:00,Nest_Alpha,15.1,17.2,NE,25.8,64.5,0,15.1,go
2025-03-10T13:00:00,Nest_Alpha,8.8,12.8,W,24.5,54.8,0,13.9,go
2025-03-10T14:00:00,Nest_Alpha,16.7,24.2,S,24.0,52.1,0,13.6,go
2025-03-10T15:00:00,Nest_Alpha,20.3,24.7,SE,24.0,73.1,0,14.5,go
2025-03-10T16:00:00,Nest_Alpha,16.7,20.0,N,22.9,47.6,0,14.9,go
2025-03-10T17:00:00,Nest_Alpha,19.5,22.9,S,22.8,63.1,0,13.8,go
2025-03-10T18:00:00,Nest_Alpha,20.5,29.1,NW,21.6,61.1,0,12.6,go
2025-03-10T19:00:00,Nest_Alpha,14.4,24.0,S,20.1,78.5,0,14.6,go
2025-03-10T20:00:00,Nest_Alpha,16.2,18.8,SE,19.8,61.8,0,14.5,go
2025-03-10T21:00:00,Nest_Alpha,18.8,23.2,W,18.3,62.1,0,16.7,go
2025-03-10T22:00:00,Nest_Alpha,14.1,17.0,SE,18.1,58.1,0,14.4,go
2025-03-10T23:00:00,Nest_Alpha,12.6,15.1,SW,17.5,42.0,0,17.5,go
2025-03-10T00:00:00,Nest_Beta,12.4,21.4,NE,17.9,64.5,0,14.0,go
2025-03-10T01:00:00,Nest_Beta,8.6,15.6,NE,17.0,42.9,0,15.6,go
2025-03-10T02:00:00,Nest_Beta,7.7,10.8,SE,17.2,48.8,0,16.8,go
2025-03-10T03:00:00,Nest_Beta,8.3,12.9,NW,17.7,61.2,0,13.6,go
2025-03-10T04:00:00,Nest_Beta,5.7,9.2,NE,18.1,55.6,0,14.3,go
2025-03-10T05:00:00,Nest_Beta,2.7,6.4,W,20.0,72.6,0,14.0,go
2025-03-10T06:00:00,Nest_Beta,8.0,15.8,S,19.5,71.9,0,16.7,go
2025-03-10T07:00:00,Nest_Beta,8.5,14.0,NE,21.0,58.9,0,13.7,go
2025-03-10T08:00:00,Nest_Beta,7.2,14.0,NW,22.1,70.0,0,13.9,go
2025-03-10T09:00:00,Nest_Beta,3.6,12.7,NW,23.6,64.5,0,14.6,go
2025-03-10T10:00:00,Nest_Beta,11.7,20.7,SW,23.9,54.4,0,15.1,go
2025-03-10T11:00:00,Nest_Beta,14.7,19.6,N,24.3,62.3,0,14.7,go
2025-03-10T12:00:00,Nest_Beta,15.3,17.8,E,25.3,62.3,0,15.9,go
2025-03-10T13:00:00,Nest_Beta,15.3,23.2,SW,25.6,50.6,0,14.0,go
2025-03-10T14:00:00,Nest_Beta,16.7,21.8,NE,24.9,46.1,0,14.4,go
2025-03-10T15:00:00,Nest_Beta,16.5,26.2,NW,24.3,61.0,0,12.2,go
2025-03-10T16:00:00,Nest_Beta,13.9,23.2,W,24.6,53.9,0,14.6,go
2025-03-10T17:00:00,Nest_Beta,14.1,17.0,NW,22.6,61.4,0,14.8,go
2025-03-10T18:00:00,Nest_Beta,16.3,25.5,SE,22.2,75.6,0,15.3,go
2025-03-10T19:00:00,Nest_Beta,12.8,22.1,SW,20.8,39.4,0,13.6,go
2025-03-10T20:00:00,Nest_Beta,15.0,23.4,E,19.5,53.4,0,14.9,go
2025-03-10T21:00:00,Nest_Beta,12.8,21.3,S,18.2,61.0,0,14.7,go
2025-03-10T22:00:00,Nest_Beta,7.5,11.9,SE,18.4,67.7,0,15.1,go
2025-03-10T23:00:00,Nest_Beta,4.8,7.4,W,16.9,52.4,0,16.4,go
2025-03-10T00:00:00,Nest_Gamma,10.0,15.8,SE,16.7,46.7,0,14.4,go
2025-03-10T01:00:00,Nest_Gamma,10.2,13.7,SW,15.7,39.3,0,14.1,go
2025-03-10T02:00:00,Nest_Gamma,5.5,13.6,SW,17.3,69.3,0,14.4,go
2025-03-10T03:00:00,Nest_Gamma,2,6.3,E,17.6,50.5,0,14.6,go
2025-03-10T04:00:00,Nest_Gamma,2,10.9,NW,17.6,60.3,0,14.5,go
2025-03-10T05:00:00,Nest_Gamma,4.3,14.1,SE,19.7,71.5,0,14.8,go
2025-03-10T06:00:00,Nest_Gamma,4.5,7.5,N,20.1,80.5,0,14.5,go
2025-03-10T07:00:00,Nest_Gamma,5.0,7.1,W,21.3,68.6,0,13.2,go
2025-03-10T08:00:00,Nest_Gamma,2,6.2,NW,21.7,59.7,0,15.0,go
2025-03-10T09:00:00,Nest_Gamma,2.5,9.1,S,23.6,68.8,0,14.5,go
2025-03-10T10:00:00,Nest_Gamma,3.3,12.5,SE,23.9,29.8,0,14.5,go
2025-03-10T11:00:00,Nest_Gamma,13.7,22.6,SE,24.1,57.7,0,15.1,go
2025-03-10T12:00:00,Nest_Gamma,8.3,12.4,S,24.8,55.4,0,15.0,go
2025-03-10T13:00:00,Nest_Gamma,13.5,21.3,W,25.0,59.0,0,16.0,go
2025-03-10T14:00:00,Nest_Gamma,12.7,17.8,NE,24.7,60.2,0,13.2,go
2025-03-10T15:00:00,Nest_Gamma,14.8,19.9,S,25.6,50.9,0,13.8,go
2025-03-10T16:00:00,Nest_Gamma,15.0,18.8,W,22.9,54.6,0,12.3,go
2025-03-10T17:00:00,Nest_Gamma,15.6,23.4,SE,22.8,42.9,0,14.3,go
2025-03-10T18:00:00,Nest_Gamma,16.0,19.1,SW,22.0,63.8,0,16.1,go
2025-03-10T19:00:00,Nest_Gamma,19.9,27.4,NE,19.6,71.1,0,16.5,go
2025-03-10T20:00:00,Nest_Gamma,10.4,12.8,N,20.5,59.5,0,15.2,go
2025-03-10T21:00:00,Nest_Gamma,11.6,18.8,SE,18.8,63.8,0,16.4,go
2025-03-10T22:00:00,Nest_Gamma,10.9,18.6,N,18.5,57.0,0,15.3,go
2025-03-10T23:00:00,Nest_Gamma,11.0,14.1,SE,17.1,58.0,0,15.6,go
2025-03-10T00:00:00,Nest_Delta,6.6,12.3,SW,17.4,49.8,0,14.7,go
2025-03-10T01:00:00,Nest_Delta,9.7,19.1,SE,17.0,59.1,0,14.7,go
2025-03-10T02:00:00,Nest_Delta,7.3,15.1,NW,15.9,63.9,0,15.6,go
2025-03-10T03:00:00,Nest_Delta,7.0,13.8,N,18.5,60.8,0,16.2,go
2025-03-10T04:00:00,Nest_Delta,5.4,14.1,E,17.9,63.3,0,13.1,go
2025-03-10T05:00:00,Nest_Delta,5.8,14.6,SW,19.2,63.4,0,14.7,go
2025-03-10T06:00:00,Nest_Delta,5.5,13.6,NW,20.3,51.1,0,14.9,go
2025-03-10T07:00:00,Nest_Delta,5.5,13.3,NE,20.9,50.8,0,14.2,go
2025-03-10T08:00:00,Nest_Delta,7.9,12.4,N,22.6,57.2,0,16.1,go
2025-03-10T09:00:00,Nest_Delta,7.3,13.3,E,24.1,58.0,0,14.3,go
2025-03-10T10:00:00,Nest_Delta,11.3,15.3,NW,24.3,55.0,0,14.0,go
2025-03-10T11:00:00,Nest_Delta,9.1,17.3,E,25.4,71.4,0,14.6,go
2025-03-10T12:00:00,Nest_Delta,9.2,14.9,NW,25.4,50.6,0,15.8,go
2025-03-10T13:00:00,Nest_Delta,12.6,16.3,SW,24.4,55.6,0,15.4,go
2025-03-10T14:00:00,Nest_Delta,13.9,16.0,NE,25.4,66.0,0,14.7,go
2025-03-10T15:00:00,Nest_Delta,17.7,21.6,N,24.7,51.9,0,16.9,go
2025-03-10T16:00:00,Nest_Delta,21.7,30.4,NW,24.6,68.0,0,14.1,go
2025-03-10T17:00:00,Nest_Delta,14.4,21.1,SW,23.4,65.3,0,15.6,go
2025-03-10T18:00:00,Nest_Delta,19.5,22.7,NW,23.7,67.8,0,15.2,go
2025-03-10T19:00:00,Nest_Delta,15.0,22.3,S,20.9,55.0,0,14.9,go
2025-03-10T20:00:00,Nest_Delta,14.1,22.9,NW,20.4,52.1,0,14.7,go
2025-03-10T21:00:00,Nest_Delta,9.1,11.5,S,18.8,61.2,0,14.4,go
2025-03-10T22:00:00,Nest_Delta,16.0,18.5,S,18.7,68.9,0,18,go
2025-03-10T23:00:00,Nest_Delta,12.5,16.3,N,16.4,57.9,0,14.8,go
2025-03-11T00:00:00,Nest_Alpha,10.4,13.9,NW,16.2,46.3,0,13.7,go
2025-03-11T01:00:00,Nest_Alpha,11.6,17.1,SW,17.6,44.8,0,14.1,go
2025-03-11T02:00:00,Nest_Alpha,11.3,20.2,NW,17.5,45.9,0,13.5,go
2025-03-11T03:00:00,Nest_Alpha,6.7,15.2,NW,18.0,64.5,0,15.2,go
2025-03-11T04:00:00,Nest_Alpha,8.6,15.9,SE,18.3,47.2,0,13.9,go
2025-03-11T05:00:00,Nest_Alpha,13.4,20.1,E,19.5,64.4,0,15.4,go
2025-03-11T06:00:00,Nest_Alpha,10.1,18.0,SE,20.3,27.9,0,12.0,go
2025-03-11T07:00:00,Nest_Alpha,10.1,16.9,SW,22.4,67.9,0,16.3,go
2025-03-11T08:00:00,Nest_Alpha,7.1,11.9,SE,22.1,41.8,0,15.5,go
2025-03-11T09:00:00,Nest_Alpha,7.7,11.8,S,23.6,51.0,0,14.7,go
2025-03-11T10:00:00,Nest_Alpha,10.2,15.4,NW,22.2,48.2,0,14.5,go
2025-03-11T11:00:00,Nest_Alpha,12.3,18.1,SE,24.3,51.7,0,15.4,go
2025-03-11T12:00:00,Nest_Alpha,10.7,16.3,W,24.4,86.3,0,15.4,go
2025-03-11T13:00:00,Nest_Alpha,18.2,22.3,NE,24.1,64.9,0,15.5,go
2025-03-11T14:00:00,Nest_Alpha,16.4,21.7,SW,24.7,59.1,0,14.3,go
2025-03-11T15:00:00,Nest_Alpha,18.3,27.6,E,24.5,58.1,0,15.7,go
2025-03-11T16:00:00,Nest_Alpha,16.4,20.4,NW,24.1,72.8,0,12.1,go
2025-03-11T17:00:00,Nest_Alpha,17.8,23.3,E,22.9,80.0,0,15.0,go
2025-03-11T18:00:00,Nest_Alpha,17.0,19.5,N,20.7,53.1,0,13.7,go
2025-03-11T19:00:00,Nest_Alpha,17.7,25.0,W,20.8,80.5,0,15.4,go
2025-03-11T20:00:00,Nest_Alpha,10.9,20.8,N,20.2,60.7,0,14.6,go
2025-03-11T21:00:00,Nest_Alpha,15.3,19.2,NE,18.1,64.7,0,16.9,go
2025-03-11T22:00:00,Nest_Alpha,16.7,22.3,E,17.5,58.5,0,13.8,go
2025-03-11T23:00:00,Nest_Alpha,14.5,20.0,E,17.3,39.0,0,14.9,go
2025-03-11T00:00:00,Nest_Beta,15.0,17.4,NW,16.7,51.0,0,15.8,go
2025-03-11T01:00:00,Nest_Beta,7.2,15.8,E,17.8,60.2,0,16.7,go
2025-03-11T02:00:00,Nest_Beta,9.4,14.5,NE,16.5,57.6,0,15.6,go
2025-03-11T03:00:00,Nest_Beta,10.2,20.0,E,18.1,46.9,0,13.9,go
2025-03-11T04:00:00,Nest_Beta,2,7.9,E,18.9,50.8,0,14.1,go
2025-03-11T05:00:00,Nest_Beta,6.3,11.5,E,18.8,64.3,0,14.3,go
2025-03-11T06:00:00,Nest_Beta,3.1,9.1,NE,19.8,49.1,0,14.3,go
2025-03-11T07:00:00,Nest_Beta,2.3,7.3,E,21.9,70.4,0,15.4,go
2025-03-11T08:00:00,Nest_Beta,11.5,18.2,SW,22.4,67.9,0,14.7,go
2025-03-11T09:00:00,Nest_Beta,8.7,11.0,NE,21.8,49.8,0,15.1,go
2025-03-11T10:00:00,Nest_Beta,11.7,20.7,S,23.5,55.4,0,14.2,go
2025-03-11T11:00:00,Nest_Beta,11.8,18.3,SE,24.0,67.6,0,13.5,go
2025-03-11T12:00:00,Nest_Beta,10.3,18.9,W,24.8,75.2,0,13.2,go
2025-03-11T13:00:00,Nest_Beta,20.1,23.4,N,24.8,55.8,0,15.1,go
2025-03-11T14:00:00,Nest_Beta,16.3,25.5,SE,25.9,52.4,0,14.5,go
2025-03-11T15:00:00,Nest_Beta,13.6,16.1,E,24.2,54.8,0,16.3,go
2025-03-11T16:00:00,Nest_Beta,13.9,21.8,NW,24.0,41.8,0,15.8,go
2025-03-11T17:00:00,Nest_Beta,11.2,17.9,SW,22.7,67.8,0,16.0,go
2025-03-11T18:00:00,Nest_Beta,19.6,29.0,NE,21.0,49.8,0,15.6,go
2025-03-11T19:00:00,Nest_Beta,15.4,20.6,N,20.8,54.6,0,14.3,go
2025-03-11T20:00:00,Nest_Beta,13.4,15.4,E,19.7,79.1,0,16.7,go
2025-03-11T21:00:00,Nest_Beta,9.3,13.8,S,19.5,53.8,0,14.4,go
2025-03-11T22:00:00,Nest_Beta,10.1,19.7,NE,17.8,73.9,0,16.2,go
2025-03-11T23:00:00,Nest_Beta,12.0,16.2,SW,17.1,50.4,0,14.0,go
2025-03-11T00:00:00,Nest_Gamma,10.1,13.1,S,16.5,62.4,0,15.0,go
2025-03-11T01:00:00,Nest_Gamma,9.6,16.1,NW,17.8,63.7,0,16.4,go
2025-03-11T02:00:00,Nest_Gamma,5.2,9.2,SE,17.5,70.2,0,14.5,go
2025-03-11T03:00:00,Nest_Gamma,2.1,9.3,E,17.9,60.0,0,15.9,go
2025-03-11T04:00:00,Nest_Gamma,3.7,13.0,SE,18.5,54.5,0,14.7,go
2025-03-11T05:00:00,Nest_Gamma,4.6,12.8,N,19.5,67.8,0,15.4,go
2025-03-11T06:00:00,Nest_Gamma,4.8,10.0,NE,20.2,52.7,0,14.6,go
2025-03-11T07:00:00,Nest_Gamma,3.8,13.1,NE,20.5,69.9,0,14.7,go
2025-03-11T08:00:00,Nest_Gamma,6.2,9.1,N,22.7,53.3,0,17.7,go
2025-03-11T09:00:00,Nest_Gamma,5.8,15.3,NW,24.4,47.9,0,13.4,go
2025-03-11T10:00:00,Nest_Gamma,5.7,9.9,SW,23.9,70.0,0,15.3,go
2025-03-11T11:00:00,Nest_Gamma,8.8,13.8,SE,25.3,42.4,0,15.2,go
2025-03-11T12:00:00,Nest_Gamma,14.8,21.1,E,24.6,66.6,0,14.7,go
2025-03-11T13:00:00,Nest_Gamma,15.9,20.7,SW,25.1,52.1,0,15.1,go
2025-03-11T14:00:00,Nest_Gamma,13.4,23.3,W,24.4,37.4,0,16.0,go
2025-03-11T15:00:00,Nest_Gamma,8.5,12.3,N,24.9,66.2,0,14.2,go
2025-03-11T16:00:00,Nest_Gamma,14.1,17.3,W,24.3,59.1,0,15.9,go
2025-03-11T17:00:00,Nest_Gamma,13.1,19.6,E,22.9,78.5,0,16.7,go
2025-03-11T18:00:00,Nest_Gamma,18.4,20.6,N,21.3,50.6,0,16.5,go
2025-03-11T19:00:00,Nest_Gamma,12.3,16.7,SW,21.7,68.9,0,16.6,go
2025-03-11T20:00:00,Nest_Gamma,10.4,19.6,NW,19.8,65.0,0,14.8,go
2025-03-11T21:00:00,Nest_Gamma,12.2,17.3,SE,19.8,52.0,0,14.6,go
2025-03-11T22:00:00,Nest_Gamma,11.5,21.2,NE,18.6,64.2,0,15.4,go
2025-03-11T23:00:00,Nest_Gamma,8.7,12.8,W,16.8,54.7,0,15.4,go
2025-03-11T00:00:00,Nest_Delta,11.4,17.0,SW,17.2,50.9,0,15.2,go
2025-03-11T01:00:00,Nest_Delta,10.2,13.1,E,15.9,50.5,0,15.1,go
2025-03-11T02:00:00,Nest_Delta,6.1,10.3,N,17.6,60.9,0,14.0,go
2025-03-11T03:00:00,Nest_Delta,9.9,19.5,NW,17.2,51.0,0,12.7,go
2025-03-11T04:00:00,Nest_Delta,7.2,15.5,NW,17.6,51.6,0,17.5,go
2025-03-11T05:00:00,Nest_Delta,9.2,12.6,NE,19.3,57.3,0,15.0,go
2025-03-11T06:00:00,Nest_Delta,6.1,9.4,W,19.3,57.7,0,15.5,go
2025-03-11T07:00:00,Nest_Delta,7.8,15.1,N,20.6,61.3,0,15.9,go
2025-03-11T08:00:00,Nest_Delta,5.9,9.6,NE,21.5,66.4,0,14.6,go
2025-03-11T09:00:00,Nest_Delta,11.0,20.1,NE,23.7,57.1,0,15.9,go
2025-03-11T10:00:00,Nest_Delta,13.1,22.2,E,23.1,58.2,0,16.1,go
2025-03-11T11:00:00,Nest_Delta,13.8,21.2,NE,23.9,55.7,0,12.9,go
2025-03-11T12:00:00,Nest_Delta,14.5,19.5,NE,24.8,52.3,0,14.8,go
2025-03-11T13:00:00,Nest_Delta,12.6,16.2,SE,25.8,57.2,0,15.4,go
2025-03-11T14:00:00,Nest_Delta,13.4,22.7,SW,24.9,66.6,0,15.9,go
2025-03-11T15:00:00,Nest_Delta,17.0,22.3,SE,24.5,34.8,0,14.0,go
2025-03-11T16:00:00,Nest_Delta,19.3,25.9,NE,24.3,61.6,0,14.2,go
2025-03-11T17:00:00,Nest_Delta,13.9,20.3,S,22.8,52.8,0,16.9,go
2025-03-11T18:00:00,Nest_Delta,15.1,20.0,S,20.9,39.9,0,15.5,go
2025-03-11T19:00:00,Nest_Delta,12.3,21.3,N,21.1,65.5,0,14.6,go
2025-03-11T20:00:00,Nest_Delta,14.1,24.0,SW,20.2,56.1,0,15.1,go
2025-03-11T21:00:00,Nest_Delta,14.8,23.2,NE,19.0,55.7,0,14.3,go
2025-03-11T22:00:00,Nest_Delta,14.5,23.4,SW,17.3,66.1,0,15.1,go
2025-03-11T23:00:00,Nest_Delta,11.1,15.5,W,17.3,62.2,0,15.7,go
2025-03-12T00:00:00,Nest_Alpha,5.6,9.7,W,17.2,53.0,0,15.7,go
2025-03-12T01:00:00,Nest_Alpha,12.4,15.2,W,17.5,50.3,0,15.3,go
2025-03-12T02:00:00,Nest_Alpha,9.0,16.2,S,16.8,50.1,0,13.5,go
2025-03-12T03:00:00,Nest_Alpha,10.3,19.1,S,16.3,48.7,0,14.8,go
2025-03-12T04:00:00,Nest_Alpha,11.5,13.7,NE,18.7,47.7,0,16.3,go
2025-03-12T05:00:00,Nest_Alpha,5.0,8.5,SE,18.6,49.9,0,15.2,go
2025-03-12T06:00:00,Nest_Alpha,12.3,20.0,W,20.1,39.2,0,13.6,go
2025-03-12T07:00:00,Nest_Alpha,6.8,9.9,W,21.6,48.0,0,14.3,go
2025-03-12T08:00:00,Nest_Alpha,12.3,15.1,S,22.4,47.0,0,15.2,go
2025-03-12T09:00:00,Nest_Alpha,10.1,14.6,S,23.0,66.7,0,13.2,go
2025-03-12T10:00:00,Nest_Alpha,15.6,18.5,SW,24.4,67.1,0,13.8,go
2025-03-12T11:00:00,Nest_Alpha,13.3,22.2,E,25.6,69.9,0,16.4,go
2025-03-12T12:00:00,Nest_Alpha,12.0,19.1,E,25.0,66.9,0,15.6,go
2025-03-12T13:00:00,Nest_Alpha,14.9,20.5,NE,27.1,48.4,0,15.1,go
2025-03-12T14:00:00,Nest_Alpha,17.9,24.7,SW,23.7,60.5,0,14.8,go
2025-03-12T15:00:00,Nest_Alpha,21.7,28.6,NW,24.1,56.7,0,16.6,go
2025-03-12T16:00:00,Nest_Alpha,18.1,27.9,SW,23.2,52.3,0,15.3,go
2025-03-12T17:00:00,Nest_Alpha,21.6,30.3,E,21.3,54.7,0,16.3,go
2025-03-12T18:00:00,Nest_Alpha,17.6,22.6,N,21.6,64.0,0,15.3,go
2025-03-12T19:00:00,Nest_Alpha,18.0,23.5,S,20.9,55.7,0,12.9,go
2025-03-12T20:00:00,Nest_Alpha,16.6,24.7,NW,19.5,53.2,0,12.8,go
2025-03-12T21:00:00,Nest_Alpha,15.3,21.4,SW,18.8,62.2,0,14.7,go
2025-03-12T22:00:00,Nest_Alpha,13.1,22.4,S,18.5,54.9,0,15.8,go
2025-03-12T23:00:00,Nest_Alpha,12.6,20.4,E,17.0,64.0,0,13.5,go
2025-03-12T00:00:00,Nest_Beta,10.9,20.1,NW,17.6,53.7,0,15.1,go
2025-03-12T01:00:00,Nest_Beta,14.1,19.3,S,16.6,56.0,0,15.9,go
2025-03-12T02:00:00,Nest_Beta,6.2,12.6,SW,16.7,56.5,0,16.0,go
2025-03-12T03:00:00,Nest_Beta,7.5,15.6,NE,16.9,47.1,0,16.9,go
2025-03-12T04:00:00,Nest_Beta,5.7,13.2,NE,19.5,65.9,0,16.0,go
2025-03-12T05:00:00,Nest_Beta,7.4,11.3,NW,19.3,58.2,0,15.2,go
2025-03-12T06:00:00,Nest_Beta,4.5,8.7,W,19.0,73.2,0,15.7,go
2025-03-12T07:00:00,Nest_Beta,10.0,19.0,NE,22.3,60.1,0,13.8,go
2025-03-12T08:00:00,Nest_Beta,8.0,12.5,W,23.7,63.1,0,15.8,go
2025-03-12T09:00:00,Nest_Beta,10.0,14.2,NW,21.8,56.7,0,15.3,go
2025-03-12T10:00:00,Nest_Beta,10.1,19.7,SW,23.7,59.8,0,15.9,go
2025-03-12T11:00:00,Nest_Beta,12.1,21.0,NW,23.9,71.3,0,13.6,go
2025-03-12T12:00:00,Nest_Beta,13.9,20.9,NW,24.8,55.7,0,13.8,go
2025-03-12T13:00:00,Nest_Beta,11.2,15.3,NE,24.6,50.0,0,13.8,go
2025-03-12T14:00:00,Nest_Beta,17.9,20.9,SW,24.6,43.2,0,16.7,go
2025-03-12T15:00:00,Nest_Beta,16.2,22.4,W,22.8,45.5,0,16.9,go
2025-03-12T16:00:00,Nest_Beta,10.7,16.3,NW,24.4,60.7,0,15.4,go
2025-03-12T17:00:00,Nest_Beta,14.8,19.9,NE,22.6,52.3,0,14.9,go
2025-03-12T18:00:00,Nest_Beta,12.6,22.0,W,22.0,56.2,0,15.2,go
2025-03-12T19:00:00,Nest_Beta,15.3,25.0,N,20.2,59.1,0,16.7,go
2025-03-12T20:00:00,Nest_Beta,14.7,24.1,NW,20.4,65.4,0,15.0,go
2025-03-12T21:00:00,Nest_Beta,12.0,20.7,NE,19.2,77.1,0,16.7,go
2025-03-12T22:00:00,Nest_Beta,12.4,15.8,SW,18.5,69.9,0,13.9,go
2025-03-12T23:00:00,Nest_Beta,11.6,19.1,NE,18.1,64.6,0,13.9,go
2025-03-12T00:00:00,Nest_Gamma,9.6,18.5,SE,17.9,56.1,0,14.4,go
2025-03-12T01:00:00,Nest_Gamma,12.2,20.0,SE,18.0,54.6,0,13.9,go
2025-03-12T02:00:00,Nest_Gamma,3.9,13.1,NE,17.7,72.2,0,16.2,go
2025-03-12T03:00:00,Nest_Gamma,9.5,16.9,W,17.8,57.8,0,15.3,go
2025-03-12T04:00:00,Nest_Gamma,6.3,9.6,NW,16.4,44.4,0,16.0,go
2025-03-12T05:00:00,Nest_Gamma,3.7,13.6,SE,18.6,50.7,0,16.1,go
2025-03-12T06:00:00,Nest_Gamma,2.4,11.5,E,19.7,53.2,0,17.0,go
2025-03-12T07:00:00,Nest_Gamma,2,9.9,SE,19.7,49.2,0,16.0,go
2025-03-12T08:00:00,Nest_Gamma,7.5,16.0,E,22.1,53.8,0,14.9,go
2025-03-12T09:00:00,Nest_Gamma,3.5,10.9,S,23.1,71.5,0,13.6,go
2025-03-12T10:00:00,Nest_Gamma,7.9,12.4,NW,23.9,52.4,0,14.7,go
2025-03-12T11:00:00,Nest_Gamma,12.8,16.3,SW,24.8,61.1,0,16.3,go
2025-03-12T12:00:00,Nest_Gamma,9.9,12.2,E,23.9,53.9,0,14.8,go
2025-03-12T13:00:00,Nest_Gamma,14.0,22.3,E,26.2,49.6,0,16.5,go
2025-03-12T14:00:00,Nest_Gamma,12.0,16.1,W,26.1,60.9,0,16.4,go
2025-03-12T15:00:00,Nest_Gamma,13.9,17.1,NW,22.8,74.2,0,16.8,go
2025-03-12T16:00:00,Nest_Gamma,12.2,21.0,SW,23.7,69.5,0,14.2,go
2025-03-12T17:00:00,Nest_Gamma,20.4,29.5,NE,23.7,50.4,0,15.8,go
2025-03-12T18:00:00,Nest_Gamma,17.4,22.6,SW,22.8,56.9,0,13.4,go
2025-03-12T19:00:00,Nest_Gamma,11.5,20.9,W,20.9,49.9,0,16.4,go
2025-03-12T20:00:00,Nest_Gamma,12.7,21.0,SW,21.9,58.8,0,15.6,go
2025-03-12T21:00:00,Nest_Gamma,14.2,23.3,W,19.7,65.4,0,14.7,go
2025-03-12T22:00:00,Nest_Gamma,10.6,20.2,W,17.9,54.2,0,14.1,go
2025-03-12T23:00:00,Nest_Gamma,7.3,15.3,SW,18.0,54.4,0,15.1,go
2025-03-12T00:00:00,Nest_Delta,11.2,13.4,NW,17.7,51.3,0,16.0,go
2025-03-12T01:00:00,Nest_Delta,11.2,15.8,NE,17.4,67.9,0,15.4,go
2025-03-12T02:00:00,Nest_Delta,2.5,9.1,NE,17.1,59.5,0,14.1,go
2025-03-12T03:00:00,Nest_Delta,7.8,12.6,NE,17.0,55.0,0,13.3,go
2025-03-12T04:00:00,Nest_Delta,10.5,17.7,NE,17.8,66.8,0,15.8,go
2025-03-12T05:00:00,Nest_Delta,5.8,13.4,SW,18.9,54.0,0,13.4,go
2025-03-12T06:00:00,Nest_Delta,8.2,15.7,E,19.6,49.5,0,14.9,go
2025-03-12T07:00:00,Nest_Delta,6.0,15.6,W,20.0,76.6,0,15.6,go
2025-03-12T08:00:00,Nest_Delta,10.9,20.5,N,24.2,67.6,0,15.1,go
2025-03-12T09:00:00,Nest_Delta,5.3,11.8,N,22.7,40.2,0,15.3,go
2025-03-12T10:00:00,Nest_Delta,6.6,13.9,N,23.2,57.7,0,13.7,go
2025-03-12T11:00:00,Nest_Delta,12.1,15.4,W,25.1,53.4,0,15.4,go
2025-03-12T12:00:00,Nest_Delta,12.2,15.5,S,24.5,61.0,0,13.5,go
2025-03-12T13:00:00,Nest_Delta,17.7,21.9,NW,26.7,45.5,0,14.5,go
2025-03-12T14:00:00,Nest_Delta,14.3,16.6,W,24.4,58.4,0,16.2,go
2025-03-12T15:00:00,Nest_Delta,19.4,24.6,NW,24.7,37.8,0,14.0,go
2025-03-12T16:00:00,Nest_Delta,14.0,16.4,N,23.0,67.3,0,15.8,go
2025-03-12T17:00:00,Nest_Delta,14.9,22.3,NW,22.9,61.4,0,15.3,go
2025-03-12T18:00:00,Nest_Delta,16.0,22.8,W,23.0,60.3,0,14.2,go
2025-03-12T19:00:00,Nest_Delta,15.5,22.7,SE,21.0,64.8,0,15.2,go
2025-03-12T20:00:00,Nest_Delta,13.4,17.8,W,19.8,54.0,0,15.4,go
2025-03-12T21:00:00,Nest_Delta,16.0,25.1,SW,18.2,78.3,0,14.9,go
2025-03-12T22:00:00,Nest_Delta,11.8,21.5,NW,18.3,56.6,0,14.6,go
2025-03-12T23:00:00,Nest_Delta,12.4,17.9,S,19.2,62.8,0,15.4,go
2025-03-13T00:00:00,Nest_Alpha,12.4,22.2,S,16.3,49.1,0,14.8,go
2025-03-13T01:00:00,Nest_Alpha,7.5,13.5,SE,17.6,61.9,0,14.3,go
2025-03-13T02:00:00,Nest_Alpha,13.3,22.6,SE,17.3,58.8,0,15.9,go
2025-03-13T03:00:00,Nest_Alpha,10.8,16.0,SW,17.0,72.4,0,13.6,go
2025-03-13T04:00:00,Nest_Alpha,9.2,14.9,SE,18.7,68.5,0,13.9,go
2025-03-13T05:00:00,Nest_Alpha,11.1,15.0,E,18.8,69.1,0,16.2,go
2025-03-13T06:00:00,Nest_Alpha,9.2,12.4,W,19.4,54.6,0,14.6,go
2025-03-13T07:00:00,Nest_Alpha,4.8,8.2,W,21.5,44.7,0,15.5,go
2025-03-13T08:00:00,Nest_Alpha,5.4,8.7,N,22.0,73.2,0,14.6,go
2025-03-13T09:00:00,Nest_Alpha,7.3,14.8,NE,24.0,46.9,0,12.9,go
2025-03-13T10:00:00,Nest_Alpha,10.4,18.6,SE,23.0,71.4,0,13.0,go
2025-03-13T11:00:00,Nest_Alpha,14.3,17.8,NW,23.9,60.4,0,15.4,go
2025-03-13T12:00:00,Nest_Alpha,12.7,18.8,NW,25.2,61.9,0,14.5,go
2025-03-13T13:00:00,Nest_Alpha,16.5,24.7,NE,25.6,60.6,0,14.6,go
2025-03-13T14:00:00,Nest_Alpha,20.0,23.7,SE,24.5,55.8,0,13.4,go
2025-03-13T15:00:00,Nest_Alpha,16.1,21.7,N,23.8,46.9,0,12.9,go
2025-03-13T16:00:00,Nest_Alpha,17.8,25.8,W,24.1,67.5,0,14.9,go
2025-03-13T17:00:00,Nest_Alpha,16.7,20.3,NW,23.1,55.8,0,14.2,go
2025-03-13T18:00:00,Nest_Alpha,16.4,22.1,SE,23.1,71.0,0,15.1,go
2025-03-13T19:00:00,Nest_Alpha,17.3,24.2,NE,21.6,68.1,0,15.2,go
2025-03-13T20:00:00,Nest_Alpha,17.9,20.8,N,21.0,77.5,0,13.9,go
2025-03-13T21:00:00,Nest_Alpha,10.2,19.3,N,18.4,70.0,0,14.9,go
2025-03-13T22:00:00,Nest_Alpha,15.1,23.3,SE,17.5,69.9,0,15.0,go
2025-03-13T23:00:00,Nest_Alpha,15.3,19.2,NW,17.1,37.4,0,13.5,go
2025-03-13T00:00:00,Nest_Beta,7.7,16.1,SW,16.0,68.6,0,15.3,go
2025-03-13T01:00:00,Nest_Beta,12.3,20.1,NW,16.6,25.6,0,15.3,go
2025-03-13T02:00:00,Nest_Beta,10.7,19.1,W,17.5,60.4,0,14.6,go
2025-03-13T03:00:00,Nest_Beta,3.5,8.8,E,17.4,50.6,0,13.9,go
2025-03-13T04:00:00,Nest_Beta,3.4,7.4,NE,18.4,49.2,0,14.8,go
2025-03-13T05:00:00,Nest_Beta,10.1,15.6,E,17.9,55.5,0,14.8,go
2025-03-13T06:00:00,Nest_Beta,8.4,11.7,E,19.4,61.1,0,14.2,go
2025-03-13T07:00:00,Nest_Beta,3.4,8.5,SW,20.6,61.8,0,14.7,go
2025-03-13T08:00:00,Nest_Beta,9.5,13.8,NW,21.5,36.2,0,16.4,go
2025-03-13T09:00:00,Nest_Beta,11.0,15.2,N,24.0,51.1,0,15.4,go
2025-03-13T10:00:00,Nest_Beta,9.1,15.2,SW,23.0,60.3,0,15.7,go
2025-03-13T11:00:00,Nest_Beta,13.0,21.6,NW,24.5,58.5,0,15.0,go
2025-03-13T12:00:00,Nest_Beta,9.2,13.5,E,24.4,55.5,0,14.8,go
2025-03-13T13:00:00,Nest_Beta,13.7,23.3,NE,24.6,62.9,0,17.3,go
2025-03-13T14:00:00,Nest_Beta,19.1,21.8,NE,24.0,46.8,0,14.4,go
2025-03-13T15:00:00,Nest_Beta,12.1,15.3,SW,24.1,58.0,0,15.8,go
2025-03-13T16:00:00,Nest_Beta,15.9,20.1,S,25.0,55.4,0,15.1,go
2025-03-13T17:00:00,Nest_Beta,17.8,25.1,NE,23.7,70.6,0,14.4,go
2025-03-13T18:00:00,Nest_Beta,15.7,17.9,SW,22.4,49.8,0,16.2,go
2025-03-13T19:00:00,Nest_Beta,13.3,17.7,NE,20.9,68.4,0,15.4,go
2025-03-13T20:00:00,Nest_Beta,17.3,26.1,N,19.0,67.8,0,15.7,go
2025-03-13T21:00:00,Nest_Beta,11.9,14.9,N,18.1,73.1,0,14.5,go
2025-03-13T22:00:00,Nest_Beta,16.4,19.5,N,18.3,63.6,0,16.2,go
2025-03-13T23:00:00,Nest_Beta,8.2,15.5,NW,17.2,48.6,0,12.8,go
2025-03-13T00:00:00,Nest_Gamma,7.9,11.3,NE,16.8,54.3,0,16.6,go
2025-03-13T01:00:00,Nest_Gamma,8.0,12.1,NW,15.8,49.3,0,16.1,go
2025-03-13T02:00:00,Nest_Gamma,6.8,11.9,S,17.4,60.2,0,15.4,go
2025-03-13T03:00:00,Nest_Gamma,4.1,12.3,SW,17.4,55.0,0,16.3,go
2025-03-13T04:00:00,Nest_Gamma,4.3,9.2,N,18.8,49.3,0,12.6,go
2025-03-13T05:00:00,Nest_Gamma,2.7,7.5,NW,18.3,68.1,0,17.5,go
2025-03-13T06:00:00,Nest_Gamma,7.8,10.6,N,20.9,70.0,0,13.8,go
2025-03-13T07:00:00,Nest_Gamma,6.6,12.9,S,20.3,59.1,0,14.9,go
2025-03-13T08:00:00,Nest_Gamma,5.0,10.2,NW,21.9,61.6,0,14.4,go
2025-03-13T09:00:00,Nest_Gamma,11.1,15.1,E,23.5,53.0,0,14.2,go
2025-03-13T10:00:00,Nest_Gamma,9.4,15.4,NE,24.5,61.3,0,14.8,go
2025-03-13T11:00:00,Nest_Gamma,9.3,15.2,W,23.7,67.4,0,14.7,go
2025-03-13T12:00:00,Nest_Gamma,9.0,17.0,NE,26.1,47.0,0,15.6,go
2025-03-13T13:00:00,Nest_Gamma,7.2,13.7,W,24.2,49.6,0,15.2,go
2025-03-13T14:00:00,Nest_Gamma,14.6,16.6,N,24.7,59.7,0,13.9,go
2025-03-13T15:00:00,Nest_Gamma,11.2,19.6,E,25.4,68.0,0,14.6,go
2025-03-13T16:00:00,Nest_Gamma,11.9,16.3,W,24.0,33.5,0,14.4,go
2025-03-13T17:00:00,Nest_Gamma,15.6,23.1,NE,24.0,61.4,0,16.4,go
2025-03-13T18:00:00,Nest_Gamma,14.7,18.2,NW,22.7,66.3,0,15.4,go
2025-03-13T19:00:00,Nest_Gamma,14.6,21.4,W,20.9,48.0,0,15.4,go
2025-03-13T20:00:00,Nest_Gamma,14.1,19.4,W,19.7,56.9,0,14.3,go
2025-03-13T21:00:00,Nest_Gamma,15.8,21.2,S,19.4,50.2,0,16.8,go
2025-03-13T22:00:00,Nest_Gamma,8.9,14.8,SW,17.4,52.7,0,15.4,go
2025-03-13T23:00:00,Nest_Gamma,8.7,18.3,E,18.0,60.4,0,16.4,go
2025-03-13T00:00:00,Nest_Delta,10.0,15.5,SE,17.9,50.8,0,15.6,go
2025-03-13T01:00:00,Nest_Delta,13.2,18.9,NE,17.7,59.4,0,18,go
2025-03-13T02:00:00,Nest_Delta,10.1,13.6,NW,17.0,59.4,0,14.0,go
2025-03-13T03:00:00,Nest_Delta,9.7,14.1,E,17.9,55.9,0,15.8,go
2025-03-13T04:00:00,Nest_Delta,6.3,14.2,NW,16.6,58.3,0,15.7,go
2025-03-13T05:00:00,Nest_Delta,3.9,11.6,E,18.7,71.9,0,16.2,go
2025-03-13T06:00:00,Nest_Delta,10.8,13.5,SW,19.7,68.4,0,15.2,go
2025-03-13T07:00:00,Nest_Delta,11.5,17.8,SE,21.6,42.8,0,14.0,go
2025-03-13T08:00:00,Nest_Delta,9.7,18.5,N,22.6,72.6,0,16.7,go
2025-03-13T09:00:00,Nest_Delta,13.4,15.9,E,23.5,61.5,0,15.1,go
2025-03-13T10:00:00,Nest_Delta,9.8,16.3,E,23.2,51.9,0,15.8,go
2025-03-13T11:00:00,Nest_Delta,15.0,21.4,S,24.2,43.6,0,16.2,go
2025-03-13T12:00:00,Nest_Delta,12.3,19.5,E,25.4,64.4,0,14.2,go
2025-03-13T13:00:00,Nest_Delta,12.5,14.8,E,25.0,57.6,0,16.7,go
2025-03-13T14:00:00,Nest_Delta,14.8,21.7,SE,25.3,54.9,0,15.6,go
2025-03-13T15:00:00,Nest_Delta,14.2,17.9,SE,24.2,48.1,0,15.4,go
2025-03-13T16:00:00,Nest_Delta,15.5,25.3,NE,22.7,55.3,0,16.3,go
2025-03-13T17:00:00,Nest_Delta,15.7,22.3,SW,22.8,49.7,0,14.3,go
2025-03-13T18:00:00,Nest_Delta,16.5,23.0,SW,21.5,60.8,0,13.7,go
2025-03-13T19:00:00,Nest_Delta,12.3,21.9,SW,21.3,32.6,0,15.7,go
2025-03-13T20:00:00,Nest_Delta,12.3,20.6,NW,17.7,48.6,0,14.6,go
2025-03-13T21:00:00,Nest_Delta,17.5,24.0,SE,19.0,46.7,0,14.8,go
2025-03-13T22:00:00,Nest_Delta,7.9,11.5,S,17.3,66.3,0,15.4,go
2025-03-13T23:00:00,Nest_Delta,11.5,15.8,S,17.3,67.8,0,15.3,go
2025-03-14T00:00:00,Nest_Alpha,12.8,17.1,NW,16.7,58.1,0,12.4,go
2025-03-14T01:00:00,Nest_Alpha,12.7,20.8,SE,17.4,58.6,0,14.8,go
2025-03-14T02:00:00,Nest_Alpha,6.8,16.3,E,16.7,59.4,0,15.9,go
2025-03-14T03:00:00,Nest_Alpha,8.5,15.7,N,17.7,54.4,0,15.8,go
2025-03-14T04:00:00,Nest_Alpha,9.1,15.6,NE,18.3,56.9,0,13.7,go
2025-03-14T05:00:00,Nest_Alpha,5.4,10.4,NW,17.2,50.8,0,15.7,go
2025-03-14T06:00:00,Nest_Alpha,9.1,11.2,NE,20.3,58.8,0,13.1,go
2025-03-14T07:00:00,Nest_Alpha,9.4,11.8,N,21.0,56.8,0,17.5,go
2025-03-14T08:00:00,Nest_Alpha,8.8,10.8,SE,23.1,43.8,0,15.3,go
2025-03-14T09:00:00,Nest_Alpha,8.6,13.7,E,21.2,64.9,0,15.2,go
2025-03-14T10:00:00,Nest_Alpha,8.8,14.2,NE,23.3,71.3,0,15.4,go
2025-03-14T11:00:00,Nest_Alpha,10.5,19.7,NW,24.4,56.5,0,15.6,go
2025-03-14T12:00:00,Nest_Alpha,11.8,14.7,N,24.3,45.3,0,17.4,go
2025-03-14T13:00:00,Nest_Alpha,17.2,19.5,NW,25.5,63.3,0,15.8,go
2025-03-14T14:00:00,Nest_Alpha,14.4,23.3,SE,23.9,69.0,0,14.0,go
2025-03-14T15:00:00,Nest_Alpha,20.0,27.7,N,24.9,43.5,0,15.0,go
2025-03-14T16:00:00,Nest_Alpha,18.4,23.9,S,24.3,39.5,0,13.9,go
2025-03-14T17:00:00,Nest_Alpha,15.4,19.1,S,23.0,67.2,0,14.2,go
2025-03-14T18:00:00,Nest_Alpha,13.7,19.0,E,22.6,52.0,0,14.2,go
2025-03-14T19:00:00,Nest_Alpha,17.5,27.4,SE,21.8,63.3,0,14.9,go
2025-03-14T20:00:00,Nest_Alpha,15.8,20.3,S,20.4,44.3,0,13.2,go
2025-03-14T21:00:00,Nest_Alpha,14.3,23.6,W,18.5,71.7,0,14.5,go
2025-03-14T22:00:00,Nest_Alpha,12.7,20.9,SW,18.2,66.4,0,12.2,go
2025-03-14T23:00:00,Nest_Alpha,13.7,22.5,NW,18.1,56.9,0,16.1,go
2025-03-14T00:00:00,Nest_Beta,8.4,17.1,N,16.7,48.7,0,13.4,go
2025-03-14T01:00:00,Nest_Beta,3.9,6.4,E,16.1,43.6,0,15.9,go
2025-03-14T02:00:00,Nest_Beta,2.8,4.9,E,17.3,73.7,0,14.8,go
2025-03-14T03:00:00,Nest_Beta,6.1,13.8,N,17.0,54.6,0,16.1,go
2025-03-14T04:00:00,Nest_Beta,3.2,6.2,NE,19.0,83.1,0,16.6,go
2025-03-14T05:00:00,Nest_Beta,6.5,10.9,SE,17.7,58.6,0,14.4,go
2025-03-14T06:00:00,Nest_Beta,2.8,12.0,S,19.5,56.0,0,14.1,go
2025-03-14T07:00:00,Nest_Beta,7.3,12.4,S,20.4,50.5,0,14.7,go
2025-03-14T08:00:00,Nest_Beta,5.7,12.3,NW,21.7,61.6,0,16.0,go
2025-03-14T09:00:00,Nest_Beta,5.7,8.2,SE,21.7,65.6,0,14.5,go
2025-03-14T10:00:00,Nest_Beta,10.1,14.6,E,24.3,67.0,0,14.8,go
2025-03-14T11:00:00,Nest_Beta,14.0,21.4,NE,23.4,71.2,0,14.9,go
2025-03-14T12:00:00,Nest_Beta,13.9,21.7,N,24.9,43.0,0,14.5,go
2025-03-14T13:00:00,Nest_Beta,12.8,16.6,S,26.0,58.4,0,15.3,go
2025-03-14T14:00:00,Nest_Beta,17.3,27.3,NW,24.3,60.1,0,15.4,go
2025-03-14T15:00:00,Nest_Beta,11.3,18.6,N,25.1,56.3,0,14.5,go
2025-03-14T16:00:00,Nest_Beta,15.6,23.6,W,23.6,49.1,0,15.2,go
2025-03-14T17:00:00,Nest_Beta,17.6,24.7,S,23.8,70.8,0,14.4,go
2025-03-14T18:00:00,Nest_Beta,17.4,23.4,E,22.1,63.2,0,14.9,go
2025-03-14T19:00:00,Nest_Beta,15.7,20.1,SE,21.5,75.3,0,14.0,go
2025-03-14T20:00:00,Nest_Beta,22.5,27.9,SE,20.7,68.6,0,15.3,go
2025-03-14T21:00:00,Nest_Beta,11.7,14.5,W,20.1,58.2,0,17.9,go
2025-03-14T22:00:00,Nest_Beta,13.0,19.6,NW,17.9,72.4,0,15.4,go
2025-03-14T23:00:00,Nest_Beta,11.2,14.4,S,17.6,49.5,0,14.5,go
2025-03-14T00:00:00,Nest_Gamma,9.0,14.2,NW,18.1,43.5,0,14.6,go
2025-03-14T01:00:00,Nest_Gamma,8.8,10.9,E,17.1,35.3,0,13.5,go
2025-03-14T02:00:00,Nest_Gamma,4.7,11.3,E,17.8,64.4,0,14.7,go
2025-03-14T03:00:00,Nest_Gamma,8.1,12.0,SW,17.7,70.2,0,14.5,go
2025-03-14T04:00:00,Nest_Gamma,9.0,18.5,W,17.4,55.3,0,15.7,go
2025-03-14T05:00:00,Nest_Gamma,2.3,5.0,W,19.8,63.2,0,15.0,go
2025-03-14T06:00:00,Nest_Gamma,9.3,14.9,SE,20.7,50.3,0,14.9,go
2025-03-14T07:00:00,Nest_Gamma,6.6,12.3,W,21.1,73.6,0,13.7,go
2025-03-14T08:00:00,Nest_Gamma,7.5,14.5,E,22.6,61.7,0,14.5,go
2025-03-14T09:00:00,Nest_Gamma,6.4,16.3,SW,24.0,55.5,0,16.0,go
2025-03-14T10:00:00,Nest_Gamma,3.0,12.2,W,24.3,62.9,0,13.8,go
2025-03-14T11:00:00,Nest_Gamma,8.0,17.0,NE,24.5,51.6,0,13.2,go
2025-03-14T12:00:00,Nest_Gamma,14.4,20.7,S,24.2,62.5,0,15.4,go
2025-03-14T13:00:00,Nest_Gamma,9.7,15.6,E,24.6,70.7,0,13.0,go
2025-03-14T14:00:00,Nest_Gamma,10.7,14.6,S,24.8,45.1,0,15.5,go
2025-03-14T15:00:00,Nest_Gamma,13.8,19.7,N,24.0,53.1,0,15.4,go
2025-03-14T16:00:00,Nest_Gamma,18.5,24.2,S,23.6,49.2,0,14.2,go
2025-03-14T17:00:00,Nest_Gamma,16.6,22.8,SE,22.2,62.2,0,15.1,go
2025-03-14T18:00:00,Nest_Gamma,9.4,16.0,NW,22.3,64.3,0,14.6,go
2025-03-14T19:00:00,Nest_Gamma,18.2,20.8,SW,20.6,60.6,0,15.0,go
2025-03-14T20:00:00,Nest_Gamma,13.5,16.7,N,21.3,61.9,0,16.2,go
2025-03-14T21:00:00,Nest_Gamma,12.0,14.1,S,18.3,66.6,0,14.9,go
2025-03-14T22:00:00,Nest_Gamma,11.2,15.0,SE,18.8,64.1,0,15.0,go
2025-03-14T23:00:00,Nest_Gamma,10.8,16.4,N,17.5,46.0,0,14.1,go
2025-03-14T00:00:00,Nest_Delta,11.0,19.0,W,16.9,62.2,0,14.9,go
2025-03-14T01:00:00,Nest_Delta,11.3,19.6,NW,17.1,49.9,0,15.5,go
2025-03-14T02:00:00,Nest_Delta,8.5,11.9,NW,17.0,48.1,0,14.1,go
2025-03-14T03:00:00,Nest_Delta,9.3,14.8,SW,17.6,43.1,0,15.6,go
2025-03-14T04:00:00,Nest_Delta,12.6,22.2,NW,17.7,66.6,0,14.0,go
2025-03-14T05:00:00,Nest_Delta,4.4,14.1,NW,19.0,66.9,0,15.8,go
2025-03-14T06:00:00,Nest_Delta,5.8,13.7,SW,19.9,53.0,0,15.1,go
2025-03-14T07:00:00,Nest_Delta,9.8,14.5,NW,20.9,54.3,0,15.0,go
2025-03-14T08:00:00,Nest_Delta,5.6,10.8,E,21.2,58.5,0,15.2,go
2025-03-14T09:00:00,Nest_Delta,9.8,13.1,SW,22.5,51.1,0,16.3,go
2025-03-14T10:00:00,Nest_Delta,10.3,15.5,W,23.8,59.0,0,17.9,go
2025-03-14T11:00:00,Nest_Delta,9.7,19.1,NE,24.3,61.7,0,15.0,go
2025-03-14T12:00:00,Nest_Delta,17.2,24.0,SE,24.8,71.9,0,15.6,go
2025-03-14T13:00:00,Nest_Delta,15.9,24.1,NE,25.7,60.5,0,15.5,go
2025-03-14T14:00:00,Nest_Delta,12.4,19.9,S,25.5,59.4,0,15.7,go
2025-03-14T15:00:00,Nest_Delta,16.0,18.0,N,24.3,60.5,0,12.1,go
2025-03-14T16:00:00,Nest_Delta,15.6,21.2,NE,23.7,53.2,0,15.2,go
2025-03-14T17:00:00,Nest_Delta,17.1,24.9,NE,23.2,59.5,0,13.2,go
2025-03-14T18:00:00,Nest_Delta,15.6,20.6,SE,22.3,49.6,0,14.7,go
2025-03-14T19:00:00,Nest_Delta,15.0,21.9,S,20.2,41.9,0,14.9,go
2025-03-14T20:00:00,Nest_Delta,18.3,27.0,NE,19.4,69.8,0,15.5,go
2025-03-14T21:00:00,Nest_Delta,15.0,17.8,E,18.3,61.8,0,15.7,go
2025-03-14T22:00:00,Nest_Delta,11.2,13.6,S,18.9,57.3,0,12.6,go
2025-03-14T23:00:00,Nest_Delta,14.8,20.1,NE,17.8,70.1,0,14.3,go
2025-03-15T00:00:00,Nest_Alpha,10.2,18.6,SE,16.4,45.4,0,16.0,go
2025-03-15T01:00:00,Nest_Alpha,10.4,19.4,W,15.4,62.7,0,13.6,go
2025-03-15T02:00:00,Nest_Alpha,9.5,14.1,S,16.8,72.0,0,14.3,go
2025-03-15T03:00:00,Nest_Alpha,10.0,14.8,N,17.8,53.2,0,15.1,go
2025-03-15T04:00:00,Nest_Alpha,5.8,8.8,NW,17.5,52.5,0,16.3,go
2025-03-15T05:00:00,Nest_Alpha,9.3,15.0,E,19.0,28.1,0,13.8,go
2025-03-15T06:00:00,Nest_Alpha,8.7,11.6,S,20.7,60.6,0,13.9,go
2025-03-15T07:00:00,Nest_Alpha,6.8,11.5,E,21.1,66.6,0,15.5,go
2025-03-15T08:00:00,Nest_Alpha,11.0,16.9,S,21.9,54.4,0,13.8,go
2025-03-15T09:00:00,Nest_Alpha,9.7,12.7,SW,23.3,61.2,0,12.7,go
2025-03-15T10:00:00,Nest_Alpha,16.0,20.7,SW,25.1,63.1,0,13.8,go
2025-03-15T11:00:00,Nest_Alpha,15.0,17.2,NW,24.2,68.2,0,15.6,go
2025-03-15T12:00:00,Nest_Alpha,15.6,18.9,NE,25.9,65.9,0,15.8,go
2025-03-15T13:00:00,Nest_Alpha,12.4,15.7,N,25.0,55.1,0,13.9,go
2025-03-15T14:00:00,Nest_Alpha,15.8,19.1,N,25.3,43.1,0,15.1,go
2025-03-15T15:00:00,Nest_Alpha,18.1,25.7,SE,24.9,65.1,0,16.1,go
2025-03-15T16:00:00,Nest_Alpha,22.7,31.7,S,21.9,55.2,0,14.3,go
2025-03-15T17:00:00,Nest_Alpha,16.6,25.9,SW,22.4,71.8,0,15.4,go
2025-03-15T18:00:00,Nest_Alpha,19.2,23.7,W,21.8,47.1,0,14.8,go
2025-03-15T19:00:00,Nest_Alpha,19.7,23.0,W,20.1,61.9,0,15.9,go
2025-03-15T20:00:00,Nest_Alpha,19.8,29.3,NE,19.4,69.3,0,14.6,go
2025-03-15T21:00:00,Nest_Alpha,19.1,24.9,W,18.5,49.8,0,15.3,go
2025-03-15T22:00:00,Nest_Alpha,12.7,18.9,N,17.3,44.8,0,14.0,go
2025-03-15T23:00:00,Nest_Alpha,15.6,21.8,NW,17.6,60.4,0,14.3,go
2025-03-15T00:00:00,Nest_Beta,9.0,18.8,NW,16.9,62.7,0,15.3,go
2025-03-15T01:00:00,Nest_Beta,6.9,13.1,SW,17.2,58.2,0,14.6,go
2025-03-15T02:00:00,Nest_Beta,5.6,10.2,W,18.1,60.0,0,14.9,go
2025-03-15T03:00:00,Nest_Beta,6.0,16.0,S,18.0,56.1,0,14.6,go
2025-03-15T04:00:00,Nest_Beta,5.1,10.9,SW,18.4,57.6,0,15.2,go
2025-03-15T05:00:00,Nest_Beta,2.0,5.3,NE,19.3,55.6,0,13.4,go
2025-03-15T06:00:00,Nest_Beta,4.7,14.1,NW,20.1,62.8,0,15.4,go
2025-03-15T07:00:00,Nest_Beta,5.8,11.8,N,21.8,39.9,0,16.1,go
2025-03-15T08:00:00,Nest_Beta,10.3,20.1,NE,22.4,60.6,0,15.3,go
2025-03-15T09:00:00,Nest_Beta,10.8,15.6,W,22.1,72.2,0,14.3,go
2025-03-15T10:00:00,Nest_Beta,11.8,20.4,NE,23.5,48.3,0,14.2,go
2025-03-15T11:00:00,Nest_Beta,13.9,23.8,SE,24.0,67.6,0,13.7,go
2025-03-15T12:00:00,Nest_Beta,10.2,18.0,SW,23.5,45.1,0,15.6,go
2025-03-15T13:00:00,Nest_Beta,13.7,23.4,W,25.2,76.8,0,16.7,go
2025-03-15T14:00:00,Nest_Beta,12.6,18.1,NW,25.0,82.1,0,16.3,go
2025-03-15T15:00:00,Nest_Beta,12.4,22.1,NE,24.0,48.1,0,13.7,go
2025-03-15T16:00:00,Nest_Beta,13.5,23.3,SW,22.6,53.0,0,14.4,go
2025-03-15T17:00:00,Nest_Beta,13.2,18.5,NE,24.6,48.3,0,14.6,go
2025-03-15T18:00:00,Nest_Beta,17.8,26.5,E,21.1,63.5,0,15.3,go
2025-03-15T19:00:00,Nest_Beta,16.7,22.8,N,21.5,43.7,0,14.0,go
2025-03-15T20:00:00,Nest_Beta,14.1,21.2,NE,19.7,70.0,0,14.8,go
2025-03-15T21:00:00,Nest_Beta,13.6,22.1,N,20.1,46.3,0,15.4,go
2025-03-15T22:00:00,Nest_Beta,15.7,24.6,NW,17.2,58.6,0,14.6,go
2025-03-15T23:00:00,Nest_Beta,9.9,15.6,NW,17.6,50.6,0,15.9,go
2025-03-15T00:00:00,Nest_Gamma,8.6,18.5,S,17.2,61.9,0,13.8,go
2025-03-15T01:00:00,Nest_Gamma,10.5,12.5,N,17.1,57.1,0,15.9,go
2025-03-15T02:00:00,Nest_Gamma,8.8,16.1,NW,16.9,57.5,0,13.1,go
2025-03-15T03:00:00,Nest_Gamma,7.1,16.4,NW,17.2,63.4,0,14.3,go
2025-03-15T04:00:00,Nest_Gamma,4.9,8.3,S,19.3,43.1,0,14.7,go
2025-03-15T05:00:00,Nest_Gamma,4.2,13.9,N,19.3,57.8,0,15.4,go
2025-03-15T06:00:00,Nest_Gamma,5.6,10.3,S,19.4,71.5,0,15.7,go
2025-03-15T07:00:00,Nest_Gamma,2.8,10.9,N,21.9,49.5,0,14.6,go
2025-03-15T08:00:00,Nest_Gamma,3.8,6.6,N,23.4,46.9,0,15.2,go
2025-03-15T09:00:00,Nest_Gamma,7.3,9.7,S,23.5,61.3,0,14.0,go
2025-03-15T10:00:00,Nest_Gamma,8.7,14.4,N,22.1,50.5,0,16.4,go
2025-03-15T11:00:00,Nest_Gamma,9.4,15.4,SW,24.4,53.9,0,12.8,go
2025-03-15T12:00:00,Nest_Gamma,11.6,13.8,E,24.8,54.6,0,15.5,go
2025-03-15T13:00:00,Nest_Gamma,11.7,16.6,SE,23.4,52.5,0,13.8,go
2025-03-15T14:00:00,Nest_Gamma,12.6,18.6,SW,25.3,68.2,0,15.9,go
2025-03-15T15:00:00,Nest_Gamma,10.6,19.5,SW,24.7,52.7,0,14.5,go
2025-03-15T16:00:00,Nest_Gamma,13.9,23.8,NW,25.0,73.0,0,13.8,go
2025-03-15T17:00:00,Nest_Gamma,15.4,18.3,SE,23.2,57.0,0,15.5,go
2025-03-15T18:00:00,Nest_Gamma,14.6,19.2,NE,22.1,52.3,0,14.4,go
2025-03-15T19:00:00,Nest_Gamma,13.6,19.2,S,20.8,54.4,0,16.0,go
2025-03-15T20:00:00,Nest_Gamma,15.6,18.9,E,20.1,55.1,0,17.0,go
2025-03-15T21:00:00,Nest_Gamma,15.9,25.1,NW,19.7,59.7,0,14.9,go
2025-03-15T22:00:00,Nest_Gamma,14.2,16.6,SE,17.5,59.7,0,13.7,go
2025-03-15T23:00:00,Nest_Gamma,10.1,15.0,S,17.9,55.4,0,16.5,go
2025-03-15T00:00:00,Nest_Delta,13.2,16.8,NW,16.9,61.5,0,14.5,go
2025-03-15T01:00:00,Nest_Delta,10.4,14.3,SW,17.3,62.2,0,14.9,go
2025-03-15T02:00:00,Nest_Delta,11.7,14.9,S,17.1,67.0,0,15.1,go
2025-03-15T03:00:00,Nest_Delta,6.0,13.9,NW,17.4,58.7,0,15.8,go
2025-03-15T04:00:00,Nest_Delta,8.1,15.8,E,17.3,57.9,0,13.2,go
2025-03-15T05:00:00,Nest_Delta,2.3,6.3,NW,19.4,67.8,0,14.8,go
2025-03-15T06:00:00,Nest_Delta,5.5,15.1,SE,20.3,49.6,0,14.8,go
2025-03-15T07:00:00,Nest_Delta,10.2,18.2,E,20.2,43.2,0,13.3,go
2025-03-15T08:00:00,Nest_Delta,9.9,12.2,N,21.0,57.8,0,13.4,go
2025-03-15T09:00:00,Nest_Delta,9.8,13.0,S,22.6,50.8,0,14.7,go
2025-03-15T10:00:00,Nest_Delta,7.7,13.6,NW,23.3,59.5,0,14.7,go
2025-03-15T11:00:00,Nest_Delta,14.6,18.0,SW,25.6,39.7,0,16.3,go
2025-03-15T12:00:00,Nest_Delta,13.4,19.2,W,24.1,53.8,0,14.6,go
2025-03-15T13:00:00,Nest_Delta,18.3,21.8,E,24.5,59.2,0,14.7,go
2025-03-15T14:00:00,Nest_Delta,13.3,22.2,S,25.2,67.8,0,14.1,go
2025-03-15T15:00:00,Nest_Delta,16.0,22.8,S,24.8,56.7,0,13.4,go
2025-03-15T16:00:00,Nest_Delta,19.2,28.0,E,24.9,62.4,0,17.0,go
2025-03-15T17:00:00,Nest_Delta,20.5,23.9,E,24.2,51.1,0,15.9,go
2025-03-15T18:00:00,Nest_Delta,12.4,21.5,S,21.8,65.7,0,14.0,go
2025-03-15T19:00:00,Nest_Delta,13.9,22.3,E,21.4,61.6,0,16.2,go
2025-03-15T20:00:00,Nest_Delta,12.2,18.6,N,20.2,60.7,0,15.2,go
2025-03-15T21:00:00,Nest_Delta,13.3,15.3,S,17.6,53.7,0,14.8,go
2025-03-15T22:00:00,Nest_Delta,18.1,21.8,NE,17.5,68.9,0,12.4,go
2025-03-15T23:00:00,Nest_Delta,8.8,13.8,NE,18.8,71.6,0,15.0,go
2025-03-16T00:00:00,Nest_Alpha,15.0,20.8,NW,17.3,66.7,0,14.5,go
2025-03-16T01:00:00,Nest_Alpha,11.9,17.0,E,15.6,50.9,0,15.9,go
2025-03-16T02:00:00,Nest_Alpha,11.3,15.1,N,16.6,53.3,0,15.3,go
2025-03-16T03:00:00,Nest_Alpha,10.0,12.0,S,19.2,69.0,0,14.9,go
2025-03-16T04:00:00,Nest_Alpha,11.0,19.3,SE,19.1,54.8,0,15.3,go
2025-03-16T05:00:00,Nest_Alpha,7.3,16.5,NW,18.8,53.0,0,16.8,go
2025-03-16T06:00:00,Nest_Alpha,9.8,12.3,NW,21.1,65.2,0,15.2,go
2025-03-16T07:00:00,Nest_Alpha,11.0,16.1,NE,20.6,66.2,0,15.7,go
2025-03-16T08:00:00,Nest_Alpha,9.4,12.3,N,22.1,56.0,0,12.3,go
2025-03-16T09:00:00,Nest_Alpha,11.9,19.2,S,23.0,49.6,0,15.9,go
2025-03-16T10:00:00,Nest_Alpha,12.9,20.6,W,23.6,57.3,0,15.7,go
2025-03-16T11:00:00,Nest_Alpha,15.6,21.6,E,23.7,63.8,0,14.2,go
2025-03-16T12:00:00,Nest_Alpha,14.9,19.2,SW,25.3,65.6,0,14.4,go
2025-03-16T13:00:00,Nest_Alpha,14.8,22.3,SE,24.1,44.0,0,14.9,go
2025-03-16T14:00:00,Nest_Alpha,15.4,19.9,SE,24.7,46.1,0,15.8,go
2025-03-16T15:00:00,Nest_Alpha,19.9,29.2,W,24.8,55.6,0,14.3,go
2025-03-16T16:00:00,Nest_Alpha,17.4,26.0,N,23.9,71.9,0,13.2,go
2025-03-16T17:00:00,Nest_Alpha,15.0,20.5,S,23.6,58.4,0,13.7,go
2025-03-16T18:00:00,Nest_Alpha,21.9,31.4,S,23.1,62.7,0,14.5,go
2025-03-16T19:00:00,Nest_Alpha,17.9,21.4,N,20.7,43.2,0,15.8,go
2025-03-16T20:00:00,Nest_Alpha,17.7,22.2,SW,19.8,49.0,0,16.2,go
2025-03-16T21:00:00,Nest_Alpha,15.1,19.2,NE,18.7,59.5,0,15.4,go
2025-03-16T22:00:00,Nest_Alpha,11.9,18.5,SE,17.9,45.0,0,15.9,go
2025-03-16T23:00:00,Nest_Alpha,13.5,20.6,SE,17.5,62.0,0,14.7,go
2025-03-16T00:00:00,Nest_Beta,9.4,16.5,N,17.3,59.1,0,14.3,go
2025-03-16T01:00:00,Nest_Beta,9.2,19.0,W,16.8,51.1,0,13.7,go
2025-03-16T02:00:00,Nest_Beta,11.4,18.6,SE,17.1,57.1,0,16.3,go
2025-03-16T03:00:00,Nest_Beta,9.1,18.6,W,16.7,69.5,0,14.1,go
2025-03-16T04:00:00,Nest_Beta,8.0,16.2,SW,19.0,73.9,0,15.9,go
2025-03-16T05:00:00,Nest_Beta,5.8,10.9,SW,18.8,43.9,0,15.7,go
2025-03-16T06:00:00,Nest_Beta,5.4,9.2,NE,19.4,62.6,0,15.5,go
2025-03-16T07:00:00,Nest_Beta,4.7,11.9,S,21.4,48.3,0,13.6,go
2025-03-16T08:00:00,Nest_Beta,8.3,15.9,S,22.3,53.6,0,16.2,go
2025-03-16T09:00:00,Nest_Beta,6.6,10.8,SW,23.3,54.9,0,15.3,go
2025-03-16T10:00:00,Nest_Beta,9.2,13.1,N,24.1,59.0,0,16.6,go
2025-03-16T11:00:00,Nest_Beta,10.8,17.5,E,24.7,72.4,0,15.4,go
2025-03-16T12:00:00,Nest_Beta,12.3,15.5,SE,25.0,42.0,0,14.3,go
2025-03-16T13:00:00,Nest_Beta,17.7,20.5,E,25.0,64.5,0,14.7,go
2025-03-16T14:00:00,Nest_Beta,10.4,18.8,W,24.4,51.6,0,16.2,go
2025-03-16T15:00:00,Nest_Beta,16.7,22.1,N,25.1,61.1,0,13.7,go
2025-03-16T16:00:00,Nest_Beta,14.7,21.5,N,24.3,55.6,0,14.7,go
2025-03-16T17:00:00,Nest_Beta,15.5,18.0,NE,23.9,59.4,0,14.7,go
2025-03-16T18:00:00,Nest_Beta,16.6,26.4,NE,22.3,55.6,0,13.2,go
2025-03-16T19:00:00,Nest_Beta,15.8,20.4,W,20.6,65.7,0,14.1,go
2025-03-16T20:00:00,Nest_Beta,14.0,20.3,NW,20.7,58.9,0,13.3,go
2025-03-16T21:00:00,Nest_Beta,14.0,23.4,SE,19.1,52.5,0,15.8,go
2025-03-16T22:00:00,Nest_Beta,13.9,17.2,E,19.1,59.6,0,14.4,go
2025-03-16T23:00:00,Nest_Beta,11.3,15.7,SW,16.6,58.6,0,15.4,go
2025-03-16T00:00:00,Nest_Gamma,8.0,15.2,S,16.4,48.8,0,14.4,go
2025-03-16T01:00:00,Nest_Gamma,5.9,11.5,NW,18.1,63.4,0,15.2,go
2025-03-16T02:00:00,Nest_Gamma,4.5,11.8,NE,16.7,59.8,0,15.1,go
2025-03-16T03:00:00,Nest_Gamma,8.6,16.0,SE,17.2,67.4,0,17.8,go
2025-03-16T04:00:00,Nest_Gamma,5.9,11.7,E,18.9,56.1,0,15.0,go
2025-03-16T05:00:00,Nest_Gamma,7.0,16.8,NW,20.3,60.8,0,14.6,go
2025-03-16T06:00:00,Nest_Gamma,5.8,15.8,S,20.2,54.1,0,14.7,go
2025-03-16T07:00:00,Nest_Gamma,5.5,7.5,W,20.9,48.4,0,16.2,go
2025-03-16T08:00:00,Nest_Gamma,7.2,12.6,NW,22.9,56.8,0,15.6,go
2025-03-16T09:00:00,Nest_Gamma,7.8,14.4,NE,24.3,58.7,0,14.9,go
2025-03-16T10:00:00,Nest_Gamma,9.0,15.3,SW,23.7,50.7,0,14.3,go
2025-03-16T11:00:00,Nest_Gamma,13.2,21.7,W,24.3,60.1,0,15.6,go
2025-03-16T12:00:00,Nest_Gamma,8.6,15.4,SW,24.0,47.1,0,13.8,go
2025-03-16T13:00:00,Nest_Gamma,13.5,15.6,N,23.0,59.5,0,15.8,go
2025-03-16T14:00:00,Nest_Gamma,14.8,16.9,N,24.8,66.1,0,13.4,go
2025-03-16T15:00:00,Nest_Gamma,11.7,20.3,SW,24.0,71.9,0,15.3,go
2025-03-16T16:00:00,Nest_Gamma,12.5,22.1,W,23.3,67.9,0,15.5,go
2025-03-16T17:00:00,Nest_Gamma,16.3,18.7,NE,22.5,62.4,0,16.0,go
2025-03-16T18:00:00,Nest_Gamma,16.6,21.0,N,22.2,48.5,0,15.2,go
2025-03-16T19:00:00,Nest_Gamma,14.1,17.8,SE,21.1,52.7,0,14.9,go
2025-03-16T20:00:00,Nest_Gamma,14.0,18.6,W,20.0,73.7,0,13.6,go
2025-03-16T21:00:00,Nest_Gamma,11.5,16.9,E,19.1,40.1,0,12.3,go
2025-03-16T22:00:00,Nest_Gamma,11.3,13.9,SE,18.3,60.4,0,14.5,go
2025-03-16T23:00:00,Nest_Gamma,8.6,11.4,W,17.7,65.7,0,14.1,go
2025-03-16T00:00:00,Nest_Delta,11.7,17.6,NE,17.7,58.7,0,16.1,go
2025-03-16T01:00:00,Nest_Delta,5.0,14.5,SE,16.6,55.7,0,15.8,go
2025-03-16T02:00:00,Nest_Delta,7.5,17.1,S,17.2,51.8,0,13.5,go
2025-03-16T03:00:00,Nest_Delta,11.5,13.9,W,17.8,45.9,0,15.1,go
2025-03-16T04:00:00,Nest_Delta,4.3,6.5,NE,18.0,55.0,0,14.0,go
2025-03-16T05:00:00,Nest_Delta,7.7,14.5,NW,18.5,73.8,0,15.0,go
2025-03-16T06:00:00,Nest_Delta,4.5,13.4,N,19.9,57.8,0,14.6,go
2025-03-16T07:00:00,Nest_Delta,3.8,7.7,N,21.5,60.5,0,15.9,go
2025-03-16T08:00:00,Nest_Delta,12.5,15.0,NE,22.0,53.8,0,14.3,go
2025-03-16T09:00:00,Nest_Delta,8.6,18.3,SE,23.7,54.4,0,15.3,go
2025-03-16T10:00:00,Nest_Delta,9.8,13.8,N,24.4,53.2,0,15.5,go
2025-03-16T11:00:00,Nest_Delta,15.2,20.7,NE,24.2,68.2,0,13.3,go
2025-03-16T12:00:00,Nest_Delta,12.5,17.4,SE,25.5,53.9,0,14.0,go
2025-03-16T13:00:00,Nest_Delta,14.0,23.2,S,24.6,70.1,0,16.1,go
2025-03-16T14:00:00,Nest_Delta,21.0,26.7,NW,25.7,52.7,0,15.5,go
2025-03-16T15:00:00,Nest_Delta,16.7,25.8,NE,24.7,59.7,0,14.3,go
2025-03-16T16:00:00,Nest_Delta,15.4,24.5,SW,23.4,49.1,0,15.5,go
2025-03-16T17:00:00,Nest_Delta,14.8,24.3,NE,22.5,54.7,0,16.6,go
2025-03-16T18:00:00,Nest_Delta,19.5,23.3,NW,21.1,62.8,0,16.4,go
2025-03-16T19:00:00,Nest_Delta,15.8,23.5,E,21.7,63.9,0,13.0,go
2025-03-16T20:00:00,Nest_Delta,17.9,25.0,NE,19.5,74.1,0,14.7,go
2025-03-16T21:00:00,Nest_Delta,14.2,20.2,NE,18.5,69.5,0,15.9,go
2025-03-16T22:00:00,Nest_Delta,11.6,18.6,NE,18.6,59.4,0,14.3,go
2025-03-16T23:00:00,Nest_Delta,8.5,13.4,W,16.4,73.1,0,14.7,go
2025-03-17T00:00:00,Nest_Alpha,13.1,18.0,NW,18.5,69.5,0,15.3,go
2025-03-17T01:00:00,Nest_Alpha,8.6,17.1,N,18.6,66.0,0,14.0,go
2025-03-17T02:00:00,Nest_Alpha,7.8,16.2,NE,17.0,66.2,0,15.1,go
2025-03-17T03:00:00,Nest_Alpha,13.7,18.6,SE,18.2,58.0,0,17.1,go
2025-03-17T04:00:00,Nest_Alpha,7.4,13.9,W,17.8,59.0,0,15.9,go
2025-03-17T05:00:00,Nest_Alpha,5.4,10.0,E,18.9,60.0,0,15.5,go
2025-03-17T06:00:00,Nest_Alpha,5.5,9.3,N,20.1,77.5,0,14.4,go
2025-03-17T07:00:00,Nest_Alpha,10.0,20.0,S,21.3,46.7,0,15.8,go
2025-03-17T08:00:00,Nest_Alpha,9.0,11.1,SE,21.9,72.8,0,15.8,go
2025-03-17T09:00:00,Nest_Alpha,16.0,25.5,S,22.6,53.8,0,14.0,go
2025-03-17T10:00:00,Nest_Alpha,10.3,16.9,SW,24.2,56.4,0,13.5,go
2025-03-17T11:00:00,Nest_Alpha,14.5,17.6,SE,25.1,60.3,0,14.3,go
2025-03-17T12:00:00,Nest_Alpha,12.6,22.3,SE,25.6,62.0,0,15.8,go
2025-03-17T13:00:00,Nest_Alpha,13.9,19.1,NE,24.9,57.4,0,13.9,go
2025-03-17T14:00:00,Nest_Alpha,20.8,27.1,S,25.5,76.1,0,15.4,go
2025-03-17T15:00:00,Nest_Alpha,17.5,26.5,N,23.9,54.6,0,14.4,go
2025-03-17T16:00:00,Nest_Alpha,17.2,25.6,SE,22.4,56.3,0,14.3,go
2025-03-17T17:00:00,Nest_Alpha,19.9,27.7,W,22.9,50.2,0,15.3,go
2025-03-17T18:00:00,Nest_Alpha,18.3,23.9,S,22.2,49.8,0,15.3,go
2025-03-17T19:00:00,Nest_Alpha,15.1,19.0,SW,21.2,49.5,0,13.5,go
2025-03-17T20:00:00,Nest_Alpha,17.9,24.6,SW,19.6,52.5,0,14.2,go
2025-03-17T21:00:00,Nest_Alpha,20.2,29.0,S,19.2,61.2,0,16.2,go
2025-03-17T22:00:00,Nest_Alpha,12.7,17.1,NW,19.1,56.6,0,14.4,go
2025-03-17T23:00:00,Nest_Alpha,8.5,11.6,NW,18.1,67.6,0,15.6,go
2025-03-17T00:00:00,Nest_Beta,7.4,15.1,S,17.6,38.3,0,15.9,go
2025-03-17T01:00:00,Nest_Beta,9.1,16.8,NE,16.7,54.4,0,16.4,go
2025-03-17T02:00:00,Nest_Beta,5.0,7.6,E,15.3,54.2,0,15.9,go
2025-03-17T03:00:00,Nest_Beta,5.3,7.6,SW,17.6,53.5,0,15.1,go
2025-03-17T04:00:00,Nest_Beta,8.5,11.7,NE,17.7,53.9,0,13.7,go
2025-03-17T05:00:00,Nest_Beta,7.8,16.1,NW,17.9,56.7,0,15.4,go
2025-03-17T06:00:00,Nest_Beta,5.5,9.6,N,19.1,53.8,0,12.5,go
2025-03-17T07:00:00,Nest_Beta,6.6,15.4,S,21.0,61.8,0,13.9,go
2025-03-17T08:00:00,Nest_Beta,7.7,16.8,N,23.3,52.1,0,14.6,go
2025-03-17T09:00:00,Nest_Beta,12.1,15.5,N,24.2,55.0,0,14.9,go
2025-03-17T10:00:00,Nest_Beta,9.7,14.0,SE,24.7,79.8,0,15.0,go
2025-03-17T11:00:00,Nest_Beta,11.7,20.1,E,23.7,48.5,0,14.0,go
2025-03-17T12:00:00,Nest_Beta,11.9,15.7,E,24.7,65.1,0,14.0,go
2025-03-17T13:00:00,Nest_Beta,13.2,16.6,NW,24.9,63.6,0,15.6,go
2025-03-17T14:00:00,Nest_Beta,12.9,20.3,SE,24.9,60.2,0,15.4,go
2025-03-17T15:00:00,Nest_Beta,16.2,21.8,N,23.4,66.0,0,16.5,go
2025-03-17T16:00:00,Nest_Beta,14.4,20.7,W,23.6,60.4,0,14.6,go
2025-03-17T17:00:00,Nest_Beta,18.6,22.1,N,23.0,51.5,0,16.1,go
2025-03-17T18:00:00,Nest_Beta,18.0,21.2,N,22.0,42.9,0,15.7,go
2025-03-17T19:00:00,Nest_Beta,15.6,25.4,N,20.8,47.6,0,15.8,go
2025-03-17T20:00:00,Nest_Beta,16.9,22.8,W,19.6,41.8,0,15.6,go
2025-03-17T21:00:00,Nest_Beta,11.5,13.6,E,17.6,64.9,0,16.5,go
2025-03-17T22:00:00,Nest_Beta,13.6,23.3,N,18.8,63.8,0,14.8,go
2025-03-17T23:00:00,Nest_Beta,12.9,17.3,N,16.8,59.7,0,14.1,go
2025-03-17T00:00:00,Nest_Gamma,8.0,16.9,S,16.8,44.7,0,14.2,go
2025-03-17T01:00:00,Nest_Gamma,9.7,15.7,NE,18.0,51.2,0,14.5,go
2025-03-17T02:00:00,Nest_Gamma,5.7,14.4,S,18.2,57.1,0,14.2,go
2025-03-17T03:00:00,Nest_Gamma,4.8,13.4,E,15.9,57.4,0,14.2,go
2025-03-17T04:00:00,Nest_Gamma,3.4,12.7,NE,18.0,57.9,0,11.9,go
2025-03-17T05:00:00,Nest_Gamma,10.2,14.0,NE,19.0,72.0,0,14.7,go
2025-03-17T06:00:00,Nest_Gamma,5.8,8.7,NE,18.8,75.5,0,14.5,go
2025-03-17T07:00:00,Nest_Gamma,6.0,12.0,NE,20.9,48.7,0,15.6,go
2025-03-17T08:00:00,Nest_Gamma,8.0,10.2,E,23.3,53.0,0,16.1,go
2025-03-17T09:00:00,Nest_Gamma,7.6,13.7,SW,22.2,76.8,0,13.6,go
2025-03-17T10:00:00,Nest_Gamma,7.8,13.4,W,23.2,61.4,0,15.2,go
2025-03-17T11:00:00,Nest_Gamma,9.0,15.1,SW,24.4,54.4,0,15.4,go
2025-03-17T12:00:00,Nest_Gamma,6.6,13.8,SW,24.3,52.8,0,14.9,go
2025-03-17T13:00:00,Nest_Gamma,12.0,14.7,N,25.7,54.0,0,14.5,go
2025-03-17T14:00:00,Nest_Gamma,12.8,16.9,NE,23.5,45.7,0,17.0,go
2025-03-17T15:00:00,Nest_Gamma,14.3,21.1,N,23.7,62.3,0,15.1,go
2025-03-17T16:00:00,Nest_Gamma,15.5,24.2,S,24.1,55.3,0,17.0,go
2025-03-17T17:00:00,Nest_Gamma,15.4,19.1,NE,22.2,55.2,0,14.1,go
2025-03-17T18:00:00,Nest_Gamma,19.1,22.0,E,22.6,63.7,0,15.5,go
2025-03-17T19:00:00,Nest_Gamma,13.6,21.4,E,19.3,73.0,0,15.3,go
2025-03-17T20:00:00,Nest_Gamma,13.3,21.6,SW,20.5,51.8,0,16.0,go
2025-03-17T21:00:00,Nest_Gamma,9.3,13.8,S,19.4,61.7,0,14.3,go
2025-03-17T22:00:00,Nest_Gamma,8.9,18.4,NE,17.8,59.9,0,13.9,go
2025-03-17T23:00:00,Nest_Gamma,6.8,9.9,N,18.7,67.7,0,14.9,go
2025-03-17T00:00:00,Nest_Delta,10.7,20.2,N,16.9,68.9,0,14.1,go
2025-03-17T01:00:00,Nest_Delta,12.5,16.0,W,17.4,69.4,0,16.6,go
2025-03-17T02:00:00,Nest_Delta,9.8,12.1,SW,17.5,57.1,0,12.6,go
2025-03-17T03:00:00,Nest_Delta,10.4,19.2,S,18.8,66.1,0,15.2,go
2025-03-17T04:00:00,Nest_Delta,8.9,11.7,NE,17.8,67.0,0,16.0,go
2025-03-17T05:00:00,Nest_Delta,8.6,15.0,S,18.8,73.7,0,14.0,go
2025-03-17T06:00:00,Nest_Delta,6.6,12.6,SE,18.9,66.5,0,15.2,go
2025-03-17T07:00:00,Nest_Delta,9.4,16.8,W,21.0,76.0,0,17.3,go
2025-03-17T08:00:00,Nest_Delta,4.5,7.8,W,21.7,51.8,0,15.8,go
2025-03-17T09:00:00,Nest_Delta,11.8,19.6,SW,22.5,41.6,0,17.7,go
2025-03-17T10:00:00,Nest_Delta,10.8,13.0,S,23.2,55.6,0,16.0,go
2025-03-17T11:00:00,Nest_Delta,10.9,17.8,E,26.0,44.5,0,14.2,go
2025-03-17T12:00:00,Nest_Delta,12.9,16.1,SE,24.3,55.8,0,15.3,go
2025-03-17T13:00:00,Nest_Delta,17.8,22.6,E,25.9,45.6,0,16.4,go
2025-03-17T14:00:00,Nest_Delta,13.4,18.7,E,25.4,64.8,0,15.1,go
2025-03-17T15:00:00,Nest_Delta,16.5,20.1,NW,25.7,55.7,0,16.0,go
2025-03-17T16:00:00,Nest_Delta,17.8,20.3,N,24.7,63.9,0,18,go
2025-03-17T17:00:00,Nest_Delta,18.5,26.1,S,22.8,39.9,0,15.8,go
2025-03-17T18:00:00,Nest_Delta,16.6,19.1,E,21.9,63.5,0,12.8,go
2025-03-17T19:00:00,Nest_Delta,18.6,24.4,N,20.9,62.7,0,14.2,go
2025-03-17T20:00:00,Nest_Delta,16.3,22.0,E,20.2,60.5,0,14.2,go
2025-03-17T21:00:00,Nest_Delta,18.5,22.2,SW,19.2,43.7,0,13.8,go
2025-03-17T22:00:00,Nest_Delta,9.9,19.9,N,19.0,64.1,0,15.0,go
2025-03-17T23:00:00,Nest_Delta,16.4,22.0,E,16.7,58.4,0,14.6,go
2025-03-18T00:00:00,Nest_Alpha,8.6,18.5,SE,15.4,48.4,0,15.4,go
2025-03-18T01:00:00,Nest_Alpha,15.2,24.9,S,17.0,68.7,0,14.1,go
2025-03-18T02:00:00,Nest_Alpha,8.2,14.1,SW,17.0,48.3,0,14.7,go
2025-03-18T03:00:00,Nest_Alpha,13.9,19.4,S,17.8,64.3,0,15.4,go
2025-03-18T04:00:00,Nest_Alpha,8.3,14.6,W,18.1,63.1,0,15.2,go
2025-03-18T05:00:00,Nest_Alpha,11.2,17.8,SE,19.4,47.0,0,15.8,go
2025-03-18T06:00:00,Nest_Alpha,4.9,11.7,NW,19.8,41.6,0,15.0,go
2025-03-18T07:00:00,Nest_Alpha,8.1,11.1,NE,21.2,59.6,0,13.9,go
2025-03-18T08:00:00,Nest_Alpha,9.4,16.9,S,22.6,60.1,0,16.5,go
2025-03-18T09:00:00,Nest_Alpha,11.4,19.2,NW,21.9,59.1,0,14.3,go
2025-03-18T10:00:00,Nest_Alpha,14.1,23.8,S,23.8,59.2,0,15.5,go
2025-03-18T11:00:00,Nest_Alpha,13.6,19.3,NE,24.9,60.0,0,14.4,go
2025-03-18T12:00:00,Nest_Alpha,14.7,19.1,W,25.7,52.6,0,15.8,go
2025-03-18T13:00:00,Nest_Alpha,16.9,26.4,E,24.3,60.1,0,15.0,go
2025-03-18T14:00:00,Nest_Alpha,17.0,22.4,S,25.2,61.2,0,15.8,go
2025-03-18T15:00:00,Nest_Alpha,20.6,23.2,E,24.6,40.0,0,14.8,go
2025-03-18T16:00:00,Nest_Alpha,18.9,25.6,NE,25.0,57.4,0,14.9,go
2025-03-18T17:00:00,Nest_Alpha,18.8,23.2,SE,22.7,65.4,0,16.2,go
2025-03-18T18:00:00,Nest_Alpha,14.9,24.9,N,23.6,62.3,0,14.5,go
2025-03-18T19:00:00,Nest_Alpha,12.8,22.5,E,21.1,55.0,0,13.6,go
2025-03-18T20:00:00,Nest_Alpha,12.7,16.4,E,20.4,60.7,0,15.2,go
2025-03-18T21:00:00,Nest_Alpha,16.5,20.9,SE,20.2,55.0,0,15.7,go
2025-03-18T22:00:00,Nest_Alpha,13.7,19.6,E,17.2,47.5,0,15.3,go
2025-03-18T23:00:00,Nest_Alpha,11.4,17.1,NE,17.5,64.9,0,13.3,go
2025-03-18T00:00:00,Nest_Beta,4.7,7.3,E,18.4,65.7,0,14.4,go
2025-03-18T01:00:00,Nest_Beta,6.4,14.8,NE,17.1,56.3,0,14.9,go
2025-03-18T02:00:00,Nest_Beta,8.6,12.2,E,16.5,61.2,0,14.4,go
2025-03-18T03:00:00,Nest_Beta,7.4,16.8,NW,18.4,67.4,0,14.9,go
2025-03-18T04:00:00,Nest_Beta,11.2,18.2,SW,18.2,54.0,0,15.2,go
2025-03-18T05:00:00,Nest_Beta,7.8,16.7,N,19.3,67.4,0,14.4,go
2025-03-18T06:00:00,Nest_Beta,2,11.3,NW,20.3,53.4,0,13.8,go
2025-03-18T07:00:00,Nest_Beta,8.2,14.5,NW,20.4,58.0,0,14.8,go
2025-03-18T08:00:00,Nest_Beta,9.1,12.2,S,21.8,48.1,0,15.9,go
2025-03-18T09:00:00,Nest_Beta,8.2,11.3,NW,23.1,77.1,0,16.0,go
2025-03-18T10:00:00,Nest_Beta,8.8,11.6,SW,23.7,44.3,0,14.8,go
2025-03-18T11:00:00,Nest_Beta,14.1,17.7,SW,24.7,44.5,0,15.3,go
2025-03-18T12:00:00,Nest_Beta,14.7,20.6,SE,26.2,57.8,0,16.9,go
2025-03-18T13:00:00,Nest_Beta,15.4,19.4,S,24.3,46.6,0,16.2,go
2025-03-18T14:00:00,Nest_Beta,16.7,20.5,W,25.3,60.9,0,12.9,go
2025-03-18T15:00:00,Nest_Beta,16.3,25.2,S,24.9,66.9,0,15.8,go
2025-03-18T16:00:00,Nest_Beta,18.2,27.1,SW,24.1,51.1,0,14.5,go
2025-03-18T17:00:00,Nest_Beta,11.7,16.7,NW,22.9,58.4,0,13.9,go
2025-03-18T18:00:00,Nest_Beta,15.6,23.7,E,22.6,76.2,0,16.7,go
2025-03-18T19:00:00,Nest_Beta,15.6,19.0,SE,20.1,56.4,0,14.3,go
2025-03-18T20:00:00,Nest_Beta,13.5,19.0,N,20.4,62.5,0,14.5,go
2025-03-18T21:00:00,Nest_Beta,11.6,20.4,E,19.6,50.1,0,13.9,go
2025-03-18T22:00:00,Nest_Beta,13.2,22.4,S,17.8,52.4,0,15.6,go
2025-03-18T23:00:00,Nest_Beta,11.0,20.8,N,18.0,56.3,0,15.0,go
2025-03-18T00:00:00,Nest_Gamma,6.9,9.5,NW,16.5,46.5,0,13.8,go
2025-03-18T01:00:00,Nest_Gamma,5.3,14.7,SE,16.0,50.0,0,14.6,go
2025-03-18T02:00:00,Nest_Gamma,4.1,9.6,SW,17.0,65.8,0,14.9,go
2025-03-18T03:00:00,Nest_Gamma,5.8,14.9,E,18.5,32.8,0,14.6,go
2025-03-18T04:00:00,Nest_Gamma,3.8,13.1,W,18.9,48.3,0,16.6,go
2025-03-18T05:00:00,Nest_Gamma,2,4.6,NE,19.6,56.9,0,14.4,go
2025-03-18T06:00:00,Nest_Gamma,4.5,12.8,SW,19.8,48.5,0,14.9,go
2025-03-18T07:00:00,Nest_Gamma,11.3,15.2,NE,21.1,59.3,0,15.7,go
2025-03-18T08:00:00,Nest_Gamma,10.8,17.0,E,22.8,57.7,0,15.2,go
2025-03-18T09:00:00,Nest_Gamma,7.9,11.5,SW,23.6,52.4,0,14.7,go
2025-03-18T10:00:00,Nest_Gamma,8.9,13.1,W,23.8,67.3,0,17.3,go
2025-03-18T11:00:00,Nest_Gamma,12.9,21.9,SE,23.7,66.5,0,16.2,go
2025-03-18T12:00:00,Nest_Gamma,9.8,14.3,E,23.0,56.9,0,14.1,go
2025-03-18T13:00:00,Nest_Gamma,13.4,17.7,N,24.3,49.7,0,14.2,go
2025-03-18T14:00:00,Nest_Gamma,11.5,14.8,N,24.9,46.4,0,13.3,go
2025-03-18T15:00:00,Nest_Gamma,13.4,16.3,NE,24.6,57.8,0,12.6,go
2025-03-18T16:00:00,Nest_Gamma,9.4,15.5,NW,24.4,56.4,0,15.3,go
2025-03-18T17:00:00,Nest_Gamma,17.0,22.5,E,22.7,54.2,0,14.5,go
2025-03-18T18:00:00,Nest_Gamma,21.9,30.7,NE,21.3,65.2,0,14.5,go
2025-03-18T19:00:00,Nest_Gamma,17.7,24.0,W,21.8,61.4,0,16.1,go
2025-03-18T20:00:00,Nest_Gamma,11.9,20.2,W,19.2,62.3,0,14.1,go
2025-03-18T21:00:00,Nest_Gamma,7.0,14.8,SW,18.8,55.3,0,14.6,go
2025-03-18T22:00:00,Nest_Gamma,14.1,21.7,N,17.6,53.0,0,14.9,go
2025-03-18T23:00:00,Nest_Gamma,11.3,16.0,E,17.8,66.5,0,14.3,go
2025-03-18T00:00:00,Nest_Delta,12.6,21.4,W,16.7,54.0,0,14.8,go
2025-03-18T01:00:00,Nest_Delta,9.1,12.6,SW,17.0,55.2,0,17.0,go
2025-03-18T02:00:00,Nest_Delta,8.0,10.0,NW,16.8,53.1,0,13.8,go
2025-03-18T03:00:00,Nest_Delta,8.6,11.6,NE,18.2,71.3,0,16.5,go
2025-03-18T04:00:00,Nest_Delta,8.5,16.2,NW,18.8,61.5,0,15.8,go
2025-03-18T05:00:00,Nest_Delta,7.4,15.8,W,19.5,58.5,0,14.0,go
2025-03-18T06:00:00,Nest_Delta,7.7,11.6,NE,19.6,67.0,0,13.9,go
2025-03-18T07:00:00,Nest_Delta,10.8,18.8,SE,20.7,69.0,0,15.5,go
2025-03-18T08:00:00,Nest_Delta,9.6,16.8,N,21.2,73.5,0,14.4,go
2025-03-18T09:00:00,Nest_Delta,8.4,13.8,E,23.3,50.6,0,14.4,go
2025-03-18T10:00:00,Nest_Delta,11.0,15.9,E,23.4,50.8,0,16.1,go
2025-03-18T11:00:00,Nest_Delta,8.4,13.1,NE,23.5,67.2,0,16.6,go
2025-03-18T12:00:00,Nest_Delta,11.3,19.9,W,26.0,57.4,0,13.4,go
2025-03-18T13:00:00,Nest_Delta,13.4,17.8,W,25.1,62.3,0,12.9,go
2025-03-18T14:00:00,Nest_Delta,15.4,19.2,SE,25.1,64.9,0,14.4,go
2025-03-18T15:00:00,Nest_Delta,18.5,20.6,NW,24.4,46.4,0,15.7,go
2025-03-18T16:00:00,Nest_Delta,17.3,23.1,NE,24.1,66.5,0,15.3,go
2025-03-18T17:00:00,Nest_Delta,17.0,26.2,N,23.3,53.0,0,14.5,go
2025-03-18T18:00:00,Nest_Delta,15.8,25.5,SE,22.1,55.4,0,15.1,go
2025-03-18T19:00:00,Nest_Delta,15.1,19.6,W,20.2,53.9,0,15.2,go
2025-03-18T20:00:00,Nest_Delta,14.0,18.9,SW,20.7,53.6,0,14.4,go
2025-03-18T21:00:00,Nest_Delta,14.7,17.7,E,18.6,57.2,0,13.3,go
2025-03-18T22:00:00,Nest_Delta,14.1,21.8,E,18.9,70.0,0,15.8,go
2025-03-18T23:00:00,Nest_Delta,13.9,16.9,SE,16.5,62.5,0,15.3,go
2025-03-19T00:00:00,Nest_Alpha,12.0,15.6,NW,18.0,59.7,0,14.6,go
2025-03-19T01:00:00,Nest_Alpha,11.1,20.7,E,16.8,76.7,0,14.3,go
2025-03-19T02:00:00,Nest_Alpha,9.3,15.9,NW,16.0,50.2,0,15.8,go
2025-03-19T03:00:00,Nest_Alpha,8.9,13.5,NW,18.8,52.1,0,17.0,go
2025-03-19T04:00:00,Nest_Alpha,2,8.8,SW,17.5,54.5,0,13.2,go
2025-03-19T05:00:00,Nest_Alpha,2,6.4,W,17.6,74.5,0,14.5,go
2025-03-19T06:00:00,Nest_Alpha,12.1,16.9,NE,19.8,62.1,0,15.3,go
2025-03-19T07:00:00,Nest_Alpha,6.7,15.1,SW,21.8,45.3,0,13.1,go
2025-03-19T08:00:00,Nest_Alpha,9.7,19.0,NE,20.9,59.0,0,14.3,go
2025-03-19T09:00:00,Nest_Alpha,11.3,20.8,SE,22.5,59.9,0,15.2,go
2025-03-19T10:00:00,Nest_Alpha,10.6,14.5,SW,24.3,55.2,0,15.8,go
2025-03-19T11:00:00,Nest_Alpha,9.4,17.5,W,24.6,67.3,0,16.0,go
2025-03-19T12:00:00,Nest_Alpha,8.5,14.1,NE,24.9,66.6,0,16.5,go
2025-03-19T13:00:00,Nest_Alpha,15.5,18.1,NE,26.3,48.1,0,17.0,go
2025-03-19T14:00:00,Nest_Alpha,16.3,19.4,NE,24.1,50.1,0,16.0,go
2025-03-19T15:00:00,Nest_Alpha,18.6,28.2,S,24.8,51.6,0,16.5,go
2025-03-19T16:00:00,Nest_Alpha,15.3,22.6,NE,22.8,44.6,0,15.8,go
2025-03-19T17:00:00,Nest_Alpha,18.4,22.4,NE,22.4,58.1,0,16.0,go
2025-03-19T18:00:00,Nest_Alpha,19.9,24.7,S,20.7,66.7,0,16.0,go
2025-03-19T19:00:00,Nest_Alpha,18.3,25.9,N,22.4,67.3,0,15.3,go
2025-03-19T20:00:00,Nest_Alpha,13.7,18.0,SE,20.3,59.0,0,15.4,go
2025-03-19T21:00:00,Nest_Alpha,14.6,20.4,E,18.7,58.6,0,15.4,go
2025-03-19T22:00:00,Nest_Alpha,13.0,18.1,SE,18.4,53.6,0,14.6,go
2025-03-19T23:00:00,Nest_Alpha,12.7,21.1,NE,17.4,68.5,0,12.5,go
2025-03-19T00:00:00,Nest_Beta,6.4,13.5,NW,17.2,65.1,0,14.0,go
2025-03-19T01:00:00,Nest_Beta,7.4,14.1,SE,17.3,54.6,0,14.7,go
2025-03-19T02:00:00,Nest_Beta,8.3,15.2,NW,17.0,62.4,0,15.3,go
2025-03-19T03:00:00,Nest_Beta,9.3,13.0,SW,17.6,71.4,0,14.8,go
2025-03-19T04:00:00,Nest_Beta,4.3,14.0,SW,18.8,50.0,0,14.4,go
2025-03-19T05:00:00,Nest_Beta,5.2,8.1,NW,19.3,66.8,0,16.0,go
2025-03-19T06:00:00,Nest_Beta,9.6,13.1,N,20.1,66.2,0,15.7,go
2025-03-19T07:00:00,Nest_Beta,4.9,13.6,NW,20.4,57.6,0,15.4,go
2025-03-19T08:00:00,Nest_Beta,5.8,14.3,S,22.4,51.5,0,15.8,go
2025-03-19T09:00:00,Nest_Beta,5.3,9.8,N,23.0,58.8,0,14.2,go
2025-03-19T10:00:00,Nest_Beta,11.5,15.2,S,23.0,54.8,0,14.3,go
2025-03-19T11:00:00,Nest_Beta,13.5,15.9,NW,24.9,59.3,0,14.8,go
2025-03-19T12:00:00,Nest_Beta,13.7,21.1,SW,25.3,70.8,0,17.1,go
2025-03-19T13:00:00,Nest_Beta,11.7,17.5,S,24.9,58.6,0,15.6,go
2025-03-19T14:00:00,Nest_Beta,14.3,19.5,E,24.6,59.5,0,14.7,go
2025-03-19T15:00:00,Nest_Beta,18.2,24.7,E,24.5,56.0,0,15.0,go
2025-03-19T16:00:00,Nest_Beta,13.9,16.9,S,24.4,47.1,0,14.8,go
2025-03-19T17:00:00,Nest_Beta,19.1,22.1,SW,23.9,71.0,0,14.5,go
2025-03-19T18:00:00,Nest_Beta,14.9,22.4,N,21.8,61.8,0,14.8,go
2025-03-19T19:00:00,Nest_Beta,14.9,24.7,E,21.8,47.7,0,14.6,go
2025-03-19T20:00:00,Nest_Beta,18.7,27.6,E,18.9,61.2,0,15.2,go
2025-03-19T21:00:00,Nest_Beta,10.0,14.8,E,19.4,51.2,0,13.7,go
2025-03-19T22:00:00,Nest_Beta,8.8,11.0,S,18.2,46.7,0,14.1,go
2025-03-19T23:00:00,Nest_Beta,12.9,15.4,W,18.3,56.9,0,14.1,go
2025-03-19T00:00:00,Nest_Gamma,7.7,11.4,N,17.7,40.3,0,17.5,go
2025-03-19T01:00:00,Nest_Gamma,10.5,17.7,NE,15.5,52.1,0,15.0,go
2025-03-19T02:00:00,Nest_Gamma,4.1,12.8,NW,18.6,61.6,0,14.3,go
2025-03-19T03:00:00,Nest_Gamma,5.7,10.5,SE,17.9,50.7,0,16.5,go
2025-03-19T04:00:00,Nest_Gamma,6.1,8.5,N,17.5,40.2,0,14.1,go
2025-03-19T05:00:00,Nest_Gamma,8.7,11.0,NE,18.8,62.5,0,16.8,go
2025-03-19T06:00:00,Nest_Gamma,2,9.3,NW,20.1,53.4,0,16.1,go
2025-03-19T07:00:00,Nest_Gamma,5.8,9.1,E,21.4,57.5,0,15.8,go
2025-03-19T08:00:00,Nest_Gamma,9.5,14.2,SE,21.7,47.3,0,15.3,go
2025-03-19T09:00:00,Nest_Gamma,5.4,13.6,SW,23.6,55.6,0,16.0,go
2025-03-19T10:00:00,Nest_Gamma,9.5,13.2,SE,24.1,61.7,0,14.4,go
2025-03-19T11:00:00,Nest_Gamma,8.5,15.1,SE,24.4,60.5,0,15.3,go
2025-03-19T12:00:00,Nest_Gamma,16.1,25.0,S,24.7,50.5,0,15.0,go
2025-03-19T13:00:00,Nest_Gamma,14.3,22.7,SW,26.2,65.8,0,14.8,go
2025-03-19T14:00:00,Nest_Gamma,16.0,22.4,S,23.9,50.9,0,14.1,go
2025-03-19T15:00:00,Nest_Gamma,16.2,22.2,SW,23.7,62.4,0,13.1,go
2025-03-19T16:00:00,Nest_Gamma,18.4,21.6,NW,23.0,50.3,0,13.9,go
2025-03-19T17:00:00,Nest_Gamma,15.8,18.1,SE,21.1,71.8,0,14.2,go
2025-03-19T18:00:00,Nest_Gamma,13.0,21.7,NW,21.2,54.0,0,15.1,go
2025-03-19T19:00:00,Nest_Gamma,14.9,24.2,SE,20.4,68.6,0,14.3,go
2025-03-19T20:00:00,Nest_Gamma,13.8,21.7,W,20.0,67.1,0,15.9,go
2025-03-19T21:00:00,Nest_Gamma,15.0,22.0,W,18.9,61.7,0,13.6,go
2025-03-19T22:00:00,Nest_Gamma,10.4,19.7,SE,18.6,53.7,0,16.1,go
2025-03-19T23:00:00,Nest_Gamma,10.8,16.6,S,17.9,49.0,0,14.6,go
2025-03-19T00:00:00,Nest_Delta,6.6,14.3,NW,16.3,62.5,0,15.3,go
2025-03-19T01:00:00,Nest_Delta,6.9,11.3,S,18.6,48.9,0,16.2,go
2025-03-19T02:00:00,Nest_Delta,10.1,16.9,NW,17.5,65.5,0,16.0,go
2025-03-19T03:00:00,Nest_Delta,7.4,14.5,NW,17.8,58.4,0,14.4,go
2025-03-19T04:00:00,Nest_Delta,4.2,7.6,NW,18.7,66.5,0,15.0,go
2025-03-19T05:00:00,Nest_Delta,9.6,19.3,S,18.7,60.1,0,15.3,go
2025-03-19T06:00:00,Nest_Delta,7.9,17.2,NE,20.8,62.1,0,15.2,go
2025-03-19T07:00:00,Nest_Delta,10.2,16.0,SE,20.2,46.8,0,15.0,go
2025-03-19T08:00:00,Nest_Delta,4.8,14.1,S,22.2,41.2,0,16.0,go
2025-03-19T09:00:00,Nest_Delta,9.8,13.7,NE,22.2,69.1,0,15.1,go
2025-03-19T10:00:00,Nest_Delta,9.0,13.5,SE,21.7,56.2,0,16.1,go
2025-03-19T11:00:00,Nest_Delta,12.7,22.5,W,24.2,61.0,0,13.7,go
2025-03-19T12:00:00,Nest_Delta,17.4,26.9,E,24.3,64.6,0,15.8,go
2025-03-19T13:00:00,Nest_Delta,14.4,19.2,W,25.7,63.5,0,13.9,go
2025-03-19T14:00:00,Nest_Delta,14.5,21.3,NW,25.1,56.5,0,14.5,go
2025-03-19T15:00:00,Nest_Delta,18.6,20.8,SW,23.5,58.8,0,15.8,go
2025-03-19T16:00:00,Nest_Delta,16.6,23.3,SE,23.7,64.5,0,15.2,go
2025-03-19T17:00:00,Nest_Delta,15.0,18.9,W,23.5,69.5,0,17.2,go
2025-03-19T18:00:00,Nest_Delta,18.9,23.1,SE,22.0,58.7,0,13.3,go
2025-03-19T19:00:00,Nest_Delta,13.8,22.7,NW,20.1,66.4,0,15.1,go
2025-03-19T20:00:00,Nest_Delta,12.1,14.2,NE,19.3,56.0,0,14.4,go
2025-03-19T21:00:00,Nest_Delta,14.6,22.2,E,18.8,59.8,0,13.6,go
2025-03-19T22:00:00,Nest_Delta,17.5,22.6,N,17.6,60.8,0,16.1,go
2025-03-19T23:00:00,Nest_Delta,6.1,10.6,E,16.5,75.2,0,14.1,go
2025-03-20T00:00:00,Nest_Alpha,11.0,20.5,NW,16.7,77.2,0,14.7,go
2025-03-20T01:00:00,Nest_Alpha,12.3,18.7,N,17.4,55.7,0,13.2,go
2025-03-20T02:00:00,Nest_Alpha,15.2,24.3,N,18.0,67.9,0,13.9,go
2025-03-20T03:00:00,Nest_Alpha,11.0,16.8,SW,17.8,73.3,0,14.8,go
2025-03-20T04:00:00,Nest_Alpha,9.5,16.5,SW,18.4,62.3,0,15.7,go
2025-03-20T05:00:00,Nest_Alpha,7.3,16.3,S,19.9,51.4,0,15.0,go
2025-03-20T06:00:00,Nest_Alpha,9.2,12.2,E,19.8,44.0,0,15.5,go
2025-03-20T07:00:00,Nest_Alpha,2.0,5.8,E,21.0,59.2,0,15.2,go
2025-03-20T08:00:00,Nest_Alpha,4.9,13.6,NE,23.5,42.3,0,16.5,go
2025-03-20T09:00:00,Nest_Alpha,8.7,18.5,S,22.5,43.1,0,13.8,go
2025-03-20T10:00:00,Nest_Alpha,16.0,18.7,SW,23.5,67.1,0,16.0,go
2025-03-20T11:00:00,Nest_Alpha,14.7,17.6,E,24.2,56.4,0,14.4,go
2025-03-20T12:00:00,Nest_Alpha,12.9,21.9,E,25.0,65.9,0,15.2,go
2025-03-20T13:00:00,Nest_Alpha,16.9,23.7,NE,24.9,56.1,0,14.6,go
2025-03-20T14:00:00,Nest_Alpha,13.5,16.5,E,24.8,62.4,0,14.2,go
2025-03-20T15:00:00,Nest_Alpha,18.1,26.5,NW,22.5,61.2,0,15.4,go
2025-03-20T16:00:00,Nest_Alpha,17.5,20.6,SW,24.5,53.6,0,16.0,go
2025-03-20T17:00:00,Nest_Alpha,20.1,24.7,E,22.8,85.1,0,15.4,go
2025-03-20T18:00:00,Nest_Alpha,15.1,18.4,SE,21.9,62.2,0,15.5,go
2025-03-20T19:00:00,Nest_Alpha,14.2,23.9,W,20.6,52.7,0,14.7,go
2025-03-20T20:00:00,Nest_Alpha,16.2,23.6,W,21.0,68.4,0,15.6,go
2025-03-20T21:00:00,Nest_Alpha,14.9,23.4,NW,19.2,68.2,0,13.8,go
2025-03-20T22:00:00,Nest_Alpha,17.8,25.8,SE,18.9,65.2,0,14.6,go
2025-03-20T23:00:00,Nest_Alpha,12.1,19.9,NE,17.7,52.8,0,16.3,go
2025-03-20T00:00:00,Nest_Beta,11.7,21.4,W,16.4,50.3,0,15.5,go
2025-03-20T01:00:00,Nest_Beta,7.4,10.7,SE,17.2,52.7,0,16.6,go
2025-03-20T02:00:00,Nest_Beta,5.7,12.9,N,17.9,46.7,0,14.1,go
2025-03-20T03:00:00,Nest_Beta,4.0,11.9,NW,17.1,69.9,0,16.3,go
2025-03-20T04:00:00,Nest_Beta,6.6,9.5,SE,17.1,64.0,0,16.2,go
2025-03-20T05:00:00,Nest_Beta,6.0,8.9,E,19.5,61.1,0,15.1,go
2025-03-20T06:00:00,Nest_Beta,6.6,14.3,SW,20.0,60.3,0,13.4,go
2025-03-20T07:00:00,Nest_Beta,8.4,10.6,SE,21.6,67.9,0,15.1,go
2025-03-20T08:00:00,Nest_Beta,8.4,15.1,NE,23.1,56.6,0,15.4,go
2025-03-20T09:00:00,Nest_Beta,7.8,17.7,W,22.9,49.4,0,15.3,go
2025-03-20T10:00:00,Nest_Beta,8.9,16.4,N,22.7,59.1,0,15.1,go
2025-03-20T11:00:00,Nest_Beta,14.2,19.4,W,24.0,47.8,0,15.3,go
2025-03-20T12:00:00,Nest_Beta,12.9,22.7,NW,24.6,70.7,0,14.2,go
2025-03-20T13:00:00,Nest_Beta,14.3,18.7,S,25.1,52.3,0,13.8,go
2025-03-20T14:00:00,Nest_Beta,15.5,19.2,S,25.5,75.2,0,15.8,go
2025-03-20T15:00:00,Nest_Beta,13.9,18.6,SW,25.3,50.0,0,16.2,go
2025-03-20T16:00:00,Nest_Beta,18.5,21.6,SE,23.5,53.6,0,14.9,go
2025-03-20T17:00:00,Nest_Beta,16.6,25.6,N,23.5,56.6,0,12.6,go
2025-03-20T18:00:00,Nest_Beta,13.8,19.8,W,22.2,62.2,0,16.3,go
2025-03-20T19:00:00,Nest_Beta,17.8,23.7,SE,20.6,75.6,0,13.8,go
2025-03-20T20:00:00,Nest_Beta,15.2,20.9,N,18.7,62.8,0,15.7,go
2025-03-20T21:00:00,Nest_Beta,16.6,20.8,SE,17.8,55.1,0,15.9,go
2025-03-20T22:00:00,Nest_Beta,10.9,14.5,N,18.6,48.2,0,16.1,go
2025-03-20T23:00:00,Nest_Beta,9.1,18.6,S,17.3,50.6,0,16.6,go
2025-03-20T00:00:00,Nest_Gamma,11.4,13.7,W,18.7,42.0,0,15.3,go
2025-03-20T01:00:00,Nest_Gamma,8.2,17.7,SE,16.7,46.0,0,15.4,go
2025-03-20T02:00:00,Nest_Gamma,8.8,10.9,SE,16.6,63.4,0,16.9,go
2025-03-20T03:00:00,Nest_Gamma,2,9.4,SW,18.1,56.3,0,15.8,go
2025-03-20T04:00:00,Nest_Gamma,8.1,16.2,W,18.5,60.4,0,13.4,go
2025-03-20T05:00:00,Nest_Gamma,2,7.0,SE,17.9,62.3,0,14.2,go
2025-03-20T06:00:00,Nest_Gamma,4.8,9.4,NW,19.0,60.5,0,15.3,go
2025-03-20T07:00:00,Nest_Gamma,10.2,17.4,NE,20.6,74.1,0,15.3,go
2025-03-20T08:00:00,Nest_Gamma,8.4,12.9,SE,22.5,57.1,0,13.6,go
2025-03-20T09:00:00,Nest_Gamma,9.0,18.7,S,23.1,59.5,0,15.1,go
2025-03-20T10:00:00,Nest_Gamma,13.0,21.5,N,24.0,54.0,0,15.5,go
2025-03-20T11:00:00,Nest_Gamma,6.9,12.9,SW,23.6,71.9,0,15.8,go
2025-03-20T12:00:00,Nest_Gamma,10.7,18.8,NW,24.3,49.7,0,16.4,go
2025-03-20T13:00:00,Nest_Gamma,9.9,13.5,SW,25.7,70.8,0,15.2,go
2025-03-20T14:00:00,Nest_Gamma,13.8,16.7,NE,24.3,73.4,0,15.7,go
2025-03-20T15:00:00,Nest_Gamma,13.0,17.5,SW,24.6,65.2,0,14.0,go
2025-03-20T16:00:00,Nest_Gamma,15.1,17.7,E,23.4,60.5,0,15.8,go
2025-03-20T17:00:00,Nest_Gamma,18.1,20.4,NE,23.0,38.9,0,15.8,go
2025-03-20T18:00:00,Nest_Gamma,20.3,25.5,W,22.8,62.4,0,16.3,go
2025-03-20T19:00:00,Nest_Gamma,15.3,20.6,S,20.7,38.6,0,15.4,go
2025-03-20T20:00:00,Nest_Gamma,14.8,19.9,E,21.1,38.2,0,15.6,go
2025-03-20T21:00:00,Nest_Gamma,17.3,27.3,NE,19.7,47.9,0,15.4,go
2025-03-20T22:00:00,Nest_Gamma,13.7,19.2,E,18.2,62.5,0,13.5,go
2025-03-20T23:00:00,Nest_Gamma,8.9,18.8,S,18.0,45.6,0,15.9,go
2025-03-20T00:00:00,Nest_Delta,10.8,15.1,NE,17.4,62.9,0,15.6,go
2025-03-20T01:00:00,Nest_Delta,12.9,19.6,SW,16.4,65.0,0,13.9,go
2025-03-20T02:00:00,Nest_Delta,7.8,15.5,E,17.0,56.9,0,14.3,go
2025-03-20T03:00:00,Nest_Delta,8.1,10.5,S,16.8,50.6,0,14.2,go
2025-03-20T04:00:00,Nest_Delta,4.6,8.3,NE,17.5,64.7,0,15.6,go
2025-03-20T05:00:00,Nest_Delta,8.8,16.5,NW,19.1,50.6,0,13.6,go
2025-03-20T06:00:00,Nest_Delta,5.8,11.6,SW,19.7,43.5,0,16.1,go
2025-03-20T07:00:00,Nest_Delta,5.8,13.7,N,21.1,64.1,0,15.5,go
2025-03-20T08:00:00,Nest_Delta,9.0,12.9,E,21.8,52.4,0,16.9,go
2025-03-20T09:00:00,Nest_Delta,6.3,12.1,S,22.9,57.1,0,14.7,go
2025-03-20T10:00:00,Nest_Delta,10.9,17.4,E,24.2,59.8,0,12.9,go
2025-03-20T11:00:00,Nest_Delta,12.5,18.9,N,23.4,36.0,0,16.4,go
2025-03-20T12:00:00,Nest_Delta,11.6,15.3,SW,23.7,53.0,0,16.4,go
2025-03-20T13:00:00,Nest_Delta,14.0,19.8,W,23.5,55.5,0,15.5,go
2025-03-20T14:00:00,Nest_Delta,18.6,27.8,E,25.1,61.0,0,14.6,go
2025-03-20T15:00:00,Nest_Delta,19.8,23.5,N,25.3,65.6,0,15.7,go
2025-03-20T16:00:00,Nest_Delta,14.0,17.4,E,23.2,52.7,0,14.8,go
2025-03-20T17:00:00,Nest_Delta,18.7,27.9,SW,22.7,67.2,0,15.1,go
2025-03-20T18:00:00,Nest_Delta,16.9,24.5,W,22.3,73.0,0,13.5,go
2025-03-20T19:00:00,Nest_Delta,17.2,21.0,SW,19.9,79.2,0,15.1,go
2025-03-20T20:00:00,Nest_Delta,15.8,25.1,SE,22.2,59.9,0,15.2,go
2025-03-20T21:00:00,Nest_Delta,15.1,21.9,SW,18.4,49.1,0,13.4,go
2025-03-20T22:00:00,Nest_Delta,13.6,22.4,NW,18.8,54.2,0,15.6,go
2025-03-20T23:00:00,Nest_Delta,13.0,18.0,SE,16.9,42.7,0,14.0,go
2025-03-21T00:00:00,Nest_Alpha,12.4,19.0,NE,16.4,61.9,0,15.0,go
2025-03-21T01:00:00,Nest_Alpha,8.6,17.6,W,17.3,59.9,0,14.8,go
2025-03-21T02:00:00,Nest_Alpha,8.8,16.5,SE,17.9,65.5,0,14.4,go
2025-03-21T03:00:00,Nest_Alpha,10.7,20.5,N,18.2,55.3,0,15.8,go
2025-03-21T04:00:00,Nest_Alpha,11.0,20.4,E,17.5,59.8,0,15.8,go
2025-03-21T05:00:00,Nest_Alpha,9.4,17.5,NE,18.7,60.8,0,15.7,go
2025-03-21T06:00:00,Nest_Alpha,9.0,16.5,W,20.1,53.9,0,18.0,go
2025-03-21T07:00:00,Nest_Alpha,9.7,17.8,NE,21.0,63.1,0,15.1,go
2025-03-21T08:00:00,Nest_Alpha,15.3,20.2,SE,22.4,77.6,0,14.9,go
2025-03-21T09:00:00,Nest_Alpha,13.8,21.3,S,23.0,54.9,0,14.7,go
2025-03-21T10:00:00,Nest_Alpha,13.0,18.5,S,23.9,52.5,0,14.5,go
2025-03-21T11:00:00,Nest_Alpha,7.4,16.3,SE,24.1,56.9,0,14.0,go
2025-03-21T12:00:00,Nest_Alpha,15.7,19.6,SW,24.7,78.2,0,14.0,go
2025-03-21T13:00:00,Nest_Alpha,16.0,21.6,S,24.9,58.9,0,15.3,go
2025-03-21T14:00:00,Nest_Alpha,15.0,22.9,NE,23.7,76.2,0,14.4,go
2025-03-21T15:00:00,Nest_Alpha,14.5,23.2,NE,25.0,46.6,0,14.3,go
2025-03-21T16:00:00,Nest_Alpha,14.8,19.2,SW,24.3,64.2,0,13.9,go
2025-03-21T17:00:00,Nest_Alpha,19.2,25.4,NE,23.5,57.7,0,14.9,go
2025-03-21T18:00:00,Nest_Alpha,15.2,21.9,NW,21.4,65.9,0,13.1,go
2025-03-21T19:00:00,Nest_Alpha,20.0,23.1,W,21.7,75.3,0,16.3,go
2025-03-21T20:00:00,Nest_Alpha,12.7,19.2,N,21.4,59.0,0,14.7,go
2025-03-21T21:00:00,Nest_Alpha,10.2,19.8,N,18.1,63.6,0,15.7,go
2025-03-21T22:00:00,Nest_Alpha,13.3,22.1,W,17.4,57.8,0,15.2,go
2025-03-21T23:00:00,Nest_Alpha,12.4,18.2,E,17.9,52.7,0,14.6,go
2025-03-21T00:00:00,Nest_Beta,11.0,19.5,S,17.0,71.3,0,16.0,go
2025-03-21T01:00:00,Nest_Beta,9.3,18.8,W,16.7,54.5,0,17.0,go
2025-03-21T02:00:00,Nest_Beta,4.8,7.4,E,15.2,52.8,0,14.9,go
2025-03-21T03:00:00,Nest_Beta,6.4,10.2,W,16.5,62.0,0,15.4,go
2025-03-21T04:00:00,Nest_Beta,4.3,7.1,S,17.8,52.6,0,14.2,go
2025-03-21T05:00:00,Nest_Beta,7.9,14.3,SW,18.7,63.6,0,13.8,go
2025-03-21T06:00:00,Nest_Beta,7.9,17.4,N,18.8,52.7,0,14.4,go
2025-03-21T07:00:00,Nest_Beta,10.1,14.4,E,21.3,71.6,0,16.1,go
2025-03-21T08:00:00,Nest_Beta,9.6,17.1,NW,21.4,80.9,0,14.4,go
2025-03-21T09:00:00,Nest_Beta,8.2,16.9,NE,21.7,63.5,0,16.8,go
2025-03-21T10:00:00,Nest_Beta,6.6,16.3,N,22.9,57.2,0,15.3,go
2025-03-21T11:00:00,Nest_Beta,11.0,14.7,W,24.9,60.7,0,17.0,go
2025-03-21T12:00:00,Nest_Beta,9.3,14.1,NW,24.4,55.9,0,13.7,go
2025-03-21T13:00:00,Nest_Beta,15.6,24.4,N,24.8,58.3,0,16.1,go
2025-03-21T14:00:00,Nest_Beta,19.1,25.5,W,25.2,53.9,0,15.0,go
2025-03-21T15:00:00,Nest_Beta,17.2,25.6,NE,25.3,67.8,0,13.9,go
2025-03-21T16:00:00,Nest_Beta,13.1,22.8,N,25.1,53.4,0,15.0,go
2025-03-21T17:00:00,Nest_Beta,12.9,21.4,N,22.3,58.9,0,15.1,go
2025-03-21T18:00:00,Nest_Beta,20.7,25.1,N,22.7,46.0,0,14.5,go
2025-03-21T19:00:00,Nest_Beta,11.6,15.0,NW,22.1,58.7,0,15.5,go
2025-03-21T20:00:00,Nest_Beta,13.8,17.2,SW,19.6,60.6,0,14.8,go
2025-03-21T21:00:00,Nest_Beta,14.5,23.5,SW,19.3,57.7,0,15.2,go
2025-03-21T22:00:00,Nest_Beta,12.9,19.6,SE,19.4,59.9,0,14.9,go
2025-03-21T23:00:00,Nest_Beta,12.5,21.9,E,18.1,64.5,0,15.3,go
2025-03-21T00:00:00,Nest_Gamma,11.7,18.2,SW,16.8,62.3,0,14.4,go
2025-03-21T01:00:00,Nest_Gamma,2.8,11.4,NW,16.9,54.1,0,15.8,go
2025-03-21T02:00:00,Nest_Gamma,6.3,10.3,NW,16.3,60.7,0,16.7,go
2025-03-21T03:00:00,Nest_Gamma,5.8,11.8,S,16.3,47.9,0,15.0,go
2025-03-21T04:00:00,Nest_Gamma,4.0,12.1,SW,18.9,60.5,0,15.3,go
2025-03-21T05:00:00,Nest_Gamma,3.9,13.8,NW,18.8,47.5,0,15.5,go
2025-03-21T06:00:00,Nest_Gamma,3.6,11.4,S,20.2,58.4,0,15.6,go
2025-03-21T07:00:00,Nest_Gamma,10.7,13.9,NE,22.3,69.7,0,15.7,go
2025-03-21T08:00:00,Nest_Gamma,3.4,12.2,W,22.5,48.8,0,14.4,go
2025-03-21T09:00:00,Nest_Gamma,6.2,12.0,E,22.7,64.3,0,14.4,go
2025-03-21T10:00:00,Nest_Gamma,9.4,12.1,W,23.3,67.5,0,15.5,go
2025-03-21T11:00:00,Nest_Gamma,9.3,12.5,E,25.1,67.5,0,14.9,go
2025-03-21T12:00:00,Nest_Gamma,14.4,21.2,NW,25.1,44.4,0,17.1,go
2025-03-21T13:00:00,Nest_Gamma,10.6,14.7,E,24.5,58.0,0,12.8,go
2025-03-21T14:00:00,Nest_Gamma,8.9,11.5,N,24.3,63.4,0,13.8,go
2025-03-21T15:00:00,Nest_Gamma,13.0,16.9,E,24.6,60.8,0,14.9,go
2025-03-21T16:00:00,Nest_Gamma,19.3,22.0,W,24.5,55.4,0,12.9,go
2025-03-21T17:00:00,Nest_Gamma,13.6,17.3,NW,23.1,68.0,0,15.2,go
2025-03-21T18:00:00,Nest_Gamma,14.4,20.0,S,22.6,53.1,0,13.7,go
2025-03-21T19:00:00,Nest_Gamma,15.5,17.6,N,21.0,68.0,0,14.5,go
2025-03-21T20:00:00,Nest_Gamma,12.4,14.6,S,20.3,58.8,0,14.4,go
2025-03-21T21:00:00,Nest_Gamma,13.5,15.8,S,18.5,70.8,0,15.3,go
2025-03-21T22:00:00,Nest_Gamma,9.6,15.2,NW,18.3,55.5,0,15.5,go
2025-03-21T23:00:00,Nest_Gamma,14.5,20.2,NE,17.7,55.9,0,15.2,go
2025-03-21T00:00:00,Nest_Delta,9.7,14.3,NE,18.2,67.9,0,16.0,go
2025-03-21T01:00:00,Nest_Delta,6.8,10.8,W,17.4,54.7,0,15.4,go
2025-03-21T02:00:00,Nest_Delta,7.2,14.5,NW,16.5,50.1,0,15.1,go
2025-03-21T03:00:00,Nest_Delta,6.1,11.0,W,16.5,65.1,0,14.1,go
2025-03-21T04:00:00,Nest_Delta,9.4,18.7,SE,19.5,55.3,0,14.0,go
2025-03-21T05:00:00,Nest_Delta,10.6,16.4,SW,18.7,53.5,0,15.4,go
2025-03-21T06:00:00,Nest_Delta,4.2,8.5,E,18.7,61.8,0,15.7,go
2025-03-21T07:00:00,Nest_Delta,11.7,21.4,S,21.2,53.5,0,14.0,go
2025-03-21T08:00:00,Nest_Delta,2.8,11.8,E,22.0,54.7,0,14.3,go
2025-03-21T09:00:00,Nest_Delta,8.0,14.3,E,21.9,50.8,0,16.5,go
2025-03-21T10:00:00,Nest_Delta,7.0,15.8,NE,24.3,68.6,0,17.5,go
2025-03-21T11:00:00,Nest_Delta,10.7,14.5,N,25.0,58.3,0,15.2,go
2025-03-21T12:00:00,Nest_Delta,11.8,20.8,NW,25.2,45.4,0,14.4,go
2025-03-21T13:00:00,Nest_Delta,16.3,21.9,SE,26.2,68.8,0,15.8,go
2025-03-21T14:00:00,Nest_Delta,13.0,20.1,S,25.1,53.3,0,14.4,go
2025-03-21T15:00:00,Nest_Delta,21.9,26.3,W,24.6,42.5,0,15.2,go
2025-03-21T16:00:00,Nest_Delta,17.6,26.3,SW,22.8,75.5,0,15.7,go
2025-03-21T17:00:00,Nest_Delta,19.1,26.4,SW,23.6,54.7,0,15.2,go
2025-03-21T18:00:00,Nest_Delta,16.1,21.7,SE,20.8,58.5,0,16.7,go
2025-03-21T19:00:00,Nest_Delta,16.3,18.9,S,21.5,50.0,0,16.4,go
2025-03-21T20:00:00,Nest_Delta,17.6,24.4,NE,19.9,62.6,0,16.0,go
2025-03-21T21:00:00,Nest_Delta,13.3,18.5,N,19.8,60.0,0,14.5,go
2025-03-21T22:00:00,Nest_Delta,12.8,21.6,SE,18.2,65.2,0,13.0,go
2025-03-21T23:00:00,Nest_Delta,11.9,21.4,E,17.5,55.8,0,15.3,go
2025-03-22T00:00:00,Nest_Alpha,12.3,18.6,SE,16.6,53.8,0,16.4,go
2025-03-22T01:00:00,Nest_Alpha,10.0,13.5,NW,17.5,58.5,0,14.5,go
2025-03-22T02:00:00,Nest_Alpha,14.1,23.5,NE,16.3,58.6,0,12.9,go
2025-03-22T03:00:00,Nest_Alpha,10.1,15.6,NE,18.0,58.6,0,13.6,go
2025-03-22T04:00:00,Nest_Alpha,7.6,14.5,N,18.3,55.0,0,15.0,go
2025-03-22T05:00:00,Nest_Alpha,9.0,14.1,E,19.1,58.7,0,13.1,go
2025-03-22T06:00:00,Nest_Alpha,11.2,18.8,E,19.7,63.1,0,15.2,go
2025-03-22T07:00:00,Nest_Alpha,6.3,16.0,SW,21.3,72.1,0,14.2,go
2025-03-22T08:00:00,Nest_Alpha,3.5,7.9,SW,22.2,53.9,0,15.1,go
2025-03-22T09:00:00,Nest_Alpha,8.9,11.2,E,21.5,45.9,0,15.3,go
2025-03-22T10:00:00,Nest_Alpha,13.5,20.8,SE,24.3,54.1,0,13.9,go
2025-03-22T11:00:00,Nest_Alpha,16.5,24.4,E,24.3,45.0,0,14.1,go
2025-03-22T12:00:00,Nest_Alpha,13.2,16.4,NW,24.8,56.9,0,14.0,go
2025-03-22T13:00:00,Nest_Alpha,17.9,24.7,NW,25.3,52.4,0,15.3,go
2025-03-22T14:00:00,Nest_Alpha,19.6,27.1,SW,25.8,64.1,0,15.4,go
2025-03-22T15:00:00,Nest_Alpha,18.4,27.7,SE,25.0,75.0,0,13.6,go
2025-03-22T16:00:00,Nest_Alpha,12.5,19.2,SW,24.2,60.0,0,14.1,go
2025-03-22T17:00:00,Nest_Alpha,16.3,23.4,E,22.6,45.3,0,15.5,go
2025-03-22T18:00:00,Nest_Alpha,22.3,29.5,W,19.8,46.0,0,14.6,go
2025-03-22T19:00:00,Nest_Alpha,16.9,26.8,NW,21.3,46.7,0,14.9,go
2025-03-22T20:00:00,Nest_Alpha,15.1,22.4,SW,19.4,47.5,0,14.1,go
2025-03-22T21:00:00,Nest_Alpha,10.3,16.0,SE,19.0,53.4,0,14.6,go
2025-03-22T22:00:00,Nest_Alpha,20.2,24.6,NW,19.0,56.3,0,15.6,go
2025-03-22T23:00:00,Nest_Alpha,12.7,16.0,SE,17.9,67.4,0,16.8,go
2025-03-22T00:00:00,Nest_Beta,11.4,14.3,S,17.4,47.1,0,14.1,go
2025-03-22T01:00:00,Nest_Beta,12.0,15.2,N,16.9,52.8,0,17.1,go
2025-03-22T02:00:00,Nest_Beta,5.9,8.8,NW,17.7,57.5,0,14.9,go
2025-03-22T03:00:00,Nest_Beta,10.3,18.5,SE,17.9,56.7,0,14.7,go
2025-03-22T04:00:00,Nest_Beta,8.0,12.8,E,18.0,55.5,0,13.7,go
2025-03-22T05:00:00,Nest_Beta,6.3,10.5,NE,19.5,73.0,0,15.6,go
2025-03-22T06:00:00,Nest_Beta,5.0,13.5,SE,19.3,61.9,0,14.4,go
2025-03-22T07:00:00,Nest_Beta,4.9,9.1,NE,21.8,49.6,0,14.5,go
2025-03-22T08:00:00,Nest_Beta,8.8,13.3,S,20.8,47.3,0,15.4,go
2025-03-22T09:00:00,Nest_Beta,10.4,18.2,NE,23.3,75.1,0,15.3,go
2025-03-22T10:00:00,Nest_Beta,9.6,19.2,N,23.1,57.3,0,14.3,go
2025-03-22T11:00:00,Nest_Beta,15.3,23.7,E,24.9,48.4,0,14.6,go
2025-03-22T12:00:00,Nest_Beta,11.8,20.3,S,25.1,69.7,0,14.6,go
2025-03-22T13:00:00,Nest_Beta,15.1,18.9,SW,25.8,61.6,0,15.1,go
2025-03-22T14:00:00,Nest_Beta,10.1,15.4,N,25.0,66.0,0,16.1,go
2025-03-22T15:00:00,Nest_Beta,13.7,20.0,SW,23.5,49.0,0,14.1,go
2025-03-22T16:00:00,Nest_Beta,15.9,18.8,SW,23.0,57.7,0,15.0,go
2025-03-22T17:00:00,Nest_Beta,17.0,21.8,W,22.0,62.9,0,15.2,go
2025-03-22T18:00:00,Nest_Beta,15.9,24.3,SE,20.8,56.5,0,13.6,go
2025-03-22T19:00:00,Nest_Beta,16.0,19.0,E,21.2,64.2,0,14.8,go
2025-03-22T20:00:00,Nest_Beta,11.3,21.0,S,19.2,61.8,0,15.8,go
2025-03-22T21:00:00,Nest_Beta,12.8,20.5,NE,18.9,54.1,0,13.0,go
2025-03-22T22:00:00,Nest_Beta,13.5,15.6,S,17.4,53.5,0,13.8,go
2025-03-22T23:00:00,Nest_Beta,9.6,17.8,E,16.4,58.6,0,16.1,go
2025-03-22T00:00:00,Nest_Gamma,8.4,17.2,NW,17.2,52.3,0,15.3,go
2025-03-22T01:00:00,Nest_Gamma,9.9,18.8,W,18.0,62.4,0,16.4,go
2025-03-22T02:00:00,Nest_Gamma,7.1,14.0,SW,16.6,57.3,0,14.2,go
2025-03-22T03:00:00,Nest_Gamma,5.8,9.1,NE,18.0,55.3,0,14.1,go
2025-03-22T04:00:00,Nest_Gamma,5.8,13.4,S,19.0,59.9,0,15.1,go
2025-03-22T05:00:00,Nest_Gamma,2,9.2,NE,20.2,46.5,0,15.7,go
2025-03-22T06:00:00,Nest_Gamma,6.7,9.2,SW,20.4,61.1,0,16.0,go
2025-03-22T07:00:00,Nest_Gamma,7.4,11.8,SE,20.7,49.0,0,15.5,go
2025-03-22T08:00:00,Nest_Gamma,6.7,8.9,NE,21.1,36.4,0,14.6,go
2025-03-22T09:00:00,Nest_Gamma,8.3,13.3,S,21.7,63.3,0,15.7,go
2025-03-22T10:00:00,Nest_Gamma,7.0,10.9,W,22.7,53.3,0,15.5,go
2025-03-22T11:00:00,Nest_Gamma,5.3,8.8,SE,24.8,56.7,0,16.9,go
2025-03-22T12:00:00,Nest_Gamma,16.8,20.5,S,25.2,60.6,0,15.3,go
2025-03-22T13:00:00,Nest_Gamma,10.8,18.1,S,26.1,72.2,0,15.3,go
2025-03-22T14:00:00,Nest_Gamma,11.6,13.7,SE,23.4,62.1,0,15.1,go
2025-03-22T15:00:00,Nest_Gamma,16.0,20.2,SW,24.5,68.0,0,14.1,go
2025-03-22T16:00:00,Nest_Gamma,15.7,18.0,NE,23.4,40.9,0,14.9,go
2025-03-22T17:00:00,Nest_Gamma,13.5,17.1,S,22.4,46.5,0,14.1,go
2025-03-22T18:00:00,Nest_Gamma,14.9,22.0,W,21.2,65.9,0,14.8,go
2025-03-22T19:00:00,Nest_Gamma,14.6,24.6,E,21.4,59.5,0,16.3,go
2025-03-22T20:00:00,Nest_Gamma,13.5,16.7,SE,20.2,59.7,0,16.3,go
2025-03-22T21:00:00,Nest_Gamma,18.2,23.5,SW,18.2,61.5,0,14.1,go
2025-03-22T22:00:00,Nest_Gamma,15.5,22.5,SE,18.1,53.8,0,15.1,go
2025-03-22T23:00:00,Nest_Gamma,8.6,11.5,S,19.1,48.7,0,14.9,go
2025-03-22T00:00:00,Nest_Delta,10.4,19.9,NE,17.8,53.5,0,14.6,go
2025-03-22T01:00:00,Nest_Delta,9.0,12.6,SE,17.7,61.9,0,15.4,go
2025-03-22T02:00:00,Nest_Delta,9.2,14.0,SW,17.6,59.5,0,14.0,go
2025-03-22T03:00:00,Nest_Delta,9.3,11.9,SE,18.4,44.3,0,14.6,go
2025-03-22T04:00:00,Nest_Delta,3.7,11.5,NE,18.3,71.9,0,15.5,go
2025-03-22T05:00:00,Nest_Delta,8.0,15.1,NW,18.4,56.3,0,15.6,go
2025-03-22T06:00:00,Nest_Delta,5.6,15.5,W,20.6,48.6,0,15.2,go
2025-03-22T07:00:00,Nest_Delta,8.5,17.6,NW,21.7,49.9,0,14.3,go
2025-03-22T08:00:00,Nest_Delta,6.7,11.5,S,21.2,66.9,0,15.3,go
2025-03-22T09:00:00,Nest_Delta,13.3,21.6,N,22.7,57.6,0,16.5,go
2025-03-22T10:00:00,Nest_Delta,12.8,18.9,E,24.9,64.6,0,15.8,go
2025-03-22T11:00:00,Nest_Delta,11.6,15.8,E,24.8,59.6,0,14.8,go
2025-03-22T12:00:00,Nest_Delta,14.3,20.3,W,24.7,51.2,0,15.6,go
2025-03-22T13:00:00,Nest_Delta,11.5,14.2,NE,24.7,47.7,0,15.1,go
2025-03-22T14:00:00,Nest_Delta,15.7,23.2,SE,25.4,46.6,0,14.4,go
2025-03-22T15:00:00,Nest_Delta,16.5,22.5,E,25.6,33.7,0,14.9,go
2025-03-22T16:00:00,Nest_Delta,18.4,23.8,SW,23.1,64.1,0,14.7,go
2025-03-22T17:00:00,Nest_Delta,19.0,25.0,NE,22.8,54.3,0,16.6,go
2025-03-22T18:00:00,Nest_Delta,13.6,21.7,E,23.4,59.9,0,15.6,go
2025-03-22T19:00:00,Nest_Delta,15.9,18.5,N,20.7,59.1,0,15.6,go
2025-03-22T20:00:00,Nest_Delta,22.0,31.6,NE,20.6,78.0,0,15.3,go
2025-03-22T21:00:00,Nest_Delta,10.7,20.6,E,19.7,64.5,0,15.1,go
2025-03-22T22:00:00,Nest_Delta,13.4,21.0,S,17.8,65.7,0,13.2,go
2025-03-22T23:00:00,Nest_Delta,9.9,13.1,S,17.5,53.6,0,14.5,go
2025-03-23T00:00:00,Nest_Alpha,9.0,11.3,NW,16.1,62.6,0,15.9,go
2025-03-23T01:00:00,Nest_Alpha,10.4,12.6,S,17.6,64.3,0,15.7,go
2025-03-23T02:00:00,Nest_Alpha,10.1,16.7,N,17.2,59.3,0,14.6,go
2025-03-23T03:00:00,Nest_Alpha,8.8,16.1,NE,17.8,59.5,0,15.4,go
2025-03-23T04:00:00,Nest_Alpha,10.6,15.5,NE,17.6,51.4,0,14.5,go
2025-03-23T05:00:00,Nest_Alpha,10.4,19.6,N,18.8,59.8,0,15.1,go
2025-03-23T06:00:00,Nest_Alpha,5.9,9.5,NW,19.8,56.5,0,14.5,go
2025-03-23T07:00:00,Nest_Alpha,10.3,12.7,NE,20.6,57.1,0,14.6,go
2025-03-23T08:00:00,Nest_Alpha,8.7,16.7,SE,21.9,58.0,0,14.7,go
2025-03-23T09:00:00,Nest_Alpha,9.1,13.3,W,22.1,55.4,0,11.8,go
2025-03-23T10:00:00,Nest_Alpha,14.0,24.0,W,24.6,68.9,0,13.8,go
2025-03-23T11:00:00,Nest_Alpha,10.6,16.2,S,24.6,59.1,0,13.7,go
2025-03-23T12:00:00,Nest_Alpha,11.0,13.9,E,24.8,55.4,0,16.9,go
2025-03-23T13:00:00,Nest_Alpha,10.8,13.1,SE,25.4,55.5,0,15.9,go
2025-03-23T14:00:00,Nest_Alpha,17.9,21.2,SE,25.6,45.4,0,15.2,go
2025-03-23T15:00:00,Nest_Alpha,17.9,23.8,SE,24.0,58.8,0,13.9,go
2025-03-23T16:00:00,Nest_Alpha,19.2,26.6,W,24.7,46.3,0,15.7,go
2025-03-23T17:00:00,Nest_Alpha,19.3,22.0,NW,22.8,70.4,0,14.1,go
2025-03-23T18:00:00,Nest_Alpha,18.2,20.4,S,22.1,60.8,0,14.3,go
2025-03-23T19:00:00,Nest_Alpha,16.4,19.1,W,19.8,51.8,0,14.4,go
2025-03-23T20:00:00,Nest_Alpha,13.7,15.8,S,19.4,73.3,0,14.5,go
2025-03-23T21:00:00,Nest_Alpha,18.9,22.6,SW,19.1,72.0,0,13.5,go
2025-03-23T22:00:00,Nest_Alpha,16.9,25.0,SW,18.9,58.8,0,15.9,go
2025-03-23T23:00:00,Nest_Alpha,18.0,20.0,NW,17.9,56.4,0,15.7,go
2025-03-23T00:00:00,Nest_Beta,8.5,14.7,SW,16.5,63.0,0,14.5,go
2025-03-23T01:00:00,Nest_Beta,6.5,11.3,N,17.7,60.4,0,14.9,go
2025-03-23T02:00:00,Nest_Beta,5.0,11.9,NE,18.0,86.0,0,15.5,go
2025-03-23T03:00:00,Nest_Beta,7.5,14.8,SE,18.1,49.1,0,13.6,go
2025-03-23T04:00:00,Nest_Beta,6.3,13.0,SE,18.8,56.5,0,14.1,go
2025-03-23T05:00:00,Nest_Beta,7.5,13.5,SW,19.7,58.6,0,14.8,go
2025-03-23T06:00:00,Nest_Beta,5.4,7.7,SE,19.6,55.6,0,15.0,go
2025-03-23T07:00:00,Nest_Beta,8.4,15.2,SW,21.6,52.6,0,15.7,go
2025-03-23T08:00:00,Nest_Beta,4.5,13.7,N,21.2,61.5,0,14.7,go
2025-03-23T09:00:00,Nest_Beta,4.6,9.3,E,22.4,66.8,0,14.9,go
2025-03-23T10:00:00,Nest_Beta,11.7,21.5,N,24.4,72.2,0,14.4,go
2025-03-23T11:00:00,Nest_Beta,7.2,15.2,NE,24.3,73.9,0,16.4,go
2025-03-23T12:00:00,Nest_Beta,16.0,23.2,NE,25.0,46.3,0,16.7,go
2025-03-23T13:00:00,Nest_Beta,11.7,14.5,NE,24.9,60.8,0,14.5,go
2025-03-23T14:00:00,Nest_Beta,14.7,20.7,E,23.2,41.5,0,14.8,go
2025-03-23T15:00:00,Nest_Beta,12.5,21.7,N,25.1,39.1,0,16.7,go
2025-03-23T16:00:00,Nest_Beta,21.1,24.3,NW,23.9,58.8,0,14.1,go
2025-03-23T17:00:00,Nest_Beta,17.9,22.6,NE,22.5,50.7,0,14.0,go
2025-03-23T18:00:00,Nest_Beta,18.2,23.2,W,21.5,54.1,0,16.3,go
2025-03-23T19:00:00,Nest_Beta,14.3,23.3,SE,20.5,55.0,0,15.2,go
2025-03-23T20:00:00,Nest_Beta,15.4,20.2,W,20.2,47.3,0,15.1,go
2025-03-23T21:00:00,Nest_Beta,11.7,19.2,S,18.9,71.3,0,15.5,go
2025-03-23T22:00:00,Nest_Beta,17.2,25.9,SW,19.1,47.0,0,13.9,go
2025-03-23T23:00:00,Nest_Beta,15.0,21.6,E,17.4,52.2,0,14.6,go
2025-03-23T00:00:00,Nest_Gamma,11.5,20.8,NE,17.5,59.6,0,14.8,go
2025-03-23T01:00:00,Nest_Gamma,7.5,10.2,W,18.0,65.9,0,15.9,go
2025-03-23T02:00:00,Nest_Gamma,10.6,19.1,NE,17.8,74.7,0,15.5,go
2025-03-23T03:00:00,Nest_Gamma,7.5,12.2,SE,17.6,43.1,0,16.2,go
2025-03-23T04:00:00,Nest_Gamma,6.0,13.3,SW,17.5,64.8,0,14.4,go
2025-03-23T05:00:00,Nest_Gamma,5.4,7.7,NE,17.9,67.3,0,14.8,go
2025-03-23T06:00:00,Nest_Gamma,2,4.9,NE,20.1,67.6,0,16.2,go
2025-03-23T07:00:00,Nest_Gamma,2,10.8,E,21.0,53.2,0,15.4,go
2025-03-23T08:00:00,Nest_Gamma,5.6,12.5,S,22.4,60.9,0,15.7,go
2025-03-23T09:00:00,Nest_Gamma,10.1,16.9,W,23.1,52.3,0,16.0,go
2025-03-23T10:00:00,Nest_Gamma,6.4,16.3,S,23.7,68.7,0,16.0,go
2025-03-23T11:00:00,Nest_Gamma,13.5,15.6,SW,25.0,44.8,0,16.1,go
2025-03-23T12:00:00,Nest_Gamma,13.3,16.0,NW,25.6,66.0,0,14.2,go
2025-03-23T13:00:00,Nest_Gamma,12.0,18.2,NE,24.9,52.5,0,15.0,go
2025-03-23T14:00:00,Nest_Gamma,11.3,20.4,NE,24.4,56.1,0,16.1,go
2025-03-23T15:00:00,Nest_Gamma,19.0,21.2,NW,23.3,29.2,0,17.1,go
2025-03-23T16:00:00,Nest_Gamma,13.2,17.4,W,23.1,58.2,0,16.2,go
2025-03-23T17:00:00,Nest_Gamma,16.3,23.2,NE,22.4,49.3,0,14.4,go
2025-03-23T18:00:00,Nest_Gamma,14.6,22.9,W,21.9,73.0,0,13.2,go
2025-03-23T19:00:00,Nest_Gamma,14.7,23.9,S,21.4,54.4,0,14.4,go
2025-03-23T20:00:00,Nest_Gamma,8.8,11.9,W,19.7,68.7,0,15.6,go
2025-03-23T21:00:00,Nest_Gamma,14.0,22.6,E,19.0,62.4,0,16.3,go
2025-03-23T22:00:00,Nest_Gamma,12.6,20.6,SW,17.6,58.7,0,15.0,go
2025-03-23T23:00:00,Nest_Gamma,13.2,20.9,SE,18.6,49.7,0,14.6,go
2025-03-23T00:00:00,Nest_Delta,11.0,15.6,N,16.4,52.4,0,14.9,go
2025-03-23T01:00:00,Nest_Delta,12.3,17.8,SW,16.8,64.2,0,15.6,go
2025-03-23T02:00:00,Nest_Delta,6.9,12.0,SW,16.6,65.4,0,14.4,go
2025-03-23T03:00:00,Nest_Delta,9.0,17.4,W,17.5,50.4,0,15.9,go
2025-03-23T04:00:00,Nest_Delta,8.5,15.5,SE,18.7,57.2,0,14.8,go
2025-03-23T05:00:00,Nest_Delta,9.8,14.4,E,18.5,50.2,0,14.5,go
2025-03-23T06:00:00,Nest_Delta,8.0,11.6,NE,20.9,48.3,0,16.9,go
2025-03-23T07:00:00,Nest_Delta,8.1,15.3,E,21.8,69.2,0,16.8,go
2025-03-23T08:00:00,Nest_Delta,6.3,14.1,N,22.1,58.3,0,16.0,go
2025-03-23T09:00:00,Nest_Delta,8.9,12.4,SE,23.9,53.3,0,14.5,go
2025-03-23T10:00:00,Nest_Delta,15.1,19.7,NW,24.6,52.6,0,14.8,go
2025-03-23T11:00:00,Nest_Delta,12.4,20.3,N,25.1,64.3,0,13.7,go
2025-03-23T12:00:00,Nest_Delta,14.0,16.3,NE,25.0,51.9,0,15.0,go
2025-03-23T13:00:00,Nest_Delta,13.1,18.8,NE,24.9,48.8,0,14.4,go
2025-03-23T14:00:00,Nest_Delta,12.8,22.4,NE,24.9,51.3,0,15.3,go
2025-03-23T15:00:00,Nest_Delta,16.6,22.9,N,24.5,52.2,0,13.2,go
2025-03-23T16:00:00,Nest_Delta,13.6,22.0,N,23.4,65.6,0,15.1,go
2025-03-23T17:00:00,Nest_Delta,12.2,21.6,N,23.2,57.8,0,15.6,go
2025-03-23T18:00:00,Nest_Delta,18.3,28.0,E,23.4,74.9,0,16.4,go
2025-03-23T19:00:00,Nest_Delta,13.5,17.1,W,21.6,66.9,0,16.0,go
2025-03-23T20:00:00,Nest_Delta,11.1,16.8,S,20.8,73.9,0,15.6,go
2025-03-23T21:00:00,Nest_Delta,14.1,19.5,E,18.9,56.0,0,14.3,go
2025-03-23T22:00:00,Nest_Delta,11.9,17.8,NW,18.1,52.2,0,15.9,go
2025-03-23T23:00:00,Nest_Delta,11.6,14.0,SW,17.3,61.8,0,15.3,go
2025-03-24T00:00:00,Nest_Alpha,11.2,18.2,SW,17.0,61.9,0,15.9,go
2025-03-24T01:00:00,Nest_Alpha,11.8,19.9,E,16.0,63.6,0,14.8,go
2025-03-24T02:00:00,Nest_Alpha,12.2,18.4,W,16.9,61.5,0,16.6,go
2025-03-24T03:00:00,Nest_Alpha,8.3,17.6,W,16.5,69.9,0,13.5,go
2025-03-24T04:00:00,Nest_Alpha,9.3,13.2,E,19.1,69.5,0,16.3,go
2025-03-24T05:00:00,Nest_Alpha,9.3,11.6,NE,18.9,44.9,0,15.3,go
2025-03-24T06:00:00,Nest_Alpha,7.7,17.6,NW,19.9,67.4,0,17.6,go
2025-03-24T07:00:00,Nest_Alpha,8.0,10.5,S,21.5,71.8,0,16.2,go
2025-03-24T08:00:00,Nest_Alpha,10.3,17.9,E,21.8,55.2,0,12.8,go
2025-03-24T09:00:00,Nest_Alpha,9.4,13.3,S,22.6,49.9,0,13.6,go
2025-03-24T10:00:00,Nest_Alpha,11.7,13.7,SW,24.3,62.4,0,16.0,go
2025-03-24T11:00:00,Nest_Alpha,14.1,17.8,SW,24.5,57.3,0,15.3,go
2025-03-24T12:00:00,Nest_Alpha,14.5,20.6,NE,24.6,53.0,0,12.8,go
2025-03-24T13:00:00,Nest_Alpha,18.1,21.9,N,25.2,50.1,0,16.8,go
2025-03-24T14:00:00,Nest_Alpha,16.1,21.4,NE,25.4,71.3,0,16.0,go
2025-03-24T15:00:00,Nest_Alpha,16.4,21.3,W,24.7,49.6,0,16.1,go
2025-03-24T16:00:00,Nest_Alpha,19.1,22.3,W,23.7,57.3,0,17.0,go
2025-03-24T17:00:00,Nest_Alpha,17.1,22.7,NW,23.4,52.5,0,14.8,go
2025-03-24T18:00:00,Nest_Alpha,16.3,18.4,SE,22.8,33.4,0,15.2,go
2025-03-24T19:00:00,Nest_Alpha,15.5,19.4,SE,20.7,77.8,0,14.5,go
2025-03-24T20:00:00,Nest_Alpha,21.1,25.0,S,20.1,69.8,0,15.5,go
2025-03-24T21:00:00,Nest_Alpha,17.6,25.0,S,18.5,61.3,0,14.4,go
2025-03-24T22:00:00,Nest_Alpha,15.5,20.5,N,18.5,64.4,0,14.6,go
2025-03-24T23:00:00,Nest_Alpha,15.1,24.7,NW,17.2,63.0,0,14.8,go
2025-03-24T00:00:00,Nest_Beta,7.0,15.0,S,16.5,58.0,0,14.9,go
2025-03-24T01:00:00,Nest_Beta,9.0,13.9,NW,17.3,62.1,0,15.2,go
2025-03-24T02:00:00,Nest_Beta,3.7,11.8,SW,16.4,65.6,0,15.1,go
2025-03-24T03:00:00,Nest_Beta,7.8,16.1,SW,17.1,42.9,0,14.9,go
2025-03-24T04:00:00,Nest_Beta,3.9,8.7,SE,18.7,59.7,0,14.7,go
2025-03-24T05:00:00,Nest_Beta,5.9,9.5,NW,20.2,64.6,0,14.9,go
2025-03-24T06:00:00,Nest_Beta,5.9,15.8,S,20.2,44.7,0,14.4,go
2025-03-24T07:00:00,Nest_Beta,7.7,14.8,S,20.8,50.6,0,14.2,go
2025-03-24T08:00:00,Nest_Beta,8.6,11.9,NE,23.2,55.5,0,16.3,go
2025-03-24T09:00:00,Nest_Beta,6.1,14.6,NE,22.8,42.4,0,15.5,go
2025-03-24T10:00:00,Nest_Beta,3.8,8.6,N,24.1,65.1,0,14.5,go
2025-03-24T11:00:00,Nest_Beta,7.8,13.6,W,23.6,45.7,0,14.9,go
2025-03-24T12:00:00,Nest_Beta,11.5,15.9,N,26.0,77.5,0,14.7,go
2025-03-24T13:00:00,Nest_Beta,11.6,14.0,E,24.6,52.3,0,14.1,go
2025-03-24T14:00:00,Nest_Beta,10.4,20.0,N,23.9,56.8,0,15.5,go
2025-03-24T15:00:00,Nest_Beta,15.6,19.3,SE,24.2,62.1,0,15.4,go
2025-03-24T16:00:00,Nest_Beta,13.8,20.6,E,22.7,57.1,0,15.7,go
2025-03-24T17:00:00,Nest_Beta,20.4,28.9,E,23.8,55.5,0,16.9,go
2025-03-24T18:00:00,Nest_Beta,16.7,19.2,SW,22.2,43.8,0,16.3,go
2025-03-24T19:00:00,Nest_Beta,15.9,24.9,SW,21.3,61.2,0,15.7,go
2025-03-24T20:00:00,Nest_Beta,13.5,22.6,SW,18.3,67.1,0,14.9,go
2025-03-24T21:00:00,Nest_Beta,9.6,19.2,NW,20.2,54.2,0,15.4,go
2025-03-24T22:00:00,Nest_Beta,12.6,20.3,N,17.3,59.9,0,16.2,go
2025-03-24T23:00:00,Nest_Beta,7.5,11.1,S,17.6,68.3,0,14.3,go
2025-03-24T00:00:00,Nest_Gamma,5.0,7.8,N,17.7,58.1,0,15.4,go
2025-03-24T01:00:00,Nest_Gamma,7.7,17.5,NW,17.5,73.0,0,15.9,go
2025-03-24T02:00:00,Nest_Gamma,6.6,16.6,NW,15.9,50.3,0,13.4,go
2025-03-24T03:00:00,Nest_Gamma,8.1,11.5,S,17.5,66.2,0,16.9,go
2025-03-24T04:00:00,Nest_Gamma,4.3,9.9,NW,17.9,62.8,0,15.8,go
2025-03-24T05:00:00,Nest_Gamma,9.6,17.9,NW,19.1,74.7,0,15.2,go
2025-03-24T06:00:00,Nest_Gamma,3.0,8.6,SE,19.7,64.6,0,14.5,go
2025-03-24T07:00:00,Nest_Gamma,7.1,11.1,SW,19.4,34.6,0,15.1,go
2025-03-24T08:00:00,Nest_Gamma,5.3,11.5,E,22.3,57.9,0,13.8,go
2025-03-24T09:00:00,Nest_Gamma,7.8,12.5,N,23.0,42.2,0,15.5,go
2025-03-24T10:00:00,Nest_Gamma,7.9,13.2,S,23.7,64.3,0,15.0,go
2025-03-24T11:00:00,Nest_Gamma,10.5,17.2,SE,24.5,42.8,0,15.6,go
2025-03-24T12:00:00,Nest_Gamma,10.5,13.2,S,25.0,50.3,0,16.9,go
2025-03-24T13:00:00,Nest_Gamma,12.6,16.6,N,25.8,55.8,0,13.1,go
2025-03-24T14:00:00,Nest_Gamma,10.8,15.1,W,25.3,71.6,0,13.5,go
2025-03-24T15:00:00,Nest_Gamma,11.8,21.7,E,25.0,36.4,0,14.2,go
2025-03-24T16:00:00,Nest_Gamma,17.4,20.6,SW,24.8,45.3,0,14.3,go
2025-03-24T17:00:00,Nest_Gamma,13.6,22.2,S,22.8,65.0,0,14.6,go
2025-03-24T18:00:00,Nest_Gamma,16.0,21.4,E,21.9,66.3,0,16.8,go
2025-03-24T19:00:00,Nest_Gamma,14.3,23.0,SW,20.6,54.9,0,15.0,go
2025-03-24T20:00:00,Nest_Gamma,20.4,27.1,W,18.5,64.9,0,14.6,go
2025-03-24T21:00:00,Nest_Gamma,10.8,15.9,S,18.4,52.6,0,14.2,go
2025-03-24T22:00:00,Nest_Gamma,13.2,20.1,NE,17.4,48.8,0,16.0,go
2025-03-24T23:00:00,Nest_Gamma,8.2,11.1,SW,17.8,40.0,0,16.1,go
2025-03-24T00:00:00,Nest_Delta,14.7,23.2,S,18.0,55.3,0,15.3,go
2025-03-24T01:00:00,Nest_Delta,7.3,16.0,SW,17.7,45.0,0,14.1,go
2025-03-24T02:00:00,Nest_Delta,11.4,19.1,NW,17.7,60.4,0,16.6,go
2025-03-24T03:00:00,Nest_Delta,9.2,15.7,W,16.3,71.5,0,14.7,go
2025-03-24T04:00:00,Nest_Delta,4.6,8.5,W,18.5,68.9,0,16.2,go
2025-03-24T05:00:00,Nest_Delta,11.5,16.1,N,17.4,41.0,0,14.7,go
2025-03-24T06:00:00,Nest_Delta,4.4,9.9,NW,19.1,44.0,0,15.5,go
2025-03-24T07:00:00,Nest_Delta,6.0,14.4,S,21.5,47.4,0,15.2,go
2025-03-24T08:00:00,Nest_Delta,8.9,13.0,SE,21.6,51.4,0,14.2,go
2025-03-24T09:00:00,Nest_Delta,8.8,11.6,S,22.6,64.8,0,13.8,go
2025-03-24T10:00:00,Nest_Delta,8.0,16.6,SW,24.4,64.4,0,14.2,go
2025-03-24T11:00:00,Nest_Delta,12.5,17.7,SE,23.9,76.5,0,15.5,go
2025-03-24T12:00:00,Nest_Delta,16.5,18.6,NW,25.0,59.2,0,15.2,go
2025-03-24T13:00:00,Nest_Delta,17.0,22.0,N,25.0,35.2,0,15.0,go
2025-03-24T14:00:00,Nest_Delta,17.2,21.6,E,24.3,58.4,0,15.5,go
2025-03-24T15:00:00,Nest_Delta,10.6,18.6,NW,24.5,55.5,0,15.6,go
2025-03-24T16:00:00,Nest_Delta,19.1,28.8,S,22.8,53.1,0,13.9,go
2025-03-24T17:00:00,Nest_Delta,16.3,20.7,E,24.4,60.9,0,14.8,go
2025-03-24T18:00:00,Nest_Delta,16.3,21.7,E,23.3,63.4,0,15.3,go
2025-03-24T19:00:00,Nest_Delta,17.3,22.0,E,19.1,47.9,0,15.1,go
2025-03-24T20:00:00,Nest_Delta,14.3,20.7,NE,20.0,70.9,0,16.2,go
2025-03-24T21:00:00,Nest_Delta,15.2,23.9,NW,19.6,61.1,0,14.7,go
2025-03-24T22:00:00,Nest_Delta,16.8,26.3,SE,17.7,54.5,0,14.0,go
2025-03-24T23:00:00,Nest_Delta,14.1,23.8,S,17.3,60.1,0,14.8,go
2025-03-25T00:00:00,Nest_Alpha,12.2,16.1,S,17.7,63.7,0,15.0,go
2025-03-25T01:00:00,Nest_Alpha,11.3,16.3,E,16.7,55.2,0,15.3,go
2025-03-25T02:00:00,Nest_Alpha,9.6,13.1,N,17.4,70.3,0,15.0,go
2025-03-25T03:00:00,Nest_Alpha,10.3,17.2,SE,17.5,61.0,0,14.6,go
2025-03-25T04:00:00,Nest_Alpha,6.1,10.1,SE,19.1,63.5,0,14.8,go
2025-03-25T05:00:00,Nest_Alpha,8.3,11.7,S,18.9,62.5,0,14.6,go
2025-03-25T06:00:00,Nest_Alpha,10.9,13.7,W,20.4,54.6,0,14.1,go
2025-03-25T07:00:00,Nest_Alpha,3.3,5.5,S,21.6,55.6,0,15.5,go
2025-03-25T08:00:00,Nest_Alpha,2.7,10.0,E,20.9,44.6,0,15.0,go
2025-03-25T09:00:00,Nest_Alpha,11.7,16.1,NW,22.2,52.9,0,14.2,go
2025-03-25T10:00:00,Nest_Alpha,12.7,16.0,S,23.5,67.0,0,13.9,go
2025-03-25T11:00:00,Nest_Alpha,13.1,19.2,NW,23.6,60.1,0,14.2,go
2025-03-25T12:00:00,Nest_Alpha,12.0,15.7,SE,24.3,70.8,0,13.5,go
2025-03-25T13:00:00,Nest_Alpha,13.7,21.7,SW,24.4,53.9,0,15.1,go
2025-03-25T14:00:00,Nest_Alpha,17.0,22.1,SW,25.3,52.8,0,15.5,go
2025-03-25T15:00:00,Nest_Alpha,14.3,23.1,SE,24.5,70.2,0,15.7,go
2025-03-25T16:00:00,Nest_Alpha,14.0,17.4,NE,23.5,62.4,0,13.3,go
2025-03-25T17:00:00,Nest_Alpha,20.7,25.2,W,23.4,37.0,0,15.8,go
2025-03-25T18:00:00,Nest_Alpha,18.1,21.5,S,22.0,61.3,0,14.9,go
2025-03-25T19:00:00,Nest_Alpha,17.6,21.6,NW,21.1,47.5,0,14.5,go
2025-03-25T20:00:00,Nest_Alpha,17.1,21.3,SW,20.6,54.8,0,14.0,go
2025-03-25T21:00:00,Nest_Alpha,14.4,17.4,SW,18.2,71.1,0,15.2,go
2025-03-25T22:00:00,Nest_Alpha,18.9,28.9,SE,18.3,46.1,0,15.2,go
2025-03-25T23:00:00,Nest_Alpha,16.5,24.4,NW,17.6,55.7,0,15.4,go
2025-03-25T00:00:00,Nest_Beta,7.6,13.9,N,16.3,46.6,0,15.6,go
2025-03-25T01:00:00,Nest_Beta,9.1,11.1,NE,16.1,69.4,0,16.1,go
2025-03-25T02:00:00,Nest_Beta,6.4,9.8,E,17.4,56.2,0,15.8,go
2025-03-25T03:00:00,Nest_Beta,8.3,12.1,W,18.0,55.2,0,16.3,go
2025-03-25T04:00:00,Nest_Beta,6.2,16.1,NW,18.4,46.5,0,15.7,go
2025-03-25T05:00:00,Nest_Beta,9.8,15.1,E,18.9,44.4,0,16.6,go
2025-03-25T06:00:00,Nest_Beta,3.4,13.3,NE,20.1,64.1,0,14.7,go
2025-03-25T07:00:00,Nest_Beta,9.7,19.2,N,20.7,59.8,0,14.6,go
2025-03-25T08:00:00,Nest_Beta,9.6,12.8,E,22.1,53.0,0,15.7,go
2025-03-25T09:00:00,Nest_Beta,10.0,18.3,S,22.4,63.3,0,15.1,go
2025-03-25T10:00:00,Nest_Beta,9.2,15.1,S,23.4,62.5,0,15.4,go
2025-03-25T11:00:00,Nest_Beta,10.8,17.2,NE,25.4,76.7,0,14.1,go
2025-03-25T12:00:00,Nest_Beta,14.4,21.1,SE,24.4,51.8,0,15.1,go
2025-03-25T13:00:00,Nest_Beta,13.5,16.4,S,25.2,61.6,0,14.5,go
2025-03-25T14:00:00,Nest_Beta,13.5,19.9,E,23.7,79.0,0,14.2,go
2025-03-25T15:00:00,Nest_Beta,13.2,22.2,W,24.3,51.0,0,14.3,go
2025-03-25T16:00:00,Nest_Beta,14.3,23.9,E,24.1,52.3,0,13.4,go
2025-03-25T17:00:00,Nest_Beta,21.5,24.3,E,23.1,67.1,0,15.0,go
2025-03-25T18:00:00,Nest_Beta,17.5,21.0,S,22.2,65.5,0,14.3,go
2025-03-25T19:00:00,Nest_Beta,16.1,21.1,SE,21.2,68.1,0,14.2,go
2025-03-25T20:00:00,Nest_Beta,16.2,25.7,SW,21.2,67.7,0,14.5,go
2025-03-25T21:00:00,Nest_Beta,15.2,18.6,E,20.1,70.5,0,13.5,go
2025-03-25T22:00:00,Nest_Beta,17.0,22.5,S,18.7,55.5,0,15.2,go
2025-03-25T23:00:00,Nest_Beta,11.5,17.9,E,17.8,56.4,0,14.7,go
2025-03-25T00:00:00,Nest_Gamma,8.0,16.3,SE,17.0,48.2,0,13.5,go
2025-03-25T01:00:00,Nest_Gamma,9.3,15.8,E,16.2,49.6,0,17.2,go
2025-03-25T02:00:00,Nest_Gamma,6.1,14.5,E,16.4,63.7,0,16.1,go
2025-03-25T03:00:00,Nest_Gamma,3.9,11.4,W,16.7,56.6,0,15.6,go
2025-03-25T04:00:00,Nest_Gamma,2.5,7.1,NE,17.2,52.8,0,15.1,go
2025-03-25T05:00:00,Nest_Gamma,5.9,8.7,E,19.3,59.3,0,15.0,go
2025-03-25T06:00:00,Nest_Gamma,8.9,17.7,E,19.9,66.5,0,16.0,go
2025-03-25T07:00:00,Nest_Gamma,7.9,10.5,NW,21.1,56.9,0,16.2,go
2025-03-25T08:00:00,Nest_Gamma,8.6,11.7,N,21.9,50.5,0,14.6,go
2025-03-25T09:00:00,Nest_Gamma,9.3,11.7,S,22.5,42.6,0,14.1,go
2025-03-25T10:00:00,Nest_Gamma,9.7,17.9,S,23.4,59.4,0,14.7,go
2025-03-25T11:00:00,Nest_Gamma,4.9,10.4,NE,23.3,43.5,0,14.5,go
2025-03-25T12:00:00,Nest_Gamma,10.5,16.7,N,26.0,55.1,0,14.0,go
2025-03-25T13:00:00,Nest_Gamma,15.8,25.0,SW,24.4,55.6,0,15.7,go
2025-03-25T14:00:00,Nest_Gamma,11.8,20.0,W,24.6,57.9,0,14.2,go
2025-03-25T15:00:00,Nest_Gamma,14.9,22.7,NW,25.1,57.7,0,17.2,go
2025-03-25T16:00:00,Nest_Gamma,12.0,21.4,NE,24.2,45.9,0,15.9,go
2025-03-25T17:00:00,Nest_Gamma,16.7,23.3,W,23.2,56.4,0,14.5,go
2025-03-25T18:00:00,Nest_Gamma,16.1,23.5,S,20.4,56.0,0,14.6,go
2025-03-25T19:00:00,Nest_Gamma,13.0,17.3,SW,20.0,57.5,0,14.6,go
2025-03-25T20:00:00,Nest_Gamma,16.3,22.3,N,21.5,71.0,0,14.9,go
2025-03-25T21:00:00,Nest_Gamma,7.8,17.0,NE,18.7,61.7,0,14.8,go
2025-03-25T22:00:00,Nest_Gamma,13.6,17.7,S,18.6,64.8,0,16.1,go
2025-03-25T23:00:00,Nest_Gamma,8.9,13.5,N,18.3,53.5,0,15.8,go
2025-03-25T00:00:00,Nest_Delta,10.9,16.2,SW,17.8,60.5,0,15.9,go
2025-03-25T01:00:00,Nest_Delta,11.0,14.1,W,15.5,58.2,0,14.0,go
2025-03-25T02:00:00,Nest_Delta,10.8,14.0,SW,17.7,50.3,0,14.6,go
2025-03-25T03:00:00,Nest_Delta,6.8,16.4,SE,18.1,63.0,0,15.7,go
2025-03-25T04:00:00,Nest_Delta,5.2,10.8,W,17.5,54.9,0,12.9,go
2025-03-25T05:00:00,Nest_Delta,7.7,10.5,NE,17.7,42.1,0,15.6,go
2025-03-25T06:00:00,Nest_Delta,12.7,19.8,N,19.7,76.1,0,15.1,go
2025-03-25T07:00:00,Nest_Delta,6.4,13.1,E,20.5,51.0,0,14.0,go
2025-03-25T08:00:00,Nest_Delta,13.1,17.9,N,22.9,75.7,0,15.5,go
2025-03-25T09:00:00,Nest_Delta,9.5,15.1,N,22.4,56.7,0,16.3,go
2025-03-25T10:00:00,Nest_Delta,13.0,16.5,E,24.7,51.7,0,15.9,go
2025-03-25T11:00:00,Nest_Delta,11.4,20.6,S,24.1,61.9,0,14.8,go
2025-03-25T12:00:00,Nest_Delta,14.4,22.8,N,25.7,48.3,0,14.1,go
2025-03-25T13:00:00,Nest_Delta,17.7,24.8,W,25.4,46.6,0,15.3,go
2025-03-25T14:00:00,Nest_Delta,11.7,15.4,NW,25.2,63.2,0,15.1,go
2025-03-25T15:00:00,Nest_Delta,19.3,26.3,SW,23.5,49.6,0,15.0,go
2025-03-25T16:00:00,Nest_Delta,14.2,22.6,SE,23.4,56.8,0,15.3,go
2025-03-25T17:00:00,Nest_Delta,12.9,18.6,S,23.0,43.7,0,14.9,go
2025-03-25T18:00:00,Nest_Delta,14.6,18.7,E,22.2,58.2,0,15.0,go
2025-03-25T19:00:00,Nest_Delta,17.6,20.8,NW,20.7,58.4,0,15.2,go
2025-03-25T20:00:00,Nest_Delta,13.1,16.2,N,19.1,65.1,0,12.9,go
2025-03-25T21:00:00,Nest_Delta,15.3,22.2,SE,18.9,58.8,0,14.9,go
2025-03-25T22:00:00,Nest_Delta,10.2,12.4,W,19.6,49.6,0,15.2,go
2025-03-25T23:00:00,Nest_Delta,16.0,19.8,SW,17.9,42.8,0,13.6,go
2025-03-26T00:00:00,Nest_Alpha,13.1,20.2,W,18.2,56.4,0,14.0,go
2025-03-26T01:00:00,Nest_Alpha,11.6,18.5,SW,16.4,63.0,0,14.0,go
2025-03-26T02:00:00,Nest_Alpha,8.6,13.8,N,17.8,42.7,0,14.9,go
2025-03-26T03:00:00,Nest_Alpha,12.4,19.4,NW,17.6,54.5,0,12.9,go
2025-03-26T04:00:00,Nest_Alpha,7.2,11.5,NW,17.5,51.4,0,15.7,go
2025-03-26T05:00:00,Nest_Alpha,7.4,16.6,NE,18.7,46.6,0,14.0,go
2025-03-26T06:00:00,Nest_Alpha,6.5,12.7,SE,19.6,67.1,0,14.8,go
2025-03-26T07:00:00,Nest_Alpha,11.1,17.4,SW,20.9,62.5,0,14.9,go
2025-03-26T08:00:00,Nest_Alpha,8.1,15.0,NE,21.5,64.7,0,13.8,go
2025-03-26T09:00:00,Nest_Alpha,4.6,13.6,N,22.4,63.6,0,13.5,go
2025-03-26T10:00:00,Nest_Alpha,5.3,15.2,NW,23.6,62.6,0,14.4,go
2025-03-26T11:00:00,Nest_Alpha,11.3,14.3,SE,24.4,62.2,0,14.3,go
2025-03-26T12:00:00,Nest_Alpha,12.0,17.0,E,25.8,60.7,0,14.1,go
2025-03-26T13:00:00,Nest_Alpha,16.4,20.6,NE,23.5,48.4,0,15.9,go
2025-03-26T14:00:00,Nest_Alpha,18.1,20.3,N,24.7,65.4,0,16.2,go
2025-03-26T15:00:00,Nest_Alpha,18.6,27.3,SW,24.2,67.0,0,15.2,go
2025-03-26T16:00:00,Nest_Alpha,17.8,21.5,W,22.7,52.1,0,14.0,go
2025-03-26T17:00:00,Nest_Alpha,17.2,20.2,NW,23.5,56.1,0,15.4,go
2025-03-26T18:00:00,Nest_Alpha,17.8,21.0,SE,22.0,38.9,0,15.4,go
2025-03-26T19:00:00,Nest_Alpha,19.4,21.6,NW,19.9,60.5,0,16.0,go
2025-03-26T20:00:00,Nest_Alpha,14.5,20.0,S,19.3,59.7,0,14.7,go
2025-03-26T21:00:00,Nest_Alpha,14.9,23.0,NW,18.6,53.7,0,16.2,go
2025-03-26T22:00:00,Nest_Alpha,16.7,22.6,NE,19.0,57.6,0,15.0,go
2025-03-26T23:00:00,Nest_Alpha,12.7,20.0,SW,17.1,71.8,0,16.1,go
2025-03-26T00:00:00,Nest_Beta,8.8,12.4,SW,18.1,63.5,0,15.2,go
2025-03-26T01:00:00,Nest_Beta,9.7,15.5,NW,16.4,62.8,0,16.8,go
2025-03-26T02:00:00,Nest_Beta,8.7,11.4,S,16.9,51.1,0,15.2,go
2025-03-26T03:00:00,Nest_Beta,3.2,8.1,SE,18.0,50.4,0,14.8,go
2025-03-26T04:00:00,Nest_Beta,2,9.5,S,18.4,57.6,0,14.8,go
2025-03-26T05:00:00,Nest_Beta,6.8,15.6,E,19.0,70.5,0,15.4,go
2025-03-26T06:00:00,Nest_Beta,8.6,17.9,N,20.3,46.7,0,14.6,go
2025-03-26T07:00:00,Nest_Beta,7.9,15.8,SW,21.9,45.2,0,14.3,go
2025-03-26T08:00:00,Nest_Beta,11.8,16.3,N,22.1,56.7,0,15.7,go
2025-03-26T09:00:00,Nest_Beta,10.0,16.9,N,21.9,73.4,0,13.5,go
2025-03-26T10:00:00,Nest_Beta,12.4,20.1,SE,24.5,58.1,0,15.9,go
2025-03-26T11:00:00,Nest_Beta,6.8,10.5,E,25.5,66.3,0,15.4,go
2025-03-26T12:00:00,Nest_Beta,11.3,20.2,SW,25.8,81.1,0,15.0,go
2025-03-26T13:00:00,Nest_Beta,11.0,19.6,W,25.9,71.6,0,15.9,go
2025-03-26T14:00:00,Nest_Beta,16.2,21.6,W,25.2,64.7,0,16.4,go
2025-03-26T15:00:00,Nest_Beta,18.5,25.2,SE,24.7,70.7,0,14.2,go
2025-03-26T16:00:00,Nest_Beta,15.4,24.5,S,24.4,45.0,0,14.5,go
2025-03-26T17:00:00,Nest_Beta,11.7,21.1,SW,22.7,65.8,0,15.6,go
2025-03-26T18:00:00,Nest_Beta,16.8,25.9,N,22.4,54.4,0,15.9,go
2025-03-26T19:00:00,Nest_Beta,15.6,25.4,S,19.9,62.7,0,15.0,go
2025-03-26T20:00:00,Nest_Beta,12.7,17.9,NE,20.5,57.9,0,16.1,go
2025-03-26T21:00:00,Nest_Beta,15.9,21.6,W,18.8,64.4,0,15.2,go
2025-03-26T22:00:00,Nest_Beta,7.5,12.4,NE,18.4,52.9,0,14.8,go
2025-03-26T23:00:00,Nest_Beta,15.7,20.6,SW,18.2,63.8,0,14.7,go
2025-03-26T00:00:00,Nest_Gamma,8.6,16.5,SE,17.5,44.0,0,14.8,go
2025-03-26T01:00:00,Nest_Gamma,10.6,17.5,N,16.2,58.7,0,16.2,go
2025-03-26T02:00:00,Nest_Gamma,5.2,10.1,E,18.1,57.9,0,12.7,go
2025-03-26T03:00:00,Nest_Gamma,5.4,9.9,N,17.5,55.4,0,14.3,go
2025-03-26T04:00:00,Nest_Gamma,6.1,15.1,N,19.0,60.4,0,15.3,go
2025-03-26T05:00:00,Nest_Gamma,8.8,15.4,N,19.3,56.6,0,14.7,go
2025-03-26T06:00:00,Nest_Gamma,6.5,9.9,E,20.8,74.2,0,15.1,go
2025-03-26T07:00:00,Nest_Gamma,5.0,12.7,NW,20.6,58.0,0,17.7,go
2025-03-26T08:00:00,Nest_Gamma,4.8,8.5,S,21.7,66.0,0,14.9,go
2025-03-26T09:00:00,Nest_Gamma,8.4,11.0,S,23.2,60.4,0,14.8,go
2025-03-26T10:00:00,Nest_Gamma,11.0,13.4,NE,23.7,53.2,0,15.0,go
2025-03-26T11:00:00,Nest_Gamma,14.1,16.6,N,25.9,57.1,0,14.6,go
2025-03-26T12:00:00,Nest_Gamma,14.2,17.2,W,24.8,55.1,0,14.8,go
2025-03-26T13:00:00,Nest_Gamma,12.7,20.1,SE,24.8,56.1,0,16.6,go
2025-03-26T14:00:00,Nest_Gamma,13.3,23.3,E,24.0,61.7,0,15.0,go
2025-03-26T15:00:00,Nest_Gamma,12.1,20.5,N,24.3,67.6,0,14.4,go
2025-03-26T16:00:00,Nest_Gamma,19.3,26.4,S,23.6,51.1,0,13.9,go
2025-03-26T17:00:00,Nest_Gamma,9.3,14.1,SW,22.4,68.5,0,16.5,go
2025-03-26T18:00:00,Nest_Gamma,14.5,20.3,SE,21.2,69.0,0,15.2,go
2025-03-26T19:00:00,Nest_Gamma,11.4,21.0,NW,20.3,59.8,0,15.4,go
2025-03-26T20:00:00,Nest_Gamma,13.2,20.8,NE,18.9,53.9,0,13.8,go
2025-03-26T21:00:00,Nest_Gamma,12.0,14.4,W,18.1,60.0,0,15.6,go
2025-03-26T22:00:00,Nest_Gamma,12.8,20.0,W,18.6,57.9,0,16.3,go
2025-03-26T23:00:00,Nest_Gamma,12.4,16.0,NW,17.7,62.6,0,15.1,go
2025-03-26T00:00:00,Nest_Delta,13.2,21.5,NW,17.3,50.6,0,15.3,go
2025-03-26T01:00:00,Nest_Delta,9.6,12.3,NE,16.4,59.5,0,16.0,go
2025-03-26T02:00:00,Nest_Delta,13.3,15.3,NW,17.3,77.2,0,14.5,go
2025-03-26T03:00:00,Nest_Delta,8.6,17.7,NE,18.1,58.3,0,14.3,go
2025-03-26T04:00:00,Nest_Delta,12.2,19.5,E,17.5,68.7,0,16.9,go
2025-03-26T05:00:00,Nest_Delta,5.8,13.7,SW,18.9,65.2,0,14.1,go
2025-03-26T06:00:00,Nest_Delta,7.9,12.7,SW,19.8,59.0,0,15.5,go
2025-03-26T07:00:00,Nest_Delta,9.5,12.6,E,20.0,38.8,0,14.7,go
2025-03-26T08:00:00,Nest_Delta,6.2,15.8,SE,22.3,45.2,0,13.7,go
2025-03-26T09:00:00,Nest_Delta,8.2,17.7,W,22.4,44.9,0,16.8,go
2025-03-26T10:00:00,Nest_Delta,12.0,20.8,N,24.4,70.2,0,16.0,go
2025-03-26T11:00:00,Nest_Delta,11.2,16.9,N,24.6,66.2,0,14.6,go
2025-03-26T12:00:00,Nest_Delta,13.3,17.0,SE,24.4,59.3,0,15.7,go
2025-03-26T13:00:00,Nest_Delta,11.7,14.9,S,24.2,65.1,0,14.3,go
2025-03-26T14:00:00,Nest_Delta,14.0,22.9,SE,23.2,56.3,0,15.0,go
2025-03-26T15:00:00,Nest_Delta,16.4,22.3,S,25.5,69.9,0,14.0,go
2025-03-26T16:00:00,Nest_Delta,16.0,24.3,NE,24.7,50.0,0,14.3,go
2025-03-26T17:00:00,Nest_Delta,19.8,26.7,SE,23.7,60.9,0,16.5,go
2025-03-26T18:00:00,Nest_Delta,16.9,23.4,W,21.8,44.7,0,16.6,go
2025-03-26T19:00:00,Nest_Delta,16.3,22.6,NE,20.0,56.7,0,16.8,go
2025-03-26T20:00:00,Nest_Delta,14.6,23.0,NE,20.1,63.5,0,15.2,go
2025-03-26T21:00:00,Nest_Delta,13.2,21.7,S,19.8,56.4,0,15.5,go
2025-03-26T22:00:00,Nest_Delta,12.5,21.4,SE,17.5,58.8,0,14.3,go
2025-03-26T23:00:00,Nest_Delta,15.8,21.2,W,17.4,62.2,0,14.1,go
2025-03-27T00:00:00,Nest_Alpha,9.9,12.8,NE,17.2,59.3,0,15.3,go
2025-03-27T01:00:00,Nest_Alpha,14.1,22.4,SE,17.1,53.3,0,14.0,go
2025-03-27T02:00:00,Nest_Alpha,11.0,20.6,W,16.7,60.4,0,16.6,go
2025-03-27T03:00:00,Nest_Alpha,9.9,19.3,NE,17.6,57.7,0,14.1,go
2025-03-27T04:00:00,Nest_Alpha,4.7,13.1,NE,17.4,57.7,0,14.8,go
2025-03-27T05:00:00,Nest_Alpha,8.2,14.7,E,19.0,48.0,0,17.2,go
2025-03-27T06:00:00,Nest_Alpha,12.7,14.9,W,20.3,58.4,0,15.3,go
2025-03-27T07:00:00,Nest_Alpha,2,5.0,W,19.4,56.1,0,14.9,go
2025-03-27T08:00:00,Nest_Alpha,9.2,14.5,S,22.8,72.9,0,16.1,go
2025-03-27T09:00:00,Nest_Alpha,15.7,21.7,NE,23.6,57.3,0,16.6,go
2025-03-27T10:00:00,Nest_Alpha,11.1,17.4,NE,25.2,57.0,0,14.8,go
2025-03-27T11:00:00,Nest_Alpha,5.4,7.9,S,23.1,57.8,0,16.0,go
2025-03-27T12:00:00,Nest_Alpha,13.4,18.7,S,24.6,52.3,0,15.3,go
2025-03-27T13:00:00,Nest_Alpha,18.8,21.2,N,25.3,66.7,0,12.9,go
2025-03-27T14:00:00,Nest_Alpha,19.3,24.6,NW,25.0,58.7,0,14.3,go
2025-03-27T15:00:00,Nest_Alpha,17.6,22.8,NW,24.9,48.6,0,15.1,go
2025-03-27T16:00:00,Nest_Alpha,16.6,22.4,NW,24.3,70.5,0,16.9,go
2025-03-27T17:00:00,Nest_Alpha,16.3,23.8,NE,23.5,50.4,0,13.9,go
2025-03-27T18:00:00,Nest_Alpha,20.6,24.6,NE,22.4,42.0,0,15.1,go
2025-03-27T19:00:00,Nest_Alpha,16.2,19.6,NE,20.2,56.2,0,15.9,go
2025-03-27T20:00:00,Nest_Alpha,13.8,18.2,SE,20.2,59.6,0,13.4,go
2025-03-27T21:00:00,Nest_Alpha,19.1,28.1,N,19.7,68.3,0,14.2,go
2025-03-27T22:00:00,Nest_Alpha,15.0,21.6,NW,17.3,50.0,0,15.9,go
2025-03-27T23:00:00,Nest_Alpha,10.0,14.6,SW,17.1,62.4,0,13.2,go
2025-03-27T00:00:00,Nest_Beta,8.7,17.5,NE,15.4,49.2,0,16.0,go
2025-03-27T01:00:00,Nest_Beta,7.6,10.4,SE,17.3,61.6,0,14.2,go
2025-03-27T02:00:00,Nest_Beta,5.6,13.6,E,16.7,76.1,0,14.4,go
2025-03-27T03:00:00,Nest_Beta,5.7,13.2,NW,17.6,64.0,0,15.2,go
2025-03-27T04:00:00,Nest_Beta,6.4,14.4,SW,17.7,56.4,0,14.8,go
2025-03-27T05:00:00,Nest_Beta,4.5,11.9,NW,18.2,53.1,0,15.2,go
2025-03-27T06:00:00,Nest_Beta,8.4,16.8,W,19.4,51.9,0,15.8,go
2025-03-27T07:00:00,Nest_Beta,7.1,14.9,N,20.9,73.2,0,15.3,go
2025-03-27T08:00:00,Nest_Beta,4.6,10.9,NW,22.0,64.9,0,14.8,go
2025-03-27T09:00:00,Nest_Beta,8.2,12.9,SW,23.4,47.3,0,14.7,go
2025-03-27T10:00:00,Nest_Beta,9.8,15.7,NW,24.5,42.5,0,15.5,go
2025-03-27T11:00:00,Nest_Beta,12.2,15.1,SW,24.3,65.0,0,15.4,go
2025-03-27T12:00:00,Nest_Beta,11.9,14.0,NE,23.9,53.4,0,16.0,go
2025-03-27T13:00:00,Nest_Beta,10.9,20.7,E,23.9,62.6,0,16.8,go
2025-03-27T14:00:00,Nest_Beta,16.2,25.6,S,24.7,63.6,0,14.9,go
2025-03-27T15:00:00,Nest_Beta,14.3,17.9,NW,24.1,58.0,0,15.2,go
2025-03-27T16:00:00,Nest_Beta,12.3,18.5,SW,25.2,46.3,0,13.8,go
2025-03-27T17:00:00,Nest_Beta,17.2,23.6,SW,24.0,55.3,0,15.7,go
2025-03-27T18:00:00,Nest_Beta,17.4,24.2,SE,22.5,71.7,0,14.7,go
2025-03-27T19:00:00,Nest_Beta,16.4,22.1,SE,21.0,59.4,0,14.8,go
2025-03-27T20:00:00,Nest_Beta,12.2,16.1,W,20.4,60.2,0,14.5,go
2025-03-27T21:00:00,Nest_Beta,13.6,23.5,NE,20.0,54.6,0,13.5,go
2025-03-27T22:00:00,Nest_Beta,11.4,18.2,NW,18.0,41.9,0,14.7,go
2025-03-27T23:00:00,Nest_Beta,15.9,25.0,N,16.1,62.8,0,17.0,go
2025-03-27T00:00:00,Nest_Gamma,10.6,20.4,E,17.4,60.9,0,13.3,go
2025-03-27T01:00:00,Nest_Gamma,9.4,15.8,S,17.7,55.0,0,15.5,go
2025-03-27T02:00:00,Nest_Gamma,5.9,15.0,S,17.5,59.6,0,13.7,go
2025-03-27T03:00:00,Nest_Gamma,11.5,14.9,NW,18.3,55.0,0,14.8,go
2025-03-27T04:00:00,Nest_Gamma,3.9,12.0,S,17.4,63.5,0,14.0,go
2025-03-27T05:00:00,Nest_Gamma,3.7,12.9,NW,19.3,52.2,0,16.2,go
2025-03-27T06:00:00,Nest_Gamma,6.2,15.9,W,20.8,55.4,0,11.9,go
2025-03-27T07:00:00,Nest_Gamma,6.6,9.8,S,19.8,42.6,0,16.3,go
2025-03-27T08:00:00,Nest_Gamma,6.1,14.0,SE,22.4,68.9,0,15.4,go
2025-03-27T09:00:00,Nest_Gamma,7.2,12.3,S,22.4,58.6,0,14.6,go
2025-03-27T10:00:00,Nest_Gamma,11.4,14.0,NW,23.9,58.3,0,14.4,go
2025-03-27T11:00:00,Nest_Gamma,8.9,15.8,NE,24.5,59.6,0,17.3,go
2025-03-27T12:00:00,Nest_Gamma,8.9,13.3,SW,25.0,65.9,0,16.5,go
2025-03-27T13:00:00,Nest_Gamma,15.4,21.9,N,24.2,57.1,0,14.1,go
2025-03-27T14:00:00,Nest_Gamma,12.5,18.3,NW,24.7,47.2,0,15.2,go
2025-03-27T15:00:00,Nest_Gamma,12.0,16.7,S,24.0,66.5,0,16.7,go
2025-03-27T16:00:00,Nest_Gamma,13.6,21.1,SE,24.2,57.8,0,15.9,go
2025-03-27T17:00:00,Nest_Gamma,14.2,21.2,NW,23.0,70.5,0,13.0,go
2025-03-27T18:00:00,Nest_Gamma,10.5,16.7,SE,22.2,69.2,0,14.2,go
2025-03-27T19:00:00,Nest_Gamma,13.5,22.6,N,20.3,59.7,0,16.0,go
2025-03-27T20:00:00,Nest_Gamma,14.5,20.3,S,20.5,63.2,0,13.9,go
2025-03-27T21:00:00,Nest_Gamma,12.2,17.5,NE,18.0,62.1,0,16.0,go
2025-03-27T22:00:00,Nest_Gamma,8.8,15.7,E,18.1,50.9,0,15.2,go
2025-03-27T23:00:00,Nest_Gamma,8.5,18.3,S,16.8,49.6,0,15.3,go
2025-03-27T00:00:00,Nest_Delta,6.9,14.0,W,17.2,66.1,0,13.6,go
2025-03-27T01:00:00,Nest_Delta,8.8,13.6,SE,16.8,63.5,0,15.9,go
2025-03-27T02:00:00,Nest_Delta,8.7,16.7,N,17.0,60.6,0,13.6,go
2025-03-27T03:00:00,Nest_Delta,9.3,12.9,NW,18.3,55.8,0,14.8,go
2025-03-27T04:00:00,Nest_Delta,7.5,16.1,S,18.4,62.2,0,14.4,go
2025-03-27T05:00:00,Nest_Delta,8.3,16.3,S,19.7,71.0,0,15.6,go
2025-03-27T06:00:00,Nest_Delta,7.1,10.7,NE,19.6,58.7,0,13.3,go
2025-03-27T07:00:00,Nest_Delta,7.4,13.6,N,20.7,61.2,0,12.7,go
2025-03-27T08:00:00,Nest_Delta,8.8,11.2,SW,22.2,52.5,0,15.4,go
2025-03-27T09:00:00,Nest_Delta,9.9,15.2,SE,23.3,52.9,0,16.4,go
2025-03-27T10:00:00,Nest_Delta,12.7,19.6,N,24.2,45.2,0,15.3,go
2025-03-27T11:00:00,Nest_Delta,5.8,15.8,NW,24.5,62.7,0,13.4,go
2025-03-27T12:00:00,Nest_Delta,14.0,17.3,W,23.8,62.0,0,13.8,go
2025-03-27T13:00:00,Nest_Delta,13.7,18.3,E,24.5,56.8,0,17.1,go
2025-03-27T14:00:00,Nest_Delta,17.0,19.0,SE,24.4,48.8,0,14.8,go
2025-03-27T15:00:00,Nest_Delta,15.6,23.2,NW,23.8,57.7,0,13.0,go
2025-03-27T16:00:00,Nest_Delta,16.7,23.3,S,24.2,61.9,0,14.6,go
2025-03-27T17:00:00,Nest_Delta,20.0,27.3,S,23.6,47.8,0,14.3,go
2025-03-27T18:00:00,Nest_Delta,14.2,22.4,W,22.0,65.4,0,15.6,go
2025-03-27T19:00:00,Nest_Delta,20.4,26.0,S,20.2,59.3,0,14.6,go
2025-03-27T20:00:00,Nest_Delta,15.5,25.0,NE,20.0,58.9,0,15.0,go
2025-03-27T21:00:00,Nest_Delta,14.7,24.3,N,20.2,54.9,0,15.6,go
2025-03-27T22:00:00,Nest_Delta,14.8,20.8,E,17.4,60.3,0,15.2,go
2025-03-27T23:00:00,Nest_Delta,12.3,15.9,W,16.8,61.4,0,15.4,go
2025-03-28T00:00:00,Nest_Alpha,11.2,16.4,E,16.7,60.5,0,16.0,go
2025-03-28T01:00:00,Nest_Alpha,10.7,14.8,SW,18.1,59.3,0,14.7,go
2025-03-28T02:00:00,Nest_Alpha,11.4,20.9,SE,17.7,56.4,0,15.4,go
2025-03-28T03:00:00,Nest_Alpha,14.9,19.5,S,17.6,71.4,0,16.1,go
2025-03-28T04:00:00,Nest_Alpha,7.5,15.8,W,18.0,48.3,0,14.6,go
2025-03-28T05:00:00,Nest_Alpha,11.8,15.9,W,20.3,39.1,0,16.3,go
2025-03-28T06:00:00,Nest_Alpha,8.8,18.1,NE,19.8,56.5,0,15.4,go
2025-03-28T07:00:00,Nest_Alpha,10.8,14.3,S,20.9,48.3,0,16.0,go
2025-03-28T08:00:00,Nest_Alpha,7.8,12.2,NE,22.7,43.6,0,15.1,go
2025-03-28T09:00:00,Nest_Alpha,10.9,14.1,W,22.3,52.7,0,13.1,go
2025-03-28T10:00:00,Nest_Alpha,11.2,20.5,SE,24.1,73.2,0,14.4,go
2025-03-28T11:00:00,Nest_Alpha,10.7,18.0,NW,23.6,55.1,0,14.9,go
2025-03-28T12:00:00,Nest_Alpha,13.9,18.6,W,25.7,59.9,0,16.9,go
2025-03-28T13:00:00,Nest_Alpha,13.1,17.2,SW,26.0,40.1,0,14.7,go
2025-03-28T14:00:00,Nest_Alpha,16.1,21.1,SW,24.3,49.8,0,14.0,go
2025-03-28T15:00:00,Nest_Alpha,19.0,22.3,NE,24.1,63.8,0,15.7,go
2025-03-28T16:00:00,Nest_Alpha,17.5,22.1,SW,22.8,66.4,0,17.4,go
2025-03-28T17:00:00,Nest_Alpha,17.3,21.9,SE,23.1,54.6,0,16.6,go
2025-03-28T18:00:00,Nest_Alpha,19.3,26.0,W,22.1,61.1,0,14.2,go
2025-03-28T19:00:00,Nest_Alpha,12.6,14.6,N,19.7,49.4,0,16.0,go
2025-03-28T20:00:00,Nest_Alpha,13.1,22.6,N,20.4,37.6,0,15.1,go
2025-03-28T21:00:00,Nest_Alpha,17.9,26.0,W,19.1,74.9,0,15.9,go
2025-03-28T22:00:00,Nest_Alpha,17.2,21.3,NE,19.1,56.6,0,14.3,go
2025-03-28T23:00:00,Nest_Alpha,13.7,16.2,E,17.9,62.5,0,15.2,go
2025-03-28T00:00:00,Nest_Beta,10.8,14.7,N,16.8,58.7,0,16.7,go
2025-03-28T01:00:00,Nest_Beta,10.5,14.2,N,17.8,60.9,0,15.5,go
2025-03-28T02:00:00,Nest_Beta,5.9,9.8,W,17.9,56.9,0,14.1,go
2025-03-28T03:00:00,Nest_Beta,5.3,14.7,NE,17.9,41.0,0,13.6,go
2025-03-28T04:00:00,Nest_Beta,2,11.5,NW,17.7,59.3,0,13.1,go
2025-03-28T05:00:00,Nest_Beta,8.0,12.9,S,18.4,57.5,0,14.4,go
2025-03-28T06:00:00,Nest_Beta,5.3,13.1,SW,20.8,74.4,0,13.5,go
2025-03-28T07:00:00,Nest_Beta,8.8,12.3,SE,20.5,51.2,0,15.8,go
2025-03-28T08:00:00,Nest_Beta,3.5,9.9,E,22.5,47.8,0,15.6,go
2025-03-28T09:00:00,Nest_Beta,8.0,12.6,E,23.6,55.2,0,13.5,go
2025-03-28T10:00:00,Nest_Beta,10.2,13.2,S,25.0,42.5,0,14.5,go
2025-03-28T11:00:00,Nest_Beta,13.4,19.0,N,25.0,50.9,0,14.1,go
2025-03-28T12:00:00,Nest_Beta,14.0,17.4,N,23.8,60.3,0,15.8,go
2025-03-28T13:00:00,Nest_Beta,10.4,18.5,S,24.3,64.8,0,14.8,go
2025-03-28T14:00:00,Nest_Beta,21.7,26.3,SE,25.0,52.2,0,14.7,go
2025-03-28T15:00:00,Nest_Beta,15.6,23.2,NW,24.0,70.2,0,14.8,go
2025-03-28T16:00:00,Nest_Beta,14.6,18.4,SE,23.6,57.8,0,15.6,go
2025-03-28T17:00:00,Nest_Beta,18.6,27.2,E,23.0,57.9,0,16.4,go
2025-03-28T18:00:00,Nest_Beta,13.9,16.8,SW,21.4,64.1,0,13.8,go
2025-03-28T19:00:00,Nest_Beta,18.3,23.8,W,21.1,44.1,0,13.2,go
2025-03-28T20:00:00,Nest_Beta,15.3,19.1,W,18.8,70.7,0,15.6,go
2025-03-28T21:00:00,Nest_Beta,19.5,23.8,S,19.6,71.8,0,15.5,go
2025-03-28T22:00:00,Nest_Beta,13.3,21.2,NE,18.2,51.9,0,14.1,go
2025-03-28T23:00:00,Nest_Beta,9.9,18.4,E,16.9,47.9,0,16.0,go
2025-03-28T00:00:00,Nest_Gamma,10.7,17.9,E,16.5,59.2,0,13.5,go
2025-03-28T01:00:00,Nest_Gamma,8.4,12.8,S,17.8,59.9,0,17.6,go
2025-03-28T02:00:00,Nest_Gamma,7.6,13.8,SW,17.0,60.3,0,14.7,go
2025-03-28T03:00:00,Nest_Gamma,6.5,15.6,S,16.4,43.3,0,14.3,go
2025-03-28T04:00:00,Nest_Gamma,8.7,14.4,NW,18.7,74.4,0,13.9,go
2025-03-28T05:00:00,Nest_Gamma,3.4,5.7,W,19.9,64.7,0,15.9,go
2025-03-28T06:00:00,Nest_Gamma,10.3,12.7,SW,19.3,65.8,0,13.6,go
2025-03-28T07:00:00,Nest_Gamma,2,7.7,S,20.3,52.9,0,14.6,go
2025-03-28T08:00:00,Nest_Gamma,8.5,16.4,N,21.6,59.3,0,14.8,go
2025-03-28T09:00:00,Nest_Gamma,4.1,10.2,W,23.6,47.3,0,15.3,go
2025-03-28T10:00:00,Nest_Gamma,9.1,18.6,SW,23.4,49.7,0,13.8,go
2025-03-28T11:00:00,Nest_Gamma,8.6,10.9,E,25.3,52.9,0,13.9,go
2025-03-28T12:00:00,Nest_Gamma,10.1,15.6,NE,24.9,45.8,0,15.1,go
2025-03-28T13:00:00,Nest_Gamma,10.4,13.8,NW,25.6,58.5,0,14.5,go
2025-03-28T14:00:00,Nest_Gamma,13.6,19.3,N,24.8,61.1,0,15.4,go
2025-03-28T15:00:00,Nest_Gamma,14.3,22.4,NE,23.7,58.1,0,15.1,go
2025-03-28T16:00:00,Nest_Gamma,14.0,16.2,S,23.5,75.0,0,15.3,go
2025-03-28T17:00:00,Nest_Gamma,16.7,23.4,N,23.1,76.5,0,14.5,go
2025-03-28T18:00:00,Nest_Gamma,14.6,22.6,W,22.5,56.6,0,14.7,go
2025-03-28T19:00:00,Nest_Gamma,13.0,15.8,S,20.5,55.5,0,17.3,go
2025-03-28T20:00:00,Nest_Gamma,10.1,15.6,S,20.6,60.3,0,14.8,go
2025-03-28T21:00:00,Nest_Gamma,10.6,18.1,SW,18.4,57.8,0,14.4,go
2025-03-28T22:00:00,Nest_Gamma,11.4,16.8,S,17.9,55.5,0,12.2,go
2025-03-28T23:00:00,Nest_Gamma,5.0,13.8,N,17.5,56.9,0,16.0,go
2025-03-28T00:00:00,Nest_Delta,6.0,13.2,SW,18.3,64.0,0,13.1,go
2025-03-28T01:00:00,Nest_Delta,11.7,21.4,SE,17.5,56.9,0,13.2,go
2025-03-28T02:00:00,Nest_Delta,10.9,18.3,N,16.7,52.6,0,13.6,go
2025-03-28T03:00:00,Nest_Delta,7.9,11.2,S,18.3,68.1,0,13.3,go
2025-03-28T04:00:00,Nest_Delta,6.6,13.9,NE,17.7,58.7,0,15.5,go
2025-03-28T05:00:00,Nest_Delta,5.9,12.4,E,19.6,70.8,0,14.3,go
2025-03-28T06:00:00,Nest_Delta,4.1,12.6,SW,20.1,52.9,0,15.5,go
2025-03-28T07:00:00,Nest_Delta,6.8,15.6,NW,20.9,75.4,0,14.4,go
2025-03-28T08:00:00,Nest_Delta,12.0,19.3,NE,21.7,60.1,0,16.8,go
2025-03-28T09:00:00,Nest_Delta,10.2,17.4,N,22.9,56.1,0,16.0,go
2025-03-28T10:00:00,Nest_Delta,14.7,24.4,E,23.7,67.6,0,14.6,go
2025-03-28T11:00:00,Nest_Delta,11.8,19.4,E,25.1,55.9,0,14.9,go
2025-03-28T12:00:00,Nest_Delta,13.2,17.8,W,26.1,66.6,0,14.0,go
2025-03-28T13:00:00,Nest_Delta,12.5,16.1,NE,24.6,57.2,0,12.9,go
2025-03-28T14:00:00,Nest_Delta,21.1,26.1,SW,24.7,55.9,0,14.8,go
2025-03-28T15:00:00,Nest_Delta,17.5,23.2,NW,24.6,55.2,0,14.8,go
2025-03-28T16:00:00,Nest_Delta,18.1,23.9,NE,23.1,69.4,0,15.5,go
2025-03-28T17:00:00,Nest_Delta,17.0,19.9,E,23.3,64.0,0,16.5,go
2025-03-28T18:00:00,Nest_Delta,16.6,25.6,NE,21.4,57.8,0,14.4,go
2025-03-28T19:00:00,Nest_Delta,14.0,18.0,SE,19.9,57.6,0,13.6,go
2025-03-28T20:00:00,Nest_Delta,15.9,19.7,W,19.8,59.0,0,14.4,go
2025-03-28T21:00:00,Nest_Delta,16.3,23.4,E,19.6,50.7,0,14.9,go
2025-03-28T22:00:00,Nest_Delta,14.2,18.3,W,18.0,40.8,0,14.6,go
2025-03-28T23:00:00,Nest_Delta,13.1,21.5,NW,19.3,72.3,0,15.4,go
2025-03-29T00:00:00,Nest_Alpha,10.4,19.3,W,17.4,61.5,0,14.9,go
2025-03-29T01:00:00,Nest_Alpha,12.8,22.4,SW,17.2,65.4,0,15.2,go
2025-03-29T02:00:00,Nest_Alpha,9.1,12.7,NE,17.4,59.0,0,15.4,go
2025-03-29T03:00:00,Nest_Alpha,8.2,15.7,SE,17.4,62.3,0,16.0,go
2025-03-29T04:00:00,Nest_Alpha,8.6,14.5,W,18.3,59.5,0,13.1,go
2025-03-29T05:00:00,Nest_Alpha,4.9,13.7,N,19.5,72.5,0,13.2,go
2025-03-29T06:00:00,Nest_Alpha,6.7,10.1,SE,19.8,70.4,0,13.6,go
2025-03-29T07:00:00,Nest_Alpha,9.7,14.5,NE,20.4,60.5,0,14.7,go
2025-03-29T08:00:00,Nest_Alpha,13.0,22.7,W,22.9,64.3,0,14.1,go
2025-03-29T09:00:00,Nest_Alpha,11.5,20.2,SE,23.3,68.9,0,15.8,go
2025-03-29T10:00:00,Nest_Alpha,10.5,15.2,N,23.0,58.6,0,13.6,go
2025-03-29T11:00:00,Nest_Alpha,14.2,24.2,S,23.9,40.3,0,14.9,go
2025-03-29T12:00:00,Nest_Alpha,15.6,19.9,NW,25.5,57.3,0,14.1,go
2025-03-29T13:00:00,Nest_Alpha,13.2,20.5,NW,25.6,46.5,0,14.6,go
2025-03-29T14:00:00,Nest_Alpha,14.7,21.8,N,24.0,63.9,0,15.2,go
2025-03-29T15:00:00,Nest_Alpha,15.1,24.5,SE,24.6,51.7,0,15.6,go
2025-03-29T16:00:00,Nest_Alpha,15.4,21.6,E,24.3,61.3,0,14.6,go
2025-03-29T17:00:00,Nest_Alpha,16.0,24.3,NE,22.5,66.2,0,14.8,go
2025-03-29T18:00:00,Nest_Alpha,20.2,29.7,W,22.7,59.2,0,14.1,go
2025-03-29T19:00:00,Nest_Alpha,16.2,18.8,S,20.4,70.5,0,14.1,go
2025-03-29T20:00:00,Nest_Alpha,16.5,23.1,E,20.3,57.9,0,13.7,go
2025-03-29T21:00:00,Nest_Alpha,11.4,16.8,SW,19.0,48.2,0,14.5,go
2025-03-29T22:00:00,Nest_Alpha,15.5,17.8,NE,18.1,45.3,0,14.6,go
2025-03-29T23:00:00,Nest_Alpha,9.5,12.3,S,17.4,69.9,0,14.4,go
2025-03-29T00:00:00,Nest_Beta,12.4,19.9,SE,17.7,51.7,0,14.3,go
2025-03-29T01:00:00,Nest_Beta,9.3,13.1,S,17.4,58.8,0,14.4,go
2025-03-29T02:00:00,Nest_Beta,5.6,14.3,SW,16.7,70.2,0,14.9,go
2025-03-29T03:00:00,Nest_Beta,8.6,15.4,NW,16.2,64.4,0,15.8,go
2025-03-29T04:00:00,Nest_Beta,5.5,7.5,S,19.8,60.2,0,15.9,go
2025-03-29T05:00:00,Nest_Beta,2.7,8.1,SW,18.5,53.9,0,15.1,go
2025-03-29T06:00:00,Nest_Beta,10.0,18.3,N,18.7,57.3,0,14.1,go
2025-03-29T07:00:00,Nest_Beta,5.0,14.5,S,20.8,57.7,0,16.4,go
2025-03-29T08:00:00,Nest_Beta,6.7,15.8,NW,22.0,51.9,0,14.5,go
2025-03-29T09:00:00,Nest_Beta,10.7,19.5,SE,23.9,47.3,0,13.9,go
2025-03-29T10:00:00,Nest_Beta,8.1,14.3,W,23.6,51.6,0,15.1,go
2025-03-29T11:00:00,Nest_Beta,9.6,11.9,NE,23.8,60.2,0,15.5,go
2025-03-29T12:00:00,Nest_Beta,14.8,22.9,W,23.1,56.8,0,14.9,go
2025-03-29T13:00:00,Nest_Beta,11.5,15.6,W,24.6,77.2,0,16.4,go
2025-03-29T14:00:00,Nest_Beta,15.9,21.6,N,24.2,52.1,0,15.7,go
2025-03-29T15:00:00,Nest_Beta,16.3,19.9,NE,24.9,53.0,0,16.2,go
2025-03-29T16:00:00,Nest_Beta,16.3,21.1,SE,23.1,61.3,0,16.1,go
2025-03-29T17:00:00,Nest_Beta,15.4,18.8,SE,22.9,55.9,0,16.0,go
2025-03-29T18:00:00,Nest_Beta,13.3,20.0,SE,22.5,48.9,0,14.7,go
2025-03-29T19:00:00,Nest_Beta,18.6,25.3,E,22.2,76.2,0,14.2,go
2025-03-29T20:00:00,Nest_Beta,19.3,27.1,W,20.0,60.2,0,14.5,go
2025-03-29T21:00:00,Nest_Beta,10.7,13.6,W,19.5,59.7,0,14.5,go
2025-03-29T22:00:00,Nest_Beta,12.8,14.9,E,17.9,65.1,0,14.4,go
2025-03-29T23:00:00,Nest_Beta,11.2,18.9,S,16.8,59.1,0,13.5,go
2025-03-29T00:00:00,Nest_Gamma,11.0,14.4,SE,18.1,65.7,0,13.4,go
2025-03-29T01:00:00,Nest_Gamma,9.6,14.1,S,16.7,79.1,0,15.6,go
2025-03-29T02:00:00,Nest_Gamma,4.6,13.9,SE,16.2,60.1,0,16.9,go
2025-03-29T03:00:00,Nest_Gamma,6.0,11.3,NE,16.9,51.5,0,13.5,go
2025-03-29T04:00:00,Nest_Gamma,5.0,9.5,SE,19.8,36.6,0,14.5,go
2025-03-29T05:00:00,Nest_Gamma,5.9,10.9,W,18.2,56.2,0,14.8,go
2025-03-29T06:00:00,Nest_Gamma,4.8,8.6,N,19.9,56.3,0,15.3,go
2025-03-29T07:00:00,Nest_Gamma,3.1,7.0,N,21.1,73.0,0,13.1,go
2025-03-29T08:00:00,Nest_Gamma,8.6,11.7,SE,22.2,58.9,0,17.6,go
2025-03-29T09:00:00,Nest_Gamma,7.5,15.8,SE,22.6,68.2,0,15.7,go
2025-03-29T10:00:00,Nest_Gamma,8.7,13.8,N,25.2,42.1,0,13.4,go
2025-03-29T11:00:00,Nest_Gamma,9.0,18.2,NW,24.3,66.4,0,14.6,go
2025-03-29T12:00:00,Nest_Gamma,8.5,12.4,S,25.7,57.0,0,17.3,go
2025-03-29T13:00:00,Nest_Gamma,16.9,20.4,W,26.6,47.1,0,16.0,go
2025-03-29T14:00:00,Nest_Gamma,13.2,20.2,SW,24.3,61.2,0,14.8,go
2025-03-29T15:00:00,Nest_Gamma,14.8,20.6,E,22.5,44.2,0,14.8,go
2025-03-29T16:00:00,Nest_Gamma,14.2,23.6,SW,22.6,58.6,0,15.4,go
2025-03-29T17:00:00,Nest_Gamma,16.7,25.3,E,22.8,49.2,0,14.4,go
2025-03-29T18:00:00,Nest_Gamma,19.7,24.2,NW,22.3,54.7,0,16.4,go
2025-03-29T19:00:00,Nest_Gamma,9.8,15.9,NW,20.9,57.9,0,14.4,go
2025-03-29T20:00:00,Nest_Gamma,13.0,15.5,NW,20.8,71.6,0,15.8,go
2025-03-29T21:00:00,Nest_Gamma,10.5,15.0,E,18.6,56.1,0,14.3,go
2025-03-29T22:00:00,Nest_Gamma,9.0,14.7,SE,18.6,43.9,0,14.1,go
2025-03-29T23:00:00,Nest_Gamma,12.1,21.7,E,17.1,67.9,0,14.0,go
2025-03-29T00:00:00,Nest_Delta,9.1,11.2,W,17.5,60.1,0,16.2,go
2025-03-29T01:00:00,Nest_Delta,8.5,17.1,SW,16.9,53.7,0,13.3,go
2025-03-29T02:00:00,Nest_Delta,9.0,16.7,W,16.8,74.0,0,14.5,go
2025-03-29T03:00:00,Nest_Delta,6.9,9.2,N,16.1,60.5,0,14.3,go
2025-03-29T04:00:00,Nest_Delta,8.9,13.8,NE,17.4,42.5,0,16.3,go
2025-03-29T05:00:00,Nest_Delta,8.2,17.1,S,17.5,51.9,0,13.8,go
2025-03-29T06:00:00,Nest_Delta,6.6,12.1,NE,20.2,54.1,0,14.8,go
2025-03-29T07:00:00,Nest_Delta,8.7,18.2,W,21.6,63.4,0,13.9,go
2025-03-29T08:00:00,Nest_Delta,4.9,9.2,N,19.8,52.8,0,15.5,go
2025-03-29T09:00:00,Nest_Delta,5.6,12.0,W,22.5,59.5,0,15.5,go
2025-03-29T10:00:00,Nest_Delta,14.3,24.0,N,22.5,61.6,0,13.7,go
2025-03-29T11:00:00,Nest_Delta,9.3,16.8,N,24.8,69.7,0,14.6,go
2025-03-29T12:00:00,Nest_Delta,15.3,20.2,SW,25.1,57.9,0,13.3,go
2025-03-29T13:00:00,Nest_Delta,13.5,23.3,W,24.1,55.8,0,15.3,go
2025-03-29T14:00:00,Nest_Delta,13.5,18.6,E,26.1,70.2,0,14.7,go
2025-03-29T15:00:00,Nest_Delta,18.1,20.2,SW,24.3,57.8,0,13.9,go
2025-03-29T16:00:00,Nest_Delta,18.4,22.2,SW,23.0,65.5,0,15.8,go
2025-03-29T17:00:00,Nest_Delta,16.4,19.0,E,22.5,55.7,0,15.8,go
2025-03-29T18:00:00,Nest_Delta,14.9,17.2,S,21.9,54.5,0,14.7,go
2025-03-29T19:00:00,Nest_Delta,16.4,22.1,W,20.9,55.5,0,17.2,go
2025-03-29T20:00:00,Nest_Delta,13.0,16.7,SE,21.0,59.1,0,15.1,go
2025-03-29T21:00:00,Nest_Delta,16.0,22.6,NE,20.1,57.4,0,16.0,go
2025-03-29T22:00:00,Nest_Delta,10.7,13.7,NW,18.5,50.7,0,14.0,go
2025-03-29T23:00:00,Nest_Delta,4.5,14.2,NW,18.7,45.6,0,14.6,go
2025-03-30T00:00:00,Nest_Alpha,13.9,21.0,N,17.5,60.1,0,14.1,go
2025-03-30T01:00:00,Nest_Alpha,12.4,22.0,SW,16.3,65.2,0,15.4,go
2025-03-30T02:00:00,Nest_Alpha,9.7,18.9,E,17.8,63.0,0,15.6,go
2025-03-30T03:00:00,Nest_Alpha,9.4,13.7,NE,16.8,74.0,0,15.2,go
2025-03-30T04:00:00,Nest_Alpha,8.5,14.7,W,18.0,56.2,0,15.8,go
2025-03-30T05:00:00,Nest_Alpha,6.6,16.0,E,18.9,57.0,0,14.5,go
2025-03-30T06:00:00,Nest_Alpha,5.8,10.0,E,19.9,49.9,0,16.1,go
2025-03-30T07:00:00,Nest_Alpha,11.3,15.1,N,21.3,54.6,0,15.1,go
2025-03-30T08:00:00,Nest_Alpha,7.9,12.5,N,22.6,53.2,0,16.2,go
2025-03-30T09:00:00,Nest_Alpha,9.7,13.9,W,22.8,46.4,0,15.8,go
2025-03-30T10:00:00,Nest_Alpha,11.8,20.6,S,23.9,53.2,0,15.8,go
2025-03-30T11:00:00,Nest_Alpha,13.8,23.3,SW,25.5,61.9,0,15.4,go
2025-03-30T12:00:00,Nest_Alpha,13.7,18.7,SE,24.8,69.8,0,15.1,go
2025-03-30T13:00:00,Nest_Alpha,15.0,24.2,W,24.1,67.0,0,14.2,go
2025-03-30T14:00:00,Nest_Alpha,12.2,16.2,NE,26.1,53.2,0,16.7,go
2025-03-30T15:00:00,Nest_Alpha,17.8,26.9,SE,23.3,60.8,0,14.2,go
2025-03-30T16:00:00,Nest_Alpha,19.1,23.0,SW,23.7,54.0,0,15.0,go
2025-03-30T17:00:00,Nest_Alpha,20.7,25.3,E,23.9,65.8,0,14.5,go
2025-03-30T18:00:00,Nest_Alpha,19.3,23.6,W,22.8,55.7,0,14.8,go
2025-03-30T19:00:00,Nest_Alpha,15.6,20.4,NE,21.1,65.2,0,15.6,go
2025-03-30T20:00:00,Nest_Alpha,16.9,26.0,E,17.8,51.0,0,16.8,go
2025-03-30T21:00:00,Nest_Alpha,22.6,31.0,SE,18.2,54.2,0,14.8,go
2025-03-30T22:00:00,Nest_Alpha,17.3,27.2,W,17.8,55.4,0,12.9,go
2025-03-30T23:00:00,Nest_Alpha,15.6,20.5,N,18.0,60.7,0,14.3,go
2025-03-30T00:00:00,Nest_Beta,11.6,15.8,N,17.4,48.6,0,15.0,go
2025-03-30T01:00:00,Nest_Beta,5.3,8.8,SW,17.3,44.7,0,14.3,go
2025-03-30T02:00:00,Nest_Beta,9.6,14.3,NE,17.1,60.5,0,14.3,go
2025-03-30T03:00:00,Nest_Beta,2.1,10.3,S,18.5,54.4,0,16.0,go
2025-03-30T04:00:00,Nest_Beta,8.3,16.2,SE,18.0,63.3,0,15.0,go
2025-03-30T05:00:00,Nest_Beta,2.6,6.8,NW,19.2,67.3,0,13.1,go
2025-03-30T06:00:00,Nest_Beta,4.9,8.4,E,20.9,40.4,0,13.8,go
2025-03-30T07:00:00,Nest_Beta,6.0,14.1,SE,21.3,73.4,0,15.1,go
2025-03-30T08:00:00,Nest_Beta,9.1,18.5,SW,20.7,63.9,0,14.2,go
2025-03-30T09:00:00,Nest_Beta,7.2,15.3,E,22.2,63.8,0,13.0,go
2025-03-30T10:00:00,Nest_Beta,8.1,12.4,W,24.0,68.1,0,15.8,go
2025-03-30T11:00:00,Nest_Beta,8.9,15.1,W,23.7,54.0,0,16.2,go
2025-03-30T12:00:00,Nest_Beta,13.1,19.3,NE,25.3,42.6,0,15.9,go
2025-03-30T13:00:00,Nest_Beta,14.5,18.9,E,24.8,73.1,0,15.2,go
2025-03-30T14:00:00,Nest_Beta,15.4,23.0,NW,24.4,53.8,0,14.3,go
2025-03-30T15:00:00,Nest_Beta,11.2,16.8,W,24.9,52.5,0,16.5,go
2025-03-30T16:00:00,Nest_Beta,19.7,28.5,NW,24.5,59.3,0,15.5,go
2025-03-30T17:00:00,Nest_Beta,17.9,25.5,E,22.7,56.0,0,16.0,go
2025-03-30T18:00:00,Nest_Beta,19.8,26.4,NW,21.7,67.7,0,13.3,go
2025-03-30T19:00:00,Nest_Beta,18.5,25.2,E,21.4,53.3,0,15.9,go
2025-03-30T20:00:00,Nest_Beta,13.9,19.1,NW,19.7,46.5,0,14.2,go
2025-03-30T21:00:00,Nest_Beta,12.8,19.2,NE,18.3,57.5,0,15.9,go
2025-03-30T22:00:00,Nest_Beta,10.9,15.7,S,18.3,50.7,0,15.8,go
2025-03-30T23:00:00,Nest_Beta,12.3,19.4,E,16.6,59.7,0,16.0,go
2025-03-30T00:00:00,Nest_Gamma,8.9,11.8,W,16.9,66.7,0,13.0,go
2025-03-30T01:00:00,Nest_Gamma,7.5,9.9,SE,17.6,56.8,0,14.7,go
2025-03-30T02:00:00,Nest_Gamma,8.8,13.9,NW,16.9,63.0,0,13.0,go
2025-03-30T03:00:00,Nest_Gamma,4.9,12.7,SE,17.7,60.5,0,15.0,go
2025-03-30T04:00:00,Nest_Gamma,6.4,10.9,SW,17.5,53.1,0,14.0,go
2025-03-30T05:00:00,Nest_Gamma,6.0,8.2,E,19.2,65.3,0,14.6,go
2025-03-30T06:00:00,Nest_Gamma,4.3,10.7,N,19.1,49.7,0,16.5,go
2025-03-30T07:00:00,Nest_Gamma,3.5,7.2,SW,21.0,56.4,0,16.1,go
2025-03-30T08:00:00,Nest_Gamma,10.1,17.9,E,22.5,50.5,0,14.3,go
2025-03-30T09:00:00,Nest_Gamma,5.4,10.7,SE,23.8,71.7,0,15.0,go
2025-03-30T10:00:00,Nest_Gamma,7.7,15.7,NE,23.2,64.5,0,14.9,go
2025-03-30T11:00:00,Nest_Gamma,6.1,11.4,W,25.0,53.1,0,17.6,go
2025-03-30T12:00:00,Nest_Gamma,9.2,13.9,N,23.8,65.7,0,15.3,go
2025-03-30T13:00:00,Nest_Gamma,9.6,16.2,S,25.7,49.1,0,16.0,go
2025-03-30T14:00:00,Nest_Gamma,15.5,24.7,NW,24.5,44.8,0,15.0,go
2025-03-30T15:00:00,Nest_Gamma,16.5,25.5,SW,24.7,52.2,0,16.6,go
2025-03-30T16:00:00,Nest_Gamma,13.1,16.0,NE,25.2,50.6,0,16.3,go
2025-03-30T17:00:00,Nest_Gamma,17.4,26.8,N,23.8,67.1,0,16.7,go
2025-03-30T18:00:00,Nest_Gamma,15.6,23.9,N,21.9,59.1,0,15.3,go
2025-03-30T19:00:00,Nest_Gamma,11.3,19.5,SE,20.2,68.0,0,13.1,go
2025-03-30T20:00:00,Nest_Gamma,13.9,16.7,E,21.1,67.3,0,16.1,go
2025-03-30T21:00:00,Nest_Gamma,12.4,14.9,S,19.2,69.5,0,15.1,go
2025-03-30T22:00:00,Nest_Gamma,11.3,18.8,NE,18.8,66.2,0,13.8,go
2025-03-30T23:00:00,Nest_Gamma,12.2,18.1,S,17.4,59.5,0,14.4,go
2025-03-30T00:00:00,Nest_Delta,14.3,17.9,N,16.1,69.0,0,16.4,go
2025-03-30T01:00:00,Nest_Delta,10.4,19.9,SW,15.6,68.5,0,15.3,go
2025-03-30T02:00:00,Nest_Delta,4.8,8.4,SW,16.2,67.5,0,14.5,go
2025-03-30T03:00:00,Nest_Delta,13.6,22.8,S,19.0,48.3,0,13.6,go
2025-03-30T04:00:00,Nest_Delta,7.6,14.3,SE,17.5,61.7,0,14.4,go
2025-03-30T05:00:00,Nest_Delta,7.3,15.6,NE,20.3,81.7,0,16.9,go
2025-03-30T06:00:00,Nest_Delta,7.9,14.5,SE,19.9,69.5,0,13.8,go
2025-03-30T07:00:00,Nest_Delta,9.5,14.1,N,19.9,60.7,0,15.2,go
2025-03-30T08:00:00,Nest_Delta,6.9,11.2,NE,21.9,65.6,0,13.6,go
2025-03-30T09:00:00,Nest_Delta,10.3,17.8,NW,23.6,42.2,0,17.2,go
2025-03-30T10:00:00,Nest_Delta,9.1,13.3,NW,23.7,62.8,0,15.8,go
2025-03-30T11:00:00,Nest_Delta,15.0,24.1,S,24.9,58.2,0,14.0,go
2025-03-30T12:00:00,Nest_Delta,14.1,21.2,NE,25.3,67.6,0,13.2,go
2025-03-30T13:00:00,Nest_Delta,12.1,18.9,E,25.3,58.6,0,16.0,go
2025-03-30T14:00:00,Nest_Delta,19.9,24.3,NE,23.5,59.6,0,15.4,go
2025-03-30T15:00:00,Nest_Delta,14.4,21.0,SE,23.9,60.6,0,16.2,go
2025-03-30T16:00:00,Nest_Delta,15.5,20.5,N,22.7,44.1,0,14.6,go
2025-03-30T17:00:00,Nest_Delta,15.7,20.8,SE,22.4,54.2,0,14.3,go
2025-03-30T18:00:00,Nest_Delta,20.0,29.4,S,22.5,54.8,0,14.2,go
2025-03-30T19:00:00,Nest_Delta,16.4,25.5,S,21.1,55.2,0,17.7,go
2025-03-30T20:00:00,Nest_Delta,14.6,21.4,SE,20.4,60.3,0,14.2,go
2025-03-30T21:00:00,Nest_Delta,10.7,15.6,SE,19.4,51.5,0,16.2,go
2025-03-30T22:00:00,Nest_Delta,12.3,20.4,S,20.1,65.9,0,14.1,go
2025-03-30T23:00:00,Nest_Delta,12.5,18.7,N,17.5,58.1,0,13.0,go
2025-03-31T00:00:00,Nest_Alpha,12.1,18.7,NW,17.1,65.4,0,16.7,go
2025-03-31T01:00:00,Nest_Alpha,11.8,17.8,E,18.1,59.4,0,15.3,go
2025-03-31T02:00:00,Nest_Alpha,9.0,15.2,W,16.0,51.1,0,15.6,go
2025-03-31T03:00:00,Nest_Alpha,6.2,9.1,SW,17.7,69.9,0,14.6,go
2025-03-31T04:00:00,Nest_Alpha,14.4,22.9,SE,18.0,41.2,0,14.8,go
2025-03-31T05:00:00,Nest_Alpha,11.1,13.9,NE,19.2,51.3,0,15.7,go
2025-03-31T06:00:00,Nest_Alpha,10.4,19.0,N,20.2,73.0,0,15.9,go
2025-03-31T07:00:00,Nest_Alpha,7.0,11.2,SW,21.3,62.6,0,14.1,go
2025-03-31T08:00:00,Nest_Alpha,9.9,12.2,SE,21.7,53.6,0,14.9,go
2025-03-31T09:00:00,Nest_Alpha,10.7,17.0,N,22.3,56.5,0,14.5,go
2025-03-31T10:00:00,Nest_Alpha,12.3,17.9,SW,23.6,63.4,0,13.7,go
2025-03-31T11:00:00,Nest_Alpha,14.6,18.2,N,24.4,61.4,0,14.0,go
2025-03-31T12:00:00,Nest_Alpha,14.9,17.6,W,25.5,67.8,0,14.0,go
2025-03-31T13:00:00,Nest_Alpha,15.6,21.3,E,25.4,68.4,0,15.3,go
2025-03-31T14:00:00,Nest_Alpha,16.8,19.3,NE,26.0,59.0,0,15.4,go
2025-03-31T15:00:00,Nest_Alpha,17.6,24.8,S,24.7,63.6,0,14.7,go
2025-03-31T16:00:00,Nest_Alpha,18.1,25.5,SE,23.5,69.7,0,15.5,go
2025-03-31T17:00:00,Nest_Alpha,15.5,24.2,SW,22.9,52.3,0,15.2,go
2025-03-31T18:00:00,Nest_Alpha,20.6,27.6,NW,22.3,43.6,0,14.9,go
2025-03-31T19:00:00,Nest_Alpha,14.8,18.9,NE,21.2,48.9,0,14.1,go
2025-03-31T20:00:00,Nest_Alpha,18.0,23.6,SW,20.6,54.0,0,15.2,go
2025-03-31T21:00:00,Nest_Alpha,16.6,20.2,W,19.0,34.3,0,14.5,go
2025-03-31T22:00:00,Nest_Alpha,15.7,22.9,SW,17.7,45.8,0,13.2,go
2025-03-31T23:00:00,Nest_Alpha,12.8,16.6,W,18.2,53.7,0,14.8,go
2025-03-31T00:00:00,Nest_Beta,9.3,16.1,SE,16.9,50.2,0,14.6,go
2025-03-31T01:00:00,Nest_Beta,4.8,8.3,N,15.9,62.3,0,14.9,go
2025-03-31T02:00:00,Nest_Beta,5.3,10.6,W,18.1,51.3,0,14.7,go
2025-03-31T03:00:00,Nest_Beta,5.9,8.8,N,17.7,47.5,0,16.9,go
2025-03-31T04:00:00,Nest_Beta,2.3,6.1,N,18.4,57.9,0,14.1,go
2025-03-31T05:00:00,Nest_Beta,5.7,11.8,NW,18.7,61.8,0,14.9,go
2025-03-31T06:00:00,Nest_Beta,5.8,12.9,NW,19.9,51.9,0,16.1,go
2025-03-31T07:00:00,Nest_Beta,8.7,16.8,W,20.9,61.5,0,15.1,go
2025-03-31T08:00:00,Nest_Beta,6.7,16.2,S,23.1,72.8,0,13.8,go
2025-03-31T09:00:00,Nest_Beta,7.6,12.6,W,23.8,70.6,0,14.4,go
2025-03-31T10:00:00,Nest_Beta,10.3,20.3,E,24.2,45.8,0,14.7,go
2025-03-31T11:00:00,Nest_Beta,9.5,14.9,NE,25.0,52.5,0,15.7,go
2025-03-31T12:00:00,Nest_Beta,13.4,23.1,NE,24.8,59.1,0,15.4,go
2025-03-31T13:00:00,Nest_Beta,10.7,18.9,S,26.6,56.9,0,13.9,go
2025-03-31T14:00:00,Nest_Beta,16.5,19.5,S,24.9,60.5,0,15.4,go
2025-03-31T15:00:00,Nest_Beta,17.4,24.2,E,23.6,51.8,0,15.2,go
2025-03-31T16:00:00,Nest_Beta,14.3,18.8,E,23.5,39.6,0,15.7,go
2025-03-31T17:00:00,Nest_Beta,17.3,23.4,SE,23.7,60.7,0,13.5,go
2025-03-31T18:00:00,Nest_Beta,19.6,26.8,SW,22.6,59.1,0,14.5,go
2025-03-31T19:00:00,Nest_Beta,14.8,16.9,S,20.9,66.0,0,15.7,go
2025-03-31T20:00:00,Nest_Beta,14.5,21.0,SW,20.9,78.3,0,15.3,go
2025-03-31T21:00:00,Nest_Beta,10.8,18.5,NE,19.5,57.2,0,13.3,go
2025-03-31T22:00:00,Nest_Beta,10.0,13.5,NE,17.3,65.5,0,15.6,go
2025-03-31T23:00:00,Nest_Beta,8.2,17.0,SE,17.6,60.8,0,16.4,go
2025-03-31T00:00:00,Nest_Gamma,10.5,17.7,NE,17.3,55.8,0,16.3,go
2025-03-31T01:00:00,Nest_Gamma,6.7,13.2,N,16.4,39.6,0,13.4,go
2025-03-31T02:00:00,Nest_Gamma,6.0,9.7,S,17.8,76.1,0,15.8,go
2025-03-31T03:00:00,Nest_Gamma,3.5,7.9,SE,16.8,85.2,0,15.3,go
2025-03-31T04:00:00,Nest_Gamma,7.4,11.9,E,17.7,63.0,0,15.2,go
2025-03-31T05:00:00,Nest_Gamma,8.0,13.4,N,18.7,50.7,0,14.9,go
2025-03-31T06:00:00,Nest_Gamma,7.0,15.3,NW,20.1,46.5,0,15.5,go
2025-03-31T07:00:00,Nest_Gamma,5.3,11.0,E,21.6,53.2,0,13.0,go
2025-03-31T08:00:00,Nest_Gamma,4.3,13.5,W,20.8,62.4,0,13.9,go
2025-03-31T09:00:00,Nest_Gamma,8.1,13.6,E,23.2,65.5,0,16.7,go
2025-03-31T10:00:00,Nest_Gamma,9.8,19.8,NW,24.4,60.1,0,16.7,go
2025-03-31T11:00:00,Nest_Gamma,13.0,18.9,E,24.9,54.1,0,14.5,go
2025-03-31T12:00:00,Nest_Gamma,7.4,11.1,W,25.3,66.6,0,15.8,go
2025-03-31T13:00:00,Nest_Gamma,16.4,25.6,NW,24.4,70.8,0,15.9,go
2025-03-31T14:00:00,Nest_Gamma,15.7,21.7,E,25.5,56.9,0,15.9,go
2025-03-31T15:00:00,Nest_Gamma,12.2,16.4,SW,24.4,51.8,0,16.3,go
2025-03-31T16:00:00,Nest_Gamma,15.4,20.7,NW,25.1,52.8,0,17.3,go
2025-03-31T17:00:00,Nest_Gamma,13.8,18.6,E,23.5,54.4,0,14.0,go
2025-03-31T18:00:00,Nest_Gamma,12.4,15.8,NE,23.7,72.6,0,14.7,go
2025-03-31T19:00:00,Nest_Gamma,10.9,13.8,SE,21.1,52.7,0,15.7,go
2025-03-31T20:00:00,Nest_Gamma,14.5,23.8,SW,19.9,57.0,0,15.4,go
2025-03-31T21:00:00,Nest_Gamma,12.4,17.7,SE,19.2,41.8,0,13.2,go
2025-03-31T22:00:00,Nest_Gamma,9.6,16.3,W,17.3,45.5,0,15.6,go
2025-03-31T23:00:00,Nest_Gamma,12.8,16.6,E,17.7,45.7,0,13.6,go
2025-03-31T00:00:00,Nest_Delta,8.8,14.6,NW,17.4,60.7,0,15.4,go
2025-03-31T01:00:00,Nest_Delta,9.7,11.9,NE,15.5,46.3,0,14.7,go
2025-03-31T02:00:00,Nest_Delta,8.7,12.8,S,17.1,54.5,0,15.7,go
2025-03-31T03:00:00,Nest_Delta,10.5,13.3,E,16.5,56.1,0,15.9,go
2025-03-31T04:00:00,Nest_Delta,4.9,10.0,N,18.7,68.2,0,15.1,go
2025-03-31T05:00:00,Nest_Delta,5.8,10.4,N,19.8,64.0,0,15.4,go
2025-03-31T06:00:00,Nest_Delta,6.7,13.2,NW,18.8,58.7,0,14.5,go
2025-03-31T07:00:00,Nest_Delta,4.8,14.4,SW,21.5,41.3,0,15.8,go
2025-03-31T08:00:00,Nest_Delta,9.2,13.5,NW,20.7,41.5,0,14.5,go
2025-03-31T09:00:00,Nest_Delta,8.5,12.5,W,24.4,49.2,0,14.4,go
2025-03-31T10:00:00,Nest_Delta,7.6,14.1,NE,25.6,54.9,0,16.5,go
2025-03-31T11:00:00,Nest_Delta,13.8,23.7,N,23.2,46.5,0,15.5,go
2025-03-31T12:00:00,Nest_Delta,14.3,21.6,N,24.2,59.0,0,14.6,go
2025-03-31T13:00:00,Nest_Delta,14.2,17.7,N,24.1,58.7,0,16.0,go
2025-03-31T14:00:00,Nest_Delta,15.9,20.2,NW,24.7,55.2,0,14.4,go
2025-03-31T15:00:00,Nest_Delta,17.5,24.5,SE,25.4,68.8,0,14.4,go
2025-03-31T16:00:00,Nest_Delta,12.0,15.6,SE,24.6,63.2,0,15.3,go
2025-03-31T17:00:00,Nest_Delta,19.0,26.1,SW,22.6,52.7,0,16.5,go
2025-03-31T18:00:00,Nest_Delta,13.8,20.1,W,21.9,63.0,0,13.4,go
2025-03-31T19:00:00,Nest_Delta,19.5,28.9,NE,22.3,55.7,0,14.8,go
2025-03-31T20:00:00,Nest_Delta,18.0,23.2,SW,20.1,63.0,0,14.4,go
2025-03-31T21:00:00,Nest_Delta,21.1,24.8,N,17.9,51.6,0,15.2,go
2025-03-31T22:00:00,Nest_Delta,16.3,20.0,N,18.4,45.1,0,16.0,go
2025-03-31T23:00:00,Nest_Delta,14.7,17.4,NW,17.6,58.7,0,14.0,go
