order_id,rating,feedback_tag
ORD-US-30000,3,on_time
ORD-US-30001,5,on_time
ORD-US-30002,5,on_time
ORD-US-30003,5,on_time
ORD-US-30004,4,on_time
ORD-US-30005,5,on_time
ORD-US-30006,5,on_time
ORD-US-30007,4,on_time
ORD-US-30008,2,on_time
ORD-US-30009,2,on_time
ORD-US-30010,5,on_time
ORD-US-30011,5,on_time
ORD-US-30012,2,on_time
ORD-US-30013,5,on_time
ORD-US-30014,4,on_time
ORD-US-30015,4,on_time
ORD-US-30016,3,on_time
ORD-US-30017,4,on_time
ORD-US-30018,5,on_time
ORD-US-30019,5,on_time
ORD-US-30020,4,on_time
ORD-US-30021,5,on_time
ORD-US-30022,2,on_time
ORD-US-30023,4,on_time
ORD-US-30024,3,on_time
ORD-US-30025,3,on_time
ORD-US-30026,4,on_time
ORD-US-30027,3,on_time
ORD-US-30028,5,on_time
ORD-US-30029,4,on_time
ORD-US-30030,4,on_time
ORD-US-30031,5,on_time
ORD-US-30032,4,on_time
ORD-US-30033,3,on_time
ORD-US-30034,5,on_time
ORD-US-30035,5,on_time
ORD-US-30036,5,on_time
ORD-US-30037,5,on_time
ORD-US-30038,5,on_time
ORD-US-30039,5,on_time
ORD-US-30040,5,on_time
ORD-US-30041,4,on_time
ORD-US-30042,5,on_time
ORD-US-30043,5,on_time
ORD-US-30044,4,on_time
ORD-US-30045,3,on_time
ORD-US-30046,3,on_time
ORD-US-30047,5,on_time
ORD-US-30048,4,on_time
ORD-US-30049,5,on_time
ORD-US-30050,4,on_time
ORD-US-30051,5,on_time
ORD-US-30052,2,on_time
ORD-US-30053,5,on_time
ORD-US-30054,5,on_time
ORD-US-30055,2,on_time
ORD-US-30056,5,on_time
ORD-US-30057,2,on_time
ORD-US-30058,3,on_time
ORD-US-30059,5,on_time
ORD-US-30060,3,on_time
ORD-US-30061,5,on_time
ORD-US-30062,5,on_time
ORD-US-30063,3,on_time
ORD-US-30064,5,on_time
ORD-US-30065,3,on_time
ORD-US-30066,5,on_time
ORD-US-30067,5,on_time
ORD-US-30068,5,on_time
ORD-US-30069,5,on_time
ORD-US-30070,4,on_time
ORD-US-30071,5,on_time
ORD-US-30072,5,on_time
ORD-US-30073,5,on_time
ORD-US-30074,5,on_time
ORD-US-30075,4,on_time
ORD-US-30076,5,on_time
ORD-US-30077,5,on_time
ORD-US-30078,4,on_time
ORD-US-30079,5,on_time
ORD-US-30080,2,on_time
ORD-US-30081,3,on_time
ORD-US-30082,5,on_time
ORD-US-30083,3,on_time
ORD-US-30084,4,on_time
ORD-US-30085,4,on_time
ORD-US-30086,5,on_time
ORD-US-30087,3,on_time
ORD-US-30088,5,on_time
ORD-US-30089,5,on_time
ORD-US-30090,5,on_time
ORD-US-30091,5,on_time
ORD-US-30092,5,on_time
ORD-US-30093,4,on_time
ORD-US-30094,4,on_time
ORD-US-30095,5,on_time
ORD-US-30096,2,on_time
ORD-US-30097,5,on_time
ORD-US-30098,4,on_time
ORD-US-30099,4,on_time
ORD-US-30100,4,on_time
ORD-US-30101,5,on_time
ORD-US-30102,5,on_time
ORD-US-30103,4,on_time
ORD-US-30104,5,on_time
ORD-US-30105,4,on_time
ORD-US-30106,5,on_time
ORD-US-30107,1,on_time
ORD-US-30108,5,on_time
ORD-US-30109,3,on_time
ORD-US-30110,1,on_time
ORD-US-30111,3,on_time
ORD-US-30112,4,on_time
ORD-US-30113,1,on_time
ORD-US-30114,5,on_time
ORD-US-30115,3,on_time
ORD-US-30116,4,on_time
ORD-US-30117,1,on_time
ORD-US-30118,3,on_time
ORD-US-30119,5,on_time
ORD-US-30120,5,delivery_issue
ORD-US-30121,4,on_time
ORD-US-30122,4,on_time
ORD-US-30123,5,on_time
ORD-US-30124,5,on_time
ORD-US-30125,5,on_time
ORD-US-30126,4,on_time
ORD-US-30127,5,on_time
ORD-US-30128,5,on_time
ORD-US-30129,5,on_time
ORD-US-30130,5,on_time
ORD-US-30131,5,on_time
ORD-US-30132,5,on_time
ORD-US-30133,1,on_time
ORD-US-30134,4,on_time
ORD-US-30135,5,on_time
ORD-US-30136,1,on_time
ORD-US-30137,5,on_time
ORD-US-30138,4,on_time
ORD-US-30139,3,on_time
ORD-US-30140,3,on_time
ORD-US-30141,2,delivery_issue
ORD-US-30142,5,on_time
ORD-US-30143,5,on_time
ORD-US-30144,4,on_time
ORD-US-30145,5,on_time
ORD-US-30146,5,on_time
ORD-US-30147,4,on_time
ORD-US-30148,5,on_time
ORD-US-30149,5,on_time
ORD-US-30150,4,on_time
ORD-US-30151,4,on_time
ORD-US-30152,4,on_time
ORD-US-30153,4,on_time
ORD-US-30154,4,on_time
ORD-US-30155,3,on_time
ORD-US-30156,5,on_time
ORD-US-30157,4,on_time
ORD-US-30158,5,on_time
ORD-US-30159,5,on_time
ORD-US-30160,5,on_time
ORD-US-30161,5,on_time
ORD-US-30162,5,on_time
ORD-US-30163,3,on_time
ORD-US-30164,2,on_time
ORD-US-30165,4,on_time
ORD-US-30166,5,on_time
ORD-US-30167,1,on_time
ORD-US-30168,5,on_time
ORD-US-30169,4,on_time
ORD-US-30170,4,on_time
ORD-US-30171,4,on_time
ORD-US-30172,4,on_time
ORD-US-30173,3,on_time
ORD-US-30174,4,on_time
ORD-US-30175,5,on_time
ORD-US-30176,5,on_time
ORD-US-30177,5,on_time
ORD-US-30178,4,on_time
ORD-US-30179,4,on_time
ORD-US-30180,5,on_time
ORD-US-30181,5,on_time
ORD-US-30182,5,on_time
ORD-US-30183,5,on_time
ORD-US-30184,5,on_time
ORD-US-30185,4,on_time
ORD-US-30186,2,on_time
ORD-US-30187,4,on_time
ORD-US-30188,5,on_time
ORD-US-30189,4,on_time
ORD-US-30190,5,on_time
ORD-US-30191,2,on_time
ORD-US-30192,3,on_time
ORD-US-30193,5,on_time
ORD-US-30194,5,on_time
ORD-US-30195,5,on_time
ORD-US-30196,4,on_time
ORD-US-30197,5,on_time
ORD-US-30198,3,on_time
ORD-US-30199,4,on_time
ORD-US-30200,2,on_time
ORD-US-30201,2,delivery_issue
ORD-US-30202,2,on_time
ORD-US-30203,2,on_time
ORD-US-30204,4,on_time
ORD-US-30205,3,on_time
ORD-US-30206,5,on_time
ORD-US-30207,5,on_time
ORD-US-30208,5,on_time
ORD-US-30209,5,on_time
ORD-US-30210,5,on_time
ORD-US-30211,4,on_time
ORD-US-30212,4,on_time
ORD-US-30213,3,delivery_issue
ORD-US-30214,5,on_time
ORD-US-30215,2,on_time
ORD-US-30216,5,on_time
ORD-US-30217,5,on_time
ORD-US-30218,4,on_time
ORD-US-30219,5,on_time
ORD-US-30220,3,on_time
ORD-US-30221,4,on_time
ORD-US-30222,5,on_time
ORD-US-30223,5,on_time
ORD-US-30224,1,on_time
ORD-US-30225,4,on_time
ORD-US-30226,5,on_time
ORD-US-30227,2,on_time
ORD-US-30228,4,on_time
ORD-US-30229,5,on_time
ORD-US-30230,2,on_time
ORD-US-30231,4,delivery_issue
ORD-US-30232,2,on_time
ORD-US-30233,4,on_time
ORD-US-30234,4,on_time
ORD-US-30235,5,on_time
ORD-US-30236,4,on_time
ORD-US-30237,4,on_time
ORD-US-30238,4,on_time
ORD-US-30239,4,on_time
ORD-US-30240,2,on_time
ORD-US-30241,4,on_time
ORD-US-30242,4,on_time
ORD-US-30243,5,on_time
ORD-US-30244,5,on_time
ORD-US-30245,4,on_time
ORD-US-30246,5,on_time
ORD-US-30247,4,on_time
ORD-US-30248,5,on_time
ORD-US-30249,5,on_time
ORD-US-30250,5,on_time
ORD-US-30251,5,on_time
ORD-US-30252,5,on_time
ORD-US-30253,5,on_time
ORD-US-30254,5,on_time
ORD-US-30255,5,on_time
ORD-US-30256,5,on_time
ORD-US-30257,5,on_time
ORD-US-30258,4,on_time
ORD-US-30259,5,on_time
ORD-US-30260,4,on_time
ORD-US-30261,5,on_time
ORD-US-30262,4,on_time
ORD-US-30263,4,on_time
ORD-US-30264,5,on_time
ORD-US-30265,5,on_time
ORD-US-30266,5,on_time
ORD-US-30267,5,on_time
ORD-US-30268,4,on_time
ORD-US-30269,4,on_time
ORD-US-30270,4,on_time
ORD-US-30271,4,on_time
ORD-US-30272,4,on_time
ORD-US-30273,4,on_time
ORD-US-30274,5,on_time
ORD-US-30275,5,on_time
ORD-US-30276,3,on_time
ORD-US-30277,5,on_time
ORD-US-30278,1,on_time
ORD-US-30279,5,on_time
ORD-US-30280,5,on_time
ORD-US-30281,2,on_time
ORD-US-30282,4,on_time
ORD-US-30283,5,on_time
ORD-US-30284,4,on_time
ORD-US-30285,4,on_time
ORD-US-30286,5,on_time
ORD-US-30287,5,on_time
ORD-US-30288,2,on_time
ORD-US-30289,5,on_time
ORD-US-30290,4,on_time
ORD-US-30291,5,on_time
ORD-US-30292,2,on_time
ORD-US-30293,5,on_time
ORD-US-30294,5,on_time
ORD-US-30295,4,on_time
ORD-US-30296,2,delivery_issue
ORD-US-30297,1,on_time
ORD-US-30298,4,on_time
ORD-US-30299,5,on_time
ORD-US-30300,5,on_time
ORD-US-30301,4,on_time
ORD-US-30302,5,on_time
ORD-US-30303,5,on_time
ORD-US-30304,5,on_time
ORD-US-30305,2,on_time
ORD-US-30306,5,on_time
ORD-US-30307,5,on_time
ORD-US-30308,5,on_time
ORD-US-30309,2,on_time
ORD-US-30310,5,on_time
ORD-US-30311,1,on_time
ORD-US-30312,5,on_time
ORD-US-30313,5,on_time
ORD-US-30314,4,on_time
ORD-US-30315,4,on_time
ORD-US-30316,5,on_time
ORD-US-30317,4,on_time
ORD-US-30318,3,on_time
ORD-US-30319,5,on_time
ORD-US-30320,5,on_time
ORD-US-30321,5,on_time
ORD-US-30322,3,on_time
ORD-US-30323,4,on_time
ORD-US-30324,4,on_time
ORD-US-30325,5,on_time
ORD-US-30326,5,on_time
ORD-US-30327,5,on_time
ORD-US-30328,5,on_time
ORD-US-30329,5,on_time
ORD-US-30330,4,on_time
ORD-US-30331,5,on_time
ORD-US-30332,4,on_time
ORD-US-30333,5,on_time
ORD-US-30334,4,on_time
ORD-US-30335,3,on_time
ORD-US-30336,4,on_time
ORD-US-30337,5,on_time
ORD-US-30338,5,on_time
ORD-US-30339,4,on_time
ORD-US-30340,3,on_time
ORD-US-30341,4,on_time
ORD-US-30342,4,on_time
ORD-US-30343,4,on_time
ORD-US-30344,4,on_time
ORD-US-30345,5,on_time
ORD-US-30346,5,on_time
ORD-US-30347,5,on_time
ORD-US-30348,4,on_time
ORD-US-30349,2,on_time
ORD-US-30350,5,on_time
ORD-US-30351,1,on_time
ORD-US-30352,5,on_time
ORD-US-30353,2,on_time
ORD-US-30354,3,on_time
ORD-US-30355,4,on_time
ORD-US-30356,4,on_time
ORD-US-30357,5,on_time
ORD-US-30358,4,on_time
ORD-US-30359,2,on_time
ORD-US-30360,5,on_time
ORD-US-30361,5,on_time
ORD-US-30362,5,on_time
ORD-US-30363,5,on_time
ORD-US-30364,5,on_time
ORD-US-30365,5,on_time
ORD-US-30366,4,on_time
ORD-US-30367,5,on_time
ORD-US-30368,4,on_time
ORD-US-30369,4,on_time
ORD-US-30370,5,on_time
ORD-US-30371,4,on_time
ORD-US-30372,5,on_time
ORD-US-30373,5,on_time
ORD-US-30374,4,on_time
ORD-US-30375,4,on_time
ORD-US-30376,3,on_time
ORD-US-30377,5,on_time
ORD-US-30378,2,on_time
ORD-US-30379,4,on_time
ORD-US-30380,4,on_time
ORD-US-30381,4,on_time
ORD-US-30382,3,on_time
ORD-US-30383,5,on_time
ORD-US-30384,5,on_time
ORD-US-30385,4,on_time
ORD-US-30386,5,on_time
ORD-US-30387,5,on_time
ORD-US-30388,5,on_time
ORD-US-30389,4,on_time
ORD-US-30390,5,on_time
ORD-US-30391,5,on_time
ORD-US-30392,5,on_time
ORD-US-30393,5,delivery_issue
ORD-US-30394,5,on_time
ORD-US-30395,5,on_time
ORD-US-30396,5,on_time
ORD-US-30397,5,on_time
ORD-US-30398,4,on_time
ORD-US-30399,5,on_time
ORD-US-30400,4,on_time
ORD-US-30401,3,on_time
ORD-US-30402,4,on_time
ORD-US-30403,5,on_time
ORD-US-30404,5,on_time
ORD-US-30405,4,on_time
ORD-US-30406,5,on_time
ORD-US-30407,5,on_time
ORD-US-30408,4,on_time
ORD-US-30409,5,on_time
ORD-US-30410,5,on_time
ORD-US-30411,5,on_time
ORD-US-30412,5,on_time
ORD-US-30413,5,on_time
ORD-US-30414,5,on_time
ORD-US-30415,5,on_time
ORD-US-30416,5,on_time
ORD-US-30417,5,on_time
ORD-US-30418,4,on_time
ORD-US-30419,3,on_time
ORD-US-30420,4,on_time
ORD-US-30421,5,on_time
ORD-US-30422,5,on_time
ORD-US-30423,3,on_time
ORD-US-30424,4,on_time
ORD-US-30425,5,on_time
ORD-US-30426,5,on_time
ORD-US-30427,2,on_time
ORD-US-30428,5,on_time
ORD-US-30429,4,on_time
ORD-US-30430,5,on_time
ORD-US-30431,3,on_time
ORD-US-30432,4,on_time
ORD-US-30433,4,on_time
ORD-US-30434,4,on_time
ORD-US-30435,2,on_time
ORD-US-30436,3,on_time
ORD-US-30437,5,on_time
ORD-US-30438,5,on_time
ORD-US-30439,3,on_time
ORD-US-30440,4,on_time
ORD-US-30441,5,on_time
ORD-US-30442,5,on_time
ORD-US-30443,5,on_time
ORD-US-30444,5,on_time
ORD-US-30445,5,on_time
ORD-US-30446,5,on_time
ORD-US-30447,3,delivery_issue
ORD-US-30448,5,on_time
ORD-US-30449,5,on_time
ORD-US-30450,1,on_time
ORD-US-30451,5,on_time
ORD-US-30452,5,on_time
ORD-US-30453,4,on_time
ORD-US-30454,5,on_time
ORD-US-30455,2,on_time
ORD-US-30456,5,on_time
ORD-US-30457,3,on_time
ORD-US-30458,4,on_time
ORD-US-30459,5,on_time
ORD-US-30460,5,on_time
ORD-US-30461,3,on_time
ORD-US-30462,3,on_time
ORD-US-30463,4,on_time
ORD-US-30464,4,on_time
ORD-US-30465,4,on_time
ORD-US-30466,5,on_time
ORD-US-30467,2,on_time
ORD-US-30468,4,on_time
ORD-US-30469,4,delivery_issue
ORD-US-30470,4,on_time
ORD-US-30471,5,on_time
ORD-US-30472,5,on_time
ORD-US-30473,5,on_time
ORD-US-30474,4,on_time
ORD-US-30475,4,on_time
ORD-US-30476,5,on_time
ORD-US-30477,3,on_time
ORD-US-30478,4,on_time
ORD-US-30479,5,on_time
ORD-US-30480,3,on_time
ORD-US-30481,5,on_time
ORD-US-30482,5,on_time
ORD-US-30483,5,on_time
ORD-US-30484,4,on_time
ORD-US-30485,4,on_time
ORD-US-30486,5,on_time
ORD-US-30487,4,on_time
ORD-US-30488,1,delivery_issue
ORD-US-30489,5,on_time
ORD-US-30490,5,on_time
ORD-US-30491,5,on_time
ORD-US-30492,5,on_time
ORD-US-30493,5,on_time
ORD-US-30494,5,on_time
ORD-US-30495,4,on_time
ORD-US-30496,5,on_time
ORD-US-30497,4,on_time
ORD-US-30498,1,delivery_issue
ORD-US-30499,3,on_time
ORD-US-30500,4,on_time
ORD-US-30501,5,on_time
ORD-US-30502,1,on_time
ORD-US-30503,1,on_time
ORD-US-30504,5,on_time
ORD-US-30505,5,on_time
ORD-US-30506,5,on_time
ORD-US-30507,4,on_time
ORD-US-30508,4,on_time
ORD-US-30509,4,on_time
ORD-US-30510,2,on_time
ORD-US-30511,5,on_time
ORD-US-30512,5,on_time
ORD-US-30513,5,on_time
ORD-US-30514,5,on_time
ORD-US-30515,5,on_time
ORD-US-30516,3,on_time
ORD-US-30517,3,on_time
ORD-US-30518,5,on_time
ORD-US-30519,4,on_time
ORD-US-30520,3,on_time
ORD-US-30521,5,on_time
ORD-US-30522,4,on_time
ORD-US-30523,4,delivery_issue
ORD-US-30524,4,on_time
ORD-US-30525,5,on_time
ORD-US-30526,5,on_time
ORD-US-30527,5,on_time
ORD-US-30528,4,on_time
ORD-US-30529,5,on_time
ORD-US-30530,4,on_time
ORD-US-30531,4,on_time
ORD-US-30532,3,on_time
ORD-US-30533,5,on_time
ORD-US-30534,4,on_time
ORD-US-30535,5,on_time
ORD-US-30536,5,on_time
ORD-US-30537,4,on_time
ORD-US-30538,5,on_time
ORD-US-30539,4,on_time
ORD-US-30540,3,on_time
ORD-US-30541,5,on_time
ORD-US-30542,4,on_time
ORD-US-30543,5,on_time
ORD-US-30544,5,on_time
ORD-US-30545,3,on_time
ORD-US-30546,3,on_time
ORD-US-30547,4,on_time
ORD-US-30548,4,on_time
ORD-US-30549,4,on_time
ORD-US-30550,4,on_time
ORD-US-30551,5,on_time
ORD-US-30552,5,on_time
ORD-US-30553,1,delivery_issue
ORD-US-30554,3,on_time
ORD-US-30555,3,on_time
ORD-US-30556,4,on_time
ORD-US-30557,5,on_time
ORD-US-30558,4,on_time
ORD-US-30559,4,on_time
ORD-US-30560,5,on_time
ORD-US-30561,4,on_time
ORD-US-30562,4,on_time
ORD-US-30563,5,on_time
ORD-US-30564,5,on_time
ORD-US-30565,4,on_time
ORD-US-30566,5,on_time
ORD-US-30567,5,on_time
ORD-US-30568,5,on_time
ORD-US-30569,5,on_time
ORD-US-30570,5,on_time
ORD-US-30571,4,on_time
ORD-US-30572,3,on_time
ORD-US-30573,5,on_time
ORD-US-30574,5,on_time
ORD-US-30575,3,on_time
ORD-US-30576,3,on_time
ORD-US-30577,2,on_time
ORD-US-30578,5,on_time
ORD-US-30579,5,on_time
ORD-US-30580,5,on_time
ORD-US-30581,5,on_time
ORD-US-30582,5,on_time
ORD-US-30583,3,on_time
ORD-US-30584,5,on_time
ORD-US-30585,2,on_time
ORD-US-30586,5,on_time
ORD-US-30587,1,on_time
ORD-US-30588,4,on_time
ORD-US-30589,4,on_time
ORD-US-30590,5,on_time
ORD-US-30591,4,on_time
ORD-US-30592,4,on_time
ORD-US-30593,3,on_time
ORD-US-30594,2,on_time
ORD-US-30595,5,on_time
ORD-US-30596,5,on_time
ORD-US-30597,5,on_time
ORD-US-30598,1,on_time
ORD-US-30599,5,on_time
ORD-US-30600,5,on_time
ORD-US-30601,4,on_time
ORD-US-30602,4,on_time
ORD-US-30603,2,on_time
ORD-US-30604,5,on_time
ORD-US-30605,5,on_time
ORD-US-30606,2,on_time
ORD-US-30607,4,on_time
ORD-US-30608,5,on_time
ORD-US-30609,5,on_time
ORD-US-30610,4,on_time
ORD-US-30611,5,on_time
ORD-US-30612,1,on_time
ORD-US-30613,5,on_time
ORD-US-30614,4,delivery_issue
ORD-US-30615,5,on_time
ORD-US-30616,4,on_time
ORD-US-30617,5,on_time
ORD-US-30618,3,on_time
ORD-US-30619,4,on_time
ORD-US-30620,5,on_time
ORD-US-30621,4,on_time
ORD-US-30622,4,on_time
ORD-US-30623,3,on_time
ORD-US-30624,5,on_time
ORD-US-30625,5,on_time
ORD-US-30626,3,on_time
ORD-US-30627,4,on_time
ORD-US-30628,5,on_time
ORD-US-30629,4,on_time
ORD-US-30630,5,on_time
ORD-US-30631,4,on_time
ORD-US-30632,4,on_time
ORD-US-30633,5,on_time
ORD-US-30634,4,on_time
ORD-US-30635,3,on_time
ORD-US-30636,5,on_time
ORD-US-30637,3,on_time
ORD-US-30638,4,on_time
ORD-US-30639,1,on_time
ORD-US-30640,5,on_time
ORD-US-30641,4,on_time
ORD-US-30642,5,on_time
ORD-US-30643,5,on_time
ORD-US-30644,4,on_time
ORD-US-30645,5,on_time
ORD-US-30646,5,on_time
ORD-US-30647,5,on_time
ORD-US-30648,4,on_time
ORD-US-30649,4,on_time
ORD-US-30650,4,on_time
ORD-US-30651,5,on_time
ORD-US-30652,4,delivery_issue
ORD-US-30653,5,on_time
ORD-US-30654,5,on_time
ORD-US-30655,5,on_time
ORD-US-30656,2,on_time
ORD-US-30657,4,on_time
ORD-US-30658,5,on_time
ORD-US-30659,4,on_time
ORD-US-30660,2,on_time
ORD-US-30661,5,on_time
ORD-US-30662,4,on_time
ORD-US-30663,4,on_time
ORD-US-30664,3,on_time
ORD-US-30665,4,on_time
ORD-US-30666,5,on_time
ORD-US-30667,5,on_time
ORD-US-30668,5,on_time
ORD-US-30669,4,on_time
ORD-US-30670,5,on_time
ORD-US-30671,4,on_time
ORD-US-30672,5,on_time
ORD-US-30673,4,on_time
ORD-US-30674,5,on_time
ORD-US-30675,5,on_time
ORD-US-30676,5,on_time
ORD-US-30677,5,on_time
ORD-US-30678,5,on_time
ORD-US-30679,5,on_time
ORD-US-30680,4,on_time
ORD-US-30681,5,on_time
ORD-US-30682,5,on_time
ORD-US-30683,3,on_time
ORD-US-30684,4,on_time
ORD-US-30685,5,on_time
ORD-US-30686,5,on_time
ORD-US-30687,3,delivery_issue
ORD-US-30688,4,on_time
ORD-US-30689,3,on_time
ORD-US-30690,3,on_time
ORD-US-30691,5,on_time
ORD-US-30692,5,on_time
ORD-US-30693,4,on_time
ORD-US-30694,5,on_time
ORD-US-30695,4,on_time
ORD-US-30696,5,on_time
ORD-US-30697,4,on_time
ORD-US-30698,5,on_time
ORD-US-30699,5,on_time
ORD-US-30700,4,on_time
ORD-US-30701,5,on_time
ORD-US-30702,4,on_time
ORD-US-30703,5,on_time
ORD-US-30704,4,on_time
ORD-US-30705,3,on_time
ORD-US-30706,5,on_time
ORD-US-30707,5,on_time
ORD-US-30708,5,on_time
ORD-US-30709,5,on_time
ORD-US-30710,4,on_time
ORD-US-30711,2,on_time
ORD-US-30712,4,on_time
ORD-US-30713,5,on_time
ORD-US-30714,5,on_time
ORD-US-30715,5,on_time
ORD-US-30716,5,on_time
ORD-US-30717,5,delivery_issue
ORD-US-30718,5,on_time
ORD-US-30719,5,on_time
ORD-US-30720,5,on_time
ORD-US-30721,3,on_time
ORD-US-30722,4,on_time
ORD-US-30723,5,on_time
ORD-US-30724,4,on_time
ORD-US-30725,2,on_time
ORD-US-30726,3,on_time
ORD-US-30727,5,on_time
ORD-US-30728,5,on_time
ORD-US-30729,5,on_time
ORD-US-30730,3,on_time
ORD-US-30731,5,on_time
ORD-US-30732,4,on_time
ORD-US-30733,5,on_time
ORD-US-30734,5,on_time
ORD-US-30735,5,on_time
ORD-US-30736,5,on_time
ORD-US-30737,2,on_time
ORD-US-30738,3,on_time
ORD-US-30739,5,on_time
ORD-US-30740,4,on_time
ORD-US-30741,3,on_time
ORD-US-30742,5,on_time
ORD-US-30743,5,on_time
ORD-US-30744,4,on_time
ORD-US-30745,5,on_time
ORD-US-30746,2,on_time
ORD-US-30747,4,on_time
ORD-US-30748,3,on_time
ORD-US-30749,5,on_time
ORD-US-30750,3,on_time
ORD-US-30751,5,on_time
ORD-US-30752,5,on_time
ORD-US-30753,3,on_time
ORD-US-30754,4,on_time
ORD-US-30755,4,on_time
ORD-US-30756,5,on_time
ORD-US-30757,2,on_time
ORD-US-30758,4,on_time
ORD-US-30759,5,on_time
ORD-US-30760,5,on_time
ORD-US-30761,5,on_time
ORD-US-30762,5,on_time
ORD-US-30763,5,on_time
ORD-US-30764,2,on_time
ORD-US-30765,3,on_time
ORD-US-30766,5,on_time
ORD-US-30767,4,on_time
ORD-US-30768,5,on_time
ORD-US-30769,2,on_time
ORD-US-30770,5,on_time
ORD-US-30771,4,on_time
ORD-US-30772,5,on_time
ORD-US-30773,5,on_time
ORD-US-30774,4,on_time
ORD-US-30775,1,on_time
ORD-US-30776,3,on_time
ORD-US-30777,4,on_time
ORD-US-30778,5,on_time
ORD-US-30779,4,on_time
ORD-US-30780,4,on_time
ORD-US-30781,2,on_time
ORD-US-30782,3,on_time
ORD-US-30783,5,on_time
ORD-US-30784,5,on_time
ORD-US-30785,5,on_time
ORD-US-30786,4,on_time
ORD-US-30787,5,on_time
ORD-US-30788,5,on_time
ORD-US-30789,4,on_time
ORD-US-30790,3,on_time
ORD-US-30791,2,on_time
ORD-US-30792,3,on_time
ORD-US-30793,5,on_time
ORD-US-30794,5,on_time
ORD-US-30795,5,on_time
ORD-US-30796,3,on_time
ORD-US-30797,5,on_time
ORD-US-30798,5,on_time
ORD-US-30799,5,on_time
ORD-US-30800,5,on_time
ORD-US-30801,5,on_time
ORD-US-30802,4,on_time
ORD-US-30803,4,on_time
ORD-US-30804,5,on_time
ORD-US-30805,5,on_time
ORD-US-30806,4,on_time
ORD-US-30807,4,on_time
ORD-US-30808,5,on_time
ORD-US-30809,4,on_time
ORD-US-30810,5,on_time
ORD-US-30811,5,on_time
ORD-US-30812,3,on_time
ORD-US-30813,4,on_time
ORD-US-30814,5,on_time
ORD-US-30815,5,on_time
ORD-US-30816,3,delivery_issue
ORD-US-30817,2,on_time
ORD-US-30818,5,on_time
ORD-US-30819,5,on_time
ORD-US-30820,5,on_time
ORD-US-30821,5,on_time
ORD-US-30822,5,on_time
ORD-US-30823,4,on_time
ORD-US-30824,5,on_time
ORD-US-30825,5,on_time
ORD-US-30826,5,on_time
ORD-US-30827,5,on_time
ORD-US-30828,3,on_time
ORD-US-30829,3,on_time
ORD-US-30830,5,on_time
ORD-US-30831,4,on_time
ORD-US-30832,5,on_time
ORD-US-30833,5,on_time
ORD-US-30834,5,on_time
ORD-US-30835,5,on_time
ORD-US-30836,3,on_time
ORD-US-30837,4,on_time
ORD-US-30838,5,on_time
ORD-US-30839,5,on_time
ORD-US-30840,5,on_time
ORD-US-30841,5,on_time
ORD-US-30842,5,on_time
ORD-US-30843,1,on_time
ORD-US-30844,2,delivery_issue
ORD-US-30845,4,on_time
ORD-US-30846,4,on_time
ORD-US-30847,5,on_time
ORD-US-30848,5,on_time
ORD-US-30849,5,on_time
ORD-US-30850,4,on_time
ORD-US-30851,5,on_time
ORD-US-30852,3,on_time
ORD-US-30853,5,on_time
ORD-US-30854,4,on_time
ORD-US-30855,5,on_time
ORD-US-30856,4,on_time
ORD-US-30857,5,on_time
ORD-US-30858,4,on_time
ORD-US-30859,4,on_time
ORD-US-30860,1,on_time
ORD-US-30861,2,on_time
ORD-US-30862,5,on_time
ORD-US-30863,5,on_time
ORD-US-30864,5,on_time
ORD-US-30865,4,on_time
ORD-US-30866,2,on_time
ORD-US-30867,2,on_time
ORD-US-30868,5,on_time
ORD-US-30869,5,on_time
ORD-US-30870,4,on_time
ORD-US-30871,4,on_time
ORD-US-30872,2,on_time
ORD-US-30873,5,on_time
ORD-US-30874,5,on_time
ORD-US-30875,1,on_time
ORD-US-30876,4,delivery_issue
ORD-US-30877,5,on_time
ORD-US-30878,5,on_time
ORD-US-30879,5,on_time
ORD-US-30880,3,on_time
ORD-US-30881,4,on_time
ORD-US-30882,5,on_time
ORD-US-30883,4,on_time
ORD-US-30884,1,on_time
ORD-US-30885,4,on_time
ORD-US-30886,4,on_time
ORD-US-30887,5,on_time
ORD-US-30888,5,on_time
ORD-US-30889,4,on_time
ORD-US-30890,5,on_time
ORD-US-30891,5,on_time
ORD-US-30892,5,on_time
ORD-US-30893,2,on_time
ORD-US-30894,5,on_time
ORD-US-30895,4,on_time
ORD-US-30896,4,on_time
ORD-US-30897,4,on_time
ORD-US-30898,5,on_time
ORD-US-30899,5,on_time
ORD-US-30900,4,on_time
ORD-US-30901,4,on_time
ORD-US-30902,4,on_time
ORD-US-30903,4,on_time
ORD-US-30904,5,on_time
ORD-US-30905,4,on_time
ORD-US-30906,3,on_time
ORD-US-30907,5,on_time
ORD-US-30908,4,on_time
ORD-US-30909,1,on_time
ORD-US-30910,5,on_time
ORD-US-30911,1,on_time
ORD-US-30912,5,on_time
ORD-US-30913,2,on_time
ORD-US-30914,4,on_time
ORD-US-30915,4,on_time
ORD-US-30916,5,on_time
ORD-US-30917,4,on_time
ORD-US-30918,5,on_time
ORD-US-30919,4,on_time
ORD-US-30920,5,on_time
ORD-US-30921,5,on_time
ORD-US-30922,5,on_time
ORD-US-30923,5,on_time
ORD-US-30924,4,on_time
ORD-US-30925,5,on_time
ORD-US-30926,4,on_time
ORD-US-30927,5,on_time
ORD-US-30928,1,on_time
ORD-US-30929,4,on_time
ORD-US-30930,4,on_time
ORD-US-30931,5,on_time
ORD-US-30932,5,on_time
ORD-US-30933,5,on_time
ORD-US-30934,5,on_time
ORD-US-30935,2,on_time
ORD-US-30936,5,on_time
ORD-US-30937,4,on_time
ORD-US-30938,3,on_time
ORD-US-30939,3,on_time
ORD-US-30940,4,on_time
ORD-US-30941,4,on_time
ORD-US-30942,1,on_time
ORD-US-30943,5,on_time
ORD-US-30944,3,on_time
ORD-US-30945,4,on_time
ORD-US-30946,1,on_time
ORD-US-30947,4,on_time
ORD-US-30948,3,on_time
ORD-US-30949,4,on_time
ORD-US-30950,4,on_time
ORD-US-30951,3,on_time
ORD-US-30952,5,on_time
ORD-US-30953,3,on_time
ORD-US-30954,4,on_time
ORD-US-30955,5,on_time
ORD-US-30956,5,on_time
ORD-US-30957,5,on_time
ORD-US-30958,4,on_time
ORD-US-30959,4,on_time
ORD-US-30960,4,on_time
ORD-US-30961,3,on_time
ORD-US-30962,5,on_time
ORD-US-30963,4,on_time
ORD-US-30964,5,on_time
ORD-US-30965,3,on_time
ORD-US-30966,5,on_time
ORD-US-30967,5,on_time
ORD-US-30968,4,on_time
ORD-US-30969,3,on_time
ORD-US-30970,5,on_time
ORD-US-30971,4,on_time
ORD-US-30972,5,on_time
ORD-US-30973,4,on_time
ORD-US-30974,4,on_time
ORD-US-30975,5,on_time
ORD-US-30976,5,on_time
ORD-US-30977,5,on_time
ORD-US-30978,5,on_time
ORD-US-30979,5,on_time
ORD-US-30980,5,on_time
ORD-US-30981,4,on_time
ORD-US-30982,5,on_time
ORD-US-30983,4,on_time
ORD-US-30984,5,on_time
ORD-US-30985,4,on_time
ORD-US-30986,2,on_time
ORD-US-30987,4,on_time
ORD-US-30988,1,delivery_issue
ORD-US-30989,4,on_time
ORD-US-30990,5,on_time
ORD-US-30991,5,on_time
ORD-US-30992,4,on_time
ORD-US-30993,3,on_time
ORD-US-30994,5,on_time
ORD-US-30995,4,on_time
ORD-US-30996,5,on_time
ORD-US-30997,5,on_time
ORD-US-30998,5,on_time
ORD-US-30999,5,on_time
ORD-US-31000,4,on_time
ORD-US-31001,5,on_time
ORD-US-31002,4,on_time
ORD-US-31003,5,on_time
ORD-US-31004,4,on_time
ORD-US-31005,5,on_time
ORD-US-31006,5,on_time
ORD-US-31007,4,on_time
ORD-US-31008,5,on_time
ORD-US-31009,4,on_time
ORD-US-31010,4,on_time
ORD-US-31011,5,on_time
ORD-US-31012,5,on_time
ORD-US-31013,1,on_time
ORD-US-31014,4,on_time
ORD-US-31015,5,on_time
ORD-US-31016,3,on_time
ORD-US-31017,5,on_time
ORD-US-31018,4,on_time
ORD-US-31019,5,on_time
ORD-US-31020,5,on_time
ORD-US-31021,5,on_time
ORD-US-31022,5,on_time
ORD-US-31023,5,on_time
ORD-US-31024,4,on_time
ORD-US-31025,5,on_time
ORD-US-31026,4,on_time
ORD-US-31027,5,on_time
ORD-US-31028,5,on_time
ORD-US-31029,5,on_time
ORD-US-31030,5,on_time
ORD-US-31031,3,on_time
ORD-US-31032,4,on_time
ORD-US-31033,3,on_time
ORD-US-31034,4,on_time
ORD-US-31035,3,on_time
ORD-US-31036,4,on_time
ORD-US-31037,3,on_time
ORD-US-31038,4,on_time
ORD-US-31039,4,on_time
ORD-US-31040,5,on_time
ORD-US-31041,4,on_time
ORD-US-31042,4,on_time
ORD-US-31043,4,on_time
ORD-US-31044,3,on_time
ORD-US-31045,5,on_time
ORD-US-31046,5,on_time
ORD-US-31047,4,on_time
ORD-US-31048,5,on_time
ORD-US-31049,5,on_time
ORD-US-31050,4,on_time
ORD-US-31051,5,on_time
ORD-US-31052,4,on_time
ORD-US-31053,3,on_time
ORD-US-31054,5,on_time
ORD-US-31055,3,delivery_issue
ORD-US-31056,4,on_time
ORD-US-31057,3,on_time
ORD-US-31058,5,on_time
ORD-US-31059,5,on_time
ORD-US-31060,5,on_time
ORD-US-31061,3,on_time
ORD-US-31062,4,on_time
ORD-US-31063,1,on_time
ORD-US-31064,5,on_time
ORD-US-31065,5,on_time
ORD-US-31066,4,on_time
ORD-US-31067,5,on_time
ORD-US-31068,1,on_time
ORD-US-31069,4,on_time
ORD-US-31070,4,on_time
ORD-US-31071,4,on_time
ORD-US-31072,5,on_time
ORD-US-31073,3,on_time
ORD-US-31074,1,on_time
ORD-US-31075,3,on_time
ORD-US-31076,4,on_time
ORD-US-31077,4,on_time
ORD-US-31078,4,on_time
ORD-US-31079,4,on_time
ORD-US-31080,4,on_time
ORD-US-31081,4,on_time
ORD-US-31082,5,on_time
ORD-US-31083,3,on_time
ORD-US-31084,5,on_time
ORD-US-31085,4,on_time
ORD-US-31086,4,on_time
ORD-US-31087,4,on_time
ORD-US-31088,4,on_time
ORD-US-31089,5,on_time
ORD-US-31090,2,on_time
ORD-US-31091,5,on_time
ORD-US-31092,4,on_time
ORD-US-31093,5,on_time
ORD-US-31094,4,delivery_issue
ORD-US-31095,4,on_time
ORD-US-31096,3,on_time
ORD-US-31097,4,on_time
ORD-US-31098,1,on_time
ORD-US-31099,4,on_time
ORD-US-31100,5,on_time
ORD-US-31101,5,on_time
ORD-US-31102,5,on_time
ORD-US-31103,5,on_time
ORD-US-31104,4,on_time
ORD-US-31105,5,on_time
ORD-US-31106,5,on_time
ORD-US-31107,5,on_time
ORD-US-31108,4,on_time
ORD-US-31109,1,on_time
ORD-US-31110,5,on_time
ORD-US-31111,4,on_time
ORD-US-31112,5,on_time
ORD-US-31113,2,on_time
ORD-US-31114,5,on_time
ORD-US-31115,5,on_time
ORD-US-31116,5,on_time
ORD-US-31117,4,on_time
ORD-US-31118,5,on_time
ORD-US-31119,4,on_time
ORD-US-31120,5,on_time
ORD-US-31121,5,on_time
ORD-US-31122,5,on_time
ORD-US-31123,5,on_time
ORD-US-31124,5,on_time
ORD-US-31125,3,on_time
ORD-US-31126,4,on_time
ORD-US-31127,5,on_time
ORD-US-31128,4,on_time
ORD-US-31129,5,on_time
ORD-US-31130,5,on_time
ORD-US-31131,5,on_time
ORD-US-31132,5,on_time
ORD-US-31133,5,on_time
ORD-US-31134,5,on_time
ORD-US-31135,3,on_time
ORD-US-31136,4,on_time
ORD-US-31137,3,on_time
ORD-US-31138,5,on_time
ORD-US-31139,4,on_time
ORD-US-31140,3,on_time
ORD-US-31141,2,delivery_issue
ORD-US-31142,5,on_time
ORD-US-31143,4,on_time
ORD-US-31144,5,on_time
ORD-US-31145,4,on_time
ORD-US-31146,4,on_time
ORD-US-31147,5,on_time
ORD-US-31148,4,on_time
ORD-US-31149,2,on_time
ORD-US-31150,4,on_time
ORD-US-31151,5,delivery_issue
ORD-US-31152,1,on_time
ORD-US-31153,4,on_time
ORD-US-31154,4,on_time
ORD-US-31155,2,on_time
ORD-US-31156,5,on_time
ORD-US-31157,4,on_time
ORD-US-31158,5,on_time
ORD-US-31159,5,on_time
ORD-US-31160,3,on_time
ORD-US-31161,4,on_time
ORD-US-31162,4,on_time
ORD-US-31163,5,on_time
ORD-US-31164,5,on_time
ORD-US-31165,4,on_time
ORD-US-31166,5,on_time
ORD-US-31167,4,on_time
ORD-US-31168,5,on_time
ORD-US-31169,5,on_time
ORD-US-31170,5,on_time
ORD-US-31171,5,on_time
ORD-US-31172,4,on_time
ORD-US-31173,3,delivery_issue
ORD-US-31174,4,on_time
ORD-US-31175,4,on_time
ORD-US-31176,5,on_time
ORD-US-31177,5,on_time
ORD-US-31178,5,on_time
ORD-US-31179,4,on_time
ORD-US-31180,5,on_time
ORD-US-31181,4,on_time
ORD-US-31182,4,on_time
ORD-US-31183,4,on_time
ORD-US-31184,4,delivery_issue
ORD-US-31185,4,on_time
ORD-US-31186,1,on_time
ORD-US-31187,3,on_time
ORD-US-31188,5,on_time
ORD-US-31189,4,on_time
ORD-US-31190,2,on_time
ORD-US-31191,3,on_time
ORD-US-31192,5,on_time
ORD-US-31193,5,on_time
ORD-US-31194,1,on_time
ORD-US-31195,3,on_time
ORD-US-31196,4,on_time
ORD-US-31197,3,on_time
ORD-US-31198,5,on_time
ORD-US-31199,4,on_time
ORD-US-31200,5,on_time
ORD-US-31201,5,on_time
ORD-US-31202,4,on_time
ORD-US-31203,2,on_time
ORD-US-31204,3,on_time
ORD-US-31205,5,on_time
ORD-US-31206,5,on_time
ORD-US-31207,4,on_time
ORD-US-31208,1,delivery_issue
ORD-US-31209,4,on_time
ORD-US-31210,5,on_time
ORD-US-31211,5,on_time
ORD-US-31212,3,on_time
ORD-US-31213,5,on_time
ORD-US-31214,4,on_time
ORD-US-31215,4,on_time
ORD-US-31216,3,on_time
ORD-US-31217,4,on_time
ORD-US-31218,2,on_time
ORD-US-31219,4,on_time
ORD-US-31220,5,on_time
ORD-US-31221,4,on_time
ORD-US-31222,3,on_time
ORD-US-31223,5,on_time
ORD-US-31224,4,on_time
ORD-US-31225,3,on_time
ORD-US-31226,5,on_time
ORD-US-31227,5,on_time
ORD-US-31228,4,on_time
ORD-US-31229,5,on_time
ORD-US-31230,5,on_time
ORD-US-31231,3,on_time
ORD-US-31232,2,on_time
ORD-US-31233,5,on_time
ORD-US-31234,3,on_time
ORD-US-31235,5,on_time
ORD-US-31236,5,on_time
ORD-US-31237,5,on_time
ORD-US-31238,4,on_time
ORD-US-31239,4,on_time
ORD-US-31240,5,on_time
ORD-US-31241,5,on_time
ORD-US-31242,5,on_time
ORD-US-31243,4,on_time
ORD-US-31244,4,on_time
ORD-US-31245,4,on_time
ORD-US-31246,2,delivery_issue
ORD-US-31247,1,on_time
ORD-US-31248,5,on_time
ORD-US-31249,2,on_time
ORD-US-31250,5,on_time
ORD-US-31251,5,on_time
ORD-US-31252,3,on_time
ORD-US-31253,4,on_time
ORD-US-31254,5,on_time
ORD-US-31255,4,on_time
ORD-US-31256,5,on_time
ORD-US-31257,5,on_time
ORD-US-31258,5,on_time
ORD-US-31259,5,on_time
ORD-US-31260,5,on_time
ORD-US-31261,5,on_time
ORD-US-31262,3,on_time
ORD-US-31263,5,on_time
ORD-US-31264,2,delivery_issue
ORD-US-31265,3,delivery_issue
ORD-US-31266,3,on_time
ORD-US-31267,5,on_time
ORD-US-31268,4,on_time
ORD-US-31269,4,on_time
ORD-US-31270,5,on_time
ORD-US-31271,5,on_time
ORD-US-31272,4,on_time
ORD-US-31273,5,on_time
ORD-US-31274,5,on_time
ORD-US-31275,3,on_time
ORD-US-31276,5,on_time
ORD-US-31277,4,on_time
ORD-US-31278,5,on_time
ORD-US-31279,3,on_time
ORD-US-31280,3,on_time
ORD-US-31281,1,on_time
ORD-US-31282,5,on_time
ORD-US-31283,5,on_time
ORD-US-31284,2,delivery_issue
ORD-US-31285,4,on_time
ORD-US-31286,4,on_time
ORD-US-31287,5,on_time
ORD-US-31288,4,on_time
ORD-US-31289,4,on_time
ORD-US-31290,1,on_time
ORD-US-31291,5,on_time
ORD-US-31292,5,on_time
ORD-US-31293,4,on_time
ORD-US-31294,5,on_time
ORD-US-31295,5,on_time
ORD-US-31296,1,delivery_issue
ORD-US-31297,5,on_time
ORD-US-31298,5,on_time
ORD-US-31299,3,on_time
ORD-US-31300,5,on_time
ORD-US-31301,4,on_time
ORD-US-31302,5,on_time
ORD-US-31303,5,on_time
ORD-US-31304,3,on_time
ORD-US-31305,3,on_time
ORD-US-31306,4,on_time
ORD-US-31307,3,delivery_issue
ORD-US-31308,4,on_time
ORD-US-31309,5,on_time
ORD-US-31310,4,on_time
ORD-US-31311,4,on_time
ORD-US-31312,5,on_time
ORD-US-31313,5,on_time
ORD-US-31314,5,on_time
ORD-US-31315,5,on_time
ORD-US-31316,4,on_time
ORD-US-31317,2,on_time
ORD-US-31318,5,on_time
ORD-US-31319,4,on_time
ORD-US-31320,4,on_time
ORD-US-31321,5,on_time
ORD-US-31322,5,on_time
ORD-US-31323,5,on_time
ORD-US-31324,5,on_time
ORD-US-31325,5,on_time
ORD-US-31326,4,on_time
ORD-US-31327,5,on_time
ORD-US-31328,5,on_time
ORD-US-31329,4,on_time
ORD-US-31330,5,on_time
ORD-US-31331,4,on_time
ORD-US-31332,5,on_time
ORD-US-31333,1,on_time
ORD-US-31334,4,delivery_issue
ORD-US-31335,5,on_time
ORD-US-31336,5,on_time
ORD-US-31337,4,on_time
ORD-US-31338,5,on_time
ORD-US-31339,5,on_time
ORD-US-31340,1,on_time
ORD-US-31341,5,on_time
ORD-US-31342,4,on_time
ORD-US-31343,5,on_time
ORD-US-31344,5,on_time
ORD-US-31345,5,on_time
ORD-US-31346,5,on_time
ORD-US-31347,5,on_time
ORD-US-31348,2,on_time
ORD-US-31349,5,on_time
ORD-US-31350,4,delivery_issue
ORD-US-31351,5,on_time
ORD-US-31352,5,on_time
ORD-US-31353,4,on_time
ORD-US-31354,5,on_time
ORD-US-31355,3,on_time
ORD-US-31356,2,on_time
ORD-US-31357,5,on_time
ORD-US-31358,4,on_time
ORD-US-31359,5,on_time
ORD-US-31360,4,on_time
ORD-US-31361,5,on_time
ORD-US-31362,2,on_time
ORD-US-31363,5,on_time
ORD-US-31364,5,on_time
ORD-US-31365,5,on_time
ORD-US-31366,3,on_time
ORD-US-31367,4,on_time
ORD-US-31368,4,on_time
ORD-US-31369,4,on_time
ORD-US-31370,5,on_time
ORD-US-31371,3,on_time
ORD-US-31372,4,on_time
ORD-US-31373,1,on_time
ORD-US-31374,4,on_time
ORD-US-31375,5,on_time
ORD-US-31376,5,on_time
ORD-US-31377,5,on_time
ORD-US-31378,4,on_time
ORD-US-31379,5,on_time
ORD-US-31380,2,delivery_issue
ORD-US-31381,5,on_time
ORD-US-31382,4,on_time
ORD-US-31383,2,on_time
ORD-US-31384,4,on_time
ORD-US-31385,5,on_time
ORD-US-31386,5,on_time
ORD-US-31387,5,on_time
ORD-US-31388,4,on_time
ORD-US-31389,4,on_time
ORD-US-31390,4,delivery_issue
ORD-US-31391,4,on_time
ORD-US-31392,5,on_time
ORD-US-31393,4,on_time
ORD-US-31394,4,on_time
ORD-US-31395,5,on_time
ORD-US-31396,3,on_time
ORD-US-31397,1,on_time
ORD-US-31398,5,on_time
ORD-US-31399,5,on_time
ORD-US-31400,4,on_time
ORD-US-31401,5,on_time
ORD-US-31402,3,on_time
ORD-US-31403,4,on_time
ORD-US-31404,4,on_time
ORD-US-31405,5,on_time
ORD-US-31406,5,on_time
ORD-US-31407,5,on_time
ORD-US-31408,3,delivery_issue
ORD-US-31409,5,on_time
ORD-US-31410,5,on_time
ORD-US-31411,3,on_time
ORD-US-31412,5,on_time
ORD-US-31413,5,on_time
ORD-US-31414,5,on_time
ORD-US-31415,4,on_time
ORD-US-31416,5,on_time
ORD-US-31417,4,on_time
ORD-US-31418,5,on_time
ORD-US-31419,4,on_time
ORD-US-31420,3,on_time
ORD-US-31421,5,on_time
ORD-US-31422,3,on_time
ORD-US-31423,2,on_time
ORD-US-31424,1,on_time
ORD-US-31425,5,on_time
ORD-US-31426,3,on_time
ORD-US-31427,4,on_time
ORD-US-31428,4,on_time
ORD-US-31429,3,on_time
ORD-US-31430,4,on_time
ORD-US-31431,4,on_time
ORD-US-31432,4,on_time
ORD-US-31433,5,on_time
ORD-US-31434,5,on_time
ORD-US-31435,5,on_time
ORD-US-31436,5,on_time
ORD-US-31437,5,on_time
ORD-US-31438,5,on_time
ORD-US-31439,5,on_time
ORD-US-31440,5,on_time
ORD-US-31441,5,on_time
ORD-US-31442,5,on_time
ORD-US-31443,3,on_time
ORD-US-31444,4,on_time
ORD-US-31445,5,on_time
ORD-US-31446,5,on_time
ORD-US-31447,4,on_time
ORD-US-31448,5,on_time
ORD-US-31449,4,on_time
ORD-US-31450,4,on_time
ORD-US-31451,5,on_time
ORD-US-31452,5,on_time
ORD-US-31453,2,on_time
ORD-US-31454,1,delivery_issue
ORD-US-31455,5,on_time
ORD-US-31456,5,on_time
ORD-US-31457,5,on_time
ORD-US-31458,4,on_time
ORD-US-31459,3,on_time
ORD-US-31460,4,on_time
ORD-US-31461,5,on_time
ORD-US-31462,5,on_time
ORD-US-31463,4,on_time
ORD-US-31464,5,on_time
ORD-US-31465,5,on_time
ORD-US-31466,3,on_time
ORD-US-31467,5,on_time
ORD-US-31468,4,on_time
ORD-US-31469,5,on_time
ORD-US-31470,1,on_time
ORD-US-31471,5,on_time
ORD-US-31472,5,on_time
ORD-US-31473,5,on_time
ORD-US-31474,5,on_time
ORD-US-31475,3,on_time
ORD-US-31476,5,on_time
ORD-US-31477,4,on_time
ORD-US-31478,5,on_time
ORD-US-31479,4,on_time
ORD-US-31480,2,delivery_issue
ORD-US-31481,5,on_time
ORD-US-31482,5,on_time
ORD-US-31483,4,on_time
ORD-US-31484,5,on_time
ORD-US-31485,5,on_time
ORD-US-31486,3,on_time
ORD-US-31487,5,on_time
ORD-US-31488,1,on_time
ORD-US-31489,5,on_time
ORD-US-31490,4,on_time
ORD-US-31491,5,on_time
ORD-US-31492,5,on_time
ORD-US-31493,5,on_time
ORD-US-31494,5,on_time
ORD-US-31495,5,on_time
ORD-US-31496,5,on_time
ORD-US-31497,5,on_time
ORD-US-31498,1,on_time
ORD-US-31499,5,on_time
ORD-US-31500,5,on_time
ORD-US-31501,3,on_time
ORD-US-31502,5,on_time
ORD-US-31503,5,on_time
ORD-US-31504,2,on_time
ORD-US-31505,3,on_time
ORD-US-31506,3,on_time
ORD-US-31507,5,on_time
ORD-US-31508,4,on_time
ORD-US-31509,1,on_time
ORD-US-31510,5,on_time
ORD-US-31511,1,on_time
ORD-US-31512,5,on_time
ORD-US-31513,5,on_time
ORD-US-31514,5,on_time
ORD-US-31515,4,on_time
ORD-US-31516,5,on_time
ORD-US-31517,4,on_time
ORD-US-31518,1,on_time
ORD-US-31519,5,on_time
ORD-US-31520,5,on_time
ORD-US-31521,3,on_time
ORD-US-31522,5,on_time
ORD-US-31523,4,on_time
ORD-US-31524,4,on_time
ORD-US-31525,1,delivery_issue
ORD-US-31526,5,on_time
ORD-US-31527,4,on_time
ORD-US-31528,5,on_time
ORD-US-31529,5,on_time
ORD-US-31530,4,on_time
ORD-US-31531,4,on_time
ORD-US-31532,5,on_time
ORD-US-31533,2,on_time
ORD-US-31534,5,on_time
ORD-US-31535,4,on_time
ORD-US-31536,4,on_time
ORD-US-31537,4,on_time
ORD-US-31538,5,on_time
ORD-US-31539,3,on_time
ORD-US-31540,4,on_time
ORD-US-31541,4,on_time
ORD-US-31542,5,on_time
ORD-US-31543,3,on_time
ORD-US-31544,4,on_time
ORD-US-31545,5,on_time
ORD-US-31546,5,on_time
ORD-US-31547,5,on_time
ORD-US-31548,5,on_time
ORD-US-31549,5,on_time
ORD-US-31550,5,on_time
ORD-US-31551,3,on_time
ORD-US-31552,4,on_time
ORD-US-31553,4,on_time
ORD-US-31554,5,on_time
ORD-US-31555,5,on_time
ORD-US-31556,5,on_time
ORD-US-31557,5,on_time
ORD-US-31558,4,on_time
ORD-US-31559,4,on_time
ORD-US-31560,4,on_time
ORD-US-31561,5,on_time
ORD-US-31562,4,on_time
ORD-US-31563,4,on_time
ORD-US-31564,4,on_time
ORD-US-31565,4,on_time
ORD-US-31566,5,on_time
ORD-US-31567,5,on_time
ORD-US-31568,4,on_time
ORD-US-31569,4,on_time
ORD-US-31570,4,on_time
ORD-US-31571,4,on_time
ORD-US-31572,5,on_time
ORD-US-31573,4,on_time
ORD-US-31574,3,on_time
ORD-US-31575,5,on_time
ORD-US-31576,5,on_time
ORD-US-31577,5,on_time
ORD-US-31578,3,on_time
ORD-US-31579,5,on_time
ORD-US-31580,2,on_time
ORD-US-31581,5,on_time
ORD-US-31582,4,on_time
ORD-US-31583,4,on_time
ORD-US-31584,4,on_time
ORD-US-31585,4,on_time
ORD-US-31586,4,on_time
ORD-US-31587,5,on_time
ORD-US-31588,3,on_time
ORD-US-31589,5,on_time
ORD-US-31590,3,on_time
ORD-US-31591,5,on_time
ORD-US-31592,5,on_time
ORD-US-31593,4,on_time
ORD-US-31594,5,on_time
ORD-US-31595,5,on_time
ORD-US-31596,4,on_time
ORD-US-31597,4,on_time
ORD-US-31598,5,on_time
ORD-US-31599,4,on_time
ORD-US-31600,4,on_time
ORD-US-31601,3,on_time
ORD-US-31602,4,on_time
ORD-US-31603,4,on_time
ORD-US-31604,4,on_time
ORD-US-31605,5,on_time
ORD-US-31606,4,on_time
ORD-US-31607,5,on_time
ORD-US-31608,5,on_time
ORD-US-31609,5,on_time
ORD-US-31610,4,on_time
ORD-US-31611,5,on_time
ORD-US-31612,4,on_time
ORD-US-31613,4,on_time
ORD-US-31614,4,on_time
ORD-US-31615,5,on_time
ORD-US-31616,2,on_time
ORD-US-31617,4,on_time
ORD-US-31618,4,on_time
ORD-US-31619,3,on_time
ORD-US-31620,4,on_time
ORD-US-31621,5,on_time
ORD-US-31622,4,on_time
ORD-US-31623,1,on_time
ORD-US-31624,5,on_time
ORD-US-31625,5,on_time
ORD-US-31626,5,on_time
ORD-US-31627,5,on_time
ORD-US-31628,4,on_time
ORD-US-31629,5,on_time
ORD-US-31630,1,on_time
ORD-US-31631,4,on_time
ORD-US-31632,3,delivery_issue
ORD-US-31633,4,on_time
ORD-US-31634,5,on_time
ORD-US-31635,4,on_time
ORD-US-31636,4,on_time
ORD-US-31637,4,on_time
ORD-US-31638,4,on_time
ORD-US-31639,5,on_time
ORD-US-31640,5,on_time
ORD-US-31641,3,on_time
ORD-US-31642,5,on_time
ORD-US-31643,5,on_time
ORD-US-31644,5,on_time
ORD-US-31645,5,on_time
ORD-US-31646,4,on_time
ORD-US-31647,5,on_time
ORD-US-31648,2,on_time
ORD-US-31649,5,on_time
ORD-US-31650,3,delivery_issue
ORD-US-31651,5,on_time
ORD-US-31652,5,on_time
ORD-US-31653,3,on_time
ORD-US-31654,4,on_time
ORD-US-31655,5,on_time
ORD-US-31656,5,on_time
ORD-US-31657,4,on_time
ORD-US-31658,2,on_time
ORD-US-31659,1,on_time
ORD-US-31660,4,on_time
ORD-US-31661,1,on_time
ORD-US-31662,5,on_time
ORD-US-31663,3,on_time
ORD-US-31664,5,on_time
ORD-US-31665,4,on_time
ORD-US-31666,5,on_time
ORD-US-31667,3,on_time
ORD-US-31668,5,on_time
ORD-US-31669,5,on_time
ORD-US-31670,3,on_time
ORD-US-31671,5,on_time
ORD-US-31672,4,on_time
ORD-US-31673,5,on_time
ORD-US-31674,5,on_time
ORD-US-31675,5,on_time
ORD-US-31676,3,on_time
ORD-US-31677,5,on_time
ORD-US-31678,5,on_time
ORD-US-31679,4,on_time
ORD-US-31680,4,on_time
ORD-US-31681,4,on_time
ORD-US-31682,5,on_time
ORD-US-31683,5,on_time
ORD-US-31684,4,on_time
ORD-US-31685,4,on_time
ORD-US-31686,5,on_time
ORD-US-31687,4,on_time
ORD-US-31688,4,on_time
ORD-US-31689,2,on_time
ORD-US-31690,5,on_time
ORD-US-31691,4,on_time
ORD-US-31692,4,on_time
ORD-US-31693,4,on_time
ORD-US-31694,3,on_time
ORD-US-31695,4,on_time
ORD-US-31696,4,on_time
ORD-US-31697,4,on_time
ORD-US-31698,4,delivery_issue
ORD-US-31699,5,on_time
ORD-US-31700,5,on_time
ORD-US-31701,1,on_time
ORD-US-31702,5,on_time
ORD-US-31703,5,on_time
ORD-US-31704,5,on_time
ORD-US-31705,5,on_time
ORD-US-31706,5,on_time
ORD-US-31707,4,on_time
ORD-US-31708,4,on_time
ORD-US-31709,5,on_time
ORD-US-31710,4,on_time
ORD-US-31711,4,on_time
ORD-US-31712,5,on_time
ORD-US-31713,5,on_time
ORD-US-31714,5,on_time
ORD-US-31715,4,on_time
ORD-US-31716,3,on_time
ORD-US-31717,4,on_time
ORD-US-31718,5,on_time
ORD-US-31719,4,on_time
ORD-US-31720,4,on_time
ORD-US-31721,5,on_time
ORD-US-31722,4,on_time
ORD-US-31723,4,on_time
ORD-US-31724,3,on_time
ORD-US-31725,1,on_time
ORD-US-31726,2,on_time
ORD-US-31727,5,on_time
ORD-US-31728,2,on_time
ORD-US-31729,5,on_time
ORD-US-31730,4,on_time
ORD-US-31731,1,on_time
ORD-US-31732,4,on_time
ORD-US-31733,5,on_time
ORD-US-31734,4,on_time
ORD-US-31735,5,on_time
ORD-US-31736,4,on_time
ORD-US-31737,5,on_time
ORD-US-31738,5,on_time
ORD-US-31739,5,on_time
ORD-US-31740,4,on_time
ORD-US-31741,4,on_time
ORD-US-31742,5,on_time
ORD-US-31743,2,on_time
ORD-US-31744,5,on_time
ORD-US-31745,3,on_time
ORD-US-31746,3,on_time
ORD-US-31747,3,on_time
ORD-US-31748,4,on_time
ORD-US-31749,4,on_time
ORD-US-31750,4,on_time
ORD-US-31751,4,on_time
ORD-US-31752,5,on_time
ORD-US-31753,1,on_time
ORD-US-31754,5,on_time
ORD-US-31755,3,on_time
ORD-US-31756,3,on_time
ORD-US-31757,4,on_time
ORD-US-31758,4,on_time
ORD-US-31759,5,on_time
ORD-US-31760,4,on_time
ORD-US-31761,5,on_time
ORD-US-31762,5,on_time
ORD-US-31763,4,on_time
ORD-US-31764,4,on_time
ORD-US-31765,5,on_time
ORD-US-31766,3,on_time
ORD-US-31767,5,on_time
ORD-US-31768,5,on_time
ORD-US-31769,4,on_time
ORD-US-31770,4,on_time
ORD-US-31771,5,on_time
ORD-US-31772,3,on_time
ORD-US-31773,4,on_time
ORD-US-31774,5,on_time
ORD-US-31775,4,on_time
ORD-US-31776,4,on_time
ORD-US-31777,5,on_time
ORD-US-31778,4,on_time
ORD-US-31779,4,on_time
ORD-US-31780,4,on_time
ORD-US-31781,5,on_time
ORD-US-31782,5,on_time
ORD-US-31783,5,on_time
ORD-US-31784,5,on_time
ORD-US-31785,5,on_time
ORD-US-31786,5,delivery_issue
ORD-US-31787,5,on_time
ORD-US-31788,4,delivery_issue
ORD-US-31789,4,on_time
ORD-US-31790,3,on_time
ORD-US-31791,3,on_time
ORD-US-31792,3,on_time
ORD-US-31793,4,on_time
ORD-US-31794,4,on_time
ORD-US-31795,4,on_time
ORD-US-31796,5,on_time
ORD-US-31797,4,on_time
ORD-US-31798,5,on_time
ORD-US-31799,5,on_time
ORD-US-31800,5,on_time
ORD-US-31801,5,on_time
ORD-US-31802,3,on_time
ORD-US-31803,5,on_time
ORD-US-31804,5,on_time
ORD-US-31805,4,on_time
ORD-US-31806,5,on_time
ORD-US-31807,4,on_time
ORD-US-31808,4,on_time
ORD-US-31809,4,on_time
ORD-US-31810,5,on_time
ORD-US-31811,5,on_time
ORD-US-31812,5,on_time
ORD-US-31813,3,on_time
ORD-US-31814,5,on_time
ORD-US-31815,5,on_time
ORD-US-31816,5,on_time
ORD-US-31817,4,on_time
ORD-US-31818,4,on_time
ORD-US-31819,4,on_time
ORD-US-31820,1,on_time
ORD-US-31821,4,on_time
ORD-US-31822,4,on_time
ORD-US-31823,3,on_time
ORD-US-31824,5,on_time
ORD-US-31825,4,on_time
ORD-US-31826,5,on_time
ORD-US-31827,3,on_time
ORD-US-31828,5,on_time
ORD-US-31829,3,on_time
ORD-US-31830,3,on_time
ORD-US-31831,5,on_time
ORD-US-31832,3,on_time
ORD-US-31833,4,on_time
ORD-US-31834,4,on_time
ORD-US-31835,5,on_time
ORD-US-31836,2,on_time
ORD-US-31837,4,on_time
ORD-US-31838,5,on_time
ORD-US-31839,2,on_time
ORD-US-31840,5,on_time
ORD-US-31841,5,on_time
ORD-US-31842,4,on_time
ORD-US-31843,5,on_time
ORD-US-31844,5,on_time
ORD-US-31845,5,on_time
ORD-US-31846,1,on_time
ORD-US-31847,2,on_time
ORD-US-31848,4,on_time
ORD-US-31849,4,on_time
ORD-US-31850,5,on_time
ORD-US-31851,4,on_time
ORD-US-31852,5,on_time
ORD-US-31853,4,on_time
ORD-US-31854,5,on_time
ORD-US-31855,1,delivery_issue
ORD-US-31856,5,on_time
ORD-US-31857,4,on_time
ORD-US-31858,3,on_time
ORD-US-31859,1,delivery_issue
ORD-US-31860,5,on_time
ORD-US-31861,5,on_time
ORD-US-31862,5,on_time
ORD-US-31863,5,on_time
ORD-US-31864,3,on_time
ORD-US-31865,4,on_time
ORD-US-31866,5,on_time
ORD-US-31867,3,on_time
ORD-US-31868,4,on_time
ORD-US-31869,5,on_time
ORD-US-31870,5,on_time
ORD-US-31871,5,on_time
ORD-US-31872,5,on_time
ORD-US-31873,4,on_time
ORD-US-31874,5,on_time
ORD-US-31875,5,on_time
ORD-US-31876,4,on_time
ORD-US-31877,5,on_time
ORD-US-31878,5,on_time
ORD-US-31879,5,on_time
ORD-US-31880,4,on_time
ORD-US-31881,4,on_time
ORD-US-31882,3,on_time
ORD-US-31883,5,on_time
ORD-US-31884,4,on_time
ORD-US-31885,5,on_time
ORD-US-31886,4,on_time
ORD-US-31887,5,on_time
ORD-US-31888,3,on_time
ORD-US-31889,5,on_time
ORD-US-31890,5,on_time
ORD-US-31891,3,on_time
ORD-US-31892,5,on_time
ORD-US-31893,5,on_time
ORD-US-31894,5,on_time
ORD-US-31895,5,on_time
ORD-US-31896,4,on_time
ORD-US-31897,5,on_time
ORD-US-31898,4,on_time
ORD-US-31899,4,on_time
ORD-US-31900,4,delivery_issue
ORD-US-31901,5,on_time
ORD-US-31902,5,on_time
ORD-US-31903,4,on_time
ORD-US-31904,5,on_time
ORD-US-31905,4,on_time
ORD-US-31906,5,on_time
ORD-US-31907,5,on_time
ORD-US-31908,5,on_time
ORD-US-31909,5,on_time
ORD-US-31910,2,on_time
ORD-US-31911,5,on_time
ORD-US-31912,5,on_time
ORD-US-31913,5,on_time
ORD-US-31914,5,on_time
ORD-US-31915,5,on_time
ORD-US-31916,5,on_time
ORD-US-31917,1,on_time
ORD-US-31918,4,on_time
ORD-US-31919,5,on_time
ORD-US-31920,3,on_time
ORD-US-31921,4,on_time
ORD-US-31922,3,on_time
ORD-US-31923,2,on_time
ORD-US-31924,5,on_time
ORD-US-31925,4,on_time
ORD-US-31926,5,on_time
ORD-US-31927,2,delivery_issue
ORD-US-31928,4,on_time
ORD-US-31929,4,on_time
ORD-US-31930,5,on_time
ORD-US-31931,4,on_time
ORD-US-31932,5,on_time
ORD-US-31933,5,on_time
ORD-US-31934,5,on_time
ORD-US-31935,4,on_time
ORD-US-31936,5,on_time
ORD-US-31937,5,on_time
ORD-US-31938,4,on_time
ORD-US-31939,3,on_time
ORD-US-31940,2,delivery_issue
ORD-US-31941,5,on_time
ORD-US-31942,5,on_time
ORD-US-31943,4,on_time
ORD-US-31944,4,on_time
ORD-US-31945,4,on_time
ORD-US-31946,5,on_time
ORD-US-31947,3,on_time
ORD-US-31948,4,on_time
ORD-US-31949,2,on_time
ORD-US-31950,4,on_time
ORD-US-31951,4,on_time
ORD-US-31952,5,on_time
ORD-US-31953,5,on_time
ORD-US-31954,5,on_time
ORD-US-31955,5,on_time
ORD-US-31956,1,on_time
ORD-US-31957,4,on_time
ORD-US-31958,5,on_time
ORD-US-31959,5,on_time
ORD-US-31960,4,on_time
ORD-US-31961,5,on_time
ORD-US-31962,5,on_time
ORD-US-31963,4,on_time
ORD-US-31964,4,on_time
ORD-US-31965,5,on_time
ORD-US-31966,2,on_time
ORD-US-31967,1,on_time
ORD-US-31968,5,on_time
ORD-US-31969,4,on_time
ORD-US-31970,5,on_time
ORD-US-31971,4,on_time
ORD-US-31972,4,on_time
ORD-US-31973,4,on_time
ORD-US-31974,2,on_time
ORD-US-31975,4,on_time
ORD-US-31976,3,on_time
ORD-US-31977,5,on_time
ORD-US-31978,5,on_time
ORD-US-31979,5,on_time
ORD-US-31980,5,on_time
ORD-US-31981,4,on_time
ORD-US-31982,3,on_time
ORD-US-31983,5,on_time
ORD-US-31984,4,on_time
ORD-US-31985,5,on_time
ORD-US-31986,5,on_time
ORD-US-31987,5,on_time
ORD-US-31988,4,on_time
ORD-US-31989,4,on_time
ORD-US-31990,5,on_time
ORD-US-31991,4,on_time
ORD-US-31992,3,on_time
ORD-US-31993,4,on_time
ORD-US-31994,5,on_time
ORD-US-31995,5,on_time
ORD-US-31996,2,on_time
ORD-US-31997,4,on_time
ORD-US-31998,4,on_time
ORD-US-31999,5,on_time
ORD-US-32000,5,on_time
ORD-US-32001,5,on_time
ORD-US-32002,5,on_time
ORD-US-32003,5,on_time
ORD-US-32004,5,on_time
ORD-US-32005,5,on_time
ORD-US-32006,4,on_time
ORD-US-32007,5,on_time
ORD-US-32008,5,on_time
ORD-US-32009,1,on_time
ORD-US-32010,5,on_time
ORD-US-32011,4,on_time
ORD-US-32012,5,on_time
ORD-US-32013,4,on_time
ORD-US-32014,2,on_time
ORD-US-32015,5,on_time
ORD-US-32016,5,on_time
ORD-US-32017,4,on_time
ORD-US-32018,5,on_time
ORD-US-32019,4,on_time
ORD-US-32020,5,on_time
ORD-US-32021,5,on_time
ORD-US-32022,4,on_time
ORD-US-32023,2,on_time
ORD-US-32024,5,on_time
ORD-US-32025,3,on_time
ORD-US-32026,4,on_time
ORD-US-32027,5,on_time
ORD-US-32028,5,on_time
ORD-US-32029,5,on_time
ORD-US-32030,5,on_time
ORD-US-32031,4,on_time
ORD-US-32032,4,on_time
ORD-US-32033,5,on_time
ORD-US-32034,4,on_time
ORD-US-32035,5,on_time
ORD-US-32036,4,on_time
ORD-US-32037,5,on_time
ORD-US-32038,4,on_time
ORD-US-32039,5,on_time
ORD-US-32040,5,on_time
ORD-US-32041,4,on_time
ORD-US-32042,4,on_time
ORD-US-32043,5,on_time
ORD-US-32044,5,on_time
ORD-US-32045,4,on_time
ORD-US-32046,5,on_time
ORD-US-32047,2,on_time
ORD-US-32048,5,on_time
ORD-US-32049,4,on_time
ORD-US-32050,5,on_time
ORD-US-32051,5,on_time
ORD-US-32052,4,on_time
ORD-US-32053,5,on_time
ORD-US-32054,5,on_time
ORD-US-32055,5,on_time
ORD-US-32056,2,on_time
ORD-US-32057,5,on_time
ORD-US-32058,4,on_time
ORD-US-32059,4,on_time
ORD-US-32060,4,on_time
ORD-US-32061,2,on_time
ORD-US-32062,4,on_time
ORD-US-32063,3,on_time
ORD-US-32064,4,on_time
ORD-US-32065,5,on_time
ORD-US-32066,5,on_time
ORD-US-32067,4,on_time
ORD-US-32068,2,on_time
ORD-US-32069,4,on_time
ORD-US-32070,4,on_time
ORD-US-32071,5,on_time
ORD-US-32072,5,on_time
ORD-US-32073,5,on_time
ORD-US-32074,5,on_time
ORD-US-32075,5,on_time
ORD-US-32076,3,on_time
ORD-US-32077,4,on_time
ORD-US-32078,5,on_time
ORD-US-32079,4,on_time
ORD-US-32080,3,on_time
ORD-US-32081,4,on_time
ORD-US-32082,5,on_time
ORD-US-32083,5,on_time
ORD-US-32084,5,on_time
ORD-US-32085,5,on_time
ORD-US-32086,3,on_time
ORD-US-32087,5,on_time
ORD-US-32088,4,on_time
ORD-US-32089,5,on_time
ORD-US-32090,4,on_time
ORD-US-32091,5,on_time
ORD-US-32092,5,on_time
ORD-US-32093,5,on_time
ORD-US-32094,4,on_time
ORD-US-32095,4,on_time
ORD-US-32096,4,on_time
ORD-US-32097,5,on_time
ORD-US-32098,2,on_time
ORD-US-32099,5,on_time
ORD-US-32100,4,on_time
ORD-US-32101,4,on_time
ORD-US-32102,2,on_time
ORD-US-32103,4,on_time
ORD-US-32104,4,on_time
ORD-US-32105,5,on_time
ORD-US-32106,5,on_time
ORD-US-32107,5,on_time
ORD-US-32108,5,on_time
ORD-US-32109,3,on_time
ORD-US-32110,5,on_time
ORD-US-32111,4,on_time
ORD-US-32112,5,on_time
ORD-US-32113,4,on_time
ORD-US-32114,3,on_time
ORD-US-32115,4,on_time
ORD-US-32116,4,on_time
ORD-US-32117,4,on_time
ORD-US-32118,4,on_time
ORD-US-32119,4,on_time
ORD-US-32120,5,on_time
ORD-US-32121,5,on_time
ORD-US-32122,5,on_time
ORD-US-32123,5,on_time
ORD-US-32124,4,on_time
ORD-US-32125,5,on_time
ORD-US-32126,4,on_time
ORD-US-32127,5,on_time
ORD-US-32128,3,on_time
ORD-US-32129,4,on_time
ORD-US-32130,5,on_time
ORD-US-32131,4,on_time
ORD-US-32132,3,on_time
ORD-US-32133,1,on_time
ORD-US-32134,4,on_time
ORD-US-32135,1,on_time
ORD-US-32136,5,on_time
ORD-US-32137,4,on_time
ORD-US-32138,4,on_time
ORD-US-32139,5,on_time
ORD-US-32140,5,on_time
ORD-US-32141,5,on_time
ORD-US-32142,5,on_time
ORD-US-32143,5,on_time
ORD-US-32144,5,on_time
ORD-US-32145,5,on_time
ORD-US-32146,4,on_time
ORD-US-32147,4,on_time
ORD-US-32148,5,on_time
ORD-US-32149,4,on_time
ORD-US-32150,5,on_time
ORD-US-32151,5,on_time
ORD-US-32152,4,on_time
ORD-US-32153,5,on_time
ORD-US-32154,4,on_time
ORD-US-32155,4,on_time
ORD-US-32156,5,on_time
ORD-US-32157,4,on_time
ORD-US-32158,5,on_time
ORD-US-32159,4,on_time
ORD-US-32160,4,on_time
ORD-US-32161,4,on_time
ORD-US-32162,4,on_time
ORD-US-32163,5,on_time
ORD-US-32164,5,on_time
ORD-US-32165,4,on_time
ORD-US-32166,5,on_time
ORD-US-32167,4,on_time
ORD-US-32168,5,on_time
ORD-US-32169,4,on_time
ORD-US-32170,5,on_time
ORD-US-32171,3,delivery_issue
ORD-US-32172,3,on_time
ORD-US-32173,5,on_time
ORD-US-32174,5,on_time
ORD-US-32175,4,on_time
ORD-US-32176,3,on_time
ORD-US-32177,5,on_time
ORD-US-32178,1,on_time
ORD-US-32179,4,on_time
ORD-US-32180,4,on_time
ORD-US-32181,4,on_time
ORD-US-32182,4,on_time
ORD-US-32183,5,on_time
ORD-US-32184,5,on_time
ORD-US-32185,4,on_time
ORD-US-32186,1,on_time
ORD-US-32187,4,on_time
ORD-US-32188,5,on_time
ORD-US-32189,4,on_time
ORD-US-32190,3,on_time
ORD-US-32191,5,on_time
ORD-US-32192,5,on_time
ORD-US-32193,3,on_time
ORD-US-32194,5,on_time
ORD-US-32195,5,on_time
ORD-US-32196,5,on_time
ORD-US-32197,5,on_time
ORD-US-32198,4,on_time
ORD-US-32199,4,on_time
ORD-US-32200,5,on_time
ORD-US-32201,5,on_time
ORD-US-32202,2,on_time
ORD-US-32203,5,on_time
ORD-US-32204,5,on_time
ORD-US-32205,4,on_time
ORD-US-32206,5,on_time
ORD-US-32207,5,on_time
ORD-US-32208,3,on_time
ORD-US-32209,5,on_time
ORD-US-32210,5,on_time
ORD-US-32211,5,on_time
ORD-US-32212,5,on_time
ORD-US-32213,5,on_time
ORD-US-32214,4,on_time
ORD-US-32215,4,on_time
ORD-US-32216,5,on_time
ORD-US-32217,5,on_time
ORD-US-32218,4,on_time
ORD-US-32219,5,on_time
ORD-US-32220,4,on_time
ORD-US-32221,2,delivery_issue
ORD-US-32222,4,on_time
ORD-US-32223,5,on_time
ORD-US-32224,4,on_time
ORD-US-32225,2,on_time
ORD-US-32226,5,on_time
ORD-US-32227,5,on_time
ORD-US-32228,4,on_time
ORD-US-32229,4,on_time
ORD-US-32230,5,on_time
ORD-US-32231,3,on_time
ORD-US-32232,4,on_time
ORD-US-32233,5,on_time
ORD-US-32234,5,on_time
ORD-US-32235,4,on_time
ORD-US-32236,4,on_time
ORD-US-32237,4,on_time
ORD-US-32238,5,on_time
ORD-US-32239,4,on_time
ORD-US-32240,4,on_time
ORD-US-32241,4,on_time
ORD-US-32242,4,on_time
ORD-US-32243,3,on_time
ORD-US-32244,5,on_time
ORD-US-32245,1,on_time
ORD-US-32246,4,on_time
ORD-US-32247,4,on_time
ORD-US-32248,1,on_time
ORD-US-32249,5,on_time
ORD-US-32250,5,on_time
ORD-US-32251,5,on_time
ORD-US-32252,5,on_time
ORD-US-32253,5,on_time
ORD-US-32254,5,on_time
ORD-US-32255,5,on_time
ORD-US-32256,5,on_time
ORD-US-32257,4,on_time
ORD-US-32258,4,on_time
ORD-US-32259,5,on_time
ORD-US-32260,5,on_time
ORD-US-32261,4,on_time
ORD-US-32262,4,on_time
ORD-US-32263,4,on_time
ORD-US-32264,3,on_time
ORD-US-32265,4,delivery_issue
ORD-US-32266,4,on_time
ORD-US-32267,3,on_time
ORD-US-32268,5,on_time
ORD-US-32269,4,on_time
ORD-US-32270,2,on_time
ORD-US-32271,5,on_time
ORD-US-32272,5,on_time
ORD-US-32273,5,on_time
ORD-US-32274,4,on_time
ORD-US-32275,2,on_time
ORD-US-32276,5,on_time
ORD-US-32277,1,on_time
ORD-US-32278,5,on_time
ORD-US-32279,5,on_time
ORD-US-32280,2,on_time
ORD-US-32281,4,on_time
ORD-US-32282,5,on_time
ORD-US-32283,4,on_time
ORD-US-32284,5,on_time
ORD-US-32285,4,on_time
ORD-US-32286,5,on_time
ORD-US-32287,4,on_time
ORD-US-32288,5,on_time
ORD-US-32289,5,on_time
ORD-US-32290,4,on_time
ORD-US-32291,3,delivery_issue
ORD-US-32292,5,on_time
ORD-US-32293,5,on_time
ORD-US-32294,3,on_time
ORD-US-32295,4,on_time
ORD-US-32296,5,on_time
ORD-US-32297,3,on_time
ORD-US-32298,5,on_time
ORD-US-32299,5,on_time
ORD-US-32300,5,on_time
ORD-US-32301,5,on_time
ORD-US-32302,5,on_time
ORD-US-32303,5,on_time
ORD-US-32304,4,on_time
ORD-US-32305,4,on_time
ORD-US-32306,4,on_time
ORD-US-32307,5,on_time
ORD-US-32308,4,on_time
ORD-US-32309,4,on_time
ORD-US-32310,4,on_time
ORD-US-32311,5,on_time
ORD-US-32312,3,delivery_issue
ORD-US-32313,4,on_time
ORD-US-32314,4,on_time
ORD-US-32315,2,on_time
ORD-US-32316,3,on_time
ORD-US-32317,2,on_time
ORD-US-32318,4,on_time
ORD-US-32319,3,on_time
ORD-US-32320,4,on_time
ORD-US-32321,5,on_time
ORD-US-32322,2,on_time
ORD-US-32323,4,on_time
ORD-US-32324,3,on_time
ORD-US-32325,5,on_time
ORD-US-32326,5,on_time
ORD-US-32327,5,on_time
ORD-US-32328,4,on_time
ORD-US-32329,5,on_time
ORD-US-32330,4,on_time
ORD-US-32331,3,on_time
ORD-US-32332,5,delivery_issue
ORD-US-32333,5,on_time
ORD-US-32334,4,on_time
ORD-US-32335,5,on_time
ORD-US-32336,2,on_time
ORD-US-32337,5,on_time
ORD-US-32338,1,on_time
ORD-US-32339,1,on_time
ORD-US-32340,4,on_time
ORD-US-32341,5,on_time
ORD-US-32342,4,on_time
ORD-US-32343,4,on_time
ORD-US-32344,5,on_time
ORD-US-32345,5,on_time
ORD-US-32346,1,delivery_issue
ORD-US-32347,5,on_time
ORD-US-32348,4,on_time
ORD-US-32349,4,on_time
ORD-US-32350,1,on_time
ORD-US-32351,4,on_time
ORD-US-32352,4,on_time
ORD-US-32353,2,on_time
ORD-US-32354,5,on_time
ORD-US-32355,5,on_time
ORD-US-32356,3,on_time
ORD-US-32357,5,on_time
ORD-US-32358,5,on_time
ORD-US-32359,5,on_time
ORD-US-32360,4,on_time
ORD-US-32361,4,on_time
ORD-US-32362,5,on_time
ORD-US-32363,5,on_time
ORD-US-32364,5,on_time
ORD-US-32365,4,on_time
ORD-US-32366,4,on_time
ORD-US-32367,5,on_time
ORD-US-32368,5,on_time
ORD-US-32369,4,on_time
ORD-US-32370,4,on_time
ORD-US-32371,4,on_time
ORD-US-32372,2,on_time
ORD-US-32373,2,delivery_issue
ORD-US-32374,5,on_time
ORD-US-32375,4,on_time
ORD-US-32376,1,on_time
ORD-US-32377,5,on_time
ORD-US-32378,4,delivery_issue
ORD-US-32379,5,on_time
ORD-US-32380,1,delivery_issue
ORD-US-32381,2,on_time
ORD-US-32382,5,on_time
ORD-US-32383,5,on_time
ORD-US-32384,5,on_time
ORD-US-32385,5,on_time
ORD-US-32386,5,on_time
ORD-US-32387,4,on_time
ORD-US-32388,4,on_time
ORD-US-32389,5,on_time
ORD-US-32390,5,on_time
ORD-US-32391,5,on_time
ORD-US-32392,5,on_time
ORD-US-32393,5,on_time
ORD-US-32394,5,on_time
ORD-US-32395,3,on_time
ORD-US-32396,5,on_time
ORD-US-32397,4,on_time
ORD-US-32398,4,on_time
ORD-US-32399,5,on_time
ORD-US-32400,4,on_time
ORD-US-32401,4,on_time
ORD-US-32402,4,on_time
ORD-US-32403,5,on_time
ORD-US-32404,3,on_time
ORD-US-32405,5,on_time
ORD-US-32406,5,on_time
ORD-US-32407,4,on_time
ORD-US-32408,5,on_time
ORD-US-32409,4,on_time
ORD-US-32410,4,on_time
ORD-US-32411,5,on_time
ORD-US-32412,4,on_time
ORD-US-32413,5,on_time
ORD-US-32414,5,on_time
ORD-US-32415,5,on_time
ORD-US-32416,5,on_time
ORD-US-32417,5,on_time
ORD-US-32418,5,on_time
ORD-US-32419,4,on_time
ORD-US-32420,2,on_time
ORD-US-32421,5,on_time
ORD-US-32422,3,on_time
ORD-US-32423,5,on_time
ORD-US-32424,2,on_time
ORD-US-32425,5,on_time
ORD-US-32426,5,on_time
ORD-US-32427,4,on_time
ORD-US-32428,4,on_time
ORD-US-32429,3,on_time
ORD-US-32430,5,on_time
ORD-US-32431,3,on_time
ORD-US-32432,4,on_time
ORD-US-32433,5,on_time
ORD-US-32434,4,on_time
ORD-US-32435,5,on_time
ORD-US-32436,5,on_time
ORD-US-32437,5,on_time
ORD-US-32438,4,on_time
ORD-US-32439,4,on_time
ORD-US-32440,5,on_time
ORD-US-32441,4,on_time
ORD-US-32442,4,on_time
ORD-US-32443,4,on_time
ORD-US-32444,3,on_time
ORD-US-32445,4,on_time
ORD-US-32446,4,on_time
ORD-US-32447,3,on_time
ORD-US-32448,5,on_time
ORD-US-32449,5,on_time
ORD-US-32450,2,on_time
ORD-US-32451,5,on_time
ORD-US-32452,4,on_time
ORD-US-32453,3,on_time
ORD-US-32454,5,on_time
ORD-US-32455,3,on_time
ORD-US-32456,4,on_time
ORD-US-32457,4,on_time
ORD-US-32458,3,on_time
ORD-US-32459,5,on_time
ORD-US-32460,3,on_time
ORD-US-32461,2,on_time
ORD-US-32462,5,on_time
ORD-US-32463,3,on_time
ORD-US-32464,5,on_time
ORD-US-32465,4,on_time
ORD-US-32466,5,on_time
ORD-US-32467,3,on_time
ORD-US-32468,5,on_time
ORD-US-32469,4,on_time
ORD-US-32470,4,on_time
ORD-US-32471,5,on_time
ORD-US-32472,4,on_time
ORD-US-32473,5,on_time
ORD-US-32474,5,on_time
ORD-US-32475,3,on_time
ORD-US-32476,4,on_time
ORD-US-32477,5,on_time
ORD-US-32478,4,on_time
ORD-US-32479,3,on_time
ORD-US-32480,5,on_time
ORD-US-32481,5,on_time
ORD-US-32482,5,on_time
ORD-US-32483,5,on_time
ORD-US-32484,5,on_time
ORD-US-32485,5,on_time
ORD-US-32486,5,on_time
ORD-US-32487,1,on_time
ORD-US-32488,5,on_time
ORD-US-32489,5,on_time
ORD-US-32490,5,on_time
ORD-US-32491,4,on_time
ORD-US-32492,3,on_time
ORD-US-32493,5,on_time
ORD-US-32494,4,on_time
ORD-US-32495,2,delivery_issue
ORD-US-32496,4,on_time
ORD-US-32497,5,on_time
ORD-US-32498,4,on_time
ORD-US-32499,5,on_time
ORD-US-32500,5,on_time
ORD-US-32501,4,on_time
ORD-US-32502,4,on_time
ORD-US-32503,3,on_time
ORD-US-32504,5,on_time
ORD-US-32505,5,delivery_issue
ORD-US-32506,5,on_time
ORD-US-32507,5,on_time
ORD-US-32508,4,on_time
ORD-US-32509,4,on_time
ORD-US-32510,3,on_time
ORD-US-32511,4,on_time
ORD-US-32512,3,on_time
ORD-US-32513,4,on_time
ORD-US-32514,5,on_time
ORD-US-32515,4,on_time
ORD-US-32516,5,on_time
ORD-US-32517,4,on_time
ORD-US-32518,5,on_time
ORD-US-32519,3,on_time
ORD-US-32520,4,on_time
ORD-US-32521,5,on_time
ORD-US-32522,5,on_time
ORD-US-32523,4,on_time
ORD-US-32524,5,on_time
ORD-US-32525,5,on_time
ORD-US-32526,5,on_time
ORD-US-32527,5,on_time
ORD-US-32528,3,on_time
ORD-US-32529,5,on_time
ORD-US-32530,5,on_time
ORD-US-32531,4,on_time
ORD-US-32532,5,on_time
ORD-US-32533,4,on_time
ORD-US-32534,4,on_time
ORD-US-32535,4,on_time
ORD-US-32536,2,on_time
ORD-US-32537,4,on_time
ORD-US-32538,3,on_time
ORD-US-32539,5,on_time
ORD-US-32540,5,on_time
ORD-US-32541,5,on_time
ORD-US-32542,4,on_time
ORD-US-32543,5,on_time
ORD-US-32544,5,on_time
ORD-US-32545,4,on_time
ORD-US-32546,4,on_time
ORD-US-32547,5,on_time
ORD-US-32548,3,on_time
ORD-US-32549,5,on_time
ORD-US-32550,5,on_time
ORD-US-32551,4,on_time
ORD-US-32552,4,on_time
ORD-US-32553,3,on_time
ORD-US-32554,4,on_time
ORD-US-32555,5,on_time
ORD-US-32556,5,on_time
ORD-US-32557,5,on_time
ORD-US-32558,5,on_time
ORD-US-32559,4,on_time
ORD-US-32560,5,on_time
ORD-US-32561,3,on_time
ORD-US-32562,2,on_time
ORD-US-32563,3,on_time
ORD-US-32564,4,on_time
ORD-US-32565,5,on_time
ORD-US-32566,5,on_time
ORD-US-32567,5,delivery_issue
ORD-US-32568,4,on_time
ORD-US-32569,5,on_time
ORD-US-32570,4,on_time
ORD-US-32571,4,on_time
ORD-US-32572,5,on_time
ORD-US-32573,1,delivery_issue
ORD-US-32574,2,on_time
ORD-US-32575,5,on_time
ORD-US-32576,4,on_time
ORD-US-32577,5,on_time
ORD-US-32578,5,on_time
ORD-US-32579,4,on_time
ORD-US-32580,1,delivery_issue
ORD-US-32581,1,on_time
ORD-US-32582,5,on_time
ORD-US-32583,5,on_time
ORD-US-32584,3,on_time
ORD-US-32585,4,on_time
ORD-US-32586,3,on_time
ORD-US-32587,4,on_time
ORD-US-32588,4,on_time
ORD-US-32589,4,on_time
ORD-US-32590,2,on_time
ORD-US-32591,3,on_time
ORD-US-32592,5,on_time
ORD-US-32593,1,on_time
ORD-US-32594,4,on_time
ORD-US-32595,3,delivery_issue
ORD-US-32596,5,on_time
ORD-US-32597,2,on_time
ORD-US-32598,3,on_time
ORD-US-32599,5,on_time
ORD-US-32600,5,on_time
ORD-US-32601,5,on_time
ORD-US-32602,5,on_time
ORD-US-32603,5,on_time
ORD-US-32604,5,on_time
ORD-US-32605,5,on_time
ORD-US-32606,4,on_time
ORD-US-32607,4,delivery_issue
ORD-US-32608,5,on_time
ORD-US-32609,5,on_time
ORD-US-32610,4,on_time
ORD-US-32611,4,delivery_issue
ORD-US-32612,4,on_time
ORD-US-32613,4,on_time
ORD-US-32614,5,on_time
ORD-US-32615,2,on_time
ORD-US-32616,5,on_time
ORD-US-32617,4,on_time
ORD-US-32618,4,on_time
ORD-US-32619,5,on_time
ORD-US-32620,3,on_time
ORD-US-32621,5,on_time
ORD-US-32622,3,on_time
ORD-US-32623,5,on_time
ORD-US-32624,5,on_time
ORD-US-32625,5,on_time
ORD-US-32626,5,on_time
ORD-US-32627,5,on_time
ORD-US-32628,3,on_time
ORD-US-32629,3,on_time
ORD-US-32630,5,on_time
ORD-US-32631,1,on_time
ORD-US-32632,3,on_time
ORD-US-32633,5,on_time
ORD-US-32634,4,on_time
ORD-US-32635,5,on_time
ORD-US-32636,5,on_time
ORD-US-32637,5,on_time
ORD-US-32638,3,on_time
ORD-US-32639,5,on_time
ORD-US-32640,4,on_time
ORD-US-32641,5,on_time
ORD-US-32642,5,on_time
ORD-US-32643,3,on_time
ORD-US-32644,3,on_time
ORD-US-32645,3,on_time
ORD-US-32646,5,on_time
ORD-US-32647,5,on_time
ORD-US-32648,4,on_time
ORD-US-32649,1,on_time
ORD-US-32650,4,on_time
ORD-US-32651,4,on_time
ORD-US-32652,3,on_time
ORD-US-32653,4,delivery_issue
ORD-US-32654,3,on_time
ORD-US-32655,5,on_time
ORD-US-32656,3,delivery_issue
ORD-US-32657,4,on_time
ORD-US-32658,3,on_time
ORD-US-32659,5,on_time
ORD-US-32660,5,on_time
ORD-US-32661,5,on_time
ORD-US-32662,4,delivery_issue
ORD-US-32663,5,on_time
ORD-US-32664,2,on_time
ORD-US-32665,1,on_time
ORD-US-32666,3,on_time
ORD-US-32667,5,on_time
ORD-US-32668,5,on_time
ORD-US-32669,5,on_time
ORD-US-32670,4,on_time
ORD-US-32671,2,on_time
ORD-US-32672,5,on_time
ORD-US-32673,5,on_time
ORD-US-32674,5,on_time
ORD-US-32675,4,on_time
ORD-US-32676,5,delivery_issue
ORD-US-32677,5,on_time
ORD-US-32678,4,on_time
ORD-US-32679,5,on_time
ORD-US-32680,5,on_time
ORD-US-32681,4,on_time
ORD-US-32682,4,on_time
ORD-US-32683,5,on_time
ORD-US-32684,5,on_time
ORD-US-32685,5,on_time
ORD-US-32686,5,on_time
ORD-US-32687,4,on_time
ORD-US-32688,5,on_time
ORD-US-32689,4,on_time
ORD-US-32690,2,on_time
ORD-US-32691,5,on_time
ORD-US-32692,5,on_time
ORD-US-32693,4,on_time
ORD-US-32694,5,on_time
ORD-US-32695,5,on_time
ORD-US-32696,5,on_time
ORD-US-32697,2,on_time
ORD-US-32698,5,on_time
ORD-US-32699,5,on_time
ORD-US-32700,5,on_time
ORD-US-32701,5,on_time
ORD-US-32702,5,on_time
ORD-US-32703,5,on_time
ORD-US-32704,5,on_time
ORD-US-32705,4,on_time
ORD-US-32706,4,on_time
ORD-US-32707,5,on_time
ORD-US-32708,5,on_time
ORD-US-32709,5,on_time
ORD-US-32710,5,on_time
ORD-US-32711,5,on_time
ORD-US-32712,5,on_time
ORD-US-32713,5,on_time
ORD-US-32714,5,on_time
ORD-US-32715,5,on_time
ORD-US-32716,2,merchant_delay
ORD-US-32717,2,on_time
ORD-US-32718,5,on_time
ORD-US-32719,4,on_time
ORD-US-32720,5,on_time
ORD-US-32721,4,on_time
ORD-US-32722,5,on_time
ORD-US-32723,4,on_time
ORD-US-32724,5,on_time
ORD-US-32725,5,on_time
ORD-US-32726,3,on_time
ORD-US-32727,3,on_time
ORD-US-32728,4,on_time
ORD-US-32729,4,on_time
ORD-US-32730,4,on_time
ORD-US-32731,4,on_time
ORD-US-32732,5,on_time
ORD-US-32733,4,on_time
ORD-US-32734,5,on_time
ORD-US-32735,4,on_time
ORD-US-32736,4,on_time
ORD-US-32737,1,on_time
ORD-US-32738,4,on_time
ORD-US-32739,5,on_time
ORD-US-32740,5,on_time
ORD-US-32741,5,on_time
ORD-US-32742,5,on_time
ORD-US-32743,3,on_time
ORD-US-32744,5,on_time
ORD-US-32745,5,on_time
ORD-US-32746,5,on_time
ORD-US-32747,5,on_time
ORD-US-32748,5,on_time
ORD-US-32749,5,on_time
ORD-US-32750,5,on_time
ORD-US-32751,5,on_time
ORD-US-32752,5,on_time
ORD-US-32753,4,on_time
ORD-US-32754,5,on_time
ORD-US-32755,5,on_time
ORD-US-32756,5,on_time
ORD-US-32757,3,on_time
ORD-US-32758,4,on_time
ORD-US-32759,4,on_time
ORD-US-32760,4,on_time
ORD-US-32761,4,on_time
ORD-US-32762,5,on_time
ORD-US-32763,4,on_time
ORD-US-32764,5,on_time
ORD-US-32765,4,on_time
ORD-US-32766,5,on_time
ORD-US-32767,4,on_time
ORD-US-32768,4,on_time
ORD-US-32769,5,on_time
ORD-US-32770,3,on_time
ORD-US-32771,4,on_time
ORD-US-32772,5,on_time
ORD-US-32773,5,on_time
ORD-US-32774,3,on_time
ORD-US-32775,5,on_time
ORD-US-32776,4,on_time
ORD-US-32777,4,on_time
ORD-US-32778,5,on_time
ORD-US-32779,5,on_time
ORD-US-32780,5,on_time
ORD-US-32781,5,on_time
ORD-US-32782,4,on_time
ORD-US-32783,5,on_time
ORD-US-32784,5,on_time
ORD-US-32785,5,on_time
ORD-US-32786,4,on_time
ORD-US-32787,5,on_time
ORD-US-32788,2,on_time
ORD-US-32789,5,on_time
ORD-US-32790,5,on_time
ORD-US-32791,3,on_time
ORD-US-32792,3,on_time
ORD-US-32793,4,on_time
ORD-US-32794,4,on_time
ORD-US-32795,2,on_time
ORD-US-32796,5,on_time
ORD-US-32797,5,on_time
ORD-US-32798,5,on_time
ORD-US-32799,5,on_time
ORD-US-32800,4,on_time
ORD-US-32801,1,on_time
ORD-US-32802,5,on_time
ORD-US-32803,2,on_time
ORD-US-32804,3,on_time
ORD-US-32805,5,on_time
ORD-US-32806,4,on_time
ORD-US-32807,5,on_time
ORD-US-32808,5,on_time
ORD-US-32809,2,delivery_issue
ORD-US-32810,5,on_time
ORD-US-32811,3,on_time
ORD-US-32812,5,on_time
ORD-US-32813,4,on_time
ORD-US-32814,5,on_time
ORD-US-32815,5,on_time
ORD-US-32816,5,on_time
ORD-US-32817,5,on_time
ORD-US-32818,3,on_time
ORD-US-32819,5,on_time
ORD-US-32820,3,on_time
ORD-US-32821,5,on_time
ORD-US-32822,5,on_time
ORD-US-32823,3,on_time
ORD-US-32824,5,on_time
ORD-US-32825,5,on_time
ORD-US-32826,5,on_time
ORD-US-32827,5,on_time
ORD-US-32828,4,on_time
ORD-US-32829,5,on_time
ORD-US-32830,3,on_time
ORD-US-32831,4,on_time
ORD-US-32832,5,on_time
ORD-US-32833,5,on_time
ORD-US-32834,4,on_time
ORD-US-32835,4,on_time
ORD-US-32836,5,on_time
ORD-US-32837,4,on_time
ORD-US-32838,4,on_time
ORD-US-32839,4,on_time
ORD-US-32840,5,on_time
ORD-US-32841,3,on_time
ORD-US-32842,3,on_time
ORD-US-32843,4,on_time
ORD-US-32844,5,on_time
ORD-US-32845,4,on_time
ORD-US-32846,4,on_time
ORD-US-32847,5,on_time
ORD-US-32848,5,on_time
ORD-US-32849,5,on_time
ORD-US-32850,4,on_time
ORD-US-32851,4,on_time
ORD-US-32852,5,on_time
ORD-US-32853,4,on_time
ORD-US-32854,5,on_time
ORD-US-32855,5,on_time
ORD-US-32856,4,on_time
ORD-US-32857,4,on_time
ORD-US-32858,5,on_time
ORD-US-32859,5,on_time
ORD-US-32860,4,on_time
ORD-US-32861,4,on_time
ORD-US-32862,5,on_time
ORD-US-32863,4,on_time
ORD-US-32864,3,on_time
ORD-US-32865,4,on_time
ORD-US-32866,4,on_time
ORD-US-32867,2,on_time
ORD-US-32868,5,on_time
ORD-US-32869,4,on_time
ORD-US-32870,3,on_time
ORD-US-32871,5,on_time
ORD-US-32872,4,on_time
ORD-US-32873,5,on_time
ORD-US-32874,4,on_time
ORD-US-32875,5,on_time
ORD-US-32876,5,on_time
ORD-US-32877,4,on_time
ORD-US-32878,5,on_time
ORD-US-32879,4,on_time
ORD-US-32880,5,on_time
ORD-US-32881,5,on_time
ORD-US-32882,5,on_time
ORD-US-32883,2,on_time
ORD-US-32884,5,on_time
ORD-US-32885,5,on_time
ORD-US-32886,3,on_time
ORD-US-32887,4,on_time
ORD-US-32888,5,on_time
ORD-US-32889,1,on_time
ORD-US-32890,5,on_time
ORD-US-32891,5,on_time
ORD-US-32892,5,on_time
ORD-US-32893,5,on_time
ORD-US-32894,4,on_time
ORD-US-32895,5,on_time
ORD-US-32896,5,on_time
ORD-US-32897,4,on_time
ORD-US-32898,5,on_time
ORD-US-32899,5,on_time
ORD-US-32900,5,on_time
ORD-US-32901,5,on_time
ORD-US-32902,5,on_time
ORD-US-32903,5,on_time
ORD-US-32904,5,on_time
ORD-US-32905,3,on_time
ORD-US-32906,5,on_time
ORD-US-32907,5,on_time
ORD-US-32908,5,on_time
ORD-US-32909,4,on_time
ORD-US-32910,5,on_time
ORD-US-32911,5,on_time
ORD-US-32912,5,on_time
ORD-US-32913,5,on_time
ORD-US-32914,3,on_time
ORD-US-32915,4,on_time
ORD-US-32916,4,on_time
ORD-US-32917,4,on_time
ORD-US-32918,5,on_time
ORD-US-32919,4,on_time
ORD-US-32920,4,on_time
ORD-US-32921,3,on_time
ORD-US-32922,4,on_time
ORD-US-32923,4,on_time
ORD-US-32924,5,on_time
ORD-US-32925,5,on_time
ORD-US-32926,4,on_time
ORD-US-32927,5,on_time
ORD-US-32928,4,on_time
ORD-US-32929,5,on_time
ORD-US-32930,5,on_time
ORD-US-32931,4,on_time
ORD-US-32932,5,on_time
ORD-US-32933,5,on_time
ORD-US-32934,5,on_time
ORD-US-32935,1,on_time
ORD-US-32936,5,on_time
ORD-US-32937,2,on_time
ORD-US-32938,4,on_time
ORD-US-32939,4,on_time
ORD-US-32940,5,on_time
ORD-US-32941,2,delivery_issue
ORD-US-32942,4,on_time
ORD-US-32943,5,on_time
ORD-US-32944,5,on_time
ORD-US-32945,4,on_time
ORD-US-32946,5,on_time
ORD-US-32947,4,on_time
ORD-US-32948,5,on_time
ORD-US-32949,4,on_time
ORD-US-32950,3,on_time
ORD-US-32951,5,on_time
ORD-US-32952,4,on_time
ORD-US-32953,3,on_time
ORD-US-32954,5,on_time
ORD-US-32955,5,on_time
ORD-US-32956,5,on_time
ORD-US-32957,5,on_time
ORD-US-32958,5,on_time
ORD-US-32959,4,on_time
ORD-US-32960,3,on_time
ORD-US-32961,4,on_time
ORD-US-32962,5,on_time
ORD-US-32963,4,on_time
ORD-US-32964,2,on_time
ORD-US-32965,5,on_time
ORD-US-32966,5,on_time
ORD-US-32967,4,on_time
ORD-US-32968,5,on_time
ORD-US-32969,4,on_time
ORD-US-32970,5,on_time
ORD-US-32971,5,on_time
ORD-US-32972,4,on_time
ORD-US-32973,4,on_time
ORD-US-32974,5,on_time
ORD-US-32975,5,on_time
ORD-US-32976,4,on_time
ORD-US-32977,1,on_time
ORD-US-32978,4,on_time
ORD-US-32979,5,on_time
ORD-US-32980,4,on_time
ORD-US-32981,5,on_time
ORD-US-32982,1,on_time
ORD-US-32983,4,on_time
ORD-US-32984,5,on_time
ORD-US-32985,5,on_time
ORD-US-32986,5,on_time
ORD-US-32987,5,on_time
ORD-US-32988,5,on_time
ORD-US-32989,2,on_time
ORD-US-32990,5,on_time
ORD-US-32991,5,on_time
ORD-US-32992,5,on_time
ORD-US-32993,5,on_time
ORD-US-32994,4,on_time
ORD-US-32995,4,on_time
ORD-US-32996,5,on_time
ORD-US-32997,5,on_time
ORD-US-32998,5,on_time
ORD-US-32999,4,delivery_issue
ORD-US-33000,5,on_time
ORD-US-33001,4,on_time
ORD-US-33002,3,on_time
ORD-US-33003,5,on_time
ORD-US-33004,4,on_time
ORD-US-33005,4,on_time
ORD-US-33006,4,on_time
ORD-US-33007,2,on_time
ORD-US-33008,5,on_time
ORD-US-33009,2,on_time
ORD-US-33010,4,on_time
ORD-US-33011,5,on_time
ORD-US-33012,5,on_time
ORD-US-33013,4,on_time
ORD-US-33014,4,on_time
ORD-US-33015,4,on_time
ORD-US-33016,3,on_time
ORD-US-33017,1,delivery_issue
ORD-US-33018,4,on_time
ORD-US-33019,3,on_time
ORD-US-33020,5,on_time
ORD-US-33021,4,on_time
ORD-US-33022,2,delivery_issue
ORD-US-33023,5,on_time
ORD-US-33024,4,on_time
ORD-US-33025,5,on_time
ORD-US-33026,2,on_time
ORD-US-33027,5,on_time
ORD-US-33028,4,on_time
ORD-US-33029,1,delivery_issue
ORD-US-33030,3,on_time
ORD-US-33031,4,on_time
ORD-US-33032,5,on_time
ORD-US-33033,4,on_time
ORD-US-33034,4,on_time
ORD-US-33035,2,on_time
ORD-US-33036,4,on_time
ORD-US-33037,5,on_time
ORD-US-33038,4,on_time
ORD-US-33039,3,on_time
ORD-US-33040,5,on_time
ORD-US-33041,5,on_time
ORD-US-33042,1,on_time
ORD-US-33043,5,on_time
ORD-US-33044,5,on_time
ORD-US-33045,5,on_time
ORD-US-33046,3,on_time
ORD-US-33047,3,on_time
ORD-US-33048,5,on_time
ORD-US-33049,5,on_time
ORD-US-33050,3,on_time
ORD-US-33051,1,on_time
ORD-US-33052,4,on_time
ORD-US-33053,5,on_time
ORD-US-33054,5,on_time
ORD-US-33055,5,on_time
ORD-US-33056,5,on_time
ORD-US-33057,5,on_time
ORD-US-33058,5,on_time
ORD-US-33059,4,on_time
ORD-US-33060,5,on_time
ORD-US-33061,3,on_time
ORD-US-33062,5,on_time
ORD-US-33063,5,on_time
ORD-US-33064,5,on_time
ORD-US-33065,1,on_time
ORD-US-33066,1,on_time
ORD-US-33067,4,on_time
ORD-US-33068,5,on_time
ORD-US-33069,3,on_time
ORD-US-33070,5,on_time
ORD-US-33071,3,on_time
ORD-US-33072,4,on_time
ORD-US-33073,5,on_time
ORD-US-33074,3,on_time
ORD-US-33075,5,on_time
ORD-US-33076,3,on_time
ORD-US-33077,4,on_time
ORD-US-33078,3,on_time
ORD-US-33079,2,on_time
ORD-US-33080,5,on_time
ORD-US-33081,1,on_time
ORD-US-33082,5,on_time
ORD-US-33083,4,on_time
ORD-US-33084,4,on_time
ORD-US-33085,1,on_time
ORD-US-33086,5,on_time
ORD-US-33087,4,on_time
ORD-US-33088,5,on_time
ORD-US-33089,5,on_time
ORD-US-33090,3,on_time
ORD-US-33091,4,on_time
ORD-US-33092,4,on_time
ORD-US-33093,3,on_time
ORD-US-33094,5,on_time
ORD-US-33095,5,on_time
ORD-US-33096,4,on_time
ORD-US-33097,4,on_time
ORD-US-33098,4,on_time
ORD-US-33099,3,on_time
ORD-US-33100,5,on_time
ORD-US-33101,4,on_time
ORD-US-33102,5,on_time
ORD-US-33103,4,on_time
ORD-US-33104,4,on_time
ORD-US-33105,5,on_time
ORD-US-33106,3,on_time
ORD-US-33107,4,on_time
ORD-US-33108,5,on_time
ORD-US-33109,5,on_time
ORD-US-33110,5,on_time
ORD-US-33111,5,on_time
ORD-US-33112,3,on_time
ORD-US-33113,5,on_time
ORD-US-33114,4,on_time
ORD-US-33115,3,delivery_issue
ORD-US-33116,5,on_time
ORD-US-33117,5,on_time
ORD-US-33118,4,on_time
ORD-US-33119,4,on_time
ORD-US-33120,5,on_time
ORD-US-33121,2,on_time
ORD-US-33122,5,on_time
ORD-US-33123,3,on_time
ORD-US-33124,4,on_time
ORD-US-33125,5,on_time
ORD-US-33126,1,on_time
ORD-US-33127,4,on_time
ORD-US-33128,5,on_time
ORD-US-33129,5,on_time
ORD-US-33130,5,on_time
ORD-US-33131,3,on_time
ORD-US-33132,4,on_time
ORD-US-33133,4,on_time
ORD-US-33134,5,on_time
ORD-US-33135,4,on_time
ORD-US-33136,4,on_time
ORD-US-33137,5,on_time
ORD-US-33138,3,on_time
ORD-US-33139,4,on_time
ORD-US-33140,5,on_time
ORD-US-33141,1,on_time
ORD-US-33142,5,delivery_issue
ORD-US-33143,4,on_time
ORD-US-33144,4,on_time
ORD-US-33145,4,on_time
ORD-US-33146,5,on_time
ORD-US-33147,4,on_time
ORD-US-33148,4,on_time
ORD-US-33149,4,on_time
ORD-US-33150,4,on_time
ORD-US-33151,4,on_time
ORD-US-33152,4,on_time
ORD-US-33153,5,on_time
ORD-US-33154,4,on_time
ORD-US-33155,5,on_time
ORD-US-33156,3,on_time
ORD-US-33157,3,on_time
ORD-US-33158,5,on_time
ORD-US-33159,5,on_time
ORD-US-33160,4,on_time
ORD-US-33161,5,on_time
ORD-US-33162,5,on_time
ORD-US-33163,5,on_time
ORD-US-33164,1,on_time
ORD-US-33165,2,on_time
ORD-US-33166,5,on_time
ORD-US-33167,5,on_time
ORD-US-33168,4,on_time
ORD-US-33169,4,on_time
ORD-US-33170,5,on_time
ORD-US-33171,5,on_time
ORD-US-33172,5,on_time
ORD-US-33173,2,on_time
ORD-US-33174,5,on_time
ORD-US-33175,4,on_time
ORD-US-33176,5,on_time
ORD-US-33177,4,on_time
ORD-US-33178,4,on_time
ORD-US-33179,3,on_time
ORD-US-33180,5,on_time
ORD-US-33181,4,on_time
ORD-US-33182,4,on_time
ORD-US-33183,4,on_time
ORD-US-33184,5,on_time
ORD-US-33185,3,on_time
ORD-US-33186,5,on_time
ORD-US-33187,5,on_time
ORD-US-33188,5,on_time
ORD-US-33189,1,on_time
ORD-US-33190,3,on_time
ORD-US-33191,5,on_time
ORD-US-33192,4,on_time
ORD-US-33193,1,on_time
ORD-US-33194,2,on_time
ORD-US-33195,5,on_time
ORD-US-33196,4,on_time
ORD-US-33197,5,on_time
ORD-US-33198,5,on_time
ORD-US-33199,4,on_time
ORD-US-33200,5,on_time
ORD-US-33201,5,on_time
ORD-US-33202,1,on_time
ORD-US-33203,4,on_time
ORD-US-33204,4,on_time
ORD-US-33205,5,on_time
ORD-US-33206,4,on_time
ORD-US-33207,5,on_time
ORD-US-33208,5,on_time
ORD-US-33209,5,on_time
ORD-US-33210,1,delivery_issue
ORD-US-33211,5,on_time
ORD-US-33212,4,on_time
ORD-US-33213,4,on_time
ORD-US-33214,5,on_time
ORD-US-33215,4,on_time
ORD-US-33216,5,on_time
ORD-US-33217,4,on_time
ORD-US-33218,5,on_time
ORD-US-33219,3,on_time
ORD-US-33220,5,on_time
ORD-US-33221,5,on_time
ORD-US-33222,4,on_time
ORD-US-33223,5,on_time
ORD-US-33224,4,on_time
ORD-US-33225,5,on_time
ORD-US-33226,5,on_time
ORD-US-33227,5,on_time
ORD-US-33228,1,on_time
ORD-US-33229,5,on_time
ORD-US-33230,5,on_time
ORD-US-33231,4,on_time
ORD-US-33232,4,on_time
ORD-US-33233,2,on_time
ORD-US-33234,5,on_time
ORD-US-33235,3,on_time
ORD-US-33236,5,on_time
ORD-US-33237,3,on_time
ORD-US-33238,5,on_time
ORD-US-33239,2,on_time
ORD-US-33240,3,on_time
ORD-US-33241,1,delivery_issue
ORD-US-33242,5,on_time
ORD-US-33243,5,on_time
ORD-US-33244,1,on_time
ORD-US-33245,5,on_time
ORD-US-33246,5,on_time
ORD-US-33247,5,on_time
ORD-US-33248,4,on_time
ORD-US-33249,4,on_time
ORD-US-33250,2,on_time
ORD-US-33251,5,on_time
ORD-US-33252,3,on_time
ORD-US-33253,5,on_time
ORD-US-33254,3,on_time
ORD-US-33255,2,delivery_issue
ORD-US-33256,4,on_time
ORD-US-33257,4,on_time
ORD-US-33258,5,on_time
ORD-US-33259,5,on_time
ORD-US-33260,5,on_time
ORD-US-33261,4,on_time
ORD-US-33262,3,on_time
ORD-US-33263,3,on_time
ORD-US-33264,1,on_time
ORD-US-33265,4,on_time
ORD-US-33266,3,on_time
ORD-US-33267,5,on_time
ORD-US-33268,1,on_time
ORD-US-33269,5,on_time
ORD-US-33270,5,on_time
ORD-US-33271,5,on_time
ORD-US-33272,5,on_time
ORD-US-33273,1,on_time
ORD-US-33274,5,on_time
ORD-US-33275,5,on_time
ORD-US-33276,5,on_time
ORD-US-33277,5,on_time
ORD-US-33278,3,on_time
ORD-US-33279,4,on_time
ORD-US-33280,4,on_time
ORD-US-33281,3,on_time
ORD-US-33282,5,on_time
ORD-US-33283,5,on_time
ORD-US-33284,3,on_time
ORD-US-33285,5,on_time
ORD-US-33286,5,on_time
ORD-US-33287,3,on_time
ORD-US-33288,4,on_time
ORD-US-33289,5,on_time
ORD-US-33290,5,on_time
ORD-US-33291,1,on_time
ORD-US-33292,5,on_time
ORD-US-33293,5,on_time
ORD-US-33294,1,on_time
ORD-US-33295,5,on_time
ORD-US-33296,5,on_time
ORD-US-33297,3,on_time
ORD-US-33298,5,on_time
ORD-US-33299,5,on_time
ORD-US-33300,5,on_time
ORD-US-33301,3,on_time
ORD-US-33302,4,on_time
ORD-US-33303,4,on_time
ORD-US-33304,5,on_time
ORD-US-33305,3,on_time
ORD-US-33306,4,on_time
ORD-US-33307,5,on_time
ORD-US-33308,4,on_time
ORD-US-33309,5,on_time
ORD-US-33310,4,on_time
ORD-US-33311,5,on_time
ORD-US-33312,3,on_time
ORD-US-33313,4,on_time
ORD-US-33314,4,on_time
ORD-US-33315,5,on_time
ORD-US-33316,4,on_time
ORD-US-33317,2,merchant_delay
ORD-US-33318,5,on_time
ORD-US-33319,5,on_time
ORD-US-33320,5,on_time
ORD-US-33321,4,on_time
ORD-US-33322,5,on_time
ORD-US-33323,3,on_time
ORD-US-33324,5,on_time
ORD-US-33325,1,on_time
ORD-US-33326,1,on_time
ORD-US-33327,3,on_time
ORD-US-33328,4,on_time
ORD-US-33329,4,on_time
ORD-US-33330,5,on_time
ORD-US-33331,5,on_time
ORD-US-33332,3,on_time
ORD-US-33333,5,on_time
ORD-US-33334,4,on_time
ORD-US-33335,5,on_time
ORD-US-33336,3,on_time
ORD-US-33337,4,on_time
ORD-US-33338,5,on_time
ORD-US-33339,5,delivery_issue
ORD-US-33340,5,on_time
ORD-US-33341,2,on_time
ORD-US-33342,5,on_time
ORD-US-33343,4,on_time
ORD-US-33344,5,on_time
ORD-US-33345,5,on_time
ORD-US-33346,1,on_time
ORD-US-33347,4,on_time
ORD-US-33348,4,on_time
ORD-US-33349,4,on_time
ORD-US-33350,4,on_time
ORD-US-33351,5,on_time
ORD-US-33352,3,delivery_issue
ORD-US-33353,4,on_time
ORD-US-33354,5,on_time
ORD-US-33355,4,on_time
ORD-US-33356,5,on_time
ORD-US-33357,4,on_time
ORD-US-33358,4,on_time
ORD-US-33359,5,on_time
ORD-US-33360,4,on_time
ORD-US-33361,3,delivery_issue
ORD-US-33362,5,on_time
ORD-US-33363,5,on_time
ORD-US-33364,5,on_time
ORD-US-33365,4,on_time
ORD-US-33366,5,on_time
ORD-US-33367,4,on_time
ORD-US-33368,5,on_time
ORD-US-33369,5,on_time
ORD-US-33370,4,on_time
ORD-US-33371,5,on_time
ORD-US-33372,4,on_time
ORD-US-33373,3,on_time
ORD-US-33374,4,on_time
ORD-US-33375,4,on_time
ORD-US-33376,4,on_time
ORD-US-33377,5,on_time
ORD-US-33378,4,on_time
ORD-US-33379,4,on_time
ORD-US-33380,5,on_time
ORD-US-33381,4,on_time
ORD-US-33382,5,on_time
ORD-US-33383,5,on_time
ORD-US-33384,5,on_time
ORD-US-33385,4,on_time
ORD-US-33386,4,on_time
ORD-US-33387,4,on_time
ORD-US-33388,5,on_time
ORD-US-33389,3,on_time
ORD-US-33390,5,on_time
ORD-US-33391,3,on_time
ORD-US-33392,4,on_time
ORD-US-33393,2,on_time
ORD-US-33394,5,on_time
ORD-US-33395,5,on_time
ORD-US-33396,2,delivery_issue
ORD-US-33397,5,on_time
ORD-US-33398,4,on_time
ORD-US-33399,5,on_time
ORD-US-33400,5,on_time
ORD-US-33401,5,on_time
ORD-US-33402,3,on_time
ORD-US-33403,5,on_time
ORD-US-33404,5,on_time
ORD-US-33405,4,on_time
ORD-US-33406,5,on_time
ORD-US-33407,5,on_time
ORD-US-33408,4,on_time
ORD-US-33409,5,on_time
ORD-US-33410,4,on_time
ORD-US-33411,4,on_time
ORD-US-33412,5,on_time
ORD-US-33413,4,on_time
ORD-US-33414,4,on_time
ORD-US-33415,5,on_time
ORD-US-33416,4,on_time
ORD-US-33417,5,on_time
ORD-US-33418,5,on_time
ORD-US-33419,5,on_time
ORD-US-33420,5,on_time
ORD-US-33421,5,on_time
ORD-US-33422,4,on_time
ORD-US-33423,4,on_time
ORD-US-33424,4,on_time
ORD-US-33425,4,on_time
ORD-US-33426,4,on_time
ORD-US-33427,4,on_time
ORD-US-33428,5,on_time
ORD-US-33429,5,on_time
ORD-US-33430,5,on_time
ORD-US-33431,5,on_time
ORD-US-33432,5,on_time
ORD-US-33433,4,on_time
ORD-US-33434,4,on_time
ORD-US-33435,4,on_time
ORD-US-33436,5,on_time
ORD-US-33437,5,on_time
ORD-US-33438,2,on_time
ORD-US-33439,5,on_time
ORD-US-33440,4,on_time
ORD-US-33441,4,on_time
ORD-US-33442,4,on_time
ORD-US-33443,4,on_time
ORD-US-33444,5,on_time
ORD-US-33445,4,on_time
ORD-US-33446,4,on_time
ORD-US-33447,5,on_time
ORD-US-33448,5,on_time
ORD-US-33449,3,on_time
ORD-US-33450,5,on_time
ORD-US-33451,4,on_time
ORD-US-33452,4,on_time
ORD-US-33453,5,delivery_issue
ORD-US-33454,5,on_time
ORD-US-33455,4,on_time
ORD-US-33456,2,on_time
ORD-US-33457,4,on_time
ORD-US-33458,5,on_time
ORD-US-33459,2,on_time
ORD-US-33460,4,on_time
ORD-US-33461,4,on_time
ORD-US-33462,1,delivery_issue
ORD-US-33463,5,on_time
ORD-US-33464,5,on_time
ORD-US-33465,5,on_time
ORD-US-33466,4,on_time
ORD-US-33467,5,on_time
ORD-US-33468,1,on_time
ORD-US-33469,4,on_time
ORD-US-33470,5,on_time
ORD-US-33471,4,on_time
ORD-US-33472,5,on_time
ORD-US-33473,5,on_time
ORD-US-33474,5,on_time
ORD-US-33475,5,on_time
ORD-US-33476,4,on_time
ORD-US-33477,3,on_time
ORD-US-33478,3,on_time
ORD-US-33479,4,on_time
ORD-US-33480,4,on_time
ORD-US-33481,2,on_time
ORD-US-33482,5,on_time
ORD-US-33483,3,on_time
ORD-US-33484,5,delivery_issue
ORD-US-33485,5,on_time
ORD-US-33486,4,on_time
ORD-US-33487,5,on_time
ORD-US-33488,4,on_time
ORD-US-33489,5,on_time
ORD-US-33490,5,on_time
ORD-US-33491,5,on_time
ORD-US-33492,2,on_time
ORD-US-33493,4,on_time
ORD-US-33494,4,on_time
ORD-US-33495,4,on_time
ORD-US-33496,4,on_time
ORD-US-33497,4,on_time
ORD-US-33498,4,on_time
ORD-US-33499,4,on_time
ORD-US-33500,5,on_time
ORD-US-33501,2,on_time
ORD-US-33502,5,on_time
ORD-US-33503,3,delivery_issue
ORD-US-33504,2,on_time
ORD-US-33505,4,on_time
ORD-US-33506,4,delivery_issue
ORD-US-33507,5,on_time
ORD-US-33508,2,on_time
ORD-US-33509,5,on_time
ORD-US-33510,4,on_time
ORD-US-33511,4,on_time
ORD-US-33512,4,on_time
ORD-US-33513,5,on_time
ORD-US-33514,4,on_time
ORD-US-33515,5,on_time
ORD-US-33516,4,on_time
ORD-US-33517,4,on_time
ORD-US-33518,5,on_time
ORD-US-33519,4,on_time
ORD-US-33520,4,on_time
ORD-US-33521,4,on_time
ORD-US-33522,4,on_time
ORD-US-33523,5,on_time
ORD-US-33524,5,on_time
ORD-US-33525,5,on_time
ORD-US-33526,4,on_time
ORD-US-33527,5,on_time
ORD-US-33528,4,on_time
ORD-US-33529,3,merchant_delay
ORD-US-33530,5,on_time
ORD-US-33531,5,on_time
ORD-US-33532,3,on_time
ORD-US-33533,5,on_time
ORD-US-33534,5,on_time
ORD-US-33535,5,on_time
ORD-US-33536,2,on_time
ORD-US-33537,4,on_time
ORD-US-33538,5,on_time
ORD-US-33539,5,on_time
ORD-US-33540,5,on_time
ORD-US-33541,5,on_time
ORD-US-33542,4,on_time
ORD-US-33543,5,on_time
ORD-US-33544,4,on_time
ORD-US-33545,4,on_time
ORD-US-33546,1,on_time
ORD-US-33547,5,on_time
ORD-US-33548,4,on_time
ORD-US-33549,3,on_time
ORD-US-33550,5,on_time
ORD-US-33551,4,on_time
ORD-US-33552,5,on_time
ORD-US-33553,4,on_time
ORD-US-33554,4,on_time
ORD-US-33555,5,on_time
ORD-US-33556,4,on_time
ORD-US-33557,5,on_time
ORD-US-33558,4,on_time
ORD-US-33559,4,on_time
ORD-US-33560,5,on_time
ORD-US-33561,5,on_time
ORD-US-33562,3,on_time
ORD-US-33563,4,on_time
ORD-US-33564,5,on_time
ORD-US-33565,5,on_time
ORD-US-33566,4,on_time
ORD-US-33567,5,on_time
ORD-US-33568,3,on_time
ORD-US-33569,5,on_time
ORD-US-33570,2,on_time
ORD-US-33571,5,on_time
ORD-US-33572,5,on_time
ORD-US-33573,4,on_time
ORD-US-33574,5,on_time
ORD-US-33575,5,on_time
ORD-US-33576,5,on_time
ORD-US-33577,3,delivery_issue
ORD-US-33578,3,on_time
ORD-US-33579,4,on_time
ORD-US-33580,4,on_time
ORD-US-33581,4,on_time
ORD-US-33582,5,on_time
ORD-US-33583,5,on_time
ORD-US-33584,3,on_time
ORD-US-33585,4,delivery_issue
ORD-US-33586,5,on_time
ORD-US-33587,5,on_time
ORD-US-33588,5,on_time
ORD-US-33589,4,on_time
ORD-US-33590,1,on_time
ORD-US-33591,3,on_time
ORD-US-33592,5,on_time
ORD-US-33593,2,on_time
ORD-US-33594,5,on_time
ORD-US-33595,5,on_time
ORD-US-33596,5,on_time
ORD-US-33597,4,on_time
ORD-US-33598,5,on_time
ORD-US-33599,3,on_time
ORD-US-33600,5,on_time
ORD-US-33601,5,on_time
ORD-US-33602,3,on_time
ORD-US-33603,5,on_time
ORD-US-33604,5,on_time
ORD-US-33605,4,on_time
ORD-US-33606,5,on_time
ORD-US-33607,4,on_time
ORD-US-33608,5,on_time
ORD-US-33609,5,on_time
ORD-US-33610,5,on_time
ORD-US-33611,4,on_time
ORD-US-33612,5,on_time
ORD-US-33613,3,on_time
ORD-US-33614,2,on_time
ORD-US-33615,4,on_time
ORD-US-33616,5,on_time
ORD-US-33617,5,on_time
ORD-US-33618,4,on_time
ORD-US-33619,5,on_time
ORD-US-33620,5,on_time
ORD-US-33621,5,on_time
ORD-US-33622,3,on_time
ORD-US-33623,5,on_time
ORD-US-33624,5,on_time
ORD-US-33625,3,on_time
ORD-US-33626,4,on_time
ORD-US-33627,4,on_time
ORD-US-33628,5,on_time
ORD-US-33629,5,on_time
ORD-US-33630,5,on_time
ORD-US-33631,1,on_time
ORD-US-33632,3,on_time
ORD-US-33633,3,on_time
ORD-US-33634,5,on_time
ORD-US-33635,4,on_time
ORD-US-33636,4,delivery_issue
ORD-US-33637,3,on_time
ORD-US-33638,5,on_time
ORD-US-33639,5,on_time
ORD-US-33640,5,on_time
ORD-US-33641,2,delivery_issue
ORD-US-33642,4,on_time
ORD-US-33643,4,on_time
ORD-US-33644,4,on_time
ORD-US-33645,3,on_time
ORD-US-33646,5,on_time
ORD-US-33647,3,on_time
ORD-US-33648,5,on_time
ORD-US-33649,5,on_time
ORD-US-33650,5,on_time
ORD-US-33651,5,on_time
ORD-US-33652,3,on_time
ORD-US-33653,4,on_time
ORD-US-33654,5,on_time
ORD-US-33655,2,on_time
ORD-US-33656,1,on_time
ORD-US-33657,3,on_time
ORD-US-33658,5,on_time
ORD-US-33659,5,on_time
ORD-US-33660,5,on_time
ORD-US-33661,4,on_time
ORD-US-33662,2,on_time
ORD-US-33663,4,on_time
ORD-US-33664,5,on_time
ORD-US-33665,4,on_time
ORD-US-33666,5,on_time
ORD-US-33667,4,on_time
ORD-US-33668,5,on_time
ORD-US-33669,3,on_time
ORD-US-33670,5,on_time
ORD-US-33671,5,on_time
ORD-US-33672,5,on_time
ORD-US-33673,5,on_time
ORD-US-33674,4,on_time
ORD-US-33675,5,on_time
ORD-US-33676,5,on_time
ORD-US-33677,5,on_time
ORD-US-33678,5,on_time
ORD-US-33679,5,on_time
ORD-US-33680,4,on_time
ORD-US-33681,5,on_time
ORD-US-33682,5,on_time
ORD-US-33683,4,on_time
ORD-US-33684,4,on_time
ORD-US-33685,4,on_time
ORD-US-33686,3,on_time
ORD-US-33687,5,on_time
ORD-US-33688,5,on_time
ORD-US-33689,4,on_time
ORD-US-33690,4,on_time
ORD-US-33691,5,on_time
ORD-US-33692,5,on_time
ORD-US-33693,4,on_time
ORD-US-33694,2,on_time
ORD-US-33695,5,on_time
ORD-US-33696,5,on_time
ORD-US-33697,5,on_time
ORD-US-33698,4,on_time
ORD-US-33699,3,on_time
ORD-US-33700,4,on_time
ORD-US-33701,4,delivery_issue
ORD-US-33702,5,on_time
ORD-US-33703,5,on_time
ORD-US-33704,5,on_time
ORD-US-33705,4,on_time
ORD-US-33706,5,on_time
ORD-US-33707,5,on_time
ORD-US-33708,4,on_time
ORD-US-33709,5,on_time
ORD-US-33710,5,on_time
ORD-US-33711,5,on_time
ORD-US-33712,5,on_time
ORD-US-33713,3,on_time
ORD-US-33714,5,on_time
ORD-US-33715,4,on_time
ORD-US-33716,4,on_time
ORD-US-33717,5,on_time
ORD-US-33718,4,on_time
ORD-US-33719,5,on_time
ORD-US-33720,5,on_time
ORD-US-33721,5,on_time
ORD-US-33722,3,on_time
ORD-US-33723,5,on_time
ORD-US-33724,3,on_time
ORD-US-33725,5,on_time
ORD-US-33726,5,on_time
ORD-US-33727,5,on_time
ORD-US-33728,4,on_time
ORD-US-33729,4,on_time
ORD-US-33730,3,on_time
ORD-US-33731,2,on_time
ORD-US-33732,4,on_time
ORD-US-33733,3,on_time
ORD-US-33734,5,on_time
ORD-US-33735,2,delivery_issue
ORD-US-33736,5,on_time
ORD-US-33737,5,on_time
ORD-US-33738,5,on_time
ORD-US-33739,5,on_time
ORD-US-33740,4,on_time
ORD-US-33741,5,on_time
ORD-US-33742,5,on_time
ORD-US-33743,1,on_time
ORD-US-33744,5,on_time
ORD-US-33745,4,on_time
ORD-US-33746,5,on_time
ORD-US-33747,5,on_time
ORD-US-33748,1,on_time
ORD-US-33749,3,on_time
ORD-US-33750,5,on_time
ORD-US-33751,5,on_time
ORD-US-33752,5,on_time
ORD-US-33753,3,on_time
ORD-US-33754,4,on_time
ORD-US-33755,5,on_time
ORD-US-33756,5,on_time
ORD-US-33757,5,on_time
ORD-US-33758,4,on_time
ORD-US-33759,5,on_time
ORD-US-33760,4,on_time
ORD-US-33761,2,delivery_issue
ORD-US-33762,2,on_time
ORD-US-33763,3,on_time
ORD-US-33764,5,on_time
ORD-US-33765,3,on_time
ORD-US-33766,4,on_time
ORD-US-33767,4,on_time
ORD-US-33768,4,on_time
ORD-US-33769,2,on_time
ORD-US-33770,5,on_time
ORD-US-33771,4,on_time
ORD-US-33772,5,on_time
ORD-US-33773,4,on_time
ORD-US-33774,5,on_time
ORD-US-33775,4,on_time
ORD-US-33776,5,on_time
ORD-US-33777,5,on_time
ORD-US-33778,5,on_time
ORD-US-33779,4,on_time
ORD-US-33780,4,on_time
ORD-US-33781,3,on_time
ORD-US-33782,5,on_time
ORD-US-33783,5,on_time
ORD-US-33784,5,on_time
ORD-US-33785,5,on_time
ORD-US-33786,4,on_time
ORD-US-33787,5,on_time
ORD-US-33788,5,on_time
ORD-US-33789,5,on_time
ORD-US-33790,5,on_time
ORD-US-33791,5,on_time
ORD-US-33792,5,on_time
ORD-US-33793,5,on_time
ORD-US-33794,5,on_time
ORD-US-33795,1,on_time
ORD-US-33796,4,on_time
ORD-US-33797,5,on_time
ORD-US-33798,1,on_time
ORD-US-33799,5,on_time
ORD-US-33800,5,on_time
ORD-US-33801,1,delivery_issue
ORD-US-33802,4,on_time
ORD-US-33803,4,delivery_issue
ORD-US-33804,5,on_time
ORD-US-33805,5,on_time
ORD-US-33806,5,on_time
ORD-US-33807,5,on_time
ORD-US-33808,4,on_time
ORD-US-33809,5,on_time
ORD-US-33810,5,on_time
ORD-US-33811,2,on_time
ORD-US-33812,5,on_time
ORD-US-33813,1,on_time
ORD-US-33814,4,on_time
ORD-US-33815,4,on_time
ORD-US-33816,5,on_time
ORD-US-33817,5,on_time
ORD-US-33818,5,on_time
ORD-US-33819,5,on_time
ORD-US-33820,5,on_time
ORD-US-33821,5,on_time
ORD-US-33822,5,on_time
ORD-US-33823,3,on_time
ORD-US-33824,5,on_time
ORD-US-33825,5,on_time
ORD-US-33826,4,on_time
ORD-US-33827,1,on_time
ORD-US-33828,5,on_time
ORD-US-33829,2,on_time
ORD-US-33830,5,on_time
ORD-US-33831,4,on_time
ORD-US-33832,4,on_time
ORD-US-33833,5,on_time
ORD-US-33834,4,on_time
ORD-US-33835,5,on_time
ORD-US-33836,5,on_time
ORD-US-33837,5,on_time
ORD-US-33838,4,on_time
ORD-US-33839,5,on_time
ORD-US-33840,5,on_time
ORD-US-33841,4,on_time
ORD-US-33842,4,on_time
ORD-US-33843,4,on_time
ORD-US-33844,4,on_time
ORD-US-33845,5,on_time
ORD-US-33846,5,on_time
ORD-US-33847,5,on_time
ORD-US-33848,4,on_time
ORD-US-33849,5,on_time
ORD-US-33850,4,on_time
ORD-US-33851,5,on_time
ORD-US-33852,3,on_time
ORD-US-33853,4,on_time
ORD-US-33854,5,on_time
ORD-US-33855,5,on_time
ORD-US-33856,5,on_time
ORD-US-33857,4,on_time
ORD-US-33858,4,on_time
ORD-US-33859,5,on_time
ORD-US-33860,4,on_time
ORD-US-33861,5,on_time
ORD-US-33862,4,on_time
ORD-US-33863,4,on_time
ORD-US-33864,1,delivery_issue
ORD-US-33865,4,on_time
ORD-US-33866,3,on_time
ORD-US-33867,4,on_time
ORD-US-33868,5,on_time
ORD-US-33869,3,on_time
ORD-US-33870,4,on_time
ORD-US-33871,5,on_time
ORD-US-33872,2,on_time
ORD-US-33873,4,on_time
ORD-US-33874,4,on_time
ORD-US-33875,4,on_time
ORD-US-33876,1,on_time
ORD-US-33877,5,on_time
ORD-US-33878,5,on_time
ORD-US-33879,5,on_time
ORD-US-33880,5,on_time
ORD-US-33881,4,on_time
ORD-US-33882,3,on_time
ORD-US-33883,5,on_time
ORD-US-33884,4,on_time
ORD-US-33885,3,delivery_issue
ORD-US-33886,5,on_time
ORD-US-33887,5,on_time
ORD-US-33888,4,on_time
ORD-US-33889,5,on_time
ORD-US-33890,5,on_time
ORD-US-33891,4,on_time
ORD-US-33892,5,on_time
ORD-US-33893,4,on_time
ORD-US-33894,5,on_time
ORD-US-33895,4,on_time
ORD-US-33896,3,on_time
ORD-US-33897,5,on_time
ORD-US-33898,5,on_time
ORD-US-33899,5,on_time
ORD-US-33900,5,on_time
ORD-US-33901,5,on_time
ORD-US-33902,5,on_time
ORD-US-33903,5,on_time
ORD-US-33904,4,on_time
ORD-US-33905,4,on_time
ORD-US-33906,5,on_time
ORD-US-33907,5,on_time
ORD-US-33908,3,on_time
ORD-US-33909,3,on_time
ORD-US-33910,5,on_time
ORD-US-33911,5,on_time
ORD-US-33912,4,on_time
ORD-US-33913,3,on_time
ORD-US-33914,5,on_time
ORD-US-33915,5,on_time
ORD-US-33916,3,on_time
ORD-US-33917,5,on_time
ORD-US-33918,5,on_time
ORD-US-33919,2,on_time
ORD-US-33920,5,on_time
ORD-US-33921,4,on_time
ORD-US-33922,1,on_time
ORD-US-33923,4,on_time
ORD-US-33924,5,on_time
ORD-US-33925,5,on_time
ORD-US-33926,3,on_time
ORD-US-33927,5,on_time
ORD-US-33928,5,on_time
ORD-US-33929,5,on_time
ORD-US-33930,5,on_time
ORD-US-33931,5,on_time
ORD-US-33932,1,on_time
ORD-US-33933,4,on_time
ORD-US-33934,5,delivery_issue
ORD-US-33935,5,on_time
ORD-US-33936,5,on_time
ORD-US-33937,5,on_time
ORD-US-33938,2,on_time
ORD-US-33939,4,on_time
ORD-US-33940,5,on_time
ORD-US-33941,5,on_time
ORD-US-33942,2,on_time
ORD-US-33943,4,delivery_issue
ORD-US-33944,5,on_time
ORD-US-33945,4,on_time
ORD-US-33946,2,on_time
ORD-US-33947,5,on_time
ORD-US-33948,5,on_time
ORD-US-33949,4,delivery_issue
ORD-US-33950,1,on_time
ORD-US-33951,1,on_time
ORD-US-33952,5,on_time
ORD-US-33953,5,on_time
ORD-US-33954,4,on_time
ORD-US-33955,5,on_time
ORD-US-33956,4,on_time
ORD-US-33957,3,on_time
ORD-US-33958,4,on_time
ORD-US-33959,3,on_time
ORD-US-33960,5,on_time
ORD-US-33961,4,on_time
ORD-US-33962,1,on_time
ORD-US-33963,5,on_time
ORD-US-33964,5,on_time
ORD-US-33965,5,on_time
ORD-US-33966,5,on_time
ORD-US-33967,5,on_time
ORD-US-33968,2,on_time
ORD-US-33969,5,on_time
ORD-US-33970,5,on_time
ORD-US-33971,5,on_time
ORD-US-33972,5,on_time
ORD-US-33973,4,on_time
ORD-US-33974,4,on_time
ORD-US-33975,1,on_time
ORD-US-33976,5,on_time
ORD-US-33977,5,on_time
ORD-US-33978,1,on_time
ORD-US-33979,5,on_time
ORD-US-33980,4,on_time
ORD-US-33981,3,on_time
ORD-US-33982,5,on_time
ORD-US-33983,5,on_time
ORD-US-33984,5,on_time
ORD-US-33985,5,on_time
ORD-US-33986,4,on_time
ORD-US-33987,4,on_time
ORD-US-33988,5,on_time
ORD-US-33989,5,on_time
ORD-US-33990,4,on_time
ORD-US-33991,4,on_time
ORD-US-33992,5,on_time
ORD-US-33993,3,on_time
ORD-US-33994,5,on_time
ORD-US-33995,4,on_time
ORD-US-33996,5,on_time
ORD-US-33997,3,on_time
ORD-US-33998,4,on_time
ORD-US-33999,5,on_time
ORD-US-34000,4,on_time
ORD-US-34001,4,on_time
ORD-US-34002,3,on_time
ORD-US-34003,4,on_time
ORD-US-34004,5,on_time
ORD-US-34005,5,on_time
ORD-US-34006,5,on_time
ORD-US-34007,4,delivery_issue
ORD-US-34008,4,on_time
ORD-US-34009,5,on_time
ORD-US-34010,4,on_time
ORD-US-34011,3,on_time
ORD-US-34012,3,on_time
ORD-US-34013,4,on_time
ORD-US-34014,4,on_time
ORD-US-34015,4,on_time
ORD-US-34016,2,on_time
ORD-US-34017,1,on_time
ORD-US-34018,2,on_time
ORD-US-34019,4,on_time
ORD-US-34020,3,on_time
ORD-US-34021,5,on_time
ORD-US-34022,4,on_time
ORD-US-34023,5,on_time
ORD-US-34024,3,on_time
ORD-US-34025,4,on_time
ORD-US-34026,5,on_time
ORD-US-34027,3,on_time
ORD-US-34028,4,on_time
ORD-US-34029,3,on_time
ORD-US-34030,4,on_time
ORD-US-34031,5,on_time
ORD-US-34032,4,on_time
ORD-US-34033,5,on_time
ORD-US-34034,4,on_time
ORD-US-34035,4,on_time
ORD-US-34036,5,on_time
ORD-US-34037,5,on_time
ORD-US-34038,3,on_time
ORD-US-34039,4,on_time
ORD-US-34040,4,on_time
ORD-US-34041,5,on_time
ORD-US-34042,3,on_time
ORD-US-34043,1,on_time
ORD-US-34044,3,on_time
ORD-US-34045,3,on_time
ORD-US-34046,4,on_time
ORD-US-34047,3,on_time
ORD-US-34048,4,on_time
ORD-US-34049,5,on_time
ORD-US-34050,5,on_time
ORD-US-34051,4,on_time
ORD-US-34052,5,on_time
ORD-US-34053,5,on_time
ORD-US-34054,5,on_time
ORD-US-34055,5,on_time
ORD-US-34056,5,on_time
ORD-US-34057,1,on_time
ORD-US-34058,2,delivery_issue
ORD-US-34059,5,on_time
ORD-US-34060,5,on_time
ORD-US-34061,4,on_time
ORD-US-34062,5,on_time
ORD-US-34063,4,on_time
ORD-US-34064,5,on_time
ORD-US-34065,4,on_time
ORD-US-34066,5,on_time
ORD-US-34067,5,on_time
ORD-US-34068,3,on_time
ORD-US-34069,5,on_time
ORD-US-34070,5,on_time
ORD-US-34071,4,on_time
ORD-US-34072,4,on_time
ORD-US-34073,5,on_time
ORD-US-34074,4,on_time
ORD-US-34075,5,on_time
ORD-US-34076,5,on_time
ORD-US-34077,4,on_time
ORD-US-34078,5,on_time
ORD-US-34079,5,on_time
ORD-US-34080,5,on_time
ORD-US-34081,5,on_time
ORD-US-34082,5,on_time
ORD-US-34083,5,on_time
ORD-US-34084,5,on_time
ORD-US-34085,5,on_time
ORD-US-34086,5,on_time
ORD-US-34087,5,on_time
ORD-US-34088,4,on_time
ORD-US-34089,4,on_time
ORD-US-34090,5,on_time
ORD-US-34091,4,on_time
ORD-US-34092,5,on_time
ORD-US-34093,4,on_time
ORD-US-34094,2,on_time
ORD-US-34095,4,on_time
ORD-US-34096,4,on_time
ORD-US-34097,4,on_time
ORD-US-34098,5,on_time
ORD-US-34099,5,on_time
ORD-US-34100,1,on_time
ORD-US-34101,3,on_time
ORD-US-34102,2,on_time
ORD-US-34103,5,on_time
ORD-US-34104,2,on_time
ORD-US-34105,5,on_time
ORD-US-34106,4,on_time
ORD-US-34107,5,on_time
ORD-US-34108,4,on_time
ORD-US-34109,5,on_time
ORD-US-34110,1,on_time
ORD-US-34111,5,on_time
ORD-US-34112,4,on_time
ORD-US-34113,5,on_time
ORD-US-34114,4,on_time
ORD-US-34115,4,on_time
ORD-US-34116,4,on_time
ORD-US-34117,5,on_time
ORD-US-34118,3,on_time
ORD-US-34119,4,on_time
ORD-US-34120,4,on_time
ORD-US-34121,3,on_time
ORD-US-34122,1,on_time
ORD-US-34123,5,on_time
ORD-US-34124,5,on_time
ORD-US-34125,3,on_time
ORD-US-34126,5,on_time
ORD-US-34127,5,on_time
ORD-US-34128,5,on_time
ORD-US-34129,4,on_time
ORD-US-34130,2,on_time
ORD-US-34131,5,on_time
ORD-US-34132,1,on_time
ORD-US-34133,5,on_time
ORD-US-34134,1,on_time
ORD-US-34135,2,on_time
ORD-US-34136,5,on_time
ORD-US-34137,5,on_time
ORD-US-34138,4,on_time
ORD-US-34139,5,on_time
ORD-US-34140,5,on_time
ORD-US-34141,5,on_time
ORD-US-34142,5,on_time
ORD-US-34143,5,on_time
ORD-US-34144,4,on_time
ORD-US-34145,5,on_time
ORD-US-34146,5,on_time
ORD-US-34147,4,on_time
ORD-US-34148,3,on_time
ORD-US-34149,5,on_time
ORD-US-34150,5,on_time
ORD-US-34151,5,on_time
ORD-US-34152,5,on_time
ORD-US-34153,5,on_time
ORD-US-34154,5,on_time
ORD-US-34155,5,on_time
ORD-US-34156,5,on_time
ORD-US-34157,3,on_time
ORD-US-34158,5,on_time
ORD-US-34159,5,on_time
ORD-US-34160,1,on_time
ORD-US-34161,4,on_time
ORD-US-34162,4,delivery_issue
ORD-US-34163,2,on_time
ORD-US-34164,5,on_time
ORD-US-34165,5,on_time
ORD-US-34166,5,on_time
ORD-US-34167,4,on_time
ORD-US-34168,5,on_time
ORD-US-34169,5,on_time
ORD-US-34170,5,on_time
ORD-US-34171,2,on_time
ORD-US-34172,5,on_time
ORD-US-34173,1,on_time
ORD-US-34174,5,on_time
ORD-US-34175,2,on_time
ORD-US-34176,4,on_time
ORD-US-34177,5,on_time
ORD-US-34178,3,on_time
ORD-US-34179,5,on_time
ORD-US-34180,3,delivery_issue
ORD-US-34181,5,on_time
ORD-US-34182,3,on_time
ORD-US-34183,5,on_time
ORD-US-34184,5,on_time
ORD-US-34185,5,on_time
ORD-US-34186,3,on_time
ORD-US-34187,4,delivery_issue
ORD-US-34188,4,on_time
ORD-US-34189,4,on_time
ORD-US-34190,4,on_time
ORD-US-34191,5,on_time
ORD-US-34192,5,on_time
ORD-US-34193,4,on_time
ORD-US-34194,5,on_time
ORD-US-34195,4,on_time
ORD-US-34196,5,on_time
ORD-US-34197,4,on_time
ORD-US-34198,5,on_time
ORD-US-34199,5,on_time
ORD-US-34200,5,on_time
ORD-US-34201,3,on_time
ORD-US-34202,2,on_time
ORD-US-34203,2,on_time
ORD-US-34204,5,on_time
ORD-US-34205,5,on_time
ORD-US-34206,4,on_time
ORD-US-34207,3,on_time
ORD-US-34208,4,on_time
ORD-US-34209,5,on_time
ORD-US-34210,3,on_time
ORD-US-34211,5,on_time
ORD-US-34212,5,on_time
ORD-US-34213,5,on_time
ORD-US-34214,4,on_time
ORD-US-34215,5,on_time
ORD-US-34216,5,on_time
ORD-US-34217,5,on_time
ORD-US-34218,5,on_time
ORD-US-34219,5,on_time
ORD-US-34220,5,on_time
ORD-US-34221,5,on_time
ORD-US-34222,5,on_time
ORD-US-34223,3,on_time
ORD-US-34224,5,on_time
ORD-US-34225,5,on_time
ORD-US-34226,5,delivery_issue
ORD-US-34227,5,on_time
ORD-US-34228,5,on_time
ORD-US-34229,5,on_time
ORD-US-34230,5,on_time
ORD-US-34231,5,on_time
ORD-US-34232,3,on_time
ORD-US-34233,5,on_time
ORD-US-34234,5,on_time
ORD-US-34235,5,on_time
ORD-US-34236,4,on_time
ORD-US-34237,5,on_time
ORD-US-34238,5,on_time
ORD-US-34239,1,on_time
ORD-US-34240,4,on_time
ORD-US-34241,4,on_time
ORD-US-34242,5,on_time
ORD-US-34243,4,on_time
ORD-US-34244,5,on_time
ORD-US-34245,4,on_time
ORD-US-34246,4,on_time
ORD-US-34247,4,on_time
ORD-US-34248,3,delivery_issue
ORD-US-34249,3,on_time
ORD-US-34250,2,delivery_issue
ORD-US-34251,4,delivery_issue
ORD-US-34252,4,on_time
ORD-US-34253,5,on_time
ORD-US-34254,5,on_time
ORD-US-34255,5,on_time
ORD-US-34256,2,on_time
ORD-US-34257,5,on_time
ORD-US-34258,3,on_time
ORD-US-34259,3,on_time
ORD-US-34260,5,on_time
ORD-US-34261,4,on_time
ORD-US-34262,5,on_time
ORD-US-34263,4,on_time
ORD-US-34264,4,on_time
ORD-US-34265,5,on_time
ORD-US-34266,5,on_time
ORD-US-34267,5,on_time
ORD-US-34268,5,on_time
ORD-US-34269,5,on_time
ORD-US-34270,5,on_time
ORD-US-34271,5,on_time
ORD-US-34272,3,on_time
ORD-US-34273,5,on_time
ORD-US-34274,1,on_time
ORD-US-34275,5,on_time
ORD-US-34276,1,on_time
ORD-US-34277,4,on_time
ORD-US-34278,2,on_time
ORD-US-34279,4,on_time
ORD-US-34280,1,on_time
ORD-US-34281,4,on_time
ORD-US-34282,4,on_time
ORD-US-34283,4,on_time
ORD-US-34284,5,on_time
ORD-US-34285,4,on_time
ORD-US-34286,3,on_time
ORD-US-34287,5,on_time
ORD-US-34288,5,on_time
ORD-US-34289,4,on_time
ORD-US-34290,5,on_time
ORD-US-34291,3,on_time
ORD-US-34292,5,on_time
ORD-US-34293,5,on_time
ORD-US-34294,5,on_time
ORD-US-34295,3,on_time
ORD-US-34296,3,on_time
ORD-US-34297,5,on_time
ORD-US-34298,5,delivery_issue
ORD-US-34299,3,on_time
ORD-US-34300,3,on_time
ORD-US-34301,5,on_time
ORD-US-34302,5,on_time
ORD-US-34303,4,on_time
ORD-US-34304,5,on_time
ORD-US-34305,4,on_time
ORD-US-34306,5,on_time
ORD-US-34307,2,on_time
ORD-US-34308,3,on_time
ORD-US-34309,5,on_time
ORD-US-34310,4,on_time
ORD-US-34311,5,on_time
ORD-US-34312,4,on_time
ORD-US-34313,5,on_time
ORD-US-34314,2,on_time
ORD-US-34315,5,on_time
ORD-US-34316,5,on_time
ORD-US-34317,4,on_time
ORD-US-34318,5,on_time
ORD-US-34319,5,delivery_issue
ORD-US-34320,5,on_time
ORD-US-34321,3,on_time
ORD-US-34322,4,on_time
ORD-US-34323,5,on_time
ORD-US-34324,4,on_time
ORD-US-34325,2,on_time
ORD-US-34326,5,on_time
ORD-US-34327,1,on_time
ORD-US-34328,4,on_time
ORD-US-34329,1,delivery_issue
ORD-US-34330,4,on_time
ORD-US-34331,5,on_time
ORD-US-34332,5,delivery_issue
ORD-US-34333,2,delivery_issue
ORD-US-34334,5,on_time
ORD-US-34335,5,on_time
ORD-US-34336,2,on_time
ORD-US-34337,5,on_time
ORD-US-34338,1,on_time
ORD-US-34339,2,delivery_issue
ORD-US-34340,5,on_time
ORD-US-34341,3,delivery_issue
ORD-US-34342,4,on_time
ORD-US-34343,4,on_time
ORD-US-34344,4,on_time
ORD-US-34345,5,on_time
ORD-US-34346,4,on_time
ORD-US-34347,5,on_time
ORD-US-34348,4,on_time
ORD-US-34349,4,on_time
ORD-US-34350,5,on_time
ORD-US-34351,1,delivery_issue
ORD-US-34352,4,on_time
ORD-US-34353,3,delivery_issue
ORD-US-34354,5,on_time
ORD-US-34355,5,on_time
ORD-US-34356,5,on_time
ORD-US-34357,5,on_time
ORD-US-34358,5,delivery_issue
ORD-US-34359,4,on_time
ORD-US-34360,5,on_time
ORD-US-34361,3,on_time
ORD-US-34362,5,on_time
ORD-US-34363,3,on_time
ORD-US-34364,5,on_time
ORD-US-34365,4,on_time
ORD-US-34366,4,on_time
ORD-US-34367,3,delivery_issue
ORD-US-34368,4,on_time
ORD-US-34369,1,on_time
ORD-US-34370,5,on_time
ORD-US-34371,5,on_time
ORD-US-34372,5,on_time
ORD-US-34373,5,on_time
ORD-US-34374,5,on_time
ORD-US-34375,4,on_time
ORD-US-34376,5,on_time
ORD-US-34377,5,on_time
ORD-US-34378,5,on_time
ORD-US-34379,5,on_time
ORD-US-34380,5,on_time
ORD-US-34381,4,on_time
ORD-US-34382,4,on_time
ORD-US-34383,5,on_time
ORD-US-34384,5,on_time
ORD-US-34385,4,on_time
ORD-US-34386,5,on_time
ORD-US-34387,5,on_time
ORD-US-34388,5,on_time
ORD-US-34389,5,on_time
ORD-US-34390,4,on_time
ORD-US-34391,5,on_time
ORD-US-34392,2,on_time
ORD-US-34393,4,on_time
ORD-US-34394,4,on_time
ORD-US-34395,3,on_time
ORD-US-34396,5,on_time
ORD-US-34397,4,on_time
ORD-US-34398,4,on_time
ORD-US-34399,5,on_time
ORD-US-34400,5,on_time
ORD-US-34401,4,on_time
ORD-US-34402,4,on_time
ORD-US-34403,5,on_time
ORD-US-34404,4,on_time
ORD-US-34405,5,on_time
ORD-US-34406,4,on_time
ORD-US-34407,5,on_time
ORD-US-34408,5,on_time
ORD-US-34409,5,on_time
ORD-US-34410,5,on_time
ORD-US-34411,3,on_time
ORD-US-34412,5,on_time
ORD-US-34413,3,on_time
ORD-US-34414,4,on_time
ORD-US-34415,5,on_time
ORD-US-34416,5,on_time
ORD-US-34417,5,on_time
ORD-US-34418,4,on_time
ORD-US-34419,5,on_time
ORD-US-34420,3,on_time
ORD-US-34421,4,on_time
ORD-US-34422,5,on_time
ORD-US-34423,5,on_time
ORD-US-34424,2,on_time
ORD-US-34425,4,on_time
ORD-US-34426,4,on_time
ORD-US-34427,3,on_time
ORD-US-34428,5,on_time
ORD-US-34429,4,on_time
ORD-US-34430,3,on_time
ORD-US-34431,5,on_time
ORD-US-34432,5,on_time
ORD-US-34433,5,on_time
ORD-US-34434,3,on_time
ORD-US-34435,5,on_time
ORD-US-34436,5,on_time
ORD-US-34437,5,on_time
ORD-US-34438,4,on_time
ORD-US-34439,2,on_time
ORD-US-34440,2,on_time
ORD-US-34441,4,on_time
ORD-US-34442,5,on_time
ORD-US-34443,4,on_time
ORD-US-34444,5,on_time
ORD-US-34445,4,on_time
ORD-US-34446,5,on_time
ORD-US-34447,5,on_time
ORD-US-34448,4,on_time
ORD-US-34449,4,on_time
ORD-US-34450,5,on_time
ORD-US-34451,5,delivery_issue
ORD-US-34452,5,on_time
ORD-US-34453,4,on_time
ORD-US-34454,3,on_time
ORD-US-34455,5,on_time
ORD-US-34456,4,on_time
ORD-US-34457,4,on_time
ORD-US-34458,5,on_time
ORD-US-34459,5,on_time
ORD-US-34460,5,on_time
ORD-US-34461,5,on_time
ORD-US-34462,5,on_time
ORD-US-34463,3,on_time
ORD-US-34464,5,on_time
ORD-US-34465,2,on_time
ORD-US-34466,5,on_time
ORD-US-34467,5,on_time
ORD-US-34468,5,on_time
ORD-US-34469,5,on_time
ORD-US-34470,4,on_time
ORD-US-34471,2,on_time
ORD-US-34472,1,on_time
ORD-US-34473,4,on_time
ORD-US-34474,4,on_time
ORD-US-34475,5,on_time
ORD-US-34476,4,on_time
ORD-US-34477,5,on_time
ORD-US-34478,4,on_time
ORD-US-34479,4,on_time
ORD-US-34480,2,on_time
ORD-US-34481,5,on_time
ORD-US-34482,5,on_time
ORD-US-34483,5,on_time
ORD-US-34484,3,on_time
ORD-US-34485,5,on_time
ORD-US-34486,4,on_time
ORD-US-34487,5,on_time
ORD-US-34488,5,on_time
ORD-US-34489,2,on_time
ORD-US-34490,5,on_time
ORD-US-34491,4,on_time
ORD-US-34492,5,on_time
ORD-US-34493,5,on_time
ORD-US-34494,5,on_time
ORD-US-34495,5,on_time
ORD-US-34496,5,on_time
ORD-US-34497,4,on_time
ORD-US-34498,5,on_time
ORD-US-34499,5,on_time
ORD-US-34500,4,on_time
ORD-US-34501,4,on_time
ORD-US-34502,5,on_time
ORD-US-34503,4,on_time
ORD-US-34504,4,on_time
ORD-US-34505,5,on_time
ORD-US-34506,3,on_time
ORD-US-34507,3,on_time
ORD-US-34508,3,on_time
ORD-US-34509,5,on_time
ORD-US-34510,3,on_time
ORD-US-34511,1,on_time
ORD-US-34512,3,on_time
ORD-US-34513,2,delivery_issue
ORD-US-34514,5,on_time
ORD-US-34515,5,on_time
ORD-US-34516,5,on_time
ORD-US-34517,3,on_time
ORD-US-34518,5,on_time
ORD-US-34519,3,on_time
ORD-US-34520,2,on_time
ORD-US-34521,2,on_time
ORD-US-34522,3,on_time
ORD-US-34523,5,on_time
ORD-US-34524,5,on_time
ORD-US-34525,5,on_time
ORD-US-34526,3,on_time
ORD-US-34527,5,on_time
ORD-US-34528,5,on_time
ORD-US-34529,5,on_time
ORD-US-34530,5,on_time
ORD-US-34531,5,on_time
ORD-US-34532,4,on_time
ORD-US-34533,2,on_time
ORD-US-34534,1,on_time
ORD-US-34535,4,on_time
ORD-US-34536,1,on_time
ORD-US-34537,5,on_time
ORD-US-34538,2,on_time
ORD-US-34539,4,on_time
ORD-US-34540,4,on_time
ORD-US-34541,4,on_time
ORD-US-34542,4,on_time
ORD-US-34543,4,delivery_issue
ORD-US-34544,4,on_time
ORD-US-34545,4,on_time
ORD-US-34546,5,on_time
ORD-US-34547,3,on_time
ORD-US-34548,5,on_time
ORD-US-34549,4,on_time
ORD-US-34550,5,on_time
ORD-US-34551,5,on_time
ORD-US-34552,5,on_time
ORD-US-34553,5,on_time
ORD-US-34554,4,on_time
ORD-US-34555,4,on_time
ORD-US-34556,4,on_time
ORD-US-34557,5,on_time
ORD-US-34558,4,on_time
ORD-US-34559,5,on_time
ORD-US-34560,2,on_time
ORD-US-34561,5,on_time
ORD-US-34562,5,on_time
ORD-US-34563,3,on_time
ORD-US-34564,5,on_time
ORD-US-34565,2,on_time
ORD-US-34566,5,on_time
ORD-US-34567,1,on_time
ORD-US-34568,5,on_time
ORD-US-34569,4,on_time
ORD-US-34570,3,on_time
ORD-US-34571,4,on_time
ORD-US-34572,5,on_time
ORD-US-34573,5,on_time
ORD-US-34574,5,on_time
ORD-US-34575,4,on_time
ORD-US-34576,5,on_time
ORD-US-34577,4,on_time
ORD-US-34578,3,on_time
ORD-US-34579,4,on_time
ORD-US-34580,4,on_time
ORD-US-34581,5,on_time
ORD-US-34582,5,on_time
ORD-US-34583,5,on_time
ORD-US-34584,4,on_time
ORD-US-34585,5,on_time
ORD-US-34586,5,on_time
ORD-US-34587,4,on_time
ORD-US-34588,4,on_time
ORD-US-34589,4,on_time
ORD-US-34590,4,on_time
ORD-US-34591,5,on_time
ORD-US-34592,5,on_time
ORD-US-34593,4,on_time
ORD-US-34594,5,on_time
ORD-US-34595,3,on_time
ORD-US-34596,4,on_time
ORD-US-34597,4,on_time
ORD-US-34598,4,on_time
ORD-US-34599,5,on_time
ORD-US-34600,5,on_time
ORD-US-34601,5,on_time
ORD-US-34602,4,on_time
ORD-US-34603,5,on_time
ORD-US-34604,5,on_time
ORD-US-34605,3,on_time
ORD-US-34606,5,on_time
ORD-US-34607,1,on_time
ORD-US-34608,5,on_time
ORD-US-34609,4,on_time
ORD-US-34610,5,on_time
ORD-US-34611,4,on_time
ORD-US-34612,5,on_time
ORD-US-34613,5,on_time
ORD-US-34614,5,on_time
ORD-US-34615,5,on_time
ORD-US-34616,4,on_time
ORD-US-34617,4,on_time
ORD-US-34618,4,on_time
ORD-US-34619,2,on_time
ORD-US-34620,5,on_time
ORD-US-34621,1,delivery_issue
ORD-US-34622,2,on_time
ORD-US-34623,4,on_time
ORD-US-34624,4,on_time
ORD-US-34625,5,on_time
ORD-US-34626,4,on_time
ORD-US-34627,4,on_time
ORD-US-34628,5,on_time
ORD-US-34629,5,on_time
ORD-US-34630,4,on_time
ORD-US-34631,4,on_time
ORD-US-34632,5,on_time
ORD-US-34633,5,on_time
ORD-US-34634,5,on_time
ORD-US-34635,5,on_time
ORD-US-34636,4,on_time
ORD-US-34637,5,on_time
ORD-US-34638,4,on_time
ORD-US-34639,5,on_time
ORD-US-34640,5,on_time
ORD-US-34641,3,on_time
ORD-US-34642,5,on_time
ORD-US-34643,5,on_time
ORD-US-34644,5,on_time
ORD-US-34645,3,on_time
ORD-US-34646,3,on_time
ORD-US-34647,5,on_time
ORD-US-34648,5,on_time
ORD-US-34649,5,on_time
ORD-US-34650,1,on_time
ORD-US-34651,5,on_time
ORD-US-34652,3,on_time
ORD-US-34653,5,on_time
ORD-US-34654,4,on_time
ORD-US-34655,4,on_time
ORD-US-34656,5,on_time
ORD-US-34657,1,on_time
ORD-US-34658,1,on_time
ORD-US-34659,4,on_time
ORD-US-34660,4,on_time
ORD-US-34661,4,on_time
ORD-US-34662,5,on_time
ORD-US-34663,2,on_time
ORD-US-34664,5,on_time
ORD-US-34665,5,on_time
ORD-US-34666,4,on_time
ORD-US-34667,5,on_time
ORD-US-34668,5,on_time
ORD-US-34669,5,on_time
ORD-US-34670,5,on_time
ORD-US-34671,4,on_time
ORD-US-34672,5,on_time
ORD-US-34673,5,on_time
ORD-US-34674,5,on_time
ORD-US-34675,4,on_time
ORD-US-34676,5,on_time
ORD-US-34677,3,on_time
ORD-US-34678,3,on_time
ORD-US-34679,5,on_time
ORD-US-34680,4,on_time
ORD-US-34681,5,on_time
ORD-US-34682,5,on_time
ORD-US-34683,3,on_time
ORD-US-34684,1,on_time
ORD-US-34685,5,on_time
ORD-US-34686,5,on_time
ORD-US-34687,4,on_time
ORD-US-34688,3,on_time
ORD-US-34689,5,on_time
ORD-US-34690,5,on_time
ORD-US-34691,5,on_time
ORD-US-34692,5,on_time
ORD-US-34693,5,on_time
ORD-US-34694,2,on_time
ORD-US-34695,5,on_time
ORD-US-34696,4,on_time
ORD-US-34697,4,on_time
ORD-US-34698,5,on_time
ORD-US-34699,5,on_time
ORD-US-34700,4,on_time
ORD-US-34701,5,on_time
ORD-US-34702,5,on_time
ORD-US-34703,4,on_time
ORD-US-34704,4,on_time
ORD-US-34705,4,on_time
ORD-US-34706,3,on_time
ORD-US-34707,3,on_time
ORD-US-34708,4,on_time
ORD-US-34709,2,on_time
ORD-US-34710,5,on_time
ORD-US-34711,5,on_time
ORD-US-34712,5,on_time
ORD-US-34713,4,on_time
ORD-US-34714,5,on_time
ORD-US-34715,5,on_time
ORD-US-34716,3,on_time
ORD-US-34717,5,on_time
ORD-US-34718,3,on_time
ORD-US-34719,5,on_time
ORD-US-34720,4,on_time
ORD-US-34721,5,on_time
ORD-US-34722,5,on_time
ORD-US-34723,3,on_time
ORD-US-34724,1,on_time
ORD-US-34725,5,on_time
ORD-US-34726,5,on_time
ORD-US-34727,4,on_time
ORD-US-34728,4,on_time
ORD-US-34729,5,on_time
ORD-US-34730,1,delivery_issue
ORD-US-34731,4,on_time
ORD-US-34732,4,on_time
ORD-US-34733,1,on_time
ORD-US-34734,4,on_time
ORD-US-34735,5,on_time
ORD-US-34736,5,on_time
ORD-US-34737,5,on_time
ORD-US-34738,5,on_time
ORD-US-34739,4,on_time
ORD-US-34740,3,on_time
ORD-US-34741,4,on_time
ORD-US-34742,4,on_time
ORD-US-34743,5,on_time
ORD-US-34744,4,on_time
ORD-US-34745,5,on_time
ORD-US-34746,5,on_time
ORD-US-34747,5,on_time
ORD-US-34748,4,on_time
ORD-US-34749,3,on_time
ORD-US-34750,5,on_time
ORD-US-34751,1,on_time
ORD-US-34752,5,on_time
ORD-US-34753,4,on_time
ORD-US-34754,5,on_time
ORD-US-34755,4,on_time
ORD-US-34756,5,on_time
ORD-US-34757,4,on_time
ORD-US-34758,5,on_time
ORD-US-34759,5,on_time
ORD-US-34760,5,on_time
ORD-US-34761,5,on_time
ORD-US-34762,5,on_time
ORD-US-34763,5,on_time
ORD-US-34764,5,on_time
ORD-US-34765,2,delivery_issue
ORD-US-34766,2,on_time
ORD-US-34767,5,on_time
ORD-US-34768,4,on_time
ORD-US-34769,2,on_time
ORD-US-34770,4,on_time
ORD-US-34771,1,on_time
ORD-US-34772,5,on_time
ORD-US-34773,4,on_time
ORD-US-34774,5,on_time
ORD-US-34775,4,on_time
ORD-US-34776,5,on_time
ORD-US-34777,4,on_time
ORD-US-34778,5,on_time
ORD-US-34779,5,on_time
ORD-US-34780,5,on_time
ORD-US-34781,4,on_time
ORD-US-34782,4,on_time
ORD-US-34783,4,on_time
ORD-US-34784,5,on_time
ORD-US-34785,5,on_time
ORD-US-34786,4,on_time
ORD-US-34787,5,on_time
ORD-US-34788,5,on_time
ORD-US-34789,5,on_time
ORD-US-34790,5,on_time
ORD-US-34791,2,on_time
ORD-US-34792,3,on_time
ORD-US-34793,4,on_time
ORD-US-34794,2,on_time
ORD-US-34795,3,on_time
ORD-US-34796,4,on_time
ORD-US-34797,5,on_time
ORD-US-34798,5,on_time
ORD-US-34799,5,on_time
ORD-US-34800,5,on_time
ORD-US-34801,4,on_time
ORD-US-34802,2,on_time
ORD-US-34803,3,on_time
ORD-US-34804,5,on_time
ORD-US-34805,5,on_time
ORD-US-34806,3,delivery_issue
ORD-US-34807,5,on_time
ORD-US-34808,4,on_time
ORD-US-34809,5,on_time
ORD-US-34810,4,on_time
ORD-US-34811,5,on_time
ORD-US-34812,4,on_time
ORD-US-34813,2,on_time
ORD-US-34814,5,on_time
ORD-US-34815,2,on_time
ORD-US-34816,3,on_time
ORD-US-34817,5,on_time
ORD-US-34818,4,on_time
ORD-US-34819,4,on_time
ORD-US-34820,5,on_time
ORD-US-34821,2,on_time
ORD-US-34822,5,on_time
ORD-US-34823,4,on_time
ORD-US-34824,2,on_time
ORD-US-34825,5,on_time
ORD-US-34826,5,on_time
ORD-US-34827,4,on_time
ORD-US-34828,5,on_time
ORD-US-34829,3,on_time
ORD-US-34830,5,on_time
ORD-US-34831,5,on_time
ORD-US-34832,5,on_time
ORD-US-34833,5,on_time
ORD-US-34834,5,on_time
ORD-US-34835,5,on_time
ORD-US-34836,4,on_time
ORD-US-34837,5,on_time
ORD-US-34838,1,on_time
ORD-US-34839,5,on_time
ORD-US-34840,5,on_time
ORD-US-34841,5,on_time
ORD-US-34842,4,on_time
ORD-US-34843,4,on_time
ORD-US-34844,4,on_time
ORD-US-34845,4,on_time
ORD-US-34846,5,on_time
ORD-US-34847,5,on_time
ORD-US-34848,4,on_time
ORD-US-34849,5,on_time
ORD-US-34850,5,on_time
ORD-US-34851,5,on_time
ORD-US-34852,5,on_time
ORD-US-34853,2,delivery_issue
ORD-US-34854,5,on_time
ORD-US-34855,5,on_time
ORD-US-34856,5,on_time
ORD-US-34857,5,on_time
ORD-US-34858,4,on_time
ORD-US-34859,5,on_time
ORD-US-34860,3,on_time
ORD-US-34861,3,on_time
ORD-US-34862,4,on_time
ORD-US-34863,5,on_time
ORD-US-34864,5,on_time
ORD-US-34865,5,on_time
ORD-US-34866,3,on_time
ORD-US-34867,2,delivery_issue
ORD-US-34868,5,on_time
ORD-US-34869,4,on_time
ORD-US-34870,5,on_time
ORD-US-34871,2,on_time
ORD-US-34872,4,on_time
ORD-US-34873,5,on_time
ORD-US-34874,5,on_time
ORD-US-34875,4,on_time
ORD-US-34876,5,on_time
ORD-US-34877,4,on_time
ORD-US-34878,4,on_time
ORD-US-34879,3,on_time
ORD-US-34880,5,on_time
ORD-US-34881,3,on_time
ORD-US-34882,3,delivery_issue
ORD-US-34883,1,on_time
ORD-US-34884,5,on_time
ORD-US-34885,3,on_time
ORD-US-34886,3,on_time
ORD-US-34887,4,on_time
ORD-US-34888,1,on_time
ORD-US-34889,4,on_time
ORD-US-34890,4,on_time
ORD-US-34891,5,on_time
ORD-US-34892,4,on_time
ORD-US-34893,4,on_time
ORD-US-34894,5,on_time
ORD-US-34895,4,on_time
ORD-US-34896,4,on_time
ORD-US-34897,5,on_time
ORD-US-34898,5,on_time
ORD-US-34899,5,on_time
ORD-US-34900,4,on_time
ORD-US-34901,5,on_time
ORD-US-34902,5,on_time
ORD-US-34903,5,on_time
ORD-US-34904,4,on_time
ORD-US-34905,5,on_time
ORD-US-34906,4,on_time
ORD-US-34907,5,on_time
ORD-US-34908,5,on_time
ORD-US-34909,5,on_time
ORD-US-34910,5,on_time
ORD-US-34911,4,on_time
ORD-US-34912,5,on_time
ORD-US-34913,5,on_time
ORD-US-34914,5,on_time
ORD-US-34915,4,on_time
ORD-US-34916,5,on_time
ORD-US-34917,3,on_time
ORD-US-34918,5,on_time
ORD-US-34919,2,on_time
ORD-US-34920,4,on_time
ORD-US-34921,5,on_time
ORD-US-34922,4,on_time
ORD-US-34923,3,on_time
ORD-US-34924,5,on_time
ORD-US-34925,5,on_time
ORD-US-34926,5,on_time
ORD-US-34927,4,on_time
ORD-US-34928,5,on_time
ORD-US-34929,2,on_time
ORD-US-34930,2,on_time
ORD-US-34931,5,on_time
ORD-US-34932,2,on_time
ORD-US-34933,5,on_time
ORD-US-34934,5,on_time
ORD-US-34935,5,on_time
ORD-US-34936,5,on_time
ORD-US-34937,2,on_time
ORD-US-34938,2,on_time
ORD-US-34939,5,on_time
ORD-US-34940,4,on_time
ORD-US-34941,3,on_time
ORD-US-34942,5,on_time
ORD-US-34943,5,on_time
ORD-US-34944,3,on_time
ORD-US-34945,5,on_time
ORD-US-34946,3,delivery_issue
ORD-US-34947,4,on_time
ORD-US-34948,5,on_time
ORD-US-34949,5,on_time
ORD-US-34950,2,on_time
ORD-US-34951,4,on_time
ORD-US-34952,5,on_time
ORD-US-34953,4,on_time
ORD-US-34954,4,on_time
ORD-US-34955,5,on_time
ORD-US-34956,5,on_time
ORD-US-34957,5,on_time
ORD-US-34958,4,on_time
ORD-US-34959,5,on_time
ORD-US-34960,4,on_time
ORD-US-34961,2,on_time
ORD-US-34962,5,on_time
ORD-US-34963,4,on_time
ORD-US-34964,5,on_time
ORD-US-34965,4,on_time
ORD-US-34966,2,on_time
ORD-US-34967,5,on_time
ORD-US-34968,5,on_time
ORD-US-34969,3,on_time
ORD-US-34970,5,on_time
ORD-US-34971,5,on_time
ORD-US-34972,5,on_time
ORD-US-34973,4,on_time
ORD-US-34974,3,on_time
ORD-US-34975,3,on_time
ORD-US-34976,5,on_time
ORD-US-34977,4,on_time
ORD-US-34978,5,on_time
ORD-US-34979,5,on_time
ORD-US-34980,4,on_time
ORD-US-34981,5,on_time
ORD-US-34982,3,on_time
ORD-US-34983,5,on_time
ORD-US-34984,4,on_time
ORD-US-34985,5,on_time
ORD-US-34986,5,on_time
ORD-US-34987,5,on_time
ORD-US-34988,4,on_time
ORD-US-34989,5,on_time
ORD-US-34990,5,on_time
ORD-US-34991,5,on_time
ORD-US-34992,5,on_time
ORD-US-34993,5,on_time
ORD-US-34994,4,on_time
ORD-US-34995,2,on_time
ORD-US-34996,5,on_time
ORD-US-34997,4,on_time
ORD-US-34998,4,on_time
ORD-US-34999,4,on_time
ORD-US-35000,4,on_time
ORD-US-35001,5,on_time
ORD-US-35002,5,on_time
ORD-US-35003,5,on_time
ORD-US-35004,3,on_time
ORD-US-35005,4,on_time
ORD-US-35006,2,on_time
ORD-US-35007,5,on_time
ORD-US-35008,4,on_time
ORD-US-35009,5,on_time
ORD-US-35010,4,on_time
ORD-US-35011,5,on_time
ORD-US-35012,4,on_time
ORD-US-35013,4,on_time
ORD-US-35014,4,on_time
ORD-US-35015,5,on_time
ORD-US-35016,4,on_time
ORD-US-35017,4,on_time
ORD-US-35018,4,on_time
ORD-US-35019,4,on_time
ORD-US-35020,5,on_time
ORD-US-35021,4,on_time
ORD-US-35022,5,on_time
ORD-US-35023,2,on_time
ORD-US-35024,5,on_time
ORD-US-35025,1,on_time
ORD-US-35026,5,on_time
ORD-US-35027,4,on_time
ORD-US-35028,2,on_time
ORD-US-35029,5,on_time
ORD-US-35030,5,on_time
ORD-US-35031,3,on_time
ORD-US-35032,5,on_time
ORD-US-35033,5,on_time
ORD-US-35034,5,on_time
ORD-US-35035,3,on_time
ORD-US-35036,5,on_time
ORD-US-35037,4,on_time
ORD-US-35038,4,on_time
ORD-US-35039,1,on_time
ORD-US-35040,4,on_time
ORD-US-35041,4,on_time
ORD-US-35042,5,on_time
ORD-US-35043,4,on_time
ORD-US-35044,4,on_time
ORD-US-35045,5,on_time
ORD-US-35046,5,on_time
ORD-US-35047,5,on_time
ORD-US-35048,2,on_time
ORD-US-35049,5,on_time
ORD-US-35050,5,on_time
ORD-US-35051,5,on_time
ORD-US-35052,5,on_time
ORD-US-35053,3,on_time
ORD-US-35054,4,on_time
ORD-US-35055,4,on_time
ORD-US-35056,5,on_time
ORD-US-35057,5,on_time
ORD-US-35058,5,on_time
ORD-US-35059,4,on_time
ORD-US-35060,3,on_time
ORD-US-35061,4,on_time
ORD-US-35062,4,on_time
ORD-US-35063,5,on_time
ORD-US-35064,4,on_time
ORD-US-35065,4,on_time
ORD-US-35066,5,on_time
ORD-US-35067,3,on_time
ORD-US-35068,5,on_time
ORD-US-35069,4,on_time
ORD-US-35070,5,on_time
ORD-US-35071,5,on_time
ORD-US-35072,5,on_time
ORD-US-35073,5,on_time
ORD-US-35074,5,on_time
ORD-US-35075,3,on_time
ORD-US-35076,5,on_time
ORD-US-35077,5,on_time
ORD-US-35078,5,on_time
ORD-US-35079,4,on_time
ORD-US-35080,4,on_time
ORD-US-35081,5,on_time
ORD-US-35082,3,on_time
ORD-US-35083,5,on_time
ORD-US-35084,4,on_time
ORD-US-35085,5,on_time
ORD-US-35086,4,on_time
ORD-US-35087,5,on_time
ORD-US-35088,5,on_time
ORD-US-35089,5,on_time
ORD-US-35090,5,on_time
ORD-US-35091,1,on_time
ORD-US-35092,5,on_time
ORD-US-35093,5,on_time
ORD-US-35094,3,on_time
ORD-US-35095,5,on_time
ORD-US-35096,5,on_time
ORD-US-35097,5,on_time
ORD-US-35098,5,on_time
ORD-US-35099,4,on_time
ORD-US-35100,4,on_time
ORD-US-35101,5,on_time
ORD-US-35102,5,on_time
ORD-US-35103,3,on_time
ORD-US-35104,4,on_time
ORD-US-35105,5,on_time
ORD-US-35106,4,on_time
ORD-US-35107,5,on_time
ORD-US-35108,5,on_time
ORD-US-35109,4,on_time
ORD-US-35110,2,on_time
ORD-US-35111,3,on_time
ORD-US-35112,2,on_time
ORD-US-35113,4,on_time
ORD-US-35114,4,on_time
ORD-US-35115,4,on_time
ORD-US-35116,4,on_time
ORD-US-35117,5,on_time
ORD-US-35118,4,on_time
ORD-US-35119,1,delivery_issue
ORD-US-35120,5,on_time
ORD-US-35121,4,on_time
ORD-US-35122,5,on_time
ORD-US-35123,4,on_time
ORD-US-35124,5,on_time
ORD-US-35125,3,on_time
ORD-US-35126,4,on_time
ORD-US-35127,5,on_time
ORD-US-35128,5,on_time
ORD-US-35129,5,on_time
ORD-US-35130,5,on_time
ORD-US-35131,3,on_time
ORD-US-35132,3,on_time
ORD-US-35133,5,on_time
ORD-US-35134,4,on_time
ORD-US-35135,5,on_time
ORD-US-35136,4,on_time
ORD-US-35137,5,on_time
ORD-US-35138,5,on_time
ORD-US-35139,3,on_time
ORD-US-35140,5,on_time
ORD-US-35141,5,on_time
ORD-US-35142,5,on_time
ORD-US-35143,4,delivery_issue
ORD-US-35144,5,on_time
ORD-US-35145,5,on_time
ORD-US-35146,5,on_time
ORD-US-35147,5,on_time
ORD-US-35148,4,on_time
ORD-US-35149,3,on_time
ORD-US-35150,5,on_time
ORD-US-35151,4,on_time
ORD-US-35152,5,on_time
ORD-US-35153,5,on_time
ORD-US-35154,5,on_time
ORD-US-35155,5,on_time
ORD-US-35156,1,delivery_issue
ORD-US-35157,4,on_time
ORD-US-35158,5,on_time
ORD-US-35159,5,on_time
ORD-US-35160,3,on_time
ORD-US-35161,5,on_time
ORD-US-35162,1,on_time
ORD-US-35163,5,on_time
ORD-US-35164,4,on_time
ORD-US-35165,4,on_time
ORD-US-35166,5,on_time
ORD-US-35167,5,on_time
ORD-US-35168,5,on_time
ORD-US-35169,4,on_time
ORD-US-35170,5,on_time
ORD-US-35171,3,on_time
ORD-US-35172,5,on_time
ORD-US-35173,1,on_time
ORD-US-35174,3,on_time
ORD-US-35175,2,on_time
ORD-US-35176,3,on_time
ORD-US-35177,5,on_time
ORD-US-35178,5,on_time
ORD-US-35179,5,on_time
ORD-US-35180,3,on_time
ORD-US-35181,5,on_time
ORD-US-35182,5,on_time
ORD-US-35183,5,on_time
ORD-US-35184,4,on_time
ORD-US-35185,5,on_time
ORD-US-35186,3,on_time
ORD-US-35187,5,on_time
ORD-US-35188,5,on_time
ORD-US-35189,3,on_time
ORD-US-35190,4,on_time
ORD-US-35191,5,on_time
ORD-US-35192,5,on_time
ORD-US-35193,5,on_time
ORD-US-35194,5,on_time
ORD-US-35195,4,on_time
ORD-US-35196,2,on_time
ORD-US-35197,4,on_time
ORD-US-35198,4,on_time
ORD-US-35199,5,on_time
ORD-US-35200,1,on_time
ORD-US-35201,5,on_time
ORD-US-35202,4,on_time
ORD-US-35203,5,on_time
ORD-US-35204,4,on_time
ORD-US-35205,4,on_time
ORD-US-35206,5,on_time
ORD-US-35207,4,on_time
ORD-US-35208,5,on_time
ORD-US-35209,5,on_time
ORD-US-35210,4,on_time
ORD-US-35211,5,on_time
ORD-US-35212,5,on_time
ORD-US-35213,3,on_time
ORD-US-35214,5,on_time
ORD-US-35215,5,on_time
ORD-US-35216,5,on_time
ORD-US-35217,3,on_time
ORD-US-35218,5,on_time
ORD-US-35219,4,on_time
ORD-US-35220,5,on_time
ORD-US-35221,3,on_time
ORD-US-35222,1,on_time
ORD-US-35223,5,on_time
ORD-US-35224,5,on_time
ORD-US-35225,5,on_time
ORD-US-35226,4,delivery_issue
ORD-US-35227,5,on_time
ORD-US-35228,5,on_time
ORD-US-35229,5,on_time
ORD-US-35230,5,on_time
ORD-US-35231,2,on_time
ORD-US-35232,5,on_time
ORD-US-35233,5,on_time
ORD-US-35234,5,on_time
ORD-US-35235,5,on_time
ORD-US-35236,4,on_time
ORD-US-35237,5,on_time
ORD-US-35238,5,on_time
ORD-US-35239,4,on_time
ORD-US-35240,5,on_time
ORD-US-35241,5,on_time
ORD-US-35242,5,on_time
ORD-US-35243,4,on_time
ORD-US-35244,4,on_time
ORD-US-35245,3,on_time
ORD-US-35246,5,on_time
ORD-US-35247,5,on_time
ORD-US-35248,4,on_time
ORD-US-35249,5,on_time
ORD-US-35250,5,on_time
ORD-US-35251,5,on_time
ORD-US-35252,5,on_time
ORD-US-35253,1,on_time
ORD-US-35254,5,on_time
ORD-US-35255,5,on_time
ORD-US-35256,4,on_time
ORD-US-35257,3,on_time
ORD-US-35258,3,on_time
ORD-US-35259,2,on_time
ORD-US-35260,5,on_time
ORD-US-35261,2,on_time
ORD-US-35262,5,on_time
ORD-US-35263,5,on_time
ORD-US-35264,5,on_time
ORD-US-35265,1,on_time
ORD-US-35266,5,on_time
ORD-US-35267,5,on_time
ORD-US-35268,5,on_time
ORD-US-35269,2,on_time
ORD-US-35270,5,on_time
ORD-US-35271,5,on_time
ORD-US-35272,5,on_time
ORD-US-35273,5,on_time
ORD-US-35274,5,on_time
ORD-US-35275,5,on_time
ORD-US-35276,2,on_time
ORD-US-35277,4,on_time
ORD-US-35278,2,on_time
ORD-US-35279,5,on_time
ORD-US-35280,1,on_time
ORD-US-35281,3,delivery_issue
ORD-US-35282,5,on_time
ORD-US-35283,4,on_time
ORD-US-35284,5,on_time
ORD-US-35285,5,on_time
ORD-US-35286,5,on_time
ORD-US-35287,5,on_time
ORD-US-35288,4,on_time
ORD-US-35289,5,on_time
ORD-US-35290,3,on_time
ORD-US-35291,5,on_time
ORD-US-35292,5,on_time
ORD-US-35293,4,on_time
ORD-US-35294,4,delivery_issue
ORD-US-35295,5,on_time
ORD-US-35296,5,on_time
ORD-US-35297,2,on_time
ORD-US-35298,5,on_time
ORD-US-35299,5,on_time
ORD-US-35300,3,on_time
ORD-US-35301,4,on_time
ORD-US-35302,2,on_time
ORD-US-35303,5,on_time
ORD-US-35304,5,on_time
ORD-US-35305,2,on_time
ORD-US-35306,5,on_time
ORD-US-35307,5,on_time
ORD-US-35308,5,on_time
ORD-US-35309,5,on_time
ORD-US-35310,4,on_time
ORD-US-35311,5,on_time
ORD-US-35312,2,delivery_issue
ORD-US-35313,5,on_time
ORD-US-35314,5,on_time
ORD-US-35315,4,on_time
ORD-US-35316,5,on_time
ORD-US-35317,2,on_time
ORD-US-35318,4,on_time
ORD-US-35319,4,on_time
ORD-US-35320,5,on_time
ORD-US-35321,4,on_time
ORD-US-35322,1,on_time
ORD-US-35323,5,on_time
ORD-US-35324,5,on_time
ORD-US-35325,4,on_time
ORD-US-35326,4,on_time
ORD-US-35327,4,on_time
ORD-US-35328,5,on_time
ORD-US-35329,3,on_time
ORD-US-35330,5,on_time
ORD-US-35331,3,on_time
ORD-US-35332,4,on_time
ORD-US-35333,5,on_time
ORD-US-35334,2,on_time
ORD-US-35335,4,on_time
ORD-US-35336,5,on_time
ORD-US-35337,5,on_time
ORD-US-35338,4,on_time
ORD-US-35339,4,on_time
ORD-US-35340,5,on_time
ORD-US-35341,4,on_time
ORD-US-35342,5,on_time
ORD-US-35343,3,on_time
ORD-US-35344,4,on_time
ORD-US-35345,3,on_time
ORD-US-35346,4,on_time
ORD-US-35347,4,on_time
ORD-US-35348,4,on_time
ORD-US-35349,5,on_time
ORD-US-35350,4,on_time
ORD-US-35351,1,on_time
ORD-US-35352,2,on_time
ORD-US-35353,5,on_time
ORD-US-35354,3,delivery_issue
ORD-US-35355,3,on_time
ORD-US-35356,5,on_time
ORD-US-35357,3,delivery_issue
ORD-US-35358,4,on_time
ORD-US-35359,5,on_time
ORD-US-35360,4,on_time
ORD-US-35361,5,on_time
ORD-US-35362,5,on_time
ORD-US-35363,4,on_time
ORD-US-35364,4,on_time
ORD-US-35365,5,on_time
ORD-US-35366,4,on_time
ORD-US-35367,4,on_time
ORD-US-35368,4,on_time
ORD-US-35369,5,on_time
ORD-US-35370,5,on_time
ORD-US-35371,5,on_time
ORD-US-35372,4,on_time
ORD-US-35373,3,on_time
ORD-US-35374,2,delivery_issue
ORD-US-35375,4,on_time
ORD-US-35376,4,on_time
ORD-US-35377,5,on_time
ORD-US-35378,3,on_time
ORD-US-35379,5,on_time
ORD-US-35380,5,on_time
ORD-US-35381,5,on_time
ORD-US-35382,4,on_time
ORD-US-35383,5,on_time
ORD-US-35384,4,on_time
ORD-US-35385,5,on_time
ORD-US-35386,5,on_time
ORD-US-35387,3,on_time
ORD-US-35388,4,on_time
ORD-US-35389,4,on_time
ORD-US-35390,5,on_time
ORD-US-35391,4,on_time
ORD-US-35392,2,on_time
ORD-US-35393,5,on_time
ORD-US-35394,5,on_time
ORD-US-35395,5,on_time
ORD-US-35396,5,on_time
ORD-US-35397,4,on_time
ORD-US-35398,4,on_time
ORD-US-35399,3,on_time
ORD-US-35400,4,on_time
ORD-US-35401,3,on_time
ORD-US-35402,5,delivery_issue
ORD-US-35403,5,on_time
ORD-US-35404,3,on_time
ORD-US-35405,3,on_time
ORD-US-35406,2,on_time
ORD-US-35407,4,delivery_issue
ORD-US-35408,4,on_time
ORD-US-35409,5,on_time
ORD-US-35410,5,on_time
ORD-US-35411,4,on_time
ORD-US-35412,4,on_time
ORD-US-35413,4,on_time
ORD-US-35414,3,on_time
ORD-US-35415,3,delivery_issue
ORD-US-35416,5,on_time
ORD-US-35417,4,on_time
ORD-US-35418,4,on_time
ORD-US-35419,5,on_time
ORD-US-35420,3,on_time
ORD-US-35421,5,on_time
ORD-US-35422,5,on_time
ORD-US-35423,2,on_time
ORD-US-35424,5,on_time
ORD-US-35425,5,on_time
ORD-US-35426,4,on_time
ORD-US-35427,2,on_time
ORD-US-35428,4,on_time
ORD-US-35429,5,on_time
ORD-US-35430,5,on_time
ORD-US-35431,2,on_time
ORD-US-35432,2,on_time
ORD-US-35433,3,delivery_issue
ORD-US-35434,5,on_time
ORD-US-35435,5,on_time
ORD-US-35436,5,on_time
ORD-US-35437,5,on_time
ORD-US-35438,3,on_time
ORD-US-35439,5,on_time
ORD-US-35440,5,on_time
ORD-US-35441,5,on_time
ORD-US-35442,4,on_time
ORD-US-35443,5,on_time
ORD-US-35444,4,on_time
ORD-US-35445,5,on_time
ORD-US-35446,4,on_time
ORD-US-35447,5,on_time
ORD-US-35448,3,on_time
ORD-US-35449,2,on_time
ORD-US-35450,4,on_time
ORD-US-35451,5,on_time
ORD-US-35452,4,on_time
ORD-US-35453,3,delivery_issue
ORD-US-35454,5,on_time
ORD-US-35455,3,on_time
ORD-US-35456,5,on_time
ORD-US-35457,3,on_time
ORD-US-35458,5,on_time
ORD-US-35459,5,on_time
ORD-US-35460,5,on_time
ORD-US-35461,5,on_time
ORD-US-35462,1,on_time
ORD-US-35463,4,on_time
ORD-US-35464,4,on_time
ORD-US-35465,4,on_time
ORD-US-35466,4,on_time
ORD-US-35467,3,on_time
ORD-US-35468,4,on_time
ORD-US-35469,1,on_time
ORD-US-35470,5,on_time
ORD-US-35471,5,on_time
ORD-US-35472,2,on_time
ORD-US-35473,5,on_time
ORD-US-35474,3,on_time
ORD-US-35475,5,on_time
ORD-US-35476,5,on_time
ORD-US-35477,4,on_time
ORD-US-35478,5,on_time
ORD-US-35479,3,on_time
ORD-US-35480,5,on_time
ORD-US-35481,2,on_time
ORD-US-35482,5,on_time
ORD-US-35483,5,on_time
ORD-US-35484,4,on_time
ORD-US-35485,5,on_time
ORD-US-35486,3,on_time
ORD-US-35487,5,on_time
ORD-US-35488,5,on_time
ORD-US-35489,4,on_time
ORD-US-35490,3,on_time
ORD-US-35491,4,on_time
ORD-US-35492,5,on_time
ORD-US-35493,4,on_time
ORD-US-35494,3,on_time
ORD-US-35495,5,on_time
ORD-US-35496,1,on_time
ORD-US-35497,5,on_time
ORD-US-35498,4,on_time
ORD-US-35499,5,on_time
ORD-US-35500,3,on_time
ORD-US-35501,4,on_time
ORD-US-35502,5,on_time
ORD-US-35503,3,on_time
ORD-US-35504,4,on_time
ORD-US-35505,4,on_time
ORD-US-35506,4,on_time
ORD-US-35507,5,on_time
ORD-US-35508,5,on_time
ORD-US-35509,5,on_time
ORD-US-35510,5,on_time
ORD-US-35511,4,on_time
ORD-US-35512,5,on_time
ORD-US-35513,4,on_time
ORD-US-35514,5,on_time
ORD-US-35515,5,on_time
ORD-US-35516,5,on_time
ORD-US-35517,4,on_time
ORD-US-35518,5,on_time
ORD-US-35519,5,on_time
ORD-US-35520,4,on_time
ORD-US-35521,4,on_time
ORD-US-35522,5,on_time
ORD-US-35523,5,on_time
ORD-US-35524,5,on_time
ORD-US-35525,5,on_time
ORD-US-35526,5,on_time
ORD-US-35527,4,on_time
ORD-US-35528,4,on_time
ORD-US-35529,5,on_time
ORD-US-35530,5,on_time
ORD-US-35531,4,on_time
ORD-US-35532,5,on_time
ORD-US-35533,5,on_time
ORD-US-35534,5,on_time
ORD-US-35535,5,on_time
ORD-US-35536,5,on_time
ORD-US-35537,4,on_time
ORD-US-35538,4,on_time
ORD-US-35539,4,on_time
ORD-US-35540,5,on_time
ORD-US-35541,5,on_time
ORD-US-35542,3,on_time
ORD-US-35543,4,on_time
ORD-US-35544,4,on_time
ORD-US-35545,2,on_time
ORD-US-35546,4,on_time
ORD-US-35547,3,on_time
ORD-US-35548,5,on_time
ORD-US-35549,5,on_time
ORD-US-35550,4,on_time
ORD-US-35551,5,on_time
ORD-US-35552,2,on_time
ORD-US-35553,5,on_time
ORD-US-35554,4,on_time
ORD-US-35555,5,on_time
ORD-US-35556,5,on_time
ORD-US-35557,4,on_time
ORD-US-35558,5,on_time
ORD-US-35559,5,on_time
ORD-US-35560,4,on_time
ORD-US-35561,5,on_time
ORD-US-35562,1,on_time
ORD-US-35563,4,on_time
ORD-US-35564,5,on_time
ORD-US-35565,5,on_time
ORD-US-35566,4,on_time
ORD-US-35567,5,on_time
ORD-US-35568,5,on_time
ORD-US-35569,2,on_time
ORD-US-35570,4,on_time
ORD-US-35571,5,on_time
ORD-US-35572,5,on_time
ORD-US-35573,5,on_time
ORD-US-35574,2,on_time
ORD-US-35575,5,on_time
ORD-US-35576,1,on_time
ORD-US-35577,5,on_time
ORD-US-35578,5,on_time
ORD-US-35579,5,on_time
ORD-US-35580,3,on_time
ORD-US-35581,4,on_time
ORD-US-35582,4,on_time
ORD-US-35583,5,on_time
ORD-US-35584,2,on_time
ORD-US-35585,4,on_time
ORD-US-35586,3,on_time
ORD-US-35587,5,on_time
ORD-US-35588,4,on_time
ORD-US-35589,4,on_time
ORD-US-35590,2,on_time
ORD-US-35591,3,delivery_issue
ORD-US-35592,5,on_time
ORD-US-35593,5,on_time
ORD-US-35594,4,on_time
ORD-US-35595,5,on_time
ORD-US-35596,5,on_time
ORD-US-35597,4,on_time
ORD-US-35598,5,on_time
ORD-US-35599,5,on_time
ORD-US-35600,2,on_time
ORD-US-35601,5,on_time
ORD-US-35602,5,on_time
ORD-US-35603,2,on_time
ORD-US-35604,5,on_time
ORD-US-35605,5,on_time
ORD-US-35606,4,on_time
ORD-US-35607,3,on_time
ORD-US-35608,2,on_time
ORD-US-35609,1,on_time
ORD-US-35610,5,on_time
ORD-US-35611,5,on_time
ORD-US-35612,5,on_time
ORD-US-35613,4,on_time
ORD-US-35614,4,on_time
ORD-US-35615,4,on_time
ORD-US-35616,5,on_time
ORD-US-35617,5,on_time
ORD-US-35618,3,on_time
ORD-US-35619,5,on_time
ORD-US-35620,4,on_time
ORD-US-35621,4,on_time
ORD-US-35622,2,on_time
ORD-US-35623,4,on_time
ORD-US-35624,5,on_time
ORD-US-35625,5,on_time
ORD-US-35626,4,on_time
ORD-US-35627,5,on_time
ORD-US-35628,5,on_time
ORD-US-35629,1,on_time
ORD-US-35630,5,on_time
ORD-US-35631,3,on_time
ORD-US-35632,5,on_time
ORD-US-35633,1,on_time
ORD-US-35634,5,on_time
ORD-US-35635,4,on_time
ORD-US-35636,4,on_time
ORD-US-35637,5,on_time
ORD-US-35638,5,on_time
ORD-US-35639,4,on_time
ORD-US-35640,5,on_time
ORD-US-35641,5,on_time
ORD-US-35642,4,on_time
ORD-US-35643,5,on_time
ORD-US-35644,1,on_time
ORD-US-35645,3,delivery_issue
ORD-US-35646,2,on_time
ORD-US-35647,3,on_time
ORD-US-35648,4,on_time
ORD-US-35649,5,on_time
ORD-US-35650,5,on_time
ORD-US-35651,5,on_time
ORD-US-35652,5,on_time
ORD-US-35653,3,on_time
ORD-US-35654,5,on_time
ORD-US-35655,3,on_time
ORD-US-35656,4,on_time
ORD-US-35657,4,on_time
ORD-US-35658,2,delivery_issue
ORD-US-35659,5,on_time
ORD-US-35660,5,on_time
ORD-US-35661,5,on_time
ORD-US-35662,5,on_time
ORD-US-35663,5,on_time
ORD-US-35664,5,on_time
ORD-US-35665,3,on_time
ORD-US-35666,3,on_time
ORD-US-35667,5,on_time
ORD-US-35668,4,on_time
ORD-US-35669,4,on_time
ORD-US-35670,5,on_time
ORD-US-35671,5,on_time
ORD-US-35672,4,on_time
ORD-US-35673,4,on_time
ORD-US-35674,5,on_time
ORD-US-35675,5,on_time
ORD-US-35676,4,on_time
ORD-US-35677,4,on_time
ORD-US-35678,5,on_time
ORD-US-35679,4,on_time
ORD-US-35680,4,on_time
ORD-US-35681,5,on_time
ORD-US-35682,2,delivery_issue
ORD-US-35683,4,on_time
ORD-US-35684,5,on_time
ORD-US-35685,3,on_time
ORD-US-35686,5,on_time
ORD-US-35687,4,on_time
ORD-US-35688,5,on_time
ORD-US-35689,5,on_time
ORD-US-35690,3,on_time
ORD-US-35691,5,on_time
ORD-US-35692,2,on_time
ORD-US-35693,2,on_time
ORD-US-35694,4,on_time
ORD-US-35695,5,on_time
ORD-US-35696,4,on_time
ORD-US-35697,4,on_time
ORD-US-35698,4,on_time
ORD-US-35699,5,on_time
ORD-US-35700,5,on_time
ORD-US-35701,4,on_time
ORD-US-35702,5,on_time
ORD-US-35703,4,on_time
ORD-US-35704,1,on_time
ORD-US-35705,3,on_time
ORD-US-35706,4,on_time
ORD-US-35707,5,on_time
ORD-US-35708,5,on_time
ORD-US-35709,3,on_time
ORD-US-35710,5,on_time
ORD-US-35711,5,on_time
ORD-US-35712,5,on_time
ORD-US-35713,5,on_time
ORD-US-35714,5,on_time
ORD-US-35715,4,on_time
ORD-US-35716,4,on_time
ORD-US-35717,5,on_time
ORD-US-35718,4,on_time
ORD-US-35719,5,on_time
ORD-US-35720,3,on_time
ORD-US-35721,5,on_time
ORD-US-35722,1,delivery_issue
ORD-US-35723,5,on_time
ORD-US-35724,3,on_time
ORD-US-35725,5,on_time
ORD-US-35726,4,on_time
ORD-US-35727,1,on_time
ORD-US-35728,5,on_time
ORD-US-35729,5,on_time
ORD-US-35730,3,on_time
ORD-US-35731,5,on_time
ORD-US-35732,4,on_time
ORD-US-35733,5,on_time
ORD-US-35734,5,on_time
ORD-US-35735,3,on_time
ORD-US-35736,5,on_time
ORD-US-35737,5,on_time
ORD-US-35738,4,on_time
ORD-US-35739,4,on_time
ORD-US-35740,5,on_time
ORD-US-35741,4,on_time
ORD-US-35742,5,on_time
ORD-US-35743,4,on_time
ORD-US-35744,4,on_time
ORD-US-35745,5,on_time
ORD-US-35746,5,on_time
ORD-US-35747,5,on_time
ORD-US-35748,4,on_time
ORD-US-35749,4,on_time
ORD-US-35750,5,on_time
ORD-US-35751,3,on_time
ORD-US-35752,4,on_time
ORD-US-35753,5,on_time
ORD-US-35754,5,on_time
ORD-US-35755,5,on_time
ORD-US-35756,4,on_time
ORD-US-35757,5,on_time
ORD-US-35758,5,on_time
ORD-US-35759,3,on_time
ORD-US-35760,5,on_time
ORD-US-35761,5,on_time
ORD-US-35762,3,on_time
ORD-US-35763,4,on_time
ORD-US-35764,5,on_time
ORD-US-35765,4,on_time
ORD-US-35766,5,on_time
ORD-US-35767,5,on_time
ORD-US-35768,5,on_time
ORD-US-35769,5,on_time
ORD-US-35770,3,on_time
ORD-US-35771,3,on_time
ORD-US-35772,5,on_time
ORD-US-35773,4,on_time
ORD-US-35774,4,on_time
ORD-US-35775,3,on_time
ORD-US-35776,4,on_time
ORD-US-35777,2,on_time
ORD-US-35778,4,on_time
ORD-US-35779,5,on_time
ORD-US-35780,5,on_time
ORD-US-35781,4,on_time
ORD-US-35782,4,on_time
ORD-US-35783,5,on_time
ORD-US-35784,4,on_time
ORD-US-35785,4,on_time
ORD-US-35786,5,on_time
ORD-US-35787,5,on_time
ORD-US-35788,5,on_time
ORD-US-35789,4,on_time
ORD-US-35790,4,on_time
ORD-US-35791,4,on_time
ORD-US-35792,4,on_time
ORD-US-35793,5,on_time
ORD-US-35794,5,on_time
ORD-US-35795,5,on_time
ORD-US-35796,5,on_time
ORD-US-35797,4,on_time
ORD-US-35798,4,on_time
ORD-US-35799,5,on_time
ORD-US-35800,5,on_time
ORD-US-35801,5,on_time
ORD-US-35802,4,on_time
ORD-US-35803,5,on_time
ORD-US-35804,5,on_time
ORD-US-35805,5,on_time
ORD-US-35806,3,on_time
ORD-US-35807,5,on_time
ORD-US-35808,5,on_time
ORD-US-35809,3,on_time
ORD-US-35810,5,on_time
ORD-US-35811,4,on_time
ORD-US-35812,5,on_time
ORD-US-35813,1,on_time
ORD-US-35814,3,on_time
ORD-US-35815,5,on_time
ORD-US-35816,4,on_time
ORD-US-35817,5,on_time
ORD-US-35818,5,on_time
ORD-US-35819,5,on_time
ORD-US-35820,3,on_time
ORD-US-35821,4,on_time
ORD-US-35822,5,on_time
ORD-US-35823,5,on_time
ORD-US-35824,5,on_time
ORD-US-35825,5,on_time
ORD-US-35826,5,on_time
ORD-US-35827,4,on_time
ORD-US-35828,3,on_time
ORD-US-35829,3,on_time
ORD-US-35830,4,on_time
ORD-US-35831,3,on_time
ORD-US-35832,5,on_time
ORD-US-35833,3,on_time
ORD-US-35834,3,on_time
ORD-US-35835,1,on_time
ORD-US-35836,5,on_time
ORD-US-35837,5,on_time
ORD-US-35838,5,on_time
ORD-US-35839,4,on_time
ORD-US-35840,2,on_time
ORD-US-35841,5,on_time
ORD-US-35842,5,on_time
ORD-US-35843,5,on_time
ORD-US-35844,5,on_time
ORD-US-35845,4,on_time
ORD-US-35846,5,on_time
ORD-US-35847,3,on_time
ORD-US-35848,2,on_time
ORD-US-35849,4,on_time
ORD-US-35850,5,on_time
ORD-US-35851,4,on_time
ORD-US-35852,5,on_time
ORD-US-35853,5,on_time
ORD-US-35854,5,on_time
ORD-US-35855,5,on_time
ORD-US-35856,3,on_time
ORD-US-35857,5,on_time
ORD-US-35858,5,on_time
ORD-US-35859,5,on_time
ORD-US-35860,4,on_time
ORD-US-35861,4,on_time
ORD-US-35862,3,on_time
ORD-US-35863,5,on_time
ORD-US-35864,5,on_time
ORD-US-35865,1,on_time
ORD-US-35866,4,on_time
ORD-US-35867,5,on_time
ORD-US-35868,5,on_time
ORD-US-35869,1,delivery_issue
ORD-US-35870,4,on_time
ORD-US-35871,4,on_time
ORD-US-35872,5,on_time
ORD-US-35873,5,on_time
ORD-US-35874,5,on_time
ORD-US-35875,3,on_time
ORD-US-35876,4,on_time
ORD-US-35877,3,on_time
ORD-US-35878,5,on_time
ORD-US-35879,1,delivery_issue
ORD-US-35880,5,on_time
ORD-US-35881,5,on_time
ORD-US-35882,5,on_time
ORD-US-35883,4,on_time
ORD-US-35884,4,on_time
ORD-US-35885,4,on_time
ORD-US-35886,4,on_time
ORD-US-35887,4,on_time
ORD-US-35888,5,on_time
ORD-US-35889,5,on_time
ORD-US-35890,4,on_time
ORD-US-35891,4,on_time
ORD-US-35892,4,on_time
ORD-US-35893,2,on_time
ORD-US-35894,3,on_time
ORD-US-35895,5,on_time
ORD-US-35896,4,on_time
ORD-US-35897,5,on_time
ORD-US-35898,4,on_time
ORD-US-35899,5,on_time
ORD-US-35900,4,on_time
ORD-US-35901,5,on_time
ORD-US-35902,5,on_time
ORD-US-35903,5,on_time
ORD-US-35904,4,on_time
ORD-US-35905,5,on_time
ORD-US-35906,4,on_time
ORD-US-35907,4,on_time
ORD-US-35908,4,on_time
ORD-US-35909,5,on_time
ORD-US-35910,4,on_time
ORD-US-35911,3,on_time
ORD-US-35912,4,on_time
ORD-US-35913,5,on_time
ORD-US-35914,5,on_time
ORD-US-35915,4,on_time
ORD-US-35916,4,on_time
ORD-US-35917,5,on_time
ORD-US-35918,4,on_time
ORD-US-35919,4,on_time
ORD-US-35920,4,on_time
ORD-US-35921,5,on_time
ORD-US-35922,5,on_time
ORD-US-35923,4,on_time
ORD-US-35924,5,on_time
ORD-US-35925,5,on_time
ORD-US-35926,5,on_time
ORD-US-35927,5,on_time
ORD-US-35928,4,delivery_issue
ORD-US-35929,5,on_time
ORD-US-35930,4,on_time
ORD-US-35931,5,on_time
ORD-US-35932,4,on_time
ORD-US-35933,5,on_time
ORD-US-35934,5,on_time
ORD-US-35935,5,on_time
ORD-US-35936,4,on_time
ORD-US-35937,4,on_time
ORD-US-35938,4,on_time
ORD-US-35939,5,on_time
ORD-US-35940,5,on_time
ORD-US-35941,4,on_time
ORD-US-35942,5,on_time
ORD-US-35943,4,on_time
ORD-US-35944,4,on_time
ORD-US-35945,5,on_time
ORD-US-35946,2,on_time
ORD-US-35947,5,on_time
ORD-US-35948,5,on_time
ORD-US-35949,5,on_time
ORD-US-35950,5,on_time
ORD-US-35951,5,on_time
ORD-US-35952,5,on_time
ORD-US-35953,5,on_time
ORD-US-35954,5,on_time
ORD-US-35955,4,on_time
ORD-US-35956,2,on_time
ORD-US-35957,5,on_time
ORD-US-35958,4,on_time
ORD-US-35959,5,on_time
ORD-US-35960,1,on_time
ORD-US-35961,1,on_time
ORD-US-35962,5,on_time
ORD-US-35963,5,on_time
ORD-US-35964,5,on_time
ORD-US-35965,4,on_time
ORD-US-35966,5,on_time
ORD-US-35967,5,on_time
ORD-US-35968,4,on_time
ORD-US-35969,3,on_time
ORD-US-35970,4,on_time
ORD-US-35971,4,on_time
ORD-US-35972,5,on_time
ORD-US-35973,4,on_time
ORD-US-35974,3,on_time
ORD-US-35975,5,on_time
ORD-US-35976,4,on_time
ORD-US-35977,2,on_time
ORD-US-35978,4,on_time
ORD-US-35979,5,on_time
ORD-US-35980,4,on_time
ORD-US-35981,4,on_time
ORD-US-35982,3,on_time
ORD-US-35983,5,on_time
ORD-US-35984,5,on_time
ORD-US-35985,5,on_time
ORD-US-35986,5,on_time
ORD-US-35987,5,on_time
ORD-US-35988,4,on_time
ORD-US-35989,4,on_time
ORD-US-35990,5,on_time
ORD-US-35991,5,on_time
ORD-US-35992,5,on_time
ORD-US-35993,5,on_time
ORD-US-35994,2,on_time
ORD-US-35995,1,on_time
ORD-US-35996,5,on_time
ORD-US-35997,4,on_time
ORD-US-35998,5,on_time
ORD-US-35999,3,on_time
ORD-US-36000,5,on_time
ORD-US-36001,4,on_time
ORD-US-36002,5,on_time
ORD-US-36003,5,on_time
ORD-US-36004,5,on_time
ORD-US-36005,5,on_time
ORD-US-36006,5,on_time
ORD-US-36007,3,on_time
ORD-US-36008,5,on_time
ORD-US-36009,5,on_time
ORD-US-36010,4,on_time
ORD-US-36011,5,on_time
ORD-US-36012,5,on_time
ORD-US-36013,4,delivery_issue
ORD-US-36014,4,on_time
ORD-US-36015,4,on_time
ORD-US-36016,3,on_time
ORD-US-36017,5,on_time
ORD-US-36018,3,on_time
ORD-US-36019,4,on_time
ORD-US-36020,5,on_time
ORD-US-36021,5,on_time
ORD-US-36022,4,on_time
ORD-US-36023,5,on_time
ORD-US-36024,4,on_time
ORD-US-36025,3,on_time
ORD-US-36026,4,on_time
ORD-US-36027,4,on_time
ORD-US-36028,5,on_time
ORD-US-36029,5,on_time
ORD-US-36030,4,on_time
ORD-US-36031,5,on_time
ORD-US-36032,4,on_time
ORD-US-36033,5,on_time
ORD-US-36034,4,on_time
ORD-US-36035,3,on_time
ORD-US-36036,4,on_time
ORD-US-36037,5,on_time
ORD-US-36038,5,on_time
ORD-US-36039,5,on_time
ORD-US-36040,4,on_time
ORD-US-36041,5,on_time
ORD-US-36042,4,on_time
ORD-US-36043,5,on_time
ORD-US-36044,4,on_time
ORD-US-36045,4,delivery_issue
ORD-US-36046,4,on_time
ORD-US-36047,3,on_time
ORD-US-36048,5,on_time
ORD-US-36049,4,on_time
ORD-US-36050,4,on_time
ORD-US-36051,5,on_time
ORD-US-36052,4,on_time
ORD-US-36053,4,on_time
ORD-US-36054,4,on_time
ORD-US-36055,5,on_time
ORD-US-36056,2,on_time
ORD-US-36057,3,on_time
ORD-US-36058,4,on_time
ORD-US-36059,4,on_time
ORD-US-36060,4,on_time
ORD-US-36061,5,on_time
ORD-US-36062,3,on_time
ORD-US-36063,5,on_time
ORD-US-36064,3,on_time
ORD-US-36065,3,on_time
ORD-US-36066,5,on_time
ORD-US-36067,4,on_time
ORD-US-36068,5,on_time
ORD-US-36069,5,on_time
ORD-US-36070,5,on_time
ORD-US-36071,5,on_time
ORD-US-36072,4,on_time
ORD-US-36073,4,on_time
ORD-US-36074,5,on_time
ORD-US-36075,4,on_time
ORD-US-36076,4,on_time
ORD-US-36077,5,on_time
ORD-US-36078,5,on_time
ORD-US-36079,4,on_time
ORD-US-36080,2,on_time
ORD-US-36081,4,on_time
ORD-US-36082,5,on_time
ORD-US-36083,4,on_time
ORD-US-36084,4,on_time
ORD-US-36085,5,on_time
ORD-US-36086,4,on_time
ORD-US-36087,5,on_time
ORD-US-36088,3,on_time
ORD-US-36089,5,on_time
ORD-US-36090,3,on_time
ORD-US-36091,2,on_time
ORD-US-36092,4,on_time
ORD-US-36093,3,on_time
ORD-US-36094,2,on_time
ORD-US-36095,5,on_time
ORD-US-36096,5,on_time
ORD-US-36097,4,on_time
ORD-US-36098,4,on_time
ORD-US-36099,5,on_time
ORD-US-36100,5,on_time
ORD-US-36101,5,on_time
ORD-US-36102,4,on_time
ORD-US-36103,5,on_time
ORD-US-36104,4,on_time
ORD-US-36105,5,on_time
ORD-US-36106,5,on_time
ORD-US-36107,4,on_time
ORD-US-36108,5,on_time
ORD-US-36109,2,on_time
ORD-US-36110,2,on_time
ORD-US-36111,4,on_time
ORD-US-36112,5,on_time
ORD-US-36113,5,on_time
ORD-US-36114,2,on_time
ORD-US-36115,5,on_time
ORD-US-36116,5,on_time
ORD-US-36117,3,on_time
ORD-US-36118,5,on_time
ORD-US-36119,3,on_time
ORD-US-36120,4,on_time
ORD-US-36121,5,on_time
ORD-US-36122,5,on_time
ORD-US-36123,5,on_time
ORD-US-36124,3,on_time
ORD-US-36125,5,on_time
ORD-US-36126,5,on_time
ORD-US-36127,4,on_time
ORD-US-36128,5,on_time
ORD-US-36129,4,on_time
ORD-US-36130,4,on_time
ORD-US-36131,5,on_time
ORD-US-36132,1,on_time
ORD-US-36133,4,on_time
ORD-US-36134,5,on_time
ORD-US-36135,5,on_time
ORD-US-36136,4,on_time
ORD-US-36137,5,on_time
ORD-US-36138,5,on_time
ORD-US-36139,3,on_time
ORD-US-36140,4,on_time
ORD-US-36141,5,on_time
ORD-US-36142,4,on_time
ORD-US-36143,4,on_time
ORD-US-36144,5,on_time
ORD-US-36145,4,on_time
ORD-US-36146,2,on_time
ORD-US-36147,5,on_time
ORD-US-36148,4,on_time
ORD-US-36149,2,delivery_issue
ORD-US-36150,2,on_time
ORD-US-36151,3,on_time
ORD-US-36152,5,on_time
ORD-US-36153,5,on_time
ORD-US-36154,5,on_time
ORD-US-36155,5,on_time
ORD-US-36156,5,on_time
ORD-US-36157,5,on_time
ORD-US-36158,5,on_time
ORD-US-36159,5,on_time
ORD-US-36160,2,on_time
ORD-US-36161,2,on_time
ORD-US-36162,4,on_time
ORD-US-36163,4,on_time
ORD-US-36164,2,on_time
ORD-US-36165,3,on_time
ORD-US-36166,3,on_time
ORD-US-36167,4,on_time
ORD-US-36168,5,on_time
ORD-US-36169,5,on_time
ORD-US-36170,5,on_time
ORD-US-36171,4,on_time
ORD-US-36172,5,on_time
ORD-US-36173,4,on_time
ORD-US-36174,5,on_time
ORD-US-36175,5,on_time
ORD-US-36176,5,on_time
ORD-US-36177,4,on_time
ORD-US-36178,3,on_time
ORD-US-36179,4,on_time
ORD-US-36180,1,on_time
ORD-US-36181,4,on_time
ORD-US-36182,5,on_time
ORD-US-36183,5,on_time
ORD-US-36184,5,on_time
ORD-US-36185,5,on_time
ORD-US-36186,5,on_time
ORD-US-36187,5,on_time
ORD-US-36188,5,on_time
ORD-US-36189,5,on_time
ORD-US-36190,5,on_time
ORD-US-36191,4,on_time
ORD-US-36192,4,on_time
ORD-US-36193,5,on_time
ORD-US-36194,2,on_time
ORD-US-36195,1,on_time
ORD-US-36196,1,on_time
ORD-US-36197,5,on_time
ORD-US-36198,4,on_time
ORD-US-36199,3,on_time
ORD-US-36200,1,on_time
ORD-US-36201,2,on_time
ORD-US-36202,3,on_time
ORD-US-36203,5,on_time
ORD-US-36204,5,on_time
ORD-US-36205,3,on_time
ORD-US-36206,3,on_time
ORD-US-36207,5,on_time
ORD-US-36208,5,on_time
ORD-US-36209,3,delivery_issue
ORD-US-36210,5,on_time
ORD-US-36211,2,on_time
ORD-US-36212,5,on_time
ORD-US-36213,5,on_time
ORD-US-36214,5,on_time
ORD-US-36215,4,on_time
ORD-US-36216,5,on_time
ORD-US-36217,4,on_time
ORD-US-36218,4,on_time
ORD-US-36219,5,on_time
ORD-US-36220,5,on_time
ORD-US-36221,5,on_time
ORD-US-36222,5,on_time
ORD-US-36223,4,on_time
ORD-US-36224,5,on_time
ORD-US-36225,2,delivery_issue
ORD-US-36226,4,on_time
ORD-US-36227,5,on_time
ORD-US-36228,4,on_time
ORD-US-36229,5,on_time
ORD-US-36230,5,on_time
ORD-US-36231,4,on_time
ORD-US-36232,5,on_time
ORD-US-36233,5,on_time
ORD-US-36234,3,on_time
ORD-US-36235,3,on_time
ORD-US-36236,5,on_time
ORD-US-36237,1,on_time
ORD-US-36238,5,on_time
ORD-US-36239,5,on_time
ORD-US-36240,2,delivery_issue
ORD-US-36241,5,on_time
ORD-US-36242,4,on_time
ORD-US-36243,4,on_time
ORD-US-36244,4,on_time
ORD-US-36245,5,on_time
ORD-US-36246,4,on_time
ORD-US-36247,4,on_time
ORD-US-36248,5,on_time
ORD-US-36249,5,on_time
ORD-US-36250,1,on_time
ORD-US-36251,4,on_time
ORD-US-36252,5,on_time
ORD-US-36253,5,on_time
ORD-US-36254,4,on_time
ORD-US-36255,4,on_time
ORD-US-36256,5,on_time
ORD-US-36257,5,on_time
ORD-US-36258,1,on_time
ORD-US-36259,5,on_time
ORD-US-36260,5,on_time
ORD-US-36261,4,on_time
ORD-US-36262,4,on_time
ORD-US-36263,4,on_time
ORD-US-36264,3,on_time
ORD-US-36265,2,on_time
ORD-US-36266,4,on_time
ORD-US-36267,5,on_time
ORD-US-36268,3,on_time
ORD-US-36269,5,on_time
ORD-US-36270,3,on_time
ORD-US-36271,5,on_time
ORD-US-36272,4,on_time
ORD-US-36273,4,on_time
ORD-US-36274,4,on_time
ORD-US-36275,2,on_time
ORD-US-36276,5,on_time
ORD-US-36277,1,on_time
ORD-US-36278,5,on_time
ORD-US-36279,5,on_time
ORD-US-36280,5,on_time
ORD-US-36281,5,on_time
ORD-US-36282,5,on_time
ORD-US-36283,5,on_time
ORD-US-36284,5,on_time
ORD-US-36285,3,on_time
ORD-US-36286,5,on_time
ORD-US-36287,5,on_time
ORD-US-36288,5,on_time
ORD-US-36289,5,on_time
ORD-US-36290,5,on_time
ORD-US-36291,5,on_time
ORD-US-36292,4,on_time
ORD-US-36293,5,on_time
ORD-US-36294,5,on_time
ORD-US-36295,4,on_time
ORD-US-36296,5,on_time
ORD-US-36297,5,on_time
ORD-US-36298,3,on_time
ORD-US-36299,4,on_time
ORD-US-36300,2,on_time
ORD-US-36301,4,on_time
ORD-US-36302,5,on_time
ORD-US-36303,2,on_time
ORD-US-36304,4,on_time
ORD-US-36305,5,on_time
ORD-US-36306,4,on_time
ORD-US-36307,1,on_time
ORD-US-36308,5,on_time
ORD-US-36309,5,on_time
ORD-US-36310,4,on_time
ORD-US-36311,5,on_time
ORD-US-36312,4,on_time
ORD-US-36313,2,on_time
ORD-US-36314,5,on_time
ORD-US-36315,5,on_time
ORD-US-36316,2,delivery_issue
ORD-US-36317,5,on_time
ORD-US-36318,1,on_time
ORD-US-36319,4,on_time
ORD-US-36320,5,on_time
ORD-US-36321,4,on_time
ORD-US-36322,5,on_time
ORD-US-36323,4,on_time
ORD-US-36324,5,on_time
ORD-US-36325,4,on_time
ORD-US-36326,5,on_time
ORD-US-36327,4,on_time
ORD-US-36328,4,on_time
ORD-US-36329,5,on_time
ORD-US-36330,3,on_time
ORD-US-36331,3,on_time
ORD-US-36332,4,on_time
ORD-US-36333,5,on_time
ORD-US-36334,5,on_time
ORD-US-36335,3,on_time
ORD-US-36336,5,on_time
ORD-US-36337,3,on_time
ORD-US-36338,5,on_time
ORD-US-36339,2,on_time
ORD-US-36340,5,on_time
ORD-US-36341,2,on_time
ORD-US-36342,4,delivery_issue
ORD-US-36343,5,on_time
ORD-US-36344,4,on_time
ORD-US-36345,3,on_time
ORD-US-36346,5,on_time
ORD-US-36347,5,on_time
ORD-US-36348,4,on_time
ORD-US-36349,4,on_time
ORD-US-36350,5,on_time
ORD-US-36351,4,on_time
ORD-US-36352,3,on_time
ORD-US-36353,4,on_time
ORD-US-36354,3,on_time
ORD-US-36355,5,on_time
ORD-US-36356,1,on_time
ORD-US-36357,5,on_time
ORD-US-36358,5,on_time
ORD-US-36359,5,on_time
ORD-US-36360,5,on_time
ORD-US-36361,4,on_time
ORD-US-36362,4,on_time
ORD-US-36363,2,on_time
ORD-US-36364,5,on_time
ORD-US-36365,5,on_time
ORD-US-36366,4,on_time
ORD-US-36367,5,on_time
ORD-US-36368,4,on_time
ORD-US-36369,5,on_time
ORD-US-36370,4,on_time
ORD-US-36371,3,on_time
ORD-US-36372,4,on_time
ORD-US-36373,4,on_time
ORD-US-36374,4,on_time
ORD-US-36375,3,on_time
ORD-US-36376,5,on_time
ORD-US-36377,3,on_time
ORD-US-36378,5,on_time
ORD-US-36379,5,on_time
ORD-US-36380,5,on_time
ORD-US-36381,5,on_time
ORD-US-36382,4,on_time
ORD-US-36383,4,on_time
ORD-US-36384,5,on_time
ORD-US-36385,3,on_time
ORD-US-36386,5,on_time
ORD-US-36387,5,on_time
ORD-US-36388,4,on_time
ORD-US-36389,5,on_time
ORD-US-36390,5,on_time
ORD-US-36391,5,on_time
ORD-US-36392,5,on_time
ORD-US-36393,5,on_time
ORD-US-36394,2,delivery_issue
ORD-US-36395,5,on_time
ORD-US-36396,5,on_time
ORD-US-36397,4,on_time
ORD-US-36398,5,on_time
ORD-US-36399,4,on_time
ORD-US-36400,2,on_time
ORD-US-36401,5,on_time
ORD-US-36402,5,on_time
ORD-US-36403,5,on_time
ORD-US-36404,4,on_time
ORD-US-36405,5,on_time
ORD-US-36406,5,on_time
ORD-US-36407,5,on_time
ORD-US-36408,5,on_time
ORD-US-36409,5,on_time
ORD-US-36410,4,on_time
ORD-US-36411,4,on_time
ORD-US-36412,5,on_time
ORD-US-36413,5,on_time
ORD-US-36414,2,delivery_issue
ORD-US-36415,4,on_time
ORD-US-36416,4,on_time
ORD-US-36417,4,on_time
ORD-US-36418,5,on_time
ORD-US-36419,5,on_time
ORD-US-36420,1,on_time
ORD-US-36421,3,on_time
ORD-US-36422,3,delivery_issue
ORD-US-36423,4,on_time
ORD-US-36424,4,on_time
ORD-US-36425,5,on_time
ORD-US-36426,5,on_time
ORD-US-36427,4,on_time
ORD-US-36428,5,on_time
ORD-US-36429,2,delivery_issue
ORD-US-36430,5,on_time
ORD-US-36431,5,on_time
ORD-US-36432,5,on_time
ORD-US-36433,5,on_time
ORD-US-36434,5,on_time
ORD-US-36435,4,on_time
ORD-US-36436,4,on_time
ORD-US-36437,5,on_time
ORD-US-36438,5,on_time
ORD-US-36439,5,on_time
ORD-US-36440,5,on_time
ORD-US-36441,4,on_time
ORD-US-36442,2,on_time
ORD-US-36443,2,on_time
ORD-US-36444,4,on_time
ORD-US-36445,5,on_time
ORD-US-36446,2,on_time
ORD-US-36447,3,on_time
ORD-US-36448,5,on_time
ORD-US-36449,5,on_time
ORD-US-36450,5,on_time
ORD-US-36451,4,on_time
ORD-US-36452,4,on_time
ORD-US-36453,3,on_time
ORD-US-36454,5,on_time
ORD-US-36455,3,on_time
ORD-US-36456,5,on_time
ORD-US-36457,5,on_time
ORD-US-36458,3,on_time
ORD-US-36459,5,on_time
ORD-US-36460,1,on_time
ORD-US-36461,3,on_time
ORD-US-36462,2,on_time
ORD-US-36463,4,on_time
ORD-US-36464,4,on_time
ORD-US-36465,1,delivery_issue
ORD-US-36466,4,on_time
ORD-US-36467,5,on_time
ORD-US-36468,4,on_time
ORD-US-36469,5,on_time
ORD-US-36470,5,on_time
ORD-US-36471,2,on_time
ORD-US-36472,5,on_time
ORD-US-36473,4,on_time
ORD-US-36474,2,on_time
ORD-US-36475,4,on_time
ORD-US-36476,4,on_time
ORD-US-36477,4,on_time
ORD-US-36478,4,on_time
ORD-US-36479,5,on_time
ORD-US-36480,4,on_time
ORD-US-36481,5,on_time
ORD-US-36482,5,on_time
ORD-US-36483,2,on_time
ORD-US-36484,4,on_time
ORD-US-36485,5,on_time
ORD-US-36486,4,on_time
ORD-US-36487,5,on_time
ORD-US-36488,1,on_time
ORD-US-36489,5,on_time
ORD-US-36490,4,on_time
ORD-US-36491,4,on_time
ORD-US-36492,5,on_time
ORD-US-36493,3,on_time
ORD-US-36494,4,on_time
ORD-US-36495,4,delivery_issue
ORD-US-36496,5,on_time
ORD-US-36497,4,on_time
ORD-US-36498,5,on_time
ORD-US-36499,4,on_time
ORD-US-36500,4,on_time
ORD-US-36501,4,on_time
ORD-US-36502,4,on_time
ORD-US-36503,3,on_time
ORD-US-36504,5,on_time
ORD-US-36505,3,on_time
ORD-US-36506,4,on_time
ORD-US-36507,3,on_time
ORD-US-36508,2,delivery_issue
ORD-US-36509,4,on_time
ORD-US-36510,4,on_time
ORD-US-36511,2,on_time
ORD-US-36512,3,on_time
ORD-US-36513,3,on_time
ORD-US-36514,4,on_time
ORD-US-36515,5,on_time
ORD-US-36516,5,on_time
ORD-US-36517,5,on_time
ORD-US-36518,5,on_time
ORD-US-36519,5,on_time
ORD-US-36520,3,on_time
ORD-US-36521,4,delivery_issue
ORD-US-36522,3,on_time
ORD-US-36523,5,on_time
ORD-US-36524,5,on_time
ORD-US-36525,5,on_time
ORD-US-36526,5,on_time
ORD-US-36527,5,on_time
ORD-US-36528,4,on_time
ORD-US-36529,5,on_time
ORD-US-36530,4,on_time
ORD-US-36531,4,on_time
ORD-US-36532,4,on_time
ORD-US-36533,4,on_time
ORD-US-36534,5,on_time
ORD-US-36535,5,on_time
ORD-US-36536,5,on_time
ORD-US-36537,3,on_time
ORD-US-36538,2,on_time
ORD-US-36539,5,on_time
ORD-US-36540,5,on_time
ORD-US-36541,5,on_time
ORD-US-36542,1,on_time
ORD-US-36543,5,on_time
ORD-US-36544,2,on_time
ORD-US-36545,5,on_time
ORD-US-36546,4,on_time
ORD-US-36547,4,on_time
ORD-US-36548,5,on_time
ORD-US-36549,5,on_time
ORD-US-36550,4,on_time
ORD-US-36551,5,on_time
ORD-US-36552,3,on_time
ORD-US-36553,5,on_time
ORD-US-36554,4,on_time
ORD-US-36555,5,on_time
ORD-US-36556,2,on_time
ORD-US-36557,4,on_time
ORD-US-36558,5,on_time
ORD-US-36559,1,on_time
ORD-US-36560,5,on_time
ORD-US-36561,4,on_time
ORD-US-36562,5,on_time
ORD-US-36563,4,on_time
ORD-US-36564,3,on_time
ORD-US-36565,5,on_time
ORD-US-36566,5,on_time
ORD-US-36567,5,on_time
ORD-US-36568,5,on_time
ORD-US-36569,5,on_time
ORD-US-36570,5,on_time
ORD-US-36571,5,on_time
ORD-US-36572,4,on_time
ORD-US-36573,5,on_time
ORD-US-36574,3,on_time
ORD-US-36575,5,on_time
ORD-US-36576,5,on_time
ORD-US-36577,2,on_time
ORD-US-36578,5,on_time
ORD-US-36579,4,on_time
ORD-US-36580,5,on_time
ORD-US-36581,4,on_time
ORD-US-36582,4,on_time
ORD-US-36583,2,on_time
ORD-US-36584,4,on_time
ORD-US-36585,4,on_time
ORD-US-36586,5,on_time
ORD-US-36587,5,on_time
ORD-US-36588,2,on_time
ORD-US-36589,5,on_time
ORD-US-36590,5,on_time
ORD-US-36591,5,on_time
ORD-US-36592,4,on_time
ORD-US-36593,3,on_time
ORD-US-36594,3,on_time
ORD-US-36595,4,on_time
ORD-US-36596,5,on_time
ORD-US-36597,5,on_time
ORD-US-36598,5,on_time
ORD-US-36599,5,on_time
ORD-US-36600,5,on_time
ORD-US-36601,3,on_time
ORD-US-36602,5,on_time
ORD-US-36603,5,on_time
ORD-US-36604,1,on_time
ORD-US-36605,1,on_time
ORD-US-36606,5,on_time
ORD-US-36607,3,on_time
ORD-US-36608,3,on_time
ORD-US-36609,4,on_time
ORD-US-36610,5,on_time
ORD-US-36611,5,on_time
ORD-US-36612,5,on_time
ORD-US-36613,5,on_time
ORD-US-36614,2,on_time
ORD-US-36615,1,on_time
ORD-US-36616,2,on_time
ORD-US-36617,4,on_time
ORD-US-36618,5,on_time
ORD-US-36619,4,on_time
ORD-US-36620,5,on_time
ORD-US-36621,3,delivery_issue
ORD-US-36622,4,on_time
ORD-US-36623,5,on_time
ORD-US-36624,4,on_time
ORD-US-36625,2,on_time
ORD-US-36626,5,on_time
ORD-US-36627,4,on_time
ORD-US-36628,4,on_time
ORD-US-36629,4,on_time
ORD-US-36630,5,on_time
ORD-US-36631,3,on_time
ORD-US-36632,2,on_time
ORD-US-36633,4,on_time
ORD-US-36634,1,on_time
ORD-US-36635,3,on_time
ORD-US-36636,2,on_time
ORD-US-36637,5,on_time
ORD-US-36638,4,on_time
ORD-US-36639,5,on_time
ORD-US-36640,4,on_time
ORD-US-36641,5,on_time
ORD-US-36642,4,on_time
ORD-US-36643,4,on_time
ORD-US-36644,4,on_time
ORD-US-36645,3,on_time
ORD-US-36646,4,on_time
ORD-US-36647,3,on_time
ORD-US-36648,5,on_time
ORD-US-36649,5,on_time
ORD-US-36650,5,on_time
ORD-US-36651,4,on_time
ORD-US-36652,5,on_time
ORD-US-36653,4,on_time
ORD-US-36654,4,on_time
ORD-US-36655,5,on_time
ORD-US-36656,4,on_time
ORD-US-36657,5,on_time
ORD-US-36658,5,on_time
ORD-US-36659,5,on_time
ORD-US-36660,5,on_time
ORD-US-36661,2,on_time
ORD-US-36662,5,on_time
ORD-US-36663,5,on_time
ORD-US-36664,5,on_time
ORD-US-36665,5,on_time
ORD-US-36666,5,on_time
ORD-US-36667,5,on_time
ORD-US-36668,1,on_time
ORD-US-36669,4,on_time
ORD-US-36670,5,on_time
ORD-US-36671,3,on_time
ORD-US-36672,5,on_time
ORD-US-36673,5,on_time
ORD-US-36674,5,on_time
ORD-US-36675,5,on_time
ORD-US-36676,2,on_time
ORD-US-36677,3,on_time
ORD-US-36678,5,on_time
ORD-US-36679,2,on_time
ORD-US-36680,4,on_time
ORD-US-36681,4,on_time
ORD-US-36682,4,on_time
ORD-US-36683,3,on_time
ORD-US-36684,1,on_time
ORD-US-36685,4,on_time
ORD-US-36686,5,on_time
ORD-US-36687,4,on_time
ORD-US-36688,1,on_time
ORD-US-36689,5,on_time
ORD-US-36690,5,on_time
ORD-US-36691,4,on_time
ORD-US-36692,3,on_time
ORD-US-36693,5,on_time
ORD-US-36694,4,on_time
ORD-US-36695,5,on_time
ORD-US-36696,2,on_time
ORD-US-36697,2,on_time
ORD-US-36698,4,on_time
ORD-US-36699,5,on_time
ORD-US-36700,5,on_time
ORD-US-36701,4,on_time
ORD-US-36702,1,on_time
ORD-US-36703,5,on_time
ORD-US-36704,4,on_time
ORD-US-36705,4,on_time
ORD-US-36706,4,on_time
ORD-US-36707,5,on_time
ORD-US-36708,4,on_time
ORD-US-36709,1,on_time
ORD-US-36710,4,on_time
ORD-US-36711,4,on_time
ORD-US-36712,5,on_time
ORD-US-36713,4,on_time
ORD-US-36714,4,on_time
ORD-US-36715,5,on_time
ORD-US-36716,4,on_time
ORD-US-36717,4,on_time
ORD-US-36718,3,on_time
ORD-US-36719,5,on_time
ORD-US-36720,5,on_time
ORD-US-36721,4,on_time
ORD-US-36722,5,on_time
ORD-US-36723,2,on_time
ORD-US-36724,4,on_time
ORD-US-36725,4,on_time
ORD-US-36726,5,on_time
ORD-US-36727,4,on_time
ORD-US-36728,5,on_time
ORD-US-36729,5,on_time
ORD-US-36730,5,on_time
ORD-US-36731,5,on_time
ORD-US-36732,5,on_time
ORD-US-36733,4,on_time
ORD-US-36734,4,on_time
ORD-US-36735,4,on_time
ORD-US-36736,5,on_time
ORD-US-36737,3,on_time
ORD-US-36738,1,on_time
ORD-US-36739,3,on_time
ORD-US-36740,5,on_time
ORD-US-36741,5,on_time
ORD-US-36742,1,on_time
ORD-US-36743,4,on_time
ORD-US-36744,4,on_time
ORD-US-36745,5,on_time
ORD-US-36746,4,on_time
ORD-US-36747,2,on_time
ORD-US-36748,5,on_time
ORD-US-36749,5,on_time
ORD-US-36750,2,on_time
ORD-US-36751,5,on_time
ORD-US-36752,5,on_time
ORD-US-36753,4,on_time
ORD-US-36754,5,on_time
ORD-US-36755,5,on_time
ORD-US-36756,3,on_time
ORD-US-36757,3,on_time
ORD-US-36758,5,on_time
ORD-US-36759,5,on_time
ORD-US-36760,5,on_time
ORD-US-36761,4,on_time
ORD-US-36762,3,on_time
ORD-US-36763,1,on_time
ORD-US-36764,5,on_time
ORD-US-36765,4,on_time
ORD-US-36766,2,on_time
ORD-US-36767,4,on_time
ORD-US-36768,5,on_time
ORD-US-36769,4,on_time
ORD-US-36770,5,on_time
ORD-US-36771,4,on_time
ORD-US-36772,5,on_time
ORD-US-36773,5,on_time
ORD-US-36774,5,on_time
ORD-US-36775,5,on_time
ORD-US-36776,5,on_time
ORD-US-36777,1,on_time
ORD-US-36778,4,on_time
ORD-US-36779,5,on_time
ORD-US-36780,3,on_time
ORD-US-36781,5,on_time
ORD-US-36782,5,on_time
ORD-US-36783,5,on_time
ORD-US-36784,5,on_time
ORD-US-36785,5,on_time
ORD-US-36786,5,on_time
ORD-US-36787,5,on_time
ORD-US-36788,5,on_time
ORD-US-36789,5,on_time
ORD-US-36790,4,on_time
ORD-US-36791,4,on_time
ORD-US-36792,5,on_time
ORD-US-36793,2,on_time
ORD-US-36794,5,on_time
ORD-US-36795,4,on_time
ORD-US-36796,3,on_time
ORD-US-36797,1,on_time
ORD-US-36798,5,on_time
ORD-US-36799,5,on_time
ORD-US-36800,4,on_time
ORD-US-36801,4,on_time
ORD-US-36802,5,on_time
ORD-US-36803,4,on_time
ORD-US-36804,5,on_time
ORD-US-36805,4,on_time
ORD-US-36806,4,on_time
ORD-US-36807,3,on_time
ORD-US-36808,3,on_time
ORD-US-36809,4,on_time
ORD-US-36810,3,on_time
ORD-US-36811,4,on_time
ORD-US-36812,3,on_time
ORD-US-36813,3,on_time
ORD-US-36814,4,on_time
ORD-US-36815,4,on_time
ORD-US-36816,5,on_time
ORD-US-36817,5,on_time
ORD-US-36818,5,on_time
ORD-US-36819,5,on_time
ORD-US-36820,5,on_time
ORD-US-36821,4,on_time
ORD-US-36822,4,on_time
ORD-US-36823,1,on_time
ORD-US-36824,5,on_time
ORD-US-36825,4,on_time
ORD-US-36826,2,on_time
ORD-US-36827,4,on_time
ORD-US-36828,5,on_time
ORD-US-36829,4,on_time
ORD-US-36830,5,on_time
ORD-US-36831,4,on_time
ORD-US-36832,5,on_time
ORD-US-36833,3,on_time
ORD-US-36834,3,on_time
ORD-US-36835,1,on_time
ORD-US-36836,5,on_time
ORD-US-36837,5,on_time
ORD-US-36838,5,on_time
ORD-US-36839,5,on_time
ORD-US-36840,4,on_time
ORD-US-36841,2,on_time
ORD-US-36842,5,on_time
ORD-US-36843,5,on_time
ORD-US-36844,5,on_time
ORD-US-36845,5,on_time
ORD-US-36846,2,on_time
ORD-US-36847,5,on_time
ORD-US-36848,5,on_time
ORD-US-36849,5,on_time
ORD-US-36850,5,on_time
ORD-US-36851,3,on_time
ORD-US-36852,4,on_time
ORD-US-36853,5,on_time
ORD-US-36854,5,on_time
ORD-US-36855,4,on_time
ORD-US-36856,5,on_time
ORD-US-36857,5,on_time
ORD-US-36858,5,on_time
ORD-US-36859,5,on_time
ORD-US-36860,5,on_time
ORD-US-36861,5,on_time
ORD-US-36862,5,on_time
ORD-US-36863,5,on_time
ORD-US-36864,4,on_time
ORD-US-36865,4,on_time
ORD-US-36866,5,on_time
ORD-US-36867,2,on_time
ORD-US-36868,5,on_time
ORD-US-36869,4,on_time
ORD-US-36870,4,on_time
ORD-US-36871,3,on_time
ORD-US-36872,3,on_time
ORD-US-36873,5,on_time
ORD-US-36874,5,on_time
ORD-US-36875,4,on_time
ORD-US-36876,4,on_time
ORD-US-36877,3,on_time
ORD-US-36878,5,on_time
ORD-US-36879,5,on_time
ORD-US-36880,4,on_time
ORD-US-36881,5,on_time
ORD-US-36882,4,on_time
ORD-US-36883,3,delivery_issue
ORD-US-36884,5,on_time
ORD-US-36885,5,on_time
ORD-US-36886,3,on_time
ORD-US-36887,3,on_time
ORD-US-36888,5,on_time
ORD-US-36889,4,on_time
ORD-US-36890,1,delivery_issue
ORD-US-36891,4,on_time
ORD-US-36892,5,on_time
ORD-US-36893,4,on_time
ORD-US-36894,4,on_time
ORD-US-36895,4,on_time
ORD-US-36896,5,on_time
ORD-US-36897,4,on_time
ORD-US-36898,4,on_time
ORD-US-36899,5,on_time
ORD-US-36900,4,on_time
ORD-US-36901,5,on_time
ORD-US-36902,4,on_time
ORD-US-36903,4,on_time
ORD-US-36904,5,on_time
ORD-US-36905,4,on_time
ORD-US-36906,4,on_time
ORD-US-36907,4,on_time
ORD-US-36908,3,on_time
ORD-US-36909,5,on_time
ORD-US-36910,5,on_time
ORD-US-36911,5,on_time
ORD-US-36912,5,on_time
ORD-US-36913,4,on_time
ORD-US-36914,5,on_time
ORD-US-36915,5,on_time
ORD-US-36916,4,on_time
ORD-US-36917,5,on_time
ORD-US-36918,5,on_time
ORD-US-36919,5,on_time
ORD-US-36920,5,on_time
ORD-US-36921,4,on_time
ORD-US-36922,5,on_time
ORD-US-36923,1,on_time
ORD-US-36924,4,on_time
ORD-US-36925,3,on_time
ORD-US-36926,5,on_time
ORD-US-36927,3,on_time
ORD-US-36928,5,on_time
ORD-US-36929,5,on_time
ORD-US-36930,5,on_time
ORD-US-36931,3,on_time
ORD-US-36932,4,on_time
ORD-US-36933,4,on_time
ORD-US-36934,4,on_time
ORD-US-36935,2,on_time
ORD-US-36936,5,on_time
ORD-US-36937,5,on_time
ORD-US-36938,5,on_time
ORD-US-36939,3,on_time
ORD-US-36940,4,on_time
ORD-US-36941,3,on_time
ORD-US-36942,4,on_time
ORD-US-36943,4,on_time
ORD-US-36944,5,on_time
ORD-US-36945,5,on_time
ORD-US-36946,4,on_time
ORD-US-36947,4,on_time
ORD-US-36948,4,on_time
ORD-US-36949,5,on_time
ORD-US-36950,3,on_time
ORD-US-36951,1,on_time
ORD-US-36952,1,on_time
ORD-US-36953,5,on_time
ORD-US-36954,4,on_time
ORD-US-36955,4,on_time
ORD-US-36956,3,delivery_issue
ORD-US-36957,4,on_time
ORD-US-36958,4,on_time
ORD-US-36959,5,on_time
ORD-US-36960,4,on_time
ORD-US-36961,5,on_time
ORD-US-36962,5,on_time
ORD-US-36963,4,on_time
ORD-US-36964,5,on_time
ORD-US-36965,5,on_time
ORD-US-36966,3,on_time
ORD-US-36967,1,on_time
ORD-US-36968,4,on_time
ORD-US-36969,4,on_time
ORD-US-36970,3,on_time
ORD-US-36971,5,on_time
ORD-US-36972,5,on_time
ORD-US-36973,2,on_time
ORD-US-36974,4,on_time
ORD-US-36975,3,on_time
ORD-US-36976,4,on_time
ORD-US-36977,4,on_time
ORD-US-36978,4,on_time
ORD-US-36979,5,on_time
ORD-US-36980,3,on_time
ORD-US-36981,5,on_time
ORD-US-36982,5,on_time
ORD-US-36983,5,on_time
ORD-US-36984,5,on_time
ORD-US-36985,5,on_time
ORD-US-36986,5,on_time
ORD-US-36987,5,on_time
ORD-US-36988,4,on_time
ORD-US-36989,2,on_time
ORD-US-36990,3,on_time
ORD-US-36991,5,on_time
ORD-US-36992,5,on_time
ORD-US-36993,5,on_time
ORD-US-36994,5,on_time
ORD-US-36995,5,on_time
ORD-US-36996,5,on_time
ORD-US-36997,3,on_time
ORD-US-36998,5,on_time
ORD-US-36999,3,on_time
ORD-US-37000,3,on_time
ORD-US-37001,4,on_time
ORD-US-37002,5,on_time
ORD-US-37003,5,on_time
ORD-US-37004,4,on_time
ORD-US-37005,2,on_time
ORD-US-37006,4,on_time
ORD-US-37007,4,on_time
ORD-US-37008,2,on_time
ORD-US-37009,4,on_time
ORD-US-37010,5,on_time
ORD-US-37011,4,on_time
ORD-US-37012,4,on_time
ORD-US-37013,4,on_time
ORD-US-37014,4,on_time
ORD-US-37015,5,on_time
ORD-US-37016,4,on_time
ORD-US-37017,5,on_time
ORD-US-37018,5,on_time
ORD-US-37019,5,on_time
ORD-US-37020,3,on_time
ORD-US-37021,5,on_time
ORD-US-37022,2,delivery_issue
ORD-US-37023,5,on_time
ORD-US-37024,5,on_time
ORD-US-37025,5,on_time
ORD-US-37026,5,on_time
ORD-US-37027,1,on_time
ORD-US-37028,3,on_time
ORD-US-37029,3,on_time
ORD-US-37030,4,on_time
ORD-US-37031,5,on_time
ORD-US-37032,5,on_time
ORD-US-37033,5,on_time
ORD-US-37034,4,on_time
ORD-US-37035,4,on_time
ORD-US-37036,4,on_time
ORD-US-37037,5,on_time
ORD-US-37038,5,on_time
ORD-US-37039,2,delivery_issue
ORD-US-37040,4,on_time
ORD-US-37041,5,on_time
ORD-US-37042,5,on_time
ORD-US-37043,5,on_time
ORD-US-37044,5,on_time
ORD-US-37045,5,on_time
ORD-US-37046,4,on_time
ORD-US-37047,5,on_time
ORD-US-37048,5,on_time
ORD-US-37049,4,on_time
ORD-US-37050,4,on_time
ORD-US-37051,5,on_time
ORD-US-37052,5,on_time
ORD-US-37053,4,on_time
ORD-US-37054,2,on_time
ORD-US-37055,5,on_time
ORD-US-37056,5,on_time
ORD-US-37057,5,on_time
ORD-US-37058,5,on_time
ORD-US-37059,5,on_time
ORD-US-37060,5,on_time
ORD-US-37061,5,on_time
ORD-US-37062,5,on_time
ORD-US-37063,5,on_time
ORD-US-37064,3,on_time
ORD-US-37065,4,on_time
ORD-US-37066,2,on_time
ORD-US-37067,4,on_time
ORD-US-37068,5,on_time
ORD-US-37069,5,on_time
ORD-US-37070,4,on_time
ORD-US-37071,5,on_time
ORD-US-37072,5,on_time
ORD-US-37073,4,on_time
ORD-US-37074,5,on_time
ORD-US-37075,3,on_time
ORD-US-37076,5,on_time
ORD-US-37077,5,on_time
ORD-US-37078,3,on_time
ORD-US-37079,3,on_time
ORD-US-37080,5,on_time
ORD-US-37081,5,on_time
ORD-US-37082,1,on_time
ORD-US-37083,4,on_time
ORD-US-37084,4,on_time
ORD-US-37085,5,on_time
ORD-US-37086,4,on_time
ORD-US-37087,3,on_time
ORD-US-37088,5,on_time
ORD-US-37089,5,on_time
ORD-US-37090,5,on_time
ORD-US-37091,5,on_time
ORD-US-37092,3,on_time
ORD-US-37093,5,on_time
ORD-US-37094,4,on_time
ORD-US-37095,1,on_time
ORD-US-37096,3,on_time
ORD-US-37097,2,on_time
ORD-US-37098,4,on_time
ORD-US-37099,5,on_time
ORD-US-37100,5,on_time
ORD-US-37101,5,on_time
ORD-US-37102,5,on_time
ORD-US-37103,3,on_time
ORD-US-37104,5,on_time
ORD-US-37105,5,on_time
ORD-US-37106,3,on_time
ORD-US-37107,3,on_time
ORD-US-37108,4,on_time
ORD-US-37109,4,on_time
ORD-US-37110,3,on_time
ORD-US-37111,5,on_time
ORD-US-37112,5,on_time
ORD-US-37113,5,on_time
ORD-US-37114,5,on_time
ORD-US-37115,4,on_time
ORD-US-37116,5,on_time
ORD-US-37117,5,on_time
ORD-US-37118,3,on_time
ORD-US-37119,5,on_time
ORD-US-37120,4,on_time
ORD-US-37121,5,on_time
ORD-US-37122,4,on_time
ORD-US-37123,2,delivery_issue
ORD-US-37124,5,on_time
ORD-US-37125,5,on_time
ORD-US-37126,5,on_time
ORD-US-37127,5,on_time
ORD-US-37128,5,on_time
ORD-US-37129,5,on_time
ORD-US-37130,5,on_time
ORD-US-37131,4,on_time
ORD-US-37132,5,on_time
ORD-US-37133,5,on_time
ORD-US-37134,3,on_time
ORD-US-37135,5,on_time
ORD-US-37136,4,on_time
ORD-US-37137,4,on_time
ORD-US-37138,5,on_time
ORD-US-37139,5,on_time
ORD-US-37140,5,on_time
ORD-US-37141,5,on_time
ORD-US-37142,5,on_time
ORD-US-37143,4,on_time
ORD-US-37144,5,on_time
ORD-US-37145,5,on_time
ORD-US-37146,4,on_time
ORD-US-37147,1,on_time
ORD-US-37148,4,on_time
ORD-US-37149,5,on_time
ORD-US-37150,4,on_time
ORD-US-37151,4,on_time
ORD-US-37152,4,on_time
ORD-US-37153,5,on_time
ORD-US-37154,4,on_time
ORD-US-37155,5,on_time
ORD-US-37156,5,on_time
ORD-US-37157,4,on_time
ORD-US-37158,2,on_time
ORD-US-37159,3,on_time
ORD-US-37160,4,on_time
ORD-US-37161,4,on_time
ORD-US-37162,4,on_time
ORD-US-37163,5,on_time
ORD-US-37164,4,on_time
ORD-US-37165,5,on_time
ORD-US-37166,4,on_time
ORD-US-37167,4,on_time
ORD-US-37168,5,on_time
ORD-US-37169,4,on_time
ORD-US-37170,4,on_time
ORD-US-37171,4,on_time
ORD-US-37172,1,delivery_issue
ORD-US-37173,3,on_time
ORD-US-37174,5,on_time
ORD-US-37175,5,on_time
ORD-US-37176,5,on_time
ORD-US-37177,4,on_time
ORD-US-37178,5,on_time
ORD-US-37179,5,on_time
ORD-US-37180,5,on_time
ORD-US-37181,5,on_time
ORD-US-37182,5,on_time
ORD-US-37183,5,on_time
ORD-US-37184,4,on_time
ORD-US-37185,5,on_time
ORD-US-37186,5,on_time
ORD-US-37187,5,on_time
ORD-US-37188,3,on_time
ORD-US-37189,5,on_time
ORD-US-37190,4,on_time
ORD-US-37191,5,on_time
ORD-US-37192,5,on_time
ORD-US-37193,2,on_time
ORD-US-37194,4,on_time
ORD-US-37195,5,on_time
ORD-US-37196,5,on_time
ORD-US-37197,5,on_time
ORD-US-37198,5,on_time
ORD-US-37199,5,on_time
ORD-US-37200,4,on_time
ORD-US-37201,5,on_time
ORD-US-37202,4,on_time
ORD-US-37203,3,on_time
ORD-US-37204,5,on_time
ORD-US-37205,4,on_time
ORD-US-37206,5,on_time
ORD-US-37207,5,on_time
ORD-US-37208,4,on_time
ORD-US-37209,5,on_time
ORD-US-37210,4,on_time
ORD-US-37211,2,on_time
ORD-US-37212,4,on_time
ORD-US-37213,4,delivery_issue
ORD-US-37214,4,on_time
ORD-US-37215,5,on_time
ORD-US-37216,5,on_time
ORD-US-37217,3,on_time
ORD-US-37218,3,on_time
ORD-US-37219,4,on_time
ORD-US-37220,4,on_time
ORD-US-37221,4,on_time
ORD-US-37222,5,on_time
ORD-US-37223,4,on_time
ORD-US-37224,3,on_time
ORD-US-37225,2,on_time
ORD-US-37226,3,on_time
ORD-US-37227,3,on_time
ORD-US-37228,5,on_time
ORD-US-37229,5,on_time
ORD-US-37230,5,on_time
ORD-US-37231,5,on_time
ORD-US-37232,5,on_time
ORD-US-37233,4,on_time
ORD-US-37234,5,on_time
ORD-US-37235,4,on_time
ORD-US-37236,1,on_time
ORD-US-37237,1,on_time
ORD-US-37238,3,on_time
ORD-US-37239,5,on_time
ORD-US-37240,5,on_time
ORD-US-37241,5,on_time
ORD-US-37242,3,on_time
ORD-US-37243,1,on_time
ORD-US-37244,4,on_time
ORD-US-37245,4,on_time
ORD-US-37246,5,on_time
ORD-US-37247,5,on_time
ORD-US-37248,5,on_time
ORD-US-37249,4,on_time
ORD-US-37250,1,on_time
ORD-US-37251,4,on_time
ORD-US-37252,5,on_time
ORD-US-37253,5,on_time
ORD-US-37254,5,on_time
ORD-US-37255,4,on_time
ORD-US-37256,4,on_time
ORD-US-37257,3,on_time
ORD-US-37258,5,on_time
ORD-US-37259,5,on_time
ORD-US-37260,3,on_time
ORD-US-37261,4,on_time
ORD-US-37262,5,on_time
ORD-US-37263,5,on_time
ORD-US-37264,5,on_time
ORD-US-37265,3,on_time
ORD-US-37266,3,on_time
ORD-US-37267,4,on_time
ORD-US-37268,5,on_time
ORD-US-37269,4,on_time
ORD-US-37270,3,on_time
ORD-US-37271,5,on_time
ORD-US-37272,5,on_time
ORD-US-37273,4,on_time
ORD-US-37274,4,on_time
ORD-US-37275,4,on_time
ORD-US-37276,5,on_time
ORD-US-37277,5,on_time
ORD-US-37278,1,on_time
ORD-US-37279,5,on_time
ORD-US-37280,5,on_time
ORD-US-37281,4,on_time
ORD-US-37282,4,on_time
ORD-US-37283,4,on_time
ORD-US-37284,5,on_time
ORD-US-37285,5,on_time
ORD-US-37286,4,on_time
ORD-US-37287,4,on_time
ORD-US-37288,5,on_time
ORD-US-37289,5,on_time
ORD-US-37290,3,on_time
ORD-US-37291,5,on_time
ORD-US-37292,4,on_time
ORD-US-37293,4,on_time
ORD-US-37294,5,on_time
ORD-US-37295,5,on_time
ORD-US-37296,5,on_time
ORD-US-37297,5,on_time
ORD-US-37298,5,on_time
ORD-US-37299,5,on_time
ORD-US-37300,4,on_time
ORD-US-37301,5,on_time
ORD-US-37302,4,on_time
ORD-US-37303,4,on_time
ORD-US-37304,5,on_time
ORD-US-37305,4,on_time
ORD-US-37306,2,on_time
ORD-US-37307,4,on_time
ORD-US-37308,4,on_time
ORD-US-37309,5,on_time
ORD-US-37310,5,on_time
ORD-US-37311,4,on_time
ORD-US-37312,5,on_time
ORD-US-37313,4,on_time
ORD-US-37314,5,on_time
ORD-US-37315,5,on_time
ORD-US-37316,5,on_time
ORD-US-37317,4,on_time
ORD-US-37318,5,on_time
ORD-US-37319,4,on_time
ORD-US-37320,5,on_time
ORD-US-37321,3,on_time
ORD-US-37322,5,on_time
ORD-US-37323,5,on_time
ORD-US-37324,5,on_time
ORD-US-37325,4,on_time
ORD-US-37326,3,on_time
ORD-US-37327,3,on_time
ORD-US-37328,5,on_time
ORD-US-37329,3,on_time
ORD-US-37330,5,on_time
ORD-US-37331,1,on_time
ORD-US-37332,5,on_time
ORD-US-37333,4,on_time
ORD-US-37334,4,on_time
ORD-US-37335,4,on_time
ORD-US-37336,5,on_time
ORD-US-37337,5,on_time
ORD-US-37338,5,on_time
ORD-US-37339,5,on_time
ORD-US-37340,4,on_time
ORD-US-37341,3,on_time
ORD-US-37342,4,on_time
ORD-US-37343,5,on_time
ORD-US-37344,1,on_time
ORD-US-37345,4,on_time
ORD-US-37346,4,on_time
ORD-US-37347,2,on_time
ORD-US-37348,4,on_time
ORD-US-37349,4,on_time
ORD-US-37350,4,on_time
ORD-US-37351,5,on_time
ORD-US-37352,4,on_time
ORD-US-37353,5,on_time
ORD-US-37354,4,on_time
ORD-US-37355,3,on_time
ORD-US-37356,5,on_time
ORD-US-37357,3,on_time
ORD-US-37358,4,on_time
ORD-US-37359,3,on_time
ORD-US-37360,5,on_time
ORD-US-37361,3,on_time
ORD-US-37362,3,on_time
ORD-US-37363,4,on_time
ORD-US-37364,3,on_time
ORD-US-37365,4,on_time
ORD-US-37366,4,on_time
ORD-US-37367,3,on_time
ORD-US-37368,5,on_time
ORD-US-37369,5,on_time
ORD-US-37370,4,on_time
ORD-US-37371,4,on_time
ORD-US-37372,5,on_time
ORD-US-37373,5,on_time
ORD-US-37374,5,on_time
ORD-US-37375,5,on_time
ORD-US-37376,5,on_time
ORD-US-37377,5,on_time
ORD-US-37378,4,on_time
ORD-US-37379,5,on_time
ORD-US-37380,5,on_time
ORD-US-37381,1,on_time
ORD-US-37382,5,on_time
ORD-US-37383,5,on_time
ORD-US-37384,5,on_time
ORD-US-37385,5,on_time
ORD-US-37386,5,on_time
ORD-US-37387,3,on_time
ORD-US-37388,4,on_time
ORD-US-37389,5,on_time
ORD-US-37390,4,on_time
ORD-US-37391,3,on_time
ORD-US-37392,3,on_time
ORD-US-37393,2,on_time
ORD-US-37394,1,on_time
ORD-US-37395,5,on_time
ORD-US-37396,4,delivery_issue
ORD-US-37397,5,on_time
ORD-US-37398,4,on_time
ORD-US-37399,5,on_time
ORD-US-37400,3,on_time
ORD-US-37401,3,on_time
ORD-US-37402,5,on_time
ORD-US-37403,3,on_time
ORD-US-37404,4,on_time
ORD-US-37405,3,on_time
ORD-US-37406,5,on_time
ORD-US-37407,4,on_time
ORD-US-37408,4,on_time
ORD-US-37409,4,on_time
ORD-US-37410,5,on_time
ORD-US-37411,3,delivery_issue
ORD-US-37412,5,on_time
ORD-US-37413,3,on_time
ORD-US-37414,4,on_time
ORD-US-37415,5,on_time
ORD-US-37416,5,on_time
ORD-US-37417,5,on_time
ORD-US-37418,5,on_time
ORD-US-37419,5,on_time
ORD-US-37420,4,on_time
ORD-US-37421,4,on_time
ORD-US-37422,4,on_time
ORD-US-37423,5,on_time
ORD-US-37424,4,on_time
ORD-US-37425,5,on_time
ORD-US-37426,5,on_time
ORD-US-37427,5,on_time
ORD-US-37428,5,on_time
ORD-US-37429,4,on_time
ORD-US-37430,4,on_time
ORD-US-37431,4,on_time
ORD-US-37432,5,on_time
ORD-US-37433,2,on_time
ORD-US-37434,4,on_time
ORD-US-37435,4,delivery_issue
ORD-US-37436,4,on_time
ORD-US-37437,4,on_time
ORD-US-37438,3,on_time
ORD-US-37439,2,on_time
ORD-US-37440,4,on_time
ORD-US-37441,5,on_time
ORD-US-37442,5,on_time
ORD-US-37443,5,on_time
ORD-US-37444,3,on_time
ORD-US-37445,4,on_time
ORD-US-37446,4,on_time
ORD-US-37447,1,on_time
ORD-US-37448,4,on_time
ORD-US-37449,5,on_time
ORD-US-37450,5,on_time
ORD-US-37451,4,on_time
ORD-US-37452,4,on_time
ORD-US-37453,3,on_time
ORD-US-37454,4,on_time
ORD-US-37455,4,on_time
ORD-US-37456,4,on_time
ORD-US-37457,5,on_time
ORD-US-37458,3,on_time
ORD-US-37459,3,on_time
ORD-US-37460,4,on_time
ORD-US-37461,5,on_time
ORD-US-37462,4,on_time
ORD-US-37463,5,on_time
ORD-US-37464,5,on_time
ORD-US-37465,5,on_time
ORD-US-37466,3,on_time
ORD-US-37467,5,on_time
ORD-US-37468,4,on_time
ORD-US-37469,5,on_time
ORD-US-37470,5,on_time
ORD-US-37471,4,on_time
ORD-US-37472,5,on_time
ORD-US-37473,5,on_time
ORD-US-37474,5,on_time
ORD-US-37475,5,on_time
ORD-US-37476,5,on_time
ORD-US-37477,5,on_time
ORD-US-37478,5,on_time
ORD-US-37479,5,on_time
ORD-US-37480,5,on_time
ORD-US-37481,5,on_time
ORD-US-37482,5,on_time
ORD-US-37483,5,on_time
ORD-US-37484,4,on_time
ORD-US-37485,5,on_time
ORD-US-37486,2,on_time
ORD-US-37487,5,on_time
ORD-US-37488,5,on_time
ORD-US-37489,4,on_time
ORD-US-37490,4,on_time
ORD-US-37491,3,on_time
ORD-US-37492,4,on_time
ORD-US-37493,3,on_time
ORD-US-37494,5,on_time
ORD-US-37495,5,on_time
ORD-US-37496,4,on_time
ORD-US-37497,3,on_time
ORD-US-37498,5,on_time
ORD-US-37499,2,on_time
ORD-US-37500,5,on_time
ORD-US-37501,3,on_time
ORD-US-37502,1,on_time
ORD-US-37503,5,on_time
ORD-US-37504,5,on_time
ORD-US-37505,3,on_time
ORD-US-37506,5,on_time
ORD-US-37507,4,on_time
ORD-US-37508,4,on_time
ORD-US-37509,5,on_time
ORD-US-37510,4,on_time
ORD-US-37511,4,on_time
ORD-US-37512,5,on_time
ORD-US-37513,5,on_time
ORD-US-37514,5,on_time
ORD-US-37515,1,on_time
ORD-US-37516,1,on_time
ORD-US-37517,5,on_time
ORD-US-37518,4,on_time
ORD-US-37519,5,on_time
ORD-US-37520,5,on_time
ORD-US-37521,4,delivery_issue
ORD-US-37522,4,on_time
ORD-US-37523,1,delivery_issue
ORD-US-37524,5,on_time
ORD-US-37525,2,delivery_issue
ORD-US-37526,3,on_time
ORD-US-37527,5,on_time
ORD-US-37528,5,on_time
ORD-US-37529,4,on_time
ORD-US-37530,1,on_time
ORD-US-37531,5,on_time
ORD-US-37532,4,on_time
ORD-US-37533,5,on_time
ORD-US-37534,5,on_time
ORD-US-37535,4,on_time
ORD-US-37536,2,delivery_issue
ORD-US-37537,2,on_time
ORD-US-37538,4,on_time
ORD-US-37539,5,delivery_issue
ORD-US-37540,5,on_time
ORD-US-37541,5,on_time
ORD-US-37542,4,on_time
ORD-US-37543,4,on_time
ORD-US-37544,2,on_time
ORD-US-37545,4,on_time
ORD-US-37546,3,on_time
ORD-US-37547,4,on_time
ORD-US-37548,5,on_time
ORD-US-37549,5,on_time
ORD-US-37550,4,on_time
ORD-US-37551,5,on_time
ORD-US-37552,4,on_time
ORD-US-37553,5,on_time
ORD-US-37554,3,delivery_issue
ORD-US-37555,5,on_time
ORD-US-37556,3,on_time
ORD-US-37557,5,on_time
ORD-US-37558,5,on_time
ORD-US-37559,5,on_time
ORD-US-37560,5,on_time
ORD-US-37561,5,on_time
ORD-US-37562,4,on_time
ORD-US-37563,4,on_time
ORD-US-37564,5,on_time
ORD-US-37565,4,on_time
ORD-US-37566,2,on_time
ORD-US-37567,5,on_time
ORD-US-37568,5,on_time
ORD-US-37569,5,on_time
ORD-US-37570,2,on_time
ORD-US-37571,5,on_time
ORD-US-37572,4,on_time
ORD-US-37573,3,on_time
ORD-US-37574,2,on_time
ORD-US-37575,5,on_time
ORD-US-37576,5,on_time
ORD-US-37577,5,on_time
ORD-US-37578,3,on_time
ORD-US-37579,4,on_time
ORD-US-37580,2,delivery_issue
ORD-US-37581,4,on_time
ORD-US-37582,5,on_time
ORD-US-37583,4,on_time
ORD-US-37584,4,on_time
ORD-US-37585,4,on_time
ORD-US-37586,5,on_time
ORD-US-37587,3,on_time
ORD-US-37588,5,on_time
ORD-US-37589,5,on_time
ORD-US-37590,5,on_time
ORD-US-37591,5,on_time
ORD-US-37592,5,on_time
ORD-US-37593,4,on_time
ORD-US-37594,5,on_time
ORD-US-37595,2,on_time
ORD-US-37596,4,on_time
ORD-US-37597,3,on_time
ORD-US-37598,5,on_time
ORD-US-37599,5,on_time
ORD-US-37600,4,on_time
ORD-US-37601,4,on_time
ORD-US-37602,4,on_time
ORD-US-37603,4,on_time
ORD-US-37604,2,on_time
ORD-US-37605,4,on_time
ORD-US-37606,5,on_time
ORD-US-37607,4,delivery_issue
ORD-US-37608,5,on_time
ORD-US-37609,3,on_time
ORD-US-37610,4,on_time
ORD-US-37611,5,on_time
ORD-US-37612,5,on_time
ORD-US-37613,5,on_time
ORD-US-37614,5,on_time
ORD-US-37615,5,on_time
ORD-US-37616,4,on_time
ORD-US-37617,5,on_time
ORD-US-37618,4,on_time
ORD-US-37619,3,on_time
ORD-US-37620,1,on_time
ORD-US-37621,4,on_time
ORD-US-37622,3,on_time
ORD-US-37623,2,delivery_issue
ORD-US-37624,5,on_time
ORD-US-37625,5,on_time
ORD-US-37626,4,on_time
ORD-US-37627,5,on_time
ORD-US-37628,5,on_time
ORD-US-37629,4,on_time
ORD-US-37630,5,on_time
ORD-US-37631,4,on_time
ORD-US-37632,3,on_time
ORD-US-37633,4,on_time
ORD-US-37634,5,on_time
ORD-US-37635,5,on_time
ORD-US-37636,5,on_time
ORD-US-37637,4,on_time
ORD-US-37638,5,on_time
ORD-US-37639,2,on_time
ORD-US-37640,2,on_time
ORD-US-37641,4,on_time
ORD-US-37642,5,on_time
ORD-US-37643,4,on_time
ORD-US-37644,5,on_time
ORD-US-37645,5,on_time
ORD-US-37646,5,on_time
ORD-US-37647,2,on_time
ORD-US-37648,5,on_time
ORD-US-37649,2,on_time
ORD-US-37650,3,on_time
ORD-US-37651,4,on_time
ORD-US-37652,3,on_time
ORD-US-37653,5,on_time
ORD-US-37654,5,on_time
ORD-US-37655,5,on_time
ORD-US-37656,5,on_time
ORD-US-37657,5,on_time
ORD-US-37658,5,on_time
ORD-US-37659,4,on_time
ORD-US-37660,5,on_time
ORD-US-37661,3,on_time
ORD-US-37662,5,on_time
ORD-US-37663,5,on_time
ORD-US-37664,5,on_time
ORD-US-37665,2,on_time
ORD-US-37666,4,delivery_issue
ORD-US-37667,1,on_time
ORD-US-37668,5,on_time
ORD-US-37669,5,on_time
ORD-US-37670,5,on_time
ORD-US-37671,5,on_time
ORD-US-37672,5,on_time
ORD-US-37673,4,on_time
ORD-US-37674,5,on_time
ORD-US-37675,4,on_time
ORD-US-37676,4,on_time
ORD-US-37677,5,on_time
ORD-US-37678,3,on_time
ORD-US-37679,5,on_time
ORD-US-37680,5,on_time
ORD-US-37681,4,on_time
ORD-US-37682,5,on_time
ORD-US-37683,4,on_time
ORD-US-37684,4,on_time
ORD-US-37685,3,delivery_issue
ORD-US-37686,5,on_time
ORD-US-37687,5,on_time
ORD-US-37688,5,on_time
ORD-US-37689,5,on_time
ORD-US-37690,4,on_time
ORD-US-37691,5,on_time
ORD-US-37692,5,on_time
ORD-US-37693,4,on_time
ORD-US-37694,1,on_time
ORD-US-37695,5,on_time
ORD-US-37696,5,on_time
ORD-US-37697,3,on_time
ORD-US-37698,5,on_time
ORD-US-37699,4,on_time
ORD-US-37700,5,on_time
ORD-US-37701,4,on_time
ORD-US-37702,5,on_time
ORD-US-37703,5,on_time
ORD-US-37704,5,on_time
ORD-US-37705,4,delivery_issue
ORD-US-37706,4,on_time
ORD-US-37707,4,on_time
ORD-US-37708,5,on_time
ORD-US-37709,5,on_time
ORD-US-37710,2,on_time
ORD-US-37711,5,on_time
ORD-US-37712,4,on_time
ORD-US-37713,4,on_time
ORD-US-37714,5,on_time
ORD-US-37715,5,on_time
ORD-US-37716,5,on_time
ORD-US-37717,5,on_time
ORD-US-37718,5,on_time
ORD-US-37719,5,on_time
ORD-US-37720,5,on_time
ORD-US-37721,5,on_time
ORD-US-37722,4,on_time
ORD-US-37723,5,on_time
ORD-US-37724,5,on_time
ORD-US-37725,2,on_time
ORD-US-37726,4,on_time
ORD-US-37727,5,on_time
ORD-US-37728,4,on_time
ORD-US-37729,5,on_time
ORD-US-37730,4,on_time
ORD-US-37731,5,on_time
ORD-US-37732,1,on_time
ORD-US-37733,3,on_time
ORD-US-37734,4,on_time
ORD-US-37735,4,on_time
ORD-US-37736,5,on_time
ORD-US-37737,3,on_time
ORD-US-37738,4,on_time
ORD-US-37739,4,on_time
ORD-US-37740,3,on_time
ORD-US-37741,5,on_time
ORD-US-37742,5,on_time
ORD-US-37743,4,on_time
ORD-US-37744,4,on_time
ORD-US-37745,4,on_time
ORD-US-37746,1,delivery_issue
ORD-US-37747,5,on_time
ORD-US-37748,4,on_time
ORD-US-37749,4,on_time
ORD-US-37750,5,on_time
ORD-US-37751,5,on_time
ORD-US-37752,4,on_time
ORD-US-37753,2,on_time
ORD-US-37754,4,on_time
ORD-US-37755,5,on_time
ORD-US-37756,4,on_time
ORD-US-37757,3,on_time
ORD-US-37758,4,on_time
ORD-US-37759,4,on_time
ORD-US-37760,5,on_time
ORD-US-37761,5,on_time
ORD-US-37762,5,on_time
ORD-US-37763,4,on_time
ORD-US-37764,5,on_time
ORD-US-37765,5,on_time
ORD-US-37766,5,on_time
ORD-US-37767,4,delivery_issue
ORD-US-37768,5,on_time
ORD-US-37769,2,on_time
ORD-US-37770,4,on_time
ORD-US-37771,4,on_time
ORD-US-37772,5,on_time
ORD-US-37773,4,on_time
ORD-US-37774,3,on_time
ORD-US-37775,4,on_time
ORD-US-37776,5,on_time
ORD-US-37777,4,on_time
ORD-US-37778,5,on_time
ORD-US-37779,1,delivery_issue
ORD-US-37780,5,on_time
ORD-US-37781,5,on_time
ORD-US-37782,5,on_time
ORD-US-37783,4,on_time
ORD-US-37784,4,on_time
ORD-US-37785,5,on_time
ORD-US-37786,5,on_time
ORD-US-37787,4,on_time
ORD-US-37788,4,on_time
ORD-US-37789,4,on_time
ORD-US-37790,3,on_time
ORD-US-37791,5,on_time
ORD-US-37792,2,delivery_issue
ORD-US-37793,4,on_time
ORD-US-37794,5,on_time
ORD-US-37795,1,on_time
ORD-US-37796,1,on_time
ORD-US-37797,5,on_time
ORD-US-37798,5,on_time
ORD-US-37799,4,on_time
ORD-US-37800,3,on_time
ORD-US-37801,5,on_time
ORD-US-37802,3,on_time
ORD-US-37803,4,on_time
ORD-US-37804,4,on_time
ORD-US-37805,5,on_time
ORD-US-37806,5,on_time
ORD-US-37807,1,on_time
ORD-US-37808,5,on_time
ORD-US-37809,5,on_time
ORD-US-37810,5,on_time
ORD-US-37811,5,on_time
ORD-US-37812,5,on_time
ORD-US-37813,3,on_time
ORD-US-37814,4,on_time
ORD-US-37815,2,delivery_issue
ORD-US-37816,5,on_time
ORD-US-37817,4,on_time
ORD-US-37818,4,on_time
ORD-US-37819,5,on_time
ORD-US-37820,5,on_time
ORD-US-37821,4,on_time
ORD-US-37822,3,on_time
ORD-US-37823,5,on_time
ORD-US-37824,4,on_time
ORD-US-37825,4,on_time
ORD-US-37826,2,on_time
ORD-US-37827,5,on_time
ORD-US-37828,5,on_time
ORD-US-37829,5,on_time
ORD-US-37830,4,on_time
ORD-US-37831,2,on_time
ORD-US-37832,3,on_time
ORD-US-37833,5,on_time
ORD-US-37834,5,on_time
ORD-US-37835,5,on_time
ORD-US-37836,4,on_time
ORD-US-37837,5,on_time
ORD-US-37838,2,on_time
ORD-US-37839,4,on_time
ORD-US-37840,5,on_time
ORD-US-37841,4,on_time
ORD-US-37842,5,on_time
ORD-US-37843,5,on_time
ORD-US-37844,4,on_time
ORD-US-37845,4,on_time
ORD-US-37846,5,on_time
ORD-US-37847,5,on_time
ORD-US-37848,5,on_time
ORD-US-37849,4,on_time
ORD-US-37850,4,on_time
ORD-US-37851,4,on_time
ORD-US-37852,5,on_time
ORD-US-37853,5,on_time
ORD-US-37854,5,on_time
ORD-US-37855,5,on_time
ORD-US-37856,5,on_time
ORD-US-37857,4,on_time
ORD-US-37858,5,on_time
ORD-US-37859,4,on_time
ORD-US-37860,4,on_time
ORD-US-37861,5,on_time
ORD-US-37862,2,on_time
ORD-US-37863,2,on_time
ORD-US-37864,5,on_time
ORD-US-37865,5,on_time
ORD-US-37866,5,on_time
ORD-US-37867,4,on_time
ORD-US-37868,5,on_time
ORD-US-37869,5,on_time
ORD-US-37870,4,on_time
ORD-US-37871,5,on_time
ORD-US-37872,4,on_time
ORD-US-37873,3,on_time
ORD-US-37874,5,on_time
ORD-US-37875,4,on_time
ORD-US-37876,5,on_time
ORD-US-37877,5,on_time
ORD-US-37878,5,on_time
ORD-US-37879,3,on_time
ORD-US-37880,5,on_time
ORD-US-37881,1,on_time
ORD-US-37882,5,on_time
ORD-US-37883,3,on_time
ORD-US-37884,5,on_time
ORD-US-37885,4,on_time
ORD-US-37886,4,on_time
ORD-US-37887,3,on_time
ORD-US-37888,2,delivery_issue
ORD-US-37889,5,on_time
ORD-US-37890,2,on_time
ORD-US-37891,4,on_time
ORD-US-37892,2,on_time
ORD-US-37893,5,on_time
ORD-US-37894,5,on_time
ORD-US-37895,5,on_time
ORD-US-37896,1,on_time
ORD-US-37897,4,on_time
ORD-US-37898,5,on_time
ORD-US-37899,1,on_time
ORD-US-37900,4,on_time
ORD-US-37901,4,on_time
ORD-US-37902,4,delivery_issue
ORD-US-37903,5,on_time
ORD-US-37904,5,on_time
ORD-US-37905,5,on_time
ORD-US-37906,4,on_time
ORD-US-37907,5,on_time
ORD-US-37908,4,on_time
ORD-US-37909,5,on_time
ORD-US-37910,1,on_time
ORD-US-37911,1,on_time
ORD-US-37912,5,on_time
ORD-US-37913,4,on_time
ORD-US-37914,4,delivery_issue
ORD-US-37915,5,on_time
ORD-US-37916,4,on_time
ORD-US-37917,3,on_time
ORD-US-37918,1,on_time
ORD-US-37919,3,on_time
ORD-US-37920,5,on_time
ORD-US-37921,5,on_time
ORD-US-37922,5,on_time
ORD-US-37923,5,on_time
ORD-US-37924,3,on_time
ORD-US-37925,5,on_time
ORD-US-37926,5,on_time
ORD-US-37927,5,on_time
ORD-US-37928,5,on_time
ORD-US-37929,4,on_time
ORD-US-37930,5,on_time
ORD-US-37931,3,on_time
ORD-US-37932,5,on_time
ORD-US-37933,5,on_time
ORD-US-37934,5,on_time
ORD-US-37935,2,on_time
ORD-US-37936,4,on_time
ORD-US-37937,2,on_time
ORD-US-37938,5,on_time
ORD-US-37939,1,on_time
ORD-US-37940,5,on_time
ORD-US-37941,5,on_time
ORD-US-37942,4,on_time
ORD-US-37943,3,on_time
ORD-US-37944,3,on_time
ORD-US-37945,5,on_time
ORD-US-37946,4,on_time
ORD-US-37947,3,on_time
ORD-US-37948,5,on_time
ORD-US-37949,4,on_time
ORD-US-37950,5,on_time
ORD-US-37951,5,on_time
ORD-US-37952,5,on_time
ORD-US-37953,5,on_time
ORD-US-37954,5,on_time
ORD-US-37955,5,on_time
ORD-US-37956,4,on_time
ORD-US-37957,5,on_time
ORD-US-37958,3,on_time
ORD-US-37959,4,on_time
ORD-US-37960,3,on_time
ORD-US-37961,5,on_time
ORD-US-37962,5,on_time
ORD-US-37963,5,on_time
ORD-US-37964,4,on_time
ORD-US-37965,4,on_time
ORD-US-37966,2,on_time
ORD-US-37967,5,on_time
ORD-US-37968,5,on_time
ORD-US-37969,5,on_time
ORD-US-37970,5,on_time
ORD-US-37971,5,on_time
ORD-US-37972,5,on_time
ORD-US-37973,4,on_time
ORD-US-37974,5,on_time
ORD-US-37975,4,on_time
ORD-US-37976,5,on_time
ORD-US-37977,5,on_time
ORD-US-37978,5,on_time
ORD-US-37979,5,on_time
ORD-US-37980,3,on_time
ORD-US-37981,4,on_time
ORD-US-37982,5,on_time
ORD-US-37983,5,on_time
ORD-US-37984,4,on_time
ORD-US-37985,5,on_time
ORD-US-37986,5,on_time
ORD-US-37987,5,on_time
ORD-US-37988,4,on_time
ORD-US-37989,2,on_time
ORD-US-37990,5,on_time
ORD-US-37991,4,on_time
ORD-US-37992,4,on_time
ORD-US-37993,3,on_time
ORD-US-37994,5,on_time
ORD-US-37995,5,on_time
ORD-US-37996,3,on_time
ORD-US-37997,3,on_time
ORD-US-37998,1,delivery_issue
ORD-US-37999,5,on_time
ORD-US-38000,5,on_time
ORD-US-38001,3,on_time
ORD-US-38002,3,on_time
ORD-US-38003,4,on_time
ORD-US-38004,3,on_time
ORD-US-38005,5,on_time
ORD-US-38006,2,delivery_issue
ORD-US-38007,4,on_time
ORD-US-38008,5,on_time
ORD-US-38009,5,on_time
ORD-US-38010,3,delivery_issue
ORD-US-38011,4,on_time
ORD-US-38012,5,on_time
ORD-US-38013,5,on_time
ORD-US-38014,5,on_time
ORD-US-38015,5,on_time
ORD-US-38016,5,on_time
ORD-US-38017,4,on_time
ORD-US-38018,4,on_time
ORD-US-38019,5,on_time
ORD-US-38020,5,on_time
ORD-US-38021,1,on_time
ORD-US-38022,3,on_time
ORD-US-38023,3,delivery_issue
ORD-US-38024,5,on_time
ORD-US-38025,1,on_time
ORD-US-38026,5,on_time
ORD-US-38027,4,on_time
ORD-US-38028,4,on_time
ORD-US-38029,4,on_time
ORD-US-38030,5,on_time
ORD-US-38031,4,on_time
ORD-US-38032,5,on_time
ORD-US-38033,5,on_time
ORD-US-38034,5,on_time
ORD-US-38035,5,on_time
ORD-US-38036,4,on_time
ORD-US-38037,4,on_time
ORD-US-38038,5,on_time
ORD-US-38039,4,on_time
ORD-US-38040,3,on_time
ORD-US-38041,3,on_time
ORD-US-38042,5,on_time
ORD-US-38043,5,on_time
ORD-US-38044,4,on_time
ORD-US-38045,5,on_time
ORD-US-38046,4,on_time
ORD-US-38047,4,on_time
ORD-US-38048,4,on_time
ORD-US-38049,5,on_time
ORD-US-38050,4,on_time
ORD-US-38051,5,on_time
ORD-US-38052,5,on_time
ORD-US-38053,4,on_time
ORD-US-38054,4,on_time
ORD-US-38055,5,on_time
ORD-US-38056,5,on_time
ORD-US-38057,3,on_time
ORD-US-38058,5,on_time
ORD-US-38059,5,on_time
ORD-US-38060,5,on_time
ORD-US-38061,1,on_time
ORD-US-38062,3,on_time
ORD-US-38063,5,on_time
ORD-US-38064,3,on_time
ORD-US-38065,5,on_time
ORD-US-38066,5,on_time
ORD-US-38067,4,on_time
ORD-US-38068,5,on_time
ORD-US-38069,5,on_time
ORD-US-38070,3,on_time
ORD-US-38071,2,delivery_issue
ORD-US-38072,1,on_time
ORD-US-38073,1,on_time
ORD-US-38074,5,on_time
ORD-US-38075,5,on_time
ORD-US-38076,5,on_time
ORD-US-38077,2,on_time
ORD-US-38078,5,on_time
ORD-US-38079,5,on_time
ORD-US-38080,2,on_time
ORD-US-38081,5,on_time
ORD-US-38082,2,on_time
ORD-US-38083,4,on_time
ORD-US-38084,4,on_time
ORD-US-38085,5,on_time
ORD-US-38086,5,on_time
ORD-US-38087,4,on_time
ORD-US-38088,5,on_time
ORD-US-38089,5,on_time
ORD-US-38090,5,on_time
ORD-US-38091,4,on_time
ORD-US-38092,3,delivery_issue
ORD-US-38093,5,on_time
ORD-US-38094,5,on_time
ORD-US-38095,5,on_time
ORD-US-38096,4,on_time
ORD-US-38097,5,on_time
ORD-US-38098,3,on_time
ORD-US-38099,3,on_time
ORD-US-38100,2,on_time
ORD-US-38101,4,on_time
ORD-US-38102,5,on_time
ORD-US-38103,4,on_time
ORD-US-38104,5,on_time
ORD-US-38105,4,on_time
ORD-US-38106,4,on_time
ORD-US-38107,5,on_time
ORD-US-38108,5,on_time
ORD-US-38109,4,on_time
ORD-US-38110,4,on_time
ORD-US-38111,3,on_time
ORD-US-38112,4,on_time
ORD-US-38113,5,on_time
ORD-US-38114,5,on_time
ORD-US-38115,2,on_time
ORD-US-38116,3,on_time
ORD-US-38117,5,on_time
ORD-US-38118,4,on_time
ORD-US-38119,5,on_time
ORD-US-38120,5,on_time
ORD-US-38121,4,on_time
ORD-US-38122,4,on_time
ORD-US-38123,3,on_time
ORD-US-38124,5,on_time
ORD-US-38125,5,on_time
ORD-US-38126,5,on_time
ORD-US-38127,5,on_time
ORD-US-38128,5,on_time
ORD-US-38129,5,on_time
ORD-US-38130,5,on_time
ORD-US-38131,5,on_time
ORD-US-38132,3,on_time
ORD-US-38133,4,on_time
ORD-US-38134,5,on_time
ORD-US-38135,5,on_time
ORD-US-38136,4,on_time
ORD-US-38137,4,on_time
ORD-US-38138,4,on_time
ORD-US-38139,2,on_time
ORD-US-38140,5,on_time
ORD-US-38141,5,on_time
ORD-US-38142,1,on_time
ORD-US-38143,3,on_time
ORD-US-38144,5,on_time
ORD-US-38145,4,on_time
ORD-US-38146,5,on_time
ORD-US-38147,4,on_time
ORD-US-38148,5,on_time
ORD-US-38149,4,on_time
ORD-US-38150,4,on_time
ORD-US-38151,5,on_time
ORD-US-38152,5,on_time
ORD-US-38153,3,on_time
ORD-US-38154,4,on_time
ORD-US-38155,3,on_time
ORD-US-38156,3,on_time
ORD-US-38157,2,on_time
ORD-US-38158,5,on_time
ORD-US-38159,4,on_time
ORD-US-38160,4,on_time
ORD-US-38161,5,on_time
ORD-US-38162,5,on_time
ORD-US-38163,4,on_time
ORD-US-38164,5,on_time
ORD-US-38165,5,on_time
ORD-US-38166,5,on_time
ORD-US-38167,5,delivery_issue
ORD-US-38168,2,delivery_issue
ORD-US-38169,5,on_time
ORD-US-38170,3,on_time
ORD-US-38171,2,on_time
ORD-US-38172,3,on_time
ORD-US-38173,3,on_time
ORD-US-38174,5,on_time
ORD-US-38175,5,on_time
ORD-US-38176,4,on_time
ORD-US-38177,4,on_time
ORD-US-38178,5,on_time
ORD-US-38179,3,on_time
ORD-US-38180,5,on_time
ORD-US-38181,5,on_time
ORD-US-38182,1,on_time
ORD-US-38183,2,on_time
ORD-US-38184,4,on_time
ORD-US-38185,5,on_time
ORD-US-38186,5,on_time
ORD-US-38187,5,on_time
ORD-US-38188,4,on_time
ORD-US-38189,5,on_time
ORD-US-38190,5,on_time
ORD-US-38191,4,on_time
ORD-US-38192,5,on_time
ORD-US-38193,3,on_time
ORD-US-38194,5,on_time
ORD-US-38195,3,on_time
ORD-US-38196,4,on_time
ORD-US-38197,4,on_time
ORD-US-38198,5,on_time
ORD-US-38199,5,on_time
ORD-US-38200,1,on_time
ORD-US-38201,5,on_time
ORD-US-38202,4,on_time
ORD-US-38203,5,on_time
ORD-US-38204,5,on_time
ORD-US-38205,5,on_time
ORD-US-38206,4,on_time
ORD-US-38207,3,on_time
ORD-US-38208,5,on_time
ORD-US-38209,5,on_time
ORD-US-38210,4,on_time
ORD-US-38211,5,on_time
ORD-US-38212,5,on_time
ORD-US-38213,3,on_time
ORD-US-38214,4,on_time
ORD-US-38215,4,on_time
ORD-US-38216,5,on_time
ORD-US-38217,4,on_time
ORD-US-38218,4,on_time
ORD-US-38219,3,on_time
ORD-US-38220,4,on_time
ORD-US-38221,5,on_time
ORD-US-38222,3,on_time
ORD-US-38223,3,on_time
ORD-US-38224,2,on_time
ORD-US-38225,5,on_time
ORD-US-38226,5,on_time
ORD-US-38227,5,on_time
ORD-US-38228,4,on_time
ORD-US-38229,5,on_time
ORD-US-38230,5,on_time
ORD-US-38231,5,on_time
ORD-US-38232,3,on_time
ORD-US-38233,4,on_time
ORD-US-38234,5,on_time
ORD-US-38235,3,on_time
ORD-US-38236,5,on_time
ORD-US-38237,5,on_time
ORD-US-38238,4,on_time
ORD-US-38239,3,delivery_issue
ORD-US-38240,5,on_time
ORD-US-38241,4,on_time
ORD-US-38242,3,on_time
ORD-US-38243,4,on_time
ORD-US-38244,5,on_time
ORD-US-38245,5,on_time
ORD-US-38246,5,on_time
ORD-US-38247,5,on_time
ORD-US-38248,5,on_time
ORD-US-38249,5,on_time
ORD-US-38250,3,on_time
ORD-US-38251,4,on_time
ORD-US-38252,4,on_time
ORD-US-38253,5,on_time
ORD-US-38254,1,on_time
ORD-US-38255,4,on_time
ORD-US-38256,1,on_time
ORD-US-38257,5,on_time
ORD-US-38258,5,on_time
ORD-US-38259,5,on_time
ORD-US-38260,4,on_time
ORD-US-38261,3,on_time
ORD-US-38262,5,on_time
ORD-US-38263,4,on_time
ORD-US-38264,4,on_time
ORD-US-38265,5,on_time
ORD-US-38266,4,on_time
ORD-US-38267,5,on_time
ORD-US-38268,3,on_time
ORD-US-38269,4,delivery_issue
ORD-US-38270,2,on_time
ORD-US-38271,5,on_time
ORD-US-38272,5,on_time
ORD-US-38273,4,on_time
ORD-US-38274,5,on_time
ORD-US-38275,5,on_time
ORD-US-38276,5,on_time
ORD-US-38277,5,on_time
ORD-US-38278,1,on_time
ORD-US-38279,5,on_time
ORD-US-38280,4,on_time
ORD-US-38281,2,on_time
ORD-US-38282,4,on_time
ORD-US-38283,5,on_time
ORD-US-38284,5,on_time
ORD-US-38285,4,on_time
ORD-US-38286,4,on_time
ORD-US-38287,3,on_time
ORD-US-38288,5,on_time
ORD-US-38289,5,on_time
ORD-US-38290,5,on_time
ORD-US-38291,5,on_time
ORD-US-38292,5,on_time
ORD-US-38293,2,on_time
ORD-US-38294,4,on_time
ORD-US-38295,5,on_time
ORD-US-38296,5,on_time
ORD-US-38297,4,on_time
ORD-US-38298,5,on_time
ORD-US-38299,5,on_time
ORD-US-38300,5,on_time
ORD-US-38301,4,on_time
ORD-US-38302,5,on_time
ORD-US-38303,4,on_time
ORD-US-38304,5,on_time
ORD-US-38305,5,on_time
ORD-US-38306,4,on_time
ORD-US-38307,5,on_time
ORD-US-38308,3,on_time
ORD-US-38309,5,on_time
ORD-US-38310,4,on_time
ORD-US-38311,2,on_time
ORD-US-38312,3,on_time
ORD-US-38313,5,on_time
ORD-US-38314,5,on_time
ORD-US-38315,5,on_time
ORD-US-38316,3,on_time
ORD-US-38317,2,on_time
ORD-US-38318,5,on_time
ORD-US-38319,5,on_time
ORD-US-38320,4,on_time
ORD-US-38321,3,on_time
ORD-US-38322,3,on_time
ORD-US-38323,1,delivery_issue
ORD-US-38324,5,on_time
ORD-US-38325,4,on_time
ORD-US-38326,2,on_time
ORD-US-38327,5,on_time
ORD-US-38328,5,on_time
ORD-US-38329,4,on_time
ORD-US-38330,4,on_time
ORD-US-38331,4,on_time
ORD-US-38332,5,on_time
ORD-US-38333,3,on_time
ORD-US-38334,4,on_time
ORD-US-38335,1,on_time
ORD-US-38336,4,on_time
ORD-US-38337,4,on_time
ORD-US-38338,5,on_time
ORD-US-38339,2,on_time
ORD-US-38340,5,on_time
ORD-US-38341,4,on_time
ORD-US-38342,4,on_time
ORD-US-38343,4,on_time
ORD-US-38344,3,on_time
ORD-US-38345,3,on_time
ORD-US-38346,3,on_time
ORD-US-38347,5,on_time
ORD-US-38348,4,on_time
ORD-US-38349,3,on_time
ORD-US-38350,5,on_time
ORD-US-38351,5,on_time
ORD-US-38352,5,on_time
ORD-US-38353,5,on_time
ORD-US-38354,5,on_time
ORD-US-38355,5,on_time
ORD-US-38356,4,on_time
ORD-US-38357,5,on_time
ORD-US-38358,2,on_time
ORD-US-38359,4,on_time
ORD-US-38360,4,on_time
ORD-US-38361,5,on_time
ORD-US-38362,4,on_time
ORD-US-38363,5,on_time
ORD-US-38364,5,on_time
ORD-US-38365,2,on_time
ORD-US-38366,4,on_time
ORD-US-38367,4,on_time
ORD-US-38368,1,on_time
ORD-US-38369,4,on_time
ORD-US-38370,5,on_time
ORD-US-38371,5,on_time
ORD-US-38372,2,on_time
ORD-US-38373,1,on_time
ORD-US-38374,2,on_time
ORD-US-38375,5,on_time
ORD-US-38376,5,on_time
ORD-US-38377,4,on_time
ORD-US-38378,5,on_time
ORD-US-38379,4,delivery_issue
ORD-US-38380,4,on_time
ORD-US-38381,4,on_time
ORD-US-38382,4,on_time
ORD-US-38383,5,on_time
ORD-US-38384,5,on_time
ORD-US-38385,4,on_time
ORD-US-38386,5,on_time
ORD-US-38387,4,on_time
ORD-US-38388,5,on_time
ORD-US-38389,3,on_time
ORD-US-38390,5,on_time
ORD-US-38391,1,on_time
ORD-US-38392,1,delivery_issue
ORD-US-38393,5,on_time
ORD-US-38394,5,on_time
ORD-US-38395,5,on_time
ORD-US-38396,5,on_time
ORD-US-38397,3,on_time
ORD-US-38398,3,on_time
ORD-US-38399,3,on_time
ORD-US-38400,5,on_time
ORD-US-38401,4,on_time
ORD-US-38402,4,on_time
ORD-US-38403,5,on_time
ORD-US-38404,3,on_time
ORD-US-38405,5,on_time
ORD-US-38406,3,on_time
ORD-US-38407,4,on_time
ORD-US-38408,5,on_time
ORD-US-38409,5,on_time
ORD-US-38410,4,on_time
ORD-US-38411,4,on_time
ORD-US-38412,5,on_time
ORD-US-38413,5,on_time
ORD-US-38414,5,on_time
ORD-US-38415,4,on_time
ORD-US-38416,5,on_time
ORD-US-38417,5,on_time
ORD-US-38418,5,on_time
ORD-US-38419,3,on_time
ORD-US-38420,5,on_time
ORD-US-38421,4,on_time
ORD-US-38422,5,on_time
ORD-US-38423,5,on_time
ORD-US-38424,3,on_time
ORD-US-38425,5,on_time
ORD-US-38426,4,on_time
ORD-US-38427,4,on_time
ORD-US-38428,5,on_time
ORD-US-38429,1,on_time
ORD-US-38430,5,on_time
ORD-US-38431,5,on_time
ORD-US-38432,5,on_time
ORD-US-38433,5,on_time
ORD-US-38434,4,delivery_issue
ORD-US-38435,5,on_time
ORD-US-38436,5,on_time
ORD-US-38437,4,on_time
ORD-US-38438,4,on_time
ORD-US-38439,1,on_time
ORD-US-38440,2,on_time
ORD-US-38441,4,on_time
ORD-US-38442,5,on_time
ORD-US-38443,3,on_time
ORD-US-38444,5,on_time
ORD-US-38445,4,on_time
ORD-US-38446,3,on_time
ORD-US-38447,4,on_time
ORD-US-38448,5,on_time
ORD-US-38449,4,on_time
ORD-US-38450,5,on_time
ORD-US-38451,5,on_time
ORD-US-38452,3,on_time
ORD-US-38453,1,on_time
ORD-US-38454,4,on_time
ORD-US-38455,5,on_time
ORD-US-38456,4,on_time
ORD-US-38457,5,on_time
ORD-US-38458,5,on_time
ORD-US-38459,5,on_time
ORD-US-38460,5,on_time
ORD-US-38461,4,on_time
ORD-US-38462,4,on_time
ORD-US-38463,2,delivery_issue
ORD-US-38464,5,on_time
ORD-US-38465,4,on_time
ORD-US-38466,4,on_time
ORD-US-38467,4,on_time
ORD-US-38468,3,on_time
ORD-US-38469,5,on_time
ORD-US-38470,4,on_time
ORD-US-38471,1,on_time
ORD-US-38472,5,on_time
ORD-US-38473,5,on_time
ORD-US-38474,4,on_time
ORD-US-38475,5,on_time
ORD-US-38476,5,on_time
ORD-US-38477,4,on_time
ORD-US-38478,5,on_time
ORD-US-38479,2,on_time
ORD-US-38480,4,on_time
ORD-US-38481,4,on_time
ORD-US-38482,4,on_time
ORD-US-38483,4,on_time
ORD-US-38484,3,on_time
ORD-US-38485,5,on_time
ORD-US-38486,5,on_time
ORD-US-38487,1,on_time
ORD-US-38488,4,on_time
ORD-US-38489,5,on_time
ORD-US-38490,5,on_time
ORD-US-38491,2,on_time
ORD-US-38492,4,on_time
ORD-US-38493,5,on_time
ORD-US-38494,3,on_time
ORD-US-38495,5,on_time
ORD-US-38496,4,on_time
ORD-US-38497,4,on_time
ORD-US-38498,5,on_time
ORD-US-38499,5,on_time
ORD-US-38500,4,on_time
ORD-US-38501,3,on_time
ORD-US-38502,5,on_time
ORD-US-38503,4,on_time
ORD-US-38504,4,on_time
ORD-US-38505,3,on_time
ORD-US-38506,4,on_time
ORD-US-38507,5,on_time
ORD-US-38508,5,on_time
ORD-US-38509,5,on_time
ORD-US-38510,4,on_time
ORD-US-38511,5,on_time
ORD-US-38512,4,on_time
ORD-US-38513,3,on_time
ORD-US-38514,4,on_time
ORD-US-38515,1,on_time
ORD-US-38516,4,on_time
ORD-US-38517,2,on_time
ORD-US-38518,5,on_time
ORD-US-38519,4,on_time
ORD-US-38520,4,on_time
ORD-US-38521,5,on_time
ORD-US-38522,5,on_time
ORD-US-38523,5,on_time
ORD-US-38524,4,on_time
ORD-US-38525,5,on_time
ORD-US-38526,5,on_time
ORD-US-38527,1,on_time
ORD-US-38528,4,on_time
ORD-US-38529,5,on_time
ORD-US-38530,4,on_time
ORD-US-38531,4,on_time
ORD-US-38532,3,on_time
ORD-US-38533,5,on_time
ORD-US-38534,5,on_time
ORD-US-38535,5,on_time
ORD-US-38536,4,on_time
ORD-US-38537,4,on_time
ORD-US-38538,5,on_time
ORD-US-38539,5,on_time
ORD-US-38540,4,on_time
ORD-US-38541,4,on_time
ORD-US-38542,3,on_time
ORD-US-38543,4,on_time
ORD-US-38544,5,on_time
ORD-US-38545,5,on_time
ORD-US-38546,5,on_time
ORD-US-38547,3,on_time
ORD-US-38548,4,on_time
ORD-US-38549,5,on_time
ORD-US-38550,2,on_time
ORD-US-38551,4,on_time
ORD-US-38552,5,on_time
ORD-US-38553,5,on_time
ORD-US-38554,5,on_time
ORD-US-38555,5,on_time
ORD-US-38556,5,on_time
ORD-US-38557,4,on_time
ORD-US-38558,5,on_time
ORD-US-38559,4,on_time
ORD-US-38560,5,on_time
ORD-US-38561,4,on_time
ORD-US-38562,5,on_time
ORD-US-38563,5,on_time
ORD-US-38564,5,on_time
ORD-US-38565,5,on_time
ORD-US-38566,4,on_time
ORD-US-38567,4,delivery_issue
ORD-US-38568,4,on_time
ORD-US-38569,5,on_time
ORD-US-38570,5,on_time
ORD-US-38571,5,on_time
ORD-US-38572,5,on_time
ORD-US-38573,5,on_time
ORD-US-38574,4,on_time
ORD-US-38575,3,on_time
ORD-US-38576,5,on_time
ORD-US-38577,4,on_time
ORD-US-38578,5,on_time
ORD-US-38579,5,on_time
ORD-US-38580,5,on_time
ORD-US-38581,4,on_time
ORD-US-38582,5,on_time
ORD-US-38583,5,on_time
ORD-US-38584,2,on_time
ORD-US-38585,5,on_time
ORD-US-38586,4,on_time
ORD-US-38587,5,on_time
ORD-US-38588,5,on_time
ORD-US-38589,5,on_time
ORD-US-38590,5,on_time
ORD-US-38591,5,on_time
ORD-US-38592,5,on_time
ORD-US-38593,4,on_time
ORD-US-38594,5,on_time
ORD-US-38595,4,on_time
ORD-US-38596,5,on_time
ORD-US-38597,4,on_time
ORD-US-38598,3,delivery_issue
ORD-US-38599,3,on_time
ORD-US-38600,5,on_time
ORD-US-38601,4,on_time
ORD-US-38602,5,on_time
ORD-US-38603,5,on_time
ORD-US-38604,5,on_time
ORD-US-38605,5,on_time
ORD-US-38606,5,on_time
ORD-US-38607,4,on_time
ORD-US-38608,3,on_time
ORD-US-38609,5,on_time
ORD-US-38610,5,on_time
ORD-US-38611,4,on_time
ORD-US-38612,5,on_time
ORD-US-38613,4,on_time
ORD-US-38614,5,on_time
ORD-US-38615,3,on_time
ORD-US-38616,3,on_time
ORD-US-38617,5,on_time
ORD-US-38618,5,on_time
ORD-US-38619,5,on_time
ORD-US-38620,5,on_time
ORD-US-38621,5,on_time
ORD-US-38622,4,on_time
ORD-US-38623,4,on_time
ORD-US-38624,5,on_time
ORD-US-38625,3,on_time
ORD-US-38626,5,on_time
ORD-US-38627,5,on_time
ORD-US-38628,2,delivery_issue
ORD-US-38629,4,on_time
ORD-US-38630,5,on_time
ORD-US-38631,5,on_time
ORD-US-38632,4,on_time
ORD-US-38633,5,on_time
ORD-US-38634,4,on_time
ORD-US-38635,5,on_time
ORD-US-38636,4,on_time
ORD-US-38637,4,on_time
ORD-US-38638,5,on_time
ORD-US-38639,5,on_time
ORD-US-38640,5,on_time
ORD-US-38641,4,on_time
ORD-US-38642,5,on_time
ORD-US-38643,5,on_time
ORD-US-38644,5,on_time
ORD-US-38645,5,on_time
ORD-US-38646,4,on_time
ORD-US-38647,4,on_time
ORD-US-38648,2,on_time
ORD-US-38649,2,on_time
ORD-US-38650,5,on_time
ORD-US-38651,5,on_time
ORD-US-38652,5,on_time
ORD-US-38653,4,on_time
ORD-US-38654,3,on_time
ORD-US-38655,5,on_time
ORD-US-38656,4,on_time
ORD-US-38657,5,on_time
ORD-US-38658,4,on_time
ORD-US-38659,2,on_time
ORD-US-38660,3,on_time
ORD-US-38661,2,on_time
ORD-US-38662,3,on_time
ORD-US-38663,5,on_time
ORD-US-38664,4,on_time
ORD-US-38665,5,on_time
ORD-US-38666,3,on_time
ORD-US-38667,4,on_time
ORD-US-38668,5,on_time
ORD-US-38669,5,on_time
ORD-US-38670,5,on_time
ORD-US-38671,5,on_time
ORD-US-38672,4,on_time
ORD-US-38673,4,on_time
ORD-US-38674,5,on_time
ORD-US-38675,5,on_time
ORD-US-38676,5,on_time
ORD-US-38677,5,on_time
ORD-US-38678,5,on_time
ORD-US-38679,4,on_time
ORD-US-38680,4,on_time
ORD-US-38681,3,on_time
ORD-US-38682,4,on_time
ORD-US-38683,5,on_time
ORD-US-38684,5,on_time
ORD-US-38685,4,on_time
ORD-US-38686,4,on_time
ORD-US-38687,5,on_time
ORD-US-38688,5,on_time
ORD-US-38689,2,on_time
ORD-US-38690,2,delivery_issue
ORD-US-38691,4,on_time
ORD-US-38692,5,on_time
ORD-US-38693,5,on_time
ORD-US-38694,3,on_time
ORD-US-38695,4,on_time
ORD-US-38696,4,on_time
ORD-US-38697,5,on_time
ORD-US-38698,4,on_time
ORD-US-38699,4,on_time
ORD-US-38700,3,on_time
ORD-US-38701,4,on_time
ORD-US-38702,5,on_time
ORD-US-38703,5,on_time
ORD-US-38704,5,on_time
ORD-US-38705,4,on_time
ORD-US-38706,5,on_time
ORD-US-38707,4,on_time
ORD-US-38708,5,on_time
ORD-US-38709,1,on_time
ORD-US-38710,4,on_time
ORD-US-38711,4,on_time
ORD-US-38712,5,on_time
ORD-US-38713,3,on_time
ORD-US-38714,4,on_time
ORD-US-38715,1,on_time
ORD-US-38716,4,on_time
ORD-US-38717,5,on_time
ORD-US-38718,4,on_time
ORD-US-38719,5,on_time
ORD-US-38720,5,on_time
ORD-US-38721,5,on_time
ORD-US-38722,5,on_time
ORD-US-38723,5,on_time
ORD-US-38724,5,on_time
ORD-US-38725,5,on_time
ORD-US-38726,2,on_time
ORD-US-38727,3,on_time
ORD-US-38728,4,on_time
ORD-US-38729,3,on_time
ORD-US-38730,3,on_time
ORD-US-38731,4,on_time
ORD-US-38732,5,on_time
ORD-US-38733,4,on_time
ORD-US-38734,5,on_time
ORD-US-38735,4,on_time
ORD-US-38736,1,on_time
ORD-US-38737,5,on_time
ORD-US-38738,5,on_time
ORD-US-38739,4,on_time
ORD-US-38740,4,on_time
ORD-US-38741,4,on_time
ORD-US-38742,5,on_time
ORD-US-38743,4,on_time
ORD-US-38744,3,on_time
ORD-US-38745,5,on_time
ORD-US-38746,5,on_time
ORD-US-38747,4,on_time
ORD-US-38748,4,on_time
ORD-US-38749,3,on_time
ORD-US-38750,5,on_time
ORD-US-38751,4,on_time
ORD-US-38752,5,on_time
ORD-US-38753,4,on_time
ORD-US-38754,5,on_time
ORD-US-38755,2,on_time
ORD-US-38756,5,on_time
ORD-US-38757,5,on_time
ORD-US-38758,4,on_time
ORD-US-38759,1,delivery_issue
ORD-US-38760,4,on_time
ORD-US-38761,5,on_time
ORD-US-38762,4,on_time
ORD-US-38763,5,on_time
ORD-US-38764,5,on_time
ORD-US-38765,5,on_time
ORD-US-38766,2,on_time
ORD-US-38767,4,on_time
ORD-US-38768,4,on_time
ORD-US-38769,5,on_time
ORD-US-38770,5,on_time
ORD-US-38771,5,on_time
ORD-US-38772,5,on_time
ORD-US-38773,4,on_time
ORD-US-38774,5,on_time
ORD-US-38775,5,on_time
ORD-US-38776,5,on_time
ORD-US-38777,5,on_time
ORD-US-38778,1,delivery_issue
ORD-US-38779,5,on_time
ORD-US-38780,4,on_time
ORD-US-38781,4,on_time
ORD-US-38782,5,on_time
ORD-US-38783,4,on_time
ORD-US-38784,5,on_time
ORD-US-38785,4,on_time
ORD-US-38786,5,on_time
ORD-US-38787,4,on_time
ORD-US-38788,5,on_time
ORD-US-38789,5,on_time
ORD-US-38790,5,on_time
ORD-US-38791,5,on_time
ORD-US-38792,5,on_time
ORD-US-38793,5,on_time
ORD-US-38794,5,on_time
ORD-US-38795,4,on_time
ORD-US-38796,4,on_time
ORD-US-38797,5,on_time
ORD-US-38798,4,on_time
ORD-US-38799,5,on_time
ORD-US-38800,3,on_time
ORD-US-38801,5,on_time
ORD-US-38802,5,on_time
ORD-US-38803,5,on_time
ORD-US-38804,5,on_time
ORD-US-38805,5,on_time
ORD-US-38806,1,on_time
ORD-US-38807,5,on_time
ORD-US-38808,4,on_time
ORD-US-38809,5,on_time
ORD-US-38810,2,on_time
ORD-US-38811,5,on_time
ORD-US-38812,4,on_time
ORD-US-38813,5,on_time
ORD-US-38814,5,on_time
ORD-US-38815,4,on_time
ORD-US-38816,5,on_time
ORD-US-38817,5,on_time
ORD-US-38818,5,on_time
ORD-US-38819,4,on_time
ORD-US-38820,4,on_time
ORD-US-38821,4,on_time
ORD-US-38822,3,on_time
ORD-US-38823,5,on_time
ORD-US-38824,4,on_time
ORD-US-38825,4,on_time
ORD-US-38826,5,on_time
ORD-US-38827,5,on_time
ORD-US-38828,3,on_time
ORD-US-38829,3,on_time
ORD-US-38830,5,on_time
ORD-US-38831,5,on_time
ORD-US-38832,4,on_time
ORD-US-38833,5,on_time
ORD-US-38834,5,on_time
ORD-US-38835,5,on_time
ORD-US-38836,4,on_time
ORD-US-38837,4,on_time
ORD-US-38838,5,on_time
ORD-US-38839,2,on_time
ORD-US-38840,5,on_time
ORD-US-38841,5,on_time
ORD-US-38842,5,on_time
ORD-US-38843,1,on_time
ORD-US-38844,3,on_time
ORD-US-38845,2,on_time
ORD-US-38846,5,on_time
ORD-US-38847,5,on_time
ORD-US-38848,2,on_time
ORD-US-38849,4,on_time
ORD-US-38850,4,on_time
ORD-US-38851,5,on_time
ORD-US-38852,5,on_time
ORD-US-38853,5,on_time
ORD-US-38854,4,on_time
ORD-US-38855,4,on_time
ORD-US-38856,3,delivery_issue
ORD-US-38857,5,on_time
ORD-US-38858,3,on_time
ORD-US-38859,5,on_time
ORD-US-38860,5,on_time
ORD-US-38861,4,on_time
ORD-US-38862,4,on_time
ORD-US-38863,5,on_time
ORD-US-38864,4,on_time
ORD-US-38865,5,on_time
ORD-US-38866,5,on_time
ORD-US-38867,4,on_time
ORD-US-38868,5,on_time
ORD-US-38869,5,on_time
ORD-US-38870,5,on_time
ORD-US-38871,5,on_time
ORD-US-38872,5,on_time
ORD-US-38873,4,on_time
ORD-US-38874,2,on_time
ORD-US-38875,5,on_time
ORD-US-38876,4,on_time
ORD-US-38877,5,on_time
ORD-US-38878,5,on_time
ORD-US-38879,4,on_time
ORD-US-38880,5,on_time
ORD-US-38881,5,on_time
ORD-US-38882,5,on_time
ORD-US-38883,5,on_time
ORD-US-38884,4,on_time
ORD-US-38885,5,on_time
ORD-US-38886,4,on_time
ORD-US-38887,5,on_time
ORD-US-38888,5,on_time
ORD-US-38889,5,on_time
ORD-US-38890,5,on_time
ORD-US-38891,1,delivery_issue
ORD-US-38892,4,on_time
ORD-US-38893,1,on_time
ORD-US-38894,4,on_time
ORD-US-38895,5,on_time
ORD-US-38896,5,on_time
ORD-US-38897,5,on_time
ORD-US-38898,5,on_time
ORD-US-38899,4,on_time
ORD-US-38900,5,on_time
ORD-US-38901,5,on_time
ORD-US-38902,5,on_time
ORD-US-38903,2,on_time
ORD-US-38904,5,on_time
ORD-US-38905,5,on_time
ORD-US-38906,5,on_time
ORD-US-38907,5,on_time
ORD-US-38908,2,on_time
ORD-US-38909,4,on_time
ORD-US-38910,5,on_time
ORD-US-38911,4,on_time
ORD-US-38912,4,on_time
ORD-US-38913,5,on_time
ORD-US-38914,2,on_time
ORD-US-38915,5,on_time
ORD-US-38916,5,on_time
ORD-US-38917,4,on_time
ORD-US-38918,5,on_time
ORD-US-38919,5,on_time
ORD-US-38920,3,on_time
ORD-US-38921,3,on_time
ORD-US-38922,4,on_time
ORD-US-38923,5,on_time
ORD-US-38924,3,on_time
ORD-US-38925,2,on_time
ORD-US-38926,5,on_time
ORD-US-38927,5,on_time
ORD-US-38928,4,on_time
ORD-US-38929,5,on_time
ORD-US-38930,5,on_time
ORD-US-38931,5,on_time
ORD-US-38932,4,on_time
ORD-US-38933,3,on_time
ORD-US-38934,5,on_time
ORD-US-38935,5,on_time
ORD-US-38936,5,on_time
ORD-US-38937,5,on_time
ORD-US-38938,5,on_time
ORD-US-38939,5,on_time
ORD-US-38940,2,on_time
ORD-US-38941,4,on_time
ORD-US-38942,5,on_time
ORD-US-38943,3,on_time
ORD-US-38944,2,on_time
ORD-US-38945,4,on_time
ORD-US-38946,4,on_time
ORD-US-38947,3,on_time
ORD-US-38948,5,on_time
ORD-US-38949,5,on_time
ORD-US-38950,4,on_time
ORD-US-38951,5,on_time
ORD-US-38952,5,on_time
ORD-US-38953,5,on_time
ORD-US-38954,5,on_time
ORD-US-38955,4,on_time
ORD-US-38956,5,on_time
ORD-US-38957,3,on_time
ORD-US-38958,4,on_time
ORD-US-38959,4,on_time
ORD-US-38960,1,on_time
ORD-US-38961,5,on_time
ORD-US-38962,5,on_time
ORD-US-38963,5,on_time
ORD-US-38964,2,on_time
ORD-US-38965,5,on_time
ORD-US-38966,5,on_time
ORD-US-38967,4,on_time
ORD-US-38968,2,on_time
ORD-US-38969,5,on_time
ORD-US-38970,1,on_time
ORD-US-38971,4,on_time
ORD-US-38972,5,on_time
ORD-US-38973,5,on_time
ORD-US-38974,3,on_time
ORD-US-38975,4,on_time
ORD-US-38976,5,on_time
ORD-US-38977,4,on_time
ORD-US-38978,5,on_time
ORD-US-38979,5,on_time
ORD-US-38980,5,on_time
ORD-US-38981,3,on_time
ORD-US-38982,5,on_time
ORD-US-38983,2,on_time
ORD-US-38984,5,on_time
ORD-US-38985,5,on_time
ORD-US-38986,4,on_time
ORD-US-38987,4,on_time
ORD-US-38988,3,on_time
ORD-US-38989,4,on_time
ORD-US-38990,4,on_time
ORD-US-38991,5,on_time
ORD-US-38992,4,on_time
ORD-US-38993,4,on_time
ORD-US-38994,5,on_time
ORD-US-38995,5,on_time
ORD-US-38996,5,on_time
ORD-US-38997,4,on_time
ORD-US-38998,5,on_time
ORD-US-38999,5,on_time
ORD-US-39000,5,on_time
ORD-US-39001,5,on_time
ORD-US-39002,5,on_time
ORD-US-39003,5,on_time
ORD-US-39004,5,on_time
ORD-US-39005,1,on_time
ORD-US-39006,4,on_time
ORD-US-39007,5,on_time
ORD-US-39008,5,on_time
ORD-US-39009,5,on_time
ORD-US-39010,4,on_time
ORD-US-39011,5,on_time
ORD-US-39012,4,on_time
ORD-US-39013,4,on_time
ORD-US-39014,4,on_time
ORD-US-39015,5,on_time
ORD-US-39016,4,on_time
ORD-US-39017,2,on_time
ORD-US-39018,1,on_time
ORD-US-39019,3,on_time
ORD-US-39020,5,on_time
ORD-US-39021,5,on_time
ORD-US-39022,2,on_time
ORD-US-39023,4,on_time
ORD-US-39024,5,on_time
ORD-US-39025,1,on_time
ORD-US-39026,4,on_time
ORD-US-39027,3,on_time
ORD-US-39028,5,on_time
ORD-US-39029,5,on_time
ORD-US-39030,4,on_time
ORD-US-39031,5,on_time
ORD-US-39032,5,on_time
ORD-US-39033,3,on_time
ORD-US-39034,4,on_time
ORD-US-39035,5,on_time
ORD-US-39036,4,on_time
ORD-US-39037,3,on_time
ORD-US-39038,4,on_time
ORD-US-39039,4,on_time
ORD-US-39040,4,on_time
ORD-US-39041,5,on_time
ORD-US-39042,5,on_time
ORD-US-39043,5,on_time
ORD-US-39044,2,on_time
ORD-US-39045,5,on_time
ORD-US-39046,3,on_time
ORD-US-39047,5,on_time
ORD-US-39048,3,on_time
ORD-US-39049,2,on_time
ORD-US-39050,5,on_time
ORD-US-39051,4,on_time
ORD-US-39052,5,on_time
ORD-US-39053,4,on_time
ORD-US-39054,1,on_time
ORD-US-39055,3,on_time
ORD-US-39056,5,on_time
ORD-US-39057,3,on_time
ORD-US-39058,4,on_time
ORD-US-39059,2,on_time
ORD-US-39060,5,on_time
ORD-US-39061,3,on_time
ORD-US-39062,5,on_time
ORD-US-39063,5,on_time
ORD-US-39064,5,on_time
ORD-US-39065,5,on_time
ORD-US-39066,4,on_time
ORD-US-39067,3,on_time
ORD-US-39068,1,on_time
ORD-US-39069,5,on_time
ORD-US-39070,5,on_time
ORD-US-39071,4,on_time
ORD-US-39072,5,on_time
ORD-US-39073,2,on_time
ORD-US-39074,5,on_time
ORD-US-39075,3,on_time
ORD-US-39076,4,on_time
ORD-US-39077,4,on_time
ORD-US-39078,4,on_time
ORD-US-39079,3,on_time
ORD-US-39080,5,on_time
ORD-US-39081,4,on_time
ORD-US-39082,5,on_time
ORD-US-39083,3,on_time
ORD-US-39084,5,on_time
ORD-US-39085,5,on_time
ORD-US-39086,5,on_time
ORD-US-39087,4,on_time
ORD-US-39088,5,on_time
ORD-US-39089,5,on_time
ORD-US-39090,4,on_time
ORD-US-39091,2,on_time
ORD-US-39092,5,on_time
ORD-US-39093,2,on_time
ORD-US-39094,3,on_time
ORD-US-39095,4,on_time
ORD-US-39096,5,on_time
ORD-US-39097,5,on_time
ORD-US-39098,4,on_time
ORD-US-39099,4,on_time
ORD-US-39100,5,on_time
ORD-US-39101,5,on_time
ORD-US-39102,4,on_time
ORD-US-39103,5,on_time
ORD-US-39104,4,on_time
ORD-US-39105,5,on_time
ORD-US-39106,5,on_time
ORD-US-39107,4,on_time
ORD-US-39108,2,on_time
ORD-US-39109,4,on_time
ORD-US-39110,5,on_time
ORD-US-39111,1,on_time
ORD-US-39112,5,on_time
ORD-US-39113,5,on_time
ORD-US-39114,4,on_time
ORD-US-39115,5,on_time
ORD-US-39116,4,on_time
ORD-US-39117,1,on_time
ORD-US-39118,5,on_time
ORD-US-39119,3,on_time
ORD-US-39120,5,on_time
ORD-US-39121,4,on_time
ORD-US-39122,5,on_time
ORD-US-39123,5,on_time
ORD-US-39124,1,on_time
ORD-US-39125,4,on_time
ORD-US-39126,5,on_time
ORD-US-39127,5,on_time
ORD-US-39128,5,on_time
ORD-US-39129,2,on_time
ORD-US-39130,5,on_time
ORD-US-39131,5,on_time
ORD-US-39132,2,delivery_issue
ORD-US-39133,5,on_time
ORD-US-39134,4,on_time
ORD-US-39135,2,on_time
ORD-US-39136,5,on_time
ORD-US-39137,5,on_time
ORD-US-39138,3,on_time
ORD-US-39139,5,on_time
ORD-US-39140,5,on_time
ORD-US-39141,5,on_time
ORD-US-39142,3,on_time
ORD-US-39143,5,on_time
ORD-US-39144,4,on_time
ORD-US-39145,5,on_time
ORD-US-39146,5,on_time
ORD-US-39147,4,on_time
ORD-US-39148,4,on_time
ORD-US-39149,5,on_time
ORD-US-39150,5,on_time
ORD-US-39151,5,on_time
ORD-US-39152,5,on_time
ORD-US-39153,4,on_time
ORD-US-39154,5,on_time
ORD-US-39155,4,on_time
ORD-US-39156,5,on_time
ORD-US-39157,5,on_time
ORD-US-39158,4,on_time
ORD-US-39159,5,on_time
ORD-US-39160,5,on_time
ORD-US-39161,5,on_time
ORD-US-39162,5,on_time
ORD-US-39163,5,on_time
ORD-US-39164,3,on_time
ORD-US-39165,5,on_time
ORD-US-39166,4,on_time
ORD-US-39167,4,on_time
ORD-US-39168,5,on_time
ORD-US-39169,5,on_time
ORD-US-39170,5,on_time
ORD-US-39171,4,on_time
ORD-US-39172,3,on_time
ORD-US-39173,5,on_time
ORD-US-39174,5,on_time
ORD-US-39175,5,on_time
ORD-US-39176,5,on_time
ORD-US-39177,4,on_time
ORD-US-39178,5,on_time
ORD-US-39179,1,on_time
ORD-US-39180,4,on_time
ORD-US-39181,3,on_time
ORD-US-39182,5,on_time
ORD-US-39183,5,on_time
ORD-US-39184,5,on_time
ORD-US-39185,4,on_time
ORD-US-39186,4,on_time
ORD-US-39187,4,on_time
ORD-US-39188,3,on_time
ORD-US-39189,4,on_time
ORD-US-39190,5,on_time
ORD-US-39191,5,on_time
ORD-US-39192,5,on_time
ORD-US-39193,4,on_time
ORD-US-39194,4,on_time
ORD-US-39195,3,delivery_issue
ORD-US-39196,5,on_time
ORD-US-39197,3,on_time
ORD-US-39198,4,on_time
ORD-US-39199,3,on_time
ORD-US-39200,4,on_time
ORD-US-39201,2,on_time
ORD-US-39202,4,on_time
ORD-US-39203,5,on_time
ORD-US-39204,5,on_time
ORD-US-39205,3,on_time
ORD-US-39206,5,on_time
ORD-US-39207,2,on_time
ORD-US-39208,5,on_time
ORD-US-39209,5,on_time
ORD-US-39210,5,on_time
ORD-US-39211,5,on_time
ORD-US-39212,4,on_time
ORD-US-39213,5,on_time
ORD-US-39214,5,on_time
ORD-US-39215,5,on_time
ORD-US-39216,4,on_time
ORD-US-39217,4,on_time
ORD-US-39218,4,on_time
ORD-US-39219,5,on_time
ORD-US-39220,5,on_time
ORD-US-39221,5,on_time
ORD-US-39222,5,on_time
ORD-US-39223,5,on_time
ORD-US-39224,5,on_time
ORD-US-39225,1,on_time
ORD-US-39226,5,on_time
ORD-US-39227,4,on_time
ORD-US-39228,4,on_time
ORD-US-39229,4,on_time
ORD-US-39230,5,on_time
ORD-US-39231,4,on_time
ORD-US-39232,4,on_time
ORD-US-39233,5,on_time
ORD-US-39234,5,on_time
ORD-US-39235,5,on_time
ORD-US-39236,4,on_time
ORD-US-39237,4,on_time
ORD-US-39238,4,on_time
ORD-US-39239,5,on_time
ORD-US-39240,5,on_time
ORD-US-39241,4,on_time
ORD-US-39242,4,on_time
ORD-US-39243,5,on_time
ORD-US-39244,5,on_time
ORD-US-39245,5,on_time
ORD-US-39246,4,on_time
ORD-US-39247,3,on_time
ORD-US-39248,5,on_time
ORD-US-39249,2,on_time
ORD-US-39250,4,on_time
ORD-US-39251,5,on_time
ORD-US-39252,5,on_time
ORD-US-39253,4,on_time
ORD-US-39254,5,on_time
ORD-US-39255,2,on_time
ORD-US-39256,5,on_time
ORD-US-39257,5,on_time
ORD-US-39258,5,on_time
ORD-US-39259,4,on_time
ORD-US-39260,4,on_time
ORD-US-39261,5,on_time
ORD-US-39262,5,on_time
ORD-US-39263,5,on_time
ORD-US-39264,5,on_time
ORD-US-39265,4,on_time
ORD-US-39266,2,on_time
ORD-US-39267,5,on_time
ORD-US-39268,1,on_time
ORD-US-39269,5,on_time
ORD-US-39270,5,on_time
ORD-US-39271,4,on_time
ORD-US-39272,5,on_time
ORD-US-39273,5,on_time
ORD-US-39274,5,on_time
ORD-US-39275,3,on_time
ORD-US-39276,5,on_time
ORD-US-39277,5,on_time
ORD-US-39278,4,on_time
ORD-US-39279,3,on_time
ORD-US-39280,4,on_time
ORD-US-39281,4,on_time
ORD-US-39282,4,on_time
ORD-US-39283,5,on_time
ORD-US-39284,5,on_time
ORD-US-39285,5,on_time
ORD-US-39286,5,on_time
ORD-US-39287,1,on_time
ORD-US-39288,5,on_time
ORD-US-39289,4,on_time
ORD-US-39290,5,on_time
ORD-US-39291,1,on_time
ORD-US-39292,4,on_time
ORD-US-39293,2,on_time
ORD-US-39294,4,on_time
ORD-US-39295,3,delivery_issue
ORD-US-39296,4,delivery_issue
ORD-US-39297,4,on_time
ORD-US-39298,4,on_time
ORD-US-39299,5,on_time
ORD-US-39300,4,on_time
ORD-US-39301,4,on_time
ORD-US-39302,5,on_time
ORD-US-39303,5,on_time
ORD-US-39304,5,on_time
ORD-US-39305,5,on_time
ORD-US-39306,5,on_time
ORD-US-39307,5,on_time
ORD-US-39308,1,on_time
ORD-US-39309,5,on_time
ORD-US-39310,4,on_time
ORD-US-39311,4,on_time
ORD-US-39312,5,on_time
ORD-US-39313,5,on_time
ORD-US-39314,4,on_time
ORD-US-39315,5,on_time
ORD-US-39316,4,on_time
ORD-US-39317,5,on_time
ORD-US-39318,4,on_time
ORD-US-39319,5,on_time
ORD-US-39320,3,on_time
ORD-US-39321,5,on_time
ORD-US-39322,5,on_time
ORD-US-39323,4,on_time
ORD-US-39324,5,on_time
ORD-US-39325,5,on_time
ORD-US-39326,5,on_time
ORD-US-39327,5,on_time
ORD-US-39328,3,on_time
ORD-US-39329,4,on_time
ORD-US-39330,5,on_time
ORD-US-39331,4,on_time
ORD-US-39332,4,on_time
ORD-US-39333,4,on_time
ORD-US-39334,5,on_time
ORD-US-39335,5,on_time
ORD-US-39336,5,on_time
ORD-US-39337,2,on_time
ORD-US-39338,4,on_time
ORD-US-39339,5,on_time
ORD-US-39340,5,on_time
ORD-US-39341,4,on_time
ORD-US-39342,4,on_time
ORD-US-39343,4,on_time
ORD-US-39344,5,on_time
ORD-US-39345,5,on_time
ORD-US-39346,5,on_time
ORD-US-39347,4,on_time
ORD-US-39348,5,on_time
ORD-US-39349,4,on_time
ORD-US-39350,5,on_time
ORD-US-39351,5,on_time
ORD-US-39352,2,on_time
ORD-US-39353,4,on_time
ORD-US-39354,5,on_time
ORD-US-39355,4,on_time
ORD-US-39356,5,on_time
ORD-US-39357,4,on_time
ORD-US-39358,3,on_time
ORD-US-39359,5,on_time
ORD-US-39360,5,on_time
ORD-US-39361,5,on_time
ORD-US-39362,5,on_time
ORD-US-39363,4,on_time
ORD-US-39364,3,delivery_issue
ORD-US-39365,5,on_time
ORD-US-39366,5,on_time
ORD-US-39367,4,on_time
ORD-US-39368,5,on_time
ORD-US-39369,5,on_time
ORD-US-39370,5,delivery_issue
ORD-US-39371,5,on_time
ORD-US-39372,4,on_time
ORD-US-39373,5,on_time
ORD-US-39374,5,on_time
ORD-US-39375,5,on_time
ORD-US-39376,5,on_time
ORD-US-39377,4,on_time
ORD-US-39378,4,on_time
ORD-US-39379,4,on_time
ORD-US-39380,4,on_time
ORD-US-39381,5,on_time
ORD-US-39382,2,on_time
ORD-US-39383,4,delivery_issue
ORD-US-39384,4,on_time
ORD-US-39385,3,on_time
ORD-US-39386,4,on_time
ORD-US-39387,3,on_time
ORD-US-39388,5,on_time
ORD-US-39389,5,on_time
ORD-US-39390,5,on_time
ORD-US-39391,4,on_time
ORD-US-39392,4,on_time
ORD-US-39393,4,on_time
ORD-US-39394,5,on_time
ORD-US-39395,4,on_time
ORD-US-39396,3,delivery_issue
ORD-US-39397,4,on_time
ORD-US-39398,3,on_time
ORD-US-39399,5,on_time
ORD-US-39400,5,on_time
ORD-US-39401,3,on_time
ORD-US-39402,4,on_time
ORD-US-39403,5,on_time
ORD-US-39404,5,on_time
ORD-US-39405,5,on_time
ORD-US-39406,5,on_time
ORD-US-39407,3,on_time
ORD-US-39408,2,on_time
ORD-US-39409,4,on_time
ORD-US-39410,5,on_time
ORD-US-39411,5,on_time
ORD-US-39412,5,on_time
ORD-US-39413,5,on_time
ORD-US-39414,3,on_time
ORD-US-39415,5,on_time
ORD-US-39416,4,on_time
ORD-US-39417,4,on_time
ORD-US-39418,4,on_time
ORD-US-39419,4,on_time
ORD-US-39420,5,on_time
ORD-US-39421,5,on_time
ORD-US-39422,3,on_time
ORD-US-39423,4,on_time
ORD-US-39424,5,on_time
ORD-US-39425,4,on_time
ORD-US-39426,5,on_time
ORD-US-39427,2,on_time
ORD-US-39428,5,on_time
ORD-US-39429,5,on_time
ORD-US-39430,5,on_time
ORD-US-39431,5,on_time
ORD-US-39432,4,on_time
ORD-US-39433,4,on_time
ORD-US-39434,4,on_time
ORD-US-39435,3,on_time
ORD-US-39436,5,on_time
ORD-US-39437,4,on_time
ORD-US-39438,4,on_time
ORD-US-39439,4,on_time
ORD-US-39440,5,on_time
ORD-US-39441,4,on_time
ORD-US-39442,3,on_time
ORD-US-39443,4,on_time
ORD-US-39444,5,on_time
ORD-US-39445,5,on_time
ORD-US-39446,4,on_time
ORD-US-39447,5,on_time
ORD-US-39448,5,on_time
ORD-US-39449,2,on_time
ORD-US-39450,5,on_time
ORD-US-39451,4,on_time
ORD-US-39452,5,on_time
ORD-US-39453,3,on_time
ORD-US-39454,5,on_time
ORD-US-39455,5,on_time
ORD-US-39456,3,on_time
ORD-US-39457,5,on_time
ORD-US-39458,3,on_time
ORD-US-39459,5,on_time
ORD-US-39460,4,on_time
ORD-US-39461,5,on_time
ORD-US-39462,5,on_time
ORD-US-39463,4,on_time
ORD-US-39464,4,on_time
ORD-US-39465,5,on_time
ORD-US-39466,5,on_time
ORD-US-39467,3,on_time
ORD-US-39468,4,on_time
ORD-US-39469,4,on_time
ORD-US-39470,5,on_time
ORD-US-39471,5,on_time
ORD-US-39472,1,on_time
ORD-US-39473,5,on_time
ORD-US-39474,5,on_time
ORD-US-39475,4,on_time
ORD-US-39476,4,on_time
ORD-US-39477,5,on_time
ORD-US-39478,3,on_time
ORD-US-39479,5,on_time
ORD-US-39480,5,on_time
ORD-US-39481,3,on_time
ORD-US-39482,5,on_time
ORD-US-39483,4,on_time
ORD-US-39484,3,on_time
ORD-US-39485,3,on_time
ORD-US-39486,5,on_time
ORD-US-39487,5,on_time
ORD-US-39488,5,on_time
ORD-US-39489,5,on_time
ORD-US-39490,5,on_time
ORD-US-39491,5,on_time
ORD-US-39492,3,on_time
ORD-US-39493,5,on_time
ORD-US-39494,5,on_time
ORD-US-39495,2,on_time
ORD-US-39496,4,on_time
ORD-US-39497,3,on_time
ORD-US-39498,4,on_time
ORD-US-39499,5,on_time
ORD-US-39500,2,on_time
ORD-US-39501,5,on_time
ORD-US-39502,5,on_time
ORD-US-39503,3,on_time
ORD-US-39504,5,on_time
ORD-US-39505,4,on_time
ORD-US-39506,5,on_time
ORD-US-39507,4,on_time
ORD-US-39508,4,on_time
ORD-US-39509,5,on_time
ORD-US-39510,3,on_time
ORD-US-39511,5,on_time
ORD-US-39512,5,on_time
ORD-US-39513,4,on_time
ORD-US-39514,2,delivery_issue
ORD-US-39515,4,on_time
ORD-US-39516,4,on_time
ORD-US-39517,5,on_time
ORD-US-39518,1,on_time
ORD-US-39519,2,on_time
ORD-US-39520,4,delivery_issue
ORD-US-39521,4,on_time
ORD-US-39522,5,on_time
ORD-US-39523,4,on_time
ORD-US-39524,4,on_time
ORD-US-39525,5,on_time
ORD-US-39526,4,on_time
ORD-US-39527,5,on_time
ORD-US-39528,2,on_time
ORD-US-39529,5,on_time
ORD-US-39530,5,on_time
ORD-US-39531,5,on_time
ORD-US-39532,5,on_time
ORD-US-39533,4,on_time
ORD-US-39534,1,on_time
ORD-US-39535,5,on_time
ORD-US-39536,5,on_time
ORD-US-39537,5,on_time
ORD-US-39538,4,on_time
ORD-US-39539,4,on_time
ORD-US-39540,4,on_time
ORD-US-39541,5,on_time
ORD-US-39542,5,on_time
ORD-US-39543,4,on_time
ORD-US-39544,2,on_time
ORD-US-39545,4,on_time
ORD-US-39546,5,on_time
ORD-US-39547,5,on_time
ORD-US-39548,3,on_time
ORD-US-39549,4,on_time
ORD-US-39550,5,on_time
ORD-US-39551,4,on_time
ORD-US-39552,5,on_time
ORD-US-39553,4,on_time
ORD-US-39554,4,on_time
ORD-US-39555,4,on_time
ORD-US-39556,5,on_time
ORD-US-39557,5,on_time
ORD-US-39558,5,on_time
ORD-US-39559,4,on_time
ORD-US-39560,3,on_time
ORD-US-39561,5,on_time
ORD-US-39562,5,on_time
ORD-US-39563,4,on_time
ORD-US-39564,4,on_time
ORD-US-39565,5,on_time
ORD-US-39566,5,on_time
ORD-US-39567,3,on_time
ORD-US-39568,5,on_time
ORD-US-39569,4,on_time
ORD-US-39570,3,on_time
ORD-US-39571,1,on_time
ORD-US-39572,4,on_time
ORD-US-39573,5,on_time
ORD-US-39574,4,on_time
ORD-US-39575,5,on_time
ORD-US-39576,5,on_time
ORD-US-39577,3,on_time
ORD-US-39578,2,on_time
ORD-US-39579,4,on_time
ORD-US-39580,5,on_time
ORD-US-39581,2,on_time
ORD-US-39582,4,on_time
ORD-US-39583,4,on_time
ORD-US-39584,5,on_time
ORD-US-39585,3,on_time
ORD-US-39586,5,on_time
ORD-US-39587,4,on_time
ORD-US-39588,5,on_time
ORD-US-39589,5,on_time
ORD-US-39590,5,on_time
ORD-US-39591,5,on_time
ORD-US-39592,5,on_time
ORD-US-39593,3,on_time
ORD-US-39594,5,on_time
ORD-US-39595,5,on_time
ORD-US-39596,5,on_time
ORD-US-39597,2,on_time
ORD-US-39598,5,on_time
ORD-US-39599,5,on_time
ORD-US-39600,1,on_time
ORD-US-39601,5,on_time
ORD-US-39602,5,on_time
ORD-US-39603,5,on_time
ORD-US-39604,5,on_time
ORD-US-39605,2,on_time
ORD-US-39606,3,on_time
ORD-US-39607,5,on_time
ORD-US-39608,5,on_time
ORD-US-39609,4,on_time
ORD-US-39610,4,on_time
ORD-US-39611,4,on_time
ORD-US-39612,4,on_time
ORD-US-39613,5,on_time
ORD-US-39614,5,on_time
ORD-US-39615,4,on_time
ORD-US-39616,5,on_time
ORD-US-39617,5,on_time
ORD-US-39618,5,on_time
ORD-US-39619,5,on_time
ORD-US-39620,2,on_time
ORD-US-39621,5,on_time
ORD-US-39622,5,on_time
ORD-US-39623,3,delivery_issue
ORD-US-39624,1,on_time
ORD-US-39625,4,on_time
ORD-US-39626,3,on_time
ORD-US-39627,4,delivery_issue
ORD-US-39628,1,on_time
ORD-US-39629,5,on_time
ORD-US-39630,5,on_time
ORD-US-39631,5,on_time
ORD-US-39632,4,on_time
ORD-US-39633,4,on_time
ORD-US-39634,4,on_time
ORD-US-39635,5,on_time
ORD-US-39636,5,on_time
ORD-US-39637,5,on_time
ORD-US-39638,4,on_time
ORD-US-39639,5,on_time
ORD-US-39640,4,on_time
ORD-US-39641,4,on_time
ORD-US-39642,5,on_time
ORD-US-39643,5,on_time
ORD-US-39644,4,on_time
ORD-US-39645,5,on_time
ORD-US-39646,2,delivery_issue
ORD-US-39647,5,on_time
ORD-US-39648,5,on_time
ORD-US-39649,5,on_time
ORD-US-39650,4,on_time
ORD-US-39651,5,on_time
ORD-US-39652,3,on_time
ORD-US-39653,5,on_time
ORD-US-39654,5,on_time
ORD-US-39655,2,on_time
ORD-US-39656,5,on_time
ORD-US-39657,5,on_time
ORD-US-39658,5,on_time
ORD-US-39659,5,on_time
ORD-US-39660,5,on_time
ORD-US-39661,3,on_time
ORD-US-39662,4,on_time
ORD-US-39663,3,on_time
ORD-US-39664,5,on_time
ORD-US-39665,5,on_time
ORD-US-39666,5,on_time
ORD-US-39667,4,on_time
ORD-US-39668,4,on_time
ORD-US-39669,4,delivery_issue
ORD-US-39670,5,on_time
ORD-US-39671,3,on_time
ORD-US-39672,5,on_time
ORD-US-39673,5,on_time
ORD-US-39674,2,on_time
ORD-US-39675,5,on_time
ORD-US-39676,4,on_time
ORD-US-39677,4,on_time
ORD-US-39678,5,on_time
ORD-US-39679,5,on_time
ORD-US-39680,5,on_time
ORD-US-39681,5,on_time
ORD-US-39682,2,on_time
ORD-US-39683,3,on_time
ORD-US-39684,5,on_time
ORD-US-39685,4,on_time
ORD-US-39686,2,on_time
ORD-US-39687,5,on_time
ORD-US-39688,4,on_time
ORD-US-39689,5,on_time
ORD-US-39690,3,on_time
ORD-US-39691,5,on_time
ORD-US-39692,5,on_time
ORD-US-39693,4,on_time
ORD-US-39694,5,on_time
ORD-US-39695,5,on_time
ORD-US-39696,5,on_time
ORD-US-39697,5,on_time
ORD-US-39698,5,on_time
ORD-US-39699,3,delivery_issue
ORD-US-39700,5,on_time
ORD-US-39701,5,on_time
ORD-US-39702,4,on_time
ORD-US-39703,5,on_time
ORD-US-39704,2,on_time
ORD-US-39705,5,on_time
ORD-US-39706,5,on_time
ORD-US-39707,4,on_time
ORD-US-39708,3,on_time
ORD-US-39709,4,on_time
ORD-US-39710,4,on_time
ORD-US-39711,5,on_time
ORD-US-39712,5,on_time
ORD-US-39713,4,on_time
ORD-US-39714,5,on_time
ORD-US-39715,4,on_time
ORD-US-39716,4,on_time
ORD-US-39717,4,on_time
ORD-US-39718,5,on_time
ORD-US-39719,5,on_time
ORD-US-39720,4,on_time
ORD-US-39721,3,on_time
ORD-US-39722,3,on_time
ORD-US-39723,2,delivery_issue
ORD-US-39724,5,on_time
ORD-US-39725,5,on_time
ORD-US-39726,4,on_time
ORD-US-39727,4,on_time
ORD-US-39728,5,on_time
ORD-US-39729,2,on_time
ORD-US-39730,2,on_time
ORD-US-39731,4,on_time
ORD-US-39732,5,on_time
ORD-US-39733,5,on_time
ORD-US-39734,4,on_time
ORD-US-39735,2,on_time
ORD-US-39736,2,delivery_issue
ORD-US-39737,5,on_time
ORD-US-39738,3,on_time
ORD-US-39739,5,on_time
ORD-US-39740,5,on_time
ORD-US-39741,5,on_time
ORD-US-39742,3,on_time
ORD-US-39743,5,on_time
ORD-US-39744,5,on_time
ORD-US-39745,5,on_time
ORD-US-39746,5,on_time
ORD-US-39747,4,on_time
ORD-US-39748,5,on_time
ORD-US-39749,4,on_time
ORD-US-39750,5,on_time
ORD-US-39751,4,on_time
ORD-US-39752,5,on_time
ORD-US-39753,5,on_time
ORD-US-39754,5,on_time
ORD-US-39755,5,on_time
ORD-US-39756,4,on_time
ORD-US-39757,4,on_time
ORD-US-39758,3,on_time
ORD-US-39759,5,on_time
ORD-US-39760,4,on_time
ORD-US-39761,3,on_time
ORD-US-39762,5,on_time
ORD-US-39763,3,on_time
ORD-US-39764,5,on_time
ORD-US-39765,4,on_time
ORD-US-39766,3,on_time
ORD-US-39767,5,on_time
ORD-US-39768,4,on_time
ORD-US-39769,2,on_time
ORD-US-39770,3,on_time
ORD-US-39771,3,delivery_issue
ORD-US-39772,3,delivery_issue
ORD-US-39773,4,on_time
ORD-US-39774,4,on_time
ORD-US-39775,4,on_time
ORD-US-39776,4,on_time
ORD-US-39777,5,on_time
ORD-US-39778,3,on_time
ORD-US-39779,5,on_time
ORD-US-39780,5,on_time
ORD-US-39781,2,on_time
ORD-US-39782,5,on_time
ORD-US-39783,4,on_time
ORD-US-39784,4,on_time
ORD-US-39785,4,on_time
ORD-US-39786,5,on_time
ORD-US-39787,5,on_time
ORD-US-39788,5,on_time
ORD-US-39789,5,on_time
ORD-US-39790,4,on_time
ORD-US-39791,5,on_time
ORD-US-39792,5,on_time
ORD-US-39793,5,on_time
ORD-US-39794,4,on_time
ORD-US-39795,4,on_time
ORD-US-39796,5,on_time
ORD-US-39797,3,on_time
ORD-US-39798,5,on_time
ORD-US-39799,5,on_time
ORD-US-39800,3,on_time
ORD-US-39801,4,on_time
ORD-US-39802,5,on_time
ORD-US-39803,5,on_time
ORD-US-39804,5,on_time
ORD-US-39805,5,on_time
ORD-US-39806,5,on_time
ORD-US-39807,5,on_time
ORD-US-39808,4,on_time
ORD-US-39809,4,on_time
ORD-US-39810,5,on_time
ORD-US-39811,5,on_time
ORD-US-39812,3,on_time
ORD-US-39813,5,on_time
ORD-US-39814,4,on_time
ORD-US-39815,5,on_time
ORD-US-39816,4,delivery_issue
ORD-US-39817,4,on_time
ORD-US-39818,5,on_time
ORD-US-39819,5,on_time
ORD-US-39820,4,on_time
ORD-US-39821,5,on_time
ORD-US-39822,5,on_time
ORD-US-39823,5,on_time
ORD-US-39824,3,on_time
ORD-US-39825,1,on_time
ORD-US-39826,5,on_time
ORD-US-39827,5,on_time
ORD-US-39828,5,on_time
ORD-US-39829,5,on_time
ORD-US-39830,5,on_time
ORD-US-39831,4,on_time
ORD-US-39832,4,on_time
ORD-US-39833,4,on_time
ORD-US-39834,4,on_time
ORD-US-39835,5,on_time
ORD-US-39836,5,on_time
ORD-US-39837,5,on_time
ORD-US-39838,5,on_time
ORD-US-39839,2,on_time
ORD-US-39840,4,on_time
ORD-US-39841,5,on_time
ORD-US-39842,4,on_time
ORD-US-39843,5,on_time
ORD-US-39844,4,on_time
ORD-US-39845,4,on_time
ORD-US-39846,4,on_time
ORD-US-39847,5,on_time
ORD-US-39848,4,on_time
ORD-US-39849,4,on_time
ORD-US-39850,4,on_time
ORD-US-39851,5,on_time
ORD-US-39852,4,on_time
ORD-US-39853,5,on_time
ORD-US-39854,3,on_time
ORD-US-39855,3,on_time
ORD-US-39856,4,on_time
ORD-US-39857,4,on_time
ORD-US-39858,5,on_time
ORD-US-39859,5,on_time
ORD-US-39860,4,on_time
ORD-US-39861,4,on_time
ORD-US-39862,5,on_time
ORD-US-39863,3,delivery_issue
ORD-US-39864,5,on_time
ORD-US-39865,5,on_time
ORD-US-39866,5,on_time
ORD-US-39867,5,on_time
ORD-US-39868,3,on_time
ORD-US-39869,5,on_time
ORD-US-39870,4,on_time
ORD-US-39871,5,on_time
ORD-US-39872,4,on_time
ORD-US-39873,5,on_time
ORD-US-39874,5,on_time
ORD-US-39875,5,on_time
ORD-US-39876,5,on_time
ORD-US-39877,5,on_time
ORD-US-39878,5,on_time
ORD-US-39879,5,on_time
ORD-US-39880,5,on_time
ORD-US-39881,5,on_time
ORD-US-39882,4,on_time
ORD-US-39883,5,on_time
ORD-US-39884,5,on_time
ORD-US-39885,4,on_time
ORD-US-39886,3,on_time
ORD-US-39887,5,on_time
ORD-US-39888,4,on_time
ORD-US-39889,1,on_time
ORD-US-39890,5,on_time
ORD-US-39891,4,on_time
ORD-US-39892,5,on_time
ORD-US-39893,5,on_time
ORD-US-39894,4,on_time
ORD-US-39895,5,on_time
ORD-US-39896,4,on_time
ORD-US-39897,5,on_time
ORD-US-39898,4,on_time
ORD-US-39899,5,on_time
ORD-US-39900,5,on_time
ORD-US-39901,3,on_time
ORD-US-39902,4,on_time
ORD-US-39903,5,on_time
ORD-US-39904,3,on_time
ORD-US-39905,5,on_time
ORD-US-39906,5,on_time
ORD-US-39907,4,on_time
ORD-US-39908,5,on_time
ORD-US-39909,5,on_time
ORD-US-39910,3,on_time
ORD-US-39911,5,on_time
ORD-US-39912,5,on_time
ORD-US-39913,4,on_time
ORD-US-39914,5,on_time
ORD-US-39915,4,on_time
ORD-US-39916,3,delivery_issue
ORD-US-39917,3,on_time
ORD-US-39918,5,on_time
ORD-US-39919,2,on_time
ORD-US-39920,5,on_time
ORD-US-39921,5,on_time
ORD-US-39922,5,on_time
ORD-US-39923,5,on_time
ORD-US-39924,5,on_time
ORD-US-39925,4,on_time
ORD-US-39926,5,on_time
ORD-US-39927,2,on_time
ORD-US-39928,5,on_time
ORD-US-39929,1,on_time
ORD-US-39930,4,on_time
ORD-US-39931,5,on_time
ORD-US-39932,5,on_time
ORD-US-39933,4,on_time
ORD-US-39934,5,on_time
ORD-US-39935,4,on_time
ORD-US-39936,5,on_time
ORD-US-39937,5,on_time
ORD-US-39938,4,on_time
ORD-US-39939,4,on_time
ORD-US-39940,3,on_time
ORD-US-39941,4,on_time
ORD-US-39942,4,on_time
ORD-US-39943,4,on_time
ORD-US-39944,4,on_time
ORD-US-39945,5,on_time
ORD-US-39946,3,on_time
ORD-US-39947,5,on_time
ORD-US-39948,2,on_time
ORD-US-39949,5,on_time
ORD-US-39950,4,on_time
ORD-US-39951,4,on_time
ORD-US-39952,3,on_time
ORD-US-39953,4,on_time
ORD-US-39954,5,on_time
ORD-US-39955,5,on_time
ORD-US-39956,5,on_time
ORD-US-39957,5,on_time
ORD-US-39958,5,on_time
ORD-US-39959,4,on_time
ORD-US-39960,5,on_time
ORD-US-39961,4,on_time
ORD-US-39962,5,on_time
ORD-US-39963,4,on_time
ORD-US-39964,4,on_time
ORD-US-39965,5,on_time
ORD-US-39966,5,on_time
ORD-US-39967,5,on_time
ORD-US-39968,5,on_time
ORD-US-39969,4,on_time
ORD-US-39970,5,on_time
ORD-US-39971,4,on_time
ORD-US-39972,4,on_time
ORD-US-39973,4,on_time
ORD-US-39974,4,on_time
ORD-US-39975,4,on_time
ORD-US-39976,5,on_time
ORD-US-39977,5,on_time
ORD-US-39978,5,on_time
ORD-US-39979,5,on_time
ORD-US-39980,5,on_time
ORD-US-39981,4,on_time
ORD-US-39982,5,on_time
ORD-US-39983,5,on_time
ORD-US-39984,5,on_time
ORD-US-39985,4,on_time
ORD-US-39986,3,on_time
ORD-US-39987,4,on_time
ORD-US-39988,5,on_time
ORD-US-39989,4,on_time
ORD-US-39990,4,on_time
ORD-US-39991,5,on_time
ORD-US-39992,4,on_time
ORD-US-39993,3,on_time
ORD-US-39994,5,on_time
ORD-US-39995,5,on_time
ORD-US-39996,5,on_time
ORD-US-39997,4,on_time
ORD-US-39998,5,on_time
ORD-US-39999,4,on_time
ORD-US-40000,4,on_time
ORD-US-40001,5,on_time
ORD-US-40002,3,on_time
ORD-US-40003,5,on_time
ORD-US-40004,4,on_time
ORD-US-40005,5,on_time
ORD-US-40006,3,on_time
ORD-US-40007,5,on_time
ORD-US-40008,5,on_time
ORD-US-40009,5,on_time
ORD-US-40010,4,on_time
ORD-US-40011,4,on_time
ORD-US-40012,4,on_time
ORD-US-40013,5,on_time
ORD-US-40014,3,on_time
ORD-US-40015,5,on_time
ORD-US-40016,5,on_time
ORD-US-40017,4,on_time
ORD-US-40018,5,on_time
ORD-US-40019,1,delivery_issue
ORD-US-40020,5,on_time
ORD-US-40021,5,on_time
ORD-US-40022,2,on_time
ORD-US-40023,5,on_time
ORD-US-40024,4,on_time
ORD-US-40025,4,on_time
ORD-US-40026,5,on_time
ORD-US-40027,5,on_time
ORD-US-40028,5,on_time
ORD-US-40029,5,on_time
ORD-US-40030,4,on_time
ORD-US-40031,5,on_time
ORD-US-40032,5,on_time
ORD-US-40033,4,on_time
ORD-US-40034,3,on_time
ORD-US-40035,1,on_time
ORD-US-40036,5,on_time
ORD-US-40037,3,on_time
ORD-US-40038,4,on_time
ORD-US-40039,5,on_time
ORD-US-40040,5,on_time
ORD-US-40041,5,on_time
ORD-US-40042,3,on_time
ORD-US-40043,5,on_time
ORD-US-40044,4,on_time
ORD-US-40045,5,on_time
ORD-US-40046,4,on_time
ORD-US-40047,5,on_time
ORD-US-40048,5,on_time
ORD-US-40049,3,on_time
ORD-US-40050,5,on_time
ORD-US-40051,4,on_time
ORD-US-40052,4,on_time
ORD-US-40053,5,on_time
ORD-US-40054,5,on_time
ORD-US-40055,5,on_time
ORD-US-40056,4,on_time
ORD-US-40057,5,on_time
ORD-US-40058,5,on_time
ORD-US-40059,3,on_time
ORD-US-40060,5,on_time
ORD-US-40061,3,on_time
ORD-US-40062,2,delivery_issue
ORD-US-40063,5,on_time
ORD-US-40064,3,on_time
ORD-US-40065,2,on_time
ORD-US-40066,5,on_time
ORD-US-40067,4,on_time
ORD-US-40068,4,on_time
ORD-US-40069,4,on_time
ORD-US-40070,5,on_time
ORD-US-40071,5,on_time
ORD-US-40072,5,on_time
ORD-US-40073,5,on_time
ORD-US-40074,5,on_time
ORD-US-40075,5,on_time
ORD-US-40076,4,on_time
ORD-US-40077,4,on_time
ORD-US-40078,2,on_time
ORD-US-40079,4,on_time
ORD-US-40080,5,on_time
ORD-US-40081,3,on_time
ORD-US-40082,4,on_time
ORD-US-40083,5,on_time
ORD-US-40084,2,on_time
ORD-US-40085,5,on_time
ORD-US-40086,5,on_time
ORD-US-40087,5,on_time
ORD-US-40088,4,on_time
ORD-US-40089,4,on_time
ORD-US-40090,5,on_time
ORD-US-40091,5,on_time
ORD-US-40092,4,on_time
ORD-US-40093,4,on_time
ORD-US-40094,5,on_time
ORD-US-40095,4,on_time
ORD-US-40096,4,on_time
ORD-US-40097,5,on_time
ORD-US-40098,5,on_time
ORD-US-40099,5,on_time
ORD-US-40100,5,on_time
ORD-US-40101,5,on_time
ORD-US-40102,4,on_time
ORD-US-40103,5,on_time
ORD-US-40104,4,on_time
ORD-US-40105,5,on_time
ORD-US-40106,3,on_time
ORD-US-40107,3,on_time
ORD-US-40108,3,on_time
ORD-US-40109,4,on_time
ORD-US-40110,4,on_time
ORD-US-40111,4,on_time
ORD-US-40112,5,on_time
ORD-US-40113,5,on_time
ORD-US-40114,4,on_time
ORD-US-40115,4,on_time
ORD-US-40116,4,on_time
ORD-US-40117,5,on_time
ORD-US-40118,5,on_time
ORD-US-40119,4,on_time
ORD-US-40120,5,on_time
ORD-US-40121,4,on_time
ORD-US-40122,3,on_time
ORD-US-40123,5,on_time
ORD-US-40124,5,on_time
ORD-US-40125,2,on_time
ORD-US-40126,2,on_time
ORD-US-40127,5,on_time
ORD-US-40128,5,on_time
ORD-US-40129,5,on_time
ORD-US-40130,5,on_time
ORD-US-40131,3,on_time
ORD-US-40132,5,on_time
ORD-US-40133,2,on_time
ORD-US-40134,5,on_time
ORD-US-40135,5,on_time
ORD-US-40136,4,on_time
ORD-US-40137,5,on_time
ORD-US-40138,5,on_time
ORD-US-40139,3,on_time
ORD-US-40140,5,on_time
ORD-US-40141,5,on_time
ORD-US-40142,5,on_time
ORD-US-40143,5,on_time
ORD-US-40144,5,on_time
ORD-US-40145,4,delivery_issue
ORD-US-40146,5,on_time
ORD-US-40147,3,on_time
ORD-US-40148,4,on_time
ORD-US-40149,5,on_time
ORD-US-40150,5,on_time
ORD-US-40151,5,on_time
ORD-US-40152,4,on_time
ORD-US-40153,5,on_time
ORD-US-40154,5,on_time
ORD-US-40155,5,on_time
ORD-US-40156,4,on_time
ORD-US-40157,3,on_time
ORD-US-40158,5,on_time
ORD-US-40159,5,on_time
ORD-US-40160,4,on_time
ORD-US-40161,4,on_time
ORD-US-40162,4,on_time
ORD-US-40163,5,on_time
ORD-US-40164,3,on_time
ORD-US-40165,3,on_time
ORD-US-40166,4,on_time
ORD-US-40167,5,on_time
ORD-US-40168,4,on_time
ORD-US-40169,5,on_time
ORD-US-40170,5,on_time
ORD-US-40171,3,on_time
ORD-US-40172,5,on_time
ORD-US-40173,5,on_time
ORD-US-40174,5,on_time
ORD-US-40175,5,on_time
ORD-US-40176,5,on_time
ORD-US-40177,5,on_time
ORD-US-40178,4,on_time
ORD-US-40179,5,on_time
ORD-US-40180,5,on_time
ORD-US-40181,5,on_time
ORD-US-40182,5,on_time
ORD-US-40183,5,on_time
ORD-US-40184,5,on_time
ORD-US-40185,4,on_time
ORD-US-40186,5,on_time
ORD-US-40187,1,on_time
ORD-US-40188,5,on_time
ORD-US-40189,4,on_time
ORD-US-40190,3,delivery_issue
ORD-US-40191,4,on_time
ORD-US-40192,4,on_time
ORD-US-40193,5,on_time
ORD-US-40194,5,on_time
ORD-US-40195,5,on_time
ORD-US-40196,5,on_time
ORD-US-40197,5,on_time
ORD-US-40198,5,on_time
ORD-US-40199,5,on_time
ORD-US-40200,5,on_time
ORD-US-40201,5,on_time
ORD-US-40202,4,on_time
ORD-US-40203,4,on_time
ORD-US-40204,5,on_time
ORD-US-40205,5,on_time
ORD-US-40206,2,delivery_issue
ORD-US-40207,4,on_time
ORD-US-40208,5,on_time
ORD-US-40209,5,on_time
ORD-US-40210,4,on_time
ORD-US-40211,5,on_time
ORD-US-40212,5,on_time
ORD-US-40213,3,on_time
ORD-US-40214,3,on_time
ORD-US-40215,4,on_time
ORD-US-40216,5,on_time
ORD-US-40217,5,on_time
ORD-US-40218,5,on_time
ORD-US-40219,5,on_time
ORD-US-40220,5,on_time
ORD-US-40221,5,on_time
ORD-US-40222,4,on_time
ORD-US-40223,5,on_time
ORD-US-40224,5,on_time
ORD-US-40225,5,on_time
ORD-US-40226,5,on_time
ORD-US-40227,5,on_time
ORD-US-40228,5,on_time
ORD-US-40229,5,on_time
ORD-US-40230,5,on_time
ORD-US-40231,5,on_time
ORD-US-40232,4,on_time
ORD-US-40233,5,on_time
ORD-US-40234,4,on_time
ORD-US-40235,5,on_time
ORD-US-40236,5,on_time
ORD-US-40237,4,on_time
ORD-US-40238,5,on_time
ORD-US-40239,5,on_time
ORD-US-40240,5,on_time
ORD-US-40241,4,on_time
ORD-US-40242,4,on_time
ORD-US-40243,5,on_time
ORD-US-40244,5,on_time
ORD-US-40245,5,on_time
ORD-US-40246,4,on_time
ORD-US-40247,3,on_time
ORD-US-40248,5,on_time
ORD-US-40249,3,on_time
ORD-US-40250,5,on_time
ORD-US-40251,2,on_time
ORD-US-40252,4,on_time
ORD-US-40253,4,on_time
ORD-US-40254,5,on_time
ORD-US-40255,5,on_time
ORD-US-40256,2,on_time
ORD-US-40257,5,on_time
ORD-US-40258,5,on_time
ORD-US-40259,5,on_time
ORD-US-40260,4,on_time
ORD-US-40261,5,on_time
ORD-US-40262,4,on_time
ORD-US-40263,5,on_time
ORD-US-40264,4,on_time
ORD-US-40265,4,on_time
ORD-US-40266,5,on_time
ORD-US-40267,5,on_time
ORD-US-40268,2,on_time
ORD-US-40269,5,on_time
ORD-US-40270,4,on_time
ORD-US-40271,3,on_time
ORD-US-40272,5,on_time
ORD-US-40273,3,on_time
ORD-US-40274,4,on_time
ORD-US-40275,1,on_time
ORD-US-40276,5,on_time
ORD-US-40277,3,on_time
ORD-US-40278,5,on_time
ORD-US-40279,3,on_time
ORD-US-40280,5,on_time
ORD-US-40281,5,on_time
ORD-US-40282,3,on_time
ORD-US-40283,5,on_time
ORD-US-40284,5,on_time
ORD-US-40285,4,on_time
ORD-US-40286,2,on_time
ORD-US-40287,4,on_time
ORD-US-40288,5,on_time
ORD-US-40289,4,on_time
ORD-US-40290,1,on_time
ORD-US-40291,1,on_time
ORD-US-40292,4,on_time
ORD-US-40293,5,on_time
ORD-US-40294,4,on_time
ORD-US-40295,4,on_time
ORD-US-40296,5,on_time
ORD-US-40297,4,on_time
ORD-US-40298,4,on_time
ORD-US-40299,1,on_time
ORD-US-40300,5,on_time
ORD-US-40301,5,on_time
ORD-US-40302,3,on_time
ORD-US-40303,5,on_time
ORD-US-40304,4,on_time
ORD-US-40305,4,on_time
ORD-US-40306,5,on_time
ORD-US-40307,5,on_time
ORD-US-40308,3,on_time
ORD-US-40309,3,on_time
ORD-US-40310,3,on_time
ORD-US-40311,5,on_time
ORD-US-40312,5,on_time
ORD-US-40313,4,on_time
ORD-US-40314,5,on_time
ORD-US-40315,5,on_time
ORD-US-40316,4,on_time
ORD-US-40317,5,on_time
ORD-US-40318,5,on_time
ORD-US-40319,4,on_time
ORD-US-40320,2,on_time
ORD-US-40321,2,delivery_issue
ORD-US-40322,4,on_time
ORD-US-40323,5,on_time
ORD-US-40324,3,on_time
ORD-US-40325,5,on_time
ORD-US-40326,3,delivery_issue
ORD-US-40327,4,on_time
ORD-US-40328,2,on_time
ORD-US-40329,4,on_time
ORD-US-40330,5,on_time
ORD-US-40331,5,on_time
ORD-US-40332,3,on_time
ORD-US-40333,5,on_time
ORD-US-40334,1,on_time
ORD-US-40335,3,on_time
ORD-US-40336,4,on_time
ORD-US-40337,5,on_time
ORD-US-40338,2,delivery_issue
ORD-US-40339,2,delivery_issue
ORD-US-40340,4,on_time
ORD-US-40341,5,on_time
ORD-US-40342,4,on_time
ORD-US-40343,4,on_time
ORD-US-40344,4,on_time
ORD-US-40345,4,on_time
ORD-US-40346,5,on_time
ORD-US-40347,3,on_time
ORD-US-40348,4,on_time
ORD-US-40349,5,on_time
ORD-US-40350,3,on_time
ORD-US-40351,3,on_time
ORD-US-40352,5,on_time
ORD-US-40353,5,on_time
ORD-US-40354,4,on_time
ORD-US-40355,5,on_time
ORD-US-40356,4,on_time
ORD-US-40357,5,on_time
ORD-US-40358,4,on_time
ORD-US-40359,4,on_time
ORD-US-40360,4,on_time
ORD-US-40361,5,on_time
ORD-US-40362,5,on_time
ORD-US-40363,3,on_time
ORD-US-40364,2,on_time
ORD-US-40365,5,on_time
ORD-US-40366,3,on_time
ORD-US-40367,5,on_time
ORD-US-40368,5,on_time
ORD-US-40369,4,on_time
ORD-US-40370,4,on_time
ORD-US-40371,5,on_time
ORD-US-40372,5,on_time
ORD-US-40373,4,on_time
ORD-US-40374,4,on_time
ORD-US-40375,5,on_time
ORD-US-40376,5,on_time
ORD-US-40377,5,on_time
ORD-US-40378,4,on_time
ORD-US-40379,3,on_time
ORD-US-40380,5,on_time
ORD-US-40381,4,on_time
ORD-US-40382,5,on_time
ORD-US-40383,4,on_time
ORD-US-40384,5,on_time
ORD-US-40385,4,on_time
ORD-US-40386,1,delivery_issue
ORD-US-40387,4,on_time
ORD-US-40388,3,on_time
ORD-US-40389,4,on_time
ORD-US-40390,3,on_time
ORD-US-40391,5,on_time
ORD-US-40392,5,on_time
ORD-US-40393,4,on_time
ORD-US-40394,4,on_time
ORD-US-40395,5,on_time
ORD-US-40396,3,on_time
ORD-US-40397,5,on_time
ORD-US-40398,5,on_time
ORD-US-40399,5,on_time
ORD-US-40400,4,on_time
ORD-US-40401,4,on_time
ORD-US-40402,5,on_time
ORD-US-40403,3,on_time
ORD-US-40404,5,on_time
ORD-US-40405,4,on_time
ORD-US-40406,5,on_time
ORD-US-40407,4,on_time
ORD-US-40408,5,on_time
ORD-US-40409,5,on_time
ORD-US-40410,4,on_time
ORD-US-40411,2,on_time
ORD-US-40412,5,on_time
ORD-US-40413,5,on_time
ORD-US-40414,3,on_time
ORD-US-40415,4,on_time
ORD-US-40416,5,on_time
ORD-US-40417,5,on_time
ORD-US-40418,5,on_time
ORD-US-40419,5,on_time
ORD-US-40420,4,on_time
ORD-US-40421,5,on_time
ORD-US-40422,5,on_time
ORD-US-40423,5,on_time
ORD-US-40424,2,on_time
ORD-US-40425,1,delivery_issue
ORD-US-40426,4,on_time
ORD-US-40427,5,on_time
ORD-US-40428,5,on_time
ORD-US-40429,2,on_time
ORD-US-40430,5,on_time
ORD-US-40431,5,on_time
ORD-US-40432,4,on_time
ORD-US-40433,4,on_time
ORD-US-40434,4,on_time
ORD-US-40435,3,on_time
ORD-US-40436,5,on_time
ORD-US-40437,4,on_time
ORD-US-40438,5,on_time
ORD-US-40439,5,on_time
ORD-US-40440,4,on_time
ORD-US-40441,3,on_time
ORD-US-40442,5,on_time
ORD-US-40443,4,on_time
ORD-US-40444,5,on_time
ORD-US-40445,5,on_time
ORD-US-40446,5,on_time
ORD-US-40447,4,on_time
ORD-US-40448,4,on_time
ORD-US-40449,4,on_time
ORD-US-40450,5,on_time
ORD-US-40451,5,on_time
ORD-US-40452,4,on_time
ORD-US-40453,5,on_time
ORD-US-40454,4,on_time
ORD-US-40455,5,on_time
ORD-US-40456,1,on_time
ORD-US-40457,4,on_time
ORD-US-40458,3,on_time
ORD-US-40459,5,on_time
ORD-US-40460,4,on_time
ORD-US-40461,5,on_time
ORD-US-40462,5,on_time
ORD-US-40463,3,on_time
ORD-US-40464,4,on_time
ORD-US-40465,4,on_time
ORD-US-40466,5,on_time
ORD-US-40467,4,on_time
ORD-US-40468,5,on_time
ORD-US-40469,4,on_time
ORD-US-40470,1,on_time
ORD-US-40471,5,on_time
ORD-US-40472,4,on_time
ORD-US-40473,5,on_time
ORD-US-40474,2,on_time
ORD-US-40475,4,on_time
ORD-US-40476,5,on_time
ORD-US-40477,5,on_time
ORD-US-40478,4,on_time
ORD-US-40479,5,on_time
ORD-US-40480,3,on_time
ORD-US-40481,5,on_time
ORD-US-40482,3,on_time
ORD-US-40483,3,on_time
ORD-US-40484,4,on_time
ORD-US-40485,5,on_time
ORD-US-40486,4,on_time
ORD-US-40487,5,on_time
ORD-US-40488,5,on_time
ORD-US-40489,1,on_time
ORD-US-40490,4,on_time
ORD-US-40491,5,on_time
ORD-US-40492,4,on_time
ORD-US-40493,5,on_time
ORD-US-40494,4,on_time
ORD-US-40495,4,on_time
ORD-US-40496,4,on_time
ORD-US-40497,5,on_time
ORD-US-40498,3,on_time
ORD-US-40499,3,on_time
ORD-US-40500,4,on_time
ORD-US-40501,3,on_time
ORD-US-40502,5,on_time
ORD-US-40503,5,on_time
ORD-US-40504,3,on_time
ORD-US-40505,5,on_time
ORD-US-40506,2,on_time
ORD-US-40507,4,on_time
ORD-US-40508,3,on_time
ORD-US-40509,5,on_time
ORD-US-40510,2,on_time
ORD-US-40511,4,on_time
ORD-US-40512,5,on_time
ORD-US-40513,5,on_time
ORD-US-40514,3,delivery_issue
ORD-US-40515,3,on_time
ORD-US-40516,2,on_time
ORD-US-40517,5,on_time
ORD-US-40518,2,on_time
ORD-US-40519,5,on_time
ORD-US-40520,4,on_time
ORD-US-40521,4,on_time
ORD-US-40522,5,on_time
ORD-US-40523,5,on_time
ORD-US-40524,4,on_time
ORD-US-40525,3,on_time
ORD-US-40526,4,on_time
ORD-US-40527,5,on_time
ORD-US-40528,5,on_time
ORD-US-40529,3,on_time
ORD-US-40530,5,on_time
ORD-US-40531,2,delivery_issue
ORD-US-40532,5,on_time
ORD-US-40533,3,on_time
ORD-US-40534,4,on_time
ORD-US-40535,5,on_time
ORD-US-40536,2,delivery_issue
ORD-US-40537,5,on_time
ORD-US-40538,4,on_time
ORD-US-40539,2,on_time
ORD-US-40540,4,on_time
ORD-US-40541,3,on_time
ORD-US-40542,4,on_time
ORD-US-40543,4,on_time
ORD-US-40544,5,on_time
ORD-US-40545,4,on_time
ORD-US-40546,2,on_time
ORD-US-40547,4,on_time
ORD-US-40548,2,on_time
ORD-US-40549,5,on_time
ORD-US-40550,4,on_time
ORD-US-40551,2,on_time
ORD-US-40552,4,on_time
ORD-US-40553,5,on_time
ORD-US-40554,4,on_time
ORD-US-40555,5,on_time
ORD-US-40556,5,on_time
ORD-US-40557,5,on_time
ORD-US-40558,5,on_time
ORD-US-40559,5,on_time
ORD-US-40560,5,on_time
ORD-US-40561,2,on_time
ORD-US-40562,5,on_time
ORD-US-40563,3,on_time
ORD-US-40564,4,on_time
ORD-US-40565,5,on_time
ORD-US-40566,4,on_time
ORD-US-40567,3,on_time
ORD-US-40568,5,on_time
ORD-US-40569,5,on_time
ORD-US-40570,5,on_time
ORD-US-40571,5,on_time
ORD-US-40572,4,on_time
ORD-US-40573,5,on_time
ORD-US-40574,5,on_time
ORD-US-40575,4,on_time
ORD-US-40576,5,on_time
ORD-US-40577,5,on_time
ORD-US-40578,5,on_time
ORD-US-40579,3,on_time
ORD-US-40580,4,on_time
ORD-US-40581,5,on_time
ORD-US-40582,4,on_time
ORD-US-40583,5,on_time
ORD-US-40584,2,on_time
ORD-US-40585,5,on_time
ORD-US-40586,5,on_time
ORD-US-40587,4,on_time
ORD-US-40588,4,on_time
ORD-US-40589,4,on_time
ORD-US-40590,5,on_time
ORD-US-40591,3,on_time
ORD-US-40592,5,on_time
ORD-US-40593,4,on_time
ORD-US-40594,1,on_time
ORD-US-40595,5,on_time
ORD-US-40596,4,delivery_issue
ORD-US-40597,5,on_time
ORD-US-40598,5,on_time
ORD-US-40599,4,on_time
ORD-US-40600,3,on_time
ORD-US-40601,4,on_time
ORD-US-40602,3,on_time
ORD-US-40603,5,on_time
ORD-US-40604,4,on_time
ORD-US-40605,5,on_time
ORD-US-40606,5,on_time
ORD-US-40607,2,on_time
ORD-US-40608,5,on_time
ORD-US-40609,5,on_time
ORD-US-40610,5,on_time
ORD-US-40611,3,on_time
ORD-US-40612,5,on_time
ORD-US-40613,4,on_time
ORD-US-40614,5,on_time
ORD-US-40615,5,on_time
ORD-US-40616,5,on_time
ORD-US-40617,5,on_time
ORD-US-40618,4,on_time
ORD-US-40619,5,on_time
ORD-US-40620,5,on_time
ORD-US-40621,5,on_time
ORD-US-40622,4,on_time
ORD-US-40623,5,on_time
ORD-US-40624,1,on_time
ORD-US-40625,5,on_time
ORD-US-40626,4,on_time
ORD-US-40627,4,on_time
ORD-US-40628,5,on_time
ORD-US-40629,5,on_time
ORD-US-40630,5,on_time
ORD-US-40631,5,on_time
ORD-US-40632,5,on_time
ORD-US-40633,5,on_time
ORD-US-40634,5,on_time
ORD-US-40635,3,on_time
ORD-US-40636,5,on_time
ORD-US-40637,5,on_time
ORD-US-40638,5,on_time
ORD-US-40639,4,on_time
ORD-US-40640,4,on_time
ORD-US-40641,2,delivery_issue
ORD-US-40642,5,on_time
ORD-US-40643,5,on_time
ORD-US-40644,4,on_time
ORD-US-40645,4,on_time
ORD-US-40646,5,on_time
ORD-US-40647,3,on_time
ORD-US-40648,5,on_time
ORD-US-40649,3,on_time
ORD-US-40650,5,on_time
ORD-US-40651,5,on_time
ORD-US-40652,2,on_time
ORD-US-40653,5,on_time
ORD-US-40654,4,on_time
ORD-US-40655,4,on_time
ORD-US-40656,4,on_time
ORD-US-40657,5,on_time
ORD-US-40658,4,on_time
ORD-US-40659,4,on_time
ORD-US-40660,5,on_time
ORD-US-40661,4,on_time
ORD-US-40662,5,on_time
ORD-US-40663,5,on_time
ORD-US-40664,3,on_time
ORD-US-40665,3,on_time
ORD-US-40666,5,on_time
ORD-US-40667,5,on_time
ORD-US-40668,5,on_time
ORD-US-40669,3,on_time
ORD-US-40670,5,on_time
ORD-US-40671,4,on_time
ORD-US-40672,5,on_time
ORD-US-40673,5,on_time
ORD-US-40674,4,on_time
ORD-US-40675,2,on_time
ORD-US-40676,4,on_time
ORD-US-40677,5,on_time
ORD-US-40678,3,on_time
ORD-US-40679,5,on_time
ORD-US-40680,1,on_time
ORD-US-40681,5,on_time
ORD-US-40682,5,on_time
ORD-US-40683,5,on_time
ORD-US-40684,4,on_time
ORD-US-40685,5,on_time
ORD-US-40686,4,on_time
ORD-US-40687,5,on_time
ORD-US-40688,5,on_time
ORD-US-40689,4,on_time
ORD-US-40690,5,on_time
ORD-US-40691,3,on_time
ORD-US-40692,5,on_time
ORD-US-40693,4,on_time
ORD-US-40694,5,on_time
ORD-US-40695,5,on_time
ORD-US-40696,4,on_time
ORD-US-40697,3,on_time
ORD-US-40698,4,on_time
ORD-US-40699,3,on_time
ORD-US-40700,4,on_time
ORD-US-40701,3,on_time
ORD-US-40702,1,on_time
ORD-US-40703,3,on_time
ORD-US-40704,5,on_time
ORD-US-40705,4,on_time
ORD-US-40706,5,on_time
ORD-US-40707,3,on_time
ORD-US-40708,1,on_time
ORD-US-40709,4,on_time
ORD-US-40710,5,on_time
ORD-US-40711,3,on_time
ORD-US-40712,5,on_time
ORD-US-40713,5,on_time
ORD-US-40714,2,on_time
ORD-US-40715,5,on_time
ORD-US-40716,5,on_time
ORD-US-40717,4,on_time
ORD-US-40718,1,on_time
ORD-US-40719,5,on_time
ORD-US-40720,2,on_time
ORD-US-40721,5,on_time
ORD-US-40722,4,on_time
ORD-US-40723,5,on_time
ORD-US-40724,5,on_time
ORD-US-40725,3,on_time
ORD-US-40726,4,on_time
ORD-US-40727,3,on_time
ORD-US-40728,3,on_time
ORD-US-40729,4,on_time
ORD-US-40730,4,on_time
ORD-US-40731,5,on_time
ORD-US-40732,5,on_time
ORD-US-40733,4,on_time
ORD-US-40734,5,on_time
ORD-US-40735,2,on_time
ORD-US-40736,3,on_time
ORD-US-40737,5,on_time
ORD-US-40738,4,on_time
ORD-US-40739,4,on_time
ORD-US-40740,5,on_time
ORD-US-40741,5,delivery_issue
ORD-US-40742,5,on_time
ORD-US-40743,5,on_time
ORD-US-40744,1,on_time
ORD-US-40745,5,on_time
ORD-US-40746,2,on_time
ORD-US-40747,5,on_time
ORD-US-40748,2,on_time
ORD-US-40749,5,on_time
ORD-US-40750,4,on_time
ORD-US-40751,5,on_time
ORD-US-40752,5,on_time
ORD-US-40753,5,on_time
ORD-US-40754,4,on_time
ORD-US-40755,5,on_time
ORD-US-40756,4,on_time
ORD-US-40757,5,on_time
ORD-US-40758,4,on_time
ORD-US-40759,5,on_time
ORD-US-40760,5,on_time
ORD-US-40761,4,on_time
ORD-US-40762,4,on_time
ORD-US-40763,5,on_time
ORD-US-40764,4,on_time
ORD-US-40765,5,on_time
ORD-US-40766,2,on_time
ORD-US-40767,5,on_time
ORD-US-40768,5,on_time
ORD-US-40769,3,on_time
ORD-US-40770,5,on_time
ORD-US-40771,2,on_time
ORD-US-40772,2,on_time
ORD-US-40773,5,on_time
ORD-US-40774,5,on_time
ORD-US-40775,4,on_time
ORD-US-40776,5,on_time
ORD-US-40777,4,on_time
ORD-US-40778,5,on_time
ORD-US-40779,1,on_time
ORD-US-40780,2,on_time
ORD-US-40781,4,on_time
ORD-US-40782,5,on_time
ORD-US-40783,5,on_time
ORD-US-40784,5,on_time
ORD-US-40785,5,on_time
ORD-US-40786,4,on_time
ORD-US-40787,5,on_time
ORD-US-40788,3,on_time
ORD-US-40789,4,on_time
ORD-US-40790,4,on_time
ORD-US-40791,5,on_time
ORD-US-40792,5,on_time
ORD-US-40793,5,on_time
ORD-US-40794,3,on_time
ORD-US-40795,3,on_time
ORD-US-40796,5,on_time
ORD-US-40797,5,on_time
ORD-US-40798,4,delivery_issue
ORD-US-40799,5,on_time
ORD-US-40800,4,on_time
ORD-US-40801,5,on_time
ORD-US-40802,5,on_time
ORD-US-40803,3,on_time
ORD-US-40804,4,on_time
ORD-US-40805,5,on_time
ORD-US-40806,5,on_time
ORD-US-40807,5,on_time
ORD-US-40808,5,on_time
ORD-US-40809,4,on_time
ORD-US-40810,5,on_time
ORD-US-40811,4,on_time
ORD-US-40812,4,on_time
ORD-US-40813,1,on_time
ORD-US-40814,5,on_time
ORD-US-40815,2,on_time
ORD-US-40816,5,on_time
ORD-US-40817,2,on_time
ORD-US-40818,5,on_time
ORD-US-40819,5,on_time
ORD-US-40820,5,on_time
ORD-US-40821,5,on_time
ORD-US-40822,5,on_time
ORD-US-40823,5,on_time
ORD-US-40824,4,on_time
ORD-US-40825,5,on_time
ORD-US-40826,4,on_time
ORD-US-40827,5,on_time
ORD-US-40828,5,on_time
ORD-US-40829,5,on_time
ORD-US-40830,5,on_time
ORD-US-40831,4,on_time
ORD-US-40832,1,on_time
ORD-US-40833,5,on_time
ORD-US-40834,5,on_time
ORD-US-40835,4,on_time
ORD-US-40836,4,on_time
ORD-US-40837,5,on_time
ORD-US-40838,5,on_time
ORD-US-40839,1,on_time
ORD-US-40840,4,on_time
ORD-US-40841,5,on_time
ORD-US-40842,5,on_time
ORD-US-40843,5,on_time
ORD-US-40844,5,on_time
ORD-US-40845,5,on_time
ORD-US-40846,5,on_time
ORD-US-40847,2,on_time
ORD-US-40848,5,on_time
ORD-US-40849,5,on_time
ORD-US-40850,5,on_time
ORD-US-40851,5,on_time
ORD-US-40852,5,on_time
ORD-US-40853,5,on_time
ORD-US-40854,3,delivery_issue
ORD-US-40855,4,on_time
ORD-US-40856,5,on_time
ORD-US-40857,4,on_time
ORD-US-40858,5,on_time
ORD-US-40859,2,on_time
ORD-US-40860,3,on_time
ORD-US-40861,3,on_time
ORD-US-40862,4,on_time
ORD-US-40863,1,on_time
ORD-US-40864,5,on_time
ORD-US-40865,2,on_time
ORD-US-40866,5,on_time
ORD-US-40867,5,on_time
ORD-US-40868,5,on_time
ORD-US-40869,5,on_time
ORD-US-40870,4,on_time
ORD-US-40871,3,on_time
ORD-US-40872,5,on_time
ORD-US-40873,4,on_time
ORD-US-40874,4,on_time
ORD-US-40875,3,on_time
ORD-US-40876,5,on_time
ORD-US-40877,4,on_time
ORD-US-40878,5,on_time
ORD-US-40879,3,on_time
ORD-US-40880,4,on_time
ORD-US-40881,5,on_time
ORD-US-40882,2,on_time
ORD-US-40883,5,on_time
ORD-US-40884,5,on_time
ORD-US-40885,4,on_time
ORD-US-40886,4,on_time
ORD-US-40887,5,on_time
ORD-US-40888,5,on_time
ORD-US-40889,4,on_time
ORD-US-40890,2,on_time
ORD-US-40891,5,on_time
ORD-US-40892,4,on_time
ORD-US-40893,3,on_time
ORD-US-40894,5,on_time
ORD-US-40895,4,on_time
ORD-US-40896,5,on_time
ORD-US-40897,5,on_time
ORD-US-40898,4,on_time
ORD-US-40899,2,on_time
ORD-US-40900,5,on_time
ORD-US-40901,4,on_time
ORD-US-40902,3,on_time
ORD-US-40903,4,on_time
ORD-US-40904,4,on_time
ORD-US-40905,4,on_time
ORD-US-40906,1,delivery_issue
ORD-US-40907,5,on_time
ORD-US-40908,5,on_time
ORD-US-40909,5,on_time
ORD-US-40910,5,on_time
ORD-US-40911,5,on_time
ORD-US-40912,4,on_time
ORD-US-40913,3,delivery_issue
ORD-US-40914,4,on_time
ORD-US-40915,4,on_time
ORD-US-40916,5,on_time
ORD-US-40917,5,on_time
ORD-US-40918,4,on_time
ORD-US-40919,5,on_time
ORD-US-40920,4,on_time
ORD-US-40921,5,on_time
ORD-US-40922,2,on_time
ORD-US-40923,2,on_time
ORD-US-40924,4,on_time
ORD-US-40925,1,on_time
ORD-US-40926,5,on_time
ORD-US-40927,4,on_time
ORD-US-40928,5,on_time
ORD-US-40929,5,on_time
ORD-US-40930,3,on_time
ORD-US-40931,5,on_time
ORD-US-40932,5,on_time
ORD-US-40933,4,on_time
ORD-US-40934,5,on_time
ORD-US-40935,4,on_time
ORD-US-40936,4,on_time
ORD-US-40937,4,on_time
ORD-US-40938,5,on_time
ORD-US-40939,2,on_time
ORD-US-40940,3,on_time
ORD-US-40941,4,on_time
ORD-US-40942,4,on_time
ORD-US-40943,2,on_time
ORD-US-40944,5,on_time
ORD-US-40945,5,on_time
ORD-US-40946,5,on_time
ORD-US-40947,5,on_time
ORD-US-40948,4,on_time
ORD-US-40949,5,on_time
ORD-US-40950,4,on_time
ORD-US-40951,4,on_time
ORD-US-40952,5,delivery_issue
ORD-US-40953,4,on_time
ORD-US-40954,5,on_time
ORD-US-40955,3,on_time
ORD-US-40956,5,on_time
