snapshot_date,drone_id,home_site,battery_capacity_pct,battery_cycle_count,cell_voltage_spread_mv,motor_vibration_mm_s,tether_descent_baseline_sec,maintenance_status
2025-04-01,ZIP-US-001,Northside_Fulfillment,95.6,133,13.7,0.95,35.3,operational
2025-04-01,ZIP-US-002,Northside_Fulfillment,95.6,136,27.7,1.27,36.9,operational
2025-04-01,ZIP-US-003,Northside_Fulfillment,96.2,139,25.8,0.95,37.5,operational
2025-04-01,ZIP-US-004,Northside_Fulfillment,96.1,142,17.1,0.88,36.2,operational
2025-04-01,ZIP-US-005,Northside_Fulfillment,96.4,145,27.3,1.19,36.9,operational
2025-04-01,ZIP-US-006,Northside_Fulfillment,96.4,148,21.2,1.08,36.0,operational
2025-04-01,ZIP-US-007,Northside_Fulfillment,96.3,151,14.0,0.75,36.5,operational
2025-04-01,ZIP-US-008,Northside_Fulfillment,95.8,154,15.2,0.81,35.4,operational
2025-04-01,ZIP-US-009,Central_Fulfillment,96.3,157,22.7,0.91,37.2,operational
2025-04-01,ZIP-US-010,Central_Fulfillment,96.3,160,18.3,1.03,35.5,operational
2025-04-01,ZIP-US-011,Central_Fulfillment,96.7,163,23.8,0.99,35.9,operational
2025-04-01,ZIP-US-012,Central_Fulfillment,95.9,166,17.8,0.92,38.8,operational
2025-04-01,ZIP-US-013,Central_Fulfillment,96.1,169,14.1,0.93,36.8,operational
2025-04-01,ZIP-US-014,Central_Fulfillment,96.2,172,24.7,0.73,36.0,operational
2025-04-01,ZIP-US-015,Central_Fulfillment,95.5,175,12.0,1.11,36.1,operational
2025-04-01,ZIP-US-016,Central_Fulfillment,95.8,178,18.6,0.72,38.3,operational
2025-04-01,ZIP-US-017,Eastside_Fulfillment,96.7,181,21.4,1.09,36.2,operational
2025-04-01,ZIP-US-018,Eastside_Fulfillment,96.6,184,18.5,0.97,37.3,operational
2025-04-01,ZIP-US-019,Eastside_Fulfillment,95.8,187,29.0,0.99,38.2,operational
2025-04-01,ZIP-US-020,Eastside_Fulfillment,96.2,190,18.9,0.96,36.1,operational
2025-04-01,ZIP-US-021,Eastside_Fulfillment,95.6,193,18.5,0.97,38.0,operational
2025-04-01,ZIP-US-022,Eastside_Fulfillment,95.9,196,23.6,1.12,37.0,operational
2025-04-01,ZIP-US-023,Eastside_Fulfillment,95.7,199,18.2,1.02,36.8,operational
2025-04-01,ZIP-US-024,Eastside_Fulfillment,96.5,202,22.1,0.84,37.8,operational
2025-04-02,ZIP-US-001,Northside_Fulfillment,96.1,134,20.6,1.02,37.5,operational
2025-04-02,ZIP-US-002,Northside_Fulfillment,95.7,137,22.5,1.05,36.9,operational
2025-04-02,ZIP-US-003,Northside_Fulfillment,95.8,140,11.7,0.92,36.8,operational
2025-04-02,ZIP-US-004,Northside_Fulfillment,96.0,143,28.8,0.9,39.0,operational
2025-04-02,ZIP-US-005,Northside_Fulfillment,95.0,146,17.8,1.04,36.8,operational
2025-04-02,ZIP-US-006,Northside_Fulfillment,95.7,149,29.6,0.91,37.6,operational
2025-04-02,ZIP-US-007,Northside_Fulfillment,96.2,152,26.4,1.09,38.1,operational
2025-04-02,ZIP-US-008,Northside_Fulfillment,96.0,155,17.6,0.94,36.6,operational
2025-04-02,ZIP-US-009,Central_Fulfillment,95.6,158,12.0,1.0,37.1,operational
2025-04-02,ZIP-US-010,Central_Fulfillment,96.2,161,26.6,1.21,37.5,operational
2025-04-02,ZIP-US-011,Central_Fulfillment,96.2,164,8.6,0.84,36.4,operational
2025-04-02,ZIP-US-012,Central_Fulfillment,95.8,167,22.7,1.2,37.0,operational
2025-04-02,ZIP-US-013,Central_Fulfillment,96.2,170,21.9,0.81,37.4,operational
2025-04-02,ZIP-US-014,Central_Fulfillment,96.4,173,20.8,1.15,36.4,operational
2025-04-02,ZIP-US-015,Central_Fulfillment,95.7,176,21.1,1.04,37.1,operational
2025-04-02,ZIP-US-016,Central_Fulfillment,95.9,179,19.7,1.17,38.6,operational
2025-04-02,ZIP-US-017,Eastside_Fulfillment,96.1,182,18.3,0.86,37.2,operational
2025-04-02,ZIP-US-018,Eastside_Fulfillment,96.4,185,24.7,0.91,38.0,operational
2025-04-02,ZIP-US-019,Eastside_Fulfillment,95.9,188,17.9,1.27,36.7,operational
2025-04-02,ZIP-US-020,Eastside_Fulfillment,95.3,191,20.2,1.06,37.8,operational
2025-04-02,ZIP-US-021,Eastside_Fulfillment,95.9,194,23.6,0.92,36.2,operational
2025-04-02,ZIP-US-022,Eastside_Fulfillment,95.4,197,21.3,0.91,37.0,operational
2025-04-02,ZIP-US-023,Eastside_Fulfillment,96.2,200,21.0,1.06,36.5,operational
2025-04-02,ZIP-US-024,Eastside_Fulfillment,95.8,203,19.2,1.3,35.3,operational
2025-04-03,ZIP-US-001,Northside_Fulfillment,95.6,136,22.9,0.9,37.1,operational
2025-04-03,ZIP-US-002,Northside_Fulfillment,96.6,139,19.6,1.07,36.5,operational
2025-04-03,ZIP-US-003,Northside_Fulfillment,95.9,142,28.2,0.9,36.0,operational
2025-04-03,ZIP-US-004,Northside_Fulfillment,96.0,145,20.7,0.89,38.3,operational
2025-04-03,ZIP-US-005,Northside_Fulfillment,96.3,148,23.9,0.88,38.2,operational
2025-04-03,ZIP-US-006,Northside_Fulfillment,96.2,151,21.2,0.66,36.5,operational
2025-04-03,ZIP-US-007,Northside_Fulfillment,95.6,154,17.1,0.86,37.9,operational
2025-04-03,ZIP-US-008,Northside_Fulfillment,96.0,157,23.4,1.05,38.9,operational
2025-04-03,ZIP-US-009,Central_Fulfillment,95.8,160,20.2,1.25,35.7,operational
2025-04-03,ZIP-US-010,Central_Fulfillment,96.1,163,24.4,0.81,37.7,operational
2025-04-03,ZIP-US-011,Central_Fulfillment,95.7,166,20.2,0.92,38.2,operational
2025-04-03,ZIP-US-012,Central_Fulfillment,95.7,169,15.5,1.06,34.7,operational
2025-04-03,ZIP-US-013,Central_Fulfillment,95.8,172,14.2,1.09,37.3,operational
2025-04-03,ZIP-US-014,Central_Fulfillment,95.7,175,21.8,0.99,36.9,operational
2025-04-03,ZIP-US-015,Central_Fulfillment,95.2,178,11.2,0.79,37.4,operational
2025-04-03,ZIP-US-016,Central_Fulfillment,95.7,181,18.6,0.94,36.8,operational
2025-04-03,ZIP-US-017,Eastside_Fulfillment,95.8,184,15.7,0.97,35.9,operational
2025-04-03,ZIP-US-018,Eastside_Fulfillment,96.0,187,14.6,0.77,35.6,operational
2025-04-03,ZIP-US-019,Eastside_Fulfillment,95.6,190,23.0,0.97,37.6,operational
2025-04-03,ZIP-US-020,Eastside_Fulfillment,95.5,193,28.5,0.81,36.7,operational
2025-04-03,ZIP-US-021,Eastside_Fulfillment,95.3,196,21.8,1.08,36.4,operational
2025-04-03,ZIP-US-022,Eastside_Fulfillment,95.9,199,22.1,1.11,36.2,operational
2025-04-03,ZIP-US-023,Eastside_Fulfillment,95.4,202,24.7,1.14,37.3,operational
2025-04-03,ZIP-US-024,Eastside_Fulfillment,95.8,205,13.9,0.92,38.1,operational
2025-04-04,ZIP-US-001,Northside_Fulfillment,95.7,137,14.4,0.84,36.6,operational
2025-04-04,ZIP-US-002,Northside_Fulfillment,96.0,140,18.4,0.95,36.9,operational
2025-04-04,ZIP-US-003,Northside_Fulfillment,95.7,143,18.8,1.17,38.0,operational
2025-04-04,ZIP-US-004,Northside_Fulfillment,95.7,146,22.4,0.87,37.8,operational
2025-04-04,ZIP-US-005,Northside_Fulfillment,96.3,149,27.8,1.18,37.6,operational
2025-04-04,ZIP-US-006,Northside_Fulfillment,95.9,152,21.4,1.05,37.9,operational
2025-04-04,ZIP-US-007,Northside_Fulfillment,95.1,155,24.9,0.98,36.0,operational
2025-04-04,ZIP-US-008,Northside_Fulfillment,95.8,158,23.4,1.04,37.2,operational
2025-04-04,ZIP-US-009,Central_Fulfillment,96.3,161,21.2,0.86,37.8,operational
2025-04-04,ZIP-US-010,Central_Fulfillment,96.0,164,19.3,0.97,37.5,operational
2025-04-04,ZIP-US-011,Central_Fulfillment,96.5,167,21.7,1.0,36.4,operational
2025-04-04,ZIP-US-012,Central_Fulfillment,96.5,170,19.1,1.05,38.9,operational
2025-04-04,ZIP-US-013,Central_Fulfillment,95.7,173,22.9,0.86,35.4,operational
2025-04-04,ZIP-US-014,Central_Fulfillment,96.3,176,18.5,0.88,38.4,operational
2025-04-04,ZIP-US-015,Central_Fulfillment,95.7,179,16.4,1.06,39.7,operational
2025-04-04,ZIP-US-016,Central_Fulfillment,96.3,182,21.8,1.1,36.0,operational
2025-04-04,ZIP-US-017,Eastside_Fulfillment,96.3,185,17.8,1.1,35.8,operational
2025-04-04,ZIP-US-018,Eastside_Fulfillment,95.6,188,24.2,0.93,38.5,operational
2025-04-04,ZIP-US-019,Eastside_Fulfillment,95.6,191,14.9,0.76,38.3,operational
2025-04-04,ZIP-US-020,Eastside_Fulfillment,96.1,194,20.3,0.78,35.7,operational
2025-04-04,ZIP-US-021,Eastside_Fulfillment,95.9,197,21.2,1.17,36.9,operational
2025-04-04,ZIP-US-022,Eastside_Fulfillment,96.1,200,13.4,0.91,37.2,operational
2025-04-04,ZIP-US-023,Eastside_Fulfillment,96.1,203,21.2,0.92,36.0,operational
2025-04-04,ZIP-US-024,Eastside_Fulfillment,96.3,206,23.8,1.12,37.3,operational
2025-04-05,ZIP-US-001,Northside_Fulfillment,95.6,139,18.4,0.9,37.3,operational
2025-04-05,ZIP-US-002,Northside_Fulfillment,95.1,142,17.0,0.9,36.9,operational
2025-04-05,ZIP-US-003,Northside_Fulfillment,96.4,145,21.5,1.16,37.0,operational
2025-04-05,ZIP-US-004,Northside_Fulfillment,95.9,148,30.0,1.03,37.5,operational
2025-04-05,ZIP-US-005,Northside_Fulfillment,95.7,151,21.8,1.05,38.3,operational
2025-04-05,ZIP-US-006,Northside_Fulfillment,95.8,154,19.9,1.07,38.5,operational
2025-04-05,ZIP-US-007,Northside_Fulfillment,96.9,157,21.6,1.33,38.6,operational
2025-04-05,ZIP-US-008,Northside_Fulfillment,95.9,160,20.8,1.11,37.2,operational
2025-04-05,ZIP-US-009,Central_Fulfillment,95.3,163,15.1,0.79,36.0,operational
2025-04-05,ZIP-US-010,Central_Fulfillment,96.1,166,24.3,1.14,36.7,operational
2025-04-05,ZIP-US-011,Central_Fulfillment,95.6,169,22.1,0.94,36.8,operational
2025-04-05,ZIP-US-012,Central_Fulfillment,95.9,172,14.4,0.9,37.7,operational
2025-04-05,ZIP-US-013,Central_Fulfillment,95.4,175,23.5,1.22,36.9,operational
2025-04-05,ZIP-US-014,Central_Fulfillment,95.0,178,18.0,0.97,36.8,operational
2025-04-05,ZIP-US-015,Central_Fulfillment,95.6,181,18.4,1.18,37.6,operational
2025-04-05,ZIP-US-016,Central_Fulfillment,95.4,184,17.4,1.1,37.9,operational
2025-04-05,ZIP-US-017,Eastside_Fulfillment,96.2,187,19.9,0.81,36.7,operational
2025-04-05,ZIP-US-018,Eastside_Fulfillment,95.5,190,14.1,0.91,37.3,operational
2025-04-05,ZIP-US-019,Eastside_Fulfillment,96.2,193,19.1,1.15,37.6,operational
2025-04-05,ZIP-US-020,Eastside_Fulfillment,94.6,196,19.5,1.02,35.8,operational
2025-04-05,ZIP-US-021,Eastside_Fulfillment,96.4,199,21.4,0.78,37.2,operational
2025-04-05,ZIP-US-022,Eastside_Fulfillment,95.7,202,28.3,0.93,35.9,operational
2025-04-05,ZIP-US-023,Eastside_Fulfillment,95.4,205,13.7,0.91,37.5,operational
2025-04-05,ZIP-US-024,Eastside_Fulfillment,96.3,208,18.0,1.27,36.3,operational
2025-04-06,ZIP-US-001,Northside_Fulfillment,95.2,140,23.8,1.15,38.1,operational
2025-04-06,ZIP-US-002,Northside_Fulfillment,96.0,143,20.8,1.1,38.5,operational
2025-04-06,ZIP-US-003,Northside_Fulfillment,95.9,146,23.0,0.79,36.8,operational
2025-04-06,ZIP-US-004,Northside_Fulfillment,96.1,149,16.5,0.9,37.1,operational
2025-04-06,ZIP-US-005,Northside_Fulfillment,96.5,152,20.3,1.3,36.3,operational
2025-04-06,ZIP-US-006,Northside_Fulfillment,96.5,155,21.6,1.09,37.5,operational
2025-04-06,ZIP-US-007,Northside_Fulfillment,95.7,158,24.9,1.04,34.6,operational
2025-04-06,ZIP-US-008,Northside_Fulfillment,96.3,161,16.7,0.94,37.0,operational
2025-04-06,ZIP-US-009,Central_Fulfillment,95.3,164,27.1,1.34,37.6,operational
2025-04-06,ZIP-US-010,Central_Fulfillment,95.6,167,17.7,0.94,36.4,operational
2025-04-06,ZIP-US-011,Central_Fulfillment,95.8,170,22.3,0.88,37.9,operational
2025-04-06,ZIP-US-012,Central_Fulfillment,95.8,173,24.7,0.89,36.2,operational
2025-04-06,ZIP-US-013,Central_Fulfillment,95.8,176,22.8,0.82,37.0,operational
2025-04-06,ZIP-US-014,Central_Fulfillment,95.6,179,23.8,0.9,38.2,operational
2025-04-06,ZIP-US-015,Central_Fulfillment,95.3,182,27.0,0.78,36.7,operational
2025-04-06,ZIP-US-016,Central_Fulfillment,95.6,185,24.4,0.95,37.4,operational
2025-04-06,ZIP-US-017,Eastside_Fulfillment,95.9,188,26.1,0.75,35.9,operational
2025-04-06,ZIP-US-018,Eastside_Fulfillment,96.0,191,14.5,0.82,37.8,operational
2025-04-06,ZIP-US-019,Eastside_Fulfillment,96.0,194,24.7,1.05,37.0,operational
2025-04-06,ZIP-US-020,Eastside_Fulfillment,96.4,197,12.0,0.82,34.9,operational
2025-04-06,ZIP-US-021,Eastside_Fulfillment,96.3,200,28.2,0.75,36.0,operational
2025-04-06,ZIP-US-022,Eastside_Fulfillment,95.0,203,18.6,0.82,37.9,operational
2025-04-06,ZIP-US-023,Eastside_Fulfillment,96.0,206,18.2,0.77,36.3,operational
2025-04-06,ZIP-US-024,Eastside_Fulfillment,96.3,209,24.7,0.89,37.2,operational
2025-04-07,ZIP-US-001,Northside_Fulfillment,96.2,142,16.8,1.0,37.3,operational
2025-04-07,ZIP-US-002,Northside_Fulfillment,95.6,145,16.1,1.04,36.4,operational
2025-04-07,ZIP-US-003,Northside_Fulfillment,95.8,148,23.4,0.8,36.2,operational
2025-04-07,ZIP-US-004,Northside_Fulfillment,95.6,151,19.3,0.54,38.0,operational
2025-04-07,ZIP-US-005,Northside_Fulfillment,95.7,154,23.1,0.67,36.2,operational
2025-04-07,ZIP-US-006,Northside_Fulfillment,95.4,157,22.3,1.16,37.3,operational
2025-04-07,ZIP-US-007,Northside_Fulfillment,96.3,160,16.5,0.99,36.5,operational
2025-04-07,ZIP-US-008,Northside_Fulfillment,96.0,163,21.2,0.91,37.7,operational
2025-04-07,ZIP-US-009,Central_Fulfillment,95.4,166,14.0,0.77,37.3,operational
2025-04-07,ZIP-US-010,Central_Fulfillment,95.8,169,21.4,1.2,36.7,operational
2025-04-07,ZIP-US-011,Central_Fulfillment,96.1,172,17.3,0.92,38.7,operational
2025-04-07,ZIP-US-012,Central_Fulfillment,95.8,175,17.5,0.98,37.4,operational
2025-04-07,ZIP-US-013,Central_Fulfillment,95.9,178,15.3,0.81,37.7,operational
2025-04-07,ZIP-US-014,Central_Fulfillment,96.2,181,22.7,0.93,34.0,operational
2025-04-07,ZIP-US-015,Central_Fulfillment,96.5,184,15.2,1.12,37.0,operational
2025-04-07,ZIP-US-016,Central_Fulfillment,95.7,187,18.7,0.87,37.5,operational
2025-04-07,ZIP-US-017,Eastside_Fulfillment,95.9,190,17.1,0.86,38.6,operational
2025-04-07,ZIP-US-018,Eastside_Fulfillment,96.2,193,21.0,0.98,36.9,operational
2025-04-07,ZIP-US-019,Eastside_Fulfillment,95.8,196,18.4,0.89,36.3,operational
2025-04-07,ZIP-US-020,Eastside_Fulfillment,95.9,199,15.7,0.98,35.6,operational
2025-04-07,ZIP-US-021,Eastside_Fulfillment,95.3,202,26.7,1.22,38.2,operational
2025-04-07,ZIP-US-022,Eastside_Fulfillment,95.2,205,19.7,1.31,36.2,operational
2025-04-07,ZIP-US-023,Eastside_Fulfillment,95.3,208,24.1,1.03,36.6,operational
2025-04-07,ZIP-US-024,Eastside_Fulfillment,96.4,211,25.2,1.0,38.2,operational
2025-04-08,ZIP-US-001,Northside_Fulfillment,95.7,143,19.7,0.91,37.0,operational
2025-04-08,ZIP-US-002,Northside_Fulfillment,96.1,146,23.2,0.93,37.3,operational
2025-04-08,ZIP-US-003,Northside_Fulfillment,95.6,149,22.1,0.83,35.9,operational
2025-04-08,ZIP-US-004,Northside_Fulfillment,95.5,152,15.3,1.05,38.0,operational
2025-04-08,ZIP-US-005,Northside_Fulfillment,96.0,155,17.3,1.01,38.6,operational
2025-04-08,ZIP-US-006,Northside_Fulfillment,95.4,158,20.6,1.13,37.3,operational
2025-04-08,ZIP-US-007,Northside_Fulfillment,96.1,161,16.9,1.08,37.4,operational
2025-04-08,ZIP-US-008,Northside_Fulfillment,95.8,164,19.1,0.94,38.9,operational
2025-04-08,ZIP-US-009,Central_Fulfillment,95.5,167,12.1,1.09,38.0,operational
2025-04-08,ZIP-US-010,Central_Fulfillment,95.9,170,19.9,1.1,37.4,operational
2025-04-08,ZIP-US-011,Central_Fulfillment,96.2,173,20.9,1.14,37.3,operational
2025-04-08,ZIP-US-012,Central_Fulfillment,95.9,176,23.1,0.95,35.8,operational
2025-04-08,ZIP-US-013,Central_Fulfillment,95.9,179,14.5,1.04,38.8,operational
2025-04-08,ZIP-US-014,Central_Fulfillment,95.7,182,32.4,1.08,37.1,operational
2025-04-08,ZIP-US-015,Central_Fulfillment,96.4,185,17.3,0.98,37.5,operational
2025-04-08,ZIP-US-016,Central_Fulfillment,95.3,188,23.1,1.32,37.1,operational
2025-04-08,ZIP-US-017,Eastside_Fulfillment,96.2,191,15.6,0.57,37.5,operational
2025-04-08,ZIP-US-018,Eastside_Fulfillment,95.9,194,19.4,1.02,35.9,operational
2025-04-08,ZIP-US-019,Eastside_Fulfillment,96.0,197,18.8,0.97,37.4,operational
2025-04-08,ZIP-US-020,Eastside_Fulfillment,95.8,200,19.5,0.7,36.2,operational
2025-04-08,ZIP-US-021,Eastside_Fulfillment,95.9,203,24.6,1.19,37.5,operational
2025-04-08,ZIP-US-022,Eastside_Fulfillment,96.2,206,19.5,0.69,36.8,operational
2025-04-08,ZIP-US-023,Eastside_Fulfillment,96.0,209,15.3,1.18,37.3,operational
2025-04-08,ZIP-US-024,Eastside_Fulfillment,95.9,212,11.9,0.86,38.0,operational
2025-04-09,ZIP-US-001,Northside_Fulfillment,95.9,145,21.7,0.85,35.3,operational
2025-04-09,ZIP-US-002,Northside_Fulfillment,96.0,148,15.1,0.9,35.5,operational
2025-04-09,ZIP-US-003,Northside_Fulfillment,95.4,151,16.6,0.7,37.5,operational
2025-04-09,ZIP-US-004,Northside_Fulfillment,95.6,154,19.8,0.82,36.2,operational
2025-04-09,ZIP-US-005,Northside_Fulfillment,96.1,157,26.7,1.19,38.3,operational
2025-04-09,ZIP-US-006,Northside_Fulfillment,95.5,160,20.2,0.82,38.4,operational
2025-04-09,ZIP-US-007,Northside_Fulfillment,96.2,163,18.5,0.68,36.6,operational
2025-04-09,ZIP-US-008,Northside_Fulfillment,95.8,166,17.3,1.04,37.2,operational
2025-04-09,ZIP-US-009,Central_Fulfillment,96.3,169,21.4,1.17,36.2,operational
2025-04-09,ZIP-US-010,Central_Fulfillment,96.0,172,18.0,1.07,36.8,operational
2025-04-09,ZIP-US-011,Central_Fulfillment,95.3,175,17.9,0.9,38.1,operational
2025-04-09,ZIP-US-012,Central_Fulfillment,96.4,178,21.4,1.11,34.6,operational
2025-04-09,ZIP-US-013,Central_Fulfillment,96.1,181,18.3,0.88,37.6,operational
2025-04-09,ZIP-US-014,Central_Fulfillment,96.0,184,21.3,1.02,37.0,operational
2025-04-09,ZIP-US-015,Central_Fulfillment,95.6,187,18.8,0.84,37.9,operational
2025-04-09,ZIP-US-016,Central_Fulfillment,95.6,190,24.1,1.07,38.4,operational
2025-04-09,ZIP-US-017,Eastside_Fulfillment,95.8,193,20.1,1.06,35.2,operational
2025-04-09,ZIP-US-018,Eastside_Fulfillment,95.5,196,21.9,1.09,35.2,operational
2025-04-09,ZIP-US-019,Eastside_Fulfillment,96.1,199,21.0,1.25,36.8,operational
2025-04-09,ZIP-US-020,Eastside_Fulfillment,95.4,202,21.3,1.06,36.9,operational
2025-04-09,ZIP-US-021,Eastside_Fulfillment,95.8,205,18.6,1.14,38.9,operational
2025-04-09,ZIP-US-022,Eastside_Fulfillment,95.4,208,25.2,1.04,36.6,operational
2025-04-09,ZIP-US-023,Eastside_Fulfillment,95.4,211,23.2,0.84,36.1,operational
2025-04-09,ZIP-US-024,Eastside_Fulfillment,95.9,214,15.6,0.98,37.9,operational
2025-04-10,ZIP-US-001,Northside_Fulfillment,95.1,146,22.4,1.19,35.5,operational
2025-04-10,ZIP-US-002,Northside_Fulfillment,96.3,149,23.9,1.18,36.8,operational
2025-04-10,ZIP-US-003,Northside_Fulfillment,96.1,152,23.6,0.93,39.0,operational
2025-04-10,ZIP-US-004,Northside_Fulfillment,96.6,155,17.4,0.91,38.4,operational
2025-04-10,ZIP-US-005,Northside_Fulfillment,95.6,158,21.0,0.99,36.1,operational
2025-04-10,ZIP-US-006,Northside_Fulfillment,95.9,161,17.0,1.14,38.3,operational
2025-04-10,ZIP-US-007,Northside_Fulfillment,95.7,164,17.9,0.91,38.0,operational
2025-04-10,ZIP-US-008,Northside_Fulfillment,95.9,167,14.4,1.09,36.8,operational
2025-04-10,ZIP-US-009,Central_Fulfillment,95.4,170,12.7,1.16,35.6,operational
2025-04-10,ZIP-US-010,Central_Fulfillment,96.3,173,18.4,1.18,36.7,operational
2025-04-10,ZIP-US-011,Central_Fulfillment,95.6,176,25.2,1.01,37.9,operational
2025-04-10,ZIP-US-012,Central_Fulfillment,96.1,179,19.1,1.04,37.1,operational
2025-04-10,ZIP-US-013,Central_Fulfillment,95.5,182,17.9,0.76,36.7,operational
2025-04-10,ZIP-US-014,Central_Fulfillment,96.3,185,17.5,1.19,36.1,operational
2025-04-10,ZIP-US-015,Central_Fulfillment,95.7,188,16.6,0.76,38.4,operational
2025-04-10,ZIP-US-016,Central_Fulfillment,96.0,191,19.6,0.76,37.3,operational
2025-04-10,ZIP-US-017,Eastside_Fulfillment,95.5,194,22.0,0.83,36.2,operational
2025-04-10,ZIP-US-018,Eastside_Fulfillment,95.2,197,25.6,0.97,38.2,operational
2025-04-10,ZIP-US-019,Eastside_Fulfillment,95.3,200,23.9,0.85,35.3,operational
2025-04-10,ZIP-US-020,Eastside_Fulfillment,95.4,203,16.9,1.04,36.2,operational
2025-04-10,ZIP-US-021,Eastside_Fulfillment,95.7,206,22.6,1.06,38.4,operational
2025-04-10,ZIP-US-022,Eastside_Fulfillment,95.5,209,16.9,0.99,36.9,operational
2025-04-10,ZIP-US-023,Eastside_Fulfillment,95.6,212,23.2,0.97,36.2,operational
2025-04-10,ZIP-US-024,Eastside_Fulfillment,95.9,215,21.3,1.12,37.7,operational
2025-04-11,ZIP-US-001,Northside_Fulfillment,95.4,148,17.4,0.87,38.2,operational
2025-04-11,ZIP-US-002,Northside_Fulfillment,95.7,151,21.8,0.9,36.7,operational
2025-04-11,ZIP-US-003,Northside_Fulfillment,95.7,154,19.8,1.16,35.6,operational
2025-04-11,ZIP-US-004,Northside_Fulfillment,95.9,157,23.5,1.07,36.7,operational
2025-04-11,ZIP-US-005,Northside_Fulfillment,96.1,160,17.0,0.84,37.9,operational
2025-04-11,ZIP-US-006,Northside_Fulfillment,96.3,163,11.5,0.8,36.7,operational
2025-04-11,ZIP-US-007,Northside_Fulfillment,95.7,166,19.4,1.08,37.4,operational
2025-04-11,ZIP-US-008,Northside_Fulfillment,95.2,169,22.7,1.04,37.5,operational
2025-04-11,ZIP-US-009,Central_Fulfillment,96.3,172,15.1,0.82,37.9,operational
2025-04-11,ZIP-US-010,Central_Fulfillment,95.8,175,29.2,1.19,37.3,operational
2025-04-11,ZIP-US-011,Central_Fulfillment,96.0,178,19.2,0.99,39.3,operational
2025-04-11,ZIP-US-012,Central_Fulfillment,95.9,181,26.5,0.75,38.2,operational
2025-04-11,ZIP-US-013,Central_Fulfillment,96.1,184,22.4,1.07,36.9,operational
2025-04-11,ZIP-US-014,Central_Fulfillment,95.6,187,15.4,1.26,37.6,operational
2025-04-11,ZIP-US-015,Central_Fulfillment,95.8,190,18.3,1.01,37.4,operational
2025-04-11,ZIP-US-016,Central_Fulfillment,95.5,193,14.3,1.2,38.7,operational
2025-04-11,ZIP-US-017,Eastside_Fulfillment,95.2,196,24.5,1.01,37.5,operational
2025-04-11,ZIP-US-018,Eastside_Fulfillment,95.7,199,22.9,0.99,35.5,operational
2025-04-11,ZIP-US-019,Eastside_Fulfillment,95.9,202,20.6,0.96,39.3,operational
2025-04-11,ZIP-US-020,Eastside_Fulfillment,96.0,205,24.8,0.94,37.5,operational
2025-04-11,ZIP-US-021,Eastside_Fulfillment,95.5,208,19.4,1.13,36.7,operational
2025-04-11,ZIP-US-022,Eastside_Fulfillment,95.9,211,24.5,1.07,34.2,operational
2025-04-11,ZIP-US-023,Eastside_Fulfillment,96.0,214,17.9,0.97,37.4,operational
2025-04-11,ZIP-US-024,Eastside_Fulfillment,95.8,217,27.3,1.04,36.3,operational
2025-04-12,ZIP-US-001,Northside_Fulfillment,95.6,149,18.4,0.99,39.3,operational
2025-04-12,ZIP-US-002,Northside_Fulfillment,95.8,152,20.3,0.97,35.7,operational
2025-04-12,ZIP-US-003,Northside_Fulfillment,96.0,155,20.1,1.2,35.6,operational
2025-04-12,ZIP-US-004,Northside_Fulfillment,95.4,158,18.3,1.03,36.0,operational
2025-04-12,ZIP-US-005,Northside_Fulfillment,95.5,161,23.6,1.02,37.9,operational
2025-04-12,ZIP-US-006,Northside_Fulfillment,95.3,164,20.4,0.71,37.2,operational
2025-04-12,ZIP-US-007,Northside_Fulfillment,95.9,167,27.1,1.09,36.6,operational
2025-04-12,ZIP-US-008,Northside_Fulfillment,95.7,170,21.9,1.11,37.9,operational
2025-04-12,ZIP-US-009,Central_Fulfillment,95.9,173,20.8,1.02,37.1,operational
2025-04-12,ZIP-US-010,Central_Fulfillment,95.4,176,20.3,0.89,36.3,operational
2025-04-12,ZIP-US-011,Central_Fulfillment,96.1,179,20.4,0.86,35.6,operational
2025-04-12,ZIP-US-012,Central_Fulfillment,96.0,182,20.9,0.93,37.3,operational
2025-04-12,ZIP-US-013,Central_Fulfillment,95.8,185,18.2,0.96,37.5,operational
2025-04-12,ZIP-US-014,Central_Fulfillment,95.0,188,24.0,1.06,36.7,operational
2025-04-12,ZIP-US-015,Central_Fulfillment,94.8,191,23.0,1.01,37.2,operational
2025-04-12,ZIP-US-016,Central_Fulfillment,96.0,194,21.5,0.99,37.3,operational
2025-04-12,ZIP-US-017,Eastside_Fulfillment,95.5,197,19.7,0.63,37.7,operational
2025-04-12,ZIP-US-018,Eastside_Fulfillment,95.1,200,31.1,1.17,35.7,operational
2025-04-12,ZIP-US-019,Eastside_Fulfillment,95.2,203,24.2,0.72,36.1,operational
2025-04-12,ZIP-US-020,Eastside_Fulfillment,95.3,206,22.7,1.04,37.7,operational
2025-04-12,ZIP-US-021,Eastside_Fulfillment,95.5,209,26.1,0.9,38.2,operational
2025-04-12,ZIP-US-022,Eastside_Fulfillment,95.7,212,18.0,0.89,36.4,operational
2025-04-12,ZIP-US-023,Eastside_Fulfillment,95.6,215,20.9,1.45,36.0,operational
2025-04-12,ZIP-US-024,Eastside_Fulfillment,95.5,218,22.7,1.22,37.4,operational
2025-04-13,ZIP-US-001,Northside_Fulfillment,95.5,151,16.0,0.9,35.8,operational
2025-04-13,ZIP-US-002,Northside_Fulfillment,94.7,154,18.0,1.28,38.1,operational
2025-04-13,ZIP-US-003,Northside_Fulfillment,95.6,157,18.4,0.85,37.6,operational
2025-04-13,ZIP-US-004,Northside_Fulfillment,95.8,160,16.8,0.84,38.8,operational
2025-04-13,ZIP-US-005,Northside_Fulfillment,95.4,163,17.2,0.97,35.9,operational
2025-04-13,ZIP-US-006,Northside_Fulfillment,95.1,166,19.2,0.75,35.6,operational
2025-04-13,ZIP-US-007,Northside_Fulfillment,95.5,169,17.1,1.25,35.7,operational
2025-04-13,ZIP-US-008,Northside_Fulfillment,95.8,172,22.4,1.1,39.0,operational
2025-04-13,ZIP-US-009,Central_Fulfillment,95.6,175,20.9,1.15,37.0,operational
2025-04-13,ZIP-US-010,Central_Fulfillment,95.8,178,16.4,0.92,37.4,operational
2025-04-13,ZIP-US-011,Central_Fulfillment,94.9,181,27.0,0.88,35.8,operational
2025-04-13,ZIP-US-012,Central_Fulfillment,96.0,184,21.4,1.0,36.2,operational
2025-04-13,ZIP-US-013,Central_Fulfillment,95.8,187,21.1,0.99,37.4,operational
2025-04-13,ZIP-US-014,Central_Fulfillment,94.9,190,19.6,0.68,37.8,operational
2025-04-13,ZIP-US-015,Central_Fulfillment,95.6,193,22.2,0.89,36.0,operational
2025-04-13,ZIP-US-016,Central_Fulfillment,95.9,196,23.7,0.84,36.8,operational
2025-04-13,ZIP-US-017,Eastside_Fulfillment,95.5,199,21.6,1.28,36.5,operational
2025-04-13,ZIP-US-018,Eastside_Fulfillment,95.6,202,21.3,1.03,35.7,operational
2025-04-13,ZIP-US-019,Eastside_Fulfillment,95.8,205,15.7,0.87,39.6,operational
2025-04-13,ZIP-US-020,Eastside_Fulfillment,95.5,208,23.3,1.1,37.2,operational
2025-04-13,ZIP-US-021,Eastside_Fulfillment,95.4,211,15.1,1.02,38.4,operational
2025-04-13,ZIP-US-022,Eastside_Fulfillment,95.5,214,10.5,0.71,36.7,operational
2025-04-13,ZIP-US-023,Eastside_Fulfillment,96.1,217,18.2,0.95,38.0,operational
2025-04-13,ZIP-US-024,Eastside_Fulfillment,96.0,220,24.0,0.5,38.0,operational
2025-04-14,ZIP-US-001,Northside_Fulfillment,95.0,152,17.3,1.03,39.4,operational
2025-04-14,ZIP-US-002,Northside_Fulfillment,95.6,155,24.8,0.93,37.5,operational
2025-04-14,ZIP-US-003,Northside_Fulfillment,95.1,158,30.3,0.92,37.5,operational
2025-04-14,ZIP-US-004,Northside_Fulfillment,95.4,161,21.3,1.11,38.1,operational
2025-04-14,ZIP-US-005,Northside_Fulfillment,95.4,164,19.1,0.94,38.6,operational
2025-04-14,ZIP-US-006,Northside_Fulfillment,95.7,167,10.1,1.11,36.3,operational
2025-04-14,ZIP-US-007,Northside_Fulfillment,95.9,170,17.3,0.71,35.6,operational
2025-04-14,ZIP-US-008,Northside_Fulfillment,95.8,173,18.6,1.09,36.4,operational
2025-04-14,ZIP-US-009,Central_Fulfillment,96.2,176,22.4,0.95,36.7,operational
2025-04-14,ZIP-US-010,Central_Fulfillment,96.0,179,14.4,0.81,37.8,operational
2025-04-14,ZIP-US-011,Central_Fulfillment,95.6,182,12.5,1.07,39.9,operational
2025-04-14,ZIP-US-012,Central_Fulfillment,95.4,185,21.2,1.05,37.2,operational
2025-04-14,ZIP-US-013,Central_Fulfillment,95.2,188,13.2,0.95,37.9,operational
2025-04-14,ZIP-US-014,Central_Fulfillment,95.6,191,23.7,1.15,34.4,operational
2025-04-14,ZIP-US-015,Central_Fulfillment,96.5,194,19.5,1.18,37.0,operational
2025-04-14,ZIP-US-016,Central_Fulfillment,96.2,197,24.1,0.94,38.1,operational
2025-04-14,ZIP-US-017,Eastside_Fulfillment,96.4,200,14.3,1.12,37.1,operational
2025-04-14,ZIP-US-018,Eastside_Fulfillment,95.3,203,26.0,0.68,36.2,operational
2025-04-14,ZIP-US-019,Eastside_Fulfillment,96.0,206,23.6,1.24,38.1,operational
2025-04-14,ZIP-US-020,Eastside_Fulfillment,95.7,209,14.8,1.03,37.0,operational
2025-04-14,ZIP-US-021,Eastside_Fulfillment,95.7,212,26.9,0.69,37.6,operational
2025-04-14,ZIP-US-022,Eastside_Fulfillment,95.0,215,20.6,1.06,38.7,operational
2025-04-14,ZIP-US-023,Eastside_Fulfillment,95.3,218,22.2,0.98,37.5,operational
2025-04-14,ZIP-US-024,Eastside_Fulfillment,95.5,221,20.5,0.85,36.4,operational
2025-04-15,ZIP-US-001,Northside_Fulfillment,95.8,154,18.4,1.07,36.9,operational
2025-04-15,ZIP-US-002,Northside_Fulfillment,96.2,157,17.1,0.79,36.6,operational
2025-04-15,ZIP-US-003,Northside_Fulfillment,95.7,160,20.7,0.83,38.4,operational
2025-04-15,ZIP-US-004,Northside_Fulfillment,95.8,163,28.7,1.12,38.1,operational
2025-04-15,ZIP-US-005,Northside_Fulfillment,95.8,166,27.8,0.82,37.6,operational
2025-04-15,ZIP-US-006,Northside_Fulfillment,95.2,169,23.9,1.0,37.7,operational
2025-04-15,ZIP-US-007,Northside_Fulfillment,95.6,172,23.4,1.25,36.0,operational
2025-04-15,ZIP-US-008,Northside_Fulfillment,95.8,175,17.8,1.1,37.2,operational
2025-04-15,ZIP-US-009,Central_Fulfillment,95.8,178,16.5,1.06,37.6,operational
2025-04-15,ZIP-US-010,Central_Fulfillment,95.4,181,23.9,1.06,37.9,operational
2025-04-15,ZIP-US-011,Central_Fulfillment,95.9,184,21.6,0.99,36.4,operational
2025-04-15,ZIP-US-012,Central_Fulfillment,95.9,187,23.2,0.61,36.7,operational
2025-04-15,ZIP-US-013,Central_Fulfillment,95.4,190,20.5,1.06,36.9,operational
2025-04-15,ZIP-US-014,Central_Fulfillment,95.4,193,25.4,0.81,37.1,operational
2025-04-15,ZIP-US-015,Central_Fulfillment,95.5,196,25.9,1.14,36.7,operational
2025-04-15,ZIP-US-016,Central_Fulfillment,95.1,199,22.3,0.85,35.4,operational
2025-04-15,ZIP-US-017,Eastside_Fulfillment,95.4,202,22.1,0.92,35.5,operational
2025-04-15,ZIP-US-018,Eastside_Fulfillment,95.7,205,22.1,1.01,37.6,operational
2025-04-15,ZIP-US-019,Eastside_Fulfillment,96.2,208,21.6,1.05,39.4,operational
2025-04-15,ZIP-US-020,Eastside_Fulfillment,95.2,211,20.3,1.04,37.7,operational
2025-04-15,ZIP-US-021,Eastside_Fulfillment,95.3,214,16.5,1.18,37.0,operational
2025-04-15,ZIP-US-022,Eastside_Fulfillment,95.5,217,12.6,0.97,36.0,operational
2025-04-15,ZIP-US-023,Eastside_Fulfillment,94.9,220,24.2,1.06,36.2,operational
2025-04-15,ZIP-US-024,Eastside_Fulfillment,95.5,223,18.2,1.02,35.8,operational
2025-04-16,ZIP-US-001,Northside_Fulfillment,95.6,155,12.1,1.22,38.1,operational
2025-04-16,ZIP-US-002,Northside_Fulfillment,95.8,158,21.2,0.92,38.2,operational
2025-04-16,ZIP-US-003,Northside_Fulfillment,95.7,161,19.0,0.76,39.0,operational
2025-04-16,ZIP-US-004,Northside_Fulfillment,95.3,164,15.5,0.94,36.4,operational
2025-04-16,ZIP-US-005,Northside_Fulfillment,95.4,167,15.7,0.79,36.6,operational
2025-04-16,ZIP-US-006,Northside_Fulfillment,95.1,170,16.2,1.25,37.3,operational
2025-04-16,ZIP-US-007,Northside_Fulfillment,95.6,173,16.8,1.06,36.1,operational
2025-04-16,ZIP-US-008,Northside_Fulfillment,95.9,176,17.4,0.97,37.4,operational
2025-04-16,ZIP-US-009,Central_Fulfillment,96.1,179,15.3,1.05,35.7,operational
2025-04-16,ZIP-US-010,Central_Fulfillment,95.5,182,22.2,0.91,37.1,operational
2025-04-16,ZIP-US-011,Central_Fulfillment,96.0,185,19.1,1.19,37.9,operational
2025-04-16,ZIP-US-012,Central_Fulfillment,96.2,188,16.1,1.05,36.8,operational
2025-04-16,ZIP-US-013,Central_Fulfillment,95.9,191,13.2,0.81,35.9,operational
2025-04-16,ZIP-US-014,Central_Fulfillment,95.0,194,20.0,1.02,39.7,operational
2025-04-16,ZIP-US-015,Central_Fulfillment,95.6,197,22.7,1.03,38.2,operational
2025-04-16,ZIP-US-016,Central_Fulfillment,95.5,200,20.8,0.73,36.3,operational
2025-04-16,ZIP-US-017,Eastside_Fulfillment,95.0,203,20.7,1.01,35.9,operational
2025-04-16,ZIP-US-018,Eastside_Fulfillment,95.4,206,21.1,1.05,38.2,operational
2025-04-16,ZIP-US-019,Eastside_Fulfillment,95.5,209,21.4,1.04,35.5,operational
2025-04-16,ZIP-US-020,Eastside_Fulfillment,95.1,212,15.9,0.97,36.3,operational
2025-04-16,ZIP-US-021,Eastside_Fulfillment,96.0,215,21.6,1.02,36.6,operational
2025-04-16,ZIP-US-022,Eastside_Fulfillment,95.3,218,16.3,0.95,38.2,operational
2025-04-16,ZIP-US-023,Eastside_Fulfillment,95.9,221,28.3,1.09,37.7,operational
2025-04-16,ZIP-US-024,Eastside_Fulfillment,95.3,224,21.2,0.85,36.1,operational
2025-04-17,ZIP-US-001,Northside_Fulfillment,95.1,157,21.8,1.09,37.7,operational
2025-04-17,ZIP-US-002,Northside_Fulfillment,95.4,160,17.0,1.27,37.3,operational
2025-04-17,ZIP-US-003,Northside_Fulfillment,95.5,163,20.3,1.27,37.2,operational
2025-04-17,ZIP-US-004,Northside_Fulfillment,95.8,166,24.4,0.92,38.4,operational
2025-04-17,ZIP-US-005,Northside_Fulfillment,95.3,169,20.4,0.87,35.6,operational
2025-04-17,ZIP-US-006,Northside_Fulfillment,95.8,172,15.3,0.83,36.7,operational
2025-04-17,ZIP-US-007,Northside_Fulfillment,96.1,175,15.8,1.14,38.2,operational
2025-04-17,ZIP-US-008,Northside_Fulfillment,95.5,178,13.2,0.82,36.3,operational
2025-04-17,ZIP-US-009,Central_Fulfillment,95.4,181,19.0,1.13,36.5,operational
2025-04-17,ZIP-US-010,Central_Fulfillment,95.4,184,16.0,1.03,39.0,operational
2025-04-17,ZIP-US-011,Central_Fulfillment,95.2,187,22.3,1.02,36.4,operational
2025-04-17,ZIP-US-012,Central_Fulfillment,96.0,190,17.7,0.93,37.7,operational
2025-04-17,ZIP-US-013,Central_Fulfillment,95.3,193,26.0,1.2,35.7,operational
2025-04-17,ZIP-US-014,Central_Fulfillment,95.4,196,17.2,0.81,36.5,operational
2025-04-17,ZIP-US-015,Central_Fulfillment,95.5,199,20.6,0.9,37.2,operational
2025-04-17,ZIP-US-016,Central_Fulfillment,95.6,202,26.2,1.02,35.9,operational
2025-04-17,ZIP-US-017,Eastside_Fulfillment,95.7,205,21.8,0.87,37.6,operational
2025-04-17,ZIP-US-018,Eastside_Fulfillment,95.5,208,15.2,1.21,38.0,operational
2025-04-17,ZIP-US-019,Eastside_Fulfillment,95.7,211,19.3,1.02,36.2,operational
2025-04-17,ZIP-US-020,Eastside_Fulfillment,95.6,214,16.6,1.25,36.3,operational
2025-04-17,ZIP-US-021,Eastside_Fulfillment,95.3,217,24.2,1.13,37.3,operational
2025-04-17,ZIP-US-022,Eastside_Fulfillment,95.6,220,22.9,1.02,37.1,operational
2025-04-17,ZIP-US-023,Eastside_Fulfillment,95.2,223,24.1,1.02,37.6,operational
2025-04-17,ZIP-US-024,Eastside_Fulfillment,95.6,226,20.8,0.87,40.1,operational
2025-04-18,ZIP-US-001,Northside_Fulfillment,95.6,158,26.8,1.22,38.1,operational
2025-04-18,ZIP-US-002,Northside_Fulfillment,95.2,161,25.3,1.13,36.9,operational
2025-04-18,ZIP-US-003,Northside_Fulfillment,94.6,164,22.5,1.08,37.6,operational
2025-04-18,ZIP-US-004,Northside_Fulfillment,95.8,167,14.7,1.07,38.5,operational
2025-04-18,ZIP-US-005,Northside_Fulfillment,95.6,170,18.6,0.91,39.3,operational
2025-04-18,ZIP-US-006,Northside_Fulfillment,95.5,173,18.9,1.04,37.7,operational
2025-04-18,ZIP-US-007,Northside_Fulfillment,95.6,176,14.5,1.08,38.6,operational
2025-04-18,ZIP-US-008,Northside_Fulfillment,95.1,179,20.5,1.28,37.2,operational
2025-04-18,ZIP-US-009,Central_Fulfillment,95.5,182,20.8,1.01,34.7,operational
2025-04-18,ZIP-US-010,Central_Fulfillment,95.0,185,15.3,0.93,37.5,operational
2025-04-18,ZIP-US-011,Central_Fulfillment,95.6,188,17.7,0.91,38.4,operational
2025-04-18,ZIP-US-012,Central_Fulfillment,95.5,191,21.5,0.95,36.7,operational
2025-04-18,ZIP-US-013,Central_Fulfillment,95.1,194,14.7,1.04,35.7,operational
2025-04-18,ZIP-US-014,Central_Fulfillment,95.5,197,24.6,1.18,38.3,operational
2025-04-18,ZIP-US-015,Central_Fulfillment,95.7,200,22.0,1.0,37.7,operational
2025-04-18,ZIP-US-016,Central_Fulfillment,95.4,203,16.1,0.96,36.1,operational
2025-04-18,ZIP-US-017,Eastside_Fulfillment,95.9,206,22.1,1.06,36.7,operational
2025-04-18,ZIP-US-018,Eastside_Fulfillment,95.7,209,19.2,0.8,37.8,operational
2025-04-18,ZIP-US-019,Eastside_Fulfillment,95.9,212,25.7,1.0,38.7,operational
2025-04-18,ZIP-US-020,Eastside_Fulfillment,96.0,215,20.5,1.12,35.0,operational
2025-04-18,ZIP-US-021,Eastside_Fulfillment,95.1,218,20.5,0.74,36.9,operational
2025-04-18,ZIP-US-022,Eastside_Fulfillment,95.4,221,19.4,1.38,36.2,operational
2025-04-18,ZIP-US-023,Eastside_Fulfillment,95.8,224,16.0,0.98,36.2,operational
2025-04-18,ZIP-US-024,Eastside_Fulfillment,94.7,227,18.3,0.86,36.7,operational
2025-04-19,ZIP-US-001,Northside_Fulfillment,95.6,160,17.2,0.93,36.1,operational
2025-04-19,ZIP-US-002,Northside_Fulfillment,95.6,163,19.0,1.06,36.0,operational
2025-04-19,ZIP-US-003,Northside_Fulfillment,95.2,166,23.3,1.09,37.0,operational
2025-04-19,ZIP-US-004,Northside_Fulfillment,95.3,169,19.2,1.04,36.0,operational
2025-04-19,ZIP-US-005,Northside_Fulfillment,95.6,172,14.4,1.21,37.2,operational
2025-04-19,ZIP-US-006,Northside_Fulfillment,95.1,175,17.5,0.91,35.9,operational
2025-04-19,ZIP-US-007,Northside_Fulfillment,95.0,178,15.6,1.15,37.5,operational
2025-04-19,ZIP-US-008,Northside_Fulfillment,95.2,181,18.9,0.94,36.4,operational
2025-04-19,ZIP-US-009,Central_Fulfillment,95.2,184,22.8,0.98,38.7,operational
2025-04-19,ZIP-US-010,Central_Fulfillment,95.9,187,20.9,1.16,37.4,operational
2025-04-19,ZIP-US-011,Central_Fulfillment,95.2,190,23.3,0.82,35.5,operational
2025-04-19,ZIP-US-012,Central_Fulfillment,95.5,193,20.2,0.95,36.3,operational
2025-04-19,ZIP-US-013,Central_Fulfillment,95.3,196,16.6,1.25,37.8,operational
2025-04-19,ZIP-US-014,Central_Fulfillment,94.9,199,20.2,0.88,37.2,operational
2025-04-19,ZIP-US-015,Central_Fulfillment,95.8,202,23.4,0.87,35.3,operational
2025-04-19,ZIP-US-016,Central_Fulfillment,95.7,205,18.2,1.09,37.1,operational
2025-04-19,ZIP-US-017,Eastside_Fulfillment,95.3,208,20.7,1.31,37.1,operational
2025-04-19,ZIP-US-018,Eastside_Fulfillment,95.6,211,19.9,0.84,35.9,operational
2025-04-19,ZIP-US-019,Eastside_Fulfillment,95.5,214,22.2,1.08,36.3,operational
2025-04-19,ZIP-US-020,Eastside_Fulfillment,95.1,217,14.4,1.04,36.0,operational
2025-04-19,ZIP-US-021,Eastside_Fulfillment,95.1,220,21.9,0.91,38.2,operational
2025-04-19,ZIP-US-022,Eastside_Fulfillment,95.5,223,17.5,1.12,39.4,operational
2025-04-19,ZIP-US-023,Eastside_Fulfillment,94.9,226,14.3,1.02,37.9,operational
2025-04-19,ZIP-US-024,Eastside_Fulfillment,95.4,229,24.9,0.92,35.8,operational
2025-04-20,ZIP-US-001,Northside_Fulfillment,95.5,161,25.5,1.09,38.0,operational
2025-04-20,ZIP-US-002,Northside_Fulfillment,96.0,164,18.4,0.91,37.0,operational
2025-04-20,ZIP-US-003,Northside_Fulfillment,95.8,167,19.2,1.12,36.7,operational
2025-04-20,ZIP-US-004,Northside_Fulfillment,95.1,170,23.2,0.77,37.0,operational
2025-04-20,ZIP-US-005,Northside_Fulfillment,95.4,173,20.8,1.04,38.2,operational
2025-04-20,ZIP-US-006,Northside_Fulfillment,95.7,176,20.1,0.68,36.7,operational
2025-04-20,ZIP-US-007,Northside_Fulfillment,95.3,179,19.4,1.15,38.5,operational
2025-04-20,ZIP-US-008,Northside_Fulfillment,95.8,182,20.4,1.12,36.2,operational
2025-04-20,ZIP-US-009,Central_Fulfillment,95.4,185,17.9,0.75,36.9,operational
2025-04-20,ZIP-US-010,Central_Fulfillment,95.8,188,16.6,1.19,36.2,operational
2025-04-20,ZIP-US-011,Central_Fulfillment,96.0,191,24.5,1.0,37.3,operational
2025-04-20,ZIP-US-012,Central_Fulfillment,95.7,194,16.7,0.81,36.6,operational
2025-04-20,ZIP-US-013,Central_Fulfillment,95.4,197,25.6,0.99,37.8,operational
2025-04-20,ZIP-US-014,Central_Fulfillment,95.2,200,24.6,1.0,36.7,operational
2025-04-20,ZIP-US-015,Central_Fulfillment,95.7,203,19.3,0.93,35.2,operational
2025-04-20,ZIP-US-016,Central_Fulfillment,95.1,206,14.9,1.15,37.7,operational
2025-04-20,ZIP-US-017,Eastside_Fulfillment,95.9,209,17.9,1.19,36.9,operational
2025-04-20,ZIP-US-018,Eastside_Fulfillment,95.6,212,24.1,1.04,37.3,operational
2025-04-20,ZIP-US-019,Eastside_Fulfillment,95.9,215,27.7,0.98,37.4,operational
2025-04-20,ZIP-US-020,Eastside_Fulfillment,95.1,218,12.6,1.0,37.4,operational
2025-04-20,ZIP-US-021,Eastside_Fulfillment,95.3,221,21.2,1.34,38.3,operational
2025-04-20,ZIP-US-022,Eastside_Fulfillment,95.9,224,18.1,1.09,37.2,operational
2025-04-20,ZIP-US-023,Eastside_Fulfillment,95.1,227,22.7,0.96,37.3,operational
2025-04-20,ZIP-US-024,Eastside_Fulfillment,95.7,230,20.4,1.1,35.6,operational
2025-04-21,ZIP-US-001,Northside_Fulfillment,95.5,163,23.4,0.75,37.1,operational
2025-04-21,ZIP-US-002,Northside_Fulfillment,95.8,166,20.1,0.85,36.2,operational
2025-04-21,ZIP-US-003,Northside_Fulfillment,95.5,169,16.1,0.9,36.9,operational
2025-04-21,ZIP-US-004,Northside_Fulfillment,95.5,172,21.2,1.16,37.3,operational
2025-04-21,ZIP-US-005,Northside_Fulfillment,95.5,175,16.1,1.15,35.8,operational
2025-04-21,ZIP-US-006,Northside_Fulfillment,95.6,178,14.1,0.94,37.6,operational
2025-04-21,ZIP-US-007,Northside_Fulfillment,95.9,181,14.2,0.79,37.0,operational
2025-04-21,ZIP-US-008,Northside_Fulfillment,94.8,184,18.4,1.1,37.3,operational
2025-04-21,ZIP-US-009,Central_Fulfillment,95.1,187,23.9,1.09,37.6,operational
2025-04-21,ZIP-US-010,Central_Fulfillment,96.1,190,18.7,1.28,36.6,operational
2025-04-21,ZIP-US-011,Central_Fulfillment,95.6,193,17.0,1.0,37.4,operational
2025-04-21,ZIP-US-012,Central_Fulfillment,94.9,196,24.2,1.31,39.0,operational
2025-04-21,ZIP-US-013,Central_Fulfillment,95.5,199,27.6,1.32,37.7,operational
2025-04-21,ZIP-US-014,Central_Fulfillment,95.6,202,15.2,0.78,37.0,operational
2025-04-21,ZIP-US-015,Central_Fulfillment,95.4,205,23.7,1.12,35.2,operational
2025-04-21,ZIP-US-016,Central_Fulfillment,94.6,208,20.0,1.14,37.1,operational
2025-04-21,ZIP-US-017,Eastside_Fulfillment,95.5,211,22.0,0.99,36.7,operational
2025-04-21,ZIP-US-018,Eastside_Fulfillment,95.6,214,23.5,0.65,36.1,operational
2025-04-21,ZIP-US-019,Eastside_Fulfillment,95.0,217,25.4,1.12,34.6,operational
2025-04-21,ZIP-US-020,Eastside_Fulfillment,95.9,220,18.0,1.17,37.8,operational
2025-04-21,ZIP-US-021,Eastside_Fulfillment,95.7,223,22.0,0.84,36.3,operational
2025-04-21,ZIP-US-022,Eastside_Fulfillment,95.9,226,15.9,0.94,36.9,operational
2025-04-21,ZIP-US-023,Eastside_Fulfillment,95.5,229,25.3,1.27,34.0,operational
2025-04-21,ZIP-US-024,Eastside_Fulfillment,95.4,232,16.9,0.79,36.4,operational
2025-04-22,ZIP-US-001,Northside_Fulfillment,95.0,164,21.2,0.86,37.4,operational
2025-04-22,ZIP-US-002,Northside_Fulfillment,95.6,167,21.9,0.95,37.1,operational
2025-04-22,ZIP-US-003,Northside_Fulfillment,95.2,170,20.2,0.86,35.4,operational
2025-04-22,ZIP-US-004,Northside_Fulfillment,95.8,173,23.9,0.88,37.4,operational
2025-04-22,ZIP-US-005,Northside_Fulfillment,95.2,176,12.7,0.77,36.5,operational
2025-04-22,ZIP-US-006,Northside_Fulfillment,95.4,179,16.2,1.06,36.9,operational
2025-04-22,ZIP-US-007,Northside_Fulfillment,95.5,182,13.6,0.92,37.0,operational
2025-04-22,ZIP-US-008,Northside_Fulfillment,95.4,185,22.3,1.12,37.8,operational
2025-04-22,ZIP-US-009,Central_Fulfillment,95.2,188,14.0,0.95,36.3,operational
2025-04-22,ZIP-US-010,Central_Fulfillment,95.4,191,22.0,1.19,37.9,operational
2025-04-22,ZIP-US-011,Central_Fulfillment,95.7,194,19.0,1.13,38.6,operational
2025-04-22,ZIP-US-012,Central_Fulfillment,95.0,197,19.5,0.97,34.6,operational
2025-04-22,ZIP-US-013,Central_Fulfillment,95.3,200,25.7,0.94,36.8,operational
2025-04-22,ZIP-US-014,Central_Fulfillment,95.6,203,27.0,1.21,36.3,operational
2025-04-22,ZIP-US-015,Central_Fulfillment,95.5,206,21.1,1.13,36.6,operational
2025-04-22,ZIP-US-016,Central_Fulfillment,95.3,209,18.5,0.65,38.0,operational
2025-04-22,ZIP-US-017,Eastside_Fulfillment,95.7,212,12.8,1.01,38.3,operational
2025-04-22,ZIP-US-018,Eastside_Fulfillment,95.9,215,21.5,1.05,35.3,operational
2025-04-22,ZIP-US-019,Eastside_Fulfillment,95.1,218,15.5,1.09,35.9,operational
2025-04-22,ZIP-US-020,Eastside_Fulfillment,95.5,221,22.7,0.95,35.1,operational
2025-04-22,ZIP-US-021,Eastside_Fulfillment,95.7,224,12.3,1.1,37.9,operational
2025-04-22,ZIP-US-022,Eastside_Fulfillment,95.5,227,17.3,0.89,37.3,operational
2025-04-22,ZIP-US-023,Eastside_Fulfillment,95.3,230,22.5,1.02,36.9,operational
2025-04-22,ZIP-US-024,Eastside_Fulfillment,95.9,233,19.7,1.22,36.1,operational
2025-04-23,ZIP-US-001,Northside_Fulfillment,94.9,166,21.8,1.16,37.1,operational
2025-04-23,ZIP-US-002,Northside_Fulfillment,94.9,169,25.1,1.03,36.5,operational
2025-04-23,ZIP-US-003,Northside_Fulfillment,95.6,172,20.2,0.95,37.5,operational
2025-04-23,ZIP-US-004,Northside_Fulfillment,95.9,175,18.8,1.16,39.0,operational
2025-04-23,ZIP-US-005,Northside_Fulfillment,94.7,178,19.8,1.13,36.0,operational
2025-04-23,ZIP-US-006,Northside_Fulfillment,94.6,181,24.9,1.15,37.4,operational
2025-04-23,ZIP-US-007,Northside_Fulfillment,95.2,184,22.7,0.89,35.8,operational
2025-04-23,ZIP-US-008,Northside_Fulfillment,95.2,187,21.9,1.12,38.1,operational
2025-04-23,ZIP-US-009,Central_Fulfillment,95.0,190,14.6,1.4,37.3,operational
2025-04-23,ZIP-US-010,Central_Fulfillment,95.1,193,18.9,0.95,37.9,operational
2025-04-23,ZIP-US-011,Central_Fulfillment,95.1,196,14.5,1.13,37.9,operational
2025-04-23,ZIP-US-012,Central_Fulfillment,95.8,199,19.1,1.19,37.9,operational
2025-04-23,ZIP-US-013,Central_Fulfillment,94.7,202,26.8,0.83,39.1,operational
2025-04-23,ZIP-US-014,Central_Fulfillment,95.2,205,22.6,0.99,35.8,operational
2025-04-23,ZIP-US-015,Central_Fulfillment,95.2,208,25.9,0.82,36.8,operational
2025-04-23,ZIP-US-016,Central_Fulfillment,95.6,211,18.0,1.01,37.1,operational
2025-04-23,ZIP-US-017,Eastside_Fulfillment,95.8,214,20.4,0.84,36.2,operational
2025-04-23,ZIP-US-018,Eastside_Fulfillment,95.8,217,17.9,0.94,37.0,operational
2025-04-23,ZIP-US-019,Eastside_Fulfillment,95.4,220,20.0,1.15,36.5,operational
2025-04-23,ZIP-US-020,Eastside_Fulfillment,95.5,223,12.6,0.86,36.7,operational
2025-04-23,ZIP-US-021,Eastside_Fulfillment,95.0,226,14.7,1.18,38.6,operational
2025-04-23,ZIP-US-022,Eastside_Fulfillment,95.3,229,14.0,1.01,38.8,operational
2025-04-23,ZIP-US-023,Eastside_Fulfillment,95.3,232,19.9,1.12,38.6,operational
2025-04-23,ZIP-US-024,Eastside_Fulfillment,95.8,235,17.1,0.89,37.1,operational
2025-04-24,ZIP-US-001,Northside_Fulfillment,94.8,167,22.6,1.08,35.9,operational
2025-04-24,ZIP-US-002,Northside_Fulfillment,95.7,170,19.5,1.1,36.0,operational
2025-04-24,ZIP-US-003,Northside_Fulfillment,95.5,173,26.5,0.76,37.5,operational
2025-04-24,ZIP-US-004,Northside_Fulfillment,95.2,176,25.3,0.88,38.8,operational
2025-04-24,ZIP-US-005,Northside_Fulfillment,95.1,179,19.9,0.76,36.4,operational
2025-04-24,ZIP-US-006,Northside_Fulfillment,95.1,182,22.5,0.96,38.4,operational
2025-04-24,ZIP-US-007,Northside_Fulfillment,95.5,185,18.7,0.84,35.3,operational
2025-04-24,ZIP-US-008,Northside_Fulfillment,95.5,188,20.8,1.12,36.3,operational
2025-04-24,ZIP-US-009,Central_Fulfillment,94.7,191,16.1,0.94,36.5,operational
2025-04-24,ZIP-US-010,Central_Fulfillment,95.4,194,21.1,1.11,36.8,operational
2025-04-24,ZIP-US-011,Central_Fulfillment,95.7,197,21.6,1.05,37.1,operational
2025-04-24,ZIP-US-012,Central_Fulfillment,95.6,200,18.3,0.8,37.9,operational
2025-04-24,ZIP-US-013,Central_Fulfillment,95.2,203,20.5,0.75,39.1,operational
2025-04-24,ZIP-US-014,Central_Fulfillment,95.4,206,20.1,0.96,35.8,operational
2025-04-24,ZIP-US-015,Central_Fulfillment,95.5,209,17.7,1.16,37.0,operational
2025-04-24,ZIP-US-016,Central_Fulfillment,94.7,212,16.4,0.88,37.1,operational
2025-04-24,ZIP-US-017,Eastside_Fulfillment,95.9,215,24.5,1.06,34.9,operational
2025-04-24,ZIP-US-018,Eastside_Fulfillment,94.6,218,17.0,0.95,36.5,operational
2025-04-24,ZIP-US-019,Eastside_Fulfillment,95.3,221,18.0,1.03,36.9,operational
2025-04-24,ZIP-US-020,Eastside_Fulfillment,95.4,224,21.6,0.95,39.0,operational
2025-04-24,ZIP-US-021,Eastside_Fulfillment,95.9,227,14.8,0.92,36.4,operational
2025-04-24,ZIP-US-022,Eastside_Fulfillment,95.7,230,23.8,0.84,36.1,operational
2025-04-24,ZIP-US-023,Eastside_Fulfillment,94.6,233,19.0,1.37,35.9,operational
2025-04-24,ZIP-US-024,Eastside_Fulfillment,94.8,236,12.6,1.02,38.2,operational
2025-04-25,ZIP-US-001,Northside_Fulfillment,95.6,169,15.3,1.34,38.2,operational
2025-04-25,ZIP-US-002,Northside_Fulfillment,95.2,172,24.8,1.16,35.1,operational
2025-04-25,ZIP-US-003,Northside_Fulfillment,94.7,175,20.2,0.83,38.9,operational
2025-04-25,ZIP-US-004,Northside_Fulfillment,95.3,178,23.5,0.95,36.4,operational
2025-04-25,ZIP-US-005,Northside_Fulfillment,95.6,181,20.0,0.95,35.5,operational
2025-04-25,ZIP-US-006,Northside_Fulfillment,94.8,184,20.4,0.89,37.0,operational
2025-04-25,ZIP-US-007,Northside_Fulfillment,95.7,187,24.6,1.06,37.0,operational
2025-04-25,ZIP-US-008,Northside_Fulfillment,94.9,190,14.3,1.23,35.6,operational
2025-04-25,ZIP-US-009,Central_Fulfillment,95.4,193,19.5,1.05,37.1,operational
2025-04-25,ZIP-US-010,Central_Fulfillment,96.5,196,13.5,1.08,36.9,operational
2025-04-25,ZIP-US-011,Central_Fulfillment,94.7,199,26.2,1.12,37.2,operational
2025-04-25,ZIP-US-012,Central_Fulfillment,95.8,202,23.0,1.01,37.2,operational
2025-04-25,ZIP-US-013,Central_Fulfillment,95.1,205,11.2,1.22,37.9,operational
2025-04-25,ZIP-US-014,Central_Fulfillment,94.8,208,23.7,0.95,37.1,operational
2025-04-25,ZIP-US-015,Central_Fulfillment,95.7,211,21.4,1.21,36.1,operational
2025-04-25,ZIP-US-016,Central_Fulfillment,94.9,214,22.2,1.04,36.0,operational
2025-04-25,ZIP-US-017,Eastside_Fulfillment,94.8,217,14.4,1.11,37.9,operational
2025-04-25,ZIP-US-018,Eastside_Fulfillment,95.0,220,22.5,0.84,36.4,operational
2025-04-25,ZIP-US-019,Eastside_Fulfillment,95.3,223,16.4,1.07,35.0,operational
2025-04-25,ZIP-US-020,Eastside_Fulfillment,95.1,226,21.2,1.01,35.5,operational
2025-04-25,ZIP-US-021,Eastside_Fulfillment,96.0,229,17.5,1.01,35.7,operational
2025-04-25,ZIP-US-022,Eastside_Fulfillment,95.1,232,23.8,0.83,36.9,operational
2025-04-25,ZIP-US-023,Eastside_Fulfillment,95.3,235,21.6,1.07,37.6,operational
2025-04-25,ZIP-US-024,Eastside_Fulfillment,95.1,238,16.3,1.03,37.4,operational
2025-04-26,ZIP-US-001,Northside_Fulfillment,95.8,170,21.7,0.9,36.5,operational
2025-04-26,ZIP-US-002,Northside_Fulfillment,94.8,173,20.3,1.19,37.6,operational
2025-04-26,ZIP-US-003,Northside_Fulfillment,95.4,176,19.0,0.91,37.5,operational
2025-04-26,ZIP-US-004,Northside_Fulfillment,95.4,179,19.0,0.86,38.3,operational
2025-04-26,ZIP-US-005,Northside_Fulfillment,95.7,182,17.3,1.12,37.7,operational
2025-04-26,ZIP-US-006,Northside_Fulfillment,94.8,185,24.6,1.0,36.9,operational
2025-04-26,ZIP-US-007,Northside_Fulfillment,95.0,188,15.9,0.98,38.4,operational
2025-04-26,ZIP-US-008,Northside_Fulfillment,95.2,191,18.1,0.95,36.9,operational
2025-04-26,ZIP-US-009,Central_Fulfillment,95.0,194,19.5,0.88,38.6,operational
2025-04-26,ZIP-US-010,Central_Fulfillment,94.5,197,24.6,1.22,38.4,operational
2025-04-26,ZIP-US-011,Central_Fulfillment,95.5,200,13.6,0.76,36.3,operational
2025-04-26,ZIP-US-012,Central_Fulfillment,95.2,203,16.0,0.94,37.7,operational
2025-04-26,ZIP-US-013,Central_Fulfillment,95.1,206,16.9,0.87,38.0,operational
2025-04-26,ZIP-US-014,Central_Fulfillment,95.3,209,20.4,1.3,36.1,operational
2025-04-26,ZIP-US-015,Central_Fulfillment,95.3,212,21.7,0.8,37.3,operational
2025-04-26,ZIP-US-016,Central_Fulfillment,95.0,215,25.1,0.98,37.9,operational
2025-04-26,ZIP-US-017,Eastside_Fulfillment,95.3,218,18.5,1.07,35.6,operational
2025-04-26,ZIP-US-018,Eastside_Fulfillment,95.4,221,17.7,0.88,38.2,operational
2025-04-26,ZIP-US-019,Eastside_Fulfillment,95.2,224,20.2,1.07,38.9,operational
2025-04-26,ZIP-US-020,Eastside_Fulfillment,95.2,227,17.8,1.04,36.7,operational
2025-04-26,ZIP-US-021,Eastside_Fulfillment,95.4,230,24.8,1.08,37.6,operational
2025-04-26,ZIP-US-022,Eastside_Fulfillment,94.9,233,29.2,0.9,36.5,operational
2025-04-26,ZIP-US-023,Eastside_Fulfillment,94.9,236,22.6,0.88,35.0,operational
2025-04-26,ZIP-US-024,Eastside_Fulfillment,95.5,239,21.7,1.29,37.7,operational
2025-04-27,ZIP-US-001,Northside_Fulfillment,95.4,172,24.9,0.89,39.0,operational
2025-04-27,ZIP-US-002,Northside_Fulfillment,94.9,175,22.2,0.98,35.6,operational
2025-04-27,ZIP-US-003,Northside_Fulfillment,94.9,178,24.5,0.82,37.1,operational
2025-04-27,ZIP-US-004,Northside_Fulfillment,95.3,181,13.2,0.94,37.9,operational
2025-04-27,ZIP-US-005,Northside_Fulfillment,95.9,184,22.4,0.79,37.1,operational
2025-04-27,ZIP-US-006,Northside_Fulfillment,94.5,187,20.2,1.12,36.7,operational
2025-04-27,ZIP-US-007,Northside_Fulfillment,95.2,190,20.9,0.85,36.3,operational
2025-04-27,ZIP-US-008,Northside_Fulfillment,95.4,193,22.9,0.84,36.0,operational
2025-04-27,ZIP-US-009,Central_Fulfillment,95.3,196,25.1,0.94,35.5,operational
2025-04-27,ZIP-US-010,Central_Fulfillment,95.0,199,15.2,0.92,38.7,operational
2025-04-27,ZIP-US-011,Central_Fulfillment,95.0,202,23.0,0.91,36.8,operational
2025-04-27,ZIP-US-012,Central_Fulfillment,94.8,205,23.4,0.99,38.0,operational
2025-04-27,ZIP-US-013,Central_Fulfillment,95.1,208,21.9,1.19,38.8,operational
2025-04-27,ZIP-US-014,Central_Fulfillment,95.1,211,20.9,0.79,36.5,operational
2025-04-27,ZIP-US-015,Central_Fulfillment,95.2,214,21.9,1.07,37.1,operational
2025-04-27,ZIP-US-016,Central_Fulfillment,95.5,217,21.0,0.7,36.3,operational
2025-04-27,ZIP-US-017,Eastside_Fulfillment,94.9,220,17.6,1.17,38.3,operational
2025-04-27,ZIP-US-018,Eastside_Fulfillment,94.6,223,18.4,0.95,37.0,operational
2025-04-27,ZIP-US-019,Eastside_Fulfillment,95.9,226,23.1,1.16,37.3,operational
2025-04-27,ZIP-US-020,Eastside_Fulfillment,95.1,229,15.3,0.9,36.8,operational
2025-04-27,ZIP-US-021,Eastside_Fulfillment,95.4,232,14.4,1.12,39.5,operational
2025-04-27,ZIP-US-022,Eastside_Fulfillment,95.1,235,21.4,1.05,36.3,operational
2025-04-27,ZIP-US-023,Eastside_Fulfillment,95.0,238,23.8,1.21,37.1,operational
2025-04-27,ZIP-US-024,Eastside_Fulfillment,94.8,241,22.5,1.11,35.9,operational
2025-04-28,ZIP-US-001,Northside_Fulfillment,95.5,173,23.0,0.78,36.6,operational
2025-04-28,ZIP-US-002,Northside_Fulfillment,95.4,176,24.3,0.84,36.3,operational
2025-04-28,ZIP-US-003,Northside_Fulfillment,95.4,179,18.0,1.16,36.0,operational
2025-04-28,ZIP-US-004,Northside_Fulfillment,95.2,182,12.0,1.0,39.7,operational
2025-04-28,ZIP-US-005,Northside_Fulfillment,94.8,185,16.5,1.05,38.4,operational
2025-04-28,ZIP-US-006,Northside_Fulfillment,95.5,188,21.5,0.88,37.0,operational
2025-04-28,ZIP-US-007,Northside_Fulfillment,95.8,191,15.7,0.79,36.9,operational
2025-04-28,ZIP-US-008,Northside_Fulfillment,95.3,194,23.0,1.2,36.7,operational
2025-04-28,ZIP-US-009,Central_Fulfillment,95.3,197,15.5,1.17,37.7,operational
2025-04-28,ZIP-US-010,Central_Fulfillment,95.2,200,15.2,0.94,35.9,operational
2025-04-28,ZIP-US-011,Central_Fulfillment,95.4,203,17.2,0.99,35.1,operational
2025-04-28,ZIP-US-012,Central_Fulfillment,94.7,206,25.3,0.89,37.4,operational
2025-04-28,ZIP-US-013,Central_Fulfillment,95.1,209,17.6,0.85,37.4,operational
2025-04-28,ZIP-US-014,Central_Fulfillment,94.8,212,23.7,1.09,37.3,operational
2025-04-28,ZIP-US-015,Central_Fulfillment,95.3,215,25.3,1.22,38.4,operational
2025-04-28,ZIP-US-016,Central_Fulfillment,95.4,218,23.0,0.73,36.4,operational
2025-04-28,ZIP-US-017,Eastside_Fulfillment,95.1,221,22.7,1.0,37.1,operational
2025-04-28,ZIP-US-018,Eastside_Fulfillment,94.9,224,28.5,1.23,35.7,operational
2025-04-28,ZIP-US-019,Eastside_Fulfillment,96.0,227,23.4,1.08,38.0,operational
2025-04-28,ZIP-US-020,Eastside_Fulfillment,95.4,230,27.1,0.97,36.1,operational
2025-04-28,ZIP-US-021,Eastside_Fulfillment,94.9,233,22.1,1.05,34.5,operational
2025-04-28,ZIP-US-022,Eastside_Fulfillment,95.0,236,15.1,1.31,37.6,operational
2025-04-28,ZIP-US-023,Eastside_Fulfillment,95.4,239,23.9,0.89,38.8,operational
2025-04-28,ZIP-US-024,Eastside_Fulfillment,94.6,242,21.3,1.05,38.5,operational
2025-04-29,ZIP-US-001,Northside_Fulfillment,95.1,175,6.7,1.09,38.2,operational
2025-04-29,ZIP-US-002,Northside_Fulfillment,94.2,178,21.5,0.99,37.9,operational
2025-04-29,ZIP-US-003,Northside_Fulfillment,95.1,181,19.9,1.01,36.9,operational
2025-04-29,ZIP-US-004,Northside_Fulfillment,95.4,184,17.3,1.25,37.9,operational
2025-04-29,ZIP-US-005,Northside_Fulfillment,95.0,187,21.6,0.97,37.4,operational
2025-04-29,ZIP-US-006,Northside_Fulfillment,94.9,190,22.9,1.18,37.8,operational
2025-04-29,ZIP-US-007,Northside_Fulfillment,95.0,193,14.2,0.93,37.3,operational
2025-04-29,ZIP-US-008,Northside_Fulfillment,95.9,196,20.5,1.16,37.2,operational
2025-04-29,ZIP-US-009,Central_Fulfillment,95.3,199,18.4,1.2,36.2,operational
2025-04-29,ZIP-US-010,Central_Fulfillment,95.3,202,23.3,0.99,37.7,operational
2025-04-29,ZIP-US-011,Central_Fulfillment,94.6,205,13.4,1.16,37.8,operational
2025-04-29,ZIP-US-012,Central_Fulfillment,94.9,208,23.7,1.01,38.7,operational
2025-04-29,ZIP-US-013,Central_Fulfillment,94.8,211,20.7,0.77,35.8,operational
2025-04-29,ZIP-US-014,Central_Fulfillment,95.4,214,28.9,0.88,36.3,operational
2025-04-29,ZIP-US-015,Central_Fulfillment,95.0,217,14.9,1.04,35.3,operational
2025-04-29,ZIP-US-016,Central_Fulfillment,95.4,220,21.6,0.94,37.4,operational
2025-04-29,ZIP-US-017,Eastside_Fulfillment,95.4,223,13.0,0.95,38.0,operational
2025-04-29,ZIP-US-018,Eastside_Fulfillment,95.3,226,20.1,1.06,38.2,operational
2025-04-29,ZIP-US-019,Eastside_Fulfillment,94.6,229,24.6,1.04,38.1,operational
2025-04-29,ZIP-US-020,Eastside_Fulfillment,95.0,232,19.9,0.99,37.3,operational
2025-04-29,ZIP-US-021,Eastside_Fulfillment,95.6,235,21.5,0.74,36.9,operational
2025-04-29,ZIP-US-022,Eastside_Fulfillment,94.8,238,20.3,1.17,37.9,operational
2025-04-29,ZIP-US-023,Eastside_Fulfillment,95.2,241,20.1,0.94,38.4,operational
2025-04-29,ZIP-US-024,Eastside_Fulfillment,95.1,244,21.9,0.77,37.4,operational
2025-04-30,ZIP-US-001,Northside_Fulfillment,95.7,176,22.0,1.07,36.8,operational
2025-04-30,ZIP-US-002,Northside_Fulfillment,94.9,179,22.3,0.7,36.8,operational
2025-04-30,ZIP-US-003,Northside_Fulfillment,95.4,182,14.3,0.84,37.5,operational
2025-04-30,ZIP-US-004,Northside_Fulfillment,95.1,185,22.0,0.83,37.5,operational
2025-04-30,ZIP-US-005,Northside_Fulfillment,95.0,188,11.1,1.12,37.2,operational
2025-04-30,ZIP-US-006,Northside_Fulfillment,94.8,191,27.2,1.07,37.9,operational
2025-04-30,ZIP-US-007,Northside_Fulfillment,95.3,194,20.3,1.18,37.4,operational
2025-04-30,ZIP-US-008,Northside_Fulfillment,94.9,197,18.8,1.0,37.9,operational
2025-04-30,ZIP-US-009,Central_Fulfillment,94.4,200,18.6,1.12,37.7,operational
2025-04-30,ZIP-US-010,Central_Fulfillment,94.5,203,19.6,0.89,36.0,operational
2025-04-30,ZIP-US-011,Central_Fulfillment,95.6,206,13.4,1.21,36.0,operational
2025-04-30,ZIP-US-012,Central_Fulfillment,94.6,209,19.1,0.92,35.6,operational
2025-04-30,ZIP-US-013,Central_Fulfillment,95.2,212,13.2,0.95,37.9,operational
2025-04-30,ZIP-US-014,Central_Fulfillment,93.9,215,19.9,1.04,35.8,operational
2025-04-30,ZIP-US-015,Central_Fulfillment,94.8,218,14.9,1.23,37.4,operational
2025-04-30,ZIP-US-016,Central_Fulfillment,94.9,221,15.7,1.18,38.5,operational
2025-04-30,ZIP-US-017,Eastside_Fulfillment,95.2,224,18.7,0.84,37.3,operational
2025-04-30,ZIP-US-018,Eastside_Fulfillment,94.9,227,19.7,0.97,35.8,operational
2025-04-30,ZIP-US-019,Eastside_Fulfillment,95.7,230,15.6,0.92,37.0,operational
2025-04-30,ZIP-US-020,Eastside_Fulfillment,94.8,233,24.6,1.17,38.3,operational
2025-04-30,ZIP-US-021,Eastside_Fulfillment,95.3,236,22.3,1.0,37.4,operational
2025-04-30,ZIP-US-022,Eastside_Fulfillment,94.7,239,11.1,0.87,36.6,operational
2025-04-30,ZIP-US-023,Eastside_Fulfillment,95.4,242,18.9,1.38,38.0,operational
2025-04-30,ZIP-US-024,Eastside_Fulfillment,95.0,245,20.3,1.11,37.8,operational
2025-05-01,ZIP-US-001,Northside_Fulfillment,95.5,178,18.0,1.04,38.3,operational
2025-05-01,ZIP-US-002,Northside_Fulfillment,94.3,181,17.2,0.89,37.0,operational
2025-05-01,ZIP-US-003,Northside_Fulfillment,94.9,184,23.3,0.82,37.5,operational
2025-05-01,ZIP-US-004,Northside_Fulfillment,94.9,187,26.1,1.01,36.9,operational
2025-05-01,ZIP-US-005,Northside_Fulfillment,94.5,190,21.1,1.01,38.8,operational
2025-05-01,ZIP-US-006,Northside_Fulfillment,95.0,193,28.6,0.84,38.0,operational
2025-05-01,ZIP-US-007,Northside_Fulfillment,95.2,196,15.2,0.95,38.7,operational
2025-05-01,ZIP-US-008,Northside_Fulfillment,94.9,199,24.6,0.78,36.7,operational
2025-05-01,ZIP-US-009,Central_Fulfillment,95.6,202,18.7,1.03,36.3,operational
2025-05-01,ZIP-US-010,Central_Fulfillment,95.6,205,22.0,1.03,37.2,operational
2025-05-01,ZIP-US-011,Central_Fulfillment,95.6,208,18.0,1.19,37.1,operational
2025-05-01,ZIP-US-012,Central_Fulfillment,95.1,211,15.5,0.8,36.9,operational
2025-05-01,ZIP-US-013,Central_Fulfillment,94.7,214,18.0,0.97,37.2,operational
2025-05-01,ZIP-US-014,Central_Fulfillment,95.1,217,19.0,0.74,37.3,operational
2025-05-01,ZIP-US-015,Central_Fulfillment,94.8,220,15.6,1.08,36.5,operational
2025-05-01,ZIP-US-016,Central_Fulfillment,94.6,223,26.8,0.98,35.7,operational
2025-05-01,ZIP-US-017,Eastside_Fulfillment,95.4,226,19.1,1.01,36.7,operational
2025-05-01,ZIP-US-018,Eastside_Fulfillment,95.1,229,19.6,1.18,36.5,operational
2025-05-01,ZIP-US-019,Eastside_Fulfillment,95.0,232,21.7,1.26,36.9,operational
2025-05-01,ZIP-US-020,Eastside_Fulfillment,94.2,235,22.9,0.82,38.5,operational
2025-05-01,ZIP-US-021,Eastside_Fulfillment,95.4,238,23.1,1.06,36.8,operational
2025-05-01,ZIP-US-022,Eastside_Fulfillment,95.5,241,16.7,0.96,36.5,operational
2025-05-01,ZIP-US-023,Eastside_Fulfillment,95.3,244,22.3,0.59,37.2,operational
2025-05-01,ZIP-US-024,Eastside_Fulfillment,95.4,247,11.6,0.89,36.5,operational
2025-05-02,ZIP-US-001,Northside_Fulfillment,95.2,179,22.3,1.03,38.1,operational
2025-05-02,ZIP-US-002,Northside_Fulfillment,94.7,182,15.9,1.12,37.8,operational
2025-05-02,ZIP-US-003,Northside_Fulfillment,95.4,185,29.5,0.97,37.3,operational
2025-05-02,ZIP-US-004,Northside_Fulfillment,95.1,188,15.8,1.13,36.2,operational
2025-05-02,ZIP-US-005,Northside_Fulfillment,94.6,191,20.4,0.86,36.6,operational
2025-05-02,ZIP-US-006,Northside_Fulfillment,94.2,194,17.8,1.07,38.1,operational
2025-05-02,ZIP-US-007,Northside_Fulfillment,95.0,197,18.3,0.99,35.8,operational
2025-05-02,ZIP-US-008,Northside_Fulfillment,94.6,200,14.7,1.14,35.1,operational
2025-05-02,ZIP-US-009,Central_Fulfillment,94.7,203,19.7,1.02,38.2,operational
2025-05-02,ZIP-US-010,Central_Fulfillment,95.1,206,16.3,1.09,36.9,operational
2025-05-02,ZIP-US-011,Central_Fulfillment,94.8,209,20.7,0.72,36.8,operational
2025-05-02,ZIP-US-012,Central_Fulfillment,94.7,212,13.6,1.02,37.0,operational
2025-05-02,ZIP-US-013,Central_Fulfillment,95.2,215,10.7,1.09,36.3,operational
2025-05-02,ZIP-US-014,Central_Fulfillment,95.1,218,19.3,1.02,37.4,operational
2025-05-02,ZIP-US-015,Central_Fulfillment,94.5,221,20.6,1.26,36.7,operational
2025-05-02,ZIP-US-016,Central_Fulfillment,95.6,224,23.0,1.01,37.4,operational
2025-05-02,ZIP-US-017,Eastside_Fulfillment,94.9,227,21.3,1.06,36.6,operational
2025-05-02,ZIP-US-018,Eastside_Fulfillment,94.9,230,25.3,0.94,37.2,operational
2025-05-02,ZIP-US-019,Eastside_Fulfillment,95.0,233,21.4,1.36,36.9,operational
2025-05-02,ZIP-US-020,Eastside_Fulfillment,94.8,236,21.2,1.3,35.7,operational
2025-05-02,ZIP-US-021,Eastside_Fulfillment,94.8,239,20.5,1.14,37.1,operational
2025-05-02,ZIP-US-022,Eastside_Fulfillment,94.8,242,24.6,1.08,38.4,operational
2025-05-02,ZIP-US-023,Eastside_Fulfillment,94.2,245,21.0,1.16,36.6,operational
2025-05-02,ZIP-US-024,Eastside_Fulfillment,95.0,248,19.2,0.95,37.1,operational
2025-05-03,ZIP-US-001,Northside_Fulfillment,95.4,181,27.3,1.17,37.6,operational
2025-05-03,ZIP-US-002,Northside_Fulfillment,94.7,184,17.1,1.0,36.1,operational
2025-05-03,ZIP-US-003,Northside_Fulfillment,95.0,187,20.5,0.87,37.3,operational
2025-05-03,ZIP-US-004,Northside_Fulfillment,95.4,190,15.0,0.99,36.8,operational
2025-05-03,ZIP-US-005,Northside_Fulfillment,95.3,193,20.8,0.68,36.6,operational
2025-05-03,ZIP-US-006,Northside_Fulfillment,95.4,196,19.7,0.95,37.2,operational
2025-05-03,ZIP-US-007,Northside_Fulfillment,95.2,199,25.3,0.91,40.2,operational
2025-05-03,ZIP-US-008,Northside_Fulfillment,94.9,202,26.5,1.13,36.1,operational
2025-05-03,ZIP-US-009,Central_Fulfillment,95.2,205,16.9,0.94,36.1,operational
2025-05-03,ZIP-US-010,Central_Fulfillment,95.0,208,18.1,0.98,38.0,operational
2025-05-03,ZIP-US-011,Central_Fulfillment,94.6,211,22.1,0.92,37.4,operational
2025-05-03,ZIP-US-012,Central_Fulfillment,95.1,214,18.1,1.1,36.2,operational
2025-05-03,ZIP-US-013,Central_Fulfillment,95.4,217,18.9,1.25,35.7,operational
2025-05-03,ZIP-US-014,Central_Fulfillment,95.3,220,19.5,0.95,38.0,operational
2025-05-03,ZIP-US-015,Central_Fulfillment,95.3,223,16.4,1.17,37.8,operational
2025-05-03,ZIP-US-016,Central_Fulfillment,95.3,226,23.6,0.87,37.2,operational
2025-05-03,ZIP-US-017,Eastside_Fulfillment,95.5,229,25.7,1.06,36.9,operational
2025-05-03,ZIP-US-018,Eastside_Fulfillment,95.2,232,24.9,1.03,37.9,operational
2025-05-03,ZIP-US-019,Eastside_Fulfillment,95.1,235,19.8,0.87,36.1,operational
2025-05-03,ZIP-US-020,Eastside_Fulfillment,94.7,238,19.4,0.81,36.1,operational
2025-05-03,ZIP-US-021,Eastside_Fulfillment,94.9,241,24.7,0.88,35.8,operational
2025-05-03,ZIP-US-022,Eastside_Fulfillment,95.4,244,12.2,0.98,36.6,operational
2025-05-03,ZIP-US-023,Eastside_Fulfillment,94.6,247,17.3,1.01,36.0,operational
2025-05-03,ZIP-US-024,Eastside_Fulfillment,94.9,250,19.2,0.68,35.7,operational
2025-05-04,ZIP-US-001,Northside_Fulfillment,95.3,182,18.7,1.24,36.9,operational
2025-05-04,ZIP-US-002,Northside_Fulfillment,95.0,185,27.2,0.81,36.4,operational
2025-05-04,ZIP-US-003,Northside_Fulfillment,95.5,188,15.3,1.01,36.9,operational
2025-05-04,ZIP-US-004,Northside_Fulfillment,94.8,191,19.0,0.84,36.9,operational
2025-05-04,ZIP-US-005,Northside_Fulfillment,95.0,194,18.0,1.08,37.4,operational
2025-05-04,ZIP-US-006,Northside_Fulfillment,94.8,197,19.6,1.13,37.5,operational
2025-05-04,ZIP-US-007,Northside_Fulfillment,95.3,200,18.8,1.15,35.1,operational
2025-05-04,ZIP-US-008,Northside_Fulfillment,95.2,203,14.3,1.05,37.6,operational
2025-05-04,ZIP-US-009,Central_Fulfillment,94.6,206,15.4,1.08,37.3,operational
2025-05-04,ZIP-US-010,Central_Fulfillment,95.5,209,15.6,0.95,38.5,operational
2025-05-04,ZIP-US-011,Central_Fulfillment,95.0,212,18.7,0.84,36.1,operational
2025-05-04,ZIP-US-012,Central_Fulfillment,94.6,215,21.8,1.01,36.3,operational
2025-05-04,ZIP-US-013,Central_Fulfillment,95.3,218,23.6,0.98,38.4,operational
2025-05-04,ZIP-US-014,Central_Fulfillment,95.3,221,27.9,1.09,38.2,operational
2025-05-04,ZIP-US-015,Central_Fulfillment,94.6,224,15.0,0.86,37.1,operational
2025-05-04,ZIP-US-016,Central_Fulfillment,95.0,227,18.3,0.95,35.9,operational
2025-05-04,ZIP-US-017,Eastside_Fulfillment,94.7,230,16.8,0.8,36.2,operational
2025-05-04,ZIP-US-018,Eastside_Fulfillment,95.0,233,12.6,0.93,37.2,operational
2025-05-04,ZIP-US-019,Eastside_Fulfillment,94.0,236,15.8,0.93,38.9,operational
2025-05-04,ZIP-US-020,Eastside_Fulfillment,95.1,239,22.3,1.12,36.7,operational
2025-05-04,ZIP-US-021,Eastside_Fulfillment,95.3,242,18.4,1.14,35.9,operational
2025-05-04,ZIP-US-022,Eastside_Fulfillment,94.9,245,20.5,0.94,37.7,operational
2025-05-04,ZIP-US-023,Eastside_Fulfillment,94.9,248,18.1,1.07,36.3,operational
2025-05-04,ZIP-US-024,Eastside_Fulfillment,94.9,251,15.8,0.97,36.8,operational
2025-05-05,ZIP-US-001,Northside_Fulfillment,94.9,184,15.8,1.16,38.1,operational
2025-05-05,ZIP-US-002,Northside_Fulfillment,94.9,187,27.1,1.24,37.1,operational
2025-05-05,ZIP-US-003,Northside_Fulfillment,95.4,190,20.4,0.91,38.4,operational
2025-05-05,ZIP-US-004,Northside_Fulfillment,94.6,193,15.7,1.17,37.3,operational
2025-05-05,ZIP-US-005,Northside_Fulfillment,95.3,196,16.9,1.04,37.5,operational
2025-05-05,ZIP-US-006,Northside_Fulfillment,94.4,199,24.1,1.12,35.9,operational
2025-05-05,ZIP-US-007,Northside_Fulfillment,94.6,202,11.0,0.74,37.5,operational
2025-05-05,ZIP-US-008,Northside_Fulfillment,95.0,205,20.3,1.01,37.8,operational
2025-05-05,ZIP-US-009,Central_Fulfillment,94.8,208,24.7,0.71,36.3,operational
2025-05-05,ZIP-US-010,Central_Fulfillment,95.2,211,21.2,0.86,37.7,operational
2025-05-05,ZIP-US-011,Central_Fulfillment,95.2,214,27.0,0.89,37.5,operational
2025-05-05,ZIP-US-012,Central_Fulfillment,94.6,217,19.3,1.01,37.0,operational
2025-05-05,ZIP-US-013,Central_Fulfillment,94.2,220,19.7,1.02,37.4,operational
2025-05-05,ZIP-US-014,Central_Fulfillment,94.8,223,18.4,0.93,37.3,operational
2025-05-05,ZIP-US-015,Central_Fulfillment,95.6,226,20.0,1.0,37.1,operational
2025-05-05,ZIP-US-016,Central_Fulfillment,95.1,229,19.2,1.06,36.4,operational
2025-05-05,ZIP-US-017,Eastside_Fulfillment,95.1,232,17.8,0.99,36.3,operational
2025-05-05,ZIP-US-018,Eastside_Fulfillment,95.0,235,19.8,0.68,38.4,operational
2025-05-05,ZIP-US-019,Eastside_Fulfillment,95.8,238,16.4,0.86,37.6,operational
2025-05-05,ZIP-US-020,Eastside_Fulfillment,95.0,241,19.1,1.22,40.2,operational
2025-05-05,ZIP-US-021,Eastside_Fulfillment,94.8,244,25.7,0.92,37.4,operational
2025-05-05,ZIP-US-022,Eastside_Fulfillment,95.4,247,20.5,1.26,38.8,operational
2025-05-05,ZIP-US-023,Eastside_Fulfillment,95.2,250,21.8,0.83,36.4,operational
2025-05-05,ZIP-US-024,Eastside_Fulfillment,94.8,253,18.3,1.11,35.9,operational
2025-05-06,ZIP-US-001,Northside_Fulfillment,95.1,185,18.4,0.88,36.1,operational
2025-05-06,ZIP-US-002,Northside_Fulfillment,94.9,188,23.1,0.97,37.1,operational
2025-05-06,ZIP-US-003,Northside_Fulfillment,95.5,191,18.4,0.88,35.8,operational
2025-05-06,ZIP-US-004,Northside_Fulfillment,94.6,194,21.9,1.21,35.8,operational
2025-05-06,ZIP-US-005,Northside_Fulfillment,95.4,197,24.2,0.85,37.7,operational
2025-05-06,ZIP-US-006,Northside_Fulfillment,94.7,200,23.6,0.98,36.1,operational
2025-05-06,ZIP-US-007,Northside_Fulfillment,95.5,203,21.9,0.95,35.2,operational
2025-05-06,ZIP-US-008,Northside_Fulfillment,94.4,206,16.0,1.2,37.8,operational
2025-05-06,ZIP-US-009,Central_Fulfillment,95.1,209,16.3,1.16,37.1,operational
2025-05-06,ZIP-US-010,Central_Fulfillment,94.6,212,23.1,1.0,37.5,operational
2025-05-06,ZIP-US-011,Central_Fulfillment,95.1,215,16.9,1.03,36.8,operational
2025-05-06,ZIP-US-012,Central_Fulfillment,95.0,218,17.6,1.0,35.6,operational
2025-05-06,ZIP-US-013,Central_Fulfillment,95.3,221,20.6,0.86,36.3,operational
2025-05-06,ZIP-US-014,Central_Fulfillment,95.1,224,15.6,0.9,38.1,operational
2025-05-06,ZIP-US-015,Central_Fulfillment,95.3,227,18.2,1.03,36.7,operational
2025-05-06,ZIP-US-016,Central_Fulfillment,95.1,230,14.6,1.03,37.2,operational
2025-05-06,ZIP-US-017,Eastside_Fulfillment,95.0,233,23.8,0.91,38.3,operational
2025-05-06,ZIP-US-018,Eastside_Fulfillment,94.8,236,24.3,0.86,38.3,operational
2025-05-06,ZIP-US-019,Eastside_Fulfillment,95.2,239,19.9,0.83,36.1,operational
2025-05-06,ZIP-US-020,Eastside_Fulfillment,94.9,242,28.3,0.81,36.0,operational
2025-05-06,ZIP-US-021,Eastside_Fulfillment,95.5,245,12.2,0.97,35.1,operational
2025-05-06,ZIP-US-022,Eastside_Fulfillment,94.3,248,16.5,0.79,38.7,operational
2025-05-06,ZIP-US-023,Eastside_Fulfillment,94.9,251,18.2,1.08,34.7,operational
2025-05-06,ZIP-US-024,Eastside_Fulfillment,94.3,254,26.2,1.03,38.4,operational
2025-05-07,ZIP-US-001,Northside_Fulfillment,94.8,187,17.8,1.04,36.1,operational
2025-05-07,ZIP-US-002,Northside_Fulfillment,94.8,190,20.7,1.3,37.7,operational
2025-05-07,ZIP-US-003,Northside_Fulfillment,94.7,193,26.6,0.79,35.3,operational
2025-05-07,ZIP-US-004,Northside_Fulfillment,95.0,196,16.2,1.14,36.8,operational
2025-05-07,ZIP-US-005,Northside_Fulfillment,94.5,199,18.4,0.98,38.4,operational
2025-05-07,ZIP-US-006,Northside_Fulfillment,95.2,202,19.4,1.14,36.7,operational
2025-05-07,ZIP-US-007,Northside_Fulfillment,94.9,205,21.9,0.97,37.9,operational
2025-05-07,ZIP-US-008,Northside_Fulfillment,94.9,208,18.2,0.97,37.9,operational
2025-05-07,ZIP-US-009,Central_Fulfillment,94.7,211,20.3,0.87,35.9,operational
2025-05-07,ZIP-US-010,Central_Fulfillment,94.4,214,25.7,0.95,35.3,operational
2025-05-07,ZIP-US-011,Central_Fulfillment,95.0,217,25.6,0.78,37.3,operational
2025-05-07,ZIP-US-012,Central_Fulfillment,95.1,220,12.0,1.09,37.5,operational
2025-05-07,ZIP-US-013,Central_Fulfillment,94.7,223,18.6,0.98,36.4,operational
2025-05-07,ZIP-US-014,Central_Fulfillment,94.4,226,23.8,1.16,38.5,operational
2025-05-07,ZIP-US-015,Central_Fulfillment,95.2,229,21.6,0.91,39.2,operational
2025-05-07,ZIP-US-016,Central_Fulfillment,94.6,232,17.6,0.86,36.6,operational
2025-05-07,ZIP-US-017,Eastside_Fulfillment,94.6,235,24.3,0.96,36.8,operational
2025-05-07,ZIP-US-018,Eastside_Fulfillment,94.5,238,8.3,0.98,36.6,operational
2025-05-07,ZIP-US-019,Eastside_Fulfillment,95.6,241,22.9,1.04,36.4,operational
2025-05-07,ZIP-US-020,Eastside_Fulfillment,94.7,244,17.0,1.03,35.6,operational
2025-05-07,ZIP-US-021,Eastside_Fulfillment,95.4,247,12.3,1.02,35.5,operational
2025-05-07,ZIP-US-022,Eastside_Fulfillment,94.5,250,17.6,1.08,37.0,operational
2025-05-07,ZIP-US-023,Eastside_Fulfillment,94.8,253,17.3,0.86,37.2,operational
2025-05-07,ZIP-US-024,Eastside_Fulfillment,95.1,256,20.8,0.97,37.1,operational
2025-05-08,ZIP-US-001,Northside_Fulfillment,94.4,188,24.2,0.98,37.4,operational
2025-05-08,ZIP-US-002,Northside_Fulfillment,95.4,191,17.8,1.06,36.9,operational
2025-05-08,ZIP-US-003,Northside_Fulfillment,94.6,194,14.1,1.0,36.6,operational
2025-05-08,ZIP-US-004,Northside_Fulfillment,95.1,197,26.2,0.98,37.0,operational
2025-05-08,ZIP-US-005,Northside_Fulfillment,94.8,200,20.3,1.06,36.7,operational
2025-05-08,ZIP-US-006,Northside_Fulfillment,95.1,203,18.6,1.22,36.2,operational
2025-05-08,ZIP-US-007,Northside_Fulfillment,94.8,206,17.2,0.99,36.8,operational
2025-05-08,ZIP-US-008,Northside_Fulfillment,94.8,209,24.8,0.91,36.7,operational
2025-05-08,ZIP-US-009,Central_Fulfillment,95.3,212,17.2,1.08,34.5,operational
2025-05-08,ZIP-US-010,Central_Fulfillment,95.5,215,14.1,0.84,37.1,operational
2025-05-08,ZIP-US-011,Central_Fulfillment,95.1,218,19.7,0.99,36.5,operational
2025-05-08,ZIP-US-012,Central_Fulfillment,95.2,221,15.2,1.14,37.5,operational
2025-05-08,ZIP-US-013,Central_Fulfillment,95.4,224,23.8,1.11,36.9,operational
2025-05-08,ZIP-US-014,Central_Fulfillment,95.5,227,23.9,1.19,38.0,operational
2025-05-08,ZIP-US-015,Central_Fulfillment,94.5,230,19.8,1.15,38.0,operational
2025-05-08,ZIP-US-016,Central_Fulfillment,93.8,233,20.7,1.19,36.9,operational
2025-05-08,ZIP-US-017,Eastside_Fulfillment,94.6,236,16.4,1.07,36.6,operational
2025-05-08,ZIP-US-018,Eastside_Fulfillment,95.0,239,14.1,0.99,37.9,operational
2025-05-08,ZIP-US-019,Eastside_Fulfillment,95.3,242,14.2,1.2,37.0,operational
2025-05-08,ZIP-US-020,Eastside_Fulfillment,95.3,245,16.5,1.22,37.1,operational
2025-05-08,ZIP-US-021,Eastside_Fulfillment,94.7,248,24.7,1.13,37.0,operational
2025-05-08,ZIP-US-022,Eastside_Fulfillment,94.1,251,18.2,0.86,36.2,operational
2025-05-08,ZIP-US-023,Eastside_Fulfillment,94.2,254,18.9,0.65,37.7,operational
2025-05-08,ZIP-US-024,Eastside_Fulfillment,95.9,257,22.6,0.71,37.3,operational
2025-05-09,ZIP-US-001,Northside_Fulfillment,94.6,190,21.7,1.14,36.5,operational
2025-05-09,ZIP-US-002,Northside_Fulfillment,94.5,193,14.9,1.16,38.4,operational
2025-05-09,ZIP-US-003,Northside_Fulfillment,95.1,196,18.2,0.92,37.6,operational
2025-05-09,ZIP-US-004,Northside_Fulfillment,94.6,199,17.7,0.92,36.1,operational
2025-05-09,ZIP-US-005,Northside_Fulfillment,94.2,202,17.1,1.06,35.7,operational
2025-05-09,ZIP-US-006,Northside_Fulfillment,94.7,205,25.5,0.78,35.2,operational
2025-05-09,ZIP-US-007,Northside_Fulfillment,94.1,208,22.9,0.77,36.5,operational
2025-05-09,ZIP-US-008,Northside_Fulfillment,95.4,211,18.1,1.22,38.1,operational
2025-05-09,ZIP-US-009,Central_Fulfillment,94.6,214,25.1,1.09,35.8,operational
2025-05-09,ZIP-US-010,Central_Fulfillment,95.0,217,23.3,0.78,35.4,operational
2025-05-09,ZIP-US-011,Central_Fulfillment,86.7,220,52.0,0.99,35.9,monitoring
2025-05-09,ZIP-US-012,Central_Fulfillment,95.3,223,14.3,0.87,37.5,operational
2025-05-09,ZIP-US-013,Central_Fulfillment,94.6,226,14.3,1.11,35.4,operational
2025-05-09,ZIP-US-014,Central_Fulfillment,95.2,229,12.2,0.92,37.8,operational
2025-05-09,ZIP-US-015,Central_Fulfillment,95.7,232,19.4,0.89,37.5,operational
2025-05-09,ZIP-US-016,Central_Fulfillment,94.6,235,21.8,0.86,37.2,operational
2025-05-09,ZIP-US-017,Eastside_Fulfillment,94.6,238,18.2,1.03,36.4,operational
2025-05-09,ZIP-US-018,Eastside_Fulfillment,95.2,241,17.9,1.42,36.3,operational
2025-05-09,ZIP-US-019,Eastside_Fulfillment,94.6,244,25.9,1.0,37.0,operational
2025-05-09,ZIP-US-020,Eastside_Fulfillment,94.3,247,19.2,0.89,38.2,operational
2025-05-09,ZIP-US-021,Eastside_Fulfillment,94.9,250,22.8,0.98,38.5,operational
2025-05-09,ZIP-US-022,Eastside_Fulfillment,94.6,253,19.1,1.06,37.4,operational
2025-05-09,ZIP-US-023,Eastside_Fulfillment,95.1,256,24.7,0.94,35.5,operational
2025-05-09,ZIP-US-024,Eastside_Fulfillment,95.2,259,20.4,1.21,36.5,operational
2025-05-10,ZIP-US-001,Northside_Fulfillment,94.7,191,20.3,0.98,38.0,operational
2025-05-10,ZIP-US-002,Northside_Fulfillment,94.6,194,15.5,1.11,37.1,operational
2025-05-10,ZIP-US-003,Northside_Fulfillment,95.0,197,19.5,1.05,35.3,operational
2025-05-10,ZIP-US-004,Northside_Fulfillment,94.7,200,22.2,0.99,35.3,operational
2025-05-10,ZIP-US-005,Northside_Fulfillment,94.3,203,25.0,0.93,38.5,operational
2025-05-10,ZIP-US-006,Northside_Fulfillment,95.0,206,14.2,0.65,38.4,operational
2025-05-10,ZIP-US-007,Northside_Fulfillment,94.3,209,25.5,1.11,38.0,operational
2025-05-10,ZIP-US-008,Northside_Fulfillment,95.3,212,21.5,1.11,37.5,operational
2025-05-10,ZIP-US-009,Central_Fulfillment,94.3,215,17.7,1.01,36.3,operational
2025-05-10,ZIP-US-010,Central_Fulfillment,94.5,218,18.0,1.11,35.6,operational
2025-05-10,ZIP-US-011,Central_Fulfillment,84.9,221,51.4,1.17,36.2,monitoring
2025-05-10,ZIP-US-012,Central_Fulfillment,95.3,224,17.3,1.04,37.7,operational
2025-05-10,ZIP-US-013,Central_Fulfillment,94.3,227,22.3,1.21,37.4,operational
2025-05-10,ZIP-US-014,Central_Fulfillment,94.9,230,18.8,1.06,36.5,operational
2025-05-10,ZIP-US-015,Central_Fulfillment,94.5,233,20.9,1.0,37.9,operational
2025-05-10,ZIP-US-016,Central_Fulfillment,94.6,236,22.7,1.25,38.2,operational
2025-05-10,ZIP-US-017,Eastside_Fulfillment,94.2,239,13.4,0.82,36.8,operational
2025-05-10,ZIP-US-018,Eastside_Fulfillment,94.6,242,21.7,0.98,38.8,operational
2025-05-10,ZIP-US-019,Eastside_Fulfillment,94.8,245,22.6,1.03,36.6,operational
2025-05-10,ZIP-US-020,Eastside_Fulfillment,94.5,248,23.9,0.88,35.2,operational
2025-05-10,ZIP-US-021,Eastside_Fulfillment,95.4,251,21.8,0.98,39.7,operational
2025-05-10,ZIP-US-022,Eastside_Fulfillment,94.2,254,15.8,1.03,37.8,operational
2025-05-10,ZIP-US-023,Eastside_Fulfillment,94.2,257,24.6,0.85,36.8,operational
2025-05-10,ZIP-US-024,Eastside_Fulfillment,95.0,260,17.4,0.87,37.0,operational
2025-05-11,ZIP-US-001,Northside_Fulfillment,94.7,193,15.8,0.94,37.9,operational
2025-05-11,ZIP-US-002,Northside_Fulfillment,95.0,196,27.0,1.09,36.7,operational
2025-05-11,ZIP-US-003,Northside_Fulfillment,94.7,199,21.7,0.96,37.3,operational
2025-05-11,ZIP-US-004,Northside_Fulfillment,95.1,202,17.3,0.92,37.3,operational
2025-05-11,ZIP-US-005,Northside_Fulfillment,94.7,205,16.8,0.9,36.3,operational
2025-05-11,ZIP-US-006,Northside_Fulfillment,95.2,208,26.1,0.93,36.6,operational
2025-05-11,ZIP-US-007,Northside_Fulfillment,95.0,211,21.6,1.05,36.8,operational
2025-05-11,ZIP-US-008,Northside_Fulfillment,95.0,214,26.2,1.08,40.0,operational
2025-05-11,ZIP-US-009,Central_Fulfillment,95.1,217,17.3,0.83,37.7,operational
2025-05-11,ZIP-US-010,Central_Fulfillment,95.2,220,17.9,0.86,37.1,operational
2025-05-11,ZIP-US-011,Central_Fulfillment,84.8,223,59.0,1.29,37.6,monitoring
2025-05-11,ZIP-US-012,Central_Fulfillment,95.0,226,21.3,0.86,36.6,operational
2025-05-11,ZIP-US-013,Central_Fulfillment,94.3,229,17.2,1.14,37.4,operational
2025-05-11,ZIP-US-014,Central_Fulfillment,94.5,232,20.8,1.17,36.5,operational
2025-05-11,ZIP-US-015,Central_Fulfillment,95.0,235,26.4,0.83,35.7,operational
2025-05-11,ZIP-US-016,Central_Fulfillment,94.6,238,19.6,1.02,37.3,operational
2025-05-11,ZIP-US-017,Eastside_Fulfillment,94.9,241,19.8,1.01,37.0,operational
2025-05-11,ZIP-US-018,Eastside_Fulfillment,95.2,244,23.1,0.88,37.4,operational
2025-05-11,ZIP-US-019,Eastside_Fulfillment,94.5,247,20.8,0.98,37.4,operational
2025-05-11,ZIP-US-020,Eastside_Fulfillment,94.7,250,16.1,0.98,36.8,operational
2025-05-11,ZIP-US-021,Eastside_Fulfillment,94.7,253,15.8,0.96,35.3,operational
2025-05-11,ZIP-US-022,Eastside_Fulfillment,95.1,256,18.4,0.93,36.7,operational
2025-05-11,ZIP-US-023,Eastside_Fulfillment,94.5,259,18.4,1.0,36.0,operational
2025-05-11,ZIP-US-024,Eastside_Fulfillment,95.0,262,21.4,0.97,36.4,operational
2025-05-12,ZIP-US-001,Northside_Fulfillment,94.1,194,19.4,0.8,38.1,operational
2025-05-12,ZIP-US-002,Northside_Fulfillment,94.8,197,13.1,1.32,38.1,operational
2025-05-12,ZIP-US-003,Northside_Fulfillment,94.3,200,23.3,1.08,36.7,operational
2025-05-12,ZIP-US-004,Northside_Fulfillment,94.8,203,18.2,1.19,37.7,operational
2025-05-12,ZIP-US-005,Northside_Fulfillment,94.3,206,18.2,1.08,36.4,operational
2025-05-12,ZIP-US-006,Northside_Fulfillment,94.6,209,22.5,0.99,37.2,operational
2025-05-12,ZIP-US-007,Northside_Fulfillment,95.0,212,18.3,1.15,36.6,operational
2025-05-12,ZIP-US-008,Northside_Fulfillment,94.9,215,20.5,1.13,39.1,operational
2025-05-12,ZIP-US-009,Central_Fulfillment,94.3,218,19.6,1.05,36.0,operational
2025-05-12,ZIP-US-010,Central_Fulfillment,95.1,221,22.1,0.89,36.6,operational
2025-05-12,ZIP-US-011,Central_Fulfillment,82.8,224,67.5,1.37,36.3,monitoring
2025-05-12,ZIP-US-012,Central_Fulfillment,95.3,227,27.2,1.07,34.5,operational
2025-05-12,ZIP-US-013,Central_Fulfillment,94.4,230,26.8,0.8,37.1,operational
2025-05-12,ZIP-US-014,Central_Fulfillment,95.0,233,27.3,1.03,35.3,operational
2025-05-12,ZIP-US-015,Central_Fulfillment,94.6,236,20.9,1.18,37.0,operational
2025-05-12,ZIP-US-016,Central_Fulfillment,94.9,239,19.9,1.03,38.6,operational
2025-05-12,ZIP-US-017,Eastside_Fulfillment,95.0,242,20.0,1.09,36.3,operational
2025-05-12,ZIP-US-018,Eastside_Fulfillment,94.2,245,22.3,1.03,36.9,operational
2025-05-12,ZIP-US-019,Eastside_Fulfillment,94.7,248,27.0,0.96,36.5,operational
2025-05-12,ZIP-US-020,Eastside_Fulfillment,95.3,251,17.6,0.86,38.2,operational
2025-05-12,ZIP-US-021,Eastside_Fulfillment,94.4,254,19.9,0.98,37.1,operational
2025-05-12,ZIP-US-022,Eastside_Fulfillment,94.9,257,20.7,1.27,36.5,operational
2025-05-12,ZIP-US-023,Eastside_Fulfillment,94.4,260,19.7,0.75,37.2,operational
2025-05-12,ZIP-US-024,Eastside_Fulfillment,94.9,263,22.7,0.81,37.9,operational
2025-05-13,ZIP-US-001,Northside_Fulfillment,94.9,196,19.5,1.05,36.7,operational
2025-05-13,ZIP-US-002,Northside_Fulfillment,95.0,199,21.3,0.99,38.4,operational
2025-05-13,ZIP-US-003,Northside_Fulfillment,94.8,202,26.9,0.91,37.4,operational
2025-05-13,ZIP-US-004,Northside_Fulfillment,95.3,205,21.8,0.92,37.0,operational
2025-05-13,ZIP-US-005,Northside_Fulfillment,94.6,208,13.0,1.29,37.6,operational
2025-05-13,ZIP-US-006,Northside_Fulfillment,94.4,211,21.9,0.91,38.6,operational
2025-05-13,ZIP-US-007,Northside_Fulfillment,94.7,214,20.4,1.11,35.7,operational
2025-05-13,ZIP-US-008,Northside_Fulfillment,94.9,217,12.4,1.23,36.7,operational
2025-05-13,ZIP-US-009,Central_Fulfillment,94.4,220,21.9,0.96,38.6,operational
2025-05-13,ZIP-US-010,Central_Fulfillment,95.3,223,15.0,1.08,36.7,operational
2025-05-13,ZIP-US-011,Central_Fulfillment,81.9,226,64.9,0.94,38.7,monitoring
2025-05-13,ZIP-US-012,Central_Fulfillment,94.6,229,23.7,0.85,36.9,operational
2025-05-13,ZIP-US-013,Central_Fulfillment,94.5,232,25.4,1.32,35.1,operational
2025-05-13,ZIP-US-014,Central_Fulfillment,94.5,235,19.1,1.0,38.0,operational
2025-05-13,ZIP-US-015,Central_Fulfillment,94.5,238,15.0,0.88,36.8,operational
2025-05-13,ZIP-US-016,Central_Fulfillment,95.2,241,21.1,1.03,37.6,operational
2025-05-13,ZIP-US-017,Eastside_Fulfillment,95.0,244,22.5,1.09,38.6,operational
2025-05-13,ZIP-US-018,Eastside_Fulfillment,94.2,247,21.2,1.16,39.8,operational
2025-05-13,ZIP-US-019,Eastside_Fulfillment,94.6,250,16.3,1.07,37.6,operational
2025-05-13,ZIP-US-020,Eastside_Fulfillment,95.4,253,24.2,0.86,36.8,operational
2025-05-13,ZIP-US-021,Eastside_Fulfillment,94.2,256,23.3,1.03,39.0,operational
2025-05-13,ZIP-US-022,Eastside_Fulfillment,95.3,259,19.8,0.86,39.0,operational
2025-05-13,ZIP-US-023,Eastside_Fulfillment,94.7,262,14.9,1.01,37.2,operational
2025-05-13,ZIP-US-024,Eastside_Fulfillment,95.3,265,23.8,1.1,37.6,operational
2025-05-14,ZIP-US-001,Northside_Fulfillment,95.0,197,30.9,0.95,38.9,operational
2025-05-14,ZIP-US-002,Northside_Fulfillment,94.6,200,16.5,0.98,38.2,operational
2025-05-14,ZIP-US-003,Northside_Fulfillment,94.5,203,26.1,1.2,36.3,operational
2025-05-14,ZIP-US-004,Northside_Fulfillment,95.2,206,21.2,1.26,37.6,operational
2025-05-14,ZIP-US-005,Northside_Fulfillment,95.4,209,17.4,1.09,37.5,operational
2025-05-14,ZIP-US-006,Northside_Fulfillment,95.1,212,19.1,0.99,37.6,operational
2025-05-14,ZIP-US-007,Northside_Fulfillment,95.3,215,21.1,0.78,37.0,operational
2025-05-14,ZIP-US-008,Northside_Fulfillment,94.8,218,17.7,1.16,36.5,operational
2025-05-14,ZIP-US-009,Central_Fulfillment,94.4,221,20.1,0.82,36.6,operational
2025-05-14,ZIP-US-010,Central_Fulfillment,94.9,224,15.2,0.98,36.5,operational
2025-05-14,ZIP-US-011,Central_Fulfillment,80.3,227,74.2,1.1,36.5,grounded
2025-05-14,ZIP-US-012,Central_Fulfillment,94.6,230,28.2,1.01,37.4,operational
2025-05-14,ZIP-US-013,Central_Fulfillment,95.5,233,28.0,0.8,36.5,operational
2025-05-14,ZIP-US-014,Central_Fulfillment,94.4,236,20.3,0.88,36.9,operational
2025-05-14,ZIP-US-015,Central_Fulfillment,94.5,239,10.0,0.93,36.9,operational
2025-05-14,ZIP-US-016,Central_Fulfillment,94.9,242,12.2,0.91,36.4,operational
2025-05-14,ZIP-US-017,Eastside_Fulfillment,94.7,245,21.7,1.19,36.2,operational
2025-05-14,ZIP-US-018,Eastside_Fulfillment,94.4,248,23.6,0.84,34.9,operational
2025-05-14,ZIP-US-019,Eastside_Fulfillment,95.8,251,20.7,1.06,37.9,operational
2025-05-14,ZIP-US-020,Eastside_Fulfillment,94.7,254,20.6,1.1,36.5,operational
2025-05-14,ZIP-US-021,Eastside_Fulfillment,94.6,257,23.8,1.43,37.3,operational
2025-05-14,ZIP-US-022,Eastside_Fulfillment,95.0,260,18.2,0.99,38.0,operational
2025-05-14,ZIP-US-023,Eastside_Fulfillment,94.6,263,21.6,1.14,36.2,operational
2025-05-14,ZIP-US-024,Eastside_Fulfillment,94.0,266,17.0,0.98,35.7,operational
2025-05-15,ZIP-US-001,Northside_Fulfillment,94.9,199,15.2,1.07,39.2,operational
2025-05-15,ZIP-US-002,Northside_Fulfillment,94.9,202,15.5,0.98,35.4,operational
2025-05-15,ZIP-US-003,Northside_Fulfillment,94.6,205,22.9,0.91,38.8,operational
2025-05-15,ZIP-US-004,Northside_Fulfillment,94.5,208,19.1,0.93,35.2,operational
2025-05-15,ZIP-US-005,Northside_Fulfillment,95.3,211,16.3,0.89,34.7,operational
2025-05-15,ZIP-US-006,Northside_Fulfillment,94.5,214,19.3,1.05,36.3,operational
2025-05-15,ZIP-US-007,Northside_Fulfillment,94.7,217,15.3,1.11,39.2,operational
2025-05-15,ZIP-US-008,Northside_Fulfillment,94.3,220,18.5,0.96,36.0,operational
2025-05-15,ZIP-US-009,Central_Fulfillment,94.5,223,30.0,1.22,37.3,operational
2025-05-15,ZIP-US-010,Central_Fulfillment,94.3,226,18.5,0.77,37.3,operational
2025-05-15,ZIP-US-011,Central_Fulfillment,79.7,229,75.1,0.76,36.5,grounded
2025-05-15,ZIP-US-012,Central_Fulfillment,95.2,232,22.9,1.01,39.2,operational
2025-05-15,ZIP-US-013,Central_Fulfillment,95.2,235,17.4,0.89,38.0,operational
2025-05-15,ZIP-US-014,Central_Fulfillment,95.1,238,16.9,0.77,35.0,operational
2025-05-15,ZIP-US-015,Central_Fulfillment,94.7,241,13.7,0.84,37.7,operational
2025-05-15,ZIP-US-016,Central_Fulfillment,94.6,244,19.6,0.86,38.1,operational
2025-05-15,ZIP-US-017,Eastside_Fulfillment,94.5,247,20.8,0.87,35.1,operational
2025-05-15,ZIP-US-018,Eastside_Fulfillment,94.9,250,17.0,1.2,35.7,operational
2025-05-15,ZIP-US-019,Eastside_Fulfillment,94.3,253,20.6,0.99,38.4,operational
2025-05-15,ZIP-US-020,Eastside_Fulfillment,94.6,256,15.6,1.05,35.8,operational
2025-05-15,ZIP-US-021,Eastside_Fulfillment,94.3,259,23.8,0.9,38.2,operational
2025-05-15,ZIP-US-022,Eastside_Fulfillment,94.3,262,23.8,1.11,38.0,operational
2025-05-15,ZIP-US-023,Eastside_Fulfillment,94.9,265,17.1,0.78,39.0,operational
2025-05-15,ZIP-US-024,Eastside_Fulfillment,94.6,268,23.8,1.17,36.9,operational
2025-05-16,ZIP-US-001,Northside_Fulfillment,94.5,200,19.9,0.93,37.7,operational
2025-05-16,ZIP-US-002,Northside_Fulfillment,95.0,203,22.0,1.16,38.2,operational
2025-05-16,ZIP-US-003,Northside_Fulfillment,94.8,206,13.4,1.37,36.2,operational
2025-05-16,ZIP-US-004,Northside_Fulfillment,95.1,209,19.4,0.99,38.3,operational
2025-05-16,ZIP-US-005,Northside_Fulfillment,94.5,212,20.5,1.03,36.0,operational
2025-05-16,ZIP-US-006,Northside_Fulfillment,95.0,215,13.8,0.9,36.8,operational
2025-05-16,ZIP-US-007,Northside_Fulfillment,94.2,218,18.9,1.07,38.1,operational
2025-05-16,ZIP-US-008,Northside_Fulfillment,94.8,221,28.2,0.94,37.2,operational
2025-05-16,ZIP-US-009,Central_Fulfillment,94.7,224,19.5,0.99,36.1,operational
2025-05-16,ZIP-US-010,Central_Fulfillment,94.9,227,20.6,1.05,36.5,operational
2025-05-16,ZIP-US-011,Central_Fulfillment,94.8,230,19.3,0.99,37.3,grounded
2025-05-16,ZIP-US-012,Central_Fulfillment,95.1,233,23.1,1.07,37.1,operational
2025-05-16,ZIP-US-013,Central_Fulfillment,94.8,236,13.4,1.05,38.2,operational
2025-05-16,ZIP-US-014,Central_Fulfillment,94.7,239,23.5,1.01,36.6,operational
2025-05-16,ZIP-US-015,Central_Fulfillment,94.9,242,20.2,0.9,37.3,operational
2025-05-16,ZIP-US-016,Central_Fulfillment,94.9,245,20.5,0.8,37.2,operational
2025-05-16,ZIP-US-017,Eastside_Fulfillment,94.4,248,18.3,0.85,38.4,operational
2025-05-16,ZIP-US-018,Eastside_Fulfillment,94.7,251,24.3,0.91,35.7,operational
2025-05-16,ZIP-US-019,Eastside_Fulfillment,94.9,254,16.2,1.04,37.6,operational
2025-05-16,ZIP-US-020,Eastside_Fulfillment,95.0,257,23.1,0.91,36.7,operational
2025-05-16,ZIP-US-021,Eastside_Fulfillment,94.7,260,22.6,1.16,36.5,operational
2025-05-16,ZIP-US-022,Eastside_Fulfillment,94.4,263,16.2,0.99,38.2,operational
2025-05-16,ZIP-US-023,Eastside_Fulfillment,94.1,266,23.1,0.95,35.0,operational
2025-05-16,ZIP-US-024,Eastside_Fulfillment,94.9,269,16.2,0.83,36.0,operational
2025-05-17,ZIP-US-001,Northside_Fulfillment,94.8,202,22.6,1.04,36.6,operational
2025-05-17,ZIP-US-002,Northside_Fulfillment,94.6,205,23.7,0.81,35.7,operational
2025-05-17,ZIP-US-003,Northside_Fulfillment,94.9,208,19.1,1.04,36.2,operational
2025-05-17,ZIP-US-004,Northside_Fulfillment,93.9,211,21.0,0.94,37.6,operational
2025-05-17,ZIP-US-005,Northside_Fulfillment,95.1,214,15.3,0.89,37.4,operational
2025-05-17,ZIP-US-006,Northside_Fulfillment,94.0,217,16.9,0.94,37.8,operational
2025-05-17,ZIP-US-007,Northside_Fulfillment,95.4,220,20.4,1.19,35.7,operational
2025-05-17,ZIP-US-008,Northside_Fulfillment,94.6,223,14.8,1.02,35.7,operational
2025-05-17,ZIP-US-009,Central_Fulfillment,94.8,226,13.5,1.02,36.5,operational
2025-05-17,ZIP-US-010,Central_Fulfillment,94.0,229,16.2,0.83,39.1,operational
2025-05-17,ZIP-US-011,Central_Fulfillment,95.1,232,24.2,1.2,37.3,grounded
2025-05-17,ZIP-US-012,Central_Fulfillment,95.0,235,22.8,1.05,38.0,operational
2025-05-17,ZIP-US-013,Central_Fulfillment,94.7,238,18.9,0.93,37.7,operational
2025-05-17,ZIP-US-014,Central_Fulfillment,94.6,241,17.2,1.24,36.7,operational
2025-05-17,ZIP-US-015,Central_Fulfillment,94.7,244,25.0,0.95,37.4,operational
2025-05-17,ZIP-US-016,Central_Fulfillment,94.9,247,20.8,0.86,36.0,operational
2025-05-17,ZIP-US-017,Eastside_Fulfillment,94.9,250,18.5,1.01,37.2,operational
2025-05-17,ZIP-US-018,Eastside_Fulfillment,95.0,253,21.4,0.93,36.3,operational
2025-05-17,ZIP-US-019,Eastside_Fulfillment,95.0,256,13.8,1.33,37.9,operational
2025-05-17,ZIP-US-020,Eastside_Fulfillment,94.4,259,20.3,1.05,36.9,operational
2025-05-17,ZIP-US-021,Eastside_Fulfillment,94.3,262,26.2,0.64,36.1,operational
2025-05-17,ZIP-US-022,Eastside_Fulfillment,94.6,265,24.6,0.88,38.5,operational
2025-05-17,ZIP-US-023,Eastside_Fulfillment,94.8,268,25.3,1.0,36.8,operational
2025-05-17,ZIP-US-024,Eastside_Fulfillment,94.6,271,25.4,1.06,38.5,operational
2025-05-18,ZIP-US-001,Northside_Fulfillment,94.8,203,10.3,0.87,37.9,operational
2025-05-18,ZIP-US-002,Northside_Fulfillment,94.8,206,15.4,0.95,36.0,operational
2025-05-18,ZIP-US-003,Northside_Fulfillment,94.8,209,21.3,0.91,36.5,operational
2025-05-18,ZIP-US-004,Northside_Fulfillment,94.7,212,18.9,1.04,38.3,operational
2025-05-18,ZIP-US-005,Northside_Fulfillment,94.6,215,11.9,1.0,38.3,operational
2025-05-18,ZIP-US-006,Northside_Fulfillment,94.9,218,13.6,0.89,35.2,operational
2025-05-18,ZIP-US-007,Northside_Fulfillment,95.3,221,16.7,1.21,35.6,operational
2025-05-18,ZIP-US-008,Northside_Fulfillment,94.7,224,18.5,1.37,37.3,operational
2025-05-18,ZIP-US-009,Central_Fulfillment,94.2,227,26.7,1.15,35.3,operational
2025-05-18,ZIP-US-010,Central_Fulfillment,94.3,230,25.0,1.13,35.8,operational
2025-05-18,ZIP-US-011,Central_Fulfillment,93.9,233,28.0,1.14,35.5,grounded
2025-05-18,ZIP-US-012,Central_Fulfillment,94.5,236,20.2,1.08,36.9,operational
2025-05-18,ZIP-US-013,Central_Fulfillment,94.7,239,21.2,1.03,37.7,operational
2025-05-18,ZIP-US-014,Central_Fulfillment,94.5,242,26.6,0.99,37.7,operational
2025-05-18,ZIP-US-015,Central_Fulfillment,94.0,245,18.3,1.13,36.9,operational
2025-05-18,ZIP-US-016,Central_Fulfillment,94.9,248,12.1,0.9,37.8,operational
2025-05-18,ZIP-US-017,Eastside_Fulfillment,94.2,251,14.4,1.02,37.7,operational
2025-05-18,ZIP-US-018,Eastside_Fulfillment,94.6,254,23.5,1.26,36.9,operational
2025-05-18,ZIP-US-019,Eastside_Fulfillment,94.4,257,16.4,1.05,36.6,operational
2025-05-18,ZIP-US-020,Eastside_Fulfillment,94.6,260,19.1,0.93,36.8,operational
2025-05-18,ZIP-US-021,Eastside_Fulfillment,94.6,263,21.9,1.09,37.0,operational
2025-05-18,ZIP-US-022,Eastside_Fulfillment,94.6,266,19.6,1.18,37.0,operational
2025-05-18,ZIP-US-023,Eastside_Fulfillment,94.8,269,23.3,1.1,36.2,operational
2025-05-18,ZIP-US-024,Eastside_Fulfillment,94.6,272,19.2,1.13,36.6,operational
2025-05-19,ZIP-US-001,Northside_Fulfillment,94.3,205,17.9,0.95,37.8,operational
2025-05-19,ZIP-US-002,Northside_Fulfillment,94.5,208,24.3,0.73,37.1,operational
2025-05-19,ZIP-US-003,Northside_Fulfillment,94.4,211,22.3,1.17,36.1,operational
2025-05-19,ZIP-US-004,Northside_Fulfillment,94.6,214,18.1,1.03,38.5,operational
2025-05-19,ZIP-US-005,Northside_Fulfillment,94.5,217,18.2,1.22,39.9,operational
2025-05-19,ZIP-US-006,Northside_Fulfillment,94.5,220,18.3,0.92,37.4,operational
2025-05-19,ZIP-US-007,Northside_Fulfillment,94.5,223,15.9,0.93,37.0,operational
2025-05-19,ZIP-US-008,Northside_Fulfillment,93.9,226,21.6,0.97,36.7,operational
2025-05-19,ZIP-US-009,Central_Fulfillment,94.8,229,25.5,1.09,35.6,operational
2025-05-19,ZIP-US-010,Central_Fulfillment,94.1,232,16.1,1.12,37.8,operational
2025-05-19,ZIP-US-011,Central_Fulfillment,94.9,235,14.0,0.83,36.8,grounded
2025-05-19,ZIP-US-012,Central_Fulfillment,94.6,238,24.6,0.91,37.0,operational
2025-05-19,ZIP-US-013,Central_Fulfillment,94.3,241,18.5,1.19,38.2,operational
2025-05-19,ZIP-US-014,Central_Fulfillment,94.7,244,22.0,0.87,38.4,operational
2025-05-19,ZIP-US-015,Central_Fulfillment,93.9,247,15.1,0.77,36.7,operational
2025-05-19,ZIP-US-016,Central_Fulfillment,95.2,250,26.0,1.1,37.2,operational
2025-05-19,ZIP-US-017,Eastside_Fulfillment,94.5,253,16.9,1.21,36.7,operational
2025-05-19,ZIP-US-018,Eastside_Fulfillment,95.0,256,15.3,0.84,36.2,operational
2025-05-19,ZIP-US-019,Eastside_Fulfillment,94.5,259,18.8,1.02,36.3,operational
2025-05-19,ZIP-US-020,Eastside_Fulfillment,94.7,262,26.3,0.95,35.9,operational
2025-05-19,ZIP-US-021,Eastside_Fulfillment,94.4,265,24.1,1.29,38.2,operational
2025-05-19,ZIP-US-022,Eastside_Fulfillment,94.8,268,19.3,1.05,37.1,operational
2025-05-19,ZIP-US-023,Eastside_Fulfillment,94.8,271,24.7,0.87,35.5,operational
2025-05-19,ZIP-US-024,Eastside_Fulfillment,94.6,274,25.7,1.19,37.4,operational
2025-05-20,ZIP-US-001,Northside_Fulfillment,94.6,206,20.0,1.21,37.8,operational
2025-05-20,ZIP-US-002,Northside_Fulfillment,94.3,209,20.0,0.96,38.0,operational
2025-05-20,ZIP-US-003,Northside_Fulfillment,95.6,212,18.3,1.27,35.2,operational
2025-05-20,ZIP-US-004,Northside_Fulfillment,94.2,215,20.8,0.74,35.5,operational
2025-05-20,ZIP-US-005,Northside_Fulfillment,95.1,218,20.9,1.06,38.3,operational
2025-05-20,ZIP-US-006,Northside_Fulfillment,94.4,221,26.0,0.98,39.0,operational
2025-05-20,ZIP-US-007,Northside_Fulfillment,95.0,224,19.7,1.16,37.9,operational
2025-05-20,ZIP-US-008,Northside_Fulfillment,95.3,227,17.1,1.0,37.1,operational
2025-05-20,ZIP-US-009,Central_Fulfillment,94.5,230,28.3,1.07,37.7,operational
2025-05-20,ZIP-US-010,Central_Fulfillment,95.0,233,26.2,0.93,34.9,operational
2025-05-20,ZIP-US-011,Central_Fulfillment,94.7,236,16.8,0.61,37.8,grounded
2025-05-20,ZIP-US-012,Central_Fulfillment,94.3,239,27.9,1.04,37.9,operational
2025-05-20,ZIP-US-013,Central_Fulfillment,94.0,242,25.6,1.16,37.0,operational
2025-05-20,ZIP-US-014,Central_Fulfillment,94.1,245,25.6,1.1,36.0,operational
2025-05-20,ZIP-US-015,Central_Fulfillment,94.9,248,21.8,0.83,36.9,operational
2025-05-20,ZIP-US-016,Central_Fulfillment,94.5,251,17.1,0.95,36.6,operational
2025-05-20,ZIP-US-017,Eastside_Fulfillment,95.0,254,17.5,1.11,37.4,operational
2025-05-20,ZIP-US-018,Eastside_Fulfillment,94.9,257,26.3,1.34,37.1,operational
2025-05-20,ZIP-US-019,Eastside_Fulfillment,94.4,260,20.4,0.9,36.6,operational
2025-05-20,ZIP-US-020,Eastside_Fulfillment,94.1,263,16.5,0.97,35.2,operational
2025-05-20,ZIP-US-021,Eastside_Fulfillment,94.8,266,17.6,1.11,37.6,operational
2025-05-20,ZIP-US-022,Eastside_Fulfillment,94.3,269,20.2,0.86,37.6,operational
2025-05-20,ZIP-US-023,Eastside_Fulfillment,94.3,272,21.7,1.03,39.8,operational
2025-05-20,ZIP-US-024,Eastside_Fulfillment,94.2,275,21.3,0.76,38.1,operational
2025-05-21,ZIP-US-001,Northside_Fulfillment,94.8,208,24.7,0.87,35.6,operational
2025-05-21,ZIP-US-002,Northside_Fulfillment,94.4,211,22.4,0.99,36.8,operational
2025-05-21,ZIP-US-003,Northside_Fulfillment,94.7,214,21.4,1.02,37.9,operational
2025-05-21,ZIP-US-004,Northside_Fulfillment,94.5,217,19.3,0.9,36.6,operational
2025-05-21,ZIP-US-005,Northside_Fulfillment,94.7,220,22.8,1.03,37.9,operational
2025-05-21,ZIP-US-006,Northside_Fulfillment,95.0,223,25.2,0.92,37.4,operational
2025-05-21,ZIP-US-007,Northside_Fulfillment,94.0,226,20.1,0.94,36.0,operational
2025-05-21,ZIP-US-008,Northside_Fulfillment,95.1,229,17.2,1.0,36.5,operational
2025-05-21,ZIP-US-009,Central_Fulfillment,94.5,232,21.1,0.94,36.4,operational
2025-05-21,ZIP-US-010,Central_Fulfillment,93.9,235,24.0,1.07,37.9,operational
2025-05-21,ZIP-US-011,Central_Fulfillment,98.8,238,19.1,0.87,37.6,operational
2025-05-21,ZIP-US-012,Central_Fulfillment,94.8,241,20.0,0.68,37.2,operational
2025-05-21,ZIP-US-013,Central_Fulfillment,94.3,244,18.1,1.14,36.3,operational
2025-05-21,ZIP-US-014,Central_Fulfillment,94.7,247,19.4,1.18,37.5,operational
2025-05-21,ZIP-US-015,Central_Fulfillment,95.1,250,24.8,0.88,36.1,operational
2025-05-21,ZIP-US-016,Central_Fulfillment,94.6,253,17.4,0.85,37.1,operational
2025-05-21,ZIP-US-017,Eastside_Fulfillment,94.9,256,22.2,1.06,38.2,operational
2025-05-21,ZIP-US-018,Eastside_Fulfillment,94.4,259,28.6,0.82,36.8,operational
2025-05-21,ZIP-US-019,Eastside_Fulfillment,94.1,262,16.5,0.94,36.9,operational
2025-05-21,ZIP-US-020,Eastside_Fulfillment,94.3,265,27.4,1.05,36.5,operational
2025-05-21,ZIP-US-021,Eastside_Fulfillment,94.8,268,16.1,0.92,37.4,operational
2025-05-21,ZIP-US-022,Eastside_Fulfillment,95.0,271,23.9,1.26,36.5,operational
2025-05-21,ZIP-US-023,Eastside_Fulfillment,94.4,274,17.7,1.26,38.1,operational
2025-05-21,ZIP-US-024,Eastside_Fulfillment,94.2,277,15.8,1.01,36.0,operational
2025-05-22,ZIP-US-001,Northside_Fulfillment,94.3,209,14.7,0.82,37.7,operational
2025-05-22,ZIP-US-002,Northside_Fulfillment,94.4,212,18.0,0.98,35.6,operational
2025-05-22,ZIP-US-003,Northside_Fulfillment,94.4,215,16.6,1.16,36.9,operational
2025-05-22,ZIP-US-004,Northside_Fulfillment,93.9,218,22.7,0.75,37.6,operational
2025-05-22,ZIP-US-005,Northside_Fulfillment,94.3,221,12.7,0.97,36.7,operational
2025-05-22,ZIP-US-006,Northside_Fulfillment,95.1,224,18.3,0.84,35.3,operational
2025-05-22,ZIP-US-007,Northside_Fulfillment,94.6,227,17.0,0.94,38.6,operational
2025-05-22,ZIP-US-008,Northside_Fulfillment,94.6,230,18.2,0.59,38.3,operational
2025-05-22,ZIP-US-009,Central_Fulfillment,95.1,233,16.8,0.93,36.8,operational
2025-05-22,ZIP-US-010,Central_Fulfillment,94.8,236,16.1,0.8,37.2,operational
2025-05-22,ZIP-US-011,Central_Fulfillment,98.6,239,16.7,1.18,36.7,operational
2025-05-22,ZIP-US-012,Central_Fulfillment,94.2,242,19.3,1.2,36.2,operational
2025-05-22,ZIP-US-013,Central_Fulfillment,94.1,245,20.3,1.02,37.2,operational
2025-05-22,ZIP-US-014,Central_Fulfillment,94.9,248,18.1,0.95,35.0,operational
2025-05-22,ZIP-US-015,Central_Fulfillment,94.8,251,22.3,1.0,37.9,operational
2025-05-22,ZIP-US-016,Central_Fulfillment,94.2,254,18.3,1.03,36.9,operational
2025-05-22,ZIP-US-017,Eastside_Fulfillment,94.5,257,19.8,1.0,35.3,operational
2025-05-22,ZIP-US-018,Eastside_Fulfillment,94.8,260,27.9,1.08,37.3,operational
2025-05-22,ZIP-US-019,Eastside_Fulfillment,94.5,263,23.7,0.92,37.0,operational
2025-05-22,ZIP-US-020,Eastside_Fulfillment,94.5,266,21.6,1.18,35.9,operational
2025-05-22,ZIP-US-021,Eastside_Fulfillment,94.9,269,19.2,1.19,38.3,operational
2025-05-22,ZIP-US-022,Eastside_Fulfillment,94.9,272,21.3,0.97,37.1,operational
2025-05-22,ZIP-US-023,Eastside_Fulfillment,94.8,275,15.8,0.75,38.1,operational
2025-05-22,ZIP-US-024,Eastside_Fulfillment,95.2,278,18.1,0.95,38.0,operational
2025-05-23,ZIP-US-001,Northside_Fulfillment,94.6,211,22.9,0.6,37.3,operational
2025-05-23,ZIP-US-002,Northside_Fulfillment,94.4,214,20.6,1.26,37.9,operational
2025-05-23,ZIP-US-003,Northside_Fulfillment,94.2,217,9.0,1.27,37.3,operational
2025-05-23,ZIP-US-004,Northside_Fulfillment,94.3,220,25.6,1.28,37.0,operational
2025-05-23,ZIP-US-005,Northside_Fulfillment,95.2,223,25.4,0.87,36.9,operational
2025-05-23,ZIP-US-006,Northside_Fulfillment,94.4,226,17.1,0.89,35.9,operational
2025-05-23,ZIP-US-007,Northside_Fulfillment,94.9,229,21.3,1.03,37.0,operational
2025-05-23,ZIP-US-008,Northside_Fulfillment,94.3,232,18.0,0.85,35.8,operational
2025-05-23,ZIP-US-009,Central_Fulfillment,94.2,235,23.0,0.98,38.2,operational
2025-05-23,ZIP-US-010,Central_Fulfillment,94.3,238,23.0,0.91,37.7,operational
2025-05-23,ZIP-US-011,Central_Fulfillment,98.9,241,18.6,1.05,37.8,operational
2025-05-23,ZIP-US-012,Central_Fulfillment,94.5,244,22.2,0.91,35.5,operational
2025-05-23,ZIP-US-013,Central_Fulfillment,94.3,247,19.2,0.92,36.8,operational
2025-05-23,ZIP-US-014,Central_Fulfillment,94.0,250,14.4,1.0,36.1,operational
2025-05-23,ZIP-US-015,Central_Fulfillment,94.1,253,17.0,0.97,37.3,operational
2025-05-23,ZIP-US-016,Central_Fulfillment,94.4,256,13.1,1.16,36.6,operational
2025-05-23,ZIP-US-017,Eastside_Fulfillment,94.7,259,19.4,1.11,38.2,operational
2025-05-23,ZIP-US-018,Eastside_Fulfillment,94.2,262,18.3,0.97,35.0,operational
2025-05-23,ZIP-US-019,Eastside_Fulfillment,94.4,265,17.7,0.94,35.5,operational
2025-05-23,ZIP-US-020,Eastside_Fulfillment,94.7,268,22.4,0.99,35.9,operational
2025-05-23,ZIP-US-021,Eastside_Fulfillment,94.6,271,22.2,0.81,36.9,operational
2025-05-23,ZIP-US-022,Eastside_Fulfillment,94.8,274,24.6,0.94,35.5,operational
2025-05-23,ZIP-US-023,Eastside_Fulfillment,94.6,277,20.5,0.95,36.4,operational
2025-05-23,ZIP-US-024,Eastside_Fulfillment,94.7,280,19.4,1.14,37.2,operational
2025-05-24,ZIP-US-001,Northside_Fulfillment,94.3,212,16.4,1.15,37.6,operational
2025-05-24,ZIP-US-002,Northside_Fulfillment,94.7,215,23.5,0.97,36.7,operational
2025-05-24,ZIP-US-003,Northside_Fulfillment,94.8,218,20.7,0.96,38.1,operational
2025-05-24,ZIP-US-004,Northside_Fulfillment,94.3,221,17.8,1.44,36.2,operational
2025-05-24,ZIP-US-005,Northside_Fulfillment,93.5,224,22.2,0.95,35.6,operational
2025-05-24,ZIP-US-006,Northside_Fulfillment,94.8,227,15.1,1.28,36.3,operational
2025-05-24,ZIP-US-007,Northside_Fulfillment,94.6,230,22.1,0.94,35.2,operational
2025-05-24,ZIP-US-008,Northside_Fulfillment,93.9,233,21.0,0.87,40.1,operational
2025-05-24,ZIP-US-009,Central_Fulfillment,94.8,236,25.9,1.06,38.5,operational
2025-05-24,ZIP-US-010,Central_Fulfillment,94.6,239,20.6,0.93,35.7,operational
2025-05-24,ZIP-US-011,Central_Fulfillment,98.7,242,18.9,0.93,37.3,operational
2025-05-24,ZIP-US-012,Central_Fulfillment,94.3,245,19.6,1.16,36.7,operational
2025-05-24,ZIP-US-013,Central_Fulfillment,94.3,248,24.5,1.18,36.4,operational
2025-05-24,ZIP-US-014,Central_Fulfillment,94.8,251,20.5,1.23,37.8,operational
2025-05-24,ZIP-US-015,Central_Fulfillment,95.2,254,19.3,1.04,36.7,operational
2025-05-24,ZIP-US-016,Central_Fulfillment,94.2,257,12.3,0.91,37.9,operational
2025-05-24,ZIP-US-017,Eastside_Fulfillment,94.8,260,24.7,1.18,36.7,operational
2025-05-24,ZIP-US-018,Eastside_Fulfillment,94.4,263,26.2,0.9,37.7,operational
2025-05-24,ZIP-US-019,Eastside_Fulfillment,94.5,266,16.9,1.25,37.1,operational
2025-05-24,ZIP-US-020,Eastside_Fulfillment,94.2,269,16.4,1.04,37.6,operational
2025-05-24,ZIP-US-021,Eastside_Fulfillment,94.7,272,20.3,0.98,36.9,operational
2025-05-24,ZIP-US-022,Eastside_Fulfillment,94.7,275,22.6,0.9,38.0,operational
2025-05-24,ZIP-US-023,Eastside_Fulfillment,94.6,278,16.7,1.1,39.5,operational
2025-05-24,ZIP-US-024,Eastside_Fulfillment,94.3,281,23.8,1.0,36.9,operational
2025-05-25,ZIP-US-001,Northside_Fulfillment,94.8,214,26.2,1.19,37.9,operational
2025-05-25,ZIP-US-002,Northside_Fulfillment,94.8,217,23.7,1.18,35.7,operational
2025-05-25,ZIP-US-003,Northside_Fulfillment,94.0,220,9.0,0.97,36.4,operational
2025-05-25,ZIP-US-004,Northside_Fulfillment,94.4,223,13.8,1.02,37.0,operational
2025-05-25,ZIP-US-005,Northside_Fulfillment,94.1,226,20.2,1.3,35.6,operational
2025-05-25,ZIP-US-006,Northside_Fulfillment,93.3,229,14.9,1.05,35.0,operational
2025-05-25,ZIP-US-007,Northside_Fulfillment,94.2,232,19.1,0.98,35.9,operational
2025-05-25,ZIP-US-008,Northside_Fulfillment,93.6,235,18.3,0.91,37.5,operational
2025-05-25,ZIP-US-009,Central_Fulfillment,94.7,238,26.2,0.87,35.2,operational
2025-05-25,ZIP-US-010,Central_Fulfillment,94.4,241,20.0,1.04,37.2,operational
2025-05-25,ZIP-US-011,Central_Fulfillment,98.9,244,15.4,1.27,35.9,operational
2025-05-25,ZIP-US-012,Central_Fulfillment,94.5,247,16.1,0.96,38.8,operational
2025-05-25,ZIP-US-013,Central_Fulfillment,94.7,250,11.5,0.78,36.1,operational
2025-05-25,ZIP-US-014,Central_Fulfillment,94.4,253,17.5,1.16,34.6,operational
2025-05-25,ZIP-US-015,Central_Fulfillment,94.4,256,23.7,0.87,38.7,operational
2025-05-25,ZIP-US-016,Central_Fulfillment,94.2,259,18.2,1.09,36.1,operational
2025-05-25,ZIP-US-017,Eastside_Fulfillment,93.9,262,27.5,1.06,35.9,operational
2025-05-25,ZIP-US-018,Eastside_Fulfillment,94.0,265,20.5,0.87,35.7,operational
2025-05-25,ZIP-US-019,Eastside_Fulfillment,94.4,268,24.0,0.66,36.6,operational
2025-05-25,ZIP-US-020,Eastside_Fulfillment,94.7,271,20.5,0.97,38.0,operational
2025-05-25,ZIP-US-021,Eastside_Fulfillment,94.0,274,23.5,1.0,37.0,operational
2025-05-25,ZIP-US-022,Eastside_Fulfillment,94.5,277,19.6,0.84,36.0,operational
2025-05-25,ZIP-US-023,Eastside_Fulfillment,94.3,280,14.2,1.08,38.0,operational
2025-05-25,ZIP-US-024,Eastside_Fulfillment,94.4,283,16.1,0.83,37.4,operational
2025-05-26,ZIP-US-001,Northside_Fulfillment,94.3,215,24.4,1.01,37.8,operational
2025-05-26,ZIP-US-002,Northside_Fulfillment,94.4,218,18.9,0.79,37.6,operational
2025-05-26,ZIP-US-003,Northside_Fulfillment,94.6,221,21.3,0.97,39.0,operational
2025-05-26,ZIP-US-004,Northside_Fulfillment,94.9,224,22.0,1.31,36.9,operational
2025-05-26,ZIP-US-005,Northside_Fulfillment,93.7,227,17.0,1.02,36.3,operational
2025-05-26,ZIP-US-006,Northside_Fulfillment,94.7,230,18.0,0.9,35.7,operational
2025-05-26,ZIP-US-007,Northside_Fulfillment,94.6,233,21.0,0.92,37.3,operational
2025-05-26,ZIP-US-008,Northside_Fulfillment,94.5,236,17.4,1.11,36.2,operational
2025-05-26,ZIP-US-009,Central_Fulfillment,94.7,239,19.6,0.84,37.8,operational
2025-05-26,ZIP-US-010,Central_Fulfillment,94.5,242,24.6,1.11,37.4,operational
2025-05-26,ZIP-US-011,Central_Fulfillment,98.9,245,15.9,1.18,36.0,operational
2025-05-26,ZIP-US-012,Central_Fulfillment,94.5,248,25.8,1.23,37.7,operational
2025-05-26,ZIP-US-013,Central_Fulfillment,94.3,251,17.3,1.07,36.4,operational
2025-05-26,ZIP-US-014,Central_Fulfillment,94.5,254,21.1,1.06,35.5,operational
2025-05-26,ZIP-US-015,Central_Fulfillment,94.1,257,25.0,1.15,34.4,operational
2025-05-26,ZIP-US-016,Central_Fulfillment,94.2,260,17.7,0.82,36.3,operational
2025-05-26,ZIP-US-017,Eastside_Fulfillment,93.9,263,21.5,0.91,36.2,operational
2025-05-26,ZIP-US-018,Eastside_Fulfillment,94.3,266,19.5,0.97,37.9,operational
2025-05-26,ZIP-US-019,Eastside_Fulfillment,93.8,269,17.9,1.04,38.1,operational
2025-05-26,ZIP-US-020,Eastside_Fulfillment,94.9,272,18.1,1.1,37.5,operational
2025-05-26,ZIP-US-021,Eastside_Fulfillment,93.9,275,14.8,0.92,37.6,operational
2025-05-26,ZIP-US-022,Eastside_Fulfillment,94.5,278,28.1,0.9,37.0,operational
2025-05-26,ZIP-US-023,Eastside_Fulfillment,94.4,281,18.3,1.0,37.4,operational
2025-05-26,ZIP-US-024,Eastside_Fulfillment,94.6,284,18.5,1.08,36.5,operational
2025-05-27,ZIP-US-001,Northside_Fulfillment,94.8,217,13.2,0.84,38.3,operational
2025-05-27,ZIP-US-002,Northside_Fulfillment,94.1,220,24.5,0.78,38.7,operational
2025-05-27,ZIP-US-003,Northside_Fulfillment,93.7,223,24.4,0.85,38.3,operational
2025-05-27,ZIP-US-004,Northside_Fulfillment,94.1,226,22.7,0.95,36.8,operational
2025-05-27,ZIP-US-005,Northside_Fulfillment,94.5,229,14.8,0.96,35.8,operational
2025-05-27,ZIP-US-006,Northside_Fulfillment,94.6,232,17.3,0.75,37.0,operational
2025-05-27,ZIP-US-007,Northside_Fulfillment,94.5,235,18.8,0.82,38.9,operational
2025-05-27,ZIP-US-008,Northside_Fulfillment,95.1,238,20.2,1.07,37.6,operational
2025-05-27,ZIP-US-009,Central_Fulfillment,94.8,241,21.8,0.88,36.9,operational
2025-05-27,ZIP-US-010,Central_Fulfillment,94.1,244,16.0,1.03,37.2,operational
2025-05-27,ZIP-US-011,Central_Fulfillment,98.8,247,19.3,1.05,37.3,operational
2025-05-27,ZIP-US-012,Central_Fulfillment,94.3,250,18.2,0.89,36.7,operational
2025-05-27,ZIP-US-013,Central_Fulfillment,94.6,253,18.7,1.16,35.9,operational
2025-05-27,ZIP-US-014,Central_Fulfillment,94.4,256,19.3,0.73,35.1,operational
2025-05-27,ZIP-US-015,Central_Fulfillment,94.4,259,20.0,0.73,38.4,operational
2025-05-27,ZIP-US-016,Central_Fulfillment,94.1,262,20.3,1.08,36.4,operational
2025-05-27,ZIP-US-017,Eastside_Fulfillment,93.8,265,23.7,0.94,38.9,operational
2025-05-27,ZIP-US-018,Eastside_Fulfillment,93.9,268,17.0,0.94,39.9,operational
2025-05-27,ZIP-US-019,Eastside_Fulfillment,94.4,271,21.5,0.93,35.9,operational
2025-05-27,ZIP-US-020,Eastside_Fulfillment,94.2,274,21.7,0.87,37.1,operational
2025-05-27,ZIP-US-021,Eastside_Fulfillment,94.9,277,13.7,0.97,36.9,operational
2025-05-27,ZIP-US-022,Eastside_Fulfillment,93.7,280,23.1,1.13,37.7,operational
2025-05-27,ZIP-US-023,Eastside_Fulfillment,94.2,283,18.4,0.64,35.6,operational
2025-05-27,ZIP-US-024,Eastside_Fulfillment,94.8,286,23.7,1.02,34.8,operational
2025-05-28,ZIP-US-001,Northside_Fulfillment,94.4,218,26.6,0.9,38.7,operational
2025-05-28,ZIP-US-002,Northside_Fulfillment,94.4,221,17.8,1.11,36.7,operational
2025-05-28,ZIP-US-003,Northside_Fulfillment,94.0,224,16.5,0.93,36.7,operational
2025-05-28,ZIP-US-004,Northside_Fulfillment,94.2,227,10.6,0.9,35.8,operational
2025-05-28,ZIP-US-005,Northside_Fulfillment,94.9,230,25.0,0.73,37.2,operational
2025-05-28,ZIP-US-006,Northside_Fulfillment,94.3,233,24.7,0.84,37.3,operational
2025-05-28,ZIP-US-007,Northside_Fulfillment,94.2,236,22.0,0.8,37.9,operational
2025-05-28,ZIP-US-008,Northside_Fulfillment,94.3,239,21.5,1.12,37.7,operational
2025-05-28,ZIP-US-009,Central_Fulfillment,94.4,242,20.1,0.97,37.2,operational
2025-05-28,ZIP-US-010,Central_Fulfillment,93.7,245,17.0,0.92,37.1,operational
2025-05-28,ZIP-US-011,Central_Fulfillment,98.9,248,19.2,0.62,36.7,operational
2025-05-28,ZIP-US-012,Central_Fulfillment,94.0,251,20.9,1.22,37.2,operational
2025-05-28,ZIP-US-013,Central_Fulfillment,94.6,254,18.9,0.74,37.8,operational
2025-05-28,ZIP-US-014,Central_Fulfillment,94.1,257,20.7,1.0,36.9,operational
2025-05-28,ZIP-US-015,Central_Fulfillment,94.4,260,25.6,1.19,36.8,operational
2025-05-28,ZIP-US-016,Central_Fulfillment,94.3,263,22.4,0.95,36.8,operational
2025-05-28,ZIP-US-017,Eastside_Fulfillment,94.4,266,14.6,1.07,37.5,operational
2025-05-28,ZIP-US-018,Eastside_Fulfillment,93.9,269,19.9,0.89,37.3,operational
2025-05-28,ZIP-US-019,Eastside_Fulfillment,93.3,272,12.6,0.8,38.8,operational
2025-05-28,ZIP-US-020,Eastside_Fulfillment,94.5,275,17.8,1.08,37.5,operational
2025-05-28,ZIP-US-021,Eastside_Fulfillment,94.1,278,32.8,0.95,37.3,operational
2025-05-28,ZIP-US-022,Eastside_Fulfillment,94.3,281,19.3,0.82,36.0,operational
2025-05-28,ZIP-US-023,Eastside_Fulfillment,94.1,284,21.2,1.0,36.9,operational
2025-05-28,ZIP-US-024,Eastside_Fulfillment,94.0,287,13.6,1.22,37.2,operational
2025-05-29,ZIP-US-001,Northside_Fulfillment,93.7,220,20.2,1.02,39.0,operational
2025-05-29,ZIP-US-002,Northside_Fulfillment,94.8,223,25.1,0.79,37.8,operational
2025-05-29,ZIP-US-003,Northside_Fulfillment,93.3,226,22.3,1.11,36.7,operational
2025-05-29,ZIP-US-004,Northside_Fulfillment,93.9,229,20.0,1.06,38.0,operational
2025-05-29,ZIP-US-005,Northside_Fulfillment,94.4,232,20.8,1.07,36.6,operational
2025-05-29,ZIP-US-006,Northside_Fulfillment,94.5,235,15.1,1.17,38.0,operational
2025-05-29,ZIP-US-007,Northside_Fulfillment,93.6,238,20.4,0.88,35.4,operational
2025-05-29,ZIP-US-008,Northside_Fulfillment,94.6,241,16.4,1.09,35.6,operational
2025-05-29,ZIP-US-009,Central_Fulfillment,94.4,244,21.5,1.12,36.9,operational
2025-05-29,ZIP-US-010,Central_Fulfillment,94.2,247,25.2,1.2,37.4,operational
2025-05-29,ZIP-US-011,Central_Fulfillment,98.8,250,17.8,1.01,37.2,operational
2025-05-29,ZIP-US-012,Central_Fulfillment,94.3,253,25.1,0.92,36.2,operational
2025-05-29,ZIP-US-013,Central_Fulfillment,94.4,256,20.4,1.21,36.7,operational
2025-05-29,ZIP-US-014,Central_Fulfillment,94.5,259,17.3,0.82,37.0,operational
2025-05-29,ZIP-US-015,Central_Fulfillment,94.5,262,15.7,1.1,35.0,operational
2025-05-29,ZIP-US-016,Central_Fulfillment,93.9,265,19.0,1.25,35.8,operational
2025-05-29,ZIP-US-017,Eastside_Fulfillment,94.1,268,18.8,1.03,35.8,operational
2025-05-29,ZIP-US-018,Eastside_Fulfillment,94.5,271,18.6,1.03,35.5,operational
2025-05-29,ZIP-US-019,Eastside_Fulfillment,94.1,274,18.9,0.97,37.4,operational
2025-05-29,ZIP-US-020,Eastside_Fulfillment,94.5,277,15.0,1.09,39.7,operational
2025-05-29,ZIP-US-021,Eastside_Fulfillment,94.1,280,19.2,1.18,37.0,operational
2025-05-29,ZIP-US-022,Eastside_Fulfillment,94.2,283,24.6,1.23,36.5,operational
2025-05-29,ZIP-US-023,Eastside_Fulfillment,94.4,286,21.0,0.77,36.5,operational
2025-05-29,ZIP-US-024,Eastside_Fulfillment,93.9,289,17.5,1.06,36.4,operational
2025-05-30,ZIP-US-001,Northside_Fulfillment,94.2,221,13.4,1.1,37.9,operational
2025-05-30,ZIP-US-002,Northside_Fulfillment,94.7,224,27.0,0.88,36.9,operational
2025-05-30,ZIP-US-003,Northside_Fulfillment,94.1,227,15.6,1.11,37.5,operational
2025-05-30,ZIP-US-004,Northside_Fulfillment,93.3,230,22.7,1.25,37.3,operational
2025-05-30,ZIP-US-005,Northside_Fulfillment,93.8,233,20.4,0.86,35.3,operational
2025-05-30,ZIP-US-006,Northside_Fulfillment,94.0,236,18.7,0.66,38.0,operational
2025-05-30,ZIP-US-007,Northside_Fulfillment,93.8,239,15.4,0.96,35.1,operational
2025-05-30,ZIP-US-008,Northside_Fulfillment,93.5,242,16.6,0.93,36.0,operational
2025-05-30,ZIP-US-009,Central_Fulfillment,95.0,245,21.4,0.99,38.6,operational
2025-05-30,ZIP-US-010,Central_Fulfillment,94.2,248,24.4,1.34,36.7,operational
2025-05-30,ZIP-US-011,Central_Fulfillment,98.7,251,16.0,1.25,37.1,operational
2025-05-30,ZIP-US-012,Central_Fulfillment,93.7,254,14.4,1.07,39.2,operational
2025-05-30,ZIP-US-013,Central_Fulfillment,94.5,257,20.5,1.04,36.9,operational
2025-05-30,ZIP-US-014,Central_Fulfillment,94.1,260,22.4,1.01,37.3,operational
2025-05-30,ZIP-US-015,Central_Fulfillment,93.7,263,27.0,0.99,37.5,operational
2025-05-30,ZIP-US-016,Central_Fulfillment,94.5,266,16.7,0.89,37.4,operational
2025-05-30,ZIP-US-017,Eastside_Fulfillment,94.2,269,7.2,0.92,36.2,operational
2025-05-30,ZIP-US-018,Eastside_Fulfillment,94.3,272,22.5,0.92,37.6,operational
2025-05-30,ZIP-US-019,Eastside_Fulfillment,94.2,275,13.8,1.04,37.1,operational
2025-05-30,ZIP-US-020,Eastside_Fulfillment,94.3,278,16.0,1.2,36.6,operational
2025-05-30,ZIP-US-021,Eastside_Fulfillment,94.5,281,20.8,0.86,36.1,operational
2025-05-30,ZIP-US-022,Eastside_Fulfillment,94.7,284,24.9,0.95,36.0,operational
2025-05-30,ZIP-US-023,Eastside_Fulfillment,93.9,287,16.0,1.04,36.5,operational
2025-05-30,ZIP-US-024,Eastside_Fulfillment,94.6,290,22.1,1.1,37.9,operational
2025-05-31,ZIP-US-001,Northside_Fulfillment,94.1,223,15.3,0.85,36.8,operational
2025-05-31,ZIP-US-002,Northside_Fulfillment,94.5,226,17.7,0.81,38.7,operational
2025-05-31,ZIP-US-003,Northside_Fulfillment,94.3,229,22.2,1.02,37.4,operational
2025-05-31,ZIP-US-004,Northside_Fulfillment,94.0,232,28.4,0.92,36.2,operational
2025-05-31,ZIP-US-005,Northside_Fulfillment,94.3,235,25.0,1.22,36.5,operational
2025-05-31,ZIP-US-006,Northside_Fulfillment,94.7,238,18.7,0.95,37.3,operational
2025-05-31,ZIP-US-007,Northside_Fulfillment,93.9,241,26.7,1.31,37.4,operational
2025-05-31,ZIP-US-008,Northside_Fulfillment,94.0,244,26.0,0.63,37.2,operational
2025-05-31,ZIP-US-009,Central_Fulfillment,94.2,247,19.7,0.93,36.5,operational
2025-05-31,ZIP-US-010,Central_Fulfillment,94.0,250,27.9,1.13,38.4,operational
2025-05-31,ZIP-US-011,Central_Fulfillment,98.7,253,15.2,1.02,37.7,operational
2025-05-31,ZIP-US-012,Central_Fulfillment,94.8,256,23.2,1.16,36.6,operational
2025-05-31,ZIP-US-013,Central_Fulfillment,94.2,259,16.6,0.95,37.7,operational
2025-05-31,ZIP-US-014,Central_Fulfillment,94.3,262,14.9,1.12,37.6,operational
2025-05-31,ZIP-US-015,Central_Fulfillment,94.7,265,19.7,1.1,36.3,operational
2025-05-31,ZIP-US-016,Central_Fulfillment,94.2,268,25.0,0.95,39.0,operational
2025-05-31,ZIP-US-017,Eastside_Fulfillment,94.3,271,19.8,1.26,36.6,operational
2025-05-31,ZIP-US-018,Eastside_Fulfillment,93.4,274,16.0,1.05,38.6,operational
2025-05-31,ZIP-US-019,Eastside_Fulfillment,94.0,277,19.3,1.14,37.1,operational
2025-05-31,ZIP-US-020,Eastside_Fulfillment,94.3,280,18.4,0.83,37.2,operational
2025-05-31,ZIP-US-021,Eastside_Fulfillment,94.1,283,28.0,1.05,36.9,operational
2025-05-31,ZIP-US-022,Eastside_Fulfillment,93.8,286,23.0,0.74,36.3,operational
2025-05-31,ZIP-US-023,Eastside_Fulfillment,94.4,289,18.0,0.99,37.1,operational
2025-05-31,ZIP-US-024,Eastside_Fulfillment,94.2,292,23.3,0.94,36.0,operational
2025-06-01,ZIP-US-001,Northside_Fulfillment,94.1,224,16.2,1.04,38.4,operational
2025-06-01,ZIP-US-002,Northside_Fulfillment,93.6,227,26.2,0.82,37.2,operational
2025-06-01,ZIP-US-003,Northside_Fulfillment,94.8,230,16.7,0.9,38.6,operational
2025-06-01,ZIP-US-004,Northside_Fulfillment,94.2,233,21.2,1.02,36.5,operational
2025-06-01,ZIP-US-005,Northside_Fulfillment,94.4,236,19.2,0.92,37.7,operational
2025-06-01,ZIP-US-006,Northside_Fulfillment,94.4,239,19.6,1.15,37.9,operational
2025-06-01,ZIP-US-007,Northside_Fulfillment,94.4,242,13.0,1.11,35.1,operational
2025-06-01,ZIP-US-008,Northside_Fulfillment,93.4,245,15.9,0.79,39.8,operational
2025-06-01,ZIP-US-009,Central_Fulfillment,93.7,248,22.3,0.89,36.2,operational
2025-06-01,ZIP-US-010,Central_Fulfillment,94.3,251,20.4,1.0,35.4,operational
2025-06-01,ZIP-US-011,Central_Fulfillment,98.9,254,16.4,0.86,38.8,operational
2025-06-01,ZIP-US-012,Central_Fulfillment,94.1,257,14.2,0.99,37.2,operational
2025-06-01,ZIP-US-013,Central_Fulfillment,94.4,260,17.4,1.23,37.4,operational
2025-06-01,ZIP-US-014,Central_Fulfillment,94.4,263,23.4,0.74,35.9,operational
2025-06-01,ZIP-US-015,Central_Fulfillment,93.7,266,21.7,1.16,36.9,operational
2025-06-01,ZIP-US-016,Central_Fulfillment,94.2,269,14.3,0.93,37.5,operational
2025-06-01,ZIP-US-017,Eastside_Fulfillment,94.5,272,19.7,0.88,37.6,operational
2025-06-01,ZIP-US-018,Eastside_Fulfillment,94.7,275,20.2,1.09,37.6,operational
2025-06-01,ZIP-US-019,Eastside_Fulfillment,93.5,278,25.7,1.13,37.5,operational
2025-06-01,ZIP-US-020,Eastside_Fulfillment,94.2,281,16.0,0.97,37.4,operational
2025-06-01,ZIP-US-021,Eastside_Fulfillment,94.2,284,22.2,1.16,37.3,operational
2025-06-01,ZIP-US-022,Eastside_Fulfillment,94.2,287,23.0,0.94,36.8,operational
2025-06-01,ZIP-US-023,Eastside_Fulfillment,93.8,290,19.0,0.79,37.1,operational
2025-06-01,ZIP-US-024,Eastside_Fulfillment,94.2,293,22.7,1.18,36.6,operational
2025-06-02,ZIP-US-001,Northside_Fulfillment,94.0,226,24.4,1.0,36.6,operational
2025-06-02,ZIP-US-002,Northside_Fulfillment,93.8,229,19.5,1.16,37.7,operational
2025-06-02,ZIP-US-003,Northside_Fulfillment,93.9,232,25.4,1.1,37.7,operational
2025-06-02,ZIP-US-004,Northside_Fulfillment,93.6,235,20.6,0.86,36.4,operational
2025-06-02,ZIP-US-005,Northside_Fulfillment,94.2,238,18.8,1.17,37.5,operational
2025-06-02,ZIP-US-006,Northside_Fulfillment,94.1,241,13.6,0.81,37.4,operational
2025-06-02,ZIP-US-007,Northside_Fulfillment,94.7,244,13.0,1.04,37.3,operational
2025-06-02,ZIP-US-008,Northside_Fulfillment,94.4,247,19.8,0.91,36.9,operational
2025-06-02,ZIP-US-009,Central_Fulfillment,94.4,250,23.1,1.09,36.9,operational
2025-06-02,ZIP-US-010,Central_Fulfillment,94.6,253,24.7,1.1,38.8,operational
2025-06-02,ZIP-US-011,Central_Fulfillment,98.6,256,16.4,0.77,36.8,operational
2025-06-02,ZIP-US-012,Central_Fulfillment,94.3,259,24.8,0.87,36.2,operational
2025-06-02,ZIP-US-013,Central_Fulfillment,94.5,262,19.8,0.98,38.0,operational
2025-06-02,ZIP-US-014,Central_Fulfillment,94.0,265,25.4,1.12,36.6,operational
2025-06-02,ZIP-US-015,Central_Fulfillment,94.5,268,29.0,0.97,37.5,operational
2025-06-02,ZIP-US-016,Central_Fulfillment,93.8,271,22.5,1.04,36.2,operational
2025-06-02,ZIP-US-017,Eastside_Fulfillment,93.9,274,19.2,1.21,38.1,operational
2025-06-02,ZIP-US-018,Eastside_Fulfillment,93.9,277,11.4,1.16,39.4,operational
2025-06-02,ZIP-US-019,Eastside_Fulfillment,93.7,280,24.3,0.81,37.3,operational
2025-06-02,ZIP-US-020,Eastside_Fulfillment,93.8,283,22.1,1.13,37.2,operational
2025-06-02,ZIP-US-021,Eastside_Fulfillment,93.7,286,17.0,0.71,37.4,operational
2025-06-02,ZIP-US-022,Eastside_Fulfillment,95.0,289,20.2,1.23,36.8,operational
2025-06-02,ZIP-US-023,Eastside_Fulfillment,94.4,292,26.6,0.85,34.6,operational
2025-06-02,ZIP-US-024,Eastside_Fulfillment,94.1,295,22.2,1.09,37.1,operational
2025-06-03,ZIP-US-001,Northside_Fulfillment,94.0,227,18.8,1.21,36.5,operational
2025-06-03,ZIP-US-002,Northside_Fulfillment,95.1,230,20.4,1.01,36.8,operational
2025-06-03,ZIP-US-003,Northside_Fulfillment,93.9,233,22.8,1.01,38.5,operational
2025-06-03,ZIP-US-004,Northside_Fulfillment,94.0,236,17.3,1.17,36.0,operational
2025-06-03,ZIP-US-005,Northside_Fulfillment,94.3,239,22.6,0.96,36.1,operational
2025-06-03,ZIP-US-006,Northside_Fulfillment,94.2,242,17.2,1.05,36.1,operational
2025-06-03,ZIP-US-007,Northside_Fulfillment,93.9,245,27.4,0.93,36.6,operational
2025-06-03,ZIP-US-008,Northside_Fulfillment,94.4,248,19.5,0.99,35.1,operational
2025-06-03,ZIP-US-009,Central_Fulfillment,94.3,251,16.4,0.9,38.4,operational
2025-06-03,ZIP-US-010,Central_Fulfillment,94.0,254,18.7,0.94,37.0,operational
2025-06-03,ZIP-US-011,Central_Fulfillment,98.8,257,19.6,1.0,36.8,operational
2025-06-03,ZIP-US-012,Central_Fulfillment,94.7,260,17.2,0.97,38.4,operational
2025-06-03,ZIP-US-013,Central_Fulfillment,94.1,263,23.4,0.96,35.4,operational
2025-06-03,ZIP-US-014,Central_Fulfillment,94.2,266,14.9,1.14,37.6,operational
2025-06-03,ZIP-US-015,Central_Fulfillment,93.9,269,14.1,0.99,37.7,operational
2025-06-03,ZIP-US-016,Central_Fulfillment,94.5,272,23.0,1.01,37.0,operational
2025-06-03,ZIP-US-017,Eastside_Fulfillment,94.6,275,16.3,1.14,36.4,operational
2025-06-03,ZIP-US-018,Eastside_Fulfillment,93.6,278,24.9,1.04,39.9,operational
2025-06-03,ZIP-US-019,Eastside_Fulfillment,93.8,281,19.8,1.12,36.8,operational
2025-06-03,ZIP-US-020,Eastside_Fulfillment,94.3,284,23.3,0.85,37.6,operational
2025-06-03,ZIP-US-021,Eastside_Fulfillment,93.6,287,18.9,1.02,34.4,operational
2025-06-03,ZIP-US-022,Eastside_Fulfillment,94.4,290,16.4,1.05,39.1,operational
2025-06-03,ZIP-US-023,Eastside_Fulfillment,94.3,293,20.9,0.65,37.3,operational
2025-06-03,ZIP-US-024,Eastside_Fulfillment,94.4,296,24.9,1.01,39.3,operational
2025-06-04,ZIP-US-001,Northside_Fulfillment,93.4,229,19.2,1.01,36.7,operational
2025-06-04,ZIP-US-002,Northside_Fulfillment,94.3,232,19.4,1.07,36.1,operational
2025-06-04,ZIP-US-003,Northside_Fulfillment,93.8,235,23.2,0.94,37.9,operational
2025-06-04,ZIP-US-004,Northside_Fulfillment,93.4,238,16.2,1.09,36.9,operational
2025-06-04,ZIP-US-005,Northside_Fulfillment,93.9,241,21.7,0.67,37.6,operational
2025-06-04,ZIP-US-006,Northside_Fulfillment,93.9,244,21.4,1.18,37.0,operational
2025-06-04,ZIP-US-007,Northside_Fulfillment,94.2,247,18.5,0.99,38.0,operational
2025-06-04,ZIP-US-008,Northside_Fulfillment,94.4,250,16.8,0.89,35.3,operational
2025-06-04,ZIP-US-009,Central_Fulfillment,93.6,253,23.6,0.9,36.1,operational
2025-06-04,ZIP-US-010,Central_Fulfillment,93.8,256,19.5,0.8,37.6,operational
2025-06-04,ZIP-US-011,Central_Fulfillment,99.0,259,15.8,1.0,37.3,operational
2025-06-04,ZIP-US-012,Central_Fulfillment,93.8,262,20.7,1.33,37.0,operational
2025-06-04,ZIP-US-013,Central_Fulfillment,94.5,265,22.5,1.14,36.1,operational
2025-06-04,ZIP-US-014,Central_Fulfillment,94.4,268,13.1,0.83,36.9,operational
2025-06-04,ZIP-US-015,Central_Fulfillment,94.2,271,18.2,0.92,37.3,operational
2025-06-04,ZIP-US-016,Central_Fulfillment,93.9,274,21.8,0.94,36.2,operational
2025-06-04,ZIP-US-017,Eastside_Fulfillment,94.1,277,19.0,1.09,37.9,operational
2025-06-04,ZIP-US-018,Eastside_Fulfillment,94.3,280,21.3,1.11,35.3,operational
2025-06-04,ZIP-US-019,Eastside_Fulfillment,93.9,283,20.2,0.79,47.8,monitoring
2025-06-04,ZIP-US-020,Eastside_Fulfillment,93.7,286,22.1,1.03,37.2,operational
2025-06-04,ZIP-US-021,Eastside_Fulfillment,93.9,289,28.0,1.26,36.8,operational
2025-06-04,ZIP-US-022,Eastside_Fulfillment,93.7,292,24.7,1.03,35.8,operational
2025-06-04,ZIP-US-023,Eastside_Fulfillment,93.9,295,21.9,0.92,37.0,operational
2025-06-04,ZIP-US-024,Eastside_Fulfillment,94.0,298,21.1,0.74,37.0,operational
2025-06-05,ZIP-US-001,Northside_Fulfillment,93.9,230,26.9,0.97,38.0,operational
2025-06-05,ZIP-US-002,Northside_Fulfillment,94.0,233,20.9,1.19,38.2,operational
2025-06-05,ZIP-US-003,Northside_Fulfillment,94.1,236,22.9,0.87,36.8,operational
2025-06-05,ZIP-US-004,Northside_Fulfillment,93.9,239,21.4,1.11,34.9,operational
2025-06-05,ZIP-US-005,Northside_Fulfillment,94.1,242,20.2,1.04,37.2,operational
2025-06-05,ZIP-US-006,Northside_Fulfillment,93.6,245,21.3,1.25,37.6,operational
2025-06-05,ZIP-US-007,Northside_Fulfillment,94.2,248,20.7,0.83,36.0,operational
2025-06-05,ZIP-US-008,Northside_Fulfillment,94.5,251,16.5,0.96,35.6,operational
2025-06-05,ZIP-US-009,Central_Fulfillment,93.7,254,17.6,0.82,35.5,operational
2025-06-05,ZIP-US-010,Central_Fulfillment,93.5,257,14.2,1.18,37.9,operational
2025-06-05,ZIP-US-011,Central_Fulfillment,98.7,260,18.4,0.9,37.8,operational
2025-06-05,ZIP-US-012,Central_Fulfillment,94.2,263,19.6,0.94,36.9,operational
2025-06-05,ZIP-US-013,Central_Fulfillment,93.7,266,23.7,0.94,35.9,operational
2025-06-05,ZIP-US-014,Central_Fulfillment,94.1,269,9.4,0.95,38.7,operational
2025-06-05,ZIP-US-015,Central_Fulfillment,93.9,272,14.7,0.93,36.7,operational
2025-06-05,ZIP-US-016,Central_Fulfillment,93.6,275,20.9,1.28,36.8,operational
2025-06-05,ZIP-US-017,Eastside_Fulfillment,94.0,278,16.6,1.1,36.5,operational
2025-06-05,ZIP-US-018,Eastside_Fulfillment,94.4,281,29.4,1.13,38.2,operational
2025-06-05,ZIP-US-019,Eastside_Fulfillment,94.3,284,13.7,1.06,48.5,monitoring
2025-06-05,ZIP-US-020,Eastside_Fulfillment,94.3,287,17.8,1.04,36.5,operational
2025-06-05,ZIP-US-021,Eastside_Fulfillment,94.1,290,22.8,1.0,35.9,operational
2025-06-05,ZIP-US-022,Eastside_Fulfillment,94.2,293,21.8,1.07,36.6,operational
2025-06-05,ZIP-US-023,Eastside_Fulfillment,94.0,296,16.8,0.75,37.5,operational
2025-06-05,ZIP-US-024,Eastside_Fulfillment,94.2,299,27.6,0.97,36.6,operational
2025-06-06,ZIP-US-001,Northside_Fulfillment,93.8,232,19.9,1.1,38.2,operational
2025-06-06,ZIP-US-002,Northside_Fulfillment,94.2,235,22.6,1.02,38.3,operational
2025-06-06,ZIP-US-003,Northside_Fulfillment,93.9,238,24.3,1.08,37.6,operational
2025-06-06,ZIP-US-004,Northside_Fulfillment,93.6,241,15.9,0.89,36.0,operational
2025-06-06,ZIP-US-005,Northside_Fulfillment,93.7,244,22.4,1.17,36.9,operational
2025-06-06,ZIP-US-006,Northside_Fulfillment,94.0,247,24.1,1.28,37.9,operational
2025-06-06,ZIP-US-007,Northside_Fulfillment,93.4,250,17.0,0.99,37.9,operational
2025-06-06,ZIP-US-008,Northside_Fulfillment,94.4,253,14.1,0.82,36.2,operational
2025-06-06,ZIP-US-009,Central_Fulfillment,94.2,256,21.4,0.86,36.3,operational
2025-06-06,ZIP-US-010,Central_Fulfillment,93.9,259,18.0,1.0,35.8,operational
2025-06-06,ZIP-US-011,Central_Fulfillment,98.6,262,17.0,0.85,37.4,operational
2025-06-06,ZIP-US-012,Central_Fulfillment,93.8,265,19.1,0.81,37.7,operational
2025-06-06,ZIP-US-013,Central_Fulfillment,94.1,268,18.2,0.78,35.4,operational
2025-06-06,ZIP-US-014,Central_Fulfillment,94.0,271,23.3,0.94,38.0,operational
2025-06-06,ZIP-US-015,Central_Fulfillment,94.1,274,23.1,0.99,35.3,operational
2025-06-06,ZIP-US-016,Central_Fulfillment,93.6,277,16.4,1.05,36.2,operational
2025-06-06,ZIP-US-017,Eastside_Fulfillment,93.6,280,9.0,1.15,37.6,operational
2025-06-06,ZIP-US-018,Eastside_Fulfillment,94.0,283,19.1,0.7,37.9,operational
2025-06-06,ZIP-US-019,Eastside_Fulfillment,94.3,286,33.6,1.08,47.7,monitoring
2025-06-06,ZIP-US-020,Eastside_Fulfillment,94.3,289,15.7,0.85,34.9,operational
2025-06-06,ZIP-US-021,Eastside_Fulfillment,94.0,292,21.7,0.98,36.4,operational
2025-06-06,ZIP-US-022,Eastside_Fulfillment,93.8,295,27.1,1.0,36.4,operational
2025-06-06,ZIP-US-023,Eastside_Fulfillment,93.4,298,20.5,0.99,37.0,operational
2025-06-06,ZIP-US-024,Eastside_Fulfillment,94.0,301,15.3,0.92,36.7,operational
2025-06-07,ZIP-US-001,Northside_Fulfillment,94.3,233,19.9,0.86,34.4,operational
2025-06-07,ZIP-US-002,Northside_Fulfillment,94.3,236,12.7,1.01,37.2,operational
2025-06-07,ZIP-US-003,Northside_Fulfillment,94.0,239,19.5,0.94,38.1,operational
2025-06-07,ZIP-US-004,Northside_Fulfillment,93.4,242,14.0,0.94,37.3,operational
2025-06-07,ZIP-US-005,Northside_Fulfillment,94.2,245,17.4,1.05,36.3,operational
2025-06-07,ZIP-US-006,Northside_Fulfillment,93.7,248,19.1,0.85,37.2,operational
2025-06-07,ZIP-US-007,Northside_Fulfillment,94.2,251,21.6,1.01,38.0,operational
2025-06-07,ZIP-US-008,Northside_Fulfillment,94.0,254,24.1,0.87,38.1,operational
2025-06-07,ZIP-US-009,Central_Fulfillment,93.6,257,16.9,1.0,35.2,operational
2025-06-07,ZIP-US-010,Central_Fulfillment,94.2,260,13.8,1.1,35.0,operational
2025-06-07,ZIP-US-011,Central_Fulfillment,98.8,263,19.7,1.21,38.7,operational
2025-06-07,ZIP-US-012,Central_Fulfillment,93.6,266,21.9,0.95,37.5,operational
2025-06-07,ZIP-US-013,Central_Fulfillment,93.8,269,18.1,1.19,38.8,operational
2025-06-07,ZIP-US-014,Central_Fulfillment,93.1,272,22.8,0.82,36.8,operational
2025-06-07,ZIP-US-015,Central_Fulfillment,93.2,275,16.7,1.16,38.4,operational
2025-06-07,ZIP-US-016,Central_Fulfillment,93.9,278,20.4,1.29,37.8,operational
2025-06-07,ZIP-US-017,Eastside_Fulfillment,93.6,281,22.9,0.96,37.6,operational
2025-06-07,ZIP-US-018,Eastside_Fulfillment,93.9,284,19.2,1.07,35.7,operational
2025-06-07,ZIP-US-019,Eastside_Fulfillment,94.1,287,18.5,1.06,45.7,monitoring
2025-06-07,ZIP-US-020,Eastside_Fulfillment,93.2,290,20.7,1.18,38.4,operational
2025-06-07,ZIP-US-021,Eastside_Fulfillment,93.8,293,18.2,0.92,37.6,operational
2025-06-07,ZIP-US-022,Eastside_Fulfillment,94.8,296,21.7,1.08,37.1,operational
2025-06-07,ZIP-US-023,Eastside_Fulfillment,94.4,299,17.7,1.14,35.7,operational
2025-06-07,ZIP-US-024,Eastside_Fulfillment,93.7,302,24.6,0.81,37.3,operational
2025-06-08,ZIP-US-001,Northside_Fulfillment,94.4,235,21.7,1.25,37.9,operational
2025-06-08,ZIP-US-002,Northside_Fulfillment,94.0,238,18.4,1.33,37.6,operational
2025-06-08,ZIP-US-003,Northside_Fulfillment,94.4,241,23.5,1.14,36.3,operational
2025-06-08,ZIP-US-004,Northside_Fulfillment,93.9,244,16.7,0.9,37.6,operational
2025-06-08,ZIP-US-005,Northside_Fulfillment,93.7,247,20.3,1.11,35.3,operational
2025-06-08,ZIP-US-006,Northside_Fulfillment,93.9,250,20.1,1.01,37.5,operational
2025-06-08,ZIP-US-007,Northside_Fulfillment,94.5,253,22.9,0.82,37.5,operational
2025-06-08,ZIP-US-008,Northside_Fulfillment,93.6,256,28.9,0.86,35.6,operational
2025-06-08,ZIP-US-009,Central_Fulfillment,93.6,259,22.7,1.01,36.6,operational
2025-06-08,ZIP-US-010,Central_Fulfillment,94.1,262,25.1,0.63,37.0,operational
2025-06-08,ZIP-US-011,Central_Fulfillment,98.8,265,17.9,1.23,38.2,operational
2025-06-08,ZIP-US-012,Central_Fulfillment,94.0,268,28.3,1.2,37.3,operational
2025-06-08,ZIP-US-013,Central_Fulfillment,94.5,271,23.3,1.02,38.2,operational
2025-06-08,ZIP-US-014,Central_Fulfillment,94.3,274,20.7,1.28,36.6,operational
2025-06-08,ZIP-US-015,Central_Fulfillment,94.7,277,15.5,1.28,36.5,operational
2025-06-08,ZIP-US-016,Central_Fulfillment,94.2,280,15.0,1.13,37.1,operational
2025-06-08,ZIP-US-017,Eastside_Fulfillment,94.4,283,20.1,0.72,36.1,operational
2025-06-08,ZIP-US-018,Eastside_Fulfillment,94.6,286,14.3,0.99,38.4,operational
2025-06-08,ZIP-US-019,Eastside_Fulfillment,93.8,289,23.6,1.09,34.4,grounded
2025-06-08,ZIP-US-020,Eastside_Fulfillment,94.3,292,24.3,0.97,36.7,operational
2025-06-08,ZIP-US-021,Eastside_Fulfillment,93.6,295,21.3,0.84,36.4,operational
2025-06-08,ZIP-US-022,Eastside_Fulfillment,94.4,298,17.7,1.0,37.8,operational
2025-06-08,ZIP-US-023,Eastside_Fulfillment,94.0,301,22.2,1.23,37.2,operational
2025-06-08,ZIP-US-024,Eastside_Fulfillment,93.9,304,19.7,1.03,36.3,operational
2025-06-09,ZIP-US-001,Northside_Fulfillment,94.1,236,18.5,1.16,35.5,operational
2025-06-09,ZIP-US-002,Northside_Fulfillment,94.0,239,24.9,1.02,38.0,operational
2025-06-09,ZIP-US-003,Northside_Fulfillment,93.7,242,20.9,1.13,35.4,operational
2025-06-09,ZIP-US-004,Northside_Fulfillment,94.3,245,16.4,1.28,36.2,operational
2025-06-09,ZIP-US-005,Northside_Fulfillment,94.0,248,26.0,1.01,37.5,operational
2025-06-09,ZIP-US-006,Northside_Fulfillment,93.8,251,17.9,1.12,36.0,operational
2025-06-09,ZIP-US-007,Northside_Fulfillment,93.6,254,22.2,1.23,35.5,operational
2025-06-09,ZIP-US-008,Northside_Fulfillment,94.1,257,18.7,0.75,37.3,operational
2025-06-09,ZIP-US-009,Central_Fulfillment,94.1,260,19.9,0.79,37.6,operational
2025-06-09,ZIP-US-010,Central_Fulfillment,93.5,263,18.6,1.16,37.5,operational
2025-06-09,ZIP-US-011,Central_Fulfillment,98.5,266,16.6,0.97,38.1,operational
2025-06-09,ZIP-US-012,Central_Fulfillment,94.3,269,17.6,1.01,37.9,operational
2025-06-09,ZIP-US-013,Central_Fulfillment,93.8,272,24.4,1.17,37.7,operational
2025-06-09,ZIP-US-014,Central_Fulfillment,94.2,275,16.1,0.87,36.0,operational
2025-06-09,ZIP-US-015,Central_Fulfillment,93.7,278,14.8,0.71,36.2,operational
2025-06-09,ZIP-US-016,Central_Fulfillment,92.9,281,15.2,1.0,35.5,operational
2025-06-09,ZIP-US-017,Eastside_Fulfillment,94.1,284,18.6,1.07,36.0,operational
2025-06-09,ZIP-US-018,Eastside_Fulfillment,93.5,287,25.8,1.13,37.4,operational
2025-06-09,ZIP-US-019,Eastside_Fulfillment,93.6,290,24.3,1.12,36.0,grounded
2025-06-09,ZIP-US-020,Eastside_Fulfillment,93.5,293,25.5,1.13,37.9,operational
2025-06-09,ZIP-US-021,Eastside_Fulfillment,94.4,296,18.4,1.13,37.2,operational
2025-06-09,ZIP-US-022,Eastside_Fulfillment,94.1,299,19.3,0.85,38.9,operational
2025-06-09,ZIP-US-023,Eastside_Fulfillment,93.5,302,20.6,1.12,37.8,operational
2025-06-09,ZIP-US-024,Eastside_Fulfillment,94.1,305,19.0,0.91,35.4,operational
2025-06-10,ZIP-US-001,Northside_Fulfillment,94.1,238,16.1,1.25,38.1,operational
2025-06-10,ZIP-US-002,Northside_Fulfillment,94.0,241,19.9,1.11,36.2,operational
2025-06-10,ZIP-US-003,Northside_Fulfillment,94.1,244,15.8,0.98,37.1,operational
2025-06-10,ZIP-US-004,Northside_Fulfillment,94.4,247,15.6,1.02,36.4,operational
2025-06-10,ZIP-US-005,Northside_Fulfillment,93.9,250,24.5,1.01,36.4,operational
2025-06-10,ZIP-US-006,Northside_Fulfillment,93.3,253,20.1,0.96,36.9,operational
2025-06-10,ZIP-US-007,Northside_Fulfillment,93.9,256,17.9,1.22,37.2,operational
2025-06-10,ZIP-US-008,Northside_Fulfillment,93.6,259,18.0,1.03,35.3,operational
2025-06-10,ZIP-US-009,Central_Fulfillment,93.8,262,19.1,1.01,34.9,operational
2025-06-10,ZIP-US-010,Central_Fulfillment,94.3,265,17.8,1.07,37.6,operational
2025-06-10,ZIP-US-011,Central_Fulfillment,98.9,268,16.1,1.07,38.0,operational
2025-06-10,ZIP-US-012,Central_Fulfillment,93.7,271,18.8,0.79,36.8,operational
2025-06-10,ZIP-US-013,Central_Fulfillment,94.0,274,21.6,0.79,36.7,operational
2025-06-10,ZIP-US-014,Central_Fulfillment,94.0,277,23.5,1.12,34.9,operational
2025-06-10,ZIP-US-015,Central_Fulfillment,93.7,280,15.6,0.94,37.3,operational
2025-06-10,ZIP-US-016,Central_Fulfillment,94.7,283,20.9,0.83,36.7,operational
2025-06-10,ZIP-US-017,Eastside_Fulfillment,94.1,286,12.6,0.75,37.2,operational
2025-06-10,ZIP-US-018,Eastside_Fulfillment,93.9,289,18.0,1.06,36.6,operational
2025-06-10,ZIP-US-019,Eastside_Fulfillment,93.5,292,14.6,0.99,37.2,grounded
2025-06-10,ZIP-US-020,Eastside_Fulfillment,93.7,295,21.0,0.95,37.4,operational
2025-06-10,ZIP-US-021,Eastside_Fulfillment,93.5,298,25.6,0.81,36.3,operational
2025-06-10,ZIP-US-022,Eastside_Fulfillment,93.8,301,23.9,1.06,36.8,operational
2025-06-10,ZIP-US-023,Eastside_Fulfillment,94.1,304,20.5,1.07,38.1,operational
2025-06-10,ZIP-US-024,Eastside_Fulfillment,93.4,307,17.2,0.99,36.2,operational
2025-06-11,ZIP-US-001,Northside_Fulfillment,93.4,239,18.0,0.87,36.9,operational
2025-06-11,ZIP-US-002,Northside_Fulfillment,93.9,242,21.4,1.03,38.5,operational
2025-06-11,ZIP-US-003,Northside_Fulfillment,94.1,245,16.2,1.07,37.5,operational
2025-06-11,ZIP-US-004,Northside_Fulfillment,94.1,248,21.8,0.87,38.2,operational
2025-06-11,ZIP-US-005,Northside_Fulfillment,94.0,251,18.7,1.02,37.2,operational
2025-06-11,ZIP-US-006,Northside_Fulfillment,93.9,254,15.8,1.0,36.8,operational
2025-06-11,ZIP-US-007,Northside_Fulfillment,93.8,257,21.7,0.87,38.0,operational
2025-06-11,ZIP-US-008,Northside_Fulfillment,93.8,260,21.6,0.87,37.3,operational
2025-06-11,ZIP-US-009,Central_Fulfillment,94.8,263,21.4,0.9,38.3,operational
2025-06-11,ZIP-US-010,Central_Fulfillment,94.3,266,24.0,0.85,35.4,operational
2025-06-11,ZIP-US-011,Central_Fulfillment,98.7,269,16.0,0.72,36.3,operational
2025-06-11,ZIP-US-012,Central_Fulfillment,93.4,272,24.5,0.96,36.7,operational
2025-06-11,ZIP-US-013,Central_Fulfillment,94.1,275,16.1,0.87,36.6,operational
2025-06-11,ZIP-US-014,Central_Fulfillment,93.1,278,14.2,0.99,36.3,operational
2025-06-11,ZIP-US-015,Central_Fulfillment,94.0,281,18.4,1.12,36.4,operational
2025-06-11,ZIP-US-016,Central_Fulfillment,93.6,284,25.4,0.93,37.7,operational
2025-06-11,ZIP-US-017,Eastside_Fulfillment,94.0,287,21.1,0.91,35.1,operational
2025-06-11,ZIP-US-018,Eastside_Fulfillment,93.7,290,21.6,0.99,36.8,operational
2025-06-11,ZIP-US-019,Eastside_Fulfillment,94.0,293,23.1,1.09,38.6,operational
2025-06-11,ZIP-US-020,Eastside_Fulfillment,93.6,296,19.6,0.89,36.9,operational
2025-06-11,ZIP-US-021,Eastside_Fulfillment,94.0,299,23.7,0.91,36.5,operational
2025-06-11,ZIP-US-022,Eastside_Fulfillment,93.1,302,21.9,1.12,38.5,operational
2025-06-11,ZIP-US-023,Eastside_Fulfillment,94.0,305,20.2,1.16,35.8,operational
2025-06-11,ZIP-US-024,Eastside_Fulfillment,94.2,308,24.0,1.08,36.5,operational
2025-06-12,ZIP-US-001,Northside_Fulfillment,93.7,241,22.3,1.15,38.2,operational
2025-06-12,ZIP-US-002,Northside_Fulfillment,94.1,244,29.9,1.44,38.2,operational
2025-06-12,ZIP-US-003,Northside_Fulfillment,94.1,247,20.9,1.03,33.6,operational
2025-06-12,ZIP-US-004,Northside_Fulfillment,94.2,250,27.4,1.33,35.7,operational
2025-06-12,ZIP-US-005,Northside_Fulfillment,94.0,253,20.9,1.06,37.5,operational
2025-06-12,ZIP-US-006,Northside_Fulfillment,94.0,256,22.3,1.02,37.5,operational
2025-06-12,ZIP-US-007,Northside_Fulfillment,94.5,259,14.5,1.09,38.2,operational
2025-06-12,ZIP-US-008,Northside_Fulfillment,93.9,262,20.0,0.96,38.1,operational
2025-06-12,ZIP-US-009,Central_Fulfillment,93.9,265,13.9,0.85,37.0,operational
2025-06-12,ZIP-US-010,Central_Fulfillment,93.8,268,33.1,0.99,35.1,operational
2025-06-12,ZIP-US-011,Central_Fulfillment,98.6,271,15.7,1.0,39.7,operational
2025-06-12,ZIP-US-012,Central_Fulfillment,94.3,274,16.5,0.98,36.0,operational
2025-06-12,ZIP-US-013,Central_Fulfillment,94.3,277,20.0,1.04,35.6,operational
2025-06-12,ZIP-US-014,Central_Fulfillment,93.9,280,24.8,0.85,38.2,operational
2025-06-12,ZIP-US-015,Central_Fulfillment,93.7,283,12.2,0.98,36.6,operational
2025-06-12,ZIP-US-016,Central_Fulfillment,93.0,286,23.6,1.01,37.1,operational
2025-06-12,ZIP-US-017,Eastside_Fulfillment,93.6,289,12.4,1.21,36.3,operational
2025-06-12,ZIP-US-018,Eastside_Fulfillment,93.7,292,16.6,0.96,37.6,operational
2025-06-12,ZIP-US-019,Eastside_Fulfillment,93.8,295,22.0,1.12,36.6,operational
2025-06-12,ZIP-US-020,Eastside_Fulfillment,93.8,298,21.0,1.14,36.0,operational
2025-06-12,ZIP-US-021,Eastside_Fulfillment,93.8,301,16.4,1.21,37.0,operational
2025-06-12,ZIP-US-022,Eastside_Fulfillment,94.0,304,24.8,1.0,37.9,operational
2025-06-12,ZIP-US-023,Eastside_Fulfillment,94.5,307,20.5,0.92,37.2,operational
2025-06-12,ZIP-US-024,Eastside_Fulfillment,93.9,310,19.1,1.09,36.8,operational
2025-06-13,ZIP-US-001,Northside_Fulfillment,94.1,242,14.5,1.02,36.7,operational
2025-06-13,ZIP-US-002,Northside_Fulfillment,94.0,245,26.1,0.86,37.8,operational
2025-06-13,ZIP-US-003,Northside_Fulfillment,93.2,248,25.1,1.03,37.2,operational
2025-06-13,ZIP-US-004,Northside_Fulfillment,94.1,251,23.7,1.0,37.6,operational
2025-06-13,ZIP-US-005,Northside_Fulfillment,93.7,254,21.4,0.68,38.2,operational
2025-06-13,ZIP-US-006,Northside_Fulfillment,93.6,257,24.1,0.97,34.3,operational
2025-06-13,ZIP-US-007,Northside_Fulfillment,93.7,260,21.3,0.83,36.3,operational
2025-06-13,ZIP-US-008,Northside_Fulfillment,94.0,263,11.9,1.13,37.3,operational
2025-06-13,ZIP-US-009,Central_Fulfillment,93.4,266,20.4,0.96,36.9,operational
2025-06-13,ZIP-US-010,Central_Fulfillment,93.6,269,24.8,1.07,35.6,operational
2025-06-13,ZIP-US-011,Central_Fulfillment,98.9,272,16.4,0.92,37.6,operational
2025-06-13,ZIP-US-012,Central_Fulfillment,94.1,275,22.1,0.83,36.0,operational
2025-06-13,ZIP-US-013,Central_Fulfillment,94.4,278,12.8,1.12,37.6,operational
2025-06-13,ZIP-US-014,Central_Fulfillment,94.1,281,18.4,0.91,37.3,operational
2025-06-13,ZIP-US-015,Central_Fulfillment,93.5,284,21.3,0.94,36.4,operational
2025-06-13,ZIP-US-016,Central_Fulfillment,93.5,287,14.4,0.65,38.4,operational
2025-06-13,ZIP-US-017,Eastside_Fulfillment,93.5,290,21.2,1.11,37.4,operational
2025-06-13,ZIP-US-018,Eastside_Fulfillment,93.9,293,15.8,0.98,37.9,operational
2025-06-13,ZIP-US-019,Eastside_Fulfillment,93.3,296,19.3,0.86,36.6,operational
2025-06-13,ZIP-US-020,Eastside_Fulfillment,93.3,299,20.4,0.9,36.6,operational
2025-06-13,ZIP-US-021,Eastside_Fulfillment,93.5,302,24.2,0.96,36.9,operational
2025-06-13,ZIP-US-022,Eastside_Fulfillment,93.7,305,30.1,1.09,35.7,operational
2025-06-13,ZIP-US-023,Eastside_Fulfillment,93.9,308,17.1,1.39,38.6,operational
2025-06-13,ZIP-US-024,Eastside_Fulfillment,94.2,311,15.9,1.15,34.6,operational
2025-06-14,ZIP-US-001,Northside_Fulfillment,93.2,244,23.3,1.1,37.2,operational
2025-06-14,ZIP-US-002,Northside_Fulfillment,93.4,247,24.1,0.65,38.2,operational
2025-06-14,ZIP-US-003,Northside_Fulfillment,93.4,250,13.7,1.05,37.4,operational
2025-06-14,ZIP-US-004,Northside_Fulfillment,93.7,253,24.4,1.01,36.0,operational
2025-06-14,ZIP-US-005,Northside_Fulfillment,93.7,256,17.9,0.81,36.9,operational
2025-06-14,ZIP-US-006,Northside_Fulfillment,93.7,259,21.2,0.93,36.5,operational
2025-06-14,ZIP-US-007,Northside_Fulfillment,94.2,262,23.5,1.0,36.1,operational
2025-06-14,ZIP-US-008,Northside_Fulfillment,94.3,265,27.8,0.83,39.0,operational
2025-06-14,ZIP-US-009,Central_Fulfillment,94.0,268,16.0,0.86,35.6,operational
2025-06-14,ZIP-US-010,Central_Fulfillment,93.9,271,16.7,1.17,36.3,operational
2025-06-14,ZIP-US-011,Central_Fulfillment,98.7,274,17.4,1.2,37.7,operational
2025-06-14,ZIP-US-012,Central_Fulfillment,94.2,277,15.6,1.11,37.2,operational
2025-06-14,ZIP-US-013,Central_Fulfillment,93.5,280,26.5,1.07,39.1,operational
2025-06-14,ZIP-US-014,Central_Fulfillment,93.5,283,20.2,1.14,36.4,operational
2025-06-14,ZIP-US-015,Central_Fulfillment,94.3,286,20.6,1.19,36.3,operational
2025-06-14,ZIP-US-016,Central_Fulfillment,93.6,289,11.5,1.22,37.0,operational
2025-06-14,ZIP-US-017,Eastside_Fulfillment,93.9,292,19.9,0.8,37.1,operational
2025-06-14,ZIP-US-018,Eastside_Fulfillment,93.6,295,19.4,1.2,36.1,operational
2025-06-14,ZIP-US-019,Eastside_Fulfillment,94.3,298,21.1,1.23,38.4,operational
2025-06-14,ZIP-US-020,Eastside_Fulfillment,94.1,301,23.3,1.15,37.9,operational
2025-06-14,ZIP-US-021,Eastside_Fulfillment,93.5,304,20.8,0.82,36.3,operational
2025-06-14,ZIP-US-022,Eastside_Fulfillment,94.2,307,19.1,1.14,36.6,operational
2025-06-14,ZIP-US-023,Eastside_Fulfillment,93.3,310,17.8,0.92,37.1,operational
2025-06-14,ZIP-US-024,Eastside_Fulfillment,93.5,313,24.6,1.03,37.8,operational
2025-06-15,ZIP-US-001,Northside_Fulfillment,93.4,245,20.8,1.04,38.1,operational
2025-06-15,ZIP-US-002,Northside_Fulfillment,93.8,248,25.5,0.98,37.7,operational
2025-06-15,ZIP-US-003,Northside_Fulfillment,93.5,251,25.1,0.9,38.7,operational
2025-06-15,ZIP-US-004,Northside_Fulfillment,94.1,254,15.8,0.8,38.7,operational
2025-06-15,ZIP-US-005,Northside_Fulfillment,93.3,257,19.4,1.0,34.7,operational
2025-06-15,ZIP-US-006,Northside_Fulfillment,93.9,260,19.5,0.95,37.0,operational
2025-06-15,ZIP-US-007,Northside_Fulfillment,93.9,263,22.9,0.86,37.8,operational
2025-06-15,ZIP-US-008,Northside_Fulfillment,93.8,266,23.1,0.92,37.2,operational
2025-06-15,ZIP-US-009,Central_Fulfillment,94.1,269,17.3,1.28,36.3,operational
2025-06-15,ZIP-US-010,Central_Fulfillment,93.4,272,16.9,0.94,37.3,operational
2025-06-15,ZIP-US-011,Central_Fulfillment,99.0,275,15.6,0.81,38.0,operational
2025-06-15,ZIP-US-012,Central_Fulfillment,93.9,278,19.6,0.95,36.7,operational
2025-06-15,ZIP-US-013,Central_Fulfillment,94.2,281,20.1,1.13,36.5,operational
2025-06-15,ZIP-US-014,Central_Fulfillment,93.8,284,13.7,1.19,35.4,operational
2025-06-15,ZIP-US-015,Central_Fulfillment,93.4,287,20.9,0.91,37.5,operational
2025-06-15,ZIP-US-016,Central_Fulfillment,93.8,290,25.5,1.28,36.7,operational
2025-06-15,ZIP-US-017,Eastside_Fulfillment,94.4,293,13.9,0.99,36.5,operational
2025-06-15,ZIP-US-018,Eastside_Fulfillment,94.1,296,22.9,0.77,37.5,operational
2025-06-15,ZIP-US-019,Eastside_Fulfillment,94.3,299,20.7,1.21,36.7,operational
2025-06-15,ZIP-US-020,Eastside_Fulfillment,93.7,302,21.5,1.31,38.6,operational
2025-06-15,ZIP-US-021,Eastside_Fulfillment,93.8,305,24.9,1.18,37.0,operational
2025-06-15,ZIP-US-022,Eastside_Fulfillment,94.2,308,20.2,0.87,36.1,operational
2025-06-15,ZIP-US-023,Eastside_Fulfillment,93.5,311,18.1,0.72,36.0,operational
2025-06-15,ZIP-US-024,Eastside_Fulfillment,94.4,314,11.0,1.13,35.9,operational
2025-06-16,ZIP-US-001,Northside_Fulfillment,94.0,247,22.3,1.12,37.6,operational
2025-06-16,ZIP-US-002,Northside_Fulfillment,94.3,250,16.9,1.09,34.8,operational
2025-06-16,ZIP-US-003,Northside_Fulfillment,94.2,253,18.1,1.12,36.9,operational
2025-06-16,ZIP-US-004,Northside_Fulfillment,93.9,256,21.2,1.09,38.0,operational
2025-06-16,ZIP-US-005,Northside_Fulfillment,93.6,259,20.2,0.78,38.2,operational
2025-06-16,ZIP-US-006,Northside_Fulfillment,93.4,262,10.7,0.89,38.6,operational
2025-06-16,ZIP-US-007,Northside_Fulfillment,93.9,265,20.9,0.91,35.8,operational
2025-06-16,ZIP-US-008,Northside_Fulfillment,94.0,268,22.9,0.81,36.8,operational
2025-06-16,ZIP-US-009,Central_Fulfillment,94.0,271,21.7,0.96,39.3,operational
2025-06-16,ZIP-US-010,Central_Fulfillment,93.5,274,15.8,1.27,37.2,operational
2025-06-16,ZIP-US-011,Central_Fulfillment,98.7,277,18.6,0.98,37.5,operational
2025-06-16,ZIP-US-012,Central_Fulfillment,93.5,280,25.8,0.97,34.9,operational
2025-06-16,ZIP-US-013,Central_Fulfillment,93.3,283,20.0,0.81,37.2,operational
2025-06-16,ZIP-US-014,Central_Fulfillment,93.7,286,10.2,1.0,38.8,operational
2025-06-16,ZIP-US-015,Central_Fulfillment,93.8,289,19.3,1.14,37.4,operational
2025-06-16,ZIP-US-016,Central_Fulfillment,94.0,292,20.4,0.71,36.7,operational
2025-06-16,ZIP-US-017,Eastside_Fulfillment,93.7,295,22.5,0.98,36.1,operational
2025-06-16,ZIP-US-018,Eastside_Fulfillment,94.2,298,24.2,0.96,37.4,operational
2025-06-16,ZIP-US-019,Eastside_Fulfillment,93.7,301,27.0,1.18,37.3,operational
2025-06-16,ZIP-US-020,Eastside_Fulfillment,93.7,304,18.2,1.07,37.5,operational
2025-06-16,ZIP-US-021,Eastside_Fulfillment,93.0,307,21.2,1.08,38.1,operational
2025-06-16,ZIP-US-022,Eastside_Fulfillment,94.2,310,22.6,1.08,37.1,operational
2025-06-16,ZIP-US-023,Eastside_Fulfillment,93.7,313,16.5,1.1,36.5,operational
2025-06-16,ZIP-US-024,Eastside_Fulfillment,93.5,316,21.8,0.71,37.1,operational
2025-06-17,ZIP-US-001,Northside_Fulfillment,93.5,248,18.3,0.92,35.8,operational
2025-06-17,ZIP-US-002,Northside_Fulfillment,94.1,251,18.7,1.01,37.0,operational
2025-06-17,ZIP-US-003,Northside_Fulfillment,93.8,254,24.4,0.98,37.4,operational
2025-06-17,ZIP-US-004,Northside_Fulfillment,94.2,257,25.8,0.59,38.8,operational
2025-06-17,ZIP-US-005,Northside_Fulfillment,93.8,260,18.9,1.16,36.8,operational
2025-06-17,ZIP-US-006,Northside_Fulfillment,93.6,263,22.8,0.84,36.2,operational
2025-06-17,ZIP-US-007,Northside_Fulfillment,93.5,266,23.4,1.35,39.7,operational
2025-06-17,ZIP-US-008,Northside_Fulfillment,93.8,269,27.3,0.82,38.3,operational
2025-06-17,ZIP-US-009,Central_Fulfillment,93.1,272,25.3,0.85,37.1,operational
2025-06-17,ZIP-US-010,Central_Fulfillment,93.6,275,18.0,0.77,36.7,operational
2025-06-17,ZIP-US-011,Central_Fulfillment,98.9,278,16.8,1.14,35.7,operational
2025-06-17,ZIP-US-012,Central_Fulfillment,93.9,281,17.2,0.93,37.7,operational
2025-06-17,ZIP-US-013,Central_Fulfillment,93.8,284,18.6,0.99,38.0,operational
2025-06-17,ZIP-US-014,Central_Fulfillment,93.8,287,19.4,0.8,38.6,operational
2025-06-17,ZIP-US-015,Central_Fulfillment,93.6,290,26.1,1.19,37.5,operational
2025-06-17,ZIP-US-016,Central_Fulfillment,93.6,293,20.9,1.14,37.4,operational
2025-06-17,ZIP-US-017,Eastside_Fulfillment,93.5,296,19.2,0.78,37.1,operational
2025-06-17,ZIP-US-018,Eastside_Fulfillment,94.3,299,17.7,1.22,36.5,operational
2025-06-17,ZIP-US-019,Eastside_Fulfillment,93.6,302,19.6,1.06,35.1,operational
2025-06-17,ZIP-US-020,Eastside_Fulfillment,93.4,305,21.9,0.82,35.9,operational
2025-06-17,ZIP-US-021,Eastside_Fulfillment,94.4,308,18.7,0.95,36.5,operational
2025-06-17,ZIP-US-022,Eastside_Fulfillment,93.1,311,15.6,1.05,36.4,operational
2025-06-17,ZIP-US-023,Eastside_Fulfillment,93.3,314,21.0,0.87,35.4,operational
2025-06-17,ZIP-US-024,Eastside_Fulfillment,94.1,317,17.5,1.13,37.9,operational
2025-06-18,ZIP-US-001,Northside_Fulfillment,93.1,250,26.3,0.89,35.9,operational
2025-06-18,ZIP-US-002,Northside_Fulfillment,93.4,253,27.2,1.11,36.2,operational
2025-06-18,ZIP-US-003,Northside_Fulfillment,93.0,256,24.4,1.27,37.6,operational
2025-06-18,ZIP-US-004,Northside_Fulfillment,93.4,259,21.1,0.86,37.4,operational
2025-06-18,ZIP-US-005,Northside_Fulfillment,93.2,262,19.1,0.83,37.6,operational
2025-06-18,ZIP-US-006,Northside_Fulfillment,94.0,265,12.7,0.83,37.4,operational
2025-06-18,ZIP-US-007,Northside_Fulfillment,93.4,268,18.8,0.79,38.5,operational
2025-06-18,ZIP-US-008,Northside_Fulfillment,93.8,271,25.5,1.14,38.3,operational
2025-06-18,ZIP-US-009,Central_Fulfillment,93.8,274,26.5,1.14,36.7,operational
2025-06-18,ZIP-US-010,Central_Fulfillment,93.3,277,20.1,0.99,37.4,operational
2025-06-18,ZIP-US-011,Central_Fulfillment,99.0,280,17.4,0.57,37.7,operational
2025-06-18,ZIP-US-012,Central_Fulfillment,93.9,283,22.8,1.02,37.8,operational
2025-06-18,ZIP-US-013,Central_Fulfillment,94.0,286,26.0,1.04,38.4,operational
2025-06-18,ZIP-US-014,Central_Fulfillment,94.0,289,18.3,1.11,37.5,operational
2025-06-18,ZIP-US-015,Central_Fulfillment,93.5,292,16.2,0.96,36.2,operational
2025-06-18,ZIP-US-016,Central_Fulfillment,93.9,295,23.7,0.94,38.3,operational
2025-06-18,ZIP-US-017,Eastside_Fulfillment,93.9,298,19.4,1.04,36.4,operational
2025-06-18,ZIP-US-018,Eastside_Fulfillment,93.8,301,23.2,1.11,36.5,operational
2025-06-18,ZIP-US-019,Eastside_Fulfillment,94.0,304,14.6,0.92,37.8,operational
2025-06-18,ZIP-US-020,Eastside_Fulfillment,93.8,307,26.0,0.86,36.5,operational
2025-06-18,ZIP-US-021,Eastside_Fulfillment,94.0,310,20.0,1.14,36.2,operational
2025-06-18,ZIP-US-022,Eastside_Fulfillment,94.1,313,25.3,1.03,37.2,operational
2025-06-18,ZIP-US-023,Eastside_Fulfillment,93.5,316,13.7,1.15,35.7,operational
2025-06-18,ZIP-US-024,Eastside_Fulfillment,94.2,319,22.7,0.81,37.0,operational
2025-06-19,ZIP-US-001,Northside_Fulfillment,93.4,251,20.7,1.02,37.5,operational
2025-06-19,ZIP-US-002,Northside_Fulfillment,93.9,254,21.6,0.95,37.2,operational
2025-06-19,ZIP-US-003,Northside_Fulfillment,93.6,257,18.1,1.24,37.2,operational
2025-06-19,ZIP-US-004,Northside_Fulfillment,93.5,260,24.7,0.88,38.7,operational
2025-06-19,ZIP-US-005,Northside_Fulfillment,93.6,263,21.9,0.71,37.4,operational
2025-06-19,ZIP-US-006,Northside_Fulfillment,93.7,266,14.2,1.24,36.8,operational
2025-06-19,ZIP-US-007,Northside_Fulfillment,93.5,269,20.3,1.09,37.4,operational
2025-06-19,ZIP-US-008,Northside_Fulfillment,93.6,272,14.2,1.03,36.9,operational
2025-06-19,ZIP-US-009,Central_Fulfillment,94.0,275,12.1,1.03,37.2,operational
2025-06-19,ZIP-US-010,Central_Fulfillment,93.7,278,25.2,1.06,37.8,operational
2025-06-19,ZIP-US-011,Central_Fulfillment,98.7,281,17.0,0.92,38.0,operational
2025-06-19,ZIP-US-012,Central_Fulfillment,93.6,284,26.8,1.13,39.3,operational
2025-06-19,ZIP-US-013,Central_Fulfillment,93.7,287,20.4,1.03,37.4,operational
2025-06-19,ZIP-US-014,Central_Fulfillment,93.2,290,20.8,0.92,37.1,operational
2025-06-19,ZIP-US-015,Central_Fulfillment,93.8,293,24.5,1.2,36.3,operational
2025-06-19,ZIP-US-016,Central_Fulfillment,93.2,296,26.8,1.11,38.4,operational
2025-06-19,ZIP-US-017,Eastside_Fulfillment,93.3,299,21.8,1.18,36.4,operational
2025-06-19,ZIP-US-018,Eastside_Fulfillment,93.7,302,14.7,1.11,37.2,operational
2025-06-19,ZIP-US-019,Eastside_Fulfillment,93.3,305,22.4,1.07,35.7,operational
2025-06-19,ZIP-US-020,Eastside_Fulfillment,93.9,308,25.3,1.01,36.6,operational
2025-06-19,ZIP-US-021,Eastside_Fulfillment,93.6,311,20.7,1.03,36.2,operational
2025-06-19,ZIP-US-022,Eastside_Fulfillment,93.7,314,15.8,1.18,37.1,operational
2025-06-19,ZIP-US-023,Eastside_Fulfillment,93.6,317,24.0,1.0,38.5,operational
2025-06-19,ZIP-US-024,Eastside_Fulfillment,93.8,320,25.6,0.73,37.2,operational
2025-06-20,ZIP-US-001,Northside_Fulfillment,93.3,253,31.1,1.06,36.4,operational
2025-06-20,ZIP-US-002,Northside_Fulfillment,93.8,256,22.1,1.06,35.9,operational
2025-06-20,ZIP-US-003,Northside_Fulfillment,93.9,259,15.2,0.91,37.6,operational
2025-06-20,ZIP-US-004,Northside_Fulfillment,93.2,262,24.1,0.89,37.2,operational
2025-06-20,ZIP-US-005,Northside_Fulfillment,93.4,265,23.1,0.91,37.0,operational
2025-06-20,ZIP-US-006,Northside_Fulfillment,93.6,268,21.0,1.0,34.9,operational
2025-06-20,ZIP-US-007,Northside_Fulfillment,93.7,271,17.5,0.75,35.6,operational
2025-06-20,ZIP-US-008,Northside_Fulfillment,93.8,274,26.7,1.01,38.2,operational
2025-06-20,ZIP-US-009,Central_Fulfillment,93.7,277,20.7,1.12,38.1,operational
2025-06-20,ZIP-US-010,Central_Fulfillment,93.9,280,17.2,0.98,37.2,operational
2025-06-20,ZIP-US-011,Central_Fulfillment,98.6,283,18.7,0.89,36.7,operational
2025-06-20,ZIP-US-012,Central_Fulfillment,93.4,286,26.2,0.76,37.6,operational
2025-06-20,ZIP-US-013,Central_Fulfillment,94.0,289,22.6,0.92,36.8,operational
2025-06-20,ZIP-US-014,Central_Fulfillment,93.3,292,22.5,0.87,36.9,operational
2025-06-20,ZIP-US-015,Central_Fulfillment,93.6,295,19.0,1.02,37.3,operational
2025-06-20,ZIP-US-016,Central_Fulfillment,94.0,298,17.9,0.8,37.6,operational
2025-06-20,ZIP-US-017,Eastside_Fulfillment,92.7,301,23.9,0.98,37.0,operational
2025-06-20,ZIP-US-018,Eastside_Fulfillment,92.9,304,18.7,0.9,36.9,operational
2025-06-20,ZIP-US-019,Eastside_Fulfillment,93.8,307,18.5,1.25,35.5,operational
2025-06-20,ZIP-US-020,Eastside_Fulfillment,93.6,310,25.7,0.98,35.5,operational
2025-06-20,ZIP-US-021,Eastside_Fulfillment,93.9,313,25.8,0.6,36.9,operational
2025-06-20,ZIP-US-022,Eastside_Fulfillment,93.7,316,19.9,0.95,38.3,operational
2025-06-20,ZIP-US-023,Eastside_Fulfillment,93.6,319,22.1,0.72,37.2,operational
2025-06-20,ZIP-US-024,Eastside_Fulfillment,93.8,322,22.9,1.02,36.1,operational
2025-06-21,ZIP-US-001,Northside_Fulfillment,93.5,254,27.0,1.29,35.9,operational
2025-06-21,ZIP-US-002,Northside_Fulfillment,93.2,257,16.0,1.11,35.1,operational
2025-06-21,ZIP-US-003,Northside_Fulfillment,93.4,260,15.8,1.07,36.9,operational
2025-06-21,ZIP-US-004,Northside_Fulfillment,93.2,263,13.2,1.02,36.9,operational
2025-06-21,ZIP-US-005,Northside_Fulfillment,93.7,266,22.5,1.13,36.4,operational
2025-06-21,ZIP-US-006,Northside_Fulfillment,93.1,269,24.1,1.21,37.5,operational
2025-06-21,ZIP-US-007,Northside_Fulfillment,93.7,272,15.9,1.04,35.3,operational
2025-06-21,ZIP-US-008,Northside_Fulfillment,93.4,275,15.9,1.0,35.5,operational
2025-06-21,ZIP-US-009,Central_Fulfillment,93.5,278,27.5,1.17,36.3,operational
2025-06-21,ZIP-US-010,Central_Fulfillment,93.6,281,17.8,1.1,37.8,operational
2025-06-21,ZIP-US-011,Central_Fulfillment,98.9,284,19.4,0.96,35.5,operational
2025-06-21,ZIP-US-012,Central_Fulfillment,93.8,287,21.4,0.8,35.8,operational
2025-06-21,ZIP-US-013,Central_Fulfillment,93.8,290,24.4,0.98,38.5,operational
2025-06-21,ZIP-US-014,Central_Fulfillment,93.7,293,19.1,1.01,35.4,operational
2025-06-21,ZIP-US-015,Central_Fulfillment,93.3,296,23.9,0.79,36.2,operational
2025-06-21,ZIP-US-016,Central_Fulfillment,93.0,299,22.4,0.77,38.4,operational
2025-06-21,ZIP-US-017,Eastside_Fulfillment,93.2,302,26.3,1.07,38.2,operational
2025-06-21,ZIP-US-018,Eastside_Fulfillment,93.3,305,20.6,0.91,36.1,operational
2025-06-21,ZIP-US-019,Eastside_Fulfillment,93.7,308,23.3,1.05,35.8,operational
2025-06-21,ZIP-US-020,Eastside_Fulfillment,93.0,311,19.3,0.95,36.8,operational
2025-06-21,ZIP-US-021,Eastside_Fulfillment,93.4,314,24.0,1.1,38.4,operational
2025-06-21,ZIP-US-022,Eastside_Fulfillment,93.7,317,26.7,1.17,38.2,operational
2025-06-21,ZIP-US-023,Eastside_Fulfillment,93.7,320,13.4,1.27,36.4,operational
2025-06-21,ZIP-US-024,Eastside_Fulfillment,93.3,323,15.5,1.09,37.3,operational
2025-06-22,ZIP-US-001,Northside_Fulfillment,93.5,256,19.7,0.84,36.8,operational
2025-06-22,ZIP-US-002,Northside_Fulfillment,93.3,259,23.4,0.71,36.4,operational
2025-06-22,ZIP-US-003,Northside_Fulfillment,93.6,262,20.9,0.84,38.7,operational
2025-06-22,ZIP-US-004,Northside_Fulfillment,94.1,265,25.9,1.12,36.1,operational
2025-06-22,ZIP-US-005,Northside_Fulfillment,93.7,268,17.7,1.17,37.9,operational
2025-06-22,ZIP-US-006,Northside_Fulfillment,93.8,271,20.1,1.07,36.5,operational
2025-06-22,ZIP-US-007,Northside_Fulfillment,94.0,274,22.0,1.01,37.4,operational
2025-06-22,ZIP-US-008,Northside_Fulfillment,93.3,277,18.9,1.07,37.1,operational
2025-06-22,ZIP-US-009,Central_Fulfillment,93.7,280,24.5,1.01,36.9,operational
2025-06-22,ZIP-US-010,Central_Fulfillment,93.1,283,17.0,0.96,36.5,operational
2025-06-22,ZIP-US-011,Central_Fulfillment,98.6,286,19.0,0.75,38.7,operational
2025-06-22,ZIP-US-012,Central_Fulfillment,93.1,289,24.4,1.06,36.8,operational
2025-06-22,ZIP-US-013,Central_Fulfillment,93.2,292,20.4,1.04,35.7,operational
2025-06-22,ZIP-US-014,Central_Fulfillment,93.0,295,25.2,0.89,37.2,operational
2025-06-22,ZIP-US-015,Central_Fulfillment,92.9,298,21.5,1.13,38.5,operational
2025-06-22,ZIP-US-016,Central_Fulfillment,94.0,301,17.9,0.99,34.1,operational
2025-06-22,ZIP-US-017,Eastside_Fulfillment,94.1,304,20.5,1.06,35.5,operational
2025-06-22,ZIP-US-018,Eastside_Fulfillment,93.8,307,24.0,1.18,35.3,operational
2025-06-22,ZIP-US-019,Eastside_Fulfillment,93.6,310,15.8,1.16,37.5,operational
2025-06-22,ZIP-US-020,Eastside_Fulfillment,93.7,313,27.2,0.9,37.6,operational
2025-06-22,ZIP-US-021,Eastside_Fulfillment,93.4,316,20.5,0.77,37.4,operational
2025-06-22,ZIP-US-022,Eastside_Fulfillment,93.4,319,21.9,0.85,38.2,operational
2025-06-22,ZIP-US-023,Eastside_Fulfillment,93.4,322,22.1,1.01,35.5,operational
2025-06-22,ZIP-US-024,Eastside_Fulfillment,92.9,325,13.7,1.05,37.6,operational
2025-06-23,ZIP-US-001,Northside_Fulfillment,93.6,257,22.5,1.16,35.9,operational
2025-06-23,ZIP-US-002,Northside_Fulfillment,93.6,260,11.5,1.09,38.0,operational
2025-06-23,ZIP-US-003,Northside_Fulfillment,92.9,263,20.9,0.9,37.1,operational
2025-06-23,ZIP-US-004,Northside_Fulfillment,92.9,266,20.7,1.05,36.5,operational
2025-06-23,ZIP-US-005,Northside_Fulfillment,92.9,269,25.0,1.16,35.7,operational
2025-06-23,ZIP-US-006,Northside_Fulfillment,93.3,272,19.5,1.01,36.2,operational
2025-06-23,ZIP-US-007,Northside_Fulfillment,94.1,275,17.2,1.3,37.5,operational
2025-06-23,ZIP-US-008,Northside_Fulfillment,93.6,278,30.7,1.28,33.8,operational
2025-06-23,ZIP-US-009,Central_Fulfillment,93.4,281,20.0,0.99,38.1,operational
2025-06-23,ZIP-US-010,Central_Fulfillment,93.2,284,17.1,1.08,38.0,operational
2025-06-23,ZIP-US-011,Central_Fulfillment,98.6,287,16.4,1.12,36.1,operational
2025-06-23,ZIP-US-012,Central_Fulfillment,93.5,290,19.7,0.82,37.0,operational
2025-06-23,ZIP-US-013,Central_Fulfillment,93.5,293,20.7,0.98,36.2,operational
2025-06-23,ZIP-US-014,Central_Fulfillment,93.6,296,19.4,1.19,35.8,operational
2025-06-23,ZIP-US-015,Central_Fulfillment,93.5,299,17.1,0.93,36.9,operational
2025-06-23,ZIP-US-016,Central_Fulfillment,92.9,302,24.5,1.09,37.0,operational
2025-06-23,ZIP-US-017,Eastside_Fulfillment,93.9,305,21.7,0.94,35.9,operational
2025-06-23,ZIP-US-018,Eastside_Fulfillment,93.8,308,14.1,1.09,37.1,operational
2025-06-23,ZIP-US-019,Eastside_Fulfillment,93.4,311,15.4,0.86,37.5,operational
2025-06-23,ZIP-US-020,Eastside_Fulfillment,93.7,314,20.3,0.81,37.6,operational
2025-06-23,ZIP-US-021,Eastside_Fulfillment,93.9,317,22.2,1.28,35.7,operational
2025-06-23,ZIP-US-022,Eastside_Fulfillment,93.0,320,21.1,1.01,37.2,operational
2025-06-23,ZIP-US-023,Eastside_Fulfillment,93.1,323,23.8,1.02,37.8,operational
2025-06-23,ZIP-US-024,Eastside_Fulfillment,93.2,326,20.4,1.17,37.0,operational
2025-06-24,ZIP-US-001,Northside_Fulfillment,93.2,259,28.0,0.96,37.4,operational
2025-06-24,ZIP-US-002,Northside_Fulfillment,93.8,262,19.8,1.01,36.7,operational
2025-06-24,ZIP-US-003,Northside_Fulfillment,93.1,265,20.5,0.97,36.6,operational
2025-06-24,ZIP-US-004,Northside_Fulfillment,93.3,268,21.5,1.39,38.7,operational
2025-06-24,ZIP-US-005,Northside_Fulfillment,92.8,271,16.1,1.2,37.5,operational
2025-06-24,ZIP-US-006,Northside_Fulfillment,93.3,274,16.4,0.93,36.7,operational
2025-06-24,ZIP-US-007,Northside_Fulfillment,93.1,277,20.1,1.0,37.4,operational
2025-06-24,ZIP-US-008,Northside_Fulfillment,93.7,280,25.1,1.13,35.8,operational
2025-06-24,ZIP-US-009,Central_Fulfillment,93.5,283,23.1,1.17,36.4,operational
2025-06-24,ZIP-US-010,Central_Fulfillment,93.3,286,15.8,0.96,38.1,operational
2025-06-24,ZIP-US-011,Central_Fulfillment,98.8,289,17.3,1.15,37.3,operational
2025-06-24,ZIP-US-012,Central_Fulfillment,93.4,292,19.2,0.93,35.6,operational
2025-06-24,ZIP-US-013,Central_Fulfillment,93.6,295,17.0,1.22,37.4,operational
2025-06-24,ZIP-US-014,Central_Fulfillment,93.2,298,23.8,1.08,39.4,operational
2025-06-24,ZIP-US-015,Central_Fulfillment,93.1,301,19.8,1.07,36.2,operational
2025-06-24,ZIP-US-016,Central_Fulfillment,93.1,304,15.9,1.0,38.1,operational
2025-06-24,ZIP-US-017,Eastside_Fulfillment,93.7,307,26.9,0.75,36.0,operational
2025-06-24,ZIP-US-018,Eastside_Fulfillment,93.8,310,21.1,0.93,38.0,operational
2025-06-24,ZIP-US-019,Eastside_Fulfillment,93.2,313,16.0,0.92,36.7,operational
2025-06-24,ZIP-US-020,Eastside_Fulfillment,93.4,316,14.0,0.96,36.6,operational
2025-06-24,ZIP-US-021,Eastside_Fulfillment,93.8,319,19.4,0.73,37.0,operational
2025-06-24,ZIP-US-022,Eastside_Fulfillment,93.7,322,14.3,0.94,35.8,operational
2025-06-24,ZIP-US-023,Eastside_Fulfillment,93.4,325,18.3,1.37,36.0,operational
2025-06-24,ZIP-US-024,Eastside_Fulfillment,93.6,328,16.5,0.97,38.3,operational
2025-06-25,ZIP-US-001,Northside_Fulfillment,93.2,260,20.4,1.18,34.6,operational
2025-06-25,ZIP-US-002,Northside_Fulfillment,93.4,263,24.2,0.91,35.6,operational
2025-06-25,ZIP-US-003,Northside_Fulfillment,93.3,266,23.6,1.01,37.0,operational
2025-06-25,ZIP-US-004,Northside_Fulfillment,93.2,269,15.3,0.91,36.0,operational
2025-06-25,ZIP-US-005,Northside_Fulfillment,94.0,272,16.3,1.21,38.0,operational
2025-06-25,ZIP-US-006,Northside_Fulfillment,93.6,275,25.5,0.96,37.7,operational
2025-06-25,ZIP-US-007,Northside_Fulfillment,93.9,278,22.2,1.07,36.6,operational
2025-06-25,ZIP-US-008,Northside_Fulfillment,92.7,281,14.2,0.93,37.5,operational
2025-06-25,ZIP-US-009,Central_Fulfillment,92.6,284,25.5,0.8,36.5,operational
2025-06-25,ZIP-US-010,Central_Fulfillment,93.0,287,23.4,1.14,36.5,operational
2025-06-25,ZIP-US-011,Central_Fulfillment,98.8,290,19.4,1.08,35.5,operational
2025-06-25,ZIP-US-012,Central_Fulfillment,93.2,293,15.8,1.05,37.4,operational
2025-06-25,ZIP-US-013,Central_Fulfillment,93.3,296,15.1,1.27,37.5,operational
2025-06-25,ZIP-US-014,Central_Fulfillment,93.5,299,21.1,0.9,37.0,operational
2025-06-25,ZIP-US-015,Central_Fulfillment,93.4,302,25.2,1.05,37.6,operational
2025-06-25,ZIP-US-016,Central_Fulfillment,93.7,305,23.9,0.74,36.9,operational
2025-06-25,ZIP-US-017,Eastside_Fulfillment,93.6,308,21.7,0.7,37.0,operational
2025-06-25,ZIP-US-018,Eastside_Fulfillment,93.2,311,19.5,0.9,37.7,operational
2025-06-25,ZIP-US-019,Eastside_Fulfillment,93.5,314,25.9,1.1,37.2,operational
2025-06-25,ZIP-US-020,Eastside_Fulfillment,93.2,317,23.3,0.91,37.0,operational
2025-06-25,ZIP-US-021,Eastside_Fulfillment,93.6,320,16.2,1.12,38.3,operational
2025-06-25,ZIP-US-022,Eastside_Fulfillment,94.1,323,22.6,1.12,35.9,operational
2025-06-25,ZIP-US-023,Eastside_Fulfillment,93.1,326,11.1,0.84,35.5,operational
2025-06-25,ZIP-US-024,Eastside_Fulfillment,93.5,329,23.3,1.21,35.9,operational
2025-06-26,ZIP-US-001,Northside_Fulfillment,93.7,262,13.7,0.93,37.8,operational
2025-06-26,ZIP-US-002,Northside_Fulfillment,93.6,265,21.9,0.78,37.6,operational
2025-06-26,ZIP-US-003,Northside_Fulfillment,93.8,268,25.8,0.88,37.1,operational
2025-06-26,ZIP-US-004,Northside_Fulfillment,93.9,271,16.9,1.12,36.7,operational
2025-06-26,ZIP-US-005,Northside_Fulfillment,93.2,274,14.7,0.97,37.1,operational
2025-06-26,ZIP-US-006,Northside_Fulfillment,92.5,277,21.7,1.19,36.6,operational
2025-06-26,ZIP-US-007,Northside_Fulfillment,93.2,280,26.6,0.82,38.5,operational
2025-06-26,ZIP-US-008,Northside_Fulfillment,93.4,283,15.4,1.16,35.7,operational
2025-06-26,ZIP-US-009,Central_Fulfillment,93.6,286,14.2,0.86,35.6,operational
2025-06-26,ZIP-US-010,Central_Fulfillment,92.6,289,20.6,1.06,37.0,operational
2025-06-26,ZIP-US-011,Central_Fulfillment,98.9,292,17.2,0.99,37.9,operational
2025-06-26,ZIP-US-012,Central_Fulfillment,93.4,295,23.0,1.09,37.2,operational
2025-06-26,ZIP-US-013,Central_Fulfillment,93.2,298,28.4,0.86,36.3,operational
2025-06-26,ZIP-US-014,Central_Fulfillment,93.7,301,25.1,1.03,38.8,operational
2025-06-26,ZIP-US-015,Central_Fulfillment,94.2,304,21.1,0.98,35.3,operational
2025-06-26,ZIP-US-016,Central_Fulfillment,93.6,307,20.8,0.92,36.9,operational
2025-06-26,ZIP-US-017,Eastside_Fulfillment,92.9,310,18.0,0.87,37.3,operational
2025-06-26,ZIP-US-018,Eastside_Fulfillment,93.3,313,22.0,1.2,36.9,operational
2025-06-26,ZIP-US-019,Eastside_Fulfillment,93.7,316,16.9,1.07,36.8,operational
2025-06-26,ZIP-US-020,Eastside_Fulfillment,93.6,319,20.5,0.82,36.5,operational
2025-06-26,ZIP-US-021,Eastside_Fulfillment,94.3,322,20.6,0.96,36.0,operational
2025-06-26,ZIP-US-022,Eastside_Fulfillment,93.5,325,19.9,0.93,37.7,operational
2025-06-26,ZIP-US-023,Eastside_Fulfillment,93.8,328,22.8,1.06,37.0,operational
2025-06-26,ZIP-US-024,Eastside_Fulfillment,92.9,331,27.2,0.92,36.0,operational
2025-06-27,ZIP-US-001,Northside_Fulfillment,93.4,263,20.5,0.95,38.3,operational
2025-06-27,ZIP-US-002,Northside_Fulfillment,93.0,266,19.2,1.33,38.9,operational
2025-06-27,ZIP-US-003,Northside_Fulfillment,93.5,269,22.4,1.01,36.1,operational
2025-06-27,ZIP-US-004,Northside_Fulfillment,93.5,272,24.2,0.97,37.4,operational
2025-06-27,ZIP-US-005,Northside_Fulfillment,93.3,275,24.0,0.88,38.3,operational
2025-06-27,ZIP-US-006,Northside_Fulfillment,93.1,278,10.6,0.86,37.3,operational
2025-06-27,ZIP-US-007,Northside_Fulfillment,93.2,281,23.1,0.66,36.2,operational
2025-06-27,ZIP-US-008,Northside_Fulfillment,93.5,284,25.1,0.94,37.7,operational
2025-06-27,ZIP-US-009,Central_Fulfillment,93.5,287,20.7,0.91,37.4,operational
2025-06-27,ZIP-US-010,Central_Fulfillment,93.7,290,18.3,0.82,38.2,operational
2025-06-27,ZIP-US-011,Central_Fulfillment,98.9,293,19.0,1.18,35.5,operational
2025-06-27,ZIP-US-012,Central_Fulfillment,93.7,296,20.1,1.0,37.6,operational
2025-06-27,ZIP-US-013,Central_Fulfillment,93.2,299,18.4,1.11,37.7,operational
2025-06-27,ZIP-US-014,Central_Fulfillment,93.5,302,19.3,1.22,37.9,operational
2025-06-27,ZIP-US-015,Central_Fulfillment,93.3,305,23.9,1.11,37.3,operational
2025-06-27,ZIP-US-016,Central_Fulfillment,93.2,308,17.5,0.9,36.9,operational
2025-06-27,ZIP-US-017,Eastside_Fulfillment,93.7,311,22.5,1.11,37.2,operational
2025-06-27,ZIP-US-018,Eastside_Fulfillment,93.4,314,20.3,0.83,38.4,operational
2025-06-27,ZIP-US-019,Eastside_Fulfillment,93.3,317,15.8,0.9,36.4,operational
2025-06-27,ZIP-US-020,Eastside_Fulfillment,94.3,320,25.1,1.02,38.4,operational
2025-06-27,ZIP-US-021,Eastside_Fulfillment,93.4,323,25.4,0.91,36.4,operational
2025-06-27,ZIP-US-022,Eastside_Fulfillment,93.3,326,17.5,1.04,35.7,operational
2025-06-27,ZIP-US-023,Eastside_Fulfillment,93.7,329,22.8,1.24,35.2,operational
2025-06-27,ZIP-US-024,Eastside_Fulfillment,93.4,332,15.1,0.72,36.1,operational
2025-06-28,ZIP-US-001,Northside_Fulfillment,93.6,265,21.0,0.94,36.6,operational
2025-06-28,ZIP-US-002,Northside_Fulfillment,93.4,268,21.1,0.93,37.2,operational
2025-06-28,ZIP-US-003,Northside_Fulfillment,93.7,271,23.4,1.13,37.2,operational
2025-06-28,ZIP-US-004,Northside_Fulfillment,93.5,274,22.8,1.07,35.7,operational
2025-06-28,ZIP-US-005,Northside_Fulfillment,93.3,277,27.7,1.15,37.8,operational
2025-06-28,ZIP-US-006,Northside_Fulfillment,93.4,280,15.5,0.74,36.4,operational
2025-06-28,ZIP-US-007,Northside_Fulfillment,93.3,283,23.9,1.06,37.7,operational
2025-06-28,ZIP-US-008,Northside_Fulfillment,93.1,286,18.6,1.1,36.1,operational
2025-06-28,ZIP-US-009,Central_Fulfillment,93.0,289,18.1,1.19,36.0,operational
2025-06-28,ZIP-US-010,Central_Fulfillment,93.1,292,29.6,0.95,36.9,operational
2025-06-28,ZIP-US-011,Central_Fulfillment,98.9,295,19.1,1.0,36.2,operational
2025-06-28,ZIP-US-012,Central_Fulfillment,94.0,298,16.8,0.96,36.6,operational
2025-06-28,ZIP-US-013,Central_Fulfillment,93.1,301,22.2,0.73,37.6,operational
2025-06-28,ZIP-US-014,Central_Fulfillment,93.7,304,17.5,1.18,36.0,operational
2025-06-28,ZIP-US-015,Central_Fulfillment,93.6,307,20.2,0.89,37.8,operational
2025-06-28,ZIP-US-016,Central_Fulfillment,93.5,310,19.3,1.05,35.2,operational
2025-06-28,ZIP-US-017,Eastside_Fulfillment,93.8,313,24.2,0.88,37.1,operational
2025-06-28,ZIP-US-018,Eastside_Fulfillment,94.2,316,21.0,0.88,38.1,operational
2025-06-28,ZIP-US-019,Eastside_Fulfillment,93.4,319,21.3,0.7,35.6,operational
2025-06-28,ZIP-US-020,Eastside_Fulfillment,93.4,322,16.8,1.11,36.4,operational
2025-06-28,ZIP-US-021,Eastside_Fulfillment,93.3,325,19.5,0.95,36.0,operational
2025-06-28,ZIP-US-022,Eastside_Fulfillment,92.6,328,19.3,1.08,37.6,operational
2025-06-28,ZIP-US-023,Eastside_Fulfillment,93.0,331,19.8,1.18,38.3,operational
2025-06-28,ZIP-US-024,Eastside_Fulfillment,92.9,334,20.9,0.98,36.8,operational
2025-06-29,ZIP-US-001,Northside_Fulfillment,93.5,266,18.4,1.04,35.4,operational
2025-06-29,ZIP-US-002,Northside_Fulfillment,93.1,269,26.6,1.01,37.3,operational
2025-06-29,ZIP-US-003,Northside_Fulfillment,93.3,272,18.9,1.06,37.1,operational
2025-06-29,ZIP-US-004,Northside_Fulfillment,93.1,275,21.9,0.75,38.1,operational
2025-06-29,ZIP-US-005,Northside_Fulfillment,93.2,278,15.5,1.12,36.8,operational
2025-06-29,ZIP-US-006,Northside_Fulfillment,93.1,281,23.2,0.96,36.9,operational
2025-06-29,ZIP-US-007,Northside_Fulfillment,93.2,284,25.2,1.14,37.4,operational
2025-06-29,ZIP-US-008,Northside_Fulfillment,93.5,287,18.2,0.94,37.1,operational
2025-06-29,ZIP-US-009,Central_Fulfillment,93.0,290,22.0,1.06,36.2,operational
2025-06-29,ZIP-US-010,Central_Fulfillment,93.2,293,11.4,1.06,37.7,operational
2025-06-29,ZIP-US-011,Central_Fulfillment,98.6,296,19.7,1.09,38.8,operational
2025-06-29,ZIP-US-012,Central_Fulfillment,92.8,299,20.8,0.91,36.8,operational
2025-06-29,ZIP-US-013,Central_Fulfillment,92.8,302,21.5,1.06,36.8,operational
2025-06-29,ZIP-US-014,Central_Fulfillment,93.3,305,18.7,1.16,36.3,operational
2025-06-29,ZIP-US-015,Central_Fulfillment,93.7,308,22.7,0.91,36.9,operational
2025-06-29,ZIP-US-016,Central_Fulfillment,92.9,311,24.9,1.18,37.0,operational
2025-06-29,ZIP-US-017,Eastside_Fulfillment,93.5,314,26.5,0.75,35.9,operational
2025-06-29,ZIP-US-018,Eastside_Fulfillment,93.3,317,13.0,0.88,36.4,operational
2025-06-29,ZIP-US-019,Eastside_Fulfillment,93.9,320,20.8,0.95,36.1,operational
2025-06-29,ZIP-US-020,Eastside_Fulfillment,93.3,323,18.5,0.87,37.5,operational
2025-06-29,ZIP-US-021,Eastside_Fulfillment,92.9,326,13.8,0.75,37.6,operational
2025-06-29,ZIP-US-022,Eastside_Fulfillment,93.7,329,17.7,0.87,37.1,operational
2025-06-29,ZIP-US-023,Eastside_Fulfillment,92.9,332,23.4,1.09,36.0,operational
2025-06-29,ZIP-US-024,Eastside_Fulfillment,93.2,335,21.3,0.71,36.1,operational
