merchant_event_id,order_id,merchant_id,merchant_name,event_at,ready_status,estimated_prep_min,additional_delay_min,handoff_verified
ME-30001,ORD-US-30000,M-001,Green Basket Market,2025-04-01T18:25:12,ready_on_time,15.2,0,True
ME-30002,ORD-US-30001,M-003,Pasta Garden,2025-04-01T18:22:06,ready_on_time,17.1,0,True
ME-30003,ORD-US-30002,M-004,QuickCare Pharmacy,2025-04-01T08:51:00,ready_on_time,11.0,0,True
ME-30004,ORD-US-30003,M-003,Pasta Garden,2025-04-01T19:32:54,ready_on_time,7.9,0,True
ME-30005,ORD-US-30004,M-001,Green Basket Market,2025-04-01T13:46:00,ready_on_time,11.0,0,True
ME-30006,ORD-US-30005,M-001,Green Basket Market,2025-04-01T08:52:24,ready_on_time,22.4,0,True
ME-30007,ORD-US-30006,M-001,Green Basket Market,2025-04-01T16:47:42,ready_on_time,17.7,0,True
ME-30008,ORD-US-30007,M-004,QuickCare Pharmacy,2025-04-01T09:45:00,ready_on_time,20.0,0,True
ME-30009,ORD-US-30008,M-004,QuickCare Pharmacy,2025-04-01T17:30:54,ready_on_time,10.9,0,True
ME-30010,ORD-US-30009,M-004,QuickCare Pharmacy,2025-04-01T15:46:24,ready_on_time,16.4,0,True
ME-30011,ORD-US-30010,M-001,Green Basket Market,2025-04-01T16:53:12,ready_on_time,8.2,0,True
ME-30012,ORD-US-30011,M-002,Crisp & Co.,2025-04-01T13:52:18,ready_on_time,7.3,0,True
ME-30013,ORD-US-30012,M-003,Pasta Garden,2025-04-01T12:39:48,ready_on_time,9.8,0,True
ME-30014,ORD-US-30013,M-002,Crisp & Co.,2025-04-01T11:03:48,ready_on_time,13.8,0,True
ME-30015,ORD-US-30014,M-003,Pasta Garden,2025-04-01T09:07:54,ready_on_time,12.9,0,True
ME-30016,ORD-US-30015,M-004,QuickCare Pharmacy,2025-04-01T14:15:18,ready_on_time,10.3,0,True
ME-30017,ORD-US-30016,M-001,Green Basket Market,2025-04-01T19:01:48,ready_on_time,11.8,0,True
ME-30018,ORD-US-30017,M-004,QuickCare Pharmacy,2025-04-01T19:14:36,ready_on_time,19.6,0,True
ME-30019,ORD-US-30018,M-004,QuickCare Pharmacy,2025-04-01T08:15:48,ready_on_time,15.8,0,True
ME-30020,ORD-US-30019,M-003,Pasta Garden,2025-04-01T08:19:12,ready_on_time,14.2,0,True
ME-30021,ORD-US-30020,M-002,Crisp & Co.,2025-04-01T13:56:36,ready_on_time,11.6,0,True
ME-30022,ORD-US-30021,M-003,Pasta Garden,2025-04-01T08:48:54,ready_on_time,13.9,0,True
ME-30023,ORD-US-30022,M-004,QuickCare Pharmacy,2025-04-01T11:06:18,ready_on_time,11.3,0,True
ME-30024,ORD-US-30023,M-003,Pasta Garden,2025-04-01T10:41:00,ready_on_time,16.0,0,True
ME-30025,ORD-US-30024,M-001,Green Basket Market,2025-04-01T17:27:42,ready_on_time,12.7,0,True
ME-30026,ORD-US-30025,M-003,Pasta Garden,2025-04-01T13:50:54,ready_on_time,10.9,0,True
ME-30027,ORD-US-30026,M-003,Pasta Garden,2025-04-01T12:19:18,ready_on_time,9.3,0,True
ME-30028,ORD-US-30027,M-001,Green Basket Market,2025-04-01T16:54:42,ready_on_time,9.7,0,True
ME-30029,ORD-US-30028,M-001,Green Basket Market,2025-04-01T15:34:06,ready_on_time,14.1,0,True
ME-30030,ORD-US-30029,M-002,Crisp & Co.,2025-04-01T14:27:54,ready_on_time,12.9,0,True
ME-30031,ORD-US-30030,M-002,Crisp & Co.,2025-04-01T18:00:42,ready_on_time,10.7,0,True
ME-30032,ORD-US-30031,M-003,Pasta Garden,2025-04-01T10:52:48,ready_on_time,12.8,0,True
ME-30033,ORD-US-30032,M-004,QuickCare Pharmacy,2025-04-01T18:19:18,ready_on_time,9.3,0,True
ME-30034,ORD-US-30033,M-003,Pasta Garden,2025-04-01T16:13:18,ready_on_time,18.3,0,True
ME-30035,ORD-US-30034,M-001,Green Basket Market,2025-04-01T18:05:00,ready_on_time,5.0,0,True
ME-30036,ORD-US-30035,M-003,Pasta Garden,2025-04-01T09:11:06,ready_on_time,16.1,0,True
ME-30037,ORD-US-30036,M-002,Crisp & Co.,2025-04-01T18:37:18,ready_on_time,17.3,0,True
ME-30038,ORD-US-30037,M-002,Crisp & Co.,2025-04-01T14:14:30,ready_on_time,24.5,0,True
ME-30039,ORD-US-30038,M-004,QuickCare Pharmacy,2025-04-01T16:28:54,ready_on_time,8.9,0,True
ME-30040,ORD-US-30039,M-003,Pasta Garden,2025-04-01T10:05:06,ready_on_time,15.1,0,True
ME-30041,ORD-US-30040,M-002,Crisp & Co.,2025-04-01T09:54:00,ready_on_time,14.0,0,True
ME-30042,ORD-US-30041,M-006,Fresh Roots Grocery,2025-04-01T10:57:18,ready_on_time,12.3,0,True
ME-30043,ORD-US-30042,M-006,Fresh Roots Grocery,2025-04-01T15:18:24,ready_on_time,18.4,0,True
ME-30044,ORD-US-30043,M-006,Fresh Roots Grocery,2025-04-01T16:52:06,ready_on_time,17.1,0,True
ME-30045,ORD-US-30044,M-006,Fresh Roots Grocery,2025-04-01T18:40:12,ready_on_time,15.2,0,True
ME-30046,ORD-US-30045,M-008,Noodle House,2025-04-01T18:53:24,ready_on_time,18.4,0,True
ME-30047,ORD-US-30046,M-006,Fresh Roots Grocery,2025-04-01T12:29:00,ready_on_time,4.0,0,True
ME-30048,ORD-US-30047,M-007,Home & Handy,2025-04-01T11:31:12,ready_on_time,11.2,0,True
ME-30049,ORD-US-30048,M-006,Fresh Roots Grocery,2025-04-01T20:09:30,ready_on_time,29.5,0,True
ME-30050,ORD-US-30049,M-005,Corner Table,2025-04-01T15:53:12,ready_on_time,18.2,0,True
ME-30051,ORD-US-30050,M-008,Noodle House,2025-04-01T09:40:24,ready_on_time,10.4,0,True
ME-30052,ORD-US-30051,M-005,Corner Table,2025-04-01T11:16:12,ready_on_time,11.2,0,True
ME-30053,ORD-US-30052,M-008,Noodle House,2025-04-01T15:26:18,ready_on_time,16.3,0,True
ME-30054,ORD-US-30053,M-005,Corner Table,2025-04-01T09:37:18,ready_on_time,12.3,0,True
ME-30055,ORD-US-30054,M-005,Corner Table,2025-04-01T15:16:30,ready_on_time,11.5,0,True
ME-30056,ORD-US-30055,M-006,Fresh Roots Grocery,2025-04-01T19:54:24,ready_on_time,14.4,0,True
ME-30057,ORD-US-30056,M-005,Corner Table,2025-04-01T13:26:12,ready_on_time,16.2,0,True
ME-30058,ORD-US-30057,M-007,Home & Handy,2025-04-01T19:52:36,ready_on_time,12.6,0,True
ME-30059,ORD-US-30058,M-006,Fresh Roots Grocery,2025-04-01T13:12:48,ready_on_time,12.8,0,True
ME-30060,ORD-US-30059,M-005,Corner Table,2025-04-01T15:11:12,ready_on_time,16.2,0,True
ME-30061,ORD-US-30060,M-006,Fresh Roots Grocery,2025-04-01T09:16:48,ready_on_time,21.8,0,True
ME-30062,ORD-US-30061,M-006,Fresh Roots Grocery,2025-04-01T13:02:18,ready_on_time,17.3,0,True
ME-30063,ORD-US-30062,M-008,Noodle House,2025-04-01T10:11:24,ready_on_time,11.4,0,True
ME-30064,ORD-US-30063,M-005,Corner Table,2025-04-01T12:18:00,ready_on_time,18.0,0,True
ME-30065,ORD-US-30064,M-005,Corner Table,2025-04-01T10:21:24,ready_on_time,11.4,0,True
ME-30066,ORD-US-30065,M-006,Fresh Roots Grocery,2025-04-01T16:30:06,ready_on_time,15.1,0,True
ME-30067,ORD-US-30066,M-006,Fresh Roots Grocery,2025-04-01T15:05:18,ready_on_time,10.3,0,True
ME-30068,ORD-US-30067,M-006,Fresh Roots Grocery,2025-04-01T18:01:24,ready_on_time,11.4,0,True
ME-30069,ORD-US-30068,M-007,Home & Handy,2025-04-01T18:26:06,ready_on_time,21.1,0,True
ME-30070,ORD-US-30069,M-008,Noodle House,2025-04-01T13:16:54,ready_on_time,16.9,0,True
ME-30071,ORD-US-30070,M-005,Corner Table,2025-04-01T15:09:18,ready_on_time,9.3,0,True
ME-30072,ORD-US-30071,M-007,Home & Handy,2025-04-01T17:42:48,ready_on_time,22.8,0,True
ME-30073,ORD-US-30072,M-006,Fresh Roots Grocery,2025-04-01T13:12:42,ready_on_time,22.7,0,True
ME-30074,ORD-US-30073,M-005,Corner Table,2025-04-01T15:15:36,ready_on_time,15.6,0,True
ME-30075,ORD-US-30074,M-005,Corner Table,2025-04-01T17:29:48,ready_on_time,14.8,0,True
ME-30076,ORD-US-30075,M-007,Home & Handy,2025-04-01T12:54:06,ready_on_time,14.1,0,True
ME-30077,ORD-US-30076,M-006,Fresh Roots Grocery,2025-04-01T17:02:30,ready_on_time,22.5,0,True
ME-30078,ORD-US-30077,M-007,Home & Handy,2025-04-01T08:23:06,ready_on_time,13.1,0,True
ME-30079,ORD-US-30078,M-006,Fresh Roots Grocery,2025-04-01T18:26:30,ready_on_time,16.5,0,True
ME-30080,ORD-US-30079,M-008,Noodle House,2025-04-01T18:55:48,ready_on_time,10.8,0,True
ME-30081,ORD-US-30080,M-008,Noodle House,2025-04-01T17:51:06,ready_on_time,16.1,0,True
ME-30082,ORD-US-30081,M-009,Daily Mart,2025-04-01T17:57:12,ready_on_time,12.2,0,True
ME-30083,ORD-US-30082,M-012,Tech Stop,2025-04-01T19:09:54,ready_on_time,19.9,0,True
ME-30084,ORD-US-30083,M-009,Daily Mart,2025-04-01T09:31:18,ready_on_time,11.3,0,True
ME-30085,ORD-US-30084,M-011,Wellness Pharmacy,2025-04-01T19:21:30,ready_on_time,11.5,0,True
ME-30086,ORD-US-30085,M-011,Wellness Pharmacy,2025-04-01T13:07:00,ready_on_time,17.0,0,True
ME-30087,ORD-US-30086,M-011,Wellness Pharmacy,2025-04-01T11:30:00,ready_on_time,15.0,0,True
ME-30088,ORD-US-30087,M-012,Tech Stop,2025-04-01T17:33:54,ready_on_time,18.9,0,True
ME-30089,ORD-US-30088,M-011,Wellness Pharmacy,2025-04-01T14:19:54,ready_on_time,14.9,0,True
ME-30090,ORD-US-30089,M-009,Daily Mart,2025-04-01T13:32:12,ready_on_time,12.2,0,True
ME-30091,ORD-US-30090,M-010,Burger District,2025-04-01T20:19:06,ready_on_time,14.1,0,True
ME-30092,ORD-US-30091,M-010,Burger District,2025-04-01T20:41:48,ready_on_time,21.8,0,True
ME-30093,ORD-US-30092,M-010,Burger District,2025-04-01T19:16:12,ready_on_time,16.2,0,True
ME-30094,ORD-US-30093,M-009,Daily Mart,2025-04-01T15:10:12,ready_on_time,15.2,0,True
ME-30095,ORD-US-30094,M-009,Daily Mart,2025-04-01T16:08:06,ready_on_time,13.1,0,True
ME-30096,ORD-US-30095,M-010,Burger District,2025-04-01T19:14:36,ready_on_time,9.6,0,True
ME-30097,ORD-US-30096,M-009,Daily Mart,2025-04-01T09:26:06,ready_on_time,11.1,0,True
ME-30098,ORD-US-30097,M-012,Tech Stop,2025-04-01T18:21:54,ready_on_time,16.9,0,True
ME-30099,ORD-US-30098,M-011,Wellness Pharmacy,2025-04-01T10:25:00,ready_on_time,15.0,0,True
ME-30100,ORD-US-30099,M-011,Wellness Pharmacy,2025-04-01T16:21:06,ready_on_time,11.1,0,True
ME-30101,ORD-US-30100,M-011,Wellness Pharmacy,2025-04-01T09:22:36,ready_on_time,17.6,0,True
ME-30102,ORD-US-30101,M-011,Wellness Pharmacy,2025-04-01T18:30:48,ready_on_time,15.8,0,True
ME-30103,ORD-US-30102,M-011,Wellness Pharmacy,2025-04-01T14:56:42,ready_on_time,11.7,0,True
ME-30104,ORD-US-30103,M-011,Wellness Pharmacy,2025-04-01T14:26:54,ready_on_time,16.9,0,True
ME-30105,ORD-US-30104,M-011,Wellness Pharmacy,2025-04-01T13:02:30,ready_on_time,12.5,0,True
ME-30106,ORD-US-30105,M-010,Burger District,2025-04-01T16:43:48,ready_on_time,13.8,0,True
ME-30107,ORD-US-30106,M-012,Tech Stop,2025-04-01T13:40:18,ready_on_time,15.3,0,True
ME-30108,ORD-US-30107,M-010,Burger District,2025-04-01T20:33:36,ready_on_time,13.6,0,True
ME-30109,ORD-US-30108,M-011,Wellness Pharmacy,2025-04-01T14:04:00,ready_on_time,19.0,0,True
ME-30110,ORD-US-30109,M-012,Tech Stop,2025-04-01T09:08:18,ready_on_time,13.3,0,True
ME-30111,ORD-US-30110,M-011,Wellness Pharmacy,2025-04-01T09:10:36,ready_on_time,15.6,0,True
ME-30112,ORD-US-30111,M-011,Wellness Pharmacy,2025-04-01T15:27:30,ready_on_time,17.5,0,True
ME-30113,ORD-US-30112,M-009,Daily Mart,2025-04-01T14:04:54,ready_on_time,14.9,0,True
ME-30114,ORD-US-30113,M-012,Tech Stop,2025-04-01T08:23:00,ready_on_time,8.0,0,True
ME-30115,ORD-US-30114,M-009,Daily Mart,2025-04-01T14:45:12,ready_on_time,15.2,0,True
ME-30116,ORD-US-30115,M-011,Wellness Pharmacy,2025-04-01T10:02:36,ready_on_time,17.6,0,True
ME-30117,ORD-US-30116,M-009,Daily Mart,2025-04-01T19:47:42,ready_on_time,17.7,0,True
ME-30118,ORD-US-30117,M-011,Wellness Pharmacy,2025-04-01T11:52:00,ready_on_time,17.0,0,True
ME-30119,ORD-US-30118,M-012,Tech Stop,2025-04-01T09:59:54,ready_on_time,4.9,0,True
ME-30120,ORD-US-30119,M-009,Daily Mart,2025-04-01T17:20:54,ready_on_time,10.9,0,True
ME-30121,ORD-US-30120,M-010,Burger District,2025-04-01T13:09:48,ready_on_time,14.8,0,False
ME-30122,ORD-US-30121,M-010,Burger District,2025-04-01T14:03:54,ready_on_time,13.9,0,True
ME-30123,ORD-US-30122,M-012,Tech Stop,2025-04-01T09:58:12,ready_on_time,18.2,0,True
ME-30124,ORD-US-30123,M-009,Daily Mart,2025-04-01T11:04:00,ready_on_time,9.0,0,True
ME-30125,ORD-US-30124,M-002,Crisp & Co.,2025-04-02T10:04:12,ready_on_time,24.2,0,True
ME-30126,ORD-US-30125,M-004,QuickCare Pharmacy,2025-04-02T10:25:24,ready_on_time,20.4,0,True
ME-30127,ORD-US-30126,M-003,Pasta Garden,2025-04-02T11:09:48,ready_on_time,14.8,0,True
ME-30128,ORD-US-30127,M-004,QuickCare Pharmacy,2025-04-02T21:01:00,ready_on_time,16.0,0,True
ME-30129,ORD-US-30128,M-003,Pasta Garden,2025-04-02T10:44:18,ready_on_time,19.3,0,True
ME-30130,ORD-US-30129,M-004,QuickCare Pharmacy,2025-04-02T08:35:42,ready_on_time,15.7,0,True
ME-30131,ORD-US-30130,M-004,QuickCare Pharmacy,2025-04-02T14:46:48,ready_on_time,11.8,0,True
ME-30132,ORD-US-30131,M-002,Crisp & Co.,2025-04-02T16:59:36,ready_on_time,9.6,0,True
ME-30133,ORD-US-30132,M-002,Crisp & Co.,2025-04-02T12:46:18,ready_on_time,16.3,0,True
ME-30134,ORD-US-30133,M-004,QuickCare Pharmacy,2025-04-02T13:26:12,ready_on_time,16.2,0,True
ME-30135,ORD-US-30134,M-001,Green Basket Market,2025-04-02T19:18:24,ready_on_time,18.4,0,True
ME-30136,ORD-US-30135,M-001,Green Basket Market,2025-04-02T14:59:30,ready_on_time,19.5,0,True
ME-30137,ORD-US-30136,M-004,QuickCare Pharmacy,2025-04-02T11:55:30,ready_on_time,15.5,0,True
ME-30138,ORD-US-30137,M-002,Crisp & Co.,2025-04-02T10:38:48,ready_on_time,8.8,0,True
ME-30139,ORD-US-30138,M-004,QuickCare Pharmacy,2025-04-02T08:32:24,ready_on_time,17.4,0,True
ME-30140,ORD-US-30139,M-003,Pasta Garden,2025-04-02T17:17:18,ready_on_time,17.3,0,True
ME-30141,ORD-US-30140,M-003,Pasta Garden,2025-04-02T09:22:12,ready_on_time,12.2,0,True
ME-30142,ORD-US-30141,M-003,Pasta Garden,2025-04-02T10:12:06,ready_on_time,17.1,0,True
ME-30143,ORD-US-30142,M-001,Green Basket Market,2025-04-02T16:29:36,ready_on_time,14.6,0,True
ME-30144,ORD-US-30143,M-001,Green Basket Market,2025-04-02T13:39:54,ready_on_time,9.9,0,True
ME-30145,ORD-US-30144,M-002,Crisp & Co.,2025-04-02T19:01:00,ready_on_time,16.0,0,True
ME-30146,ORD-US-30145,M-002,Crisp & Co.,2025-04-02T17:01:00,ready_on_time,11.0,0,True
ME-30147,ORD-US-30146,M-001,Green Basket Market,2025-04-02T18:46:54,ready_on_time,11.9,0,True
ME-30148,ORD-US-30147,M-004,QuickCare Pharmacy,2025-04-02T17:44:24,ready_on_time,19.4,0,True
ME-30149,ORD-US-30148,M-003,Pasta Garden,2025-04-02T12:53:48,ready_on_time,13.8,0,True
ME-30150,ORD-US-30149,M-002,Crisp & Co.,2025-04-02T15:58:18,ready_on_time,13.3,0,True
ME-30151,ORD-US-30150,M-002,Crisp & Co.,2025-04-02T18:16:54,ready_on_time,16.9,0,True
ME-30152,ORD-US-30151,M-004,QuickCare Pharmacy,2025-04-02T15:45:00,ready_on_time,15.0,0,True
ME-30153,ORD-US-30152,M-004,QuickCare Pharmacy,2025-04-02T13:50:48,ready_on_time,20.8,0,True
ME-30154,ORD-US-30153,M-002,Crisp & Co.,2025-04-02T19:33:48,ready_on_time,13.8,0,True
ME-30155,ORD-US-30154,M-004,QuickCare Pharmacy,2025-04-02T16:50:06,ready_on_time,10.1,0,True
ME-30156,ORD-US-30155,M-001,Green Basket Market,2025-04-02T14:53:00,ready_on_time,13.0,0,True
ME-30157,ORD-US-30156,M-002,Crisp & Co.,2025-04-02T09:01:12,ready_on_time,11.2,0,True
ME-30158,ORD-US-30157,M-004,QuickCare Pharmacy,2025-04-02T10:36:24,ready_on_time,11.4,0,True
ME-30159,ORD-US-30158,M-004,QuickCare Pharmacy,2025-04-02T20:23:42,ready_on_time,13.7,0,True
ME-30160,ORD-US-30159,M-002,Crisp & Co.,2025-04-02T20:30:24,ready_on_time,15.4,0,True
ME-30161,ORD-US-30160,M-004,QuickCare Pharmacy,2025-04-02T14:39:06,ready_on_time,14.1,0,True
ME-30162,ORD-US-30161,M-008,Noodle House,2025-04-02T18:57:24,ready_on_time,12.4,0,True
ME-30163,ORD-US-30162,M-005,Corner Table,2025-04-02T09:59:18,ready_on_time,14.3,0,True
ME-30164,ORD-US-30163,M-007,Home & Handy,2025-04-02T19:40:12,ready_on_time,20.2,0,True
ME-30165,ORD-US-30164,M-005,Corner Table,2025-04-02T13:49:42,ready_on_time,19.7,0,True
ME-30166,ORD-US-30165,M-008,Noodle House,2025-04-02T15:56:42,ready_on_time,16.7,0,True
ME-30167,ORD-US-30166,M-006,Fresh Roots Grocery,2025-04-02T09:34:18,ready_on_time,19.3,0,True
ME-30168,ORD-US-30167,M-005,Corner Table,2025-04-02T14:10:30,ready_on_time,15.5,0,True
ME-30169,ORD-US-30168,M-007,Home & Handy,2025-04-02T15:54:54,ready_on_time,14.9,0,True
ME-30170,ORD-US-30169,M-008,Noodle House,2025-04-02T15:12:06,ready_on_time,12.1,0,True
ME-30171,ORD-US-30170,M-007,Home & Handy,2025-04-02T13:59:36,ready_on_time,19.6,0,True
ME-30172,ORD-US-30171,M-006,Fresh Roots Grocery,2025-04-02T17:41:48,ready_on_time,11.8,0,True
ME-30173,ORD-US-30172,M-007,Home & Handy,2025-04-02T16:19:00,ready_on_time,19.0,0,True
ME-30174,ORD-US-30173,M-006,Fresh Roots Grocery,2025-04-02T12:07:54,ready_on_time,12.9,0,True
ME-30175,ORD-US-30174,M-006,Fresh Roots Grocery,2025-04-02T12:51:18,ready_on_time,11.3,0,True
ME-30176,ORD-US-30175,M-006,Fresh Roots Grocery,2025-04-02T21:02:36,ready_on_time,17.6,0,True
ME-30177,ORD-US-30176,M-006,Fresh Roots Grocery,2025-04-02T12:02:48,ready_on_time,17.8,0,True
ME-30178,ORD-US-30177,M-008,Noodle House,2025-04-02T10:33:36,ready_on_time,18.6,0,True
ME-30179,ORD-US-30178,M-008,Noodle House,2025-04-02T09:15:06,ready_on_time,10.1,0,True
ME-30180,ORD-US-30179,M-008,Noodle House,2025-04-02T14:57:18,ready_on_time,17.3,0,True
ME-30181,ORD-US-30180,M-005,Corner Table,2025-04-02T21:04:36,ready_on_time,14.6,0,True
ME-30182,ORD-US-30181,M-005,Corner Table,2025-04-02T19:38:18,ready_on_time,18.3,0,True
ME-30183,ORD-US-30182,M-006,Fresh Roots Grocery,2025-04-02T17:42:42,ready_on_time,17.7,0,True
ME-30184,ORD-US-30183,M-006,Fresh Roots Grocery,2025-04-02T10:39:54,ready_on_time,9.9,0,True
ME-30185,ORD-US-30184,M-006,Fresh Roots Grocery,2025-04-02T11:09:36,ready_on_time,19.6,0,True
ME-30186,ORD-US-30185,M-008,Noodle House,2025-04-02T17:03:24,ready_on_time,8.4,0,True
ME-30187,ORD-US-30186,M-006,Fresh Roots Grocery,2025-04-02T08:45:30,ready_on_time,15.5,0,True
ME-30188,ORD-US-30187,M-008,Noodle House,2025-04-02T15:58:36,ready_on_time,18.6,0,True
ME-30189,ORD-US-30188,M-006,Fresh Roots Grocery,2025-04-02T09:51:06,ready_on_time,6.1,0,True
ME-30190,ORD-US-30189,M-006,Fresh Roots Grocery,2025-04-02T20:34:24,ready_on_time,19.4,0,True
ME-30191,ORD-US-30190,M-006,Fresh Roots Grocery,2025-04-02T14:23:18,ready_on_time,13.3,0,True
ME-30192,ORD-US-30191,M-005,Corner Table,2025-04-02T19:32:54,ready_on_time,12.9,0,True
ME-30193,ORD-US-30192,M-007,Home & Handy,2025-04-02T20:33:36,ready_on_time,18.6,0,True
ME-30194,ORD-US-30193,M-006,Fresh Roots Grocery,2025-04-02T20:15:42,ready_on_time,15.7,0,True
ME-30195,ORD-US-30194,M-005,Corner Table,2025-04-02T09:18:54,ready_on_time,18.9,0,True
ME-30196,ORD-US-30195,M-005,Corner Table,2025-04-02T15:56:36,ready_on_time,11.6,0,True
ME-30197,ORD-US-30196,M-008,Noodle House,2025-04-02T16:48:24,ready_on_time,13.4,0,True
ME-30198,ORD-US-30197,M-007,Home & Handy,2025-04-02T20:38:42,ready_on_time,18.7,0,True
ME-30199,ORD-US-30198,M-008,Noodle House,2025-04-02T09:46:54,ready_on_time,16.9,0,True
ME-30200,ORD-US-30199,M-010,Burger District,2025-04-02T20:07:12,ready_on_time,17.2,0,True
ME-30201,ORD-US-30200,M-009,Daily Mart,2025-04-02T18:51:36,ready_on_time,21.6,0,True
ME-30202,ORD-US-30201,M-010,Burger District,2025-04-02T14:05:00,ready_on_time,15.0,0,True
ME-30203,ORD-US-30202,M-010,Burger District,2025-04-02T17:40:12,ready_on_time,5.2,0,True
ME-30204,ORD-US-30203,M-011,Wellness Pharmacy,2025-04-02T08:21:42,ready_on_time,11.7,0,True
ME-30205,ORD-US-30204,M-009,Daily Mart,2025-04-02T14:22:12,ready_on_time,17.2,0,True
ME-30206,ORD-US-30205,M-012,Tech Stop,2025-04-02T09:55:00,ready_on_time,15.0,0,True
ME-30207,ORD-US-30206,M-011,Wellness Pharmacy,2025-04-02T17:53:30,ready_on_time,18.5,0,True
ME-30208,ORD-US-30207,M-009,Daily Mart,2025-04-02T10:37:36,ready_on_time,17.6,0,True
ME-30209,ORD-US-30208,M-010,Burger District,2025-04-02T19:07:48,ready_on_time,22.8,0,True
ME-30210,ORD-US-30209,M-010,Burger District,2025-04-02T20:30:06,ready_on_time,10.1,0,True
ME-30211,ORD-US-30210,M-012,Tech Stop,2025-04-02T18:45:12,ready_on_time,10.2,0,True
ME-30212,ORD-US-30211,M-010,Burger District,2025-04-02T12:38:36,ready_on_time,13.6,0,True
ME-30213,ORD-US-30212,M-011,Wellness Pharmacy,2025-04-02T09:40:48,ready_on_time,15.8,0,True
ME-30214,ORD-US-30213,M-009,Daily Mart,2025-04-02T15:37:12,ready_on_time,22.2,0,True
ME-30215,ORD-US-30214,M-011,Wellness Pharmacy,2025-04-02T17:44:30,ready_on_time,14.5,0,True
ME-30216,ORD-US-30215,M-009,Daily Mart,2025-04-02T14:25:48,ready_on_time,15.8,0,True
ME-30217,ORD-US-30216,M-010,Burger District,2025-04-02T11:22:00,ready_on_time,12.0,0,True
ME-30218,ORD-US-30217,M-010,Burger District,2025-04-02T09:08:42,ready_on_time,8.7,0,True
ME-30219,ORD-US-30218,M-012,Tech Stop,2025-04-02T14:19:12,ready_on_time,14.2,0,True
ME-30220,ORD-US-30219,M-012,Tech Stop,2025-04-02T09:52:30,ready_on_time,12.5,0,True
ME-30221,ORD-US-30220,M-010,Burger District,2025-04-02T13:08:12,ready_on_time,13.2,0,True
ME-30222,ORD-US-30221,M-009,Daily Mart,2025-04-02T19:57:30,ready_on_time,12.5,0,True
ME-30223,ORD-US-30222,M-012,Tech Stop,2025-04-02T18:02:42,ready_on_time,22.7,0,True
ME-30224,ORD-US-30223,M-010,Burger District,2025-04-02T09:27:00,ready_on_time,22.0,0,True
ME-30225,ORD-US-30224,M-011,Wellness Pharmacy,2025-04-02T12:59:18,ready_on_time,19.3,0,True
ME-30226,ORD-US-30225,M-009,Daily Mart,2025-04-02T19:34:00,ready_on_time,19.0,0,True
ME-30227,ORD-US-30226,M-009,Daily Mart,2025-04-02T11:00:12,ready_on_time,15.2,0,True
ME-30228,ORD-US-30227,M-010,Burger District,2025-04-02T19:37:24,ready_on_time,12.4,0,True
ME-30229,ORD-US-30228,M-012,Tech Stop,2025-04-02T16:50:24,ready_on_time,15.4,0,True
ME-30230,ORD-US-30229,M-009,Daily Mart,2025-04-02T12:37:12,ready_on_time,12.2,0,True
ME-30231,ORD-US-30230,M-012,Tech Stop,2025-04-02T10:02:36,ready_on_time,12.6,0,True
ME-30232,ORD-US-30231,M-009,Daily Mart,2025-04-02T19:06:42,ready_on_time,16.7,0,False
ME-30233,ORD-US-30232,M-012,Tech Stop,2025-04-02T15:51:30,ready_on_time,11.5,0,True
ME-30234,ORD-US-30233,M-012,Tech Stop,2025-04-02T19:13:00,ready_on_time,3,0,True
ME-30235,ORD-US-30234,M-011,Wellness Pharmacy,2025-04-02T08:20:48,ready_on_time,10.8,0,True
ME-30236,ORD-US-30235,M-011,Wellness Pharmacy,2025-04-02T19:51:42,ready_on_time,21.7,0,True
ME-30237,ORD-US-30236,M-009,Daily Mart,2025-04-02T19:36:18,ready_on_time,11.3,0,True
ME-30238,ORD-US-30237,M-011,Wellness Pharmacy,2025-04-02T17:02:00,ready_on_time,17.0,0,True
ME-30239,ORD-US-30238,M-012,Tech Stop,2025-04-02T13:59:12,ready_on_time,9.2,0,True
ME-30240,ORD-US-30239,M-009,Daily Mart,2025-04-02T17:36:18,ready_on_time,6.3,0,True
ME-30241,ORD-US-30240,M-012,Tech Stop,2025-04-02T09:41:54,ready_on_time,11.9,0,True
ME-30242,ORD-US-30241,M-009,Daily Mart,2025-04-02T11:28:00,ready_on_time,8.0,0,True
ME-30243,ORD-US-30242,M-012,Tech Stop,2025-04-02T09:26:12,ready_on_time,6.2,0,True
ME-30244,ORD-US-30243,M-002,Crisp & Co.,2025-04-03T15:41:42,ready_on_time,11.7,0,True
ME-30245,ORD-US-30244,M-002,Crisp & Co.,2025-04-03T16:54:06,ready_on_time,9.1,0,True
ME-30246,ORD-US-30245,M-002,Crisp & Co.,2025-04-03T13:18:42,ready_on_time,18.7,0,True
ME-30247,ORD-US-30246,M-002,Crisp & Co.,2025-04-03T10:56:42,ready_on_time,11.7,0,True
ME-30248,ORD-US-30247,M-001,Green Basket Market,2025-04-03T18:28:00,ready_on_time,8.0,0,True
ME-30249,ORD-US-30248,M-001,Green Basket Market,2025-04-03T17:49:06,ready_on_time,14.1,0,True
ME-30250,ORD-US-30249,M-002,Crisp & Co.,2025-04-03T15:50:00,ready_on_time,15.0,0,True
ME-30251,ORD-US-30250,M-002,Crisp & Co.,2025-04-03T10:34:36,ready_on_time,14.6,0,True
ME-30252,ORD-US-30251,M-002,Crisp & Co.,2025-04-03T20:36:36,ready_on_time,16.6,0,True
ME-30253,ORD-US-30252,M-003,Pasta Garden,2025-04-03T08:29:24,ready_on_time,19.4,0,True
ME-30254,ORD-US-30253,M-004,QuickCare Pharmacy,2025-04-03T11:06:24,ready_on_time,16.4,0,True
ME-30255,ORD-US-30254,M-003,Pasta Garden,2025-04-03T14:17:12,ready_on_time,17.2,0,True
ME-30256,ORD-US-30255,M-002,Crisp & Co.,2025-04-03T15:47:36,ready_on_time,12.6,0,True
ME-30257,ORD-US-30256,M-002,Crisp & Co.,2025-04-03T08:38:30,ready_on_time,8.5,0,True
ME-30258,ORD-US-30257,M-001,Green Basket Market,2025-04-03T09:49:36,ready_on_time,19.6,0,True
ME-30259,ORD-US-30258,M-004,QuickCare Pharmacy,2025-04-03T14:19:54,ready_on_time,14.9,0,True
ME-30260,ORD-US-30259,M-003,Pasta Garden,2025-04-03T21:04:54,ready_on_time,9.9,0,True
ME-30261,ORD-US-30260,M-003,Pasta Garden,2025-04-03T12:05:30,ready_on_time,5.5,0,True
ME-30262,ORD-US-30261,M-004,QuickCare Pharmacy,2025-04-03T16:09:06,ready_on_time,14.1,0,True
ME-30263,ORD-US-30262,M-003,Pasta Garden,2025-04-03T18:52:00,ready_on_time,12.0,0,True
ME-30264,ORD-US-30263,M-003,Pasta Garden,2025-04-03T10:06:24,ready_on_time,16.4,0,True
ME-30265,ORD-US-30264,M-003,Pasta Garden,2025-04-03T10:05:12,ready_on_time,10.2,0,True
ME-30266,ORD-US-30265,M-001,Green Basket Market,2025-04-03T11:01:24,ready_on_time,16.4,0,True
ME-30267,ORD-US-30266,M-002,Crisp & Co.,2025-04-03T11:36:12,ready_on_time,11.2,0,True
ME-30268,ORD-US-30267,M-002,Crisp & Co.,2025-04-03T13:06:54,ready_on_time,11.9,0,True
ME-30269,ORD-US-30268,M-004,QuickCare Pharmacy,2025-04-03T11:08:18,ready_on_time,13.3,0,True
ME-30270,ORD-US-30269,M-003,Pasta Garden,2025-04-03T15:21:36,ready_on_time,16.6,0,True
ME-30271,ORD-US-30270,M-003,Pasta Garden,2025-04-03T11:47:18,ready_on_time,17.3,0,True
ME-30272,ORD-US-30271,M-003,Pasta Garden,2025-04-03T09:43:06,ready_on_time,8.1,0,True
ME-30273,ORD-US-30272,M-004,QuickCare Pharmacy,2025-04-03T18:21:06,ready_on_time,6.1,0,True
ME-30274,ORD-US-30273,M-002,Crisp & Co.,2025-04-03T10:09:48,ready_on_time,9.8,0,True
ME-30275,ORD-US-30274,M-002,Crisp & Co.,2025-04-03T09:06:48,ready_on_time,21.8,0,True
ME-30276,ORD-US-30275,M-003,Pasta Garden,2025-04-03T16:40:00,ready_on_time,15.0,0,True
ME-30277,ORD-US-30276,M-001,Green Basket Market,2025-04-03T10:14:12,ready_on_time,14.2,0,True
ME-30278,ORD-US-30277,M-002,Crisp & Co.,2025-04-03T15:50:36,ready_on_time,20.6,0,True
ME-30279,ORD-US-30278,M-002,Crisp & Co.,2025-04-03T13:05:00,ready_on_time,10.0,0,True
ME-30280,ORD-US-30279,M-005,Corner Table,2025-04-03T18:40:12,ready_on_time,10.2,0,True
ME-30281,ORD-US-30280,M-008,Noodle House,2025-04-03T18:15:24,ready_on_time,15.4,0,True
ME-30282,ORD-US-30281,M-008,Noodle House,2025-04-03T15:57:18,ready_on_time,12.3,0,True
ME-30283,ORD-US-30282,M-008,Noodle House,2025-04-03T15:39:42,ready_on_time,9.7,0,True
ME-30284,ORD-US-30283,M-007,Home & Handy,2025-04-03T15:36:18,ready_on_time,16.3,0,True
ME-30285,ORD-US-30284,M-005,Corner Table,2025-04-03T19:46:48,ready_on_time,11.8,0,True
ME-30286,ORD-US-30285,M-007,Home & Handy,2025-04-03T08:51:00,ready_on_time,16.0,0,True
ME-30287,ORD-US-30286,M-008,Noodle House,2025-04-03T10:19:24,ready_on_time,14.4,0,True
ME-30288,ORD-US-30287,M-006,Fresh Roots Grocery,2025-04-03T11:06:36,ready_on_time,16.6,0,True
ME-30289,ORD-US-30288,M-005,Corner Table,2025-04-03T11:35:36,ready_on_time,15.6,0,True
ME-30290,ORD-US-30289,M-008,Noodle House,2025-04-03T18:43:42,ready_on_time,8.7,0,True
ME-30291,ORD-US-30290,M-005,Corner Table,2025-04-03T18:37:12,ready_on_time,17.2,0,True
ME-30292,ORD-US-30291,M-008,Noodle House,2025-04-03T17:57:24,ready_on_time,12.4,0,True
ME-30293,ORD-US-30292,M-005,Corner Table,2025-04-03T14:00:06,ready_on_time,10.1,0,True
ME-30294,ORD-US-30293,M-005,Corner Table,2025-04-03T18:21:06,ready_on_time,11.1,0,True
ME-30295,ORD-US-30294,M-005,Corner Table,2025-04-03T17:22:12,ready_on_time,22.2,0,True
ME-30296,ORD-US-30295,M-008,Noodle House,2025-04-03T12:45:06,ready_on_time,20.1,0,True
ME-30297,ORD-US-30296,M-005,Corner Table,2025-04-03T17:46:42,ready_on_time,11.7,0,False
ME-30298,ORD-US-30297,M-005,Corner Table,2025-04-03T14:47:18,ready_on_time,7.3,0,True
ME-30299,ORD-US-30298,M-008,Noodle House,2025-04-03T18:08:48,ready_on_time,13.8,0,True
ME-30300,ORD-US-30299,M-005,Corner Table,2025-04-03T14:51:30,ready_on_time,6.5,0,True
ME-30301,ORD-US-30300,M-005,Corner Table,2025-04-03T20:07:54,ready_on_time,12.9,0,True
ME-30302,ORD-US-30301,M-006,Fresh Roots Grocery,2025-04-03T20:21:18,ready_on_time,21.3,0,True
ME-30303,ORD-US-30302,M-007,Home & Handy,2025-04-03T11:53:30,ready_on_time,8.5,0,True
ME-30304,ORD-US-30303,M-007,Home & Handy,2025-04-03T16:28:18,ready_on_time,18.3,0,True
ME-30305,ORD-US-30304,M-007,Home & Handy,2025-04-03T17:41:24,ready_on_time,16.4,0,True
ME-30306,ORD-US-30305,M-007,Home & Handy,2025-04-03T11:07:54,ready_on_time,17.9,0,True
ME-30307,ORD-US-30306,M-006,Fresh Roots Grocery,2025-04-03T11:18:42,ready_on_time,18.7,0,True
ME-30308,ORD-US-30307,M-008,Noodle House,2025-04-03T14:21:48,ready_on_time,16.8,0,True
ME-30309,ORD-US-30308,M-008,Noodle House,2025-04-03T12:52:42,ready_on_time,12.7,0,True
ME-30310,ORD-US-30309,M-008,Noodle House,2025-04-03T15:58:30,ready_on_time,13.5,0,True
ME-30311,ORD-US-30310,M-005,Corner Table,2025-04-03T18:46:24,ready_on_time,16.4,0,True
ME-30312,ORD-US-30311,M-005,Corner Table,2025-04-03T14:04:36,ready_on_time,9.6,0,True
ME-30313,ORD-US-30312,M-008,Noodle House,2025-04-03T15:00:18,ready_on_time,15.3,0,True
ME-30314,ORD-US-30313,M-005,Corner Table,2025-04-03T09:35:18,ready_on_time,5.3,0,True
ME-30315,ORD-US-30314,M-007,Home & Handy,2025-04-03T13:03:12,ready_on_time,18.2,0,True
ME-30316,ORD-US-30315,M-008,Noodle House,2025-04-03T20:21:00,ready_on_time,16.0,0,True
ME-30317,ORD-US-30316,M-005,Corner Table,2025-04-03T16:02:48,ready_on_time,12.8,0,True
ME-30318,ORD-US-30317,M-008,Noodle House,2025-04-03T17:10:24,ready_on_time,10.4,0,True
ME-30319,ORD-US-30318,M-006,Fresh Roots Grocery,2025-04-03T19:11:54,ready_on_time,16.9,0,True
ME-30320,ORD-US-30319,M-007,Home & Handy,2025-04-03T16:46:24,ready_on_time,6.4,0,True
ME-30321,ORD-US-30320,M-012,Tech Stop,2025-04-03T09:36:36,ready_on_time,11.6,0,True
ME-30322,ORD-US-30321,M-011,Wellness Pharmacy,2025-04-03T15:24:06,ready_on_time,24.1,0,True
ME-30323,ORD-US-30322,M-012,Tech Stop,2025-04-03T12:21:54,ready_on_time,16.9,0,True
ME-30324,ORD-US-30323,M-010,Burger District,2025-04-03T16:42:54,ready_on_time,17.9,0,True
ME-30325,ORD-US-30324,M-011,Wellness Pharmacy,2025-04-03T09:14:48,ready_on_time,9.8,0,True
ME-30326,ORD-US-30325,M-009,Daily Mart,2025-04-03T18:30:06,ready_on_time,5.1,0,True
ME-30327,ORD-US-30326,M-010,Burger District,2025-04-03T13:23:00,ready_on_time,13.0,0,True
ME-30328,ORD-US-30327,M-010,Burger District,2025-04-03T18:10:48,ready_on_time,15.8,0,True
ME-30329,ORD-US-30328,M-012,Tech Stop,2025-04-03T19:11:30,ready_on_time,11.5,0,True
ME-30330,ORD-US-30329,M-009,Daily Mart,2025-04-03T16:08:06,ready_on_time,13.1,0,True
ME-30331,ORD-US-30330,M-012,Tech Stop,2025-04-03T09:48:36,ready_on_time,13.6,0,True
ME-30332,ORD-US-30331,M-010,Burger District,2025-04-03T11:27:06,ready_on_time,17.1,0,True
ME-30333,ORD-US-30332,M-009,Daily Mart,2025-04-03T19:45:24,ready_on_time,5.4,0,True
ME-30334,ORD-US-30333,M-011,Wellness Pharmacy,2025-04-03T11:00:24,ready_on_time,15.4,0,True
ME-30335,ORD-US-30334,M-011,Wellness Pharmacy,2025-04-03T19:48:36,ready_on_time,13.6,0,True
ME-30336,ORD-US-30335,M-011,Wellness Pharmacy,2025-04-03T20:00:12,ready_on_time,10.2,0,True
ME-30337,ORD-US-30336,M-012,Tech Stop,2025-04-03T13:38:00,ready_on_time,18.0,0,True
ME-30338,ORD-US-30337,M-009,Daily Mart,2025-04-03T19:14:12,ready_on_time,9.2,0,True
ME-30339,ORD-US-30338,M-010,Burger District,2025-04-03T13:18:42,ready_on_time,18.7,0,True
ME-30340,ORD-US-30339,M-011,Wellness Pharmacy,2025-04-03T08:43:12,ready_on_time,13.2,0,True
ME-30341,ORD-US-30340,M-010,Burger District,2025-04-03T19:37:48,ready_on_time,17.8,0,True
ME-30342,ORD-US-30341,M-011,Wellness Pharmacy,2025-04-03T18:47:54,ready_on_time,17.9,0,True
ME-30343,ORD-US-30342,M-011,Wellness Pharmacy,2025-04-03T11:27:06,ready_on_time,12.1,0,True
ME-30344,ORD-US-30343,M-012,Tech Stop,2025-04-03T09:44:24,ready_on_time,14.4,0,True
ME-30345,ORD-US-30344,M-009,Daily Mart,2025-04-03T18:02:00,ready_on_time,17.0,0,True
ME-30346,ORD-US-30345,M-009,Daily Mart,2025-04-03T09:57:00,ready_on_time,12.0,0,True
ME-30347,ORD-US-30346,M-010,Burger District,2025-04-03T11:28:30,ready_on_time,13.5,0,True
ME-30348,ORD-US-30347,M-009,Daily Mart,2025-04-03T09:24:48,ready_on_time,14.8,0,True
ME-30349,ORD-US-30348,M-011,Wellness Pharmacy,2025-04-03T16:38:36,ready_on_time,18.6,0,True
ME-30350,ORD-US-30349,M-009,Daily Mart,2025-04-03T10:17:48,ready_on_time,12.8,0,True
ME-30351,ORD-US-30350,M-010,Burger District,2025-04-03T15:01:12,ready_on_time,16.2,0,True
ME-30352,ORD-US-30351,M-009,Daily Mart,2025-04-03T20:06:18,ready_on_time,21.3,0,True
ME-30353,ORD-US-30352,M-009,Daily Mart,2025-04-03T18:23:18,ready_on_time,18.3,0,True
ME-30354,ORD-US-30353,M-011,Wellness Pharmacy,2025-04-03T16:40:36,ready_on_time,10.6,0,True
ME-30355,ORD-US-30354,M-011,Wellness Pharmacy,2025-04-03T17:27:12,ready_on_time,12.2,0,True
ME-30356,ORD-US-30355,M-012,Tech Stop,2025-04-03T13:25:24,ready_on_time,20.4,0,True
ME-30357,ORD-US-30356,M-012,Tech Stop,2025-04-03T19:25:42,ready_on_time,15.7,0,True
ME-30358,ORD-US-30357,M-010,Burger District,2025-04-03T15:25:06,ready_on_time,10.1,0,True
ME-30359,ORD-US-30358,M-009,Daily Mart,2025-04-03T20:05:24,ready_on_time,15.4,0,True
ME-30360,ORD-US-30359,M-010,Burger District,2025-04-03T09:55:12,ready_on_time,25.2,0,True
ME-30361,ORD-US-30360,M-004,QuickCare Pharmacy,2025-04-04T20:39:30,ready_on_time,9.5,0,True
ME-30362,ORD-US-30361,M-004,QuickCare Pharmacy,2025-04-04T11:32:42,ready_on_time,17.7,0,True
ME-30363,ORD-US-30362,M-001,Green Basket Market,2025-04-04T17:35:00,ready_on_time,15.0,0,True
ME-30364,ORD-US-30363,M-001,Green Basket Market,2025-04-04T15:31:00,ready_on_time,6.0,0,True
ME-30365,ORD-US-30364,M-002,Crisp & Co.,2025-04-04T15:05:00,ready_on_time,15.0,0,True
ME-30366,ORD-US-30365,M-004,QuickCare Pharmacy,2025-04-04T17:55:12,ready_on_time,10.2,0,True
ME-30367,ORD-US-30366,M-004,QuickCare Pharmacy,2025-04-04T10:54:06,ready_on_time,14.1,0,True
ME-30368,ORD-US-30367,M-001,Green Basket Market,2025-04-04T15:30:42,ready_on_time,15.7,0,True
ME-30369,ORD-US-30368,M-002,Crisp & Co.,2025-04-04T08:34:36,ready_on_time,9.6,0,True
ME-30370,ORD-US-30369,M-004,QuickCare Pharmacy,2025-04-04T12:28:48,ready_on_time,8.8,0,True
ME-30371,ORD-US-30370,M-004,QuickCare Pharmacy,2025-04-04T20:17:54,ready_on_time,12.9,0,True
ME-30372,ORD-US-30371,M-003,Pasta Garden,2025-04-04T16:36:06,ready_on_time,16.1,0,True
ME-30373,ORD-US-30372,M-003,Pasta Garden,2025-04-04T12:32:12,ready_on_time,17.2,0,True
ME-30374,ORD-US-30373,M-002,Crisp & Co.,2025-04-04T20:04:30,ready_on_time,14.5,0,True
ME-30375,ORD-US-30374,M-001,Green Basket Market,2025-04-04T15:08:54,ready_on_time,8.9,0,True
ME-30376,ORD-US-30375,M-002,Crisp & Co.,2025-04-04T14:48:12,ready_on_time,18.2,0,True
ME-30377,ORD-US-30376,M-001,Green Basket Market,2025-04-04T12:58:54,ready_on_time,18.9,0,True
ME-30378,ORD-US-30377,M-003,Pasta Garden,2025-04-04T19:16:30,ready_on_time,16.5,0,True
ME-30379,ORD-US-30378,M-001,Green Basket Market,2025-04-04T14:48:36,ready_on_time,18.6,0,True
ME-30380,ORD-US-30379,M-003,Pasta Garden,2025-04-04T20:23:00,ready_on_time,8.0,0,True
ME-30381,ORD-US-30380,M-001,Green Basket Market,2025-04-04T09:33:54,ready_on_time,18.9,0,True
ME-30382,ORD-US-30381,M-003,Pasta Garden,2025-04-04T13:56:18,ready_on_time,16.3,0,True
ME-30383,ORD-US-30382,M-002,Crisp & Co.,2025-04-04T12:45:00,ready_on_time,15.0,0,True
ME-30384,ORD-US-30383,M-003,Pasta Garden,2025-04-04T13:25:42,ready_on_time,10.7,0,True
ME-30385,ORD-US-30384,M-003,Pasta Garden,2025-04-04T13:12:36,ready_on_time,22.6,0,True
ME-30386,ORD-US-30385,M-004,QuickCare Pharmacy,2025-04-04T15:00:06,ready_on_time,10.1,0,True
ME-30387,ORD-US-30386,M-004,QuickCare Pharmacy,2025-04-04T08:54:00,ready_on_time,14.0,0,True
ME-30388,ORD-US-30387,M-004,QuickCare Pharmacy,2025-04-04T14:18:06,ready_on_time,8.1,0,True
ME-30389,ORD-US-30388,M-004,QuickCare Pharmacy,2025-04-04T17:01:12,ready_on_time,16.2,0,True
ME-30390,ORD-US-30389,M-004,QuickCare Pharmacy,2025-04-04T18:48:24,ready_on_time,13.4,0,True
ME-30391,ORD-US-30390,M-004,QuickCare Pharmacy,2025-04-04T20:57:00,ready_on_time,17.0,0,True
ME-30392,ORD-US-30391,M-003,Pasta Garden,2025-04-04T17:09:48,ready_on_time,14.8,0,True
ME-30393,ORD-US-30392,M-001,Green Basket Market,2025-04-04T08:09:18,ready_on_time,9.3,0,True
ME-30394,ORD-US-30393,M-004,QuickCare Pharmacy,2025-04-04T12:48:30,ready_on_time,13.5,0,False
ME-30395,ORD-US-30394,M-003,Pasta Garden,2025-04-04T16:30:24,ready_on_time,15.4,0,True
ME-30396,ORD-US-30395,M-001,Green Basket Market,2025-04-04T14:21:24,ready_on_time,11.4,0,True
ME-30397,ORD-US-30396,M-004,QuickCare Pharmacy,2025-04-04T14:52:00,ready_on_time,17.0,0,True
ME-30398,ORD-US-30397,M-004,QuickCare Pharmacy,2025-04-04T15:26:30,ready_on_time,11.5,0,True
ME-30399,ORD-US-30398,M-003,Pasta Garden,2025-04-04T08:32:48,ready_on_time,12.8,0,True
ME-30400,ORD-US-30399,M-003,Pasta Garden,2025-04-04T14:48:54,ready_on_time,13.9,0,True
ME-30401,ORD-US-30400,M-002,Crisp & Co.,2025-04-04T20:20:06,ready_on_time,20.1,0,True
ME-30402,ORD-US-30401,M-003,Pasta Garden,2025-04-04T12:48:00,ready_on_time,18.0,0,True
ME-30403,ORD-US-30402,M-005,Corner Table,2025-04-04T20:41:36,ready_on_time,11.6,0,True
ME-30404,ORD-US-30403,M-006,Fresh Roots Grocery,2025-04-04T09:37:00,ready_on_time,17.0,0,True
ME-30405,ORD-US-30404,M-005,Corner Table,2025-04-04T18:57:48,ready_on_time,17.8,0,True
ME-30406,ORD-US-30405,M-006,Fresh Roots Grocery,2025-04-04T19:50:30,ready_on_time,20.5,0,True
ME-30407,ORD-US-30406,M-007,Home & Handy,2025-04-04T16:32:00,ready_on_time,7.0,0,True
ME-30408,ORD-US-30407,M-007,Home & Handy,2025-04-04T09:17:54,ready_on_time,7.9,0,True
ME-30409,ORD-US-30408,M-007,Home & Handy,2025-04-04T16:19:12,ready_on_time,9.2,0,True
ME-30410,ORD-US-30409,M-008,Noodle House,2025-04-04T15:54:12,ready_on_time,14.2,0,True
ME-30411,ORD-US-30410,M-006,Fresh Roots Grocery,2025-04-04T14:28:12,ready_on_time,13.2,0,True
ME-30412,ORD-US-30411,M-007,Home & Handy,2025-04-04T11:05:42,ready_on_time,15.7,0,True
ME-30413,ORD-US-30412,M-008,Noodle House,2025-04-04T16:13:00,ready_on_time,13.0,0,True
ME-30414,ORD-US-30413,M-008,Noodle House,2025-04-04T12:04:30,ready_on_time,19.5,0,True
ME-30415,ORD-US-30414,M-006,Fresh Roots Grocery,2025-04-04T14:40:18,ready_on_time,20.3,0,True
ME-30416,ORD-US-30415,M-007,Home & Handy,2025-04-04T14:37:12,ready_on_time,12.2,0,True
ME-30417,ORD-US-30416,M-006,Fresh Roots Grocery,2025-04-04T15:50:12,ready_on_time,15.2,0,True
ME-30418,ORD-US-30417,M-005,Corner Table,2025-04-04T09:15:12,ready_on_time,5.2,0,True
ME-30419,ORD-US-30418,M-008,Noodle House,2025-04-04T09:12:36,ready_on_time,17.6,0,True
ME-30420,ORD-US-30419,M-007,Home & Handy,2025-04-04T15:34:18,ready_on_time,9.3,0,True
ME-30421,ORD-US-30420,M-007,Home & Handy,2025-04-04T11:59:24,ready_on_time,14.4,0,True
ME-30422,ORD-US-30421,M-007,Home & Handy,2025-04-04T13:37:24,ready_on_time,12.4,0,True
ME-30423,ORD-US-30422,M-005,Corner Table,2025-04-04T15:18:36,ready_on_time,23.6,0,True
ME-30424,ORD-US-30423,M-005,Corner Table,2025-04-04T21:12:00,ready_on_time,17.0,0,True
ME-30425,ORD-US-30424,M-006,Fresh Roots Grocery,2025-04-04T08:10:36,ready_on_time,10.6,0,True
ME-30426,ORD-US-30425,M-007,Home & Handy,2025-04-04T20:34:30,ready_on_time,19.5,0,True
ME-30427,ORD-US-30426,M-006,Fresh Roots Grocery,2025-04-04T16:08:42,ready_on_time,18.7,0,True
ME-30428,ORD-US-30427,M-008,Noodle House,2025-04-04T19:20:36,ready_on_time,10.6,0,True
ME-30429,ORD-US-30428,M-006,Fresh Roots Grocery,2025-04-04T11:25:00,ready_on_time,15.0,0,True
ME-30430,ORD-US-30429,M-005,Corner Table,2025-04-04T17:06:06,ready_on_time,6.1,0,True
ME-30431,ORD-US-30430,M-008,Noodle House,2025-04-04T08:55:36,ready_on_time,15.6,0,True
ME-30432,ORD-US-30431,M-006,Fresh Roots Grocery,2025-04-04T15:57:30,ready_on_time,12.5,0,True
ME-30433,ORD-US-30432,M-005,Corner Table,2025-04-04T11:09:12,ready_on_time,9.2,0,True
ME-30434,ORD-US-30433,M-008,Noodle House,2025-04-04T13:35:06,ready_on_time,15.1,0,True
ME-30435,ORD-US-30434,M-008,Noodle House,2025-04-04T13:11:00,ready_on_time,16.0,0,True
ME-30436,ORD-US-30435,M-006,Fresh Roots Grocery,2025-04-04T09:59:12,ready_on_time,14.2,0,True
ME-30437,ORD-US-30436,M-008,Noodle House,2025-04-04T17:08:36,ready_on_time,18.6,0,True
ME-30438,ORD-US-30437,M-006,Fresh Roots Grocery,2025-04-04T10:38:12,ready_on_time,13.2,0,True
ME-30439,ORD-US-30438,M-007,Home & Handy,2025-04-04T09:24:36,ready_on_time,9.6,0,True
ME-30440,ORD-US-30439,M-008,Noodle House,2025-04-04T17:06:06,ready_on_time,11.1,0,True
ME-30441,ORD-US-30440,M-010,Burger District,2025-04-04T13:51:30,ready_on_time,21.5,0,True
ME-30442,ORD-US-30441,M-009,Daily Mart,2025-04-04T10:06:54,ready_on_time,16.9,0,True
ME-30443,ORD-US-30442,M-012,Tech Stop,2025-04-04T16:00:24,ready_on_time,10.4,0,True
ME-30444,ORD-US-30443,M-010,Burger District,2025-04-04T14:44:42,ready_on_time,14.7,0,True
ME-30445,ORD-US-30444,M-009,Daily Mart,2025-04-04T09:53:24,ready_on_time,13.4,0,True
ME-30446,ORD-US-30445,M-012,Tech Stop,2025-04-04T10:21:12,ready_on_time,16.2,0,True
ME-30447,ORD-US-30446,M-011,Wellness Pharmacy,2025-04-04T13:02:00,ready_on_time,12.0,0,True
ME-30448,ORD-US-30447,M-011,Wellness Pharmacy,2025-04-04T17:20:42,ready_on_time,10.7,0,True
ME-30449,ORD-US-30448,M-010,Burger District,2025-04-04T18:57:36,ready_on_time,22.6,0,True
ME-30450,ORD-US-30449,M-012,Tech Stop,2025-04-04T17:25:06,ready_on_time,15.1,0,True
ME-30451,ORD-US-30450,M-011,Wellness Pharmacy,2025-04-04T15:01:12,ready_on_time,16.2,0,True
ME-30452,ORD-US-30451,M-011,Wellness Pharmacy,2025-04-04T19:43:00,ready_on_time,18.0,0,True
ME-30453,ORD-US-30452,M-012,Tech Stop,2025-04-04T10:47:06,ready_on_time,12.1,0,True
ME-30454,ORD-US-30453,M-011,Wellness Pharmacy,2025-04-04T19:01:24,ready_on_time,16.4,0,True
ME-30455,ORD-US-30454,M-010,Burger District,2025-04-04T14:25:54,ready_on_time,15.9,0,True
ME-30456,ORD-US-30455,M-009,Daily Mart,2025-04-04T20:01:42,ready_on_time,16.7,0,True
ME-30457,ORD-US-30456,M-012,Tech Stop,2025-04-04T16:08:30,ready_on_time,18.5,0,True
ME-30458,ORD-US-30457,M-012,Tech Stop,2025-04-04T19:34:24,ready_on_time,9.4,0,True
ME-30459,ORD-US-30458,M-010,Burger District,2025-04-04T10:31:18,ready_on_time,21.3,0,True
ME-30460,ORD-US-30459,M-009,Daily Mart,2025-04-04T16:01:12,ready_on_time,16.2,0,True
ME-30461,ORD-US-30460,M-011,Wellness Pharmacy,2025-04-04T16:19:06,ready_on_time,19.1,0,True
ME-30462,ORD-US-30461,M-011,Wellness Pharmacy,2025-04-04T15:19:30,ready_on_time,9.5,0,True
ME-30463,ORD-US-30462,M-010,Burger District,2025-04-04T17:32:06,ready_on_time,12.1,0,True
ME-30464,ORD-US-30463,M-011,Wellness Pharmacy,2025-04-04T18:54:42,ready_on_time,14.7,0,True
ME-30465,ORD-US-30464,M-011,Wellness Pharmacy,2025-04-04T14:13:30,ready_on_time,8.5,0,True
ME-30466,ORD-US-30465,M-011,Wellness Pharmacy,2025-04-04T14:33:54,ready_on_time,13.9,0,True
ME-30467,ORD-US-30466,M-010,Burger District,2025-04-04T16:02:24,ready_on_time,17.4,0,True
ME-30468,ORD-US-30467,M-011,Wellness Pharmacy,2025-04-04T10:33:48,ready_on_time,13.8,0,True
ME-30469,ORD-US-30468,M-012,Tech Stop,2025-04-04T11:24:06,ready_on_time,9.1,0,True
ME-30470,ORD-US-30469,M-009,Daily Mart,2025-04-04T11:30:48,ready_on_time,10.8,0,False
ME-30471,ORD-US-30470,M-011,Wellness Pharmacy,2025-04-04T15:21:48,ready_on_time,11.8,0,True
ME-30472,ORD-US-30471,M-012,Tech Stop,2025-04-04T20:32:48,ready_on_time,17.8,0,True
ME-30473,ORD-US-30472,M-010,Burger District,2025-04-04T18:39:42,ready_on_time,9.7,0,True
ME-30474,ORD-US-30473,M-012,Tech Stop,2025-04-04T17:54:42,ready_on_time,19.7,0,True
ME-30475,ORD-US-30474,M-012,Tech Stop,2025-04-04T16:59:48,ready_on_time,24.8,0,True
ME-30476,ORD-US-30475,M-009,Daily Mart,2025-04-04T17:07:00,ready_on_time,12.0,0,True
ME-30477,ORD-US-30476,M-012,Tech Stop,2025-04-04T17:47:54,ready_on_time,7.9,0,True
ME-30478,ORD-US-30477,M-012,Tech Stop,2025-04-04T11:33:48,ready_on_time,13.8,0,True
ME-30479,ORD-US-30478,M-009,Daily Mart,2025-04-04T09:58:18,ready_on_time,13.3,0,True
ME-30480,ORD-US-30479,M-002,Crisp & Co.,2025-04-05T09:56:06,ready_on_time,21.1,0,True
ME-30481,ORD-US-30480,M-004,QuickCare Pharmacy,2025-04-05T11:28:00,ready_on_time,18.0,0,True
ME-30482,ORD-US-30481,M-003,Pasta Garden,2025-04-05T16:58:12,ready_on_time,13.2,0,True
ME-30483,ORD-US-30482,M-002,Crisp & Co.,2025-04-05T08:56:18,ready_on_time,16.3,0,True
ME-30484,ORD-US-30483,M-003,Pasta Garden,2025-04-05T14:40:36,ready_on_time,5.6,0,True
ME-30485,ORD-US-30484,M-001,Green Basket Market,2025-04-05T21:01:30,ready_on_time,16.5,0,True
ME-30486,ORD-US-30485,M-001,Green Basket Market,2025-04-05T12:26:48,ready_on_time,11.8,0,True
ME-30487,ORD-US-30486,M-002,Crisp & Co.,2025-04-05T08:24:42,ready_on_time,14.7,0,True
ME-30488,ORD-US-30487,M-002,Crisp & Co.,2025-04-05T11:06:36,ready_on_time,16.6,0,True
ME-30489,ORD-US-30488,M-002,Crisp & Co.,2025-04-05T11:46:54,ready_on_time,16.9,0,True
ME-30490,ORD-US-30489,M-004,QuickCare Pharmacy,2025-04-05T12:35:06,ready_on_time,20.1,0,True
ME-30491,ORD-US-30490,M-002,Crisp & Co.,2025-04-05T13:49:18,ready_on_time,14.3,0,True
ME-30492,ORD-US-30491,M-002,Crisp & Co.,2025-04-05T18:23:12,ready_on_time,13.2,0,True
ME-30493,ORD-US-30492,M-004,QuickCare Pharmacy,2025-04-05T08:43:36,ready_on_time,18.6,0,True
ME-30494,ORD-US-30493,M-001,Green Basket Market,2025-04-05T11:57:42,ready_on_time,17.7,0,True
ME-30495,ORD-US-30494,M-003,Pasta Garden,2025-04-05T10:06:06,ready_on_time,21.1,0,True
ME-30496,ORD-US-30495,M-002,Crisp & Co.,2025-04-05T17:33:48,ready_on_time,13.8,0,True
ME-30497,ORD-US-30496,M-002,Crisp & Co.,2025-04-05T18:52:30,ready_on_time,12.5,0,True
ME-30498,ORD-US-30497,M-003,Pasta Garden,2025-04-05T15:08:06,ready_on_time,13.1,0,True
ME-30499,ORD-US-30498,M-003,Pasta Garden,2025-04-05T19:00:00,ready_on_time,10.0,0,True
ME-30500,ORD-US-30499,M-001,Green Basket Market,2025-04-05T14:43:48,ready_on_time,13.8,0,True
ME-30501,ORD-US-30500,M-004,QuickCare Pharmacy,2025-04-05T13:15:54,ready_on_time,15.9,0,True
ME-30502,ORD-US-30501,M-001,Green Basket Market,2025-04-05T17:48:42,ready_on_time,23.7,0,True
ME-30503,ORD-US-30502,M-004,QuickCare Pharmacy,2025-04-05T17:13:36,ready_on_time,13.6,0,True
ME-30504,ORD-US-30503,M-003,Pasta Garden,2025-04-05T12:51:12,ready_on_time,11.2,0,True
ME-30505,ORD-US-30504,M-004,QuickCare Pharmacy,2025-04-05T10:10:30,ready_on_time,15.5,0,True
ME-30506,ORD-US-30505,M-004,QuickCare Pharmacy,2025-04-05T16:05:00,ready_on_time,15.0,0,True
ME-30507,ORD-US-30506,M-004,QuickCare Pharmacy,2025-04-05T17:26:42,ready_on_time,11.7,0,True
ME-30508,ORD-US-30507,M-001,Green Basket Market,2025-04-05T09:36:30,ready_on_time,21.5,0,True
ME-30509,ORD-US-30508,M-003,Pasta Garden,2025-04-05T19:57:30,ready_on_time,12.5,0,True
ME-30510,ORD-US-30509,M-001,Green Basket Market,2025-04-05T20:18:24,ready_on_time,18.4,0,True
ME-30511,ORD-US-30510,M-001,Green Basket Market,2025-04-05T09:46:18,ready_on_time,21.3,0,True
ME-30512,ORD-US-30511,M-002,Crisp & Co.,2025-04-05T12:35:24,ready_on_time,15.4,0,True
ME-30513,ORD-US-30512,M-001,Green Basket Market,2025-04-05T12:24:12,ready_on_time,14.2,0,True
ME-30514,ORD-US-30513,M-002,Crisp & Co.,2025-04-05T18:40:42,ready_on_time,10.7,0,True
ME-30515,ORD-US-30514,M-004,QuickCare Pharmacy,2025-04-05T15:13:36,ready_on_time,13.6,0,True
ME-30516,ORD-US-30515,M-004,QuickCare Pharmacy,2025-04-05T20:03:30,ready_on_time,23.5,0,True
ME-30517,ORD-US-30516,M-001,Green Basket Market,2025-04-05T16:48:18,ready_on_time,13.3,0,True
ME-30518,ORD-US-30517,M-003,Pasta Garden,2025-04-05T19:27:18,ready_on_time,12.3,0,True
ME-30519,ORD-US-30518,M-001,Green Basket Market,2025-04-05T08:13:24,ready_on_time,8.4,0,True
ME-30520,ORD-US-30519,M-007,Home & Handy,2025-04-05T13:41:42,ready_on_time,16.7,0,True
ME-30521,ORD-US-30520,M-007,Home & Handy,2025-04-05T10:30:18,ready_on_time,10.3,0,True
ME-30522,ORD-US-30521,M-008,Noodle House,2025-04-05T19:35:18,ready_on_time,20.3,0,True
ME-30523,ORD-US-30522,M-006,Fresh Roots Grocery,2025-04-05T16:27:36,ready_on_time,12.6,0,True
ME-30524,ORD-US-30523,M-005,Corner Table,2025-04-05T11:23:54,ready_on_time,13.9,0,True
ME-30525,ORD-US-30524,M-007,Home & Handy,2025-04-05T16:12:24,ready_on_time,17.4,0,True
ME-30526,ORD-US-30525,M-008,Noodle House,2025-04-05T08:56:12,ready_on_time,11.2,0,True
ME-30527,ORD-US-30526,M-007,Home & Handy,2025-04-05T18:30:54,ready_on_time,10.9,0,True
ME-30528,ORD-US-30527,M-008,Noodle House,2025-04-05T13:25:54,ready_on_time,15.9,0,True
ME-30529,ORD-US-30528,M-007,Home & Handy,2025-04-05T20:10:06,ready_on_time,15.1,0,True
ME-30530,ORD-US-30529,M-006,Fresh Roots Grocery,2025-04-05T16:38:18,ready_on_time,18.3,0,True
ME-30531,ORD-US-30530,M-005,Corner Table,2025-04-05T17:28:06,ready_on_time,18.1,0,True
ME-30532,ORD-US-30531,M-008,Noodle House,2025-04-05T09:33:24,ready_on_time,8.4,0,True
ME-30533,ORD-US-30532,M-007,Home & Handy,2025-04-05T09:28:30,ready_on_time,13.5,0,True
ME-30534,ORD-US-30533,M-007,Home & Handy,2025-04-05T11:40:42,ready_on_time,5.7,0,True
ME-30535,ORD-US-30534,M-007,Home & Handy,2025-04-05T16:28:36,ready_on_time,13.6,0,True
ME-30536,ORD-US-30535,M-007,Home & Handy,2025-04-05T18:00:12,ready_on_time,10.2,0,True
ME-30537,ORD-US-30536,M-008,Noodle House,2025-04-05T11:59:24,ready_on_time,14.4,0,True
ME-30538,ORD-US-30537,M-005,Corner Table,2025-04-05T11:14:12,ready_on_time,14.2,0,True
ME-30539,ORD-US-30538,M-007,Home & Handy,2025-04-05T15:31:42,ready_on_time,6.7,0,True
ME-30540,ORD-US-30539,M-008,Noodle House,2025-04-05T17:37:54,ready_on_time,17.9,0,True
ME-30541,ORD-US-30540,M-006,Fresh Roots Grocery,2025-04-05T20:46:30,ready_on_time,16.5,0,True
ME-30542,ORD-US-30541,M-005,Corner Table,2025-04-05T11:05:42,ready_on_time,15.7,0,True
ME-30543,ORD-US-30542,M-006,Fresh Roots Grocery,2025-04-05T13:22:30,ready_on_time,17.5,0,True
ME-30544,ORD-US-30543,M-005,Corner Table,2025-04-05T12:45:36,ready_on_time,10.6,0,True
ME-30545,ORD-US-30544,M-007,Home & Handy,2025-04-05T15:42:30,ready_on_time,17.5,0,True
ME-30546,ORD-US-30545,M-005,Corner Table,2025-04-05T20:17:18,ready_on_time,17.3,0,True
ME-30547,ORD-US-30546,M-008,Noodle House,2025-04-05T19:08:06,ready_on_time,13.1,0,True
ME-30548,ORD-US-30547,M-006,Fresh Roots Grocery,2025-04-05T19:05:36,ready_on_time,20.6,0,True
ME-30549,ORD-US-30548,M-007,Home & Handy,2025-04-05T13:13:36,ready_on_time,13.6,0,True
ME-30550,ORD-US-30549,M-008,Noodle House,2025-04-05T11:33:12,ready_on_time,8.2,0,True
ME-30551,ORD-US-30550,M-008,Noodle House,2025-04-05T11:42:06,ready_on_time,12.1,0,True
ME-30552,ORD-US-30551,M-005,Corner Table,2025-04-05T16:19:54,ready_on_time,9.9,0,True
ME-30553,ORD-US-30552,M-008,Noodle House,2025-04-05T11:27:06,ready_on_time,17.1,0,True
ME-30554,ORD-US-30553,M-005,Corner Table,2025-04-05T19:56:12,ready_on_time,21.2,0,False
ME-30555,ORD-US-30554,M-006,Fresh Roots Grocery,2025-04-05T16:24:18,ready_on_time,14.3,0,True
ME-30556,ORD-US-30555,M-006,Fresh Roots Grocery,2025-04-05T18:55:06,ready_on_time,20.1,0,True
ME-30557,ORD-US-30556,M-008,Noodle House,2025-04-05T10:44:36,ready_on_time,4.6,0,True
ME-30558,ORD-US-30557,M-007,Home & Handy,2025-04-05T08:36:12,ready_on_time,11.2,0,True
ME-30559,ORD-US-30558,M-005,Corner Table,2025-04-05T14:51:54,ready_on_time,11.9,0,True
ME-30560,ORD-US-30559,M-009,Daily Mart,2025-04-05T18:59:06,ready_on_time,9.1,0,True
ME-30561,ORD-US-30560,M-009,Daily Mart,2025-04-05T14:32:24,ready_on_time,12.4,0,True
ME-30562,ORD-US-30561,M-011,Wellness Pharmacy,2025-04-05T18:03:48,ready_on_time,8.8,0,True
ME-30563,ORD-US-30562,M-012,Tech Stop,2025-04-05T15:44:36,ready_on_time,14.6,0,True
ME-30564,ORD-US-30563,M-012,Tech Stop,2025-04-05T14:58:00,ready_on_time,18.0,0,True
ME-30565,ORD-US-30564,M-011,Wellness Pharmacy,2025-04-05T12:51:48,ready_on_time,16.8,0,True
ME-30566,ORD-US-30565,M-011,Wellness Pharmacy,2025-04-05T20:28:36,ready_on_time,18.6,0,True
ME-30567,ORD-US-30566,M-012,Tech Stop,2025-04-05T18:21:48,ready_on_time,16.8,0,True
ME-30568,ORD-US-30567,M-009,Daily Mart,2025-04-05T09:55:24,ready_on_time,15.4,0,True
ME-30569,ORD-US-30568,M-010,Burger District,2025-04-05T09:35:00,ready_on_time,15.0,0,True
ME-30570,ORD-US-30569,M-010,Burger District,2025-04-05T13:23:54,ready_on_time,8.9,0,True
ME-30571,ORD-US-30570,M-009,Daily Mart,2025-04-05T09:30:36,ready_on_time,15.6,0,True
ME-30572,ORD-US-30571,M-009,Daily Mart,2025-04-05T08:27:30,ready_on_time,17.5,0,True
ME-30573,ORD-US-30572,M-012,Tech Stop,2025-04-05T15:14:48,ready_on_time,14.8,0,True
ME-30574,ORD-US-30573,M-012,Tech Stop,2025-04-05T10:05:36,ready_on_time,15.6,0,True
ME-30575,ORD-US-30574,M-010,Burger District,2025-04-05T15:54:00,ready_on_time,14.0,0,True
ME-30576,ORD-US-30575,M-012,Tech Stop,2025-04-05T10:01:12,ready_on_time,16.2,0,True
ME-30577,ORD-US-30576,M-010,Burger District,2025-04-05T15:07:54,ready_on_time,12.9,0,True
ME-30578,ORD-US-30577,M-010,Burger District,2025-04-05T19:52:06,ready_on_time,12.1,0,True
ME-30579,ORD-US-30578,M-012,Tech Stop,2025-04-05T20:59:36,ready_on_time,14.6,0,True
ME-30580,ORD-US-30579,M-009,Daily Mart,2025-04-05T16:07:18,ready_on_time,12.3,0,True
ME-30581,ORD-US-30580,M-010,Burger District,2025-04-05T11:29:12,ready_on_time,14.2,0,True
ME-30582,ORD-US-30581,M-009,Daily Mart,2025-04-05T11:02:18,ready_on_time,17.3,0,True
ME-30583,ORD-US-30582,M-010,Burger District,2025-04-05T09:40:24,ready_on_time,10.4,0,True
ME-30584,ORD-US-30583,M-009,Daily Mart,2025-04-05T14:38:54,ready_on_time,18.9,0,True
ME-30585,ORD-US-30584,M-009,Daily Mart,2025-04-05T08:48:00,ready_on_time,13.0,0,True
ME-30586,ORD-US-30585,M-010,Burger District,2025-04-05T14:17:06,ready_on_time,17.1,0,True
ME-30587,ORD-US-30586,M-010,Burger District,2025-04-05T20:30:18,ready_on_time,15.3,0,True
ME-30588,ORD-US-30587,M-012,Tech Stop,2025-04-05T13:47:18,ready_on_time,17.3,0,True
ME-30589,ORD-US-30588,M-011,Wellness Pharmacy,2025-04-05T12:14:42,ready_on_time,14.7,0,True
ME-30590,ORD-US-30589,M-010,Burger District,2025-04-05T20:14:54,ready_on_time,9.9,0,True
ME-30591,ORD-US-30590,M-010,Burger District,2025-04-05T14:34:36,ready_on_time,14.6,0,True
ME-30592,ORD-US-30591,M-012,Tech Stop,2025-04-05T14:47:42,ready_on_time,17.7,0,True
ME-30593,ORD-US-30592,M-009,Daily Mart,2025-04-05T10:02:36,ready_on_time,17.6,0,True
ME-30594,ORD-US-30593,M-010,Burger District,2025-04-05T09:57:12,ready_on_time,7.2,0,True
ME-30595,ORD-US-30594,M-011,Wellness Pharmacy,2025-04-05T10:54:42,ready_on_time,14.7,0,True
ME-30596,ORD-US-30595,M-010,Burger District,2025-04-05T15:30:24,ready_on_time,5.4,0,True
ME-30597,ORD-US-30596,M-009,Daily Mart,2025-04-05T08:49:30,ready_on_time,14.5,0,True
ME-30598,ORD-US-30597,M-002,Crisp & Co.,2025-04-06T19:34:12,ready_on_time,19.2,0,True
ME-30599,ORD-US-30598,M-002,Crisp & Co.,2025-04-06T11:14:00,ready_on_time,14.0,0,True
ME-30600,ORD-US-30599,M-002,Crisp & Co.,2025-04-06T18:06:06,ready_on_time,21.1,0,True
ME-30601,ORD-US-30600,M-001,Green Basket Market,2025-04-06T09:01:54,ready_on_time,16.9,0,True
ME-30602,ORD-US-30601,M-003,Pasta Garden,2025-04-06T10:27:06,ready_on_time,12.1,0,True
ME-30603,ORD-US-30602,M-004,QuickCare Pharmacy,2025-04-06T16:30:18,ready_on_time,15.3,0,True
ME-30604,ORD-US-30603,M-001,Green Basket Market,2025-04-06T20:27:00,ready_on_time,7.0,0,True
ME-30605,ORD-US-30604,M-004,QuickCare Pharmacy,2025-04-06T08:44:42,ready_on_time,19.7,0,True
ME-30606,ORD-US-30605,M-004,QuickCare Pharmacy,2025-04-06T13:50:00,ready_on_time,20.0,0,True
ME-30607,ORD-US-30606,M-001,Green Basket Market,2025-04-06T18:23:42,ready_on_time,18.7,0,True
ME-30608,ORD-US-30607,M-003,Pasta Garden,2025-04-06T12:53:12,ready_on_time,18.2,0,True
ME-30609,ORD-US-30608,M-002,Crisp & Co.,2025-04-06T09:38:30,ready_on_time,13.5,0,True
ME-30610,ORD-US-30609,M-002,Crisp & Co.,2025-04-06T08:15:18,ready_on_time,10.3,0,True
ME-30611,ORD-US-30610,M-001,Green Basket Market,2025-04-06T09:40:48,ready_on_time,15.8,0,True
ME-30612,ORD-US-30611,M-004,QuickCare Pharmacy,2025-04-06T18:43:18,ready_on_time,13.3,0,True
ME-30613,ORD-US-30612,M-004,QuickCare Pharmacy,2025-04-06T16:10:30,ready_on_time,15.5,0,True
ME-30614,ORD-US-30613,M-001,Green Basket Market,2025-04-06T14:37:00,ready_on_time,17.0,0,True
ME-30615,ORD-US-30614,M-002,Crisp & Co.,2025-04-06T20:14:24,ready_on_time,14.4,0,False
ME-30616,ORD-US-30615,M-001,Green Basket Market,2025-04-06T20:47:24,ready_on_time,12.4,0,True
ME-30617,ORD-US-30616,M-004,QuickCare Pharmacy,2025-04-06T10:03:36,ready_on_time,23.6,0,True
ME-30618,ORD-US-30617,M-001,Green Basket Market,2025-04-06T09:37:24,ready_on_time,12.4,0,True
ME-30619,ORD-US-30618,M-004,QuickCare Pharmacy,2025-04-06T09:21:42,ready_on_time,11.7,0,True
ME-30620,ORD-US-30619,M-003,Pasta Garden,2025-04-06T16:31:42,ready_on_time,16.7,0,True
ME-30621,ORD-US-30620,M-004,QuickCare Pharmacy,2025-04-06T11:12:06,ready_on_time,17.1,0,True
ME-30622,ORD-US-30621,M-004,QuickCare Pharmacy,2025-04-06T19:26:12,ready_on_time,16.2,0,True
ME-30623,ORD-US-30622,M-003,Pasta Garden,2025-04-06T08:25:24,ready_on_time,5.4,0,True
ME-30624,ORD-US-30623,M-004,QuickCare Pharmacy,2025-04-06T19:44:42,ready_on_time,14.7,0,True
ME-30625,ORD-US-30624,M-002,Crisp & Co.,2025-04-06T16:44:48,ready_on_time,14.8,0,True
ME-30626,ORD-US-30625,M-001,Green Basket Market,2025-04-06T16:52:00,ready_on_time,12.0,0,True
ME-30627,ORD-US-30626,M-001,Green Basket Market,2025-04-06T14:56:30,ready_on_time,11.5,0,True
ME-30628,ORD-US-30627,M-002,Crisp & Co.,2025-04-06T20:31:00,ready_on_time,11.0,0,True
ME-30629,ORD-US-30628,M-002,Crisp & Co.,2025-04-06T14:03:54,ready_on_time,23.9,0,True
ME-30630,ORD-US-30629,M-004,QuickCare Pharmacy,2025-04-06T18:28:30,ready_on_time,18.5,0,True
ME-30631,ORD-US-30630,M-003,Pasta Garden,2025-04-06T12:10:12,ready_on_time,15.2,0,True
ME-30632,ORD-US-30631,M-004,QuickCare Pharmacy,2025-04-06T17:08:36,ready_on_time,13.6,0,True
ME-30633,ORD-US-30632,M-002,Crisp & Co.,2025-04-06T14:26:36,ready_on_time,16.6,0,True
ME-30634,ORD-US-30633,M-004,QuickCare Pharmacy,2025-04-06T16:17:00,ready_on_time,12.0,0,True
ME-30635,ORD-US-30634,M-002,Crisp & Co.,2025-04-06T15:56:36,ready_on_time,11.6,0,True
ME-30636,ORD-US-30635,M-004,QuickCare Pharmacy,2025-04-06T13:35:42,ready_on_time,10.7,0,True
ME-30637,ORD-US-30636,M-002,Crisp & Co.,2025-04-06T08:58:30,ready_on_time,18.5,0,True
ME-30638,ORD-US-30637,M-002,Crisp & Co.,2025-04-06T12:15:36,ready_on_time,15.6,0,True
ME-30639,ORD-US-30638,M-001,Green Basket Market,2025-04-06T13:00:00,ready_on_time,10.0,0,True
ME-30640,ORD-US-30639,M-001,Green Basket Market,2025-04-06T21:04:18,ready_on_time,14.3,0,True
ME-30641,ORD-US-30640,M-004,QuickCare Pharmacy,2025-04-06T19:05:42,ready_on_time,15.7,0,True
ME-30642,ORD-US-30641,M-002,Crisp & Co.,2025-04-06T08:34:54,ready_on_time,14.9,0,True
ME-30643,ORD-US-30642,M-005,Corner Table,2025-04-06T12:51:12,ready_on_time,16.2,0,True
ME-30644,ORD-US-30643,M-006,Fresh Roots Grocery,2025-04-06T10:26:36,ready_on_time,21.6,0,True
ME-30645,ORD-US-30644,M-006,Fresh Roots Grocery,2025-04-06T16:43:00,ready_on_time,3,0,True
ME-30646,ORD-US-30645,M-005,Corner Table,2025-04-06T10:22:24,ready_on_time,17.4,0,True
ME-30647,ORD-US-30646,M-008,Noodle House,2025-04-06T10:17:36,ready_on_time,22.6,0,True
ME-30648,ORD-US-30647,M-006,Fresh Roots Grocery,2025-04-06T20:43:24,ready_on_time,18.4,0,True
ME-30649,ORD-US-30648,M-005,Corner Table,2025-04-06T16:40:00,ready_on_time,20.0,0,True
ME-30650,ORD-US-30649,M-007,Home & Handy,2025-04-06T09:34:24,ready_on_time,9.4,0,True
ME-30651,ORD-US-30650,M-007,Home & Handy,2025-04-06T15:04:24,ready_on_time,14.4,0,True
ME-30652,ORD-US-30651,M-007,Home & Handy,2025-04-06T16:14:24,ready_on_time,14.4,0,True
ME-30653,ORD-US-30652,M-006,Fresh Roots Grocery,2025-04-06T10:05:18,ready_on_time,15.3,0,False
ME-30654,ORD-US-30653,M-008,Noodle House,2025-04-06T09:52:36,ready_on_time,17.6,0,True
ME-30655,ORD-US-30654,M-005,Corner Table,2025-04-06T16:12:18,ready_on_time,12.3,0,True
ME-30656,ORD-US-30655,M-005,Corner Table,2025-04-06T12:02:06,ready_on_time,17.1,0,True
ME-30657,ORD-US-30656,M-008,Noodle House,2025-04-06T10:54:36,ready_on_time,14.6,0,True
ME-30658,ORD-US-30657,M-006,Fresh Roots Grocery,2025-04-06T20:57:54,ready_on_time,12.9,0,True
ME-30659,ORD-US-30658,M-008,Noodle House,2025-04-06T15:17:54,ready_on_time,17.9,0,True
ME-30660,ORD-US-30659,M-006,Fresh Roots Grocery,2025-04-06T12:33:12,ready_on_time,13.2,0,True
ME-30661,ORD-US-30660,M-008,Noodle House,2025-04-06T18:34:24,ready_on_time,14.4,0,True
ME-30662,ORD-US-30661,M-005,Corner Table,2025-04-06T15:17:30,ready_on_time,17.5,0,True
ME-30663,ORD-US-30662,M-005,Corner Table,2025-04-06T12:57:18,ready_on_time,17.3,0,True
ME-30664,ORD-US-30663,M-007,Home & Handy,2025-04-06T11:09:42,ready_on_time,14.7,0,True
ME-30665,ORD-US-30664,M-007,Home & Handy,2025-04-06T14:14:30,ready_on_time,14.5,0,True
ME-30666,ORD-US-30665,M-005,Corner Table,2025-04-06T14:30:00,ready_on_time,15.0,0,True
ME-30667,ORD-US-30666,M-007,Home & Handy,2025-04-06T12:10:06,ready_on_time,15.1,0,True
ME-30668,ORD-US-30667,M-005,Corner Table,2025-04-06T15:30:12,ready_on_time,10.2,0,True
ME-30669,ORD-US-30668,M-005,Corner Table,2025-04-06T20:35:24,ready_on_time,20.4,0,True
ME-30670,ORD-US-30669,M-008,Noodle House,2025-04-06T12:17:06,ready_on_time,12.1,0,True
ME-30671,ORD-US-30670,M-005,Corner Table,2025-04-06T19:54:12,ready_on_time,14.2,0,True
ME-30672,ORD-US-30671,M-007,Home & Handy,2025-04-06T16:53:54,ready_on_time,18.9,0,True
ME-30673,ORD-US-30672,M-008,Noodle House,2025-04-06T13:44:48,ready_on_time,14.8,0,True
ME-30674,ORD-US-30673,M-006,Fresh Roots Grocery,2025-04-06T14:11:54,ready_on_time,11.9,0,True
ME-30675,ORD-US-30674,M-005,Corner Table,2025-04-06T10:55:42,ready_on_time,20.7,0,True
ME-30676,ORD-US-30675,M-007,Home & Handy,2025-04-06T18:24:24,ready_on_time,19.4,0,True
ME-30677,ORD-US-30676,M-007,Home & Handy,2025-04-06T16:23:24,ready_on_time,13.4,0,True
ME-30678,ORD-US-30677,M-008,Noodle House,2025-04-06T12:19:36,ready_on_time,19.6,0,True
ME-30679,ORD-US-30678,M-006,Fresh Roots Grocery,2025-04-06T17:10:18,ready_on_time,10.3,0,True
ME-30680,ORD-US-30679,M-008,Noodle House,2025-04-06T18:39:24,ready_on_time,14.4,0,True
ME-30681,ORD-US-30680,M-005,Corner Table,2025-04-06T08:21:48,ready_on_time,11.8,0,True
ME-30682,ORD-US-30681,M-007,Home & Handy,2025-04-06T13:32:00,ready_on_time,22.0,0,True
ME-30683,ORD-US-30682,M-005,Corner Table,2025-04-06T16:15:54,ready_on_time,20.9,0,True
ME-30684,ORD-US-30683,M-005,Corner Table,2025-04-06T17:57:06,ready_on_time,17.1,0,True
ME-30685,ORD-US-30684,M-008,Noodle House,2025-04-06T20:03:48,ready_on_time,13.8,0,True
ME-30686,ORD-US-30685,M-010,Burger District,2025-04-06T19:54:30,ready_on_time,19.5,0,True
ME-30687,ORD-US-30686,M-010,Burger District,2025-04-06T09:23:36,ready_on_time,18.6,0,True
ME-30688,ORD-US-30687,M-009,Daily Mart,2025-04-06T10:30:18,ready_on_time,10.3,0,True
ME-30689,ORD-US-30688,M-010,Burger District,2025-04-06T16:11:06,ready_on_time,21.1,0,True
ME-30690,ORD-US-30689,M-012,Tech Stop,2025-04-06T15:32:30,ready_on_time,17.5,0,True
ME-30691,ORD-US-30690,M-009,Daily Mart,2025-04-06T19:39:00,ready_on_time,14.0,0,True
ME-30692,ORD-US-30691,M-011,Wellness Pharmacy,2025-04-06T14:22:54,ready_on_time,17.9,0,True
ME-30693,ORD-US-30692,M-011,Wellness Pharmacy,2025-04-06T15:50:54,ready_on_time,15.9,0,True
ME-30694,ORD-US-30693,M-012,Tech Stop,2025-04-06T20:48:54,ready_on_time,23.9,0,True
ME-30695,ORD-US-30694,M-010,Burger District,2025-04-06T20:04:30,ready_on_time,19.5,0,True
ME-30696,ORD-US-30695,M-011,Wellness Pharmacy,2025-04-06T20:56:06,ready_on_time,21.1,0,True
ME-30697,ORD-US-30696,M-009,Daily Mart,2025-04-06T18:38:18,ready_on_time,18.3,0,True
ME-30698,ORD-US-30697,M-009,Daily Mart,2025-04-06T20:59:06,ready_on_time,14.1,0,True
ME-30699,ORD-US-30698,M-009,Daily Mart,2025-04-06T09:28:30,ready_on_time,18.5,0,True
ME-30700,ORD-US-30699,M-011,Wellness Pharmacy,2025-04-06T17:37:18,ready_on_time,17.3,0,True
ME-30701,ORD-US-30700,M-010,Burger District,2025-04-06T20:35:30,ready_on_time,15.5,0,True
ME-30702,ORD-US-30701,M-011,Wellness Pharmacy,2025-04-06T19:29:54,ready_on_time,4.9,0,True
ME-30703,ORD-US-30702,M-009,Daily Mart,2025-04-06T13:40:42,ready_on_time,20.7,0,True
ME-30704,ORD-US-30703,M-009,Daily Mart,2025-04-06T10:00:36,ready_on_time,10.6,0,True
ME-30705,ORD-US-30704,M-010,Burger District,2025-04-06T13:16:42,ready_on_time,11.7,0,True
ME-30706,ORD-US-30705,M-010,Burger District,2025-04-06T18:45:06,ready_on_time,15.1,0,True
ME-30707,ORD-US-30706,M-012,Tech Stop,2025-04-06T11:09:12,ready_on_time,9.2,0,True
ME-30708,ORD-US-30707,M-012,Tech Stop,2025-04-06T17:50:24,ready_on_time,10.4,0,True
ME-30709,ORD-US-30708,M-010,Burger District,2025-04-06T14:11:00,ready_on_time,6.0,0,True
ME-30710,ORD-US-30709,M-011,Wellness Pharmacy,2025-04-06T19:37:12,ready_on_time,12.2,0,True
ME-30711,ORD-US-30710,M-009,Daily Mart,2025-04-06T08:26:12,ready_on_time,11.2,0,True
ME-30712,ORD-US-30711,M-011,Wellness Pharmacy,2025-04-06T17:38:48,ready_on_time,13.8,0,True
ME-30713,ORD-US-30712,M-009,Daily Mart,2025-04-06T12:12:00,ready_on_time,17.0,0,True
ME-30714,ORD-US-30713,M-010,Burger District,2025-04-06T12:17:48,ready_on_time,17.8,0,True
ME-30715,ORD-US-30714,M-010,Burger District,2025-04-06T08:29:00,ready_on_time,9.0,0,True
ME-30716,ORD-US-30715,M-010,Burger District,2025-04-06T15:18:12,ready_on_time,13.2,0,True
ME-30717,ORD-US-30716,M-011,Wellness Pharmacy,2025-04-06T09:40:06,ready_on_time,15.1,0,True
ME-30718,ORD-US-30717,M-010,Burger District,2025-04-06T15:26:30,ready_on_time,16.5,0,True
ME-30719,ORD-US-30718,M-012,Tech Stop,2025-04-06T13:28:48,ready_on_time,13.8,0,True
ME-30720,ORD-US-30719,M-012,Tech Stop,2025-04-06T09:17:36,ready_on_time,7.6,0,True
ME-30721,ORD-US-30720,M-011,Wellness Pharmacy,2025-04-06T10:42:54,ready_on_time,17.9,0,True
ME-30722,ORD-US-30721,M-011,Wellness Pharmacy,2025-04-06T17:23:48,ready_on_time,13.8,0,True
ME-30723,ORD-US-30722,M-009,Daily Mart,2025-04-06T08:52:00,ready_on_time,17.0,0,True
ME-30724,ORD-US-30723,M-012,Tech Stop,2025-04-06T20:22:06,ready_on_time,12.1,0,True
ME-30725,ORD-US-30724,M-004,QuickCare Pharmacy,2025-04-07T17:24:42,ready_on_time,14.7,0,True
ME-30726,ORD-US-30725,M-004,QuickCare Pharmacy,2025-04-07T21:11:12,ready_on_time,16.2,0,True
ME-30727,ORD-US-30726,M-004,QuickCare Pharmacy,2025-04-07T19:29:36,ready_on_time,19.6,0,True
ME-30728,ORD-US-30727,M-003,Pasta Garden,2025-04-07T14:37:06,ready_on_time,7.1,0,True
ME-30729,ORD-US-30728,M-004,QuickCare Pharmacy,2025-04-07T15:40:18,ready_on_time,15.3,0,True
ME-30730,ORD-US-30729,M-004,QuickCare Pharmacy,2025-04-07T12:34:06,ready_on_time,9.1,0,True
ME-30731,ORD-US-30730,M-002,Crisp & Co.,2025-04-07T20:13:12,ready_on_time,18.2,0,True
ME-30732,ORD-US-30731,M-003,Pasta Garden,2025-04-07T19:15:30,ready_on_time,10.5,0,True
ME-30733,ORD-US-30732,M-001,Green Basket Market,2025-04-07T10:06:30,ready_on_time,11.5,0,True
ME-30734,ORD-US-30733,M-001,Green Basket Market,2025-04-07T16:26:12,ready_on_time,11.2,0,True
ME-30735,ORD-US-30734,M-003,Pasta Garden,2025-04-07T08:11:30,ready_on_time,11.5,0,True
ME-30736,ORD-US-30735,M-004,QuickCare Pharmacy,2025-04-07T15:15:48,ready_on_time,15.8,0,True
ME-30737,ORD-US-30736,M-002,Crisp & Co.,2025-04-07T09:14:54,ready_on_time,9.9,0,True
ME-30738,ORD-US-30737,M-003,Pasta Garden,2025-04-07T14:37:24,ready_on_time,22.4,0,True
ME-30739,ORD-US-30738,M-001,Green Basket Market,2025-04-07T13:27:42,ready_on_time,12.7,0,True
ME-30740,ORD-US-30739,M-001,Green Basket Market,2025-04-07T14:42:54,ready_on_time,12.9,0,True
ME-30741,ORD-US-30740,M-004,QuickCare Pharmacy,2025-04-07T18:40:12,ready_on_time,10.2,0,True
ME-30742,ORD-US-30741,M-003,Pasta Garden,2025-04-07T16:35:42,ready_on_time,15.7,0,True
ME-30743,ORD-US-30742,M-003,Pasta Garden,2025-04-07T13:19:36,ready_on_time,14.6,0,True
ME-30744,ORD-US-30743,M-001,Green Basket Market,2025-04-07T10:24:18,ready_on_time,9.3,0,True
ME-30745,ORD-US-30744,M-003,Pasta Garden,2025-04-07T13:53:42,ready_on_time,13.7,0,True
ME-30746,ORD-US-30745,M-002,Crisp & Co.,2025-04-07T12:05:42,ready_on_time,10.7,0,True
ME-30747,ORD-US-30746,M-004,QuickCare Pharmacy,2025-04-07T08:42:42,ready_on_time,12.7,0,True
ME-30748,ORD-US-30747,M-001,Green Basket Market,2025-04-07T14:58:24,ready_on_time,13.4,0,True
ME-30749,ORD-US-30748,M-004,QuickCare Pharmacy,2025-04-07T09:41:00,ready_on_time,11.0,0,True
ME-30750,ORD-US-30749,M-003,Pasta Garden,2025-04-07T20:48:48,ready_on_time,23.8,0,True
ME-30751,ORD-US-30750,M-001,Green Basket Market,2025-04-07T14:36:54,ready_on_time,16.9,0,True
ME-30752,ORD-US-30751,M-003,Pasta Garden,2025-04-07T11:53:00,ready_on_time,3,0,True
ME-30753,ORD-US-30752,M-003,Pasta Garden,2025-04-07T11:34:00,ready_on_time,19.0,0,True
ME-30754,ORD-US-30753,M-004,QuickCare Pharmacy,2025-04-07T16:34:24,ready_on_time,19.4,0,True
ME-30755,ORD-US-30754,M-003,Pasta Garden,2025-04-07T08:37:30,ready_on_time,17.5,0,True
ME-30756,ORD-US-30755,M-003,Pasta Garden,2025-04-07T19:43:30,ready_on_time,18.5,0,True
ME-30757,ORD-US-30756,M-002,Crisp & Co.,2025-04-07T18:35:48,ready_on_time,5.8,0,True
ME-30758,ORD-US-30757,M-003,Pasta Garden,2025-04-07T12:52:24,ready_on_time,17.4,0,True
ME-30759,ORD-US-30758,M-001,Green Basket Market,2025-04-07T19:25:12,ready_on_time,15.2,0,True
ME-30760,ORD-US-30759,M-003,Pasta Garden,2025-04-07T13:46:24,ready_on_time,11.4,0,True
ME-30761,ORD-US-30760,M-001,Green Basket Market,2025-04-07T19:08:06,ready_on_time,13.1,0,True
ME-30762,ORD-US-30761,M-002,Crisp & Co.,2025-04-07T14:53:54,ready_on_time,13.9,0,True
ME-30763,ORD-US-30762,M-003,Pasta Garden,2025-04-07T08:57:48,ready_on_time,17.8,0,True
ME-30764,ORD-US-30763,M-003,Pasta Garden,2025-04-07T09:44:30,ready_on_time,14.5,0,True
ME-30765,ORD-US-30764,M-004,QuickCare Pharmacy,2025-04-07T10:03:00,ready_on_time,13.0,0,True
ME-30766,ORD-US-30765,M-001,Green Basket Market,2025-04-07T18:37:12,ready_on_time,17.2,0,True
ME-30767,ORD-US-30766,M-007,Home & Handy,2025-04-07T10:58:06,ready_on_time,23.1,0,True
ME-30768,ORD-US-30767,M-005,Corner Table,2025-04-07T10:00:06,ready_on_time,20.1,0,True
ME-30769,ORD-US-30768,M-007,Home & Handy,2025-04-07T09:28:42,ready_on_time,18.7,0,True
ME-30770,ORD-US-30769,M-007,Home & Handy,2025-04-07T09:52:42,ready_on_time,17.7,0,True
ME-30771,ORD-US-30770,M-005,Corner Table,2025-04-07T09:28:48,ready_on_time,18.8,0,True
ME-30772,ORD-US-30771,M-005,Corner Table,2025-04-07T15:35:36,ready_on_time,10.6,0,True
ME-30773,ORD-US-30772,M-008,Noodle House,2025-04-07T16:50:18,ready_on_time,5.3,0,True
ME-30774,ORD-US-30773,M-007,Home & Handy,2025-04-07T12:29:48,ready_on_time,19.8,0,True
ME-30775,ORD-US-30774,M-005,Corner Table,2025-04-07T18:38:00,ready_on_time,13.0,0,True
ME-30776,ORD-US-30775,M-006,Fresh Roots Grocery,2025-04-07T08:36:30,ready_on_time,11.5,0,True
ME-30777,ORD-US-30776,M-008,Noodle House,2025-04-07T20:44:36,ready_on_time,19.6,0,True
ME-30778,ORD-US-30777,M-006,Fresh Roots Grocery,2025-04-07T11:32:12,ready_on_time,12.2,0,True
ME-30779,ORD-US-30778,M-007,Home & Handy,2025-04-07T16:09:36,ready_on_time,14.6,0,True
ME-30780,ORD-US-30779,M-008,Noodle House,2025-04-07T12:59:00,ready_on_time,19.0,0,True
ME-30781,ORD-US-30780,M-006,Fresh Roots Grocery,2025-04-07T08:58:30,ready_on_time,18.5,0,True
ME-30782,ORD-US-30781,M-007,Home & Handy,2025-04-07T08:54:30,ready_on_time,9.5,0,True
ME-30783,ORD-US-30782,M-006,Fresh Roots Grocery,2025-04-07T17:12:36,ready_on_time,22.6,0,True
ME-30784,ORD-US-30783,M-008,Noodle House,2025-04-07T18:33:18,ready_on_time,18.3,0,True
ME-30785,ORD-US-30784,M-008,Noodle House,2025-04-07T12:42:42,ready_on_time,12.7,0,True
ME-30786,ORD-US-30785,M-006,Fresh Roots Grocery,2025-04-07T14:22:00,ready_on_time,17.0,0,True
ME-30787,ORD-US-30786,M-007,Home & Handy,2025-04-07T12:27:30,ready_on_time,17.5,0,True
ME-30788,ORD-US-30787,M-008,Noodle House,2025-04-07T14:49:18,ready_on_time,19.3,0,True
ME-30789,ORD-US-30788,M-006,Fresh Roots Grocery,2025-04-07T09:44:12,ready_on_time,14.2,0,True
ME-30790,ORD-US-30789,M-008,Noodle House,2025-04-07T20:16:00,ready_on_time,11.0,0,True
ME-30791,ORD-US-30790,M-005,Corner Table,2025-04-07T11:25:06,ready_on_time,15.1,0,True
ME-30792,ORD-US-30791,M-006,Fresh Roots Grocery,2025-04-07T19:01:42,ready_on_time,11.7,0,True
ME-30793,ORD-US-30792,M-005,Corner Table,2025-04-07T17:52:48,ready_on_time,12.8,0,True
ME-30794,ORD-US-30793,M-008,Noodle House,2025-04-07T19:19:54,ready_on_time,4.9,0,True
ME-30795,ORD-US-30794,M-008,Noodle House,2025-04-07T19:23:06,ready_on_time,13.1,0,True
ME-30796,ORD-US-30795,M-008,Noodle House,2025-04-07T12:35:42,ready_on_time,15.7,0,True
ME-30797,ORD-US-30796,M-005,Corner Table,2025-04-07T15:18:12,ready_on_time,18.2,0,True
ME-30798,ORD-US-30797,M-008,Noodle House,2025-04-07T11:25:42,ready_on_time,10.7,0,True
ME-30799,ORD-US-30798,M-008,Noodle House,2025-04-07T16:05:24,ready_on_time,10.4,0,True
ME-30800,ORD-US-30799,M-006,Fresh Roots Grocery,2025-04-07T14:04:48,ready_on_time,14.8,0,True
ME-30801,ORD-US-30800,M-006,Fresh Roots Grocery,2025-04-07T08:17:48,ready_on_time,17.8,0,True
ME-30802,ORD-US-30801,M-007,Home & Handy,2025-04-07T14:59:42,ready_on_time,9.7,0,True
ME-30803,ORD-US-30802,M-009,Daily Mart,2025-04-07T15:44:48,ready_on_time,9.8,0,True
ME-30804,ORD-US-30803,M-012,Tech Stop,2025-04-07T17:12:00,ready_on_time,12.0,0,True
ME-30805,ORD-US-30804,M-011,Wellness Pharmacy,2025-04-07T16:26:24,ready_on_time,16.4,0,True
ME-30806,ORD-US-30805,M-011,Wellness Pharmacy,2025-04-07T13:10:24,ready_on_time,10.4,0,True
ME-30807,ORD-US-30806,M-009,Daily Mart,2025-04-07T12:34:30,ready_on_time,14.5,0,True
ME-30808,ORD-US-30807,M-011,Wellness Pharmacy,2025-04-07T12:54:12,ready_on_time,14.2,0,True
ME-30809,ORD-US-30808,M-009,Daily Mart,2025-04-07T16:54:54,ready_on_time,14.9,0,True
ME-30810,ORD-US-30809,M-009,Daily Mart,2025-04-07T08:23:06,ready_on_time,18.1,0,True
ME-30811,ORD-US-30810,M-010,Burger District,2025-04-07T08:21:24,ready_on_time,11.4,0,True
ME-30812,ORD-US-30811,M-012,Tech Stop,2025-04-07T18:09:54,ready_on_time,9.9,0,True
ME-30813,ORD-US-30812,M-010,Burger District,2025-04-07T16:47:54,ready_on_time,7.9,0,True
ME-30814,ORD-US-30813,M-009,Daily Mart,2025-04-07T19:01:30,ready_on_time,16.5,0,True
ME-30815,ORD-US-30814,M-009,Daily Mart,2025-04-07T19:26:54,ready_on_time,11.9,0,True
ME-30816,ORD-US-30815,M-010,Burger District,2025-04-07T17:28:36,ready_on_time,3.6,0,True
ME-30817,ORD-US-30816,M-012,Tech Stop,2025-04-07T20:33:12,ready_on_time,18.2,0,True
ME-30818,ORD-US-30817,M-012,Tech Stop,2025-04-07T10:14:48,ready_on_time,14.8,0,True
ME-30819,ORD-US-30818,M-012,Tech Stop,2025-04-07T15:51:00,ready_on_time,11.0,0,True
ME-30820,ORD-US-30819,M-012,Tech Stop,2025-04-07T15:52:48,ready_on_time,12.8,0,True
ME-30821,ORD-US-30820,M-009,Daily Mart,2025-04-07T13:13:12,ready_on_time,13.2,0,True
ME-30822,ORD-US-30821,M-009,Daily Mart,2025-04-07T15:06:00,ready_on_time,16.0,0,True
ME-30823,ORD-US-30822,M-011,Wellness Pharmacy,2025-04-07T10:44:42,ready_on_time,19.7,0,True
ME-30824,ORD-US-30823,M-012,Tech Stop,2025-04-07T12:43:42,ready_on_time,18.7,0,True
ME-30825,ORD-US-30824,M-011,Wellness Pharmacy,2025-04-07T10:34:06,ready_on_time,14.1,0,True
ME-30826,ORD-US-30825,M-011,Wellness Pharmacy,2025-04-07T12:16:24,ready_on_time,11.4,0,True
ME-30827,ORD-US-30826,M-010,Burger District,2025-04-07T09:39:36,ready_on_time,9.6,0,True
ME-30828,ORD-US-30827,M-012,Tech Stop,2025-04-07T12:29:30,ready_on_time,9.5,0,True
ME-30829,ORD-US-30828,M-009,Daily Mart,2025-04-07T17:03:30,ready_on_time,8.5,0,True
ME-30830,ORD-US-30829,M-011,Wellness Pharmacy,2025-04-07T14:24:42,ready_on_time,14.7,0,True
ME-30831,ORD-US-30830,M-012,Tech Stop,2025-04-07T17:54:12,ready_on_time,19.2,0,True
ME-30832,ORD-US-30831,M-010,Burger District,2025-04-07T19:27:54,ready_on_time,17.9,0,True
ME-30833,ORD-US-30832,M-012,Tech Stop,2025-04-07T18:41:54,ready_on_time,16.9,0,True
ME-30834,ORD-US-30833,M-010,Burger District,2025-04-07T11:06:06,ready_on_time,16.1,0,True
ME-30835,ORD-US-30834,M-009,Daily Mart,2025-04-07T14:09:06,ready_on_time,4.1,0,True
ME-30836,ORD-US-30835,M-010,Burger District,2025-04-07T10:30:54,ready_on_time,10.9,0,True
ME-30837,ORD-US-30836,M-009,Daily Mart,2025-04-07T20:14:48,ready_on_time,14.8,0,True
ME-30838,ORD-US-30837,M-010,Burger District,2025-04-07T11:44:54,ready_on_time,9.9,0,True
ME-30839,ORD-US-30838,M-009,Daily Mart,2025-04-07T09:01:36,ready_on_time,11.6,0,True
ME-30840,ORD-US-30839,M-012,Tech Stop,2025-04-07T10:58:30,ready_on_time,13.5,0,True
ME-30841,ORD-US-30840,M-012,Tech Stop,2025-04-07T08:59:00,ready_on_time,24.0,0,True
ME-30842,ORD-US-30841,M-004,QuickCare Pharmacy,2025-04-08T11:41:30,ready_on_time,16.5,0,True
ME-30843,ORD-US-30842,M-003,Pasta Garden,2025-04-08T12:17:12,ready_on_time,12.2,0,True
ME-30844,ORD-US-30843,M-003,Pasta Garden,2025-04-08T08:48:48,ready_on_time,13.8,0,True
ME-30845,ORD-US-30844,M-001,Green Basket Market,2025-04-08T15:32:30,ready_on_time,7.5,0,True
ME-30846,ORD-US-30845,M-004,QuickCare Pharmacy,2025-04-08T16:46:12,ready_on_time,6.2,0,True
ME-30847,ORD-US-30846,M-001,Green Basket Market,2025-04-08T16:38:00,ready_on_time,18.0,0,True
ME-30848,ORD-US-30847,M-001,Green Basket Market,2025-04-08T10:22:12,ready_on_time,12.2,0,True
ME-30849,ORD-US-30848,M-002,Crisp & Co.,2025-04-08T09:38:06,ready_on_time,13.1,0,True
ME-30850,ORD-US-30849,M-004,QuickCare Pharmacy,2025-04-08T19:29:12,ready_on_time,19.2,0,True
ME-30851,ORD-US-30850,M-001,Green Basket Market,2025-04-08T15:05:00,ready_on_time,20.0,0,True
ME-30852,ORD-US-30851,M-002,Crisp & Co.,2025-04-08T21:10:00,ready_on_time,15.0,0,True
ME-30853,ORD-US-30852,M-002,Crisp & Co.,2025-04-08T19:42:06,ready_on_time,12.1,0,True
ME-30854,ORD-US-30853,M-004,QuickCare Pharmacy,2025-04-08T09:36:30,ready_on_time,16.5,0,True
ME-30855,ORD-US-30854,M-004,QuickCare Pharmacy,2025-04-08T20:01:54,ready_on_time,16.9,0,True
ME-30856,ORD-US-30855,M-002,Crisp & Co.,2025-04-08T11:51:18,ready_on_time,16.3,0,True
ME-30857,ORD-US-30856,M-002,Crisp & Co.,2025-04-08T08:33:54,ready_on_time,13.9,0,True
ME-30858,ORD-US-30857,M-003,Pasta Garden,2025-04-08T20:20:12,ready_on_time,10.2,0,True
ME-30859,ORD-US-30858,M-004,QuickCare Pharmacy,2025-04-08T08:14:30,ready_on_time,9.5,0,True
ME-30860,ORD-US-30859,M-003,Pasta Garden,2025-04-08T14:41:54,ready_on_time,16.9,0,True
ME-30861,ORD-US-30860,M-004,QuickCare Pharmacy,2025-04-08T08:37:00,ready_on_time,7.0,0,True
ME-30862,ORD-US-30861,M-004,QuickCare Pharmacy,2025-04-08T08:43:12,ready_on_time,13.2,0,True
ME-30863,ORD-US-30862,M-002,Crisp & Co.,2025-04-08T15:22:12,ready_on_time,22.2,0,True
ME-30864,ORD-US-30863,M-004,QuickCare Pharmacy,2025-04-08T16:32:48,ready_on_time,12.8,0,True
ME-30865,ORD-US-30864,M-003,Pasta Garden,2025-04-08T10:47:12,ready_on_time,12.2,0,True
ME-30866,ORD-US-30865,M-003,Pasta Garden,2025-04-08T18:25:12,ready_on_time,15.2,0,True
ME-30867,ORD-US-30866,M-002,Crisp & Co.,2025-04-08T09:33:30,ready_on_time,13.5,0,True
ME-30868,ORD-US-30867,M-002,Crisp & Co.,2025-04-08T19:19:42,ready_on_time,14.7,0,True
ME-30869,ORD-US-30868,M-002,Crisp & Co.,2025-04-08T13:35:00,ready_on_time,20.0,0,True
ME-30870,ORD-US-30869,M-003,Pasta Garden,2025-04-08T14:42:06,ready_on_time,22.1,0,True
ME-30871,ORD-US-30870,M-004,QuickCare Pharmacy,2025-04-08T12:08:54,ready_on_time,8.9,0,True
ME-30872,ORD-US-30871,M-003,Pasta Garden,2025-04-08T13:13:18,ready_on_time,18.3,0,True
ME-30873,ORD-US-30872,M-004,QuickCare Pharmacy,2025-04-08T13:25:36,ready_on_time,15.6,0,True
ME-30874,ORD-US-30873,M-001,Green Basket Market,2025-04-08T20:27:00,ready_on_time,17.0,0,True
ME-30875,ORD-US-30874,M-001,Green Basket Market,2025-04-08T08:24:00,ready_on_time,14.0,0,True
ME-30876,ORD-US-30875,M-001,Green Basket Market,2025-04-08T09:03:00,ready_on_time,8.0,0,True
ME-30877,ORD-US-30876,M-003,Pasta Garden,2025-04-08T16:18:18,ready_on_time,8.3,0,True
ME-30878,ORD-US-30877,M-002,Crisp & Co.,2025-04-08T20:57:12,ready_on_time,12.2,0,True
ME-30879,ORD-US-30878,M-001,Green Basket Market,2025-04-08T17:28:12,ready_on_time,18.2,0,True
ME-30880,ORD-US-30879,M-004,QuickCare Pharmacy,2025-04-08T09:27:18,ready_on_time,17.3,0,True
ME-30881,ORD-US-30880,M-003,Pasta Garden,2025-04-08T11:33:00,ready_on_time,3.0,0,True
ME-30882,ORD-US-30881,M-001,Green Basket Market,2025-04-08T19:34:24,ready_on_time,9.4,0,True
ME-30883,ORD-US-30882,M-003,Pasta Garden,2025-04-08T16:59:06,ready_on_time,14.1,0,True
ME-30884,ORD-US-30883,M-005,Corner Table,2025-04-08T08:21:24,ready_on_time,11.4,0,True
ME-30885,ORD-US-30884,M-007,Home & Handy,2025-04-08T19:21:18,ready_on_time,16.3,0,True
ME-30886,ORD-US-30885,M-007,Home & Handy,2025-04-08T20:35:12,ready_on_time,15.2,0,True
ME-30887,ORD-US-30886,M-008,Noodle House,2025-04-08T13:51:54,ready_on_time,11.9,0,True
ME-30888,ORD-US-30887,M-008,Noodle House,2025-04-08T17:19:54,ready_on_time,14.9,0,True
ME-30889,ORD-US-30888,M-006,Fresh Roots Grocery,2025-04-08T08:23:18,ready_on_time,8.3,0,True
ME-30890,ORD-US-30889,M-008,Noodle House,2025-04-08T08:33:36,ready_on_time,8.6,0,True
ME-30891,ORD-US-30890,M-006,Fresh Roots Grocery,2025-04-08T20:03:30,ready_on_time,8.5,0,True
ME-30892,ORD-US-30891,M-007,Home & Handy,2025-04-08T14:30:54,ready_on_time,10.9,0,True
ME-30893,ORD-US-30892,M-008,Noodle House,2025-04-08T20:18:12,ready_on_time,8.2,0,True
ME-30894,ORD-US-30893,M-007,Home & Handy,2025-04-08T12:35:36,ready_on_time,10.6,0,True
ME-30895,ORD-US-30894,M-006,Fresh Roots Grocery,2025-04-08T16:24:42,ready_on_time,19.7,0,True
ME-30896,ORD-US-30895,M-006,Fresh Roots Grocery,2025-04-08T18:23:54,ready_on_time,3.9,0,True
ME-30897,ORD-US-30896,M-005,Corner Table,2025-04-08T11:12:18,ready_on_time,7.3,0,True
ME-30898,ORD-US-30897,M-007,Home & Handy,2025-04-08T15:24:54,ready_on_time,14.9,0,True
ME-30899,ORD-US-30898,M-006,Fresh Roots Grocery,2025-04-08T17:29:00,ready_on_time,19.0,0,True
ME-30900,ORD-US-30899,M-006,Fresh Roots Grocery,2025-04-08T11:30:36,ready_on_time,10.6,0,True
ME-30901,ORD-US-30900,M-008,Noodle House,2025-04-08T21:02:18,ready_on_time,22.3,0,True
ME-30902,ORD-US-30901,M-007,Home & Handy,2025-04-08T11:46:12,ready_on_time,21.2,0,True
ME-30903,ORD-US-30902,M-006,Fresh Roots Grocery,2025-04-08T13:37:36,ready_on_time,17.6,0,True
ME-30904,ORD-US-30903,M-005,Corner Table,2025-04-08T17:01:24,ready_on_time,11.4,0,True
ME-30905,ORD-US-30904,M-008,Noodle House,2025-04-08T12:07:48,ready_on_time,7.8,0,True
ME-30906,ORD-US-30905,M-005,Corner Table,2025-04-08T11:41:12,ready_on_time,11.2,0,True
ME-30907,ORD-US-30906,M-008,Noodle House,2025-04-08T12:19:54,ready_on_time,14.9,0,True
ME-30908,ORD-US-30907,M-007,Home & Handy,2025-04-08T20:32:48,ready_on_time,12.8,0,True
ME-30909,ORD-US-30908,M-007,Home & Handy,2025-04-08T13:46:42,ready_on_time,16.7,0,True
ME-30910,ORD-US-30909,M-008,Noodle House,2025-04-08T20:19:36,ready_on_time,14.6,0,True
ME-30911,ORD-US-30910,M-007,Home & Handy,2025-04-08T15:02:42,ready_on_time,17.7,0,True
ME-30912,ORD-US-30911,M-006,Fresh Roots Grocery,2025-04-08T14:53:18,ready_on_time,8.3,0,True
ME-30913,ORD-US-30912,M-005,Corner Table,2025-04-08T18:28:24,ready_on_time,18.4,0,True
ME-30914,ORD-US-30913,M-007,Home & Handy,2025-04-08T21:04:00,ready_on_time,9.0,0,True
ME-30915,ORD-US-30914,M-005,Corner Table,2025-04-08T18:58:18,ready_on_time,18.3,0,True
ME-30916,ORD-US-30915,M-005,Corner Table,2025-04-08T11:07:24,ready_on_time,7.4,0,True
ME-30917,ORD-US-30916,M-007,Home & Handy,2025-04-08T14:56:18,ready_on_time,16.3,0,True
ME-30918,ORD-US-30917,M-006,Fresh Roots Grocery,2025-04-08T08:43:00,ready_on_time,18.0,0,True
ME-30919,ORD-US-30918,M-008,Noodle House,2025-04-08T18:27:48,ready_on_time,17.8,0,True
ME-30920,ORD-US-30919,M-006,Fresh Roots Grocery,2025-04-08T12:12:42,ready_on_time,22.7,0,True
ME-30921,ORD-US-30920,M-005,Corner Table,2025-04-08T08:30:06,ready_on_time,10.1,0,True
ME-30922,ORD-US-30921,M-005,Corner Table,2025-04-08T13:49:54,ready_on_time,14.9,0,True
ME-30923,ORD-US-30922,M-005,Corner Table,2025-04-08T12:32:24,ready_on_time,12.4,0,True
ME-30924,ORD-US-30923,M-006,Fresh Roots Grocery,2025-04-08T16:28:06,ready_on_time,23.1,0,True
ME-30925,ORD-US-30924,M-008,Noodle House,2025-04-08T14:55:48,ready_on_time,15.8,0,True
ME-30926,ORD-US-30925,M-006,Fresh Roots Grocery,2025-04-08T14:23:12,ready_on_time,8.2,0,True
ME-30927,ORD-US-30926,M-009,Daily Mart,2025-04-08T19:27:30,ready_on_time,17.5,0,True
ME-30928,ORD-US-30927,M-012,Tech Stop,2025-04-08T18:08:00,ready_on_time,18.0,0,True
ME-30929,ORD-US-30928,M-010,Burger District,2025-04-08T18:34:36,ready_on_time,14.6,0,True
ME-30930,ORD-US-30929,M-010,Burger District,2025-04-08T12:08:48,ready_on_time,18.8,0,True
ME-30931,ORD-US-30930,M-009,Daily Mart,2025-04-08T19:07:36,ready_on_time,12.6,0,True
ME-30932,ORD-US-30931,M-010,Burger District,2025-04-08T17:40:30,ready_on_time,15.5,0,True
ME-30933,ORD-US-30932,M-012,Tech Stop,2025-04-08T19:26:36,ready_on_time,11.6,0,True
ME-30934,ORD-US-30933,M-010,Burger District,2025-04-08T11:02:24,ready_on_time,17.4,0,True
ME-30935,ORD-US-30934,M-010,Burger District,2025-04-08T17:35:06,ready_on_time,15.1,0,True
ME-30936,ORD-US-30935,M-012,Tech Stop,2025-04-08T10:25:42,ready_on_time,15.7,0,True
ME-30937,ORD-US-30936,M-011,Wellness Pharmacy,2025-04-08T10:38:12,ready_on_time,8.2,0,True
ME-30938,ORD-US-30937,M-010,Burger District,2025-04-08T09:48:24,ready_on_time,8.4,0,True
ME-30939,ORD-US-30938,M-011,Wellness Pharmacy,2025-04-08T08:50:00,ready_on_time,20.0,0,True
ME-30940,ORD-US-30939,M-010,Burger District,2025-04-08T17:43:12,ready_on_time,8.2,0,True
ME-30941,ORD-US-30940,M-009,Daily Mart,2025-04-08T12:13:06,ready_on_time,8.1,0,True
ME-30942,ORD-US-30941,M-012,Tech Stop,2025-04-08T18:09:18,ready_on_time,9.3,0,True
ME-30943,ORD-US-30942,M-010,Burger District,2025-04-08T12:44:30,ready_on_time,9.5,0,True
ME-30944,ORD-US-30943,M-009,Daily Mart,2025-04-08T13:10:42,ready_on_time,10.7,0,True
ME-30945,ORD-US-30944,M-009,Daily Mart,2025-04-08T17:45:48,ready_on_time,15.8,0,True
ME-30946,ORD-US-30945,M-009,Daily Mart,2025-04-08T21:09:48,ready_on_time,14.8,0,True
ME-30947,ORD-US-30946,M-010,Burger District,2025-04-08T09:27:48,ready_on_time,12.8,0,True
ME-30948,ORD-US-30947,M-009,Daily Mart,2025-04-08T19:34:06,ready_on_time,19.1,0,True
ME-30949,ORD-US-30948,M-011,Wellness Pharmacy,2025-04-08T20:19:00,ready_on_time,24.0,0,True
ME-30950,ORD-US-30949,M-010,Burger District,2025-04-08T15:24:54,ready_on_time,19.9,0,True
ME-30951,ORD-US-30950,M-012,Tech Stop,2025-04-08T16:09:36,ready_on_time,9.6,0,True
ME-30952,ORD-US-30951,M-010,Burger District,2025-04-08T17:32:18,ready_on_time,17.3,0,True
ME-30953,ORD-US-30952,M-011,Wellness Pharmacy,2025-04-08T10:20:12,ready_on_time,10.2,0,True
ME-30954,ORD-US-30953,M-010,Burger District,2025-04-08T17:32:54,ready_on_time,17.9,0,True
ME-30955,ORD-US-30954,M-009,Daily Mart,2025-04-08T16:59:42,ready_on_time,14.7,0,True
ME-30956,ORD-US-30955,M-011,Wellness Pharmacy,2025-04-08T20:20:18,ready_on_time,20.3,0,True
ME-30957,ORD-US-30956,M-010,Burger District,2025-04-08T09:22:00,ready_on_time,7.0,0,True
ME-30958,ORD-US-30957,M-009,Daily Mart,2025-04-08T16:19:54,ready_on_time,9.9,0,True
ME-30959,ORD-US-30958,M-010,Burger District,2025-04-08T15:12:18,ready_on_time,12.3,0,True
ME-30960,ORD-US-30959,M-010,Burger District,2025-04-08T14:31:36,ready_on_time,16.6,0,True
ME-30961,ORD-US-30960,M-012,Tech Stop,2025-04-08T16:28:42,ready_on_time,8.7,0,True
ME-30962,ORD-US-30961,M-012,Tech Stop,2025-04-08T18:18:54,ready_on_time,13.9,0,True
ME-30963,ORD-US-30962,M-001,Green Basket Market,2025-04-09T12:10:36,ready_on_time,15.6,0,True
ME-30964,ORD-US-30963,M-001,Green Basket Market,2025-04-09T08:52:24,ready_on_time,7.4,0,True
ME-30965,ORD-US-30964,M-003,Pasta Garden,2025-04-09T08:23:12,ready_on_time,13.2,0,True
ME-30966,ORD-US-30965,M-001,Green Basket Market,2025-04-09T13:08:42,ready_on_time,13.7,0,True
ME-30967,ORD-US-30966,M-001,Green Basket Market,2025-04-09T13:44:54,ready_on_time,14.9,0,True
ME-30968,ORD-US-30967,M-001,Green Basket Market,2025-04-09T17:41:54,ready_on_time,16.9,0,True
ME-30969,ORD-US-30968,M-001,Green Basket Market,2025-04-09T08:25:54,ready_on_time,15.9,0,True
ME-30970,ORD-US-30969,M-002,Crisp & Co.,2025-04-09T17:59:18,ready_on_time,9.3,0,True
ME-30971,ORD-US-30970,M-002,Crisp & Co.,2025-04-09T19:35:12,ready_on_time,15.2,0,True
ME-30972,ORD-US-30971,M-002,Crisp & Co.,2025-04-09T10:34:30,ready_on_time,9.5,0,True
ME-30973,ORD-US-30972,M-004,QuickCare Pharmacy,2025-04-09T11:23:18,ready_on_time,18.3,0,True
ME-30974,ORD-US-30973,M-004,QuickCare Pharmacy,2025-04-09T13:04:30,ready_on_time,14.5,0,True
ME-30975,ORD-US-30974,M-003,Pasta Garden,2025-04-09T09:55:42,ready_on_time,20.7,0,True
ME-30976,ORD-US-30975,M-002,Crisp & Co.,2025-04-09T11:26:12,ready_on_time,11.2,0,True
ME-30977,ORD-US-30976,M-004,QuickCare Pharmacy,2025-04-09T13:30:18,ready_on_time,10.3,0,True
ME-30978,ORD-US-30977,M-002,Crisp & Co.,2025-04-09T20:05:18,ready_on_time,10.3,0,True
ME-30979,ORD-US-30978,M-004,QuickCare Pharmacy,2025-04-09T17:53:12,ready_on_time,8.2,0,True
ME-30980,ORD-US-30979,M-003,Pasta Garden,2025-04-09T14:20:24,ready_on_time,20.4,0,True
ME-30981,ORD-US-30980,M-004,QuickCare Pharmacy,2025-04-09T17:41:24,ready_on_time,16.4,0,True
ME-30982,ORD-US-30981,M-004,QuickCare Pharmacy,2025-04-09T16:38:18,ready_on_time,13.3,0,True
ME-30983,ORD-US-30982,M-003,Pasta Garden,2025-04-09T10:20:12,ready_on_time,10.2,0,True
ME-30984,ORD-US-30983,M-003,Pasta Garden,2025-04-09T15:41:54,ready_on_time,11.9,0,True
ME-30985,ORD-US-30984,M-003,Pasta Garden,2025-04-09T09:43:36,ready_on_time,13.6,0,True
ME-30986,ORD-US-30985,M-003,Pasta Garden,2025-04-09T18:02:54,ready_on_time,12.9,0,True
ME-30987,ORD-US-30986,M-003,Pasta Garden,2025-04-09T11:07:06,ready_on_time,12.1,0,True
ME-30988,ORD-US-30987,M-003,Pasta Garden,2025-04-09T11:14:54,ready_on_time,4.9,0,True
ME-30989,ORD-US-30988,M-004,QuickCare Pharmacy,2025-04-09T17:03:30,ready_on_time,18.5,0,True
ME-30990,ORD-US-30989,M-003,Pasta Garden,2025-04-09T14:18:24,ready_on_time,13.4,0,True
ME-30991,ORD-US-30990,M-001,Green Basket Market,2025-04-09T12:08:06,ready_on_time,18.1,0,True
ME-30992,ORD-US-30991,M-001,Green Basket Market,2025-04-09T20:52:54,ready_on_time,17.9,0,True
ME-30993,ORD-US-30992,M-001,Green Basket Market,2025-04-09T21:13:00,ready_on_time,18.0,0,True
ME-30994,ORD-US-30993,M-003,Pasta Garden,2025-04-09T10:13:00,ready_on_time,18.0,0,True
ME-30995,ORD-US-30994,M-002,Crisp & Co.,2025-04-09T16:34:36,ready_on_time,19.6,0,True
ME-30996,ORD-US-30995,M-001,Green Basket Market,2025-04-09T21:13:12,ready_on_time,18.2,0,True
ME-30997,ORD-US-30996,M-004,QuickCare Pharmacy,2025-04-09T14:01:48,ready_on_time,16.8,0,True
ME-30998,ORD-US-30997,M-004,QuickCare Pharmacy,2025-04-09T13:45:18,ready_on_time,10.3,0,True
ME-30999,ORD-US-30998,M-004,QuickCare Pharmacy,2025-04-09T14:06:54,ready_on_time,11.9,0,True
ME-31000,ORD-US-30999,M-003,Pasta Garden,2025-04-09T12:03:06,ready_on_time,18.1,0,True
ME-31001,ORD-US-31000,M-003,Pasta Garden,2025-04-09T19:55:12,ready_on_time,10.2,0,True
ME-31002,ORD-US-31001,M-003,Pasta Garden,2025-04-09T16:47:00,ready_on_time,17.0,0,True
ME-31003,ORD-US-31002,M-004,QuickCare Pharmacy,2025-04-09T19:31:30,ready_on_time,21.5,0,True
ME-31004,ORD-US-31003,M-003,Pasta Garden,2025-04-09T14:51:54,ready_on_time,11.9,0,True
ME-31005,ORD-US-31004,M-004,QuickCare Pharmacy,2025-04-09T21:03:36,ready_on_time,18.6,0,True
ME-31006,ORD-US-31005,M-001,Green Basket Market,2025-04-09T12:04:18,ready_on_time,14.3,0,True
ME-31007,ORD-US-31006,M-004,QuickCare Pharmacy,2025-04-09T15:54:18,ready_on_time,19.3,0,True
ME-31008,ORD-US-31007,M-007,Home & Handy,2025-04-09T13:25:00,ready_on_time,15.0,0,True
ME-31009,ORD-US-31008,M-005,Corner Table,2025-04-09T10:59:00,ready_on_time,14.0,0,True
ME-31010,ORD-US-31009,M-006,Fresh Roots Grocery,2025-04-09T14:03:12,ready_on_time,13.2,0,True
ME-31011,ORD-US-31010,M-008,Noodle House,2025-04-09T09:47:12,ready_on_time,17.2,0,True
ME-31012,ORD-US-31011,M-006,Fresh Roots Grocery,2025-04-09T17:31:42,ready_on_time,16.7,0,True
ME-31013,ORD-US-31012,M-007,Home & Handy,2025-04-09T10:01:42,ready_on_time,16.7,0,True
ME-31014,ORD-US-31013,M-007,Home & Handy,2025-04-09T11:57:48,ready_on_time,12.8,0,True
ME-31015,ORD-US-31014,M-006,Fresh Roots Grocery,2025-04-09T17:04:30,ready_on_time,19.5,0,True
ME-31016,ORD-US-31015,M-008,Noodle House,2025-04-09T20:05:24,ready_on_time,15.4,0,True
ME-31017,ORD-US-31016,M-006,Fresh Roots Grocery,2025-04-09T18:17:48,ready_on_time,12.8,0,True
ME-31018,ORD-US-31017,M-008,Noodle House,2025-04-09T13:14:36,ready_on_time,9.6,0,True
ME-31019,ORD-US-31018,M-006,Fresh Roots Grocery,2025-04-09T18:40:18,ready_on_time,10.3,0,True
ME-31020,ORD-US-31019,M-007,Home & Handy,2025-04-09T19:40:48,ready_on_time,5.8,0,True
ME-31021,ORD-US-31020,M-008,Noodle House,2025-04-09T12:41:54,ready_on_time,6.9,0,True
ME-31022,ORD-US-31021,M-006,Fresh Roots Grocery,2025-04-09T11:05:18,ready_on_time,20.3,0,True
ME-31023,ORD-US-31022,M-006,Fresh Roots Grocery,2025-04-09T19:39:00,ready_on_time,19.0,0,True
ME-31024,ORD-US-31023,M-007,Home & Handy,2025-04-09T20:39:48,ready_on_time,14.8,0,True
ME-31025,ORD-US-31024,M-005,Corner Table,2025-04-09T08:20:06,ready_on_time,5.1,0,True
ME-31026,ORD-US-31025,M-007,Home & Handy,2025-04-09T15:46:06,ready_on_time,11.1,0,True
ME-31027,ORD-US-31026,M-005,Corner Table,2025-04-09T12:37:00,ready_on_time,12.0,0,True
ME-31028,ORD-US-31027,M-006,Fresh Roots Grocery,2025-04-09T17:52:42,ready_on_time,7.7,0,True
ME-31029,ORD-US-31028,M-005,Corner Table,2025-04-09T13:04:12,ready_on_time,19.2,0,True
ME-31030,ORD-US-31029,M-005,Corner Table,2025-04-09T19:53:54,ready_on_time,13.9,0,True
ME-31031,ORD-US-31030,M-007,Home & Handy,2025-04-09T19:37:06,ready_on_time,17.1,0,True
ME-31032,ORD-US-31031,M-005,Corner Table,2025-04-09T18:26:12,ready_on_time,16.2,0,True
ME-31033,ORD-US-31032,M-008,Noodle House,2025-04-09T11:44:12,ready_on_time,19.2,0,True
ME-31034,ORD-US-31033,M-006,Fresh Roots Grocery,2025-04-09T11:31:12,ready_on_time,16.2,0,True
ME-31035,ORD-US-31034,M-006,Fresh Roots Grocery,2025-04-09T19:05:18,ready_on_time,20.3,0,True
ME-31036,ORD-US-31035,M-007,Home & Handy,2025-04-09T19:29:54,ready_on_time,9.9,0,True
ME-31037,ORD-US-31036,M-008,Noodle House,2025-04-09T17:56:36,ready_on_time,6.6,0,True
ME-31038,ORD-US-31037,M-007,Home & Handy,2025-04-09T14:59:00,ready_on_time,14.0,0,True
ME-31039,ORD-US-31038,M-008,Noodle House,2025-04-09T08:26:42,ready_on_time,11.7,0,True
ME-31040,ORD-US-31039,M-007,Home & Handy,2025-04-09T11:31:00,ready_on_time,16.0,0,True
ME-31041,ORD-US-31040,M-006,Fresh Roots Grocery,2025-04-09T17:00:12,ready_on_time,10.2,0,True
ME-31042,ORD-US-31041,M-006,Fresh Roots Grocery,2025-04-09T21:07:30,ready_on_time,17.5,0,True
ME-31043,ORD-US-31042,M-006,Fresh Roots Grocery,2025-04-09T14:28:42,ready_on_time,8.7,0,True
ME-31044,ORD-US-31043,M-007,Home & Handy,2025-04-09T09:01:54,ready_on_time,16.9,0,True
ME-31045,ORD-US-31044,M-006,Fresh Roots Grocery,2025-04-09T14:54:12,ready_on_time,14.2,0,True
ME-31046,ORD-US-31045,M-006,Fresh Roots Grocery,2025-04-09T12:39:12,ready_on_time,19.2,0,True
ME-31047,ORD-US-31046,M-005,Corner Table,2025-04-09T19:58:54,ready_on_time,18.9,0,True
ME-31048,ORD-US-31047,M-006,Fresh Roots Grocery,2025-04-09T19:12:06,ready_on_time,17.1,0,True
ME-31049,ORD-US-31048,M-008,Noodle House,2025-04-09T14:52:12,ready_on_time,22.2,0,True
ME-31050,ORD-US-31049,M-007,Home & Handy,2025-04-09T11:07:24,ready_on_time,12.4,0,True
ME-31051,ORD-US-31050,M-008,Noodle House,2025-04-09T13:35:42,ready_on_time,15.7,0,True
ME-31052,ORD-US-31051,M-008,Noodle House,2025-04-09T08:36:00,ready_on_time,11.0,0,True
ME-31053,ORD-US-31052,M-011,Wellness Pharmacy,2025-04-09T19:58:48,ready_on_time,18.8,0,True
ME-31054,ORD-US-31053,M-009,Daily Mart,2025-04-09T16:59:12,ready_on_time,9.2,0,True
ME-31055,ORD-US-31054,M-009,Daily Mart,2025-04-09T11:51:36,ready_on_time,26.6,0,True
ME-31056,ORD-US-31055,M-011,Wellness Pharmacy,2025-04-09T17:39:00,ready_on_time,14.0,0,True
ME-31057,ORD-US-31056,M-011,Wellness Pharmacy,2025-04-09T21:09:36,ready_on_time,14.6,0,True
ME-31058,ORD-US-31057,M-010,Burger District,2025-04-09T13:00:42,ready_on_time,15.7,0,True
ME-31059,ORD-US-31058,M-011,Wellness Pharmacy,2025-04-09T20:48:12,ready_on_time,13.2,0,True
ME-31060,ORD-US-31059,M-009,Daily Mart,2025-04-09T09:06:30,ready_on_time,6.5,0,True
ME-31061,ORD-US-31060,M-012,Tech Stop,2025-04-09T11:12:24,ready_on_time,12.4,0,True
ME-31062,ORD-US-31061,M-011,Wellness Pharmacy,2025-04-09T08:12:24,ready_on_time,7.4,0,True
ME-31063,ORD-US-31062,M-009,Daily Mart,2025-04-09T12:45:24,ready_on_time,15.4,0,True
ME-31064,ORD-US-31063,M-009,Daily Mart,2025-04-09T20:12:24,ready_on_time,17.4,0,True
ME-31065,ORD-US-31064,M-009,Daily Mart,2025-04-09T09:03:48,ready_on_time,13.8,0,True
ME-31066,ORD-US-31065,M-009,Daily Mart,2025-04-09T09:24:12,ready_on_time,14.2,0,True
ME-31067,ORD-US-31066,M-012,Tech Stop,2025-04-09T13:11:30,ready_on_time,16.5,0,True
ME-31068,ORD-US-31067,M-009,Daily Mart,2025-04-09T20:01:00,ready_on_time,16.0,0,True
ME-31069,ORD-US-31068,M-009,Daily Mart,2025-04-09T21:14:54,ready_on_time,19.9,0,True
ME-31070,ORD-US-31069,M-009,Daily Mart,2025-04-09T15:05:06,ready_on_time,10.1,0,True
ME-31071,ORD-US-31070,M-012,Tech Stop,2025-04-09T17:26:24,ready_on_time,21.4,0,True
ME-31072,ORD-US-31071,M-011,Wellness Pharmacy,2025-04-09T10:53:12,ready_on_time,13.2,0,True
ME-31073,ORD-US-31072,M-012,Tech Stop,2025-04-09T16:11:18,ready_on_time,16.3,0,True
ME-31074,ORD-US-31073,M-009,Daily Mart,2025-04-09T11:18:18,ready_on_time,13.3,0,True
ME-31075,ORD-US-31074,M-009,Daily Mart,2025-04-09T14:22:06,ready_on_time,17.1,0,True
ME-31076,ORD-US-31075,M-012,Tech Stop,2025-04-09T13:12:06,ready_on_time,12.1,0,True
ME-31077,ORD-US-31076,M-010,Burger District,2025-04-09T12:03:36,ready_on_time,13.6,0,True
ME-31078,ORD-US-31077,M-009,Daily Mart,2025-04-09T11:21:42,ready_on_time,26.7,0,True
ME-31079,ORD-US-31078,M-011,Wellness Pharmacy,2025-04-09T20:16:42,ready_on_time,11.7,0,True
ME-31080,ORD-US-31079,M-012,Tech Stop,2025-04-09T11:25:30,ready_on_time,15.5,0,True
ME-31081,ORD-US-31080,M-011,Wellness Pharmacy,2025-04-09T09:44:42,ready_on_time,14.7,0,True
ME-31082,ORD-US-31081,M-011,Wellness Pharmacy,2025-04-09T17:09:00,ready_on_time,19.0,0,True
ME-31083,ORD-US-31082,M-011,Wellness Pharmacy,2025-04-09T16:23:18,ready_on_time,8.3,0,True
ME-31084,ORD-US-31083,M-012,Tech Stop,2025-04-09T19:54:06,ready_on_time,9.1,0,True
ME-31085,ORD-US-31084,M-009,Daily Mart,2025-04-09T14:35:36,ready_on_time,10.6,0,True
ME-31086,ORD-US-31085,M-009,Daily Mart,2025-04-09T15:12:12,ready_on_time,7.2,0,True
ME-31087,ORD-US-31086,M-009,Daily Mart,2025-04-09T13:39:30,ready_on_time,14.5,0,True
ME-31088,ORD-US-31087,M-011,Wellness Pharmacy,2025-04-09T13:48:48,ready_on_time,13.8,0,True
ME-31089,ORD-US-31088,M-009,Daily Mart,2025-04-09T14:27:36,ready_on_time,7.6,0,True
ME-31090,ORD-US-31089,M-009,Daily Mart,2025-04-09T16:37:06,ready_on_time,12.1,0,True
ME-31091,ORD-US-31090,M-010,Burger District,2025-04-09T18:21:42,ready_on_time,16.7,0,True
ME-31092,ORD-US-31091,M-002,Crisp & Co.,2025-04-10T16:54:00,ready_on_time,19.0,0,True
ME-31093,ORD-US-31092,M-002,Crisp & Co.,2025-04-10T19:25:12,ready_on_time,10.2,0,True
ME-31094,ORD-US-31093,M-002,Crisp & Co.,2025-04-10T09:12:48,ready_on_time,12.8,0,True
ME-31095,ORD-US-31094,M-004,QuickCare Pharmacy,2025-04-10T10:30:06,ready_on_time,15.1,0,True
ME-31096,ORD-US-31095,M-001,Green Basket Market,2025-04-10T17:36:06,ready_on_time,16.1,0,True
ME-31097,ORD-US-31096,M-001,Green Basket Market,2025-04-10T18:11:42,ready_on_time,16.7,0,True
ME-31098,ORD-US-31097,M-001,Green Basket Market,2025-04-10T13:16:54,ready_on_time,16.9,0,True
ME-31099,ORD-US-31098,M-001,Green Basket Market,2025-04-10T19:34:42,ready_on_time,19.7,0,True
ME-31100,ORD-US-31099,M-003,Pasta Garden,2025-04-10T21:06:48,ready_on_time,16.8,0,True
ME-31101,ORD-US-31100,M-003,Pasta Garden,2025-04-10T15:06:42,ready_on_time,16.7,0,True
ME-31102,ORD-US-31101,M-003,Pasta Garden,2025-04-10T18:20:12,ready_on_time,10.2,0,True
ME-31103,ORD-US-31102,M-001,Green Basket Market,2025-04-10T12:48:48,ready_on_time,18.8,0,True
ME-31104,ORD-US-31103,M-001,Green Basket Market,2025-04-10T18:58:24,ready_on_time,13.4,0,True
ME-31105,ORD-US-31104,M-004,QuickCare Pharmacy,2025-04-10T13:56:54,ready_on_time,11.9,0,True
ME-31106,ORD-US-31105,M-003,Pasta Garden,2025-04-10T19:59:30,ready_on_time,9.5,0,True
ME-31107,ORD-US-31106,M-004,QuickCare Pharmacy,2025-04-10T18:10:42,ready_on_time,20.7,0,True
ME-31108,ORD-US-31107,M-004,QuickCare Pharmacy,2025-04-10T08:27:54,ready_on_time,17.9,0,True
ME-31109,ORD-US-31108,M-004,QuickCare Pharmacy,2025-04-10T09:28:30,ready_on_time,18.5,0,True
ME-31110,ORD-US-31109,M-001,Green Basket Market,2025-04-10T08:38:12,ready_on_time,13.2,0,True
ME-31111,ORD-US-31110,M-001,Green Basket Market,2025-04-10T18:21:06,ready_on_time,11.1,0,True
ME-31112,ORD-US-31111,M-003,Pasta Garden,2025-04-10T08:26:06,ready_on_time,6.1,0,True
ME-31113,ORD-US-31112,M-003,Pasta Garden,2025-04-10T19:19:54,ready_on_time,14.9,0,True
ME-31114,ORD-US-31113,M-004,QuickCare Pharmacy,2025-04-10T20:56:48,ready_on_time,16.8,0,True
ME-31115,ORD-US-31114,M-003,Pasta Garden,2025-04-10T19:36:12,ready_on_time,11.2,0,True
ME-31116,ORD-US-31115,M-003,Pasta Garden,2025-04-10T10:44:24,ready_on_time,9.4,0,True
ME-31117,ORD-US-31116,M-002,Crisp & Co.,2025-04-10T14:15:00,ready_on_time,15.0,0,True
ME-31118,ORD-US-31117,M-004,QuickCare Pharmacy,2025-04-10T11:47:54,ready_on_time,12.9,0,True
ME-31119,ORD-US-31118,M-003,Pasta Garden,2025-04-10T12:10:18,ready_on_time,15.3,0,True
ME-31120,ORD-US-31119,M-003,Pasta Garden,2025-04-10T09:43:36,ready_on_time,18.6,0,True
ME-31121,ORD-US-31120,M-004,QuickCare Pharmacy,2025-04-10T14:49:42,ready_on_time,9.7,0,True
ME-31122,ORD-US-31121,M-004,QuickCare Pharmacy,2025-04-10T11:29:30,ready_on_time,14.5,0,True
ME-31123,ORD-US-31122,M-002,Crisp & Co.,2025-04-10T15:10:54,ready_on_time,15.9,0,True
ME-31124,ORD-US-31123,M-002,Crisp & Co.,2025-04-10T08:49:48,ready_on_time,14.8,0,True
ME-31125,ORD-US-31124,M-003,Pasta Garden,2025-04-10T17:26:00,ready_on_time,11.0,0,True
ME-31126,ORD-US-31125,M-004,QuickCare Pharmacy,2025-04-10T13:43:00,ready_on_time,8.0,0,True
ME-31127,ORD-US-31126,M-003,Pasta Garden,2025-04-10T09:41:06,ready_on_time,6.1,0,True
ME-31128,ORD-US-31127,M-004,QuickCare Pharmacy,2025-04-10T11:20:18,ready_on_time,10.3,0,True
ME-31129,ORD-US-31128,M-003,Pasta Garden,2025-04-10T19:57:00,ready_on_time,7.0,0,True
ME-31130,ORD-US-31129,M-004,QuickCare Pharmacy,2025-04-10T17:03:36,ready_on_time,8.6,0,True
ME-31131,ORD-US-31130,M-001,Green Basket Market,2025-04-10T15:50:54,ready_on_time,10.9,0,True
ME-31132,ORD-US-31131,M-003,Pasta Garden,2025-04-10T16:42:06,ready_on_time,12.1,0,True
ME-31133,ORD-US-31132,M-001,Green Basket Market,2025-04-10T15:14:18,ready_on_time,14.3,0,True
ME-31134,ORD-US-31133,M-005,Corner Table,2025-04-10T20:28:48,ready_on_time,8.8,0,True
ME-31135,ORD-US-31134,M-005,Corner Table,2025-04-10T13:43:30,ready_on_time,13.5,0,True
ME-31136,ORD-US-31135,M-007,Home & Handy,2025-04-10T12:39:12,ready_on_time,9.2,0,True
ME-31137,ORD-US-31136,M-007,Home & Handy,2025-04-10T14:50:42,ready_on_time,15.7,0,True
ME-31138,ORD-US-31137,M-006,Fresh Roots Grocery,2025-04-10T11:30:06,ready_on_time,20.1,0,True
ME-31139,ORD-US-31138,M-006,Fresh Roots Grocery,2025-04-10T11:44:30,ready_on_time,19.5,0,True
ME-31140,ORD-US-31139,M-007,Home & Handy,2025-04-10T09:36:30,ready_on_time,16.5,0,True
ME-31141,ORD-US-31140,M-008,Noodle House,2025-04-10T18:55:48,ready_on_time,15.8,0,True
ME-31142,ORD-US-31141,M-007,Home & Handy,2025-04-10T18:14:36,ready_on_time,14.6,0,True
ME-31143,ORD-US-31142,M-005,Corner Table,2025-04-10T16:40:24,ready_on_time,15.4,0,True
ME-31144,ORD-US-31143,M-007,Home & Handy,2025-04-10T16:32:54,ready_on_time,7.9,0,True
ME-31145,ORD-US-31144,M-007,Home & Handy,2025-04-10T20:50:12,ready_on_time,10.2,0,True
ME-31146,ORD-US-31145,M-008,Noodle House,2025-04-10T20:40:30,ready_on_time,20.5,0,True
ME-31147,ORD-US-31146,M-007,Home & Handy,2025-04-10T10:45:00,ready_on_time,10.0,0,True
ME-31148,ORD-US-31147,M-005,Corner Table,2025-04-10T18:09:48,ready_on_time,14.8,0,True
ME-31149,ORD-US-31148,M-006,Fresh Roots Grocery,2025-04-10T17:25:00,ready_on_time,10.0,0,True
ME-31150,ORD-US-31149,M-005,Corner Table,2025-04-10T16:44:42,ready_on_time,9.7,0,True
ME-31151,ORD-US-31150,M-007,Home & Handy,2025-04-10T10:31:36,ready_on_time,11.6,0,True
ME-31152,ORD-US-31151,M-008,Noodle House,2025-04-10T17:32:30,ready_on_time,12.5,0,True
ME-31153,ORD-US-31152,M-007,Home & Handy,2025-04-10T14:19:12,ready_on_time,9.2,0,True
ME-31154,ORD-US-31153,M-006,Fresh Roots Grocery,2025-04-10T20:00:18,ready_on_time,10.3,0,True
ME-31155,ORD-US-31154,M-006,Fresh Roots Grocery,2025-04-10T20:06:06,ready_on_time,11.1,0,True
ME-31156,ORD-US-31155,M-005,Corner Table,2025-04-10T08:42:42,ready_on_time,22.7,0,True
ME-31157,ORD-US-31156,M-005,Corner Table,2025-04-10T17:03:00,ready_on_time,13.0,0,True
ME-31158,ORD-US-31157,M-007,Home & Handy,2025-04-10T08:36:48,ready_on_time,16.8,0,True
ME-31159,ORD-US-31158,M-008,Noodle House,2025-04-10T20:18:18,ready_on_time,13.3,0,True
ME-31160,ORD-US-31159,M-005,Corner Table,2025-04-10T12:23:12,ready_on_time,18.2,0,True
ME-31161,ORD-US-31160,M-007,Home & Handy,2025-04-10T15:20:06,ready_on_time,10.1,0,True
ME-31162,ORD-US-31161,M-008,Noodle House,2025-04-10T14:41:24,ready_on_time,11.4,0,True
ME-31163,ORD-US-31162,M-006,Fresh Roots Grocery,2025-04-10T18:42:00,ready_on_time,12.0,0,True
ME-31164,ORD-US-31163,M-007,Home & Handy,2025-04-10T16:52:00,ready_on_time,12.0,0,True
ME-31165,ORD-US-31164,M-008,Noodle House,2025-04-10T18:59:18,ready_on_time,14.3,0,True
ME-31166,ORD-US-31165,M-007,Home & Handy,2025-04-10T16:33:36,ready_on_time,8.6,0,True
ME-31167,ORD-US-31166,M-008,Noodle House,2025-04-10T13:47:42,ready_on_time,12.7,0,True
ME-31168,ORD-US-31167,M-006,Fresh Roots Grocery,2025-04-10T09:35:30,ready_on_time,15.5,0,True
ME-31169,ORD-US-31168,M-006,Fresh Roots Grocery,2025-04-10T14:44:12,ready_on_time,19.2,0,True
ME-31170,ORD-US-31169,M-007,Home & Handy,2025-04-10T09:25:00,ready_on_time,20.0,0,True
ME-31171,ORD-US-31170,M-006,Fresh Roots Grocery,2025-04-10T09:48:36,ready_on_time,13.6,0,True
ME-31172,ORD-US-31171,M-008,Noodle House,2025-04-10T12:02:12,ready_on_time,17.2,0,True
ME-31173,ORD-US-31172,M-005,Corner Table,2025-04-10T17:45:06,ready_on_time,15.1,0,True
ME-31174,ORD-US-31173,M-007,Home & Handy,2025-04-10T09:40:24,ready_on_time,5.4,0,True
ME-31175,ORD-US-31174,M-005,Corner Table,2025-04-10T16:09:30,ready_on_time,9.5,0,True
ME-31176,ORD-US-31175,M-006,Fresh Roots Grocery,2025-04-10T12:32:54,ready_on_time,17.9,0,True
ME-31177,ORD-US-31176,M-006,Fresh Roots Grocery,2025-04-10T15:02:36,ready_on_time,12.6,0,True
ME-31178,ORD-US-31177,M-005,Corner Table,2025-04-10T17:22:18,ready_on_time,12.3,0,True
ME-31179,ORD-US-31178,M-012,Tech Stop,2025-04-10T18:21:36,ready_on_time,16.6,0,True
ME-31180,ORD-US-31179,M-012,Tech Stop,2025-04-10T15:45:00,ready_on_time,10.0,0,True
ME-31181,ORD-US-31180,M-011,Wellness Pharmacy,2025-04-10T15:18:42,ready_on_time,8.7,0,True
ME-31182,ORD-US-31181,M-009,Daily Mart,2025-04-10T14:07:12,ready_on_time,12.2,0,True
ME-31183,ORD-US-31182,M-009,Daily Mart,2025-04-10T21:00:36,ready_on_time,15.6,0,True
ME-31184,ORD-US-31183,M-010,Burger District,2025-04-10T18:23:06,ready_on_time,18.1,0,True
ME-31185,ORD-US-31184,M-012,Tech Stop,2025-04-10T18:30:00,ready_on_time,10.0,0,True
ME-31186,ORD-US-31185,M-011,Wellness Pharmacy,2025-04-10T10:34:30,ready_on_time,14.5,0,True
ME-31187,ORD-US-31186,M-010,Burger District,2025-04-10T12:41:12,ready_on_time,16.2,0,True
ME-31188,ORD-US-31187,M-011,Wellness Pharmacy,2025-04-10T13:20:30,ready_on_time,15.5,0,True
ME-31189,ORD-US-31188,M-011,Wellness Pharmacy,2025-04-10T08:16:54,ready_on_time,16.9,0,True
ME-31190,ORD-US-31189,M-010,Burger District,2025-04-10T18:18:24,ready_on_time,13.4,0,True
ME-31191,ORD-US-31190,M-011,Wellness Pharmacy,2025-04-10T11:14:30,ready_on_time,14.5,0,True
ME-31192,ORD-US-31191,M-009,Daily Mart,2025-04-10T15:39:36,ready_on_time,19.6,0,True
ME-31193,ORD-US-31192,M-011,Wellness Pharmacy,2025-04-10T12:56:06,ready_on_time,11.1,0,True
ME-31194,ORD-US-31193,M-011,Wellness Pharmacy,2025-04-10T12:30:24,ready_on_time,15.4,0,True
ME-31195,ORD-US-31194,M-010,Burger District,2025-04-10T12:47:18,ready_on_time,12.3,0,True
ME-31196,ORD-US-31195,M-011,Wellness Pharmacy,2025-04-10T20:28:48,ready_on_time,13.8,0,True
ME-31197,ORD-US-31196,M-010,Burger District,2025-04-10T11:01:24,ready_on_time,11.4,0,True
ME-31198,ORD-US-31197,M-009,Daily Mart,2025-04-10T18:55:42,ready_on_time,15.7,0,True
ME-31199,ORD-US-31198,M-010,Burger District,2025-04-10T14:10:18,ready_on_time,20.3,0,True
ME-31200,ORD-US-31199,M-011,Wellness Pharmacy,2025-04-10T17:13:54,ready_on_time,8.9,0,True
ME-31201,ORD-US-31200,M-012,Tech Stop,2025-04-10T11:21:00,ready_on_time,16.0,0,True
ME-31202,ORD-US-31201,M-011,Wellness Pharmacy,2025-04-10T09:46:06,ready_on_time,11.1,0,True
ME-31203,ORD-US-31202,M-009,Daily Mart,2025-04-10T17:53:24,ready_on_time,8.4,0,True
ME-31204,ORD-US-31203,M-012,Tech Stop,2025-04-10T08:23:48,ready_on_time,8.8,0,True
ME-31205,ORD-US-31204,M-009,Daily Mart,2025-04-10T19:50:06,ready_on_time,15.1,0,True
ME-31206,ORD-US-31205,M-010,Burger District,2025-04-10T13:25:36,ready_on_time,10.6,0,True
ME-31207,ORD-US-31206,M-011,Wellness Pharmacy,2025-04-10T12:38:24,ready_on_time,13.4,0,True
ME-31208,ORD-US-31207,M-011,Wellness Pharmacy,2025-04-10T19:14:00,ready_on_time,19.0,0,True
ME-31209,ORD-US-31208,M-010,Burger District,2025-04-10T13:39:48,ready_on_time,9.8,0,True
ME-31210,ORD-US-31209,M-012,Tech Stop,2025-04-10T19:04:24,ready_on_time,19.4,0,True
ME-31211,ORD-US-31210,M-009,Daily Mart,2025-04-10T11:11:06,ready_on_time,21.1,0,True
ME-31212,ORD-US-31211,M-012,Tech Stop,2025-04-10T11:40:48,ready_on_time,15.8,0,True
ME-31213,ORD-US-31212,M-012,Tech Stop,2025-04-10T14:41:30,ready_on_time,6.5,0,True
ME-31214,ORD-US-31213,M-011,Wellness Pharmacy,2025-04-10T19:07:42,ready_on_time,12.7,0,True
ME-31215,ORD-US-31214,M-009,Daily Mart,2025-04-10T19:48:00,ready_on_time,18.0,0,True
ME-31216,ORD-US-31215,M-009,Daily Mart,2025-04-10T13:09:42,ready_on_time,14.7,0,True
ME-31217,ORD-US-31216,M-009,Daily Mart,2025-04-10T09:29:30,ready_on_time,14.5,0,True
ME-31218,ORD-US-31217,M-012,Tech Stop,2025-04-10T12:35:48,ready_on_time,15.8,0,True
ME-31219,ORD-US-31218,M-009,Daily Mart,2025-04-10T17:22:48,ready_on_time,17.8,0,True
ME-31220,ORD-US-31219,M-011,Wellness Pharmacy,2025-04-10T10:34:06,ready_on_time,14.1,0,True
ME-31221,ORD-US-31220,M-009,Daily Mart,2025-04-10T19:27:00,ready_on_time,12.0,0,True
ME-31222,ORD-US-31221,M-011,Wellness Pharmacy,2025-04-10T11:31:42,ready_on_time,11.7,0,True
ME-31223,ORD-US-31222,M-009,Daily Mart,2025-04-10T11:24:36,ready_on_time,14.6,0,True
ME-31224,ORD-US-31223,M-002,Crisp & Co.,2025-04-11T13:01:30,ready_on_time,11.5,0,True
ME-31225,ORD-US-31224,M-001,Green Basket Market,2025-04-11T09:27:48,ready_on_time,12.8,0,True
ME-31226,ORD-US-31225,M-003,Pasta Garden,2025-04-11T15:11:48,ready_on_time,21.8,0,True
ME-31227,ORD-US-31226,M-003,Pasta Garden,2025-04-11T10:49:06,ready_on_time,14.1,0,True
ME-31228,ORD-US-31227,M-004,QuickCare Pharmacy,2025-04-11T08:23:54,ready_on_time,23.9,0,True
ME-31229,ORD-US-31228,M-004,QuickCare Pharmacy,2025-04-11T17:43:06,ready_on_time,13.1,0,True
ME-31230,ORD-US-31229,M-004,QuickCare Pharmacy,2025-04-11T16:16:18,ready_on_time,11.3,0,True
ME-31231,ORD-US-31230,M-004,QuickCare Pharmacy,2025-04-11T14:18:18,ready_on_time,13.3,0,True
ME-31232,ORD-US-31231,M-001,Green Basket Market,2025-04-11T18:31:24,ready_on_time,16.4,0,True
ME-31233,ORD-US-31232,M-004,QuickCare Pharmacy,2025-04-11T16:10:30,ready_on_time,15.5,0,True
ME-31234,ORD-US-31233,M-001,Green Basket Market,2025-04-11T14:43:48,ready_on_time,18.8,0,True
ME-31235,ORD-US-31234,M-004,QuickCare Pharmacy,2025-04-11T17:33:12,ready_on_time,13.2,0,True
ME-31236,ORD-US-31235,M-003,Pasta Garden,2025-04-11T18:50:30,ready_on_time,15.5,0,True
ME-31237,ORD-US-31236,M-003,Pasta Garden,2025-04-11T16:45:00,ready_on_time,15.0,0,True
ME-31238,ORD-US-31237,M-002,Crisp & Co.,2025-04-11T19:36:06,ready_on_time,16.1,0,True
ME-31239,ORD-US-31238,M-002,Crisp & Co.,2025-04-11T17:36:48,ready_on_time,16.8,0,True
ME-31240,ORD-US-31239,M-003,Pasta Garden,2025-04-11T15:57:30,ready_on_time,12.5,0,True
ME-31241,ORD-US-31240,M-004,QuickCare Pharmacy,2025-04-11T16:34:54,ready_on_time,14.9,0,True
ME-31242,ORD-US-31241,M-002,Crisp & Co.,2025-04-11T19:01:54,ready_on_time,16.9,0,True
ME-31243,ORD-US-31242,M-003,Pasta Garden,2025-04-11T12:05:30,ready_on_time,20.5,0,True
ME-31244,ORD-US-31243,M-003,Pasta Garden,2025-04-11T13:00:00,ready_on_time,15.0,0,True
ME-31245,ORD-US-31244,M-002,Crisp & Co.,2025-04-11T17:55:12,ready_on_time,15.2,0,True
ME-31246,ORD-US-31245,M-001,Green Basket Market,2025-04-11T09:01:30,ready_on_time,21.5,0,True
ME-31247,ORD-US-31246,M-002,Crisp & Co.,2025-04-11T10:46:18,ready_on_time,11.3,0,False
ME-31248,ORD-US-31247,M-002,Crisp & Co.,2025-04-11T08:15:06,ready_on_time,10.1,0,True
ME-31249,ORD-US-31248,M-001,Green Basket Market,2025-04-11T09:54:06,ready_on_time,14.1,0,True
ME-31250,ORD-US-31249,M-002,Crisp & Co.,2025-04-11T15:48:54,ready_on_time,18.9,0,True
ME-31251,ORD-US-31250,M-001,Green Basket Market,2025-04-11T10:25:48,ready_on_time,10.8,0,True
ME-31252,ORD-US-31251,M-001,Green Basket Market,2025-04-11T15:31:48,ready_on_time,16.8,0,True
ME-31253,ORD-US-31252,M-002,Crisp & Co.,2025-04-11T13:30:00,ready_on_time,10.0,0,True
ME-31254,ORD-US-31253,M-001,Green Basket Market,2025-04-11T16:23:48,ready_on_time,13.8,0,True
ME-31255,ORD-US-31254,M-004,QuickCare Pharmacy,2025-04-11T12:29:48,ready_on_time,19.8,0,True
ME-31256,ORD-US-31255,M-003,Pasta Garden,2025-04-11T17:58:30,ready_on_time,8.5,0,True
ME-31257,ORD-US-31256,M-002,Crisp & Co.,2025-04-11T15:34:42,ready_on_time,9.7,0,True
ME-31258,ORD-US-31257,M-001,Green Basket Market,2025-04-11T10:50:36,ready_on_time,15.6,0,True
ME-31259,ORD-US-31258,M-003,Pasta Garden,2025-04-11T10:26:00,ready_on_time,11.0,0,True
ME-31260,ORD-US-31259,M-001,Green Basket Market,2025-04-11T17:45:36,ready_on_time,15.6,0,True
ME-31261,ORD-US-31260,M-003,Pasta Garden,2025-04-11T21:07:06,ready_on_time,12.1,0,True
ME-31262,ORD-US-31261,M-003,Pasta Garden,2025-04-11T18:44:24,ready_on_time,14.4,0,True
ME-31263,ORD-US-31262,M-003,Pasta Garden,2025-04-11T12:43:00,ready_on_time,18.0,0,True
ME-31264,ORD-US-31263,M-002,Crisp & Co.,2025-04-11T16:18:30,ready_on_time,23.5,0,True
ME-31265,ORD-US-31264,M-004,QuickCare Pharmacy,2025-04-11T17:13:42,ready_on_time,13.7,0,False
ME-31266,ORD-US-31265,M-001,Green Basket Market,2025-04-11T13:48:36,ready_on_time,8.6,0,True
ME-31267,ORD-US-31266,M-004,QuickCare Pharmacy,2025-04-11T12:24:06,ready_on_time,14.1,0,True
ME-31268,ORD-US-31267,M-003,Pasta Garden,2025-04-11T19:48:12,ready_on_time,13.2,0,True
ME-31269,ORD-US-31268,M-008,Noodle House,2025-04-11T09:50:54,ready_on_time,15.9,0,True
ME-31270,ORD-US-31269,M-005,Corner Table,2025-04-11T16:45:42,ready_on_time,10.7,0,True
ME-31271,ORD-US-31270,M-005,Corner Table,2025-04-11T20:27:06,ready_on_time,17.1,0,True
ME-31272,ORD-US-31271,M-008,Noodle House,2025-04-11T15:02:06,ready_on_time,7.1,0,True
ME-31273,ORD-US-31272,M-006,Fresh Roots Grocery,2025-04-11T12:38:36,ready_on_time,18.6,0,True
ME-31274,ORD-US-31273,M-007,Home & Handy,2025-04-11T16:06:06,ready_on_time,11.1,0,True
ME-31275,ORD-US-31274,M-007,Home & Handy,2025-04-11T10:40:36,ready_on_time,10.6,0,True
ME-31276,ORD-US-31275,M-008,Noodle House,2025-04-11T18:44:18,ready_on_time,14.3,0,True
ME-31277,ORD-US-31276,M-007,Home & Handy,2025-04-11T08:59:30,ready_on_time,14.5,0,True
ME-31278,ORD-US-31277,M-005,Corner Table,2025-04-11T17:22:12,ready_on_time,12.2,0,True
ME-31279,ORD-US-31278,M-006,Fresh Roots Grocery,2025-04-11T16:42:18,ready_on_time,17.3,0,True
ME-31280,ORD-US-31279,M-007,Home & Handy,2025-04-11T18:20:36,ready_on_time,10.6,0,True
ME-31281,ORD-US-31280,M-007,Home & Handy,2025-04-11T15:58:36,ready_on_time,18.6,0,True
ME-31282,ORD-US-31281,M-006,Fresh Roots Grocery,2025-04-11T13:55:12,ready_on_time,10.2,0,True
ME-31283,ORD-US-31282,M-008,Noodle House,2025-04-11T10:52:42,ready_on_time,12.7,0,True
ME-31284,ORD-US-31283,M-005,Corner Table,2025-04-11T20:01:30,ready_on_time,16.5,0,True
ME-31285,ORD-US-31284,M-008,Noodle House,2025-04-11T20:58:36,ready_on_time,18.6,0,True
ME-31286,ORD-US-31285,M-006,Fresh Roots Grocery,2025-04-11T09:25:12,ready_on_time,20.2,0,True
ME-31287,ORD-US-31286,M-007,Home & Handy,2025-04-11T20:46:12,ready_on_time,11.2,0,True
ME-31288,ORD-US-31287,M-006,Fresh Roots Grocery,2025-04-11T19:37:00,ready_on_time,7.0,0,True
ME-31289,ORD-US-31288,M-006,Fresh Roots Grocery,2025-04-11T13:53:00,ready_on_time,13.0,0,True
ME-31290,ORD-US-31289,M-006,Fresh Roots Grocery,2025-04-11T17:06:48,ready_on_time,16.8,0,True
ME-31291,ORD-US-31290,M-007,Home & Handy,2025-04-11T11:23:54,ready_on_time,13.9,0,True
ME-31292,ORD-US-31291,M-005,Corner Table,2025-04-11T15:05:00,ready_on_time,10.0,0,True
ME-31293,ORD-US-31292,M-006,Fresh Roots Grocery,2025-04-11T19:30:00,ready_on_time,5.0,0,True
ME-31294,ORD-US-31293,M-008,Noodle House,2025-04-11T13:28:48,ready_on_time,18.8,0,True
ME-31295,ORD-US-31294,M-006,Fresh Roots Grocery,2025-04-11T09:49:54,ready_on_time,9.9,0,True
ME-31296,ORD-US-31295,M-008,Noodle House,2025-04-11T20:47:18,ready_on_time,17.3,0,True
ME-31297,ORD-US-31296,M-007,Home & Handy,2025-04-11T17:29:24,ready_on_time,19.4,0,False
ME-31298,ORD-US-31297,M-008,Noodle House,2025-04-11T17:27:06,ready_on_time,12.1,0,True
ME-31299,ORD-US-31298,M-006,Fresh Roots Grocery,2025-04-11T12:03:36,ready_on_time,13.6,0,True
ME-31300,ORD-US-31299,M-007,Home & Handy,2025-04-11T13:21:00,ready_on_time,11.0,0,True
ME-31301,ORD-US-31300,M-008,Noodle House,2025-04-11T11:21:18,ready_on_time,11.3,0,True
ME-31302,ORD-US-31301,M-007,Home & Handy,2025-04-11T20:40:12,ready_on_time,10.2,0,True
ME-31303,ORD-US-31302,M-007,Home & Handy,2025-04-11T12:04:24,ready_on_time,14.4,0,True
ME-31304,ORD-US-31303,M-005,Corner Table,2025-04-11T10:35:00,ready_on_time,10.0,0,True
ME-31305,ORD-US-31304,M-007,Home & Handy,2025-04-11T13:33:54,ready_on_time,13.9,0,True
ME-31306,ORD-US-31305,M-006,Fresh Roots Grocery,2025-04-11T16:36:48,ready_on_time,16.8,0,True
ME-31307,ORD-US-31306,M-007,Home & Handy,2025-04-11T20:29:24,ready_on_time,14.4,0,True
ME-31308,ORD-US-31307,M-010,Burger District,2025-04-11T19:03:06,ready_on_time,13.1,0,True
ME-31309,ORD-US-31308,M-010,Burger District,2025-04-11T17:43:48,ready_on_time,13.8,0,True
ME-31310,ORD-US-31309,M-009,Daily Mart,2025-04-11T12:00:30,ready_on_time,15.5,0,True
ME-31311,ORD-US-31310,M-012,Tech Stop,2025-04-11T08:58:24,ready_on_time,13.4,0,True
ME-31312,ORD-US-31311,M-009,Daily Mart,2025-04-11T19:31:12,ready_on_time,11.2,0,True
ME-31313,ORD-US-31312,M-009,Daily Mart,2025-04-11T08:38:54,ready_on_time,13.9,0,True
ME-31314,ORD-US-31313,M-010,Burger District,2025-04-11T16:08:48,ready_on_time,13.8,0,True
ME-31315,ORD-US-31314,M-012,Tech Stop,2025-04-11T14:36:06,ready_on_time,16.1,0,True
ME-31316,ORD-US-31315,M-009,Daily Mart,2025-04-11T10:59:36,ready_on_time,19.6,0,True
ME-31317,ORD-US-31316,M-010,Burger District,2025-04-11T10:21:48,ready_on_time,16.8,0,True
ME-31318,ORD-US-31317,M-010,Burger District,2025-04-11T08:37:24,ready_on_time,7.4,0,True
ME-31319,ORD-US-31318,M-009,Daily Mart,2025-04-11T15:51:18,ready_on_time,11.3,0,True
ME-31320,ORD-US-31319,M-011,Wellness Pharmacy,2025-04-11T12:03:24,ready_on_time,18.4,0,True
ME-31321,ORD-US-31320,M-010,Burger District,2025-04-11T11:37:12,ready_on_time,7.2,0,True
ME-31322,ORD-US-31321,M-012,Tech Stop,2025-04-11T09:39:48,ready_on_time,9.8,0,True
ME-31323,ORD-US-31322,M-012,Tech Stop,2025-04-11T08:17:48,ready_on_time,12.8,0,True
ME-31324,ORD-US-31323,M-010,Burger District,2025-04-11T08:35:48,ready_on_time,10.8,0,True
ME-31325,ORD-US-31324,M-012,Tech Stop,2025-04-11T10:50:42,ready_on_time,10.7,0,True
ME-31326,ORD-US-31325,M-009,Daily Mart,2025-04-11T17:30:24,ready_on_time,10.4,0,True
ME-31327,ORD-US-31326,M-010,Burger District,2025-04-11T17:10:06,ready_on_time,20.1,0,True
ME-31328,ORD-US-31327,M-009,Daily Mart,2025-04-11T13:36:36,ready_on_time,16.6,0,True
ME-31329,ORD-US-31328,M-009,Daily Mart,2025-04-11T18:32:48,ready_on_time,17.8,0,True
ME-31330,ORD-US-31329,M-010,Burger District,2025-04-11T20:22:18,ready_on_time,22.3,0,True
ME-31331,ORD-US-31330,M-009,Daily Mart,2025-04-11T13:49:30,ready_on_time,14.5,0,True
ME-31332,ORD-US-31331,M-010,Burger District,2025-04-11T17:07:18,ready_on_time,17.3,0,True
ME-31333,ORD-US-31332,M-010,Burger District,2025-04-11T15:14:06,ready_on_time,9.1,0,True
ME-31334,ORD-US-31333,M-010,Burger District,2025-04-11T16:36:12,ready_on_time,11.2,0,True
ME-31335,ORD-US-31334,M-009,Daily Mart,2025-04-11T18:08:06,ready_on_time,18.1,0,True
ME-31336,ORD-US-31335,M-009,Daily Mart,2025-04-11T10:12:42,ready_on_time,12.7,0,True
ME-31337,ORD-US-31336,M-009,Daily Mart,2025-04-11T11:01:42,ready_on_time,11.7,0,True
ME-31338,ORD-US-31337,M-010,Burger District,2025-04-11T11:34:00,ready_on_time,19.0,0,True
ME-31339,ORD-US-31338,M-012,Tech Stop,2025-04-11T12:08:06,ready_on_time,18.1,0,True
ME-31340,ORD-US-31339,M-011,Wellness Pharmacy,2025-04-11T12:34:42,ready_on_time,19.7,0,True
ME-31341,ORD-US-31340,M-012,Tech Stop,2025-04-11T14:21:54,ready_on_time,16.9,0,True
ME-31342,ORD-US-31341,M-011,Wellness Pharmacy,2025-04-11T17:26:06,ready_on_time,11.1,0,True
ME-31343,ORD-US-31342,M-010,Burger District,2025-04-11T08:57:42,ready_on_time,22.7,0,True
ME-31344,ORD-US-31343,M-012,Tech Stop,2025-04-11T09:10:06,ready_on_time,10.1,0,True
ME-31345,ORD-US-31344,M-012,Tech Stop,2025-04-11T15:05:54,ready_on_time,10.9,0,True
ME-31346,ORD-US-31345,M-012,Tech Stop,2025-04-11T11:33:36,ready_on_time,13.6,0,True
ME-31347,ORD-US-31346,M-011,Wellness Pharmacy,2025-04-11T13:15:36,ready_on_time,20.6,0,True
ME-31348,ORD-US-31347,M-009,Daily Mart,2025-04-11T18:36:06,ready_on_time,11.1,0,True
ME-31349,ORD-US-31348,M-009,Daily Mart,2025-04-11T09:52:18,ready_on_time,7.3,0,True
ME-31350,ORD-US-31349,M-004,QuickCare Pharmacy,2025-04-12T16:17:00,ready_on_time,17.0,0,True
ME-31351,ORD-US-31350,M-001,Green Basket Market,2025-04-12T11:40:36,ready_on_time,10.6,0,True
ME-31352,ORD-US-31351,M-003,Pasta Garden,2025-04-12T20:16:00,ready_on_time,16.0,0,True
ME-31353,ORD-US-31352,M-003,Pasta Garden,2025-04-12T13:33:42,ready_on_time,13.7,0,True
ME-31354,ORD-US-31353,M-004,QuickCare Pharmacy,2025-04-12T14:59:24,ready_on_time,19.4,0,True
ME-31355,ORD-US-31354,M-003,Pasta Garden,2025-04-12T19:59:48,ready_on_time,9.8,0,True
ME-31356,ORD-US-31355,M-002,Crisp & Co.,2025-04-12T09:51:30,ready_on_time,11.5,0,True
ME-31357,ORD-US-31356,M-004,QuickCare Pharmacy,2025-04-12T15:58:12,ready_on_time,18.2,0,True
ME-31358,ORD-US-31357,M-004,QuickCare Pharmacy,2025-04-12T12:08:06,ready_on_time,13.1,0,True
ME-31359,ORD-US-31358,M-001,Green Basket Market,2025-04-12T15:11:12,ready_on_time,16.2,0,True
ME-31360,ORD-US-31359,M-002,Crisp & Co.,2025-04-12T10:21:36,ready_on_time,11.6,0,True
ME-31361,ORD-US-31360,M-001,Green Basket Market,2025-04-12T14:20:36,ready_on_time,20.6,0,True
ME-31362,ORD-US-31361,M-001,Green Basket Market,2025-04-12T10:38:12,ready_on_time,8.2,0,True
ME-31363,ORD-US-31362,M-004,QuickCare Pharmacy,2025-04-12T16:40:36,ready_on_time,15.6,0,True
ME-31364,ORD-US-31363,M-002,Crisp & Co.,2025-04-12T08:11:48,ready_on_time,11.8,0,True
ME-31365,ORD-US-31364,M-003,Pasta Garden,2025-04-12T12:40:00,ready_on_time,10.0,0,True
ME-31366,ORD-US-31365,M-003,Pasta Garden,2025-04-12T09:29:24,ready_on_time,9.4,0,True
ME-31367,ORD-US-31366,M-003,Pasta Garden,2025-04-12T18:45:36,ready_on_time,15.6,0,True
ME-31368,ORD-US-31367,M-003,Pasta Garden,2025-04-12T20:53:30,ready_on_time,18.5,0,True
ME-31369,ORD-US-31368,M-004,QuickCare Pharmacy,2025-04-12T10:17:30,ready_on_time,7.5,0,True
ME-31370,ORD-US-31369,M-001,Green Basket Market,2025-04-12T18:32:42,ready_on_time,12.7,0,True
ME-31371,ORD-US-31370,M-003,Pasta Garden,2025-04-12T16:24:06,ready_on_time,19.1,0,True
ME-31372,ORD-US-31371,M-003,Pasta Garden,2025-04-12T15:41:48,ready_on_time,6.8,0,True
ME-31373,ORD-US-31372,M-002,Crisp & Co.,2025-04-12T09:25:12,ready_on_time,10.2,0,True
ME-31374,ORD-US-31373,M-004,QuickCare Pharmacy,2025-04-12T15:16:54,ready_on_time,11.9,0,True
ME-31375,ORD-US-31374,M-001,Green Basket Market,2025-04-12T17:08:00,ready_on_time,13.0,0,True
ME-31376,ORD-US-31375,M-002,Crisp & Co.,2025-04-12T12:28:30,ready_on_time,8.5,0,True
ME-31377,ORD-US-31376,M-004,QuickCare Pharmacy,2025-04-12T12:22:00,ready_on_time,7.0,0,True
ME-31378,ORD-US-31377,M-004,QuickCare Pharmacy,2025-04-12T18:41:12,ready_on_time,11.2,0,True
ME-31379,ORD-US-31378,M-002,Crisp & Co.,2025-04-12T16:26:48,ready_on_time,16.8,0,True
ME-31380,ORD-US-31379,M-003,Pasta Garden,2025-04-12T11:35:54,ready_on_time,10.9,0,True
ME-31381,ORD-US-31380,M-001,Green Basket Market,2025-04-12T15:14:06,ready_on_time,19.1,0,False
ME-31382,ORD-US-31381,M-003,Pasta Garden,2025-04-12T13:26:36,ready_on_time,16.6,0,True
ME-31383,ORD-US-31382,M-003,Pasta Garden,2025-04-12T11:06:06,ready_on_time,6.1,0,True
ME-31384,ORD-US-31383,M-001,Green Basket Market,2025-04-12T08:12:54,ready_on_time,12.9,0,True
ME-31385,ORD-US-31384,M-003,Pasta Garden,2025-04-12T14:44:00,ready_on_time,9.0,0,True
ME-31386,ORD-US-31385,M-004,QuickCare Pharmacy,2025-04-12T15:33:24,ready_on_time,13.4,0,True
ME-31387,ORD-US-31386,M-002,Crisp & Co.,2025-04-12T08:34:24,ready_on_time,14.4,0,True
ME-31388,ORD-US-31387,M-004,QuickCare Pharmacy,2025-04-12T12:24:18,ready_on_time,9.3,0,True
ME-31389,ORD-US-31388,M-002,Crisp & Co.,2025-04-12T11:52:24,ready_on_time,17.4,0,True
ME-31390,ORD-US-31389,M-001,Green Basket Market,2025-04-12T17:33:24,ready_on_time,13.4,0,True
ME-31391,ORD-US-31390,M-002,Crisp & Co.,2025-04-12T11:35:30,ready_on_time,20.5,0,True
ME-31392,ORD-US-31391,M-001,Green Basket Market,2025-04-12T09:26:42,ready_on_time,11.7,0,True
ME-31393,ORD-US-31392,M-002,Crisp & Co.,2025-04-12T10:54:42,ready_on_time,14.7,0,True
ME-31394,ORD-US-31393,M-008,Noodle House,2025-04-12T11:07:24,ready_on_time,17.4,0,True
ME-31395,ORD-US-31394,M-008,Noodle House,2025-04-12T11:51:00,ready_on_time,11.0,0,True
ME-31396,ORD-US-31395,M-006,Fresh Roots Grocery,2025-04-12T10:50:24,ready_on_time,5.4,0,True
ME-31397,ORD-US-31396,M-005,Corner Table,2025-04-12T11:51:18,ready_on_time,16.3,0,True
ME-31398,ORD-US-31397,M-006,Fresh Roots Grocery,2025-04-12T14:14:12,ready_on_time,9.2,0,True
ME-31399,ORD-US-31398,M-006,Fresh Roots Grocery,2025-04-12T20:23:00,ready_on_time,13.0,0,True
ME-31400,ORD-US-31399,M-005,Corner Table,2025-04-12T12:45:00,ready_on_time,20.0,0,True
ME-31401,ORD-US-31400,M-006,Fresh Roots Grocery,2025-04-12T21:08:06,ready_on_time,13.1,0,True
ME-31402,ORD-US-31401,M-005,Corner Table,2025-04-12T20:36:06,ready_on_time,11.1,0,True
ME-31403,ORD-US-31402,M-007,Home & Handy,2025-04-12T13:16:00,ready_on_time,16.0,0,True
ME-31404,ORD-US-31403,M-005,Corner Table,2025-04-12T13:56:12,ready_on_time,16.2,0,True
ME-31405,ORD-US-31404,M-007,Home & Handy,2025-04-12T13:16:36,ready_on_time,11.6,0,True
ME-31406,ORD-US-31405,M-006,Fresh Roots Grocery,2025-04-12T19:51:30,ready_on_time,11.5,0,True
ME-31407,ORD-US-31406,M-005,Corner Table,2025-04-12T08:22:24,ready_on_time,12.4,0,True
ME-31408,ORD-US-31407,M-006,Fresh Roots Grocery,2025-04-12T20:47:42,ready_on_time,7.7,0,True
ME-31409,ORD-US-31408,M-006,Fresh Roots Grocery,2025-04-12T10:42:12,ready_on_time,7.2,0,True
ME-31410,ORD-US-31409,M-007,Home & Handy,2025-04-12T16:27:36,ready_on_time,12.6,0,True
ME-31411,ORD-US-31410,M-006,Fresh Roots Grocery,2025-04-12T09:43:12,ready_on_time,13.2,0,True
ME-31412,ORD-US-31411,M-007,Home & Handy,2025-04-12T14:03:30,ready_on_time,13.5,0,True
ME-31413,ORD-US-31412,M-007,Home & Handy,2025-04-12T12:47:24,ready_on_time,17.4,0,True
ME-31414,ORD-US-31413,M-006,Fresh Roots Grocery,2025-04-12T12:17:54,ready_on_time,12.9,0,True
ME-31415,ORD-US-31414,M-008,Noodle House,2025-04-12T08:31:12,ready_on_time,16.2,0,True
ME-31416,ORD-US-31415,M-007,Home & Handy,2025-04-12T19:16:24,ready_on_time,11.4,0,True
ME-31417,ORD-US-31416,M-007,Home & Handy,2025-04-12T10:42:42,ready_on_time,7.7,0,True
ME-31418,ORD-US-31417,M-006,Fresh Roots Grocery,2025-04-12T17:57:12,ready_on_time,7.2,0,True
ME-31419,ORD-US-31418,M-006,Fresh Roots Grocery,2025-04-12T11:32:54,ready_on_time,17.9,0,True
ME-31420,ORD-US-31419,M-007,Home & Handy,2025-04-12T19:10:12,ready_on_time,10.2,0,True
ME-31421,ORD-US-31420,M-006,Fresh Roots Grocery,2025-04-12T14:10:54,ready_on_time,15.9,0,True
ME-31422,ORD-US-31421,M-006,Fresh Roots Grocery,2025-04-12T15:51:24,ready_on_time,16.4,0,True
ME-31423,ORD-US-31422,M-007,Home & Handy,2025-04-12T11:25:42,ready_on_time,15.7,0,True
ME-31424,ORD-US-31423,M-008,Noodle House,2025-04-12T11:25:06,ready_on_time,15.1,0,True
ME-31425,ORD-US-31424,M-006,Fresh Roots Grocery,2025-04-12T15:13:36,ready_on_time,13.6,0,True
ME-31426,ORD-US-31425,M-005,Corner Table,2025-04-12T18:24:24,ready_on_time,19.4,0,True
ME-31427,ORD-US-31426,M-007,Home & Handy,2025-04-12T11:00:12,ready_on_time,15.2,0,True
ME-31428,ORD-US-31427,M-007,Home & Handy,2025-04-12T12:55:48,ready_on_time,5.8,0,True
ME-31429,ORD-US-31428,M-005,Corner Table,2025-04-12T18:15:18,ready_on_time,15.3,0,True
ME-31430,ORD-US-31429,M-009,Daily Mart,2025-04-12T19:01:24,ready_on_time,11.4,0,True
ME-31431,ORD-US-31430,M-011,Wellness Pharmacy,2025-04-12T18:20:00,ready_on_time,20.0,0,True
ME-31432,ORD-US-31431,M-012,Tech Stop,2025-04-12T20:25:48,ready_on_time,15.8,0,True
ME-31433,ORD-US-31432,M-010,Burger District,2025-04-12T08:25:18,ready_on_time,10.3,0,True
ME-31434,ORD-US-31433,M-010,Burger District,2025-04-12T19:02:36,ready_on_time,22.6,0,True
ME-31435,ORD-US-31434,M-009,Daily Mart,2025-04-12T18:42:18,ready_on_time,17.3,0,True
ME-31436,ORD-US-31435,M-010,Burger District,2025-04-12T12:37:06,ready_on_time,7.1,0,True
ME-31437,ORD-US-31436,M-009,Daily Mart,2025-04-12T10:08:24,ready_on_time,13.4,0,True
ME-31438,ORD-US-31437,M-012,Tech Stop,2025-04-12T08:34:30,ready_on_time,14.5,0,True
ME-31439,ORD-US-31438,M-012,Tech Stop,2025-04-12T08:31:18,ready_on_time,11.3,0,True
ME-31440,ORD-US-31439,M-012,Tech Stop,2025-04-12T11:00:48,ready_on_time,15.8,0,True
ME-31441,ORD-US-31440,M-010,Burger District,2025-04-12T13:50:06,ready_on_time,20.1,0,True
ME-31442,ORD-US-31441,M-011,Wellness Pharmacy,2025-04-12T12:03:24,ready_on_time,13.4,0,True
ME-31443,ORD-US-31442,M-010,Burger District,2025-04-12T08:28:30,ready_on_time,13.5,0,True
ME-31444,ORD-US-31443,M-010,Burger District,2025-04-12T20:34:36,ready_on_time,14.6,0,True
ME-31445,ORD-US-31444,M-009,Daily Mart,2025-04-12T11:36:18,ready_on_time,11.3,0,True
ME-31446,ORD-US-31445,M-011,Wellness Pharmacy,2025-04-12T14:24:48,ready_on_time,14.8,0,True
ME-31447,ORD-US-31446,M-012,Tech Stop,2025-04-12T13:26:30,ready_on_time,11.5,0,True
ME-31448,ORD-US-31447,M-012,Tech Stop,2025-04-12T19:27:48,ready_on_time,17.8,0,True
ME-31449,ORD-US-31448,M-011,Wellness Pharmacy,2025-04-12T08:39:18,ready_on_time,19.3,0,True
ME-31450,ORD-US-31449,M-012,Tech Stop,2025-04-12T20:54:12,ready_on_time,14.2,0,True
ME-31451,ORD-US-31450,M-012,Tech Stop,2025-04-12T14:54:18,ready_on_time,19.3,0,True
ME-31452,ORD-US-31451,M-009,Daily Mart,2025-04-12T15:39:06,ready_on_time,9.1,0,True
ME-31453,ORD-US-31452,M-009,Daily Mart,2025-04-12T10:40:54,ready_on_time,15.9,0,True
ME-31454,ORD-US-31453,M-011,Wellness Pharmacy,2025-04-12T09:33:00,ready_on_time,8.0,0,True
ME-31455,ORD-US-31454,M-012,Tech Stop,2025-04-12T17:55:36,ready_on_time,15.6,0,True
ME-31456,ORD-US-31455,M-011,Wellness Pharmacy,2025-04-12T15:22:00,ready_on_time,22.0,0,True
ME-31457,ORD-US-31456,M-012,Tech Stop,2025-04-12T12:28:30,ready_on_time,8.5,0,True
ME-31458,ORD-US-31457,M-009,Daily Mart,2025-04-12T16:39:30,ready_on_time,9.5,0,True
ME-31459,ORD-US-31458,M-010,Burger District,2025-04-12T16:43:12,ready_on_time,23.2,0,True
ME-31460,ORD-US-31459,M-009,Daily Mart,2025-04-12T21:01:12,ready_on_time,16.2,0,True
ME-31461,ORD-US-31460,M-010,Burger District,2025-04-12T09:24:42,ready_on_time,14.7,0,True
ME-31462,ORD-US-31461,M-009,Daily Mart,2025-04-12T13:53:48,ready_on_time,8.8,0,True
ME-31463,ORD-US-31462,M-010,Burger District,2025-04-12T09:30:36,ready_on_time,15.6,0,True
ME-31464,ORD-US-31463,M-012,Tech Stop,2025-04-12T14:32:00,ready_on_time,22.0,0,True
ME-31465,ORD-US-31464,M-012,Tech Stop,2025-04-12T15:22:06,ready_on_time,12.1,0,True
ME-31466,ORD-US-31465,M-011,Wellness Pharmacy,2025-04-12T11:36:54,ready_on_time,11.9,0,True
ME-31467,ORD-US-31466,M-010,Burger District,2025-04-12T11:56:12,ready_on_time,11.2,0,True
ME-31468,ORD-US-31467,M-012,Tech Stop,2025-04-12T09:56:00,ready_on_time,16.0,0,True
ME-31469,ORD-US-31468,M-004,QuickCare Pharmacy,2025-04-13T16:33:06,ready_on_time,8.1,0,True
ME-31470,ORD-US-31469,M-004,QuickCare Pharmacy,2025-04-13T18:04:00,ready_on_time,24.0,0,True
ME-31471,ORD-US-31470,M-003,Pasta Garden,2025-04-13T15:18:06,ready_on_time,13.1,0,True
ME-31472,ORD-US-31471,M-002,Crisp & Co.,2025-04-13T09:22:12,ready_on_time,7.2,0,True
ME-31473,ORD-US-31472,M-004,QuickCare Pharmacy,2025-04-13T18:53:06,ready_on_time,13.1,0,True
ME-31474,ORD-US-31473,M-003,Pasta Garden,2025-04-13T14:00:06,ready_on_time,15.1,0,True
ME-31475,ORD-US-31474,M-002,Crisp & Co.,2025-04-13T17:54:36,ready_on_time,14.6,0,True
ME-31476,ORD-US-31475,M-003,Pasta Garden,2025-04-13T12:19:18,ready_on_time,14.3,0,True
ME-31477,ORD-US-31476,M-003,Pasta Garden,2025-04-13T12:21:42,ready_on_time,11.7,0,True
ME-31478,ORD-US-31477,M-003,Pasta Garden,2025-04-13T17:18:54,ready_on_time,8.9,0,True
ME-31479,ORD-US-31478,M-001,Green Basket Market,2025-04-13T18:41:54,ready_on_time,11.9,0,True
ME-31480,ORD-US-31479,M-003,Pasta Garden,2025-04-13T08:54:54,ready_on_time,4.9,0,True
ME-31481,ORD-US-31480,M-004,QuickCare Pharmacy,2025-04-13T14:05:18,ready_on_time,15.3,0,True
ME-31482,ORD-US-31481,M-003,Pasta Garden,2025-04-13T20:11:06,ready_on_time,16.1,0,True
ME-31483,ORD-US-31482,M-002,Crisp & Co.,2025-04-13T13:21:42,ready_on_time,16.7,0,True
ME-31484,ORD-US-31483,M-003,Pasta Garden,2025-04-13T08:19:06,ready_on_time,19.1,0,True
ME-31485,ORD-US-31484,M-003,Pasta Garden,2025-04-13T20:39:54,ready_on_time,9.9,0,True
ME-31486,ORD-US-31485,M-001,Green Basket Market,2025-04-13T08:18:48,ready_on_time,13.8,0,True
ME-31487,ORD-US-31486,M-003,Pasta Garden,2025-04-13T16:18:00,ready_on_time,13.0,0,True
ME-31488,ORD-US-31487,M-003,Pasta Garden,2025-04-13T19:53:42,ready_on_time,13.7,0,True
ME-31489,ORD-US-31488,M-003,Pasta Garden,2025-04-13T15:55:12,ready_on_time,10.2,0,True
ME-31490,ORD-US-31489,M-003,Pasta Garden,2025-04-13T19:01:54,ready_on_time,11.9,0,True
ME-31491,ORD-US-31490,M-003,Pasta Garden,2025-04-13T09:20:24,ready_on_time,15.4,0,True
ME-31492,ORD-US-31491,M-004,QuickCare Pharmacy,2025-04-13T10:12:24,ready_on_time,17.4,0,True
ME-31493,ORD-US-31492,M-003,Pasta Garden,2025-04-13T10:30:18,ready_on_time,10.3,0,True
ME-31494,ORD-US-31493,M-002,Crisp & Co.,2025-04-13T09:33:24,ready_on_time,13.4,0,True
ME-31495,ORD-US-31494,M-004,QuickCare Pharmacy,2025-04-13T17:56:24,ready_on_time,11.4,0,True
ME-31496,ORD-US-31495,M-003,Pasta Garden,2025-04-13T12:49:00,ready_on_time,19.0,0,True
ME-31497,ORD-US-31496,M-001,Green Basket Market,2025-04-13T17:06:00,ready_on_time,11.0,0,True
ME-31498,ORD-US-31497,M-001,Green Basket Market,2025-04-13T15:01:12,ready_on_time,16.2,0,True
ME-31499,ORD-US-31498,M-004,QuickCare Pharmacy,2025-04-13T16:55:36,ready_on_time,15.6,0,True
ME-31500,ORD-US-31499,M-003,Pasta Garden,2025-04-13T11:57:18,ready_on_time,12.3,0,True
ME-31501,ORD-US-31500,M-002,Crisp & Co.,2025-04-13T11:04:24,ready_on_time,14.4,0,True
ME-31502,ORD-US-31501,M-001,Green Basket Market,2025-04-13T20:09:06,ready_on_time,19.1,0,True
ME-31503,ORD-US-31502,M-001,Green Basket Market,2025-04-13T18:54:18,ready_on_time,14.3,0,True
ME-31504,ORD-US-31503,M-002,Crisp & Co.,2025-04-13T17:39:00,ready_on_time,14.0,0,True
ME-31505,ORD-US-31504,M-001,Green Basket Market,2025-04-13T20:41:36,ready_on_time,6.6,0,True
ME-31506,ORD-US-31505,M-004,QuickCare Pharmacy,2025-04-13T17:07:36,ready_on_time,12.6,0,True
ME-31507,ORD-US-31506,M-003,Pasta Garden,2025-04-13T12:41:00,ready_on_time,11.0,0,True
ME-31508,ORD-US-31507,M-002,Crisp & Co.,2025-04-13T18:50:48,ready_on_time,15.8,0,True
ME-31509,ORD-US-31508,M-002,Crisp & Co.,2025-04-13T16:53:48,ready_on_time,13.8,0,True
ME-31510,ORD-US-31509,M-002,Crisp & Co.,2025-04-13T21:06:12,ready_on_time,11.2,0,True
ME-31511,ORD-US-31510,M-002,Crisp & Co.,2025-04-13T16:12:36,ready_on_time,12.6,0,True
ME-31512,ORD-US-31511,M-003,Pasta Garden,2025-04-13T17:41:42,ready_on_time,16.7,0,True
ME-31513,ORD-US-31512,M-008,Noodle House,2025-04-13T20:48:18,ready_on_time,18.3,0,True
ME-31514,ORD-US-31513,M-007,Home & Handy,2025-04-13T11:27:24,ready_on_time,12.4,0,True
ME-31515,ORD-US-31514,M-005,Corner Table,2025-04-13T15:23:48,ready_on_time,13.8,0,True
ME-31516,ORD-US-31515,M-008,Noodle House,2025-04-13T14:01:54,ready_on_time,11.9,0,True
ME-31517,ORD-US-31516,M-005,Corner Table,2025-04-13T18:45:24,ready_on_time,15.4,0,True
ME-31518,ORD-US-31517,M-006,Fresh Roots Grocery,2025-04-13T20:17:12,ready_on_time,22.2,0,True
ME-31519,ORD-US-31518,M-005,Corner Table,2025-04-13T14:07:36,ready_on_time,7.6,0,True
ME-31520,ORD-US-31519,M-007,Home & Handy,2025-04-13T15:42:48,ready_on_time,7.8,0,True
ME-31521,ORD-US-31520,M-008,Noodle House,2025-04-13T09:21:48,ready_on_time,11.8,0,True
ME-31522,ORD-US-31521,M-005,Corner Table,2025-04-13T09:27:30,ready_on_time,17.5,0,True
ME-31523,ORD-US-31522,M-007,Home & Handy,2025-04-13T10:36:06,ready_on_time,11.1,0,True
ME-31524,ORD-US-31523,M-005,Corner Table,2025-04-13T17:52:24,ready_on_time,12.4,0,True
ME-31525,ORD-US-31524,M-008,Noodle House,2025-04-13T14:35:54,ready_on_time,5.9,0,True
ME-31526,ORD-US-31525,M-005,Corner Table,2025-04-13T09:56:36,ready_on_time,11.6,0,True
ME-31527,ORD-US-31526,M-008,Noodle House,2025-04-13T20:04:48,ready_on_time,9.8,0,True
ME-31528,ORD-US-31527,M-005,Corner Table,2025-04-13T20:43:54,ready_on_time,18.9,0,True
ME-31529,ORD-US-31528,M-006,Fresh Roots Grocery,2025-04-13T14:48:00,ready_on_time,18.0,0,True
ME-31530,ORD-US-31529,M-007,Home & Handy,2025-04-13T10:50:36,ready_on_time,10.6,0,True
ME-31531,ORD-US-31530,M-007,Home & Handy,2025-04-13T12:23:24,ready_on_time,18.4,0,True
ME-31532,ORD-US-31531,M-005,Corner Table,2025-04-13T20:21:30,ready_on_time,16.5,0,True
ME-31533,ORD-US-31532,M-008,Noodle House,2025-04-13T10:17:42,ready_on_time,22.7,0,True
ME-31534,ORD-US-31533,M-008,Noodle House,2025-04-13T16:28:18,ready_on_time,13.3,0,True
ME-31535,ORD-US-31534,M-005,Corner Table,2025-04-13T16:37:36,ready_on_time,17.6,0,True
ME-31536,ORD-US-31535,M-005,Corner Table,2025-04-13T13:48:18,ready_on_time,8.3,0,True
ME-31537,ORD-US-31536,M-008,Noodle House,2025-04-13T10:20:54,ready_on_time,5.9,0,True
ME-31538,ORD-US-31537,M-005,Corner Table,2025-04-13T11:58:48,ready_on_time,8.8,0,True
ME-31539,ORD-US-31538,M-006,Fresh Roots Grocery,2025-04-13T20:57:48,ready_on_time,7.8,0,True
ME-31540,ORD-US-31539,M-007,Home & Handy,2025-04-13T18:34:00,ready_on_time,14.0,0,True
ME-31541,ORD-US-31540,M-006,Fresh Roots Grocery,2025-04-13T11:25:54,ready_on_time,20.9,0,True
ME-31542,ORD-US-31541,M-008,Noodle House,2025-04-13T10:15:24,ready_on_time,15.4,0,True
ME-31543,ORD-US-31542,M-008,Noodle House,2025-04-13T17:52:42,ready_on_time,12.7,0,True
ME-31544,ORD-US-31543,M-007,Home & Handy,2025-04-13T18:23:24,ready_on_time,13.4,0,True
ME-31545,ORD-US-31544,M-008,Noodle House,2025-04-13T16:35:48,ready_on_time,10.8,0,True
ME-31546,ORD-US-31545,M-005,Corner Table,2025-04-13T14:06:12,ready_on_time,16.2,0,True
ME-31547,ORD-US-31546,M-006,Fresh Roots Grocery,2025-04-13T15:55:30,ready_on_time,15.5,0,True
ME-31548,ORD-US-31547,M-006,Fresh Roots Grocery,2025-04-13T18:36:36,ready_on_time,11.6,0,True
ME-31549,ORD-US-31548,M-005,Corner Table,2025-04-13T17:23:18,ready_on_time,18.3,0,True
ME-31550,ORD-US-31549,M-007,Home & Handy,2025-04-13T20:43:24,ready_on_time,8.4,0,True
ME-31551,ORD-US-31550,M-005,Corner Table,2025-04-13T13:29:42,ready_on_time,19.7,0,True
ME-31552,ORD-US-31551,M-007,Home & Handy,2025-04-13T10:27:54,ready_on_time,12.9,0,True
ME-31553,ORD-US-31552,M-005,Corner Table,2025-04-13T13:33:06,ready_on_time,18.1,0,True
ME-31554,ORD-US-31553,M-005,Corner Table,2025-04-13T20:54:54,ready_on_time,9.9,0,True
ME-31555,ORD-US-31554,M-005,Corner Table,2025-04-13T10:36:12,ready_on_time,11.2,0,True
ME-31556,ORD-US-31555,M-012,Tech Stop,2025-04-13T10:01:06,ready_on_time,11.1,0,True
ME-31557,ORD-US-31556,M-010,Burger District,2025-04-13T10:52:54,ready_on_time,12.9,0,True
ME-31558,ORD-US-31557,M-010,Burger District,2025-04-13T10:39:06,ready_on_time,14.1,0,True
ME-31559,ORD-US-31558,M-009,Daily Mart,2025-04-13T21:06:00,ready_on_time,11.0,0,True
ME-31560,ORD-US-31559,M-010,Burger District,2025-04-13T08:15:30,ready_on_time,10.5,0,True
ME-31561,ORD-US-31560,M-010,Burger District,2025-04-13T11:21:06,ready_on_time,11.1,0,True
ME-31562,ORD-US-31561,M-010,Burger District,2025-04-13T19:06:42,ready_on_time,16.7,0,True
ME-31563,ORD-US-31562,M-011,Wellness Pharmacy,2025-04-13T20:14:24,ready_on_time,19.4,0,True
ME-31564,ORD-US-31563,M-010,Burger District,2025-04-13T13:57:00,ready_on_time,17.0,0,True
ME-31565,ORD-US-31564,M-012,Tech Stop,2025-04-13T21:05:06,ready_on_time,15.1,0,True
ME-31566,ORD-US-31565,M-011,Wellness Pharmacy,2025-04-13T09:33:42,ready_on_time,13.7,0,True
ME-31567,ORD-US-31566,M-009,Daily Mart,2025-04-13T08:44:12,ready_on_time,14.2,0,True
ME-31568,ORD-US-31567,M-009,Daily Mart,2025-04-13T18:29:00,ready_on_time,9.0,0,True
ME-31569,ORD-US-31568,M-010,Burger District,2025-04-13T10:07:06,ready_on_time,7.1,0,True
ME-31570,ORD-US-31569,M-011,Wellness Pharmacy,2025-04-13T20:57:06,ready_on_time,12.1,0,True
ME-31571,ORD-US-31570,M-012,Tech Stop,2025-04-13T13:59:18,ready_on_time,14.3,0,True
ME-31572,ORD-US-31571,M-011,Wellness Pharmacy,2025-04-13T18:54:06,ready_on_time,9.1,0,True
ME-31573,ORD-US-31572,M-009,Daily Mart,2025-04-13T19:11:00,ready_on_time,11.0,0,True
ME-31574,ORD-US-31573,M-012,Tech Stop,2025-04-13T13:00:24,ready_on_time,20.4,0,True
ME-31575,ORD-US-31574,M-010,Burger District,2025-04-13T10:56:48,ready_on_time,11.8,0,True
ME-31576,ORD-US-31575,M-009,Daily Mart,2025-04-13T09:53:30,ready_on_time,8.5,0,True
ME-31577,ORD-US-31576,M-012,Tech Stop,2025-04-13T08:29:36,ready_on_time,9.6,0,True
ME-31578,ORD-US-31577,M-010,Burger District,2025-04-13T10:54:30,ready_on_time,4.5,0,True
ME-31579,ORD-US-31578,M-009,Daily Mart,2025-04-13T12:44:30,ready_on_time,14.5,0,True
ME-31580,ORD-US-31579,M-011,Wellness Pharmacy,2025-04-13T08:39:18,ready_on_time,14.3,0,True
ME-31581,ORD-US-31580,M-012,Tech Stop,2025-04-13T19:03:36,ready_on_time,8.6,0,True
ME-31582,ORD-US-31581,M-011,Wellness Pharmacy,2025-04-13T09:09:00,ready_on_time,14.0,0,True
ME-31583,ORD-US-31582,M-012,Tech Stop,2025-04-13T20:35:48,ready_on_time,10.8,0,True
ME-31584,ORD-US-31583,M-010,Burger District,2025-04-13T19:24:00,ready_on_time,14.0,0,True
ME-31585,ORD-US-31584,M-009,Daily Mart,2025-04-13T17:49:12,ready_on_time,14.2,0,True
ME-31586,ORD-US-31585,M-012,Tech Stop,2025-04-13T18:52:12,ready_on_time,17.2,0,True
ME-31587,ORD-US-31586,M-011,Wellness Pharmacy,2025-04-13T13:50:54,ready_on_time,15.9,0,True
ME-31588,ORD-US-31587,M-009,Daily Mart,2025-04-13T19:26:18,ready_on_time,11.3,0,True
ME-31589,ORD-US-31588,M-011,Wellness Pharmacy,2025-04-13T16:44:36,ready_on_time,14.6,0,True
ME-31590,ORD-US-31589,M-010,Burger District,2025-04-13T15:22:54,ready_on_time,17.9,0,True
ME-31591,ORD-US-31590,M-012,Tech Stop,2025-04-13T10:31:18,ready_on_time,11.3,0,True
ME-31592,ORD-US-31591,M-011,Wellness Pharmacy,2025-04-13T11:04:48,ready_on_time,9.8,0,True
ME-31593,ORD-US-31592,M-009,Daily Mart,2025-04-13T15:47:54,ready_on_time,12.9,0,True
ME-31594,ORD-US-31593,M-011,Wellness Pharmacy,2025-04-13T16:03:36,ready_on_time,18.6,0,True
ME-31595,ORD-US-31594,M-004,QuickCare Pharmacy,2025-04-14T17:18:12,ready_on_time,13.2,0,True
ME-31596,ORD-US-31595,M-002,Crisp & Co.,2025-04-14T16:09:06,ready_on_time,14.1,0,True
ME-31597,ORD-US-31596,M-001,Green Basket Market,2025-04-14T16:40:54,ready_on_time,15.9,0,True
ME-31598,ORD-US-31597,M-001,Green Basket Market,2025-04-14T10:14:42,ready_on_time,14.7,0,True
ME-31599,ORD-US-31598,M-004,QuickCare Pharmacy,2025-04-14T10:29:42,ready_on_time,14.7,0,True
ME-31600,ORD-US-31599,M-001,Green Basket Market,2025-04-14T16:49:42,ready_on_time,14.7,0,True
ME-31601,ORD-US-31600,M-002,Crisp & Co.,2025-04-14T18:17:30,ready_on_time,7.5,0,True
ME-31602,ORD-US-31601,M-003,Pasta Garden,2025-04-14T14:32:48,ready_on_time,12.8,0,True
ME-31603,ORD-US-31602,M-002,Crisp & Co.,2025-04-14T13:26:30,ready_on_time,16.5,0,True
ME-31604,ORD-US-31603,M-001,Green Basket Market,2025-04-14T17:12:48,ready_on_time,12.8,0,True
ME-31605,ORD-US-31604,M-004,QuickCare Pharmacy,2025-04-14T11:07:18,ready_on_time,12.3,0,True
ME-31606,ORD-US-31605,M-002,Crisp & Co.,2025-04-14T11:15:06,ready_on_time,20.1,0,True
ME-31607,ORD-US-31606,M-002,Crisp & Co.,2025-04-14T10:25:36,ready_on_time,10.6,0,True
ME-31608,ORD-US-31607,M-001,Green Basket Market,2025-04-14T10:00:36,ready_on_time,10.6,0,True
ME-31609,ORD-US-31608,M-004,QuickCare Pharmacy,2025-04-14T18:57:54,ready_on_time,22.9,0,True
ME-31610,ORD-US-31609,M-002,Crisp & Co.,2025-04-14T14:01:00,ready_on_time,16.0,0,True
ME-31611,ORD-US-31610,M-001,Green Basket Market,2025-04-14T20:19:24,ready_on_time,9.4,0,True
ME-31612,ORD-US-31611,M-002,Crisp & Co.,2025-04-14T17:57:18,ready_on_time,12.3,0,True
ME-31613,ORD-US-31612,M-003,Pasta Garden,2025-04-14T10:09:06,ready_on_time,14.1,0,True
ME-31614,ORD-US-31613,M-003,Pasta Garden,2025-04-14T14:57:54,ready_on_time,22.9,0,True
ME-31615,ORD-US-31614,M-003,Pasta Garden,2025-04-14T19:06:42,ready_on_time,11.7,0,True
ME-31616,ORD-US-31615,M-004,QuickCare Pharmacy,2025-04-14T12:11:24,ready_on_time,16.4,0,True
ME-31617,ORD-US-31616,M-004,QuickCare Pharmacy,2025-04-14T16:04:24,ready_on_time,19.4,0,True
ME-31618,ORD-US-31617,M-003,Pasta Garden,2025-04-14T10:18:54,ready_on_time,8.9,0,True
ME-31619,ORD-US-31618,M-004,QuickCare Pharmacy,2025-04-14T08:45:24,ready_on_time,10.4,0,True
ME-31620,ORD-US-31619,M-003,Pasta Garden,2025-04-14T17:29:24,ready_on_time,14.4,0,True
ME-31621,ORD-US-31620,M-002,Crisp & Co.,2025-04-14T19:33:30,ready_on_time,13.5,0,True
ME-31622,ORD-US-31621,M-002,Crisp & Co.,2025-04-14T17:55:06,ready_on_time,10.1,0,True
ME-31623,ORD-US-31622,M-004,QuickCare Pharmacy,2025-04-14T12:05:30,ready_on_time,15.5,0,True
ME-31624,ORD-US-31623,M-003,Pasta Garden,2025-04-14T15:38:24,ready_on_time,8.4,0,True
ME-31625,ORD-US-31624,M-003,Pasta Garden,2025-04-14T17:05:54,ready_on_time,10.9,0,True
ME-31626,ORD-US-31625,M-003,Pasta Garden,2025-04-14T12:13:54,ready_on_time,18.9,0,True
ME-31627,ORD-US-31626,M-002,Crisp & Co.,2025-04-14T10:02:00,ready_on_time,17.0,0,True
ME-31628,ORD-US-31627,M-002,Crisp & Co.,2025-04-14T19:38:06,ready_on_time,13.1,0,True
ME-31629,ORD-US-31628,M-001,Green Basket Market,2025-04-14T17:10:48,ready_on_time,10.8,0,True
ME-31630,ORD-US-31629,M-004,QuickCare Pharmacy,2025-04-14T17:26:24,ready_on_time,16.4,0,True
ME-31631,ORD-US-31630,M-004,QuickCare Pharmacy,2025-04-14T11:00:30,ready_on_time,15.5,0,True
ME-31632,ORD-US-31631,M-004,QuickCare Pharmacy,2025-04-14T20:56:42,ready_on_time,11.7,0,True
ME-31633,ORD-US-31632,M-001,Green Basket Market,2025-04-14T18:37:00,ready_on_time,17.0,0,True
ME-31634,ORD-US-31633,M-003,Pasta Garden,2025-04-14T12:38:24,ready_on_time,18.4,0,True
ME-31635,ORD-US-31634,M-003,Pasta Garden,2025-04-14T12:03:36,ready_on_time,8.6,0,True
ME-31636,ORD-US-31635,M-008,Noodle House,2025-04-14T12:12:54,ready_on_time,17.9,0,True
ME-31637,ORD-US-31636,M-008,Noodle House,2025-04-14T10:41:54,ready_on_time,6.9,0,True
ME-31638,ORD-US-31637,M-007,Home & Handy,2025-04-14T10:12:54,ready_on_time,22.9,0,True
ME-31639,ORD-US-31638,M-008,Noodle House,2025-04-14T09:57:24,ready_on_time,17.4,0,True
ME-31640,ORD-US-31639,M-008,Noodle House,2025-04-14T11:48:30,ready_on_time,18.5,0,True
ME-31641,ORD-US-31640,M-005,Corner Table,2025-04-14T08:22:06,ready_on_time,12.1,0,True
ME-31642,ORD-US-31641,M-005,Corner Table,2025-04-14T12:06:06,ready_on_time,16.1,0,True
ME-31643,ORD-US-31642,M-008,Noodle House,2025-04-14T09:27:18,ready_on_time,7.3,0,True
ME-31644,ORD-US-31643,M-005,Corner Table,2025-04-14T13:16:54,ready_on_time,16.9,0,True
ME-31645,ORD-US-31644,M-006,Fresh Roots Grocery,2025-04-14T13:13:12,ready_on_time,3.2,0,True
ME-31646,ORD-US-31645,M-005,Corner Table,2025-04-14T15:00:30,ready_on_time,10.5,0,True
ME-31647,ORD-US-31646,M-008,Noodle House,2025-04-14T14:41:12,ready_on_time,11.2,0,True
ME-31648,ORD-US-31647,M-005,Corner Table,2025-04-14T08:28:12,ready_on_time,8.2,0,True
ME-31649,ORD-US-31648,M-006,Fresh Roots Grocery,2025-04-14T08:46:00,ready_on_time,16.0,0,True
ME-31650,ORD-US-31649,M-006,Fresh Roots Grocery,2025-04-14T19:11:24,ready_on_time,16.4,0,True
ME-31651,ORD-US-31650,M-005,Corner Table,2025-04-14T12:05:48,ready_on_time,20.8,0,True
ME-31652,ORD-US-31651,M-008,Noodle House,2025-04-14T12:14:18,ready_on_time,19.3,0,True
ME-31653,ORD-US-31652,M-006,Fresh Roots Grocery,2025-04-14T19:13:24,ready_on_time,13.4,0,True
ME-31654,ORD-US-31653,M-008,Noodle House,2025-04-14T20:35:06,ready_on_time,20.1,0,True
ME-31655,ORD-US-31654,M-005,Corner Table,2025-04-14T20:30:24,ready_on_time,20.4,0,True
ME-31656,ORD-US-31655,M-005,Corner Table,2025-04-14T19:30:18,ready_on_time,10.3,0,True
ME-31657,ORD-US-31656,M-006,Fresh Roots Grocery,2025-04-14T17:05:00,ready_on_time,15.0,0,True
ME-31658,ORD-US-31657,M-008,Noodle House,2025-04-14T09:18:12,ready_on_time,18.2,0,True
ME-31659,ORD-US-31658,M-006,Fresh Roots Grocery,2025-04-14T08:59:24,ready_on_time,19.4,0,True
ME-31660,ORD-US-31659,M-006,Fresh Roots Grocery,2025-04-14T13:57:48,ready_on_time,12.8,0,True
ME-31661,ORD-US-31660,M-007,Home & Handy,2025-04-14T17:41:42,ready_on_time,21.7,0,True
ME-31662,ORD-US-31661,M-008,Noodle House,2025-04-14T20:05:06,ready_on_time,15.1,0,True
ME-31663,ORD-US-31662,M-005,Corner Table,2025-04-14T13:06:48,ready_on_time,16.8,0,True
ME-31664,ORD-US-31663,M-008,Noodle House,2025-04-14T08:24:30,ready_on_time,9.5,0,True
ME-31665,ORD-US-31664,M-007,Home & Handy,2025-04-14T21:05:18,ready_on_time,10.3,0,True
ME-31666,ORD-US-31665,M-005,Corner Table,2025-04-14T16:48:24,ready_on_time,8.4,0,True
ME-31667,ORD-US-31666,M-007,Home & Handy,2025-04-14T21:08:18,ready_on_time,13.3,0,True
ME-31668,ORD-US-31667,M-006,Fresh Roots Grocery,2025-04-14T19:08:12,ready_on_time,18.2,0,True
ME-31669,ORD-US-31668,M-005,Corner Table,2025-04-14T12:53:48,ready_on_time,18.8,0,True
ME-31670,ORD-US-31669,M-008,Noodle House,2025-04-14T15:37:30,ready_on_time,17.5,0,True
ME-31671,ORD-US-31670,M-006,Fresh Roots Grocery,2025-04-14T13:31:00,ready_on_time,6.0,0,True
ME-31672,ORD-US-31671,M-008,Noodle House,2025-04-14T12:43:18,ready_on_time,13.3,0,True
ME-31673,ORD-US-31672,M-005,Corner Table,2025-04-14T09:52:18,ready_on_time,12.3,0,True
ME-31674,ORD-US-31673,M-007,Home & Handy,2025-04-14T13:50:42,ready_on_time,10.7,0,True
ME-31675,ORD-US-31674,M-006,Fresh Roots Grocery,2025-04-14T17:42:30,ready_on_time,7.5,0,True
ME-31676,ORD-US-31675,M-006,Fresh Roots Grocery,2025-04-14T17:48:18,ready_on_time,13.3,0,True
ME-31677,ORD-US-31676,M-006,Fresh Roots Grocery,2025-04-14T08:14:18,ready_on_time,9.3,0,True
ME-31678,ORD-US-31677,M-006,Fresh Roots Grocery,2025-04-14T16:14:06,ready_on_time,9.1,0,True
ME-31679,ORD-US-31678,M-011,Wellness Pharmacy,2025-04-14T19:02:48,ready_on_time,12.8,0,True
ME-31680,ORD-US-31679,M-011,Wellness Pharmacy,2025-04-14T09:10:06,ready_on_time,15.1,0,True
ME-31681,ORD-US-31680,M-010,Burger District,2025-04-14T17:31:24,ready_on_time,16.4,0,True
ME-31682,ORD-US-31681,M-010,Burger District,2025-04-14T12:15:54,ready_on_time,20.9,0,True
ME-31683,ORD-US-31682,M-011,Wellness Pharmacy,2025-04-14T13:13:36,ready_on_time,13.6,0,True
ME-31684,ORD-US-31683,M-011,Wellness Pharmacy,2025-04-14T13:51:24,ready_on_time,16.4,0,True
ME-31685,ORD-US-31684,M-010,Burger District,2025-04-14T12:17:42,ready_on_time,17.7,0,True
ME-31686,ORD-US-31685,M-011,Wellness Pharmacy,2025-04-14T09:36:42,ready_on_time,6.7,0,True
ME-31687,ORD-US-31686,M-009,Daily Mart,2025-04-14T18:35:00,ready_on_time,20.0,0,True
ME-31688,ORD-US-31687,M-011,Wellness Pharmacy,2025-04-14T10:42:06,ready_on_time,12.1,0,True
ME-31689,ORD-US-31688,M-010,Burger District,2025-04-14T13:48:54,ready_on_time,13.9,0,True
ME-31690,ORD-US-31689,M-010,Burger District,2025-04-14T19:58:12,ready_on_time,13.2,0,True
ME-31691,ORD-US-31690,M-010,Burger District,2025-04-14T20:25:42,ready_on_time,15.7,0,True
ME-31692,ORD-US-31691,M-012,Tech Stop,2025-04-14T20:52:00,ready_on_time,17.0,0,True
ME-31693,ORD-US-31692,M-010,Burger District,2025-04-14T11:07:36,ready_on_time,12.6,0,True
ME-31694,ORD-US-31693,M-009,Daily Mart,2025-04-14T11:47:36,ready_on_time,12.6,0,True
ME-31695,ORD-US-31694,M-012,Tech Stop,2025-04-14T10:05:48,ready_on_time,10.8,0,True
ME-31696,ORD-US-31695,M-009,Daily Mart,2025-04-14T10:03:54,ready_on_time,8.9,0,True
ME-31697,ORD-US-31696,M-010,Burger District,2025-04-14T16:43:48,ready_on_time,18.8,0,True
ME-31698,ORD-US-31697,M-010,Burger District,2025-04-14T10:41:36,ready_on_time,21.6,0,True
ME-31699,ORD-US-31698,M-010,Burger District,2025-04-14T09:15:30,ready_on_time,10.5,0,True
ME-31700,ORD-US-31699,M-010,Burger District,2025-04-14T11:11:36,ready_on_time,11.6,0,True
ME-31701,ORD-US-31700,M-011,Wellness Pharmacy,2025-04-14T20:34:48,ready_on_time,9.8,0,True
ME-31702,ORD-US-31701,M-011,Wellness Pharmacy,2025-04-14T14:55:06,ready_on_time,5.1,0,True
ME-31703,ORD-US-31702,M-012,Tech Stop,2025-04-14T19:42:36,ready_on_time,12.6,0,True
ME-31704,ORD-US-31703,M-009,Daily Mart,2025-04-14T20:31:48,ready_on_time,16.8,0,True
ME-31705,ORD-US-31704,M-011,Wellness Pharmacy,2025-04-14T19:16:18,ready_on_time,11.3,0,True
ME-31706,ORD-US-31705,M-010,Burger District,2025-04-14T08:11:48,ready_on_time,11.8,0,True
ME-31707,ORD-US-31706,M-011,Wellness Pharmacy,2025-04-14T08:58:42,ready_on_time,13.7,0,True
ME-31708,ORD-US-31707,M-010,Burger District,2025-04-14T18:06:06,ready_on_time,11.1,0,True
ME-31709,ORD-US-31708,M-011,Wellness Pharmacy,2025-04-14T12:29:42,ready_on_time,14.7,0,True
ME-31710,ORD-US-31709,M-010,Burger District,2025-04-14T10:27:24,ready_on_time,7.4,0,True
ME-31711,ORD-US-31710,M-012,Tech Stop,2025-04-14T14:57:00,ready_on_time,17.0,0,True
ME-31712,ORD-US-31711,M-011,Wellness Pharmacy,2025-04-14T09:06:30,ready_on_time,16.5,0,True
ME-31713,ORD-US-31712,M-010,Burger District,2025-04-14T10:59:12,ready_on_time,14.2,0,True
ME-31714,ORD-US-31713,M-012,Tech Stop,2025-04-14T08:16:18,ready_on_time,6.3,0,True
ME-31715,ORD-US-31714,M-011,Wellness Pharmacy,2025-04-14T15:47:00,ready_on_time,17.0,0,True
ME-31716,ORD-US-31715,M-001,Green Basket Market,2025-04-15T20:42:42,ready_on_time,12.7,0,True
ME-31717,ORD-US-31716,M-002,Crisp & Co.,2025-04-15T10:47:36,ready_on_time,12.6,0,True
ME-31718,ORD-US-31717,M-001,Green Basket Market,2025-04-15T10:22:06,ready_on_time,17.1,0,True
ME-31719,ORD-US-31718,M-001,Green Basket Market,2025-04-15T13:25:12,ready_on_time,15.2,0,True
ME-31720,ORD-US-31719,M-002,Crisp & Co.,2025-04-15T19:29:48,ready_on_time,19.8,0,True
ME-31721,ORD-US-31720,M-002,Crisp & Co.,2025-04-15T14:46:36,ready_on_time,11.6,0,True
ME-31722,ORD-US-31721,M-002,Crisp & Co.,2025-04-15T16:06:18,ready_on_time,11.3,0,True
ME-31723,ORD-US-31722,M-002,Crisp & Co.,2025-04-15T16:31:54,ready_on_time,11.9,0,True
ME-31724,ORD-US-31723,M-002,Crisp & Co.,2025-04-15T13:47:12,ready_on_time,22.2,0,True
ME-31725,ORD-US-31724,M-001,Green Basket Market,2025-04-15T19:18:42,ready_on_time,8.7,0,True
ME-31726,ORD-US-31725,M-002,Crisp & Co.,2025-04-15T19:10:06,ready_on_time,15.1,0,True
ME-31727,ORD-US-31726,M-001,Green Basket Market,2025-04-15T10:31:12,ready_on_time,16.2,0,True
ME-31728,ORD-US-31727,M-002,Crisp & Co.,2025-04-15T10:03:18,ready_on_time,8.3,0,True
ME-31729,ORD-US-31728,M-004,QuickCare Pharmacy,2025-04-15T20:50:48,ready_on_time,10.8,0,True
ME-31730,ORD-US-31729,M-004,QuickCare Pharmacy,2025-04-15T13:29:12,ready_on_time,14.2,0,True
ME-31731,ORD-US-31730,M-002,Crisp & Co.,2025-04-15T18:54:06,ready_on_time,9.1,0,True
ME-31732,ORD-US-31731,M-003,Pasta Garden,2025-04-15T11:54:00,ready_on_time,9.0,0,True
ME-31733,ORD-US-31732,M-002,Crisp & Co.,2025-04-15T11:41:12,ready_on_time,21.2,0,True
ME-31734,ORD-US-31733,M-002,Crisp & Co.,2025-04-15T15:52:54,ready_on_time,12.9,0,True
ME-31735,ORD-US-31734,M-004,QuickCare Pharmacy,2025-04-15T18:21:12,ready_on_time,16.2,0,True
ME-31736,ORD-US-31735,M-001,Green Basket Market,2025-04-15T09:37:54,ready_on_time,12.9,0,True
ME-31737,ORD-US-31736,M-003,Pasta Garden,2025-04-15T15:47:54,ready_on_time,12.9,0,True
ME-31738,ORD-US-31737,M-001,Green Basket Market,2025-04-15T14:56:42,ready_on_time,11.7,0,True
ME-31739,ORD-US-31738,M-002,Crisp & Co.,2025-04-15T13:16:12,ready_on_time,11.2,0,True
ME-31740,ORD-US-31739,M-002,Crisp & Co.,2025-04-15T13:34:24,ready_on_time,14.4,0,True
ME-31741,ORD-US-31740,M-004,QuickCare Pharmacy,2025-04-15T08:17:06,ready_on_time,12.1,0,True
ME-31742,ORD-US-31741,M-002,Crisp & Co.,2025-04-15T15:31:54,ready_on_time,11.9,0,True
ME-31743,ORD-US-31742,M-001,Green Basket Market,2025-04-15T14:52:42,ready_on_time,7.7,0,True
ME-31744,ORD-US-31743,M-003,Pasta Garden,2025-04-15T18:11:24,ready_on_time,11.4,0,True
ME-31745,ORD-US-31744,M-002,Crisp & Co.,2025-04-15T20:16:00,ready_on_time,11.0,0,True
ME-31746,ORD-US-31745,M-003,Pasta Garden,2025-04-15T20:17:24,ready_on_time,17.4,0,True
ME-31747,ORD-US-31746,M-002,Crisp & Co.,2025-04-15T17:15:42,ready_on_time,5.7,0,True
ME-31748,ORD-US-31747,M-002,Crisp & Co.,2025-04-15T13:44:12,ready_on_time,14.2,0,True
ME-31749,ORD-US-31748,M-003,Pasta Garden,2025-04-15T12:29:12,ready_on_time,9.2,0,True
ME-31750,ORD-US-31749,M-002,Crisp & Co.,2025-04-15T18:44:36,ready_on_time,14.6,0,True
ME-31751,ORD-US-31750,M-003,Pasta Garden,2025-04-15T15:43:06,ready_on_time,13.1,0,True
ME-31752,ORD-US-31751,M-001,Green Basket Market,2025-04-15T16:16:12,ready_on_time,16.2,0,True
ME-31753,ORD-US-31752,M-004,QuickCare Pharmacy,2025-04-15T12:44:06,ready_on_time,9.1,0,True
ME-31754,ORD-US-31753,M-008,Noodle House,2025-04-15T17:04:24,ready_on_time,14.4,0,True
ME-31755,ORD-US-31754,M-005,Corner Table,2025-04-15T09:31:06,ready_on_time,16.1,0,True
ME-31756,ORD-US-31755,M-008,Noodle House,2025-04-15T17:38:06,ready_on_time,8.1,0,True
ME-31757,ORD-US-31756,M-006,Fresh Roots Grocery,2025-04-15T09:20:00,ready_on_time,15.0,0,True
ME-31758,ORD-US-31757,M-006,Fresh Roots Grocery,2025-04-15T11:25:06,ready_on_time,10.1,0,True
ME-31759,ORD-US-31758,M-005,Corner Table,2025-04-15T18:45:12,ready_on_time,15.2,0,True
ME-31760,ORD-US-31759,M-008,Noodle House,2025-04-15T17:38:12,ready_on_time,18.2,0,True
ME-31761,ORD-US-31760,M-006,Fresh Roots Grocery,2025-04-15T13:53:00,ready_on_time,23.0,0,True
ME-31762,ORD-US-31761,M-007,Home & Handy,2025-04-15T15:27:36,ready_on_time,17.6,0,True
ME-31763,ORD-US-31762,M-006,Fresh Roots Grocery,2025-04-15T17:17:18,ready_on_time,12.3,0,True
ME-31764,ORD-US-31763,M-006,Fresh Roots Grocery,2025-04-15T11:29:54,ready_on_time,14.9,0,True
ME-31765,ORD-US-31764,M-005,Corner Table,2025-04-15T19:34:30,ready_on_time,14.5,0,True
ME-31766,ORD-US-31765,M-006,Fresh Roots Grocery,2025-04-15T14:24:36,ready_on_time,14.6,0,True
ME-31767,ORD-US-31766,M-007,Home & Handy,2025-04-15T18:05:54,ready_on_time,15.9,0,True
ME-31768,ORD-US-31767,M-006,Fresh Roots Grocery,2025-04-15T13:00:42,ready_on_time,20.7,0,True
ME-31769,ORD-US-31768,M-005,Corner Table,2025-04-15T12:49:42,ready_on_time,14.7,0,True
ME-31770,ORD-US-31769,M-008,Noodle House,2025-04-15T17:28:42,ready_on_time,8.7,0,True
ME-31771,ORD-US-31770,M-006,Fresh Roots Grocery,2025-04-15T15:02:42,ready_on_time,17.7,0,True
ME-31772,ORD-US-31771,M-007,Home & Handy,2025-04-15T16:26:54,ready_on_time,16.9,0,True
ME-31773,ORD-US-31772,M-008,Noodle House,2025-04-15T11:43:18,ready_on_time,23.3,0,True
ME-31774,ORD-US-31773,M-007,Home & Handy,2025-04-15T16:08:00,ready_on_time,18.0,0,True
ME-31775,ORD-US-31774,M-005,Corner Table,2025-04-15T08:55:24,ready_on_time,15.4,0,True
ME-31776,ORD-US-31775,M-006,Fresh Roots Grocery,2025-04-15T11:01:06,ready_on_time,16.1,0,True
ME-31777,ORD-US-31776,M-005,Corner Table,2025-04-15T18:52:18,ready_on_time,22.3,0,True
ME-31778,ORD-US-31777,M-007,Home & Handy,2025-04-15T10:04:06,ready_on_time,9.1,0,True
ME-31779,ORD-US-31778,M-006,Fresh Roots Grocery,2025-04-15T08:27:48,ready_on_time,17.8,0,True
ME-31780,ORD-US-31779,M-006,Fresh Roots Grocery,2025-04-15T15:58:54,ready_on_time,18.9,0,True
ME-31781,ORD-US-31780,M-006,Fresh Roots Grocery,2025-04-15T17:00:24,ready_on_time,10.4,0,True
ME-31782,ORD-US-31781,M-006,Fresh Roots Grocery,2025-04-15T14:55:06,ready_on_time,10.1,0,True
ME-31783,ORD-US-31782,M-007,Home & Handy,2025-04-15T14:22:06,ready_on_time,22.1,0,True
ME-31784,ORD-US-31783,M-006,Fresh Roots Grocery,2025-04-15T12:02:54,ready_on_time,7.9,0,True
ME-31785,ORD-US-31784,M-006,Fresh Roots Grocery,2025-04-15T13:50:06,ready_on_time,15.1,0,True
ME-31786,ORD-US-31785,M-006,Fresh Roots Grocery,2025-04-15T19:13:12,ready_on_time,13.2,0,True
ME-31787,ORD-US-31786,M-008,Noodle House,2025-04-15T20:43:18,ready_on_time,8.3,0,True
ME-31788,ORD-US-31787,M-005,Corner Table,2025-04-15T15:48:18,ready_on_time,8.3,0,True
ME-31789,ORD-US-31788,M-008,Noodle House,2025-04-15T13:51:54,ready_on_time,6.9,0,False
ME-31790,ORD-US-31789,M-005,Corner Table,2025-04-15T17:02:30,ready_on_time,7.5,0,True
ME-31791,ORD-US-31790,M-007,Home & Handy,2025-04-15T13:12:36,ready_on_time,7.6,0,True
ME-31792,ORD-US-31791,M-012,Tech Stop,2025-04-15T19:47:36,ready_on_time,12.6,0,True
ME-31793,ORD-US-31792,M-011,Wellness Pharmacy,2025-04-15T15:29:00,ready_on_time,14.0,0,True
ME-31794,ORD-US-31793,M-010,Burger District,2025-04-15T15:41:00,ready_on_time,11.0,0,True
ME-31795,ORD-US-31794,M-011,Wellness Pharmacy,2025-04-15T14:29:36,ready_on_time,9.6,0,True
ME-31796,ORD-US-31795,M-011,Wellness Pharmacy,2025-04-15T12:56:06,ready_on_time,11.1,0,True
ME-31797,ORD-US-31796,M-009,Daily Mart,2025-04-15T16:19:48,ready_on_time,19.8,0,True
ME-31798,ORD-US-31797,M-011,Wellness Pharmacy,2025-04-15T08:48:12,ready_on_time,13.2,0,True
ME-31799,ORD-US-31798,M-009,Daily Mart,2025-04-15T09:52:42,ready_on_time,12.7,0,True
ME-31800,ORD-US-31799,M-012,Tech Stop,2025-04-15T18:17:00,ready_on_time,17.0,0,True
ME-31801,ORD-US-31800,M-010,Burger District,2025-04-15T13:53:36,ready_on_time,13.6,0,True
ME-31802,ORD-US-31801,M-012,Tech Stop,2025-04-15T17:34:24,ready_on_time,14.4,0,True
ME-31803,ORD-US-31802,M-012,Tech Stop,2025-04-15T14:52:42,ready_on_time,17.7,0,True
ME-31804,ORD-US-31803,M-012,Tech Stop,2025-04-15T17:58:12,ready_on_time,18.2,0,True
ME-31805,ORD-US-31804,M-010,Burger District,2025-04-15T11:13:00,ready_on_time,13.0,0,True
ME-31806,ORD-US-31805,M-011,Wellness Pharmacy,2025-04-15T14:01:06,ready_on_time,16.1,0,True
ME-31807,ORD-US-31806,M-011,Wellness Pharmacy,2025-04-15T13:14:12,ready_on_time,19.2,0,True
ME-31808,ORD-US-31807,M-012,Tech Stop,2025-04-15T16:48:48,ready_on_time,8.8,0,True
ME-31809,ORD-US-31808,M-010,Burger District,2025-04-15T12:37:30,ready_on_time,12.5,0,True
ME-31810,ORD-US-31809,M-009,Daily Mart,2025-04-15T20:12:42,ready_on_time,12.7,0,True
ME-31811,ORD-US-31810,M-009,Daily Mart,2025-04-15T16:38:06,ready_on_time,18.1,0,True
ME-31812,ORD-US-31811,M-009,Daily Mart,2025-04-15T13:02:18,ready_on_time,17.3,0,True
ME-31813,ORD-US-31812,M-011,Wellness Pharmacy,2025-04-15T16:15:30,ready_on_time,20.5,0,True
ME-31814,ORD-US-31813,M-011,Wellness Pharmacy,2025-04-15T15:08:48,ready_on_time,8.8,0,True
ME-31815,ORD-US-31814,M-012,Tech Stop,2025-04-15T20:52:18,ready_on_time,17.3,0,True
ME-31816,ORD-US-31815,M-010,Burger District,2025-04-15T09:29:54,ready_on_time,9.9,0,True
ME-31817,ORD-US-31816,M-012,Tech Stop,2025-04-15T16:31:54,ready_on_time,16.9,0,True
ME-31818,ORD-US-31817,M-011,Wellness Pharmacy,2025-04-15T08:38:42,ready_on_time,18.7,0,True
ME-31819,ORD-US-31818,M-012,Tech Stop,2025-04-15T09:30:42,ready_on_time,15.7,0,True
ME-31820,ORD-US-31819,M-011,Wellness Pharmacy,2025-04-15T19:16:42,ready_on_time,11.7,0,True
ME-31821,ORD-US-31820,M-010,Burger District,2025-04-15T08:15:24,ready_on_time,10.4,0,True
ME-31822,ORD-US-31821,M-009,Daily Mart,2025-04-15T14:01:24,ready_on_time,11.4,0,True
ME-31823,ORD-US-31822,M-009,Daily Mart,2025-04-15T09:32:06,ready_on_time,17.1,0,True
ME-31824,ORD-US-31823,M-012,Tech Stop,2025-04-15T19:04:30,ready_on_time,14.5,0,True
ME-31825,ORD-US-31824,M-012,Tech Stop,2025-04-15T14:46:36,ready_on_time,21.6,0,True
ME-31826,ORD-US-31825,M-010,Burger District,2025-04-15T11:11:06,ready_on_time,16.1,0,True
ME-31827,ORD-US-31826,M-010,Burger District,2025-04-15T12:07:30,ready_on_time,12.5,0,True
ME-31828,ORD-US-31827,M-012,Tech Stop,2025-04-15T13:57:30,ready_on_time,17.5,0,True
ME-31829,ORD-US-31828,M-009,Daily Mart,2025-04-15T20:22:48,ready_on_time,12.8,0,True
ME-31830,ORD-US-31829,M-010,Burger District,2025-04-15T18:04:42,ready_on_time,9.7,0,True
ME-31831,ORD-US-31830,M-012,Tech Stop,2025-04-15T19:40:30,ready_on_time,20.5,0,True
ME-31832,ORD-US-31831,M-011,Wellness Pharmacy,2025-04-15T09:12:24,ready_on_time,17.4,0,True
ME-31833,ORD-US-31832,M-011,Wellness Pharmacy,2025-04-15T11:17:36,ready_on_time,17.6,0,True
ME-31834,ORD-US-31833,M-011,Wellness Pharmacy,2025-04-15T17:50:54,ready_on_time,10.9,0,True
ME-31835,ORD-US-31834,M-011,Wellness Pharmacy,2025-04-15T17:28:00,ready_on_time,13.0,0,True
ME-31836,ORD-US-31835,M-011,Wellness Pharmacy,2025-04-15T08:37:30,ready_on_time,17.5,0,True
ME-31837,ORD-US-31836,M-004,QuickCare Pharmacy,2025-04-16T16:42:00,ready_on_time,17.0,0,True
ME-31838,ORD-US-31837,M-001,Green Basket Market,2025-04-16T13:04:00,ready_on_time,9.0,0,True
ME-31839,ORD-US-31838,M-001,Green Basket Market,2025-04-16T14:56:54,ready_on_time,11.9,0,True
ME-31840,ORD-US-31839,M-004,QuickCare Pharmacy,2025-04-16T17:27:30,ready_on_time,12.5,0,True
ME-31841,ORD-US-31840,M-001,Green Basket Market,2025-04-16T12:26:42,ready_on_time,11.7,0,True
ME-31842,ORD-US-31841,M-001,Green Basket Market,2025-04-16T17:57:30,ready_on_time,12.5,0,True
ME-31843,ORD-US-31842,M-004,QuickCare Pharmacy,2025-04-16T11:18:54,ready_on_time,13.9,0,True
ME-31844,ORD-US-31843,M-003,Pasta Garden,2025-04-16T14:31:12,ready_on_time,11.2,0,True
ME-31845,ORD-US-31844,M-004,QuickCare Pharmacy,2025-04-16T20:25:30,ready_on_time,15.5,0,True
ME-31846,ORD-US-31845,M-001,Green Basket Market,2025-04-16T09:38:36,ready_on_time,18.6,0,True
ME-31847,ORD-US-31846,M-001,Green Basket Market,2025-04-16T08:25:00,ready_on_time,5.0,0,True
ME-31848,ORD-US-31847,M-002,Crisp & Co.,2025-04-16T18:55:30,ready_on_time,15.5,0,True
ME-31849,ORD-US-31848,M-001,Green Basket Market,2025-04-16T15:31:54,ready_on_time,11.9,0,True
ME-31850,ORD-US-31849,M-001,Green Basket Market,2025-04-16T15:25:06,ready_on_time,15.1,0,True
ME-31851,ORD-US-31850,M-003,Pasta Garden,2025-04-16T09:41:36,ready_on_time,26.6,0,True
ME-31852,ORD-US-31851,M-003,Pasta Garden,2025-04-16T18:58:54,ready_on_time,13.9,0,True
ME-31853,ORD-US-31852,M-001,Green Basket Market,2025-04-16T13:33:24,ready_on_time,13.4,0,True
ME-31854,ORD-US-31853,M-004,QuickCare Pharmacy,2025-04-16T10:53:00,ready_on_time,8.0,0,True
ME-31855,ORD-US-31854,M-002,Crisp & Co.,2025-04-16T17:58:54,ready_on_time,13.9,0,True
ME-31856,ORD-US-31855,M-004,QuickCare Pharmacy,2025-04-16T10:07:54,ready_on_time,12.9,0,False
ME-31857,ORD-US-31856,M-001,Green Basket Market,2025-04-16T19:18:06,ready_on_time,8.1,0,True
ME-31858,ORD-US-31857,M-002,Crisp & Co.,2025-04-16T19:54:30,ready_on_time,19.5,0,True
ME-31859,ORD-US-31858,M-002,Crisp & Co.,2025-04-16T16:18:42,ready_on_time,13.7,0,True
ME-31860,ORD-US-31859,M-003,Pasta Garden,2025-04-16T15:16:42,ready_on_time,16.7,0,True
ME-31861,ORD-US-31860,M-002,Crisp & Co.,2025-04-16T13:05:24,ready_on_time,15.4,0,True
ME-31862,ORD-US-31861,M-004,QuickCare Pharmacy,2025-04-16T21:01:48,ready_on_time,6.8,0,True
ME-31863,ORD-US-31862,M-001,Green Basket Market,2025-04-16T08:11:24,ready_on_time,11.4,0,True
ME-31864,ORD-US-31863,M-001,Green Basket Market,2025-04-16T14:26:42,ready_on_time,11.7,0,True
ME-31865,ORD-US-31864,M-001,Green Basket Market,2025-04-16T14:13:00,ready_on_time,18.0,0,True
ME-31866,ORD-US-31865,M-001,Green Basket Market,2025-04-16T13:54:06,ready_on_time,14.1,0,True
ME-31867,ORD-US-31866,M-002,Crisp & Co.,2025-04-16T08:28:12,ready_on_time,13.2,0,True
ME-31868,ORD-US-31867,M-004,QuickCare Pharmacy,2025-04-16T20:41:12,ready_on_time,16.2,0,True
ME-31869,ORD-US-31868,M-004,QuickCare Pharmacy,2025-04-16T11:56:06,ready_on_time,11.1,0,True
ME-31870,ORD-US-31869,M-002,Crisp & Co.,2025-04-16T20:46:24,ready_on_time,11.4,0,True
ME-31871,ORD-US-31870,M-003,Pasta Garden,2025-04-16T15:44:42,ready_on_time,14.7,0,True
ME-31872,ORD-US-31871,M-001,Green Basket Market,2025-04-16T21:06:06,ready_on_time,16.1,0,True
ME-31873,ORD-US-31872,M-002,Crisp & Co.,2025-04-16T15:52:48,ready_on_time,12.8,0,True
ME-31874,ORD-US-31873,M-004,QuickCare Pharmacy,2025-04-16T16:46:18,ready_on_time,16.3,0,True
ME-31875,ORD-US-31874,M-002,Crisp & Co.,2025-04-16T12:05:06,ready_on_time,20.1,0,True
ME-31876,ORD-US-31875,M-007,Home & Handy,2025-04-16T17:18:30,ready_on_time,13.5,0,True
ME-31877,ORD-US-31876,M-007,Home & Handy,2025-04-16T10:17:06,ready_on_time,7.1,0,True
ME-31878,ORD-US-31877,M-008,Noodle House,2025-04-16T16:08:06,ready_on_time,13.1,0,True
ME-31879,ORD-US-31878,M-006,Fresh Roots Grocery,2025-04-16T10:46:48,ready_on_time,11.8,0,True
ME-31880,ORD-US-31879,M-008,Noodle House,2025-04-16T14:49:48,ready_on_time,19.8,0,True
ME-31881,ORD-US-31880,M-008,Noodle House,2025-04-16T18:48:12,ready_on_time,18.2,0,True
ME-31882,ORD-US-31881,M-005,Corner Table,2025-04-16T08:56:18,ready_on_time,21.3,0,True
ME-31883,ORD-US-31882,M-005,Corner Table,2025-04-16T14:34:18,ready_on_time,19.3,0,True
ME-31884,ORD-US-31883,M-005,Corner Table,2025-04-16T17:49:06,ready_on_time,14.1,0,True
ME-31885,ORD-US-31884,M-006,Fresh Roots Grocery,2025-04-16T11:12:06,ready_on_time,17.1,0,True
ME-31886,ORD-US-31885,M-005,Corner Table,2025-04-16T16:06:06,ready_on_time,16.1,0,True
ME-31887,ORD-US-31886,M-007,Home & Handy,2025-04-16T16:02:24,ready_on_time,12.4,0,True
ME-31888,ORD-US-31887,M-008,Noodle House,2025-04-16T17:56:48,ready_on_time,11.8,0,True
ME-31889,ORD-US-31888,M-007,Home & Handy,2025-04-16T16:52:30,ready_on_time,17.5,0,True
ME-31890,ORD-US-31889,M-006,Fresh Roots Grocery,2025-04-16T13:05:54,ready_on_time,10.9,0,True
ME-31891,ORD-US-31890,M-007,Home & Handy,2025-04-16T13:27:48,ready_on_time,7.8,0,True
ME-31892,ORD-US-31891,M-007,Home & Handy,2025-04-16T12:29:12,ready_on_time,9.2,0,True
ME-31893,ORD-US-31892,M-006,Fresh Roots Grocery,2025-04-16T20:51:18,ready_on_time,11.3,0,True
ME-31894,ORD-US-31893,M-006,Fresh Roots Grocery,2025-04-16T12:29:36,ready_on_time,14.6,0,True
ME-31895,ORD-US-31894,M-006,Fresh Roots Grocery,2025-04-16T14:48:12,ready_on_time,13.2,0,True
ME-31896,ORD-US-31895,M-006,Fresh Roots Grocery,2025-04-16T11:56:06,ready_on_time,6.1,0,True
ME-31897,ORD-US-31896,M-008,Noodle House,2025-04-16T12:17:24,ready_on_time,12.4,0,True
ME-31898,ORD-US-31897,M-006,Fresh Roots Grocery,2025-04-16T19:19:36,ready_on_time,9.6,0,True
ME-31899,ORD-US-31898,M-006,Fresh Roots Grocery,2025-04-16T20:50:06,ready_on_time,10.1,0,True
ME-31900,ORD-US-31899,M-006,Fresh Roots Grocery,2025-04-16T20:59:18,ready_on_time,14.3,0,True
ME-31901,ORD-US-31900,M-007,Home & Handy,2025-04-16T20:43:48,ready_on_time,8.8,0,True
ME-31902,ORD-US-31901,M-005,Corner Table,2025-04-16T16:16:06,ready_on_time,11.1,0,True
ME-31903,ORD-US-31902,M-005,Corner Table,2025-04-16T11:26:00,ready_on_time,16.0,0,True
ME-31904,ORD-US-31903,M-005,Corner Table,2025-04-16T19:13:06,ready_on_time,13.1,0,True
ME-31905,ORD-US-31904,M-005,Corner Table,2025-04-16T08:32:18,ready_on_time,17.3,0,True
ME-31906,ORD-US-31905,M-005,Corner Table,2025-04-16T14:27:36,ready_on_time,17.6,0,True
ME-31907,ORD-US-31906,M-005,Corner Table,2025-04-16T09:32:48,ready_on_time,17.8,0,True
ME-31908,ORD-US-31907,M-006,Fresh Roots Grocery,2025-04-16T09:58:30,ready_on_time,18.5,0,True
ME-31909,ORD-US-31908,M-008,Noodle House,2025-04-16T12:28:12,ready_on_time,18.2,0,True
ME-31910,ORD-US-31909,M-005,Corner Table,2025-04-16T13:12:30,ready_on_time,12.5,0,True
ME-31911,ORD-US-31910,M-008,Noodle House,2025-04-16T12:00:42,ready_on_time,20.7,0,True
ME-31912,ORD-US-31911,M-008,Noodle House,2025-04-16T08:10:30,ready_on_time,10.5,0,True
ME-31913,ORD-US-31912,M-008,Noodle House,2025-04-16T13:31:48,ready_on_time,11.8,0,True
ME-31914,ORD-US-31913,M-009,Daily Mart,2025-04-16T20:11:42,ready_on_time,16.7,0,True
ME-31915,ORD-US-31914,M-012,Tech Stop,2025-04-16T18:01:18,ready_on_time,6.3,0,True
ME-31916,ORD-US-31915,M-011,Wellness Pharmacy,2025-04-16T19:06:48,ready_on_time,16.8,0,True
ME-31917,ORD-US-31916,M-009,Daily Mart,2025-04-16T17:09:30,ready_on_time,14.5,0,True
ME-31918,ORD-US-31917,M-009,Daily Mart,2025-04-16T13:59:18,ready_on_time,9.3,0,True
ME-31919,ORD-US-31918,M-010,Burger District,2025-04-16T20:16:06,ready_on_time,6.1,0,True
ME-31920,ORD-US-31919,M-009,Daily Mart,2025-04-16T10:57:30,ready_on_time,12.5,0,True
ME-31921,ORD-US-31920,M-011,Wellness Pharmacy,2025-04-16T16:21:42,ready_on_time,16.7,0,True
ME-31922,ORD-US-31921,M-011,Wellness Pharmacy,2025-04-16T13:13:36,ready_on_time,8.6,0,True
ME-31923,ORD-US-31922,M-011,Wellness Pharmacy,2025-04-16T17:24:06,ready_on_time,19.1,0,True
ME-31924,ORD-US-31923,M-010,Burger District,2025-04-16T16:54:30,ready_on_time,9.5,0,True
ME-31925,ORD-US-31924,M-009,Daily Mart,2025-04-16T13:00:42,ready_on_time,15.7,0,True
ME-31926,ORD-US-31925,M-010,Burger District,2025-04-16T15:52:00,ready_on_time,17.0,0,True
ME-31927,ORD-US-31926,M-011,Wellness Pharmacy,2025-04-16T18:06:30,ready_on_time,16.5,0,True
ME-31928,ORD-US-31927,M-009,Daily Mart,2025-04-16T20:15:00,ready_on_time,20.0,0,False
ME-31929,ORD-US-31928,M-010,Burger District,2025-04-16T12:03:00,ready_on_time,13.0,0,True
ME-31930,ORD-US-31929,M-011,Wellness Pharmacy,2025-04-16T11:54:00,ready_on_time,4.0,0,True
ME-31931,ORD-US-31930,M-012,Tech Stop,2025-04-16T08:55:18,ready_on_time,15.3,0,True
ME-31932,ORD-US-31931,M-012,Tech Stop,2025-04-16T14:37:00,ready_on_time,12.0,0,True
ME-31933,ORD-US-31932,M-009,Daily Mart,2025-04-16T20:44:48,ready_on_time,19.8,0,True
ME-31934,ORD-US-31933,M-010,Burger District,2025-04-16T10:39:12,ready_on_time,14.2,0,True
ME-31935,ORD-US-31934,M-010,Burger District,2025-04-16T08:23:54,ready_on_time,18.9,0,True
ME-31936,ORD-US-31935,M-009,Daily Mart,2025-04-16T19:46:30,ready_on_time,16.5,0,True
ME-31937,ORD-US-31936,M-009,Daily Mart,2025-04-16T14:54:54,ready_on_time,9.9,0,True
ME-31938,ORD-US-31937,M-012,Tech Stop,2025-04-16T11:01:18,ready_on_time,21.3,0,True
ME-31939,ORD-US-31938,M-011,Wellness Pharmacy,2025-04-16T15:14:36,ready_on_time,14.6,0,True
ME-31940,ORD-US-31939,M-009,Daily Mart,2025-04-16T13:52:12,ready_on_time,7.2,0,True
ME-31941,ORD-US-31940,M-011,Wellness Pharmacy,2025-04-16T18:32:54,ready_on_time,17.9,0,True
ME-31942,ORD-US-31941,M-009,Daily Mart,2025-04-16T14:58:24,ready_on_time,13.4,0,True
ME-31943,ORD-US-31942,M-010,Burger District,2025-04-16T16:39:18,ready_on_time,14.3,0,True
ME-31944,ORD-US-31943,M-012,Tech Stop,2025-04-16T10:13:00,ready_on_time,13.0,0,True
ME-31945,ORD-US-31944,M-012,Tech Stop,2025-04-16T20:01:54,ready_on_time,16.9,0,True
ME-31946,ORD-US-31945,M-011,Wellness Pharmacy,2025-04-16T15:08:06,ready_on_time,18.1,0,True
ME-31947,ORD-US-31946,M-009,Daily Mart,2025-04-16T11:54:00,ready_on_time,19.0,0,True
ME-31948,ORD-US-31947,M-010,Burger District,2025-04-16T13:02:18,ready_on_time,17.3,0,True
ME-31949,ORD-US-31948,M-011,Wellness Pharmacy,2025-04-16T16:37:48,ready_on_time,12.8,0,True
ME-31950,ORD-US-31949,M-009,Daily Mart,2025-04-16T14:35:42,ready_on_time,10.7,0,True
ME-31951,ORD-US-31950,M-009,Daily Mart,2025-04-16T10:30:06,ready_on_time,15.1,0,True
ME-31952,ORD-US-31951,M-012,Tech Stop,2025-04-16T11:56:54,ready_on_time,11.9,0,True
ME-31953,ORD-US-31952,M-012,Tech Stop,2025-04-16T20:41:00,ready_on_time,6.0,0,True
ME-31954,ORD-US-31953,M-010,Burger District,2025-04-16T17:53:12,ready_on_time,8.2,0,True
ME-31955,ORD-US-31954,M-010,Burger District,2025-04-16T09:31:54,ready_on_time,16.9,0,True
ME-31956,ORD-US-31955,M-010,Burger District,2025-04-16T18:12:24,ready_on_time,17.4,0,True
ME-31957,ORD-US-31956,M-011,Wellness Pharmacy,2025-04-16T14:33:48,ready_on_time,13.8,0,True
ME-31958,ORD-US-31957,M-002,Crisp & Co.,2025-04-17T20:38:00,ready_on_time,23.0,0,True
ME-31959,ORD-US-31958,M-001,Green Basket Market,2025-04-17T17:14:30,ready_on_time,4.5,0,True
ME-31960,ORD-US-31959,M-001,Green Basket Market,2025-04-17T15:59:30,ready_on_time,19.5,0,True
ME-31961,ORD-US-31960,M-002,Crisp & Co.,2025-04-17T14:23:30,ready_on_time,13.5,0,True
ME-31962,ORD-US-31961,M-001,Green Basket Market,2025-04-17T18:25:24,ready_on_time,25.4,0,True
ME-31963,ORD-US-31962,M-003,Pasta Garden,2025-04-17T10:35:12,ready_on_time,15.2,0,True
ME-31964,ORD-US-31963,M-002,Crisp & Co.,2025-04-17T12:09:18,ready_on_time,14.3,0,True
ME-31965,ORD-US-31964,M-002,Crisp & Co.,2025-04-17T20:52:12,ready_on_time,12.2,0,True
ME-31966,ORD-US-31965,M-004,QuickCare Pharmacy,2025-04-17T09:07:36,ready_on_time,7.6,0,True
ME-31967,ORD-US-31966,M-001,Green Basket Market,2025-04-17T19:22:42,ready_on_time,17.7,0,True
ME-31968,ORD-US-31967,M-001,Green Basket Market,2025-04-17T08:40:00,ready_on_time,10.0,0,True
ME-31969,ORD-US-31968,M-001,Green Basket Market,2025-04-17T14:08:30,ready_on_time,18.5,0,True
ME-31970,ORD-US-31969,M-002,Crisp & Co.,2025-04-17T20:04:36,ready_on_time,19.6,0,True
ME-31971,ORD-US-31970,M-004,QuickCare Pharmacy,2025-04-17T19:52:12,ready_on_time,12.2,0,True
ME-31972,ORD-US-31971,M-003,Pasta Garden,2025-04-17T11:31:18,ready_on_time,16.3,0,True
ME-31973,ORD-US-31972,M-003,Pasta Garden,2025-04-17T14:48:30,ready_on_time,18.5,0,True
ME-31974,ORD-US-31973,M-003,Pasta Garden,2025-04-17T15:45:42,ready_on_time,10.7,0,True
ME-31975,ORD-US-31974,M-003,Pasta Garden,2025-04-17T13:45:54,ready_on_time,20.9,0,True
ME-31976,ORD-US-31975,M-002,Crisp & Co.,2025-04-17T16:23:48,ready_on_time,18.8,0,True
ME-31977,ORD-US-31976,M-003,Pasta Garden,2025-04-17T10:14:12,ready_on_time,9.2,0,True
ME-31978,ORD-US-31977,M-003,Pasta Garden,2025-04-17T18:54:30,ready_on_time,14.5,0,True
ME-31979,ORD-US-31978,M-001,Green Basket Market,2025-04-17T17:11:54,ready_on_time,11.9,0,True
ME-31980,ORD-US-31979,M-002,Crisp & Co.,2025-04-17T15:25:24,ready_on_time,15.4,0,True
ME-31981,ORD-US-31980,M-001,Green Basket Market,2025-04-17T17:42:06,ready_on_time,17.1,0,True
ME-31982,ORD-US-31981,M-001,Green Basket Market,2025-04-17T12:19:30,ready_on_time,9.5,0,True
ME-31983,ORD-US-31982,M-003,Pasta Garden,2025-04-17T15:18:30,ready_on_time,18.5,0,True
ME-31984,ORD-US-31983,M-003,Pasta Garden,2025-04-17T18:50:48,ready_on_time,15.8,0,True
ME-31985,ORD-US-31984,M-001,Green Basket Market,2025-04-17T13:15:12,ready_on_time,15.2,0,True
ME-31986,ORD-US-31985,M-003,Pasta Garden,2025-04-17T15:20:48,ready_on_time,10.8,0,True
ME-31987,ORD-US-31986,M-003,Pasta Garden,2025-04-17T18:54:54,ready_on_time,14.9,0,True
ME-31988,ORD-US-31987,M-002,Crisp & Co.,2025-04-17T15:58:18,ready_on_time,13.3,0,True
ME-31989,ORD-US-31988,M-001,Green Basket Market,2025-04-17T15:47:54,ready_on_time,17.9,0,True
ME-31990,ORD-US-31989,M-003,Pasta Garden,2025-04-17T14:12:36,ready_on_time,17.6,0,True
ME-31991,ORD-US-31990,M-003,Pasta Garden,2025-04-17T09:04:18,ready_on_time,14.3,0,True
ME-31992,ORD-US-31991,M-002,Crisp & Co.,2025-04-17T10:36:48,ready_on_time,16.8,0,True
ME-31993,ORD-US-31992,M-004,QuickCare Pharmacy,2025-04-17T11:12:24,ready_on_time,17.4,0,True
ME-31994,ORD-US-31993,M-008,Noodle House,2025-04-17T11:10:42,ready_on_time,20.7,0,True
ME-31995,ORD-US-31994,M-005,Corner Table,2025-04-17T13:52:30,ready_on_time,17.5,0,True
ME-31996,ORD-US-31995,M-006,Fresh Roots Grocery,2025-04-17T16:37:54,ready_on_time,17.9,0,True
ME-31997,ORD-US-31996,M-007,Home & Handy,2025-04-17T09:39:36,ready_on_time,14.6,0,True
ME-31998,ORD-US-31997,M-008,Noodle House,2025-04-17T20:41:54,ready_on_time,11.9,0,True
ME-31999,ORD-US-31998,M-006,Fresh Roots Grocery,2025-04-17T11:26:54,ready_on_time,11.9,0,True
ME-32000,ORD-US-31999,M-008,Noodle House,2025-04-17T10:17:30,ready_on_time,7.5,0,True
ME-32001,ORD-US-32000,M-006,Fresh Roots Grocery,2025-04-17T12:25:42,ready_on_time,15.7,0,True
ME-32002,ORD-US-32001,M-006,Fresh Roots Grocery,2025-04-17T10:20:24,ready_on_time,15.4,0,True
ME-32003,ORD-US-32002,M-005,Corner Table,2025-04-17T14:57:18,ready_on_time,17.3,0,True
ME-32004,ORD-US-32003,M-005,Corner Table,2025-04-17T19:02:24,ready_on_time,12.4,0,True
ME-32005,ORD-US-32004,M-007,Home & Handy,2025-04-17T18:37:06,ready_on_time,7.1,0,True
ME-32006,ORD-US-32005,M-008,Noodle House,2025-04-17T09:13:30,ready_on_time,13.5,0,True
ME-32007,ORD-US-32006,M-006,Fresh Roots Grocery,2025-04-17T18:36:18,ready_on_time,16.3,0,True
ME-32008,ORD-US-32007,M-006,Fresh Roots Grocery,2025-04-17T08:47:54,ready_on_time,12.9,0,True
ME-32009,ORD-US-32008,M-008,Noodle House,2025-04-17T09:17:12,ready_on_time,12.2,0,True
ME-32010,ORD-US-32009,M-006,Fresh Roots Grocery,2025-04-17T17:57:18,ready_on_time,7.3,0,True
ME-32011,ORD-US-32010,M-006,Fresh Roots Grocery,2025-04-17T20:08:18,ready_on_time,13.3,0,True
ME-32012,ORD-US-32011,M-008,Noodle House,2025-04-17T16:59:06,ready_on_time,14.1,0,True
ME-32013,ORD-US-32012,M-007,Home & Handy,2025-04-17T08:42:00,ready_on_time,17.0,0,True
ME-32014,ORD-US-32013,M-005,Corner Table,2025-04-17T18:51:54,ready_on_time,6.9,0,True
ME-32015,ORD-US-32014,M-005,Corner Table,2025-04-17T16:30:12,ready_on_time,10.2,0,True
ME-32016,ORD-US-32015,M-007,Home & Handy,2025-04-17T18:35:18,ready_on_time,10.3,0,True
ME-32017,ORD-US-32016,M-007,Home & Handy,2025-04-17T10:01:54,ready_on_time,6.9,0,True
ME-32018,ORD-US-32017,M-008,Noodle House,2025-04-17T09:04:36,ready_on_time,19.6,0,True
ME-32019,ORD-US-32018,M-007,Home & Handy,2025-04-17T12:29:18,ready_on_time,9.3,0,True
ME-32020,ORD-US-32019,M-005,Corner Table,2025-04-17T13:06:30,ready_on_time,16.5,0,True
ME-32021,ORD-US-32020,M-006,Fresh Roots Grocery,2025-04-17T20:05:18,ready_on_time,15.3,0,True
ME-32022,ORD-US-32021,M-006,Fresh Roots Grocery,2025-04-17T14:18:24,ready_on_time,23.4,0,True
ME-32023,ORD-US-32022,M-006,Fresh Roots Grocery,2025-04-17T20:59:24,ready_on_time,19.4,0,True
ME-32024,ORD-US-32023,M-007,Home & Handy,2025-04-17T10:03:54,ready_on_time,13.9,0,True
ME-32025,ORD-US-32024,M-005,Corner Table,2025-04-17T15:20:06,ready_on_time,5.1,0,True
ME-32026,ORD-US-32025,M-008,Noodle House,2025-04-17T15:25:24,ready_on_time,10.4,0,True
ME-32027,ORD-US-32026,M-008,Noodle House,2025-04-17T21:05:30,ready_on_time,15.5,0,True
ME-32028,ORD-US-32027,M-005,Corner Table,2025-04-17T15:51:36,ready_on_time,21.6,0,True
ME-32029,ORD-US-32028,M-005,Corner Table,2025-04-17T10:21:24,ready_on_time,11.4,0,True
ME-32030,ORD-US-32029,M-007,Home & Handy,2025-04-17T10:32:48,ready_on_time,17.8,0,True
ME-32031,ORD-US-32030,M-005,Corner Table,2025-04-17T13:49:12,ready_on_time,19.2,0,True
ME-32032,ORD-US-32031,M-008,Noodle House,2025-04-17T13:37:42,ready_on_time,12.7,0,True
ME-32033,ORD-US-32032,M-007,Home & Handy,2025-04-17T10:59:42,ready_on_time,19.7,0,True
ME-32034,ORD-US-32033,M-007,Home & Handy,2025-04-17T09:52:54,ready_on_time,12.9,0,True
ME-32035,ORD-US-32034,M-006,Fresh Roots Grocery,2025-04-17T20:09:06,ready_on_time,19.1,0,True
ME-32036,ORD-US-32035,M-008,Noodle House,2025-04-17T17:11:48,ready_on_time,16.8,0,True
ME-32037,ORD-US-32036,M-009,Daily Mart,2025-04-17T10:30:06,ready_on_time,10.1,0,True
ME-32038,ORD-US-32037,M-010,Burger District,2025-04-17T17:43:24,ready_on_time,18.4,0,True
ME-32039,ORD-US-32038,M-011,Wellness Pharmacy,2025-04-17T20:13:00,ready_on_time,18.0,0,True
ME-32040,ORD-US-32039,M-010,Burger District,2025-04-17T20:19:24,ready_on_time,14.4,0,True
ME-32041,ORD-US-32040,M-012,Tech Stop,2025-04-17T18:31:36,ready_on_time,11.6,0,True
ME-32042,ORD-US-32041,M-009,Daily Mart,2025-04-17T13:31:30,ready_on_time,11.5,0,True
ME-32043,ORD-US-32042,M-010,Burger District,2025-04-17T19:42:24,ready_on_time,7.4,0,True
ME-32044,ORD-US-32043,M-012,Tech Stop,2025-04-17T16:17:48,ready_on_time,17.8,0,True
ME-32045,ORD-US-32044,M-011,Wellness Pharmacy,2025-04-17T12:23:36,ready_on_time,13.6,0,True
ME-32046,ORD-US-32045,M-009,Daily Mart,2025-04-17T13:37:36,ready_on_time,17.6,0,True
ME-32047,ORD-US-32046,M-012,Tech Stop,2025-04-17T17:43:24,ready_on_time,13.4,0,True
ME-32048,ORD-US-32047,M-012,Tech Stop,2025-04-17T17:55:48,ready_on_time,15.8,0,True
ME-32049,ORD-US-32048,M-012,Tech Stop,2025-04-17T20:34:36,ready_on_time,19.6,0,True
ME-32050,ORD-US-32049,M-011,Wellness Pharmacy,2025-04-17T14:36:54,ready_on_time,16.9,0,True
ME-32051,ORD-US-32050,M-010,Burger District,2025-04-17T13:35:42,ready_on_time,10.7,0,True
ME-32052,ORD-US-32051,M-011,Wellness Pharmacy,2025-04-17T19:16:24,ready_on_time,16.4,0,True
ME-32053,ORD-US-32052,M-012,Tech Stop,2025-04-17T16:50:00,ready_on_time,10.0,0,True
ME-32054,ORD-US-32053,M-012,Tech Stop,2025-04-17T20:06:48,ready_on_time,6.8,0,True
ME-32055,ORD-US-32054,M-011,Wellness Pharmacy,2025-04-17T11:07:30,ready_on_time,17.5,0,True
ME-32056,ORD-US-32055,M-009,Daily Mart,2025-04-17T09:49:24,ready_on_time,9.4,0,True
ME-32057,ORD-US-32056,M-009,Daily Mart,2025-04-17T09:22:18,ready_on_time,17.3,0,True
ME-32058,ORD-US-32057,M-009,Daily Mart,2025-04-17T08:33:54,ready_on_time,18.9,0,True
ME-32059,ORD-US-32058,M-011,Wellness Pharmacy,2025-04-17T15:29:48,ready_on_time,14.8,0,True
ME-32060,ORD-US-32059,M-011,Wellness Pharmacy,2025-04-17T09:50:06,ready_on_time,15.1,0,True
ME-32061,ORD-US-32060,M-010,Burger District,2025-04-17T14:33:18,ready_on_time,13.3,0,True
ME-32062,ORD-US-32061,M-012,Tech Stop,2025-04-17T12:39:54,ready_on_time,14.9,0,True
ME-32063,ORD-US-32062,M-010,Burger District,2025-04-17T09:09:00,ready_on_time,14.0,0,True
ME-32064,ORD-US-32063,M-009,Daily Mart,2025-04-17T16:15:12,ready_on_time,10.2,0,True
ME-32065,ORD-US-32064,M-010,Burger District,2025-04-17T08:58:00,ready_on_time,13.0,0,True
ME-32066,ORD-US-32065,M-011,Wellness Pharmacy,2025-04-17T11:13:00,ready_on_time,18.0,0,True
ME-32067,ORD-US-32066,M-010,Burger District,2025-04-17T18:07:12,ready_on_time,12.2,0,True
ME-32068,ORD-US-32067,M-009,Daily Mart,2025-04-17T14:36:36,ready_on_time,16.6,0,True
ME-32069,ORD-US-32068,M-011,Wellness Pharmacy,2025-04-17T13:18:24,ready_on_time,13.4,0,True
ME-32070,ORD-US-32069,M-012,Tech Stop,2025-04-17T09:37:30,ready_on_time,17.5,0,True
ME-32071,ORD-US-32070,M-010,Burger District,2025-04-17T10:17:30,ready_on_time,7.5,0,True
ME-32072,ORD-US-32071,M-012,Tech Stop,2025-04-17T15:24:42,ready_on_time,14.7,0,True
ME-32073,ORD-US-32072,M-009,Daily Mart,2025-04-17T09:44:06,ready_on_time,14.1,0,True
ME-32074,ORD-US-32073,M-011,Wellness Pharmacy,2025-04-17T08:16:06,ready_on_time,11.1,0,True
ME-32075,ORD-US-32074,M-011,Wellness Pharmacy,2025-04-17T17:38:36,ready_on_time,13.6,0,True
ME-32076,ORD-US-32075,M-011,Wellness Pharmacy,2025-04-17T21:04:42,ready_on_time,9.7,0,True
ME-32077,ORD-US-32076,M-010,Burger District,2025-04-17T17:03:48,ready_on_time,8.8,0,True
ME-32078,ORD-US-32077,M-010,Burger District,2025-04-17T19:55:12,ready_on_time,10.2,0,True
ME-32079,ORD-US-32078,M-003,Pasta Garden,2025-04-18T18:01:06,ready_on_time,16.1,0,True
ME-32080,ORD-US-32079,M-004,QuickCare Pharmacy,2025-04-18T08:24:00,ready_on_time,9.0,0,True
ME-32081,ORD-US-32080,M-002,Crisp & Co.,2025-04-18T14:46:24,ready_on_time,11.4,0,True
ME-32082,ORD-US-32081,M-001,Green Basket Market,2025-04-18T14:23:54,ready_on_time,13.9,0,True
ME-32083,ORD-US-32082,M-003,Pasta Garden,2025-04-18T18:26:24,ready_on_time,16.4,0,True
ME-32084,ORD-US-32083,M-004,QuickCare Pharmacy,2025-04-18T11:32:12,ready_on_time,17.2,0,True
ME-32085,ORD-US-32084,M-004,QuickCare Pharmacy,2025-04-18T16:59:48,ready_on_time,9.8,0,True
ME-32086,ORD-US-32085,M-002,Crisp & Co.,2025-04-18T19:41:00,ready_on_time,6.0,0,True
ME-32087,ORD-US-32086,M-002,Crisp & Co.,2025-04-18T19:03:24,ready_on_time,13.4,0,True
ME-32088,ORD-US-32087,M-002,Crisp & Co.,2025-04-18T13:17:36,ready_on_time,12.6,0,True
ME-32089,ORD-US-32088,M-004,QuickCare Pharmacy,2025-04-18T21:01:12,ready_on_time,16.2,0,True
ME-32090,ORD-US-32089,M-004,QuickCare Pharmacy,2025-04-18T13:31:06,ready_on_time,11.1,0,True
ME-32091,ORD-US-32090,M-001,Green Basket Market,2025-04-18T20:36:30,ready_on_time,11.5,0,True
ME-32092,ORD-US-32091,M-004,QuickCare Pharmacy,2025-04-18T18:47:30,ready_on_time,12.5,0,True
ME-32093,ORD-US-32092,M-004,QuickCare Pharmacy,2025-04-18T13:34:36,ready_on_time,9.6,0,True
ME-32094,ORD-US-32093,M-001,Green Basket Market,2025-04-18T09:55:36,ready_on_time,10.6,0,True
ME-32095,ORD-US-32094,M-002,Crisp & Co.,2025-04-18T14:32:42,ready_on_time,12.7,0,True
ME-32096,ORD-US-32095,M-004,QuickCare Pharmacy,2025-04-18T18:01:36,ready_on_time,11.6,0,True
ME-32097,ORD-US-32096,M-004,QuickCare Pharmacy,2025-04-18T18:24:12,ready_on_time,14.2,0,True
ME-32098,ORD-US-32097,M-001,Green Basket Market,2025-04-18T08:45:48,ready_on_time,15.8,0,True
ME-32099,ORD-US-32098,M-002,Crisp & Co.,2025-04-18T18:19:06,ready_on_time,19.1,0,True
ME-32100,ORD-US-32099,M-002,Crisp & Co.,2025-04-18T18:28:36,ready_on_time,13.6,0,True
ME-32101,ORD-US-32100,M-004,QuickCare Pharmacy,2025-04-18T14:56:18,ready_on_time,11.3,0,True
ME-32102,ORD-US-32101,M-004,QuickCare Pharmacy,2025-04-18T15:23:30,ready_on_time,18.5,0,True
ME-32103,ORD-US-32102,M-001,Green Basket Market,2025-04-18T14:08:36,ready_on_time,13.6,0,True
ME-32104,ORD-US-32103,M-002,Crisp & Co.,2025-04-18T14:50:12,ready_on_time,15.2,0,True
ME-32105,ORD-US-32104,M-003,Pasta Garden,2025-04-18T14:35:36,ready_on_time,10.6,0,True
ME-32106,ORD-US-32105,M-003,Pasta Garden,2025-04-18T20:33:24,ready_on_time,18.4,0,True
ME-32107,ORD-US-32106,M-001,Green Basket Market,2025-04-18T17:40:42,ready_on_time,15.7,0,True
ME-32108,ORD-US-32107,M-001,Green Basket Market,2025-04-18T11:53:12,ready_on_time,13.2,0,True
ME-32109,ORD-US-32108,M-001,Green Basket Market,2025-04-18T12:03:12,ready_on_time,13.2,0,True
ME-32110,ORD-US-32109,M-003,Pasta Garden,2025-04-18T18:08:00,ready_on_time,18.0,0,True
ME-32111,ORD-US-32110,M-001,Green Basket Market,2025-04-18T10:06:24,ready_on_time,16.4,0,True
ME-32112,ORD-US-32111,M-003,Pasta Garden,2025-04-18T09:55:24,ready_on_time,10.4,0,True
ME-32113,ORD-US-32112,M-002,Crisp & Co.,2025-04-18T15:25:54,ready_on_time,10.9,0,True
ME-32114,ORD-US-32113,M-004,QuickCare Pharmacy,2025-04-18T11:24:42,ready_on_time,9.7,0,True
ME-32115,ORD-US-32114,M-004,QuickCare Pharmacy,2025-04-18T10:13:54,ready_on_time,13.9,0,True
ME-32116,ORD-US-32115,M-001,Green Basket Market,2025-04-18T17:34:54,ready_on_time,14.9,0,True
ME-32117,ORD-US-32116,M-001,Green Basket Market,2025-04-18T17:55:36,ready_on_time,10.6,0,True
ME-32118,ORD-US-32117,M-006,Fresh Roots Grocery,2025-04-18T12:13:54,ready_on_time,8.9,0,True
ME-32119,ORD-US-32118,M-006,Fresh Roots Grocery,2025-04-18T09:06:18,ready_on_time,11.3,0,True
ME-32120,ORD-US-32119,M-005,Corner Table,2025-04-18T09:06:18,ready_on_time,16.3,0,True
ME-32121,ORD-US-32120,M-006,Fresh Roots Grocery,2025-04-18T10:05:12,ready_on_time,10.2,0,True
ME-32122,ORD-US-32121,M-007,Home & Handy,2025-04-18T19:04:24,ready_on_time,14.4,0,True
ME-32123,ORD-US-32122,M-007,Home & Handy,2025-04-18T18:18:00,ready_on_time,13.0,0,True
ME-32124,ORD-US-32123,M-007,Home & Handy,2025-04-18T14:57:36,ready_on_time,17.6,0,True
ME-32125,ORD-US-32124,M-006,Fresh Roots Grocery,2025-04-18T11:13:42,ready_on_time,13.7,0,True
ME-32126,ORD-US-32125,M-005,Corner Table,2025-04-18T20:29:24,ready_on_time,14.4,0,True
ME-32127,ORD-US-32126,M-006,Fresh Roots Grocery,2025-04-18T15:59:48,ready_on_time,14.8,0,True
ME-32128,ORD-US-32127,M-008,Noodle House,2025-04-18T15:12:30,ready_on_time,22.5,0,True
ME-32129,ORD-US-32128,M-008,Noodle House,2025-04-18T20:14:54,ready_on_time,9.9,0,True
ME-32130,ORD-US-32129,M-008,Noodle House,2025-04-18T20:52:06,ready_on_time,12.1,0,True
ME-32131,ORD-US-32130,M-005,Corner Table,2025-04-18T18:52:48,ready_on_time,12.8,0,True
ME-32132,ORD-US-32131,M-008,Noodle House,2025-04-18T17:03:12,ready_on_time,13.2,0,True
ME-32133,ORD-US-32132,M-007,Home & Handy,2025-04-18T17:04:00,ready_on_time,14.0,0,True
ME-32134,ORD-US-32133,M-008,Noodle House,2025-04-18T18:46:24,ready_on_time,6.4,0,True
ME-32135,ORD-US-32134,M-007,Home & Handy,2025-04-18T14:47:06,ready_on_time,17.1,0,True
ME-32136,ORD-US-32135,M-007,Home & Handy,2025-04-18T08:56:06,ready_on_time,16.1,0,True
ME-32137,ORD-US-32136,M-007,Home & Handy,2025-04-18T15:26:18,ready_on_time,11.3,0,True
ME-32138,ORD-US-32137,M-006,Fresh Roots Grocery,2025-04-18T20:10:48,ready_on_time,5.8,0,True
ME-32139,ORD-US-32138,M-008,Noodle House,2025-04-18T14:47:54,ready_on_time,12.9,0,True
ME-32140,ORD-US-32139,M-008,Noodle House,2025-04-18T17:44:48,ready_on_time,19.8,0,True
ME-32141,ORD-US-32140,M-006,Fresh Roots Grocery,2025-04-18T09:33:36,ready_on_time,13.6,0,True
ME-32142,ORD-US-32141,M-008,Noodle House,2025-04-18T10:46:42,ready_on_time,16.7,0,True
ME-32143,ORD-US-32142,M-006,Fresh Roots Grocery,2025-04-18T18:53:36,ready_on_time,8.6,0,True
ME-32144,ORD-US-32143,M-008,Noodle House,2025-04-18T15:36:42,ready_on_time,16.7,0,True
ME-32145,ORD-US-32144,M-007,Home & Handy,2025-04-18T09:38:36,ready_on_time,13.6,0,True
ME-32146,ORD-US-32145,M-006,Fresh Roots Grocery,2025-04-18T08:22:36,ready_on_time,22.6,0,True
ME-32147,ORD-US-32146,M-008,Noodle House,2025-04-18T10:29:24,ready_on_time,9.4,0,True
ME-32148,ORD-US-32147,M-005,Corner Table,2025-04-18T09:13:06,ready_on_time,13.1,0,True
ME-32149,ORD-US-32148,M-006,Fresh Roots Grocery,2025-04-18T20:54:36,ready_on_time,14.6,0,True
ME-32150,ORD-US-32149,M-006,Fresh Roots Grocery,2025-04-18T10:59:00,ready_on_time,24.0,0,True
ME-32151,ORD-US-32150,M-007,Home & Handy,2025-04-18T19:22:30,ready_on_time,17.5,0,True
ME-32152,ORD-US-32151,M-008,Noodle House,2025-04-18T15:53:36,ready_on_time,18.6,0,True
ME-32153,ORD-US-32152,M-008,Noodle House,2025-04-18T15:46:42,ready_on_time,16.7,0,True
ME-32154,ORD-US-32153,M-006,Fresh Roots Grocery,2025-04-18T12:35:18,ready_on_time,10.3,0,True
ME-32155,ORD-US-32154,M-007,Home & Handy,2025-04-18T15:39:30,ready_on_time,9.5,0,True
ME-32156,ORD-US-32155,M-006,Fresh Roots Grocery,2025-04-18T14:15:48,ready_on_time,10.8,0,True
ME-32157,ORD-US-32156,M-007,Home & Handy,2025-04-18T18:57:12,ready_on_time,12.2,0,True
ME-32158,ORD-US-32157,M-008,Noodle House,2025-04-18T09:06:48,ready_on_time,16.8,0,True
ME-32159,ORD-US-32158,M-006,Fresh Roots Grocery,2025-04-18T09:54:12,ready_on_time,14.2,0,True
ME-32160,ORD-US-32159,M-005,Corner Table,2025-04-18T16:06:06,ready_on_time,16.1,0,True
ME-32161,ORD-US-32160,M-009,Daily Mart,2025-04-18T17:34:18,ready_on_time,9.3,0,True
ME-32162,ORD-US-32161,M-012,Tech Stop,2025-04-18T12:30:42,ready_on_time,10.7,0,True
ME-32163,ORD-US-32162,M-009,Daily Mart,2025-04-18T09:00:54,ready_on_time,15.9,0,True
ME-32164,ORD-US-32163,M-011,Wellness Pharmacy,2025-04-18T18:25:48,ready_on_time,20.8,0,True
ME-32165,ORD-US-32164,M-011,Wellness Pharmacy,2025-04-18T18:24:18,ready_on_time,9.3,0,True
ME-32166,ORD-US-32165,M-009,Daily Mart,2025-04-18T18:24:06,ready_on_time,14.1,0,True
ME-32167,ORD-US-32166,M-009,Daily Mart,2025-04-18T09:24:48,ready_on_time,14.8,0,True
ME-32168,ORD-US-32167,M-010,Burger District,2025-04-18T17:03:30,ready_on_time,13.5,0,True
ME-32169,ORD-US-32168,M-012,Tech Stop,2025-04-18T15:12:00,ready_on_time,12.0,0,True
ME-32170,ORD-US-32169,M-010,Burger District,2025-04-18T10:14:12,ready_on_time,14.2,0,True
ME-32171,ORD-US-32170,M-012,Tech Stop,2025-04-18T10:44:12,ready_on_time,14.2,0,True
ME-32172,ORD-US-32171,M-010,Burger District,2025-04-18T09:06:12,ready_on_time,16.2,0,False
ME-32173,ORD-US-32172,M-010,Burger District,2025-04-18T08:13:12,ready_on_time,8.2,0,True
ME-32174,ORD-US-32173,M-011,Wellness Pharmacy,2025-04-18T09:19:30,ready_on_time,19.5,0,True
ME-32175,ORD-US-32174,M-010,Burger District,2025-04-18T19:56:00,ready_on_time,16.0,0,True
ME-32176,ORD-US-32175,M-012,Tech Stop,2025-04-18T19:01:42,ready_on_time,16.7,0,True
ME-32177,ORD-US-32176,M-012,Tech Stop,2025-04-18T10:57:24,ready_on_time,12.4,0,True
ME-32178,ORD-US-32177,M-009,Daily Mart,2025-04-18T10:33:24,ready_on_time,18.4,0,True
ME-32179,ORD-US-32178,M-009,Daily Mart,2025-04-18T16:12:30,ready_on_time,7.5,0,True
ME-32180,ORD-US-32179,M-012,Tech Stop,2025-04-18T09:45:00,ready_on_time,10.0,0,True
ME-32181,ORD-US-32180,M-012,Tech Stop,2025-04-18T17:30:48,ready_on_time,20.8,0,True
ME-32182,ORD-US-32181,M-010,Burger District,2025-04-18T11:19:12,ready_on_time,19.2,0,True
ME-32183,ORD-US-32182,M-011,Wellness Pharmacy,2025-04-18T08:39:06,ready_on_time,24.1,0,True
ME-32184,ORD-US-32183,M-009,Daily Mart,2025-04-18T15:42:24,ready_on_time,17.4,0,True
ME-32185,ORD-US-32184,M-011,Wellness Pharmacy,2025-04-18T20:35:06,ready_on_time,15.1,0,True
ME-32186,ORD-US-32185,M-009,Daily Mart,2025-04-18T14:29:00,ready_on_time,9.0,0,True
ME-32187,ORD-US-32186,M-012,Tech Stop,2025-04-18T14:54:36,ready_on_time,14.6,0,True
ME-32188,ORD-US-32187,M-009,Daily Mart,2025-04-18T08:36:00,ready_on_time,11.0,0,True
ME-32189,ORD-US-32188,M-011,Wellness Pharmacy,2025-04-18T10:29:48,ready_on_time,9.8,0,True
ME-32190,ORD-US-32189,M-010,Burger District,2025-04-18T11:35:24,ready_on_time,20.4,0,True
ME-32191,ORD-US-32190,M-011,Wellness Pharmacy,2025-04-18T16:19:24,ready_on_time,9.4,0,True
ME-32192,ORD-US-32191,M-011,Wellness Pharmacy,2025-04-18T10:37:18,ready_on_time,12.3,0,True
ME-32193,ORD-US-32192,M-011,Wellness Pharmacy,2025-04-18T12:49:30,ready_on_time,19.5,0,True
ME-32194,ORD-US-32193,M-009,Daily Mart,2025-04-18T20:59:12,ready_on_time,9.2,0,True
ME-32195,ORD-US-32194,M-012,Tech Stop,2025-04-18T09:37:18,ready_on_time,17.3,0,True
ME-32196,ORD-US-32195,M-009,Daily Mart,2025-04-18T09:34:06,ready_on_time,14.1,0,True
ME-32197,ORD-US-32196,M-010,Burger District,2025-04-18T20:09:24,ready_on_time,19.4,0,True
ME-32198,ORD-US-32197,M-011,Wellness Pharmacy,2025-04-18T10:32:36,ready_on_time,12.6,0,True
ME-32199,ORD-US-32198,M-010,Burger District,2025-04-18T16:45:42,ready_on_time,15.7,0,True
ME-32200,ORD-US-32199,M-002,Crisp & Co.,2025-04-19T11:20:24,ready_on_time,20.4,0,True
ME-32201,ORD-US-32200,M-004,QuickCare Pharmacy,2025-04-19T17:03:12,ready_on_time,13.2,0,True
ME-32202,ORD-US-32201,M-001,Green Basket Market,2025-04-19T15:20:00,ready_on_time,20.0,0,True
ME-32203,ORD-US-32202,M-004,QuickCare Pharmacy,2025-04-19T15:42:18,ready_on_time,12.3,0,True
ME-32204,ORD-US-32203,M-004,QuickCare Pharmacy,2025-04-19T12:56:48,ready_on_time,16.8,0,True
ME-32205,ORD-US-32204,M-004,QuickCare Pharmacy,2025-04-19T09:56:12,ready_on_time,16.2,0,True
ME-32206,ORD-US-32205,M-003,Pasta Garden,2025-04-19T18:30:42,ready_on_time,15.7,0,True
ME-32207,ORD-US-32206,M-002,Crisp & Co.,2025-04-19T10:04:36,ready_on_time,19.6,0,True
ME-32208,ORD-US-32207,M-004,QuickCare Pharmacy,2025-04-19T13:52:24,ready_on_time,17.4,0,True
ME-32209,ORD-US-32208,M-002,Crisp & Co.,2025-04-19T16:20:06,ready_on_time,15.1,0,True
ME-32210,ORD-US-32209,M-003,Pasta Garden,2025-04-19T19:34:36,ready_on_time,9.6,0,True
ME-32211,ORD-US-32210,M-002,Crisp & Co.,2025-04-19T14:16:42,ready_on_time,16.7,0,True
ME-32212,ORD-US-32211,M-001,Green Basket Market,2025-04-19T17:47:54,ready_on_time,17.9,0,True
ME-32213,ORD-US-32212,M-001,Green Basket Market,2025-04-19T19:21:06,ready_on_time,16.1,0,True
ME-32214,ORD-US-32213,M-001,Green Basket Market,2025-04-19T16:49:12,ready_on_time,19.2,0,True
ME-32215,ORD-US-32214,M-004,QuickCare Pharmacy,2025-04-19T15:46:54,ready_on_time,11.9,0,True
ME-32216,ORD-US-32215,M-002,Crisp & Co.,2025-04-19T12:09:12,ready_on_time,19.2,0,True
ME-32217,ORD-US-32216,M-001,Green Basket Market,2025-04-19T14:21:06,ready_on_time,6.1,0,True
ME-32218,ORD-US-32217,M-001,Green Basket Market,2025-04-19T08:28:54,ready_on_time,18.9,0,True
ME-32219,ORD-US-32218,M-002,Crisp & Co.,2025-04-19T09:43:48,ready_on_time,8.8,0,True
ME-32220,ORD-US-32219,M-002,Crisp & Co.,2025-04-19T18:16:06,ready_on_time,6.1,0,True
ME-32221,ORD-US-32220,M-001,Green Basket Market,2025-04-19T09:45:24,ready_on_time,10.4,0,True
ME-32222,ORD-US-32221,M-004,QuickCare Pharmacy,2025-04-19T21:03:36,ready_on_time,13.6,0,True
ME-32223,ORD-US-32222,M-004,QuickCare Pharmacy,2025-04-19T11:02:18,ready_on_time,12.3,0,True
ME-32224,ORD-US-32223,M-001,Green Basket Market,2025-04-19T08:42:42,ready_on_time,12.7,0,True
ME-32225,ORD-US-32224,M-001,Green Basket Market,2025-04-19T21:06:18,ready_on_time,11.3,0,True
ME-32226,ORD-US-32225,M-004,QuickCare Pharmacy,2025-04-19T10:23:54,ready_on_time,23.9,0,True
ME-32227,ORD-US-32226,M-003,Pasta Garden,2025-04-19T12:35:48,ready_on_time,10.8,0,True
ME-32228,ORD-US-32227,M-003,Pasta Garden,2025-04-19T09:05:24,ready_on_time,10.4,0,True
ME-32229,ORD-US-32228,M-002,Crisp & Co.,2025-04-19T14:39:42,ready_on_time,14.7,0,True
ME-32230,ORD-US-32229,M-001,Green Basket Market,2025-04-19T09:54:24,ready_on_time,9.4,0,True
ME-32231,ORD-US-32230,M-002,Crisp & Co.,2025-04-19T17:03:48,ready_on_time,8.8,0,True
ME-32232,ORD-US-32231,M-003,Pasta Garden,2025-04-19T11:53:30,ready_on_time,8.5,0,True
ME-32233,ORD-US-32232,M-002,Crisp & Co.,2025-04-19T08:44:12,ready_on_time,9.2,0,True
ME-32234,ORD-US-32233,M-002,Crisp & Co.,2025-04-19T18:22:06,ready_on_time,12.1,0,True
ME-32235,ORD-US-32234,M-003,Pasta Garden,2025-04-19T10:51:12,ready_on_time,6.2,0,True
ME-32236,ORD-US-32235,M-003,Pasta Garden,2025-04-19T18:35:48,ready_on_time,5.8,0,True
ME-32237,ORD-US-32236,M-003,Pasta Garden,2025-04-19T12:39:06,ready_on_time,14.1,0,True
ME-32238,ORD-US-32237,M-004,QuickCare Pharmacy,2025-04-19T15:35:36,ready_on_time,15.6,0,True
ME-32239,ORD-US-32238,M-002,Crisp & Co.,2025-04-19T20:26:18,ready_on_time,21.3,0,True
ME-32240,ORD-US-32239,M-002,Crisp & Co.,2025-04-19T12:09:42,ready_on_time,19.7,0,True
ME-32241,ORD-US-32240,M-003,Pasta Garden,2025-04-19T14:28:24,ready_on_time,13.4,0,True
ME-32242,ORD-US-32241,M-004,QuickCare Pharmacy,2025-04-19T14:37:24,ready_on_time,12.4,0,True
ME-32243,ORD-US-32242,M-001,Green Basket Market,2025-04-19T18:08:24,ready_on_time,13.4,0,True
ME-32244,ORD-US-32243,M-007,Home & Handy,2025-04-19T10:35:36,ready_on_time,10.6,0,True
ME-32245,ORD-US-32244,M-005,Corner Table,2025-04-19T16:23:00,ready_on_time,13.0,0,True
ME-32246,ORD-US-32245,M-006,Fresh Roots Grocery,2025-04-19T16:02:42,ready_on_time,12.7,0,True
ME-32247,ORD-US-32246,M-005,Corner Table,2025-04-19T09:42:36,ready_on_time,12.6,0,True
ME-32248,ORD-US-32247,M-007,Home & Handy,2025-04-19T10:05:42,ready_on_time,15.7,0,True
ME-32249,ORD-US-32248,M-008,Noodle House,2025-04-19T15:24:30,ready_on_time,14.5,0,True
ME-32250,ORD-US-32249,M-005,Corner Table,2025-04-19T20:33:54,ready_on_time,13.9,0,True
ME-32251,ORD-US-32250,M-006,Fresh Roots Grocery,2025-04-19T16:35:12,ready_on_time,15.2,0,True
ME-32252,ORD-US-32251,M-006,Fresh Roots Grocery,2025-04-19T09:33:24,ready_on_time,8.4,0,True
ME-32253,ORD-US-32252,M-006,Fresh Roots Grocery,2025-04-19T15:02:06,ready_on_time,12.1,0,True
ME-32254,ORD-US-32253,M-005,Corner Table,2025-04-19T18:21:30,ready_on_time,16.5,0,True
ME-32255,ORD-US-32254,M-005,Corner Table,2025-04-19T15:38:42,ready_on_time,13.7,0,True
ME-32256,ORD-US-32255,M-007,Home & Handy,2025-04-19T11:50:30,ready_on_time,10.5,0,True
ME-32257,ORD-US-32256,M-008,Noodle House,2025-04-19T08:29:36,ready_on_time,14.6,0,True
ME-32258,ORD-US-32257,M-005,Corner Table,2025-04-19T08:21:48,ready_on_time,21.8,0,True
ME-32259,ORD-US-32258,M-006,Fresh Roots Grocery,2025-04-19T20:45:54,ready_on_time,10.9,0,True
ME-32260,ORD-US-32259,M-006,Fresh Roots Grocery,2025-04-19T19:28:42,ready_on_time,18.7,0,True
ME-32261,ORD-US-32260,M-008,Noodle House,2025-04-19T11:49:12,ready_on_time,14.2,0,True
ME-32262,ORD-US-32261,M-006,Fresh Roots Grocery,2025-04-19T13:50:48,ready_on_time,15.8,0,True
ME-32263,ORD-US-32262,M-007,Home & Handy,2025-04-19T19:03:24,ready_on_time,23.4,0,True
ME-32264,ORD-US-32263,M-007,Home & Handy,2025-04-19T17:57:00,ready_on_time,17.0,0,True
ME-32265,ORD-US-32264,M-005,Corner Table,2025-04-19T16:41:42,ready_on_time,11.7,0,True
ME-32266,ORD-US-32265,M-008,Noodle House,2025-04-19T13:50:24,ready_on_time,10.4,0,True
ME-32267,ORD-US-32266,M-008,Noodle House,2025-04-19T09:26:18,ready_on_time,16.3,0,True
ME-32268,ORD-US-32267,M-005,Corner Table,2025-04-19T16:43:48,ready_on_time,13.8,0,True
ME-32269,ORD-US-32268,M-006,Fresh Roots Grocery,2025-04-19T12:31:54,ready_on_time,16.9,0,True
ME-32270,ORD-US-32269,M-006,Fresh Roots Grocery,2025-04-19T16:24:18,ready_on_time,19.3,0,True
ME-32271,ORD-US-32270,M-008,Noodle House,2025-04-19T16:46:36,ready_on_time,11.6,0,True
ME-32272,ORD-US-32271,M-007,Home & Handy,2025-04-19T10:34:54,ready_on_time,9.9,0,True
ME-32273,ORD-US-32272,M-007,Home & Handy,2025-04-19T19:26:00,ready_on_time,11.0,0,True
ME-32274,ORD-US-32273,M-005,Corner Table,2025-04-19T15:30:42,ready_on_time,10.7,0,True
ME-32275,ORD-US-32274,M-008,Noodle House,2025-04-19T17:53:42,ready_on_time,8.7,0,True
ME-32276,ORD-US-32275,M-005,Corner Table,2025-04-19T10:11:06,ready_on_time,16.1,0,True
ME-32277,ORD-US-32276,M-007,Home & Handy,2025-04-19T15:19:12,ready_on_time,19.2,0,True
ME-32278,ORD-US-32277,M-006,Fresh Roots Grocery,2025-04-19T20:23:30,ready_on_time,18.5,0,True
ME-32279,ORD-US-32278,M-008,Noodle House,2025-04-19T08:46:12,ready_on_time,6.2,0,True
ME-32280,ORD-US-32279,M-005,Corner Table,2025-04-19T12:46:00,ready_on_time,16.0,0,True
ME-32281,ORD-US-32280,M-005,Corner Table,2025-04-19T11:22:24,ready_on_time,17.4,0,True
ME-32282,ORD-US-32281,M-008,Noodle House,2025-04-19T15:09:48,ready_on_time,19.8,0,True
ME-32283,ORD-US-32282,M-012,Tech Stop,2025-04-19T10:31:12,ready_on_time,16.2,0,True
ME-32284,ORD-US-32283,M-009,Daily Mart,2025-04-19T20:33:30,ready_on_time,18.5,0,True
ME-32285,ORD-US-32284,M-012,Tech Stop,2025-04-19T13:12:06,ready_on_time,17.1,0,True
ME-32286,ORD-US-32285,M-011,Wellness Pharmacy,2025-04-19T09:12:24,ready_on_time,17.4,0,True
ME-32287,ORD-US-32286,M-011,Wellness Pharmacy,2025-04-19T15:44:12,ready_on_time,14.2,0,True
ME-32288,ORD-US-32287,M-009,Daily Mart,2025-04-19T16:48:18,ready_on_time,8.3,0,True
ME-32289,ORD-US-32288,M-009,Daily Mart,2025-04-19T14:23:18,ready_on_time,18.3,0,True
ME-32290,ORD-US-32289,M-011,Wellness Pharmacy,2025-04-19T12:07:42,ready_on_time,7.7,0,True
ME-32291,ORD-US-32290,M-009,Daily Mart,2025-04-19T14:04:18,ready_on_time,9.3,0,True
ME-32292,ORD-US-32291,M-012,Tech Stop,2025-04-19T19:00:18,ready_on_time,10.3,0,True
ME-32293,ORD-US-32292,M-011,Wellness Pharmacy,2025-04-19T12:15:24,ready_on_time,10.4,0,True
ME-32294,ORD-US-32293,M-011,Wellness Pharmacy,2025-04-19T19:53:48,ready_on_time,13.8,0,True
ME-32295,ORD-US-32294,M-012,Tech Stop,2025-04-19T12:59:06,ready_on_time,9.1,0,True
ME-32296,ORD-US-32295,M-009,Daily Mart,2025-04-19T08:42:00,ready_on_time,17.0,0,True
ME-32297,ORD-US-32296,M-012,Tech Stop,2025-04-19T11:36:36,ready_on_time,11.6,0,True
ME-32298,ORD-US-32297,M-011,Wellness Pharmacy,2025-04-19T09:58:12,ready_on_time,18.2,0,True
ME-32299,ORD-US-32298,M-011,Wellness Pharmacy,2025-04-19T14:40:18,ready_on_time,15.3,0,True
ME-32300,ORD-US-32299,M-012,Tech Stop,2025-04-19T16:49:12,ready_on_time,19.2,0,True
ME-32301,ORD-US-32300,M-012,Tech Stop,2025-04-19T17:21:18,ready_on_time,11.3,0,True
ME-32302,ORD-US-32301,M-009,Daily Mart,2025-04-19T11:32:24,ready_on_time,17.4,0,True
ME-32303,ORD-US-32302,M-011,Wellness Pharmacy,2025-04-19T18:16:30,ready_on_time,11.5,0,True
ME-32304,ORD-US-32303,M-011,Wellness Pharmacy,2025-04-19T18:31:12,ready_on_time,21.2,0,True
ME-32305,ORD-US-32304,M-009,Daily Mart,2025-04-19T09:32:30,ready_on_time,12.5,0,True
ME-32306,ORD-US-32305,M-009,Daily Mart,2025-04-19T13:38:18,ready_on_time,18.3,0,True
ME-32307,ORD-US-32306,M-010,Burger District,2025-04-19T20:32:24,ready_on_time,22.4,0,True
ME-32308,ORD-US-32307,M-011,Wellness Pharmacy,2025-04-19T19:27:54,ready_on_time,7.9,0,True
ME-32309,ORD-US-32308,M-011,Wellness Pharmacy,2025-04-19T09:33:48,ready_on_time,18.8,0,True
ME-32310,ORD-US-32309,M-011,Wellness Pharmacy,2025-04-19T18:34:36,ready_on_time,19.6,0,True
ME-32311,ORD-US-32310,M-011,Wellness Pharmacy,2025-04-19T09:41:12,ready_on_time,16.2,0,True
ME-32312,ORD-US-32311,M-010,Burger District,2025-04-19T09:24:24,ready_on_time,19.4,0,True
ME-32313,ORD-US-32312,M-009,Daily Mart,2025-04-19T16:52:18,ready_on_time,17.3,0,True
ME-32314,ORD-US-32313,M-012,Tech Stop,2025-04-19T13:13:12,ready_on_time,18.2,0,True
ME-32315,ORD-US-32314,M-011,Wellness Pharmacy,2025-04-19T17:46:30,ready_on_time,11.5,0,True
ME-32316,ORD-US-32315,M-012,Tech Stop,2025-04-19T10:04:54,ready_on_time,14.9,0,True
ME-32317,ORD-US-32316,M-009,Daily Mart,2025-04-19T14:54:00,ready_on_time,14.0,0,True
ME-32318,ORD-US-32317,M-010,Burger District,2025-04-19T19:49:54,ready_on_time,14.9,0,True
ME-32319,ORD-US-32318,M-009,Daily Mart,2025-04-19T10:02:18,ready_on_time,12.3,0,True
ME-32320,ORD-US-32319,M-010,Burger District,2025-04-19T18:38:18,ready_on_time,8.3,0,True
ME-32321,ORD-US-32320,M-011,Wellness Pharmacy,2025-04-19T16:53:30,ready_on_time,13.5,0,True
ME-32322,ORD-US-32321,M-012,Tech Stop,2025-04-19T18:59:54,ready_on_time,9.9,0,True
ME-32323,ORD-US-32322,M-009,Daily Mart,2025-04-19T16:55:42,ready_on_time,15.7,0,True
ME-32324,ORD-US-32323,M-009,Daily Mart,2025-04-19T18:20:18,ready_on_time,20.3,0,True
ME-32325,ORD-US-32324,M-009,Daily Mart,2025-04-19T18:31:12,ready_on_time,11.2,0,True
ME-32326,ORD-US-32325,M-012,Tech Stop,2025-04-19T12:07:30,ready_on_time,17.5,0,True
ME-32327,ORD-US-32326,M-002,Crisp & Co.,2025-04-20T08:53:00,ready_on_time,18.0,0,True
ME-32328,ORD-US-32327,M-003,Pasta Garden,2025-04-20T10:24:36,ready_on_time,9.6,0,True
ME-32329,ORD-US-32328,M-002,Crisp & Co.,2025-04-20T20:07:30,ready_on_time,12.5,0,True
ME-32330,ORD-US-32329,M-002,Crisp & Co.,2025-04-20T10:47:00,ready_on_time,12.0,0,True
ME-32331,ORD-US-32330,M-003,Pasta Garden,2025-04-20T09:27:42,ready_on_time,12.7,0,True
ME-32332,ORD-US-32331,M-001,Green Basket Market,2025-04-20T21:03:54,ready_on_time,13.9,0,True
ME-32333,ORD-US-32332,M-003,Pasta Garden,2025-04-20T18:40:30,ready_on_time,15.5,0,True
ME-32334,ORD-US-32333,M-001,Green Basket Market,2025-04-20T11:06:42,ready_on_time,11.7,0,True
ME-32335,ORD-US-32334,M-001,Green Basket Market,2025-04-20T18:15:06,ready_on_time,20.1,0,True
ME-32336,ORD-US-32335,M-001,Green Basket Market,2025-04-20T19:29:24,ready_on_time,9.4,0,True
ME-32337,ORD-US-32336,M-001,Green Basket Market,2025-04-20T16:59:24,ready_on_time,4.4,0,True
ME-32338,ORD-US-32337,M-003,Pasta Garden,2025-04-20T16:27:06,ready_on_time,12.1,0,True
ME-32339,ORD-US-32338,M-003,Pasta Garden,2025-04-20T15:28:30,ready_on_time,18.5,0,True
ME-32340,ORD-US-32339,M-004,QuickCare Pharmacy,2025-04-20T13:59:24,ready_on_time,9.4,0,True
ME-32341,ORD-US-32340,M-001,Green Basket Market,2025-04-20T11:48:54,ready_on_time,13.9,0,True
ME-32342,ORD-US-32341,M-004,QuickCare Pharmacy,2025-04-20T11:40:54,ready_on_time,10.9,0,True
ME-32343,ORD-US-32342,M-001,Green Basket Market,2025-04-20T12:43:12,ready_on_time,8.2,0,True
ME-32344,ORD-US-32343,M-004,QuickCare Pharmacy,2025-04-20T18:22:54,ready_on_time,12.9,0,True
ME-32345,ORD-US-32344,M-003,Pasta Garden,2025-04-20T09:01:00,ready_on_time,21.0,0,True
ME-32346,ORD-US-32345,M-004,QuickCare Pharmacy,2025-04-20T11:11:48,ready_on_time,16.8,0,True
ME-32347,ORD-US-32346,M-003,Pasta Garden,2025-04-20T13:26:24,ready_on_time,11.4,0,True
ME-32348,ORD-US-32347,M-002,Crisp & Co.,2025-04-20T10:14:54,ready_on_time,9.9,0,True
ME-32349,ORD-US-32348,M-002,Crisp & Co.,2025-04-20T16:31:06,ready_on_time,16.1,0,True
ME-32350,ORD-US-32349,M-004,QuickCare Pharmacy,2025-04-20T09:23:36,ready_on_time,13.6,0,True
ME-32351,ORD-US-32350,M-002,Crisp & Co.,2025-04-20T10:24:54,ready_on_time,19.9,0,True
ME-32352,ORD-US-32351,M-004,QuickCare Pharmacy,2025-04-20T15:07:30,ready_on_time,7.5,0,True
ME-32353,ORD-US-32352,M-003,Pasta Garden,2025-04-20T12:30:54,ready_on_time,10.9,0,True
ME-32354,ORD-US-32353,M-001,Green Basket Market,2025-04-20T11:56:30,ready_on_time,11.5,0,True
ME-32355,ORD-US-32354,M-003,Pasta Garden,2025-04-20T10:07:06,ready_on_time,17.1,0,True
ME-32356,ORD-US-32355,M-001,Green Basket Market,2025-04-20T15:51:42,ready_on_time,11.7,0,True
ME-32357,ORD-US-32356,M-003,Pasta Garden,2025-04-20T09:16:06,ready_on_time,6.1,0,True
ME-32358,ORD-US-32357,M-004,QuickCare Pharmacy,2025-04-20T11:53:00,ready_on_time,13.0,0,True
ME-32359,ORD-US-32358,M-003,Pasta Garden,2025-04-20T14:35:06,ready_on_time,10.1,0,True
ME-32360,ORD-US-32359,M-002,Crisp & Co.,2025-04-20T11:23:18,ready_on_time,8.3,0,True
ME-32361,ORD-US-32360,M-003,Pasta Garden,2025-04-20T15:21:00,ready_on_time,6.0,0,True
ME-32362,ORD-US-32361,M-001,Green Basket Market,2025-04-20T19:24:48,ready_on_time,14.8,0,True
ME-32363,ORD-US-32362,M-002,Crisp & Co.,2025-04-20T13:27:12,ready_on_time,12.2,0,True
ME-32364,ORD-US-32363,M-006,Fresh Roots Grocery,2025-04-20T18:52:30,ready_on_time,17.5,0,True
ME-32365,ORD-US-32364,M-007,Home & Handy,2025-04-20T15:52:30,ready_on_time,17.5,0,True
ME-32366,ORD-US-32365,M-008,Noodle House,2025-04-20T13:18:36,ready_on_time,13.6,0,True
ME-32367,ORD-US-32366,M-006,Fresh Roots Grocery,2025-04-20T21:00:36,ready_on_time,15.6,0,True
ME-32368,ORD-US-32367,M-008,Noodle House,2025-04-20T21:12:18,ready_on_time,17.3,0,True
ME-32369,ORD-US-32368,M-008,Noodle House,2025-04-20T16:30:00,ready_on_time,10.0,0,True
ME-32370,ORD-US-32369,M-006,Fresh Roots Grocery,2025-04-20T15:38:36,ready_on_time,23.6,0,True
ME-32371,ORD-US-32370,M-007,Home & Handy,2025-04-20T20:51:54,ready_on_time,16.9,0,True
ME-32372,ORD-US-32371,M-008,Noodle House,2025-04-20T21:00:48,ready_on_time,10.8,0,True
ME-32373,ORD-US-32372,M-007,Home & Handy,2025-04-20T19:58:48,ready_on_time,13.8,0,True
ME-32374,ORD-US-32373,M-006,Fresh Roots Grocery,2025-04-20T20:07:30,ready_on_time,7.5,0,False
ME-32375,ORD-US-32374,M-007,Home & Handy,2025-04-20T11:53:36,ready_on_time,8.6,0,True
ME-32376,ORD-US-32375,M-005,Corner Table,2025-04-20T08:35:24,ready_on_time,10.4,0,True
ME-32377,ORD-US-32376,M-007,Home & Handy,2025-04-20T12:29:48,ready_on_time,9.8,0,True
ME-32378,ORD-US-32377,M-006,Fresh Roots Grocery,2025-04-20T13:35:54,ready_on_time,15.9,0,True
ME-32379,ORD-US-32378,M-006,Fresh Roots Grocery,2025-04-20T19:12:30,ready_on_time,17.5,0,True
ME-32380,ORD-US-32379,M-007,Home & Handy,2025-04-20T20:59:48,ready_on_time,14.8,0,True
ME-32381,ORD-US-32380,M-006,Fresh Roots Grocery,2025-04-20T18:18:18,ready_on_time,13.3,0,False
ME-32382,ORD-US-32381,M-006,Fresh Roots Grocery,2025-04-20T19:01:48,ready_on_time,11.8,0,True
ME-32383,ORD-US-32382,M-005,Corner Table,2025-04-20T17:56:18,ready_on_time,11.3,0,True
ME-32384,ORD-US-32383,M-007,Home & Handy,2025-04-20T10:47:12,ready_on_time,12.2,0,True
ME-32385,ORD-US-32384,M-007,Home & Handy,2025-04-20T13:24:42,ready_on_time,14.7,0,True
ME-32386,ORD-US-32385,M-008,Noodle House,2025-04-20T18:59:24,ready_on_time,24.4,0,True
ME-32387,ORD-US-32386,M-006,Fresh Roots Grocery,2025-04-20T16:02:12,ready_on_time,17.2,0,True
ME-32388,ORD-US-32387,M-006,Fresh Roots Grocery,2025-04-20T17:11:06,ready_on_time,6.1,0,True
ME-32389,ORD-US-32388,M-007,Home & Handy,2025-04-20T08:37:24,ready_on_time,17.4,0,True
ME-32390,ORD-US-32389,M-005,Corner Table,2025-04-20T14:45:24,ready_on_time,20.4,0,True
ME-32391,ORD-US-32390,M-005,Corner Table,2025-04-20T19:13:06,ready_on_time,13.1,0,True
ME-32392,ORD-US-32391,M-006,Fresh Roots Grocery,2025-04-20T12:48:00,ready_on_time,13.0,0,True
ME-32393,ORD-US-32392,M-006,Fresh Roots Grocery,2025-04-20T08:38:42,ready_on_time,18.7,0,True
ME-32394,ORD-US-32393,M-005,Corner Table,2025-04-20T15:20:36,ready_on_time,15.6,0,True
ME-32395,ORD-US-32394,M-005,Corner Table,2025-04-20T12:55:48,ready_on_time,15.8,0,True
ME-32396,ORD-US-32395,M-005,Corner Table,2025-04-20T15:09:42,ready_on_time,19.7,0,True
ME-32397,ORD-US-32396,M-005,Corner Table,2025-04-20T13:34:30,ready_on_time,14.5,0,True
ME-32398,ORD-US-32397,M-007,Home & Handy,2025-04-20T13:23:30,ready_on_time,13.5,0,True
ME-32399,ORD-US-32398,M-008,Noodle House,2025-04-20T13:00:30,ready_on_time,15.5,0,True
ME-32400,ORD-US-32399,M-005,Corner Table,2025-04-20T15:12:18,ready_on_time,12.3,0,True
ME-32401,ORD-US-32400,M-005,Corner Table,2025-04-20T08:11:12,ready_on_time,11.2,0,True
ME-32402,ORD-US-32401,M-006,Fresh Roots Grocery,2025-04-20T12:51:42,ready_on_time,11.7,0,True
ME-32403,ORD-US-32402,M-008,Noodle House,2025-04-20T20:00:12,ready_on_time,15.2,0,True
ME-32404,ORD-US-32403,M-008,Noodle House,2025-04-20T14:45:06,ready_on_time,15.1,0,True
ME-32405,ORD-US-32404,M-005,Corner Table,2025-04-20T14:30:00,ready_on_time,10.0,0,True
ME-32406,ORD-US-32405,M-012,Tech Stop,2025-04-20T09:41:54,ready_on_time,11.9,0,True
ME-32407,ORD-US-32406,M-011,Wellness Pharmacy,2025-04-20T12:09:06,ready_on_time,9.1,0,True
ME-32408,ORD-US-32407,M-012,Tech Stop,2025-04-20T17:29:36,ready_on_time,14.6,0,True
ME-32409,ORD-US-32408,M-009,Daily Mart,2025-04-20T17:57:30,ready_on_time,12.5,0,True
ME-32410,ORD-US-32409,M-011,Wellness Pharmacy,2025-04-20T15:00:30,ready_on_time,15.5,0,True
ME-32411,ORD-US-32410,M-012,Tech Stop,2025-04-20T17:11:42,ready_on_time,11.7,0,True
ME-32412,ORD-US-32411,M-011,Wellness Pharmacy,2025-04-20T18:49:24,ready_on_time,19.4,0,True
ME-32413,ORD-US-32412,M-011,Wellness Pharmacy,2025-04-20T15:23:18,ready_on_time,13.3,0,True
ME-32414,ORD-US-32413,M-009,Daily Mart,2025-04-20T17:58:48,ready_on_time,18.8,0,True
ME-32415,ORD-US-32414,M-011,Wellness Pharmacy,2025-04-20T15:39:24,ready_on_time,9.4,0,True
ME-32416,ORD-US-32415,M-011,Wellness Pharmacy,2025-04-20T17:00:54,ready_on_time,15.9,0,True
ME-32417,ORD-US-32416,M-009,Daily Mart,2025-04-20T12:28:30,ready_on_time,13.5,0,True
ME-32418,ORD-US-32417,M-011,Wellness Pharmacy,2025-04-20T11:46:24,ready_on_time,11.4,0,True
ME-32419,ORD-US-32418,M-009,Daily Mart,2025-04-20T09:52:00,ready_on_time,17.0,0,True
ME-32420,ORD-US-32419,M-012,Tech Stop,2025-04-20T21:01:42,ready_on_time,11.7,0,True
ME-32421,ORD-US-32420,M-009,Daily Mart,2025-04-20T17:04:12,ready_on_time,9.2,0,True
ME-32422,ORD-US-32421,M-009,Daily Mart,2025-04-20T11:36:48,ready_on_time,16.8,0,True
ME-32423,ORD-US-32422,M-009,Daily Mart,2025-04-20T16:10:00,ready_on_time,15.0,0,True
ME-32424,ORD-US-32423,M-012,Tech Stop,2025-04-20T18:00:24,ready_on_time,20.4,0,True
ME-32425,ORD-US-32424,M-009,Daily Mart,2025-04-20T08:16:42,ready_on_time,16.7,0,True
ME-32426,ORD-US-32425,M-011,Wellness Pharmacy,2025-04-20T10:52:18,ready_on_time,17.3,0,True
ME-32427,ORD-US-32426,M-010,Burger District,2025-04-20T19:00:36,ready_on_time,15.6,0,True
ME-32428,ORD-US-32427,M-009,Daily Mart,2025-04-20T14:32:06,ready_on_time,17.1,0,True
ME-32429,ORD-US-32428,M-009,Daily Mart,2025-04-20T12:52:12,ready_on_time,12.2,0,True
ME-32430,ORD-US-32429,M-011,Wellness Pharmacy,2025-04-20T19:37:18,ready_on_time,12.3,0,True
ME-32431,ORD-US-32430,M-012,Tech Stop,2025-04-20T17:23:54,ready_on_time,13.9,0,True
ME-32432,ORD-US-32431,M-012,Tech Stop,2025-04-20T13:22:12,ready_on_time,17.2,0,True
ME-32433,ORD-US-32432,M-012,Tech Stop,2025-04-20T10:27:42,ready_on_time,7.7,0,True
ME-32434,ORD-US-32433,M-010,Burger District,2025-04-20T15:15:18,ready_on_time,10.3,0,True
ME-32435,ORD-US-32434,M-010,Burger District,2025-04-20T16:00:12,ready_on_time,15.2,0,True
ME-32436,ORD-US-32435,M-011,Wellness Pharmacy,2025-04-20T11:26:06,ready_on_time,16.1,0,True
ME-32437,ORD-US-32436,M-011,Wellness Pharmacy,2025-04-20T17:39:00,ready_on_time,14.0,0,True
ME-32438,ORD-US-32437,M-010,Burger District,2025-04-20T15:16:00,ready_on_time,21.0,0,True
ME-32439,ORD-US-32438,M-010,Burger District,2025-04-20T19:41:42,ready_on_time,11.7,0,True
ME-32440,ORD-US-32439,M-011,Wellness Pharmacy,2025-04-20T13:44:42,ready_on_time,14.7,0,True
ME-32441,ORD-US-32440,M-010,Burger District,2025-04-20T12:42:42,ready_on_time,7.7,0,True
ME-32442,ORD-US-32441,M-010,Burger District,2025-04-20T16:51:24,ready_on_time,16.4,0,True
ME-32443,ORD-US-32442,M-011,Wellness Pharmacy,2025-04-20T20:09:24,ready_on_time,19.4,0,True
ME-32444,ORD-US-32443,M-009,Daily Mart,2025-04-20T19:52:06,ready_on_time,12.1,0,True
ME-32445,ORD-US-32444,M-012,Tech Stop,2025-04-20T10:08:36,ready_on_time,18.6,0,True
ME-32446,ORD-US-32445,M-002,Crisp & Co.,2025-04-21T18:29:48,ready_on_time,14.8,0,True
ME-32447,ORD-US-32446,M-002,Crisp & Co.,2025-04-21T20:16:18,ready_on_time,11.3,0,True
ME-32448,ORD-US-32447,M-004,QuickCare Pharmacy,2025-04-21T08:55:24,ready_on_time,15.4,0,True
ME-32449,ORD-US-32448,M-002,Crisp & Co.,2025-04-21T18:11:54,ready_on_time,16.9,0,True
ME-32450,ORD-US-32449,M-001,Green Basket Market,2025-04-21T11:12:30,ready_on_time,12.5,0,True
ME-32451,ORD-US-32450,M-001,Green Basket Market,2025-04-21T08:56:24,ready_on_time,11.4,0,True
ME-32452,ORD-US-32451,M-001,Green Basket Market,2025-04-21T18:39:48,ready_on_time,14.8,0,True
ME-32453,ORD-US-32452,M-003,Pasta Garden,2025-04-21T14:14:54,ready_on_time,9.9,0,True
ME-32454,ORD-US-32453,M-004,QuickCare Pharmacy,2025-04-21T13:39:36,ready_on_time,9.6,0,True
ME-32455,ORD-US-32454,M-002,Crisp & Co.,2025-04-21T15:33:48,ready_on_time,18.8,0,True
ME-32456,ORD-US-32455,M-004,QuickCare Pharmacy,2025-04-21T09:14:06,ready_on_time,14.1,0,True
ME-32457,ORD-US-32456,M-003,Pasta Garden,2025-04-21T12:58:36,ready_on_time,13.6,0,True
ME-32458,ORD-US-32457,M-004,QuickCare Pharmacy,2025-04-21T09:35:18,ready_on_time,20.3,0,True
ME-32459,ORD-US-32458,M-002,Crisp & Co.,2025-04-21T11:35:12,ready_on_time,10.2,0,True
ME-32460,ORD-US-32459,M-002,Crisp & Co.,2025-04-21T11:51:24,ready_on_time,11.4,0,True
ME-32461,ORD-US-32460,M-004,QuickCare Pharmacy,2025-04-21T13:42:24,ready_on_time,12.4,0,True
ME-32462,ORD-US-32461,M-001,Green Basket Market,2025-04-21T19:22:48,ready_on_time,12.8,0,True
ME-32463,ORD-US-32462,M-002,Crisp & Co.,2025-04-21T16:31:30,ready_on_time,6.5,0,True
ME-32464,ORD-US-32463,M-004,QuickCare Pharmacy,2025-04-21T09:34:42,ready_on_time,4.7,0,True
ME-32465,ORD-US-32464,M-001,Green Basket Market,2025-04-21T16:50:54,ready_on_time,10.9,0,True
ME-32466,ORD-US-32465,M-002,Crisp & Co.,2025-04-21T15:22:06,ready_on_time,17.1,0,True
ME-32467,ORD-US-32466,M-003,Pasta Garden,2025-04-21T21:00:48,ready_on_time,20.8,0,True
ME-32468,ORD-US-32467,M-004,QuickCare Pharmacy,2025-04-21T19:49:06,ready_on_time,9.1,0,True
ME-32469,ORD-US-32468,M-001,Green Basket Market,2025-04-21T16:57:06,ready_on_time,12.1,0,True
ME-32470,ORD-US-32469,M-001,Green Basket Market,2025-04-21T19:53:54,ready_on_time,13.9,0,True
ME-32471,ORD-US-32470,M-004,QuickCare Pharmacy,2025-04-21T18:15:54,ready_on_time,5.9,0,True
ME-32472,ORD-US-32471,M-003,Pasta Garden,2025-04-21T17:53:30,ready_on_time,18.5,0,True
ME-32473,ORD-US-32472,M-001,Green Basket Market,2025-04-21T13:12:12,ready_on_time,7.2,0,True
ME-32474,ORD-US-32473,M-004,QuickCare Pharmacy,2025-04-21T17:15:12,ready_on_time,20.2,0,True
ME-32475,ORD-US-32474,M-004,QuickCare Pharmacy,2025-04-21T11:56:42,ready_on_time,6.7,0,True
ME-32476,ORD-US-32475,M-002,Crisp & Co.,2025-04-21T20:14:54,ready_on_time,14.9,0,True
ME-32477,ORD-US-32476,M-001,Green Basket Market,2025-04-21T13:10:06,ready_on_time,10.1,0,True
ME-32478,ORD-US-32477,M-003,Pasta Garden,2025-04-21T16:05:12,ready_on_time,10.2,0,True
ME-32479,ORD-US-32478,M-002,Crisp & Co.,2025-04-21T14:03:24,ready_on_time,18.4,0,True
ME-32480,ORD-US-32479,M-002,Crisp & Co.,2025-04-21T15:28:48,ready_on_time,8.8,0,True
ME-32481,ORD-US-32480,M-003,Pasta Garden,2025-04-21T13:02:48,ready_on_time,17.8,0,True
ME-32482,ORD-US-32481,M-003,Pasta Garden,2025-04-21T14:28:48,ready_on_time,13.8,0,True
ME-32483,ORD-US-32482,M-003,Pasta Garden,2025-04-21T09:18:00,ready_on_time,13.0,0,True
ME-32484,ORD-US-32483,M-004,QuickCare Pharmacy,2025-04-21T15:55:24,ready_on_time,15.4,0,True
ME-32485,ORD-US-32484,M-001,Green Basket Market,2025-04-21T19:15:30,ready_on_time,10.5,0,True
ME-32486,ORD-US-32485,M-007,Home & Handy,2025-04-21T09:52:30,ready_on_time,12.5,0,True
ME-32487,ORD-US-32486,M-008,Noodle House,2025-04-21T16:58:12,ready_on_time,13.2,0,True
ME-32488,ORD-US-32487,M-006,Fresh Roots Grocery,2025-04-21T20:45:00,ready_on_time,10.0,0,True
ME-32489,ORD-US-32488,M-008,Noodle House,2025-04-21T18:26:30,ready_on_time,16.5,0,True
ME-32490,ORD-US-32489,M-008,Noodle House,2025-04-21T18:29:00,ready_on_time,19.0,0,True
ME-32491,ORD-US-32490,M-006,Fresh Roots Grocery,2025-04-21T13:34:54,ready_on_time,14.9,0,True
ME-32492,ORD-US-32491,M-005,Corner Table,2025-04-21T09:12:48,ready_on_time,17.8,0,True
ME-32493,ORD-US-32492,M-008,Noodle House,2025-04-21T14:50:18,ready_on_time,15.3,0,True
ME-32494,ORD-US-32493,M-007,Home & Handy,2025-04-21T08:48:54,ready_on_time,13.9,0,True
ME-32495,ORD-US-32494,M-005,Corner Table,2025-04-21T10:20:18,ready_on_time,15.3,0,True
ME-32496,ORD-US-32495,M-007,Home & Handy,2025-04-21T11:48:54,ready_on_time,13.9,0,True
ME-32497,ORD-US-32496,M-005,Corner Table,2025-04-21T14:22:00,ready_on_time,17.0,0,True
ME-32498,ORD-US-32497,M-006,Fresh Roots Grocery,2025-04-21T13:15:48,ready_on_time,15.8,0,True
ME-32499,ORD-US-32498,M-006,Fresh Roots Grocery,2025-04-21T12:04:06,ready_on_time,14.1,0,True
ME-32500,ORD-US-32499,M-007,Home & Handy,2025-04-21T12:25:12,ready_on_time,20.2,0,True
ME-32501,ORD-US-32500,M-005,Corner Table,2025-04-21T15:57:36,ready_on_time,12.6,0,True
ME-32502,ORD-US-32501,M-006,Fresh Roots Grocery,2025-04-21T13:12:24,ready_on_time,17.4,0,True
ME-32503,ORD-US-32502,M-006,Fresh Roots Grocery,2025-04-21T15:02:36,ready_on_time,17.6,0,True
ME-32504,ORD-US-32503,M-006,Fresh Roots Grocery,2025-04-21T18:45:54,ready_on_time,10.9,0,True
ME-32505,ORD-US-32504,M-007,Home & Handy,2025-04-21T12:34:12,ready_on_time,9.2,0,True
ME-32506,ORD-US-32505,M-006,Fresh Roots Grocery,2025-04-21T19:41:42,ready_on_time,16.7,0,True
ME-32507,ORD-US-32506,M-007,Home & Handy,2025-04-21T11:00:24,ready_on_time,15.4,0,True
ME-32508,ORD-US-32507,M-005,Corner Table,2025-04-21T11:41:54,ready_on_time,11.9,0,True
ME-32509,ORD-US-32508,M-007,Home & Handy,2025-04-21T10:34:54,ready_on_time,19.9,0,True
ME-32510,ORD-US-32509,M-008,Noodle House,2025-04-21T12:21:18,ready_on_time,16.3,0,True
ME-32511,ORD-US-32510,M-006,Fresh Roots Grocery,2025-04-21T19:32:24,ready_on_time,22.4,0,True
ME-32512,ORD-US-32511,M-008,Noodle House,2025-04-21T17:56:30,ready_on_time,16.5,0,True
ME-32513,ORD-US-32512,M-005,Corner Table,2025-04-21T21:09:54,ready_on_time,19.9,0,True
ME-32514,ORD-US-32513,M-005,Corner Table,2025-04-21T13:32:30,ready_on_time,12.5,0,True
ME-32515,ORD-US-32514,M-005,Corner Table,2025-04-21T11:24:18,ready_on_time,9.3,0,True
ME-32516,ORD-US-32515,M-008,Noodle House,2025-04-21T09:12:12,ready_on_time,12.2,0,True
ME-32517,ORD-US-32516,M-006,Fresh Roots Grocery,2025-04-21T16:18:24,ready_on_time,18.4,0,True
ME-32518,ORD-US-32517,M-007,Home & Handy,2025-04-21T14:23:42,ready_on_time,13.7,0,True
ME-32519,ORD-US-32518,M-007,Home & Handy,2025-04-21T09:59:30,ready_on_time,14.5,0,True
ME-32520,ORD-US-32519,M-005,Corner Table,2025-04-21T11:57:24,ready_on_time,17.4,0,True
ME-32521,ORD-US-32520,M-006,Fresh Roots Grocery,2025-04-21T08:24:36,ready_on_time,14.6,0,True
ME-32522,ORD-US-32521,M-012,Tech Stop,2025-04-21T20:58:30,ready_on_time,8.5,0,True
ME-32523,ORD-US-32522,M-009,Daily Mart,2025-04-21T14:26:42,ready_on_time,16.7,0,True
ME-32524,ORD-US-32523,M-011,Wellness Pharmacy,2025-04-21T09:13:54,ready_on_time,13.9,0,True
ME-32525,ORD-US-32524,M-009,Daily Mart,2025-04-21T15:50:48,ready_on_time,15.8,0,True
ME-32526,ORD-US-32525,M-011,Wellness Pharmacy,2025-04-21T15:21:30,ready_on_time,11.5,0,True
ME-32527,ORD-US-32526,M-012,Tech Stop,2025-04-21T20:54:54,ready_on_time,9.9,0,True
ME-32528,ORD-US-32527,M-009,Daily Mart,2025-04-21T12:44:42,ready_on_time,9.7,0,True
ME-32529,ORD-US-32528,M-009,Daily Mart,2025-04-21T14:57:30,ready_on_time,22.5,0,True
ME-32530,ORD-US-32529,M-009,Daily Mart,2025-04-21T16:44:42,ready_on_time,14.7,0,True
ME-32531,ORD-US-32530,M-010,Burger District,2025-04-21T13:33:00,ready_on_time,13.0,0,True
ME-32532,ORD-US-32531,M-011,Wellness Pharmacy,2025-04-21T13:16:24,ready_on_time,16.4,0,True
ME-32533,ORD-US-32532,M-011,Wellness Pharmacy,2025-04-21T09:06:00,ready_on_time,6.0,0,True
ME-32534,ORD-US-32533,M-010,Burger District,2025-04-21T11:08:54,ready_on_time,13.9,0,True
ME-32535,ORD-US-32534,M-010,Burger District,2025-04-21T09:29:48,ready_on_time,14.8,0,True
ME-32536,ORD-US-32535,M-009,Daily Mart,2025-04-21T18:27:12,ready_on_time,12.2,0,True
ME-32537,ORD-US-32536,M-010,Burger District,2025-04-21T11:38:18,ready_on_time,13.3,0,True
ME-32538,ORD-US-32537,M-009,Daily Mart,2025-04-21T10:30:54,ready_on_time,10.9,0,True
ME-32539,ORD-US-32538,M-009,Daily Mart,2025-04-21T13:51:00,ready_on_time,11.0,0,True
ME-32540,ORD-US-32539,M-012,Tech Stop,2025-04-21T19:54:42,ready_on_time,14.7,0,True
ME-32541,ORD-US-32540,M-010,Burger District,2025-04-21T12:35:00,ready_on_time,15.0,0,True
ME-32542,ORD-US-32541,M-009,Daily Mart,2025-04-21T11:45:18,ready_on_time,20.3,0,True
ME-32543,ORD-US-32542,M-010,Burger District,2025-04-21T20:41:42,ready_on_time,21.7,0,True
ME-32544,ORD-US-32543,M-010,Burger District,2025-04-21T16:52:30,ready_on_time,17.5,0,True
ME-32545,ORD-US-32544,M-011,Wellness Pharmacy,2025-04-21T08:46:30,ready_on_time,21.5,0,True
ME-32546,ORD-US-32545,M-009,Daily Mart,2025-04-21T13:09:54,ready_on_time,14.9,0,True
ME-32547,ORD-US-32546,M-011,Wellness Pharmacy,2025-04-21T09:08:48,ready_on_time,13.8,0,True
ME-32548,ORD-US-32547,M-010,Burger District,2025-04-21T09:13:00,ready_on_time,13.0,0,True
ME-32549,ORD-US-32548,M-009,Daily Mart,2025-04-21T12:00:06,ready_on_time,15.1,0,True
ME-32550,ORD-US-32549,M-012,Tech Stop,2025-04-21T11:21:12,ready_on_time,16.2,0,True
ME-32551,ORD-US-32550,M-010,Burger District,2025-04-21T11:48:24,ready_on_time,8.4,0,True
ME-32552,ORD-US-32551,M-011,Wellness Pharmacy,2025-04-21T20:48:00,ready_on_time,23.0,0,True
ME-32553,ORD-US-32552,M-012,Tech Stop,2025-04-21T15:46:12,ready_on_time,11.2,0,True
ME-32554,ORD-US-32553,M-011,Wellness Pharmacy,2025-04-21T15:06:30,ready_on_time,11.5,0,True
ME-32555,ORD-US-32554,M-009,Daily Mart,2025-04-21T19:35:24,ready_on_time,5.4,0,True
ME-32556,ORD-US-32555,M-010,Burger District,2025-04-21T18:53:36,ready_on_time,23.6,0,True
ME-32557,ORD-US-32556,M-012,Tech Stop,2025-04-21T17:30:36,ready_on_time,15.6,0,True
ME-32558,ORD-US-32557,M-010,Burger District,2025-04-21T09:36:42,ready_on_time,16.7,0,True
ME-32559,ORD-US-32558,M-012,Tech Stop,2025-04-21T10:30:48,ready_on_time,15.8,0,True
ME-32560,ORD-US-32559,M-003,Pasta Garden,2025-04-22T14:37:00,ready_late,15.0,12,True
ME-32561,ORD-US-32560,M-001,Green Basket Market,2025-04-22T18:20:24,ready_on_time,15.4,0,True
ME-32562,ORD-US-32561,M-003,Pasta Garden,2025-04-22T13:14:48,ready_late,17.8,12,True
ME-32563,ORD-US-32562,M-003,Pasta Garden,2025-04-22T08:53:36,ready_late,17.6,16,True
ME-32564,ORD-US-32563,M-003,Pasta Garden,2025-04-22T21:05:06,ready_on_time,15.1,0,True
ME-32565,ORD-US-32564,M-001,Green Basket Market,2025-04-22T14:40:36,ready_on_time,20.6,0,True
ME-32566,ORD-US-32565,M-001,Green Basket Market,2025-04-22T16:13:42,ready_on_time,13.7,0,True
ME-32567,ORD-US-32566,M-003,Pasta Garden,2025-04-22T15:32:06,ready_on_time,12.1,0,True
ME-32568,ORD-US-32567,M-002,Crisp & Co.,2025-04-22T14:03:18,ready_on_time,13.3,0,True
ME-32569,ORD-US-32568,M-003,Pasta Garden,2025-04-22T16:50:00,ready_on_time,15.0,0,True
ME-32570,ORD-US-32569,M-003,Pasta Garden,2025-04-22T12:14:30,ready_late,22.5,12,True
ME-32571,ORD-US-32570,M-004,QuickCare Pharmacy,2025-04-22T09:25:06,ready_on_time,20.1,0,True
ME-32572,ORD-US-32571,M-001,Green Basket Market,2025-04-22T17:46:54,ready_on_time,16.9,0,True
ME-32573,ORD-US-32572,M-001,Green Basket Market,2025-04-22T20:35:06,ready_on_time,10.1,0,True
ME-32574,ORD-US-32573,M-004,QuickCare Pharmacy,2025-04-22T19:42:42,ready_on_time,7.7,0,True
ME-32575,ORD-US-32574,M-001,Green Basket Market,2025-04-22T09:38:54,ready_on_time,23.9,0,True
ME-32576,ORD-US-32575,M-003,Pasta Garden,2025-04-22T14:14:54,ready_late,13.9,16,True
ME-32577,ORD-US-32576,M-001,Green Basket Market,2025-04-22T13:24:12,ready_on_time,9.2,0,True
ME-32578,ORD-US-32577,M-002,Crisp & Co.,2025-04-22T09:55:30,ready_on_time,20.5,0,True
ME-32579,ORD-US-32578,M-002,Crisp & Co.,2025-04-22T16:07:24,ready_on_time,22.4,0,True
ME-32580,ORD-US-32579,M-004,QuickCare Pharmacy,2025-04-22T09:18:48,ready_on_time,13.8,0,True
ME-32581,ORD-US-32580,M-002,Crisp & Co.,2025-04-22T10:25:36,ready_on_time,15.6,0,False
ME-32582,ORD-US-32581,M-004,QuickCare Pharmacy,2025-04-22T19:26:42,ready_on_time,11.7,0,True
ME-32583,ORD-US-32582,M-004,QuickCare Pharmacy,2025-04-22T08:47:42,ready_on_time,12.7,0,True
ME-32584,ORD-US-32583,M-003,Pasta Garden,2025-04-22T11:42:00,ready_late,19.0,8,True
ME-32585,ORD-US-32584,M-003,Pasta Garden,2025-04-22T18:05:42,ready_late,13.7,12,True
ME-32586,ORD-US-32585,M-002,Crisp & Co.,2025-04-22T18:29:54,ready_on_time,14.9,0,True
ME-32587,ORD-US-32586,M-002,Crisp & Co.,2025-04-22T12:06:30,ready_on_time,16.5,0,True
ME-32588,ORD-US-32587,M-001,Green Basket Market,2025-04-22T13:30:48,ready_on_time,10.8,0,True
ME-32589,ORD-US-32588,M-003,Pasta Garden,2025-04-22T14:28:42,ready_late,11.7,12,True
ME-32590,ORD-US-32589,M-003,Pasta Garden,2025-04-22T17:45:18,ready_on_time,10.3,0,True
ME-32591,ORD-US-32590,M-004,QuickCare Pharmacy,2025-04-22T18:01:36,ready_on_time,11.6,0,True
ME-32592,ORD-US-32591,M-004,QuickCare Pharmacy,2025-04-22T14:54:24,ready_on_time,19.4,0,True
ME-32593,ORD-US-32592,M-004,QuickCare Pharmacy,2025-04-22T09:34:54,ready_on_time,4.9,0,True
ME-32594,ORD-US-32593,M-003,Pasta Garden,2025-04-22T08:38:36,ready_late,7.6,16,True
ME-32595,ORD-US-32594,M-002,Crisp & Co.,2025-04-22T15:34:30,ready_on_time,24.5,0,True
ME-32596,ORD-US-32595,M-007,Home & Handy,2025-04-22T10:21:00,ready_on_time,16.0,0,False
ME-32597,ORD-US-32596,M-006,Fresh Roots Grocery,2025-04-22T19:40:42,ready_on_time,15.7,0,True
ME-32598,ORD-US-32597,M-008,Noodle House,2025-04-22T10:31:00,ready_on_time,11.0,0,True
ME-32599,ORD-US-32598,M-008,Noodle House,2025-04-22T11:31:42,ready_on_time,11.7,0,True
ME-32600,ORD-US-32599,M-008,Noodle House,2025-04-22T19:13:18,ready_on_time,18.3,0,True
ME-32601,ORD-US-32600,M-005,Corner Table,2025-04-22T13:49:36,ready_on_time,19.6,0,True
ME-32602,ORD-US-32601,M-005,Corner Table,2025-04-22T16:12:30,ready_on_time,7.5,0,True
ME-32603,ORD-US-32602,M-005,Corner Table,2025-04-22T09:24:06,ready_on_time,14.1,0,True
ME-32604,ORD-US-32603,M-008,Noodle House,2025-04-22T08:26:54,ready_on_time,6.9,0,True
ME-32605,ORD-US-32604,M-006,Fresh Roots Grocery,2025-04-22T08:41:06,ready_on_time,16.1,0,True
ME-32606,ORD-US-32605,M-006,Fresh Roots Grocery,2025-04-22T09:52:06,ready_on_time,22.1,0,True
ME-32607,ORD-US-32606,M-007,Home & Handy,2025-04-22T19:20:24,ready_on_time,15.4,0,True
ME-32608,ORD-US-32607,M-005,Corner Table,2025-04-22T10:16:00,ready_on_time,16.0,0,False
ME-32609,ORD-US-32608,M-007,Home & Handy,2025-04-22T10:47:06,ready_on_time,7.1,0,True
ME-32610,ORD-US-32609,M-006,Fresh Roots Grocery,2025-04-22T11:26:30,ready_on_time,11.5,0,True
ME-32611,ORD-US-32610,M-007,Home & Handy,2025-04-22T19:34:36,ready_on_time,19.6,0,True
ME-32612,ORD-US-32611,M-005,Corner Table,2025-04-22T18:36:24,ready_on_time,16.4,0,True
ME-32613,ORD-US-32612,M-007,Home & Handy,2025-04-22T12:36:00,ready_on_time,11.0,0,True
ME-32614,ORD-US-32613,M-005,Corner Table,2025-04-22T18:06:30,ready_on_time,11.5,0,True
ME-32615,ORD-US-32614,M-006,Fresh Roots Grocery,2025-04-22T13:26:18,ready_on_time,16.3,0,True
ME-32616,ORD-US-32615,M-008,Noodle House,2025-04-22T16:37:06,ready_on_time,12.1,0,True
ME-32617,ORD-US-32616,M-007,Home & Handy,2025-04-22T14:21:06,ready_on_time,16.1,0,True
ME-32618,ORD-US-32617,M-007,Home & Handy,2025-04-22T09:19:54,ready_on_time,9.9,0,True
ME-32619,ORD-US-32618,M-008,Noodle House,2025-04-22T14:33:24,ready_on_time,13.4,0,True
ME-32620,ORD-US-32619,M-008,Noodle House,2025-04-22T13:19:06,ready_on_time,19.1,0,True
ME-32621,ORD-US-32620,M-005,Corner Table,2025-04-22T13:54:18,ready_on_time,14.3,0,True
ME-32622,ORD-US-32621,M-008,Noodle House,2025-04-22T14:55:42,ready_on_time,20.7,0,True
ME-32623,ORD-US-32622,M-008,Noodle House,2025-04-22T18:44:24,ready_on_time,9.4,0,True
ME-32624,ORD-US-32623,M-005,Corner Table,2025-04-22T11:32:42,ready_on_time,7.7,0,True
ME-32625,ORD-US-32624,M-008,Noodle House,2025-04-22T10:29:48,ready_on_time,24.8,0,True
ME-32626,ORD-US-32625,M-007,Home & Handy,2025-04-22T10:18:00,ready_on_time,13.0,0,True
ME-32627,ORD-US-32626,M-007,Home & Handy,2025-04-22T14:50:24,ready_on_time,20.4,0,True
ME-32628,ORD-US-32627,M-008,Noodle House,2025-04-22T09:10:18,ready_on_time,15.3,0,True
ME-32629,ORD-US-32628,M-006,Fresh Roots Grocery,2025-04-22T16:47:18,ready_on_time,17.3,0,True
ME-32630,ORD-US-32629,M-007,Home & Handy,2025-04-22T14:47:18,ready_on_time,17.3,0,True
ME-32631,ORD-US-32630,M-005,Corner Table,2025-04-22T19:09:48,ready_on_time,14.8,0,True
ME-32632,ORD-US-32631,M-007,Home & Handy,2025-04-22T10:53:30,ready_on_time,8.5,0,True
ME-32633,ORD-US-32632,M-005,Corner Table,2025-04-22T19:30:30,ready_on_time,15.5,0,True
ME-32634,ORD-US-32633,M-007,Home & Handy,2025-04-22T16:03:54,ready_on_time,8.9,0,True
ME-32635,ORD-US-32634,M-007,Home & Handy,2025-04-22T15:39:18,ready_on_time,14.3,0,True
ME-32636,ORD-US-32635,M-010,Burger District,2025-04-22T10:33:36,ready_on_time,13.6,0,True
ME-32637,ORD-US-32636,M-009,Daily Mart,2025-04-22T17:14:24,ready_on_time,14.4,0,True
ME-32638,ORD-US-32637,M-011,Wellness Pharmacy,2025-04-22T16:48:00,ready_on_time,13.0,0,True
ME-32639,ORD-US-32638,M-012,Tech Stop,2025-04-22T19:52:12,ready_on_time,7.2,0,True
ME-32640,ORD-US-32639,M-009,Daily Mart,2025-04-22T14:30:54,ready_on_time,15.9,0,True
ME-32641,ORD-US-32640,M-010,Burger District,2025-04-22T13:14:30,ready_on_time,14.5,0,True
ME-32642,ORD-US-32641,M-011,Wellness Pharmacy,2025-04-22T19:46:00,ready_on_time,16.0,0,True
ME-32643,ORD-US-32642,M-010,Burger District,2025-04-22T19:14:12,ready_on_time,14.2,0,True
ME-32644,ORD-US-32643,M-012,Tech Stop,2025-04-22T12:53:30,ready_on_time,18.5,0,True
ME-32645,ORD-US-32644,M-011,Wellness Pharmacy,2025-04-22T15:37:00,ready_on_time,12.0,0,True
ME-32646,ORD-US-32645,M-009,Daily Mart,2025-04-22T13:16:24,ready_on_time,16.4,0,True
ME-32647,ORD-US-32646,M-011,Wellness Pharmacy,2025-04-22T14:45:24,ready_on_time,10.4,0,True
ME-32648,ORD-US-32647,M-012,Tech Stop,2025-04-22T18:13:30,ready_on_time,13.5,0,True
ME-32649,ORD-US-32648,M-012,Tech Stop,2025-04-22T17:34:06,ready_on_time,14.1,0,True
ME-32650,ORD-US-32649,M-011,Wellness Pharmacy,2025-04-22T08:23:06,ready_on_time,18.1,0,True
ME-32651,ORD-US-32650,M-012,Tech Stop,2025-04-22T11:52:54,ready_on_time,17.9,0,True
ME-32652,ORD-US-32651,M-010,Burger District,2025-04-22T19:25:42,ready_on_time,15.7,0,True
ME-32653,ORD-US-32652,M-010,Burger District,2025-04-22T18:41:42,ready_on_time,11.7,0,True
ME-32654,ORD-US-32653,M-011,Wellness Pharmacy,2025-04-22T14:19:54,ready_on_time,19.9,0,True
ME-32655,ORD-US-32654,M-009,Daily Mart,2025-04-22T09:59:30,ready_on_time,9.5,0,True
ME-32656,ORD-US-32655,M-010,Burger District,2025-04-22T10:32:36,ready_on_time,17.6,0,True
ME-32657,ORD-US-32656,M-009,Daily Mart,2025-04-22T18:02:42,ready_on_time,7.7,0,True
ME-32658,ORD-US-32657,M-009,Daily Mart,2025-04-22T13:38:24,ready_on_time,13.4,0,True
ME-32659,ORD-US-32658,M-012,Tech Stop,2025-04-22T11:34:06,ready_on_time,14.1,0,True
ME-32660,ORD-US-32659,M-011,Wellness Pharmacy,2025-04-22T16:12:30,ready_on_time,12.5,0,True
ME-32661,ORD-US-32660,M-011,Wellness Pharmacy,2025-04-22T12:34:18,ready_on_time,19.3,0,True
ME-32662,ORD-US-32661,M-012,Tech Stop,2025-04-22T20:02:00,ready_on_time,12.0,0,True
ME-32663,ORD-US-32662,M-009,Daily Mart,2025-04-22T10:24:48,ready_on_time,19.8,0,True
ME-32664,ORD-US-32663,M-012,Tech Stop,2025-04-22T17:15:06,ready_on_time,15.1,0,True
ME-32665,ORD-US-32664,M-010,Burger District,2025-04-22T09:12:30,ready_on_time,17.5,0,True
ME-32666,ORD-US-32665,M-012,Tech Stop,2025-04-22T08:25:54,ready_on_time,15.9,0,True
ME-32667,ORD-US-32666,M-009,Daily Mart,2025-04-22T12:55:00,ready_on_time,10.0,0,True
ME-32668,ORD-US-32667,M-010,Burger District,2025-04-22T14:55:24,ready_on_time,10.4,0,True
ME-32669,ORD-US-32668,M-011,Wellness Pharmacy,2025-04-22T10:46:36,ready_on_time,21.6,0,True
ME-32670,ORD-US-32669,M-010,Burger District,2025-04-22T10:56:54,ready_on_time,11.9,0,True
ME-32671,ORD-US-32670,M-011,Wellness Pharmacy,2025-04-22T15:02:00,ready_on_time,7.0,0,True
ME-32672,ORD-US-32671,M-009,Daily Mart,2025-04-22T16:53:12,ready_on_time,13.2,0,True
ME-32673,ORD-US-32672,M-009,Daily Mart,2025-04-22T16:29:18,ready_on_time,9.3,0,True
ME-32674,ORD-US-32673,M-010,Burger District,2025-04-22T12:27:48,ready_on_time,17.8,0,True
ME-32675,ORD-US-32674,M-009,Daily Mart,2025-04-22T18:32:06,ready_on_time,7.1,0,True
ME-32676,ORD-US-32675,M-009,Daily Mart,2025-04-22T13:26:54,ready_on_time,16.9,0,True
ME-32677,ORD-US-32676,M-011,Wellness Pharmacy,2025-04-22T13:25:30,ready_on_time,15.5,0,True
ME-32678,ORD-US-32677,M-010,Burger District,2025-04-22T20:12:42,ready_on_time,17.7,0,True
ME-32679,ORD-US-32678,M-012,Tech Stop,2025-04-22T20:02:12,ready_on_time,12.2,0,True
ME-32680,ORD-US-32679,M-003,Pasta Garden,2025-04-23T10:39:54,ready_late,7.9,12,True
ME-32681,ORD-US-32680,M-004,QuickCare Pharmacy,2025-04-23T18:17:48,ready_on_time,12.8,0,True
ME-32682,ORD-US-32681,M-002,Crisp & Co.,2025-04-23T18:06:18,ready_on_time,16.3,0,True
ME-32683,ORD-US-32682,M-003,Pasta Garden,2025-04-23T09:51:30,ready_late,15.5,16,True
ME-32684,ORD-US-32683,M-002,Crisp & Co.,2025-04-23T10:14:00,ready_on_time,14.0,0,True
ME-32685,ORD-US-32684,M-001,Green Basket Market,2025-04-23T09:55:24,ready_on_time,10.4,0,True
ME-32686,ORD-US-32685,M-003,Pasta Garden,2025-04-23T09:58:36,ready_on_time,8.6,0,True
ME-32687,ORD-US-32686,M-004,QuickCare Pharmacy,2025-04-23T20:46:12,ready_on_time,21.2,0,True
ME-32688,ORD-US-32687,M-004,QuickCare Pharmacy,2025-04-23T15:34:30,ready_on_time,14.5,0,True
ME-32689,ORD-US-32688,M-003,Pasta Garden,2025-04-23T17:46:06,ready_late,19.1,12,True
ME-32690,ORD-US-32689,M-003,Pasta Garden,2025-04-23T15:11:48,ready_on_time,16.8,0,True
ME-32691,ORD-US-32690,M-004,QuickCare Pharmacy,2025-04-23T10:37:00,ready_on_time,17.0,0,True
ME-32692,ORD-US-32691,M-004,QuickCare Pharmacy,2025-04-23T14:01:06,ready_on_time,16.1,0,True
ME-32693,ORD-US-32692,M-004,QuickCare Pharmacy,2025-04-23T18:01:00,ready_on_time,11.0,0,True
ME-32694,ORD-US-32693,M-002,Crisp & Co.,2025-04-23T20:32:42,ready_on_time,12.7,0,True
ME-32695,ORD-US-32694,M-002,Crisp & Co.,2025-04-23T20:16:36,ready_on_time,16.6,0,True
ME-32696,ORD-US-32695,M-004,QuickCare Pharmacy,2025-04-23T13:40:42,ready_on_time,15.7,0,True
ME-32697,ORD-US-32696,M-002,Crisp & Co.,2025-04-23T17:14:30,ready_on_time,14.5,0,True
ME-32698,ORD-US-32697,M-003,Pasta Garden,2025-04-23T20:00:24,ready_on_time,15.4,0,True
ME-32699,ORD-US-32698,M-004,QuickCare Pharmacy,2025-04-23T11:59:36,ready_on_time,9.6,0,True
ME-32700,ORD-US-32699,M-002,Crisp & Co.,2025-04-23T13:38:18,ready_on_time,13.3,0,True
ME-32701,ORD-US-32700,M-002,Crisp & Co.,2025-04-23T08:10:42,ready_on_time,10.7,0,True
ME-32702,ORD-US-32701,M-002,Crisp & Co.,2025-04-23T14:16:12,ready_on_time,11.2,0,True
ME-32703,ORD-US-32702,M-001,Green Basket Market,2025-04-23T15:38:42,ready_on_time,13.7,0,True
ME-32704,ORD-US-32703,M-001,Green Basket Market,2025-04-23T12:46:18,ready_on_time,6.3,0,True
ME-32705,ORD-US-32704,M-001,Green Basket Market,2025-04-23T19:57:54,ready_on_time,7.9,0,True
ME-32706,ORD-US-32705,M-002,Crisp & Co.,2025-04-23T12:11:18,ready_on_time,11.3,0,True
ME-32707,ORD-US-32706,M-001,Green Basket Market,2025-04-23T13:33:42,ready_on_time,18.7,0,True
ME-32708,ORD-US-32707,M-002,Crisp & Co.,2025-04-23T12:07:48,ready_on_time,7.8,0,True
ME-32709,ORD-US-32708,M-002,Crisp & Co.,2025-04-23T14:22:48,ready_on_time,12.8,0,True
ME-32710,ORD-US-32709,M-003,Pasta Garden,2025-04-23T19:00:30,ready_late,9.5,16,True
ME-32711,ORD-US-32710,M-003,Pasta Garden,2025-04-23T17:55:48,ready_late,17.8,8,True
ME-32712,ORD-US-32711,M-004,QuickCare Pharmacy,2025-04-23T14:51:24,ready_on_time,21.4,0,True
ME-32713,ORD-US-32712,M-003,Pasta Garden,2025-04-23T14:16:42,ready_late,9.7,12,True
ME-32714,ORD-US-32713,M-004,QuickCare Pharmacy,2025-04-23T16:06:36,ready_on_time,21.6,0,True
ME-32715,ORD-US-32714,M-001,Green Basket Market,2025-04-23T19:40:12,ready_on_time,15.2,0,True
ME-32716,ORD-US-32715,M-003,Pasta Garden,2025-04-23T13:14:18,ready_late,13.3,16,True
ME-32717,ORD-US-32716,M-003,Pasta Garden,2025-04-23T13:17:00,ready_late,11.0,16,True
ME-32718,ORD-US-32717,M-002,Crisp & Co.,2025-04-23T14:43:00,ready_on_time,13.0,0,True
ME-32719,ORD-US-32718,M-006,Fresh Roots Grocery,2025-04-23T19:42:00,ready_on_time,12.0,0,True
ME-32720,ORD-US-32719,M-006,Fresh Roots Grocery,2025-04-23T08:32:42,ready_on_time,7.7,0,True
ME-32721,ORD-US-32720,M-008,Noodle House,2025-04-23T16:56:24,ready_on_time,11.4,0,True
ME-32722,ORD-US-32721,M-006,Fresh Roots Grocery,2025-04-23T13:37:48,ready_on_time,7.8,0,True
ME-32723,ORD-US-32722,M-006,Fresh Roots Grocery,2025-04-23T17:15:18,ready_on_time,15.3,0,True
ME-32724,ORD-US-32723,M-005,Corner Table,2025-04-23T18:59:00,ready_on_time,14.0,0,True
ME-32725,ORD-US-32724,M-007,Home & Handy,2025-04-23T12:25:24,ready_on_time,10.4,0,True
ME-32726,ORD-US-32725,M-006,Fresh Roots Grocery,2025-04-23T20:17:42,ready_on_time,12.7,0,True
ME-32727,ORD-US-32726,M-006,Fresh Roots Grocery,2025-04-23T15:25:48,ready_on_time,5.8,0,True
ME-32728,ORD-US-32727,M-005,Corner Table,2025-04-23T19:58:36,ready_on_time,8.6,0,True
ME-32729,ORD-US-32728,M-007,Home & Handy,2025-04-23T14:00:00,ready_on_time,10.0,0,True
ME-32730,ORD-US-32729,M-007,Home & Handy,2025-04-23T09:00:48,ready_on_time,15.8,0,True
ME-32731,ORD-US-32730,M-005,Corner Table,2025-04-23T10:44:42,ready_on_time,14.7,0,True
ME-32732,ORD-US-32731,M-008,Noodle House,2025-04-23T15:12:00,ready_on_time,12.0,0,True
ME-32733,ORD-US-32732,M-005,Corner Table,2025-04-23T12:22:18,ready_on_time,22.3,0,True
ME-32734,ORD-US-32733,M-006,Fresh Roots Grocery,2025-04-23T09:51:24,ready_on_time,11.4,0,True
ME-32735,ORD-US-32734,M-008,Noodle House,2025-04-23T16:21:24,ready_on_time,16.4,0,True
ME-32736,ORD-US-32735,M-006,Fresh Roots Grocery,2025-04-23T11:44:36,ready_on_time,19.6,0,True
ME-32737,ORD-US-32736,M-008,Noodle House,2025-04-23T10:19:54,ready_on_time,9.9,0,True
ME-32738,ORD-US-32737,M-006,Fresh Roots Grocery,2025-04-23T19:46:54,ready_on_time,6.9,0,True
ME-32739,ORD-US-32738,M-006,Fresh Roots Grocery,2025-04-23T18:32:12,ready_on_time,12.2,0,True
ME-32740,ORD-US-32739,M-005,Corner Table,2025-04-23T16:21:06,ready_on_time,16.1,0,True
ME-32741,ORD-US-32740,M-006,Fresh Roots Grocery,2025-04-23T18:25:48,ready_on_time,10.8,0,True
ME-32742,ORD-US-32741,M-007,Home & Handy,2025-04-23T17:24:42,ready_on_time,14.7,0,True
ME-32743,ORD-US-32742,M-008,Noodle House,2025-04-23T09:20:54,ready_on_time,20.9,0,True
ME-32744,ORD-US-32743,M-006,Fresh Roots Grocery,2025-04-23T10:59:24,ready_on_time,14.4,0,True
ME-32745,ORD-US-32744,M-008,Noodle House,2025-04-23T17:29:00,ready_on_time,14.0,0,True
ME-32746,ORD-US-32745,M-007,Home & Handy,2025-04-23T11:24:36,ready_on_time,14.6,0,True
ME-32747,ORD-US-32746,M-005,Corner Table,2025-04-23T14:19:30,ready_on_time,14.5,0,True
ME-32748,ORD-US-32747,M-007,Home & Handy,2025-04-23T10:19:54,ready_on_time,19.9,0,True
ME-32749,ORD-US-32748,M-007,Home & Handy,2025-04-23T18:11:48,ready_on_time,11.8,0,True
ME-32750,ORD-US-32749,M-007,Home & Handy,2025-04-23T20:32:36,ready_on_time,17.6,0,True
ME-32751,ORD-US-32750,M-006,Fresh Roots Grocery,2025-04-23T13:01:36,ready_on_time,16.6,0,True
ME-32752,ORD-US-32751,M-008,Noodle House,2025-04-23T21:05:48,ready_on_time,15.8,0,True
ME-32753,ORD-US-32752,M-007,Home & Handy,2025-04-23T16:13:06,ready_on_time,18.1,0,True
ME-32754,ORD-US-32753,M-005,Corner Table,2025-04-23T09:10:18,ready_on_time,10.3,0,True
ME-32755,ORD-US-32754,M-007,Home & Handy,2025-04-23T15:47:42,ready_on_time,17.7,0,True
ME-32756,ORD-US-32755,M-005,Corner Table,2025-04-23T15:26:42,ready_on_time,11.7,0,True
ME-32757,ORD-US-32756,M-005,Corner Table,2025-04-23T10:24:42,ready_on_time,19.7,0,True
ME-32758,ORD-US-32757,M-005,Corner Table,2025-04-23T12:37:54,ready_on_time,17.9,0,True
ME-32759,ORD-US-32758,M-006,Fresh Roots Grocery,2025-04-23T16:09:42,ready_on_time,14.7,0,True
ME-32760,ORD-US-32759,M-007,Home & Handy,2025-04-23T20:39:18,ready_on_time,9.3,0,True
ME-32761,ORD-US-32760,M-009,Daily Mart,2025-04-23T08:52:48,ready_on_time,12.8,0,True
ME-32762,ORD-US-32761,M-012,Tech Stop,2025-04-23T19:40:12,ready_on_time,15.2,0,True
ME-32763,ORD-US-32762,M-011,Wellness Pharmacy,2025-04-23T15:52:48,ready_on_time,7.8,0,True
ME-32764,ORD-US-32763,M-012,Tech Stop,2025-04-23T09:09:42,ready_on_time,9.7,0,True
ME-32765,ORD-US-32764,M-009,Daily Mart,2025-04-23T13:41:42,ready_on_time,11.7,0,True
ME-32766,ORD-US-32765,M-010,Burger District,2025-04-23T12:44:42,ready_on_time,14.7,0,True
ME-32767,ORD-US-32766,M-012,Tech Stop,2025-04-23T17:57:24,ready_on_time,12.4,0,True
ME-32768,ORD-US-32767,M-010,Burger District,2025-04-23T17:38:30,ready_on_time,18.5,0,True
ME-32769,ORD-US-32768,M-009,Daily Mart,2025-04-23T20:12:18,ready_on_time,7.3,0,True
ME-32770,ORD-US-32769,M-011,Wellness Pharmacy,2025-04-23T12:46:30,ready_on_time,16.5,0,True
ME-32771,ORD-US-32770,M-010,Burger District,2025-04-23T20:10:48,ready_on_time,10.8,0,True
ME-32772,ORD-US-32771,M-009,Daily Mart,2025-04-23T18:58:18,ready_on_time,13.3,0,True
ME-32773,ORD-US-32772,M-012,Tech Stop,2025-04-23T15:41:18,ready_on_time,16.3,0,True
ME-32774,ORD-US-32773,M-011,Wellness Pharmacy,2025-04-23T08:23:48,ready_on_time,13.8,0,True
ME-32775,ORD-US-32774,M-012,Tech Stop,2025-04-23T15:37:48,ready_on_time,17.8,0,True
ME-32776,ORD-US-32775,M-011,Wellness Pharmacy,2025-04-23T14:35:06,ready_on_time,15.1,0,True
ME-32777,ORD-US-32776,M-011,Wellness Pharmacy,2025-04-23T09:04:36,ready_on_time,14.6,0,True
ME-32778,ORD-US-32777,M-011,Wellness Pharmacy,2025-04-23T20:37:30,ready_on_time,12.5,0,True
ME-32779,ORD-US-32778,M-010,Burger District,2025-04-23T12:21:00,ready_on_time,11.0,0,True
ME-32780,ORD-US-32779,M-012,Tech Stop,2025-04-23T12:07:48,ready_on_time,7.8,0,True
ME-32781,ORD-US-32780,M-010,Burger District,2025-04-23T18:40:00,ready_on_time,10.0,0,True
ME-32782,ORD-US-32781,M-009,Daily Mart,2025-04-23T09:17:48,ready_on_time,12.8,0,True
ME-32783,ORD-US-32782,M-012,Tech Stop,2025-04-23T16:30:24,ready_on_time,10.4,0,True
ME-32784,ORD-US-32783,M-010,Burger District,2025-04-23T20:54:36,ready_on_time,24.6,0,True
ME-32785,ORD-US-32784,M-011,Wellness Pharmacy,2025-04-23T17:56:54,ready_on_time,6.9,0,True
ME-32786,ORD-US-32785,M-010,Burger District,2025-04-23T13:28:00,ready_on_time,3,0,True
ME-32787,ORD-US-32786,M-011,Wellness Pharmacy,2025-04-23T15:57:42,ready_on_time,17.7,0,True
ME-32788,ORD-US-32787,M-012,Tech Stop,2025-04-23T18:11:06,ready_on_time,16.1,0,True
ME-32789,ORD-US-32788,M-009,Daily Mart,2025-04-23T20:42:54,ready_on_time,17.9,0,True
ME-32790,ORD-US-32789,M-009,Daily Mart,2025-04-23T12:48:54,ready_on_time,13.9,0,True
ME-32791,ORD-US-32790,M-012,Tech Stop,2025-04-23T11:29:54,ready_on_time,14.9,0,True
ME-32792,ORD-US-32791,M-010,Burger District,2025-04-23T16:55:06,ready_on_time,15.1,0,True
ME-32793,ORD-US-32792,M-011,Wellness Pharmacy,2025-04-23T10:09:36,ready_on_time,9.6,0,True
ME-32794,ORD-US-32793,M-012,Tech Stop,2025-04-23T19:15:00,ready_on_time,15.0,0,True
ME-32795,ORD-US-32794,M-009,Daily Mart,2025-04-23T10:21:00,ready_on_time,11.0,0,True
ME-32796,ORD-US-32795,M-012,Tech Stop,2025-04-23T16:48:30,ready_on_time,13.5,0,True
ME-32797,ORD-US-32796,M-011,Wellness Pharmacy,2025-04-23T14:36:24,ready_on_time,16.4,0,True
ME-32798,ORD-US-32797,M-003,Pasta Garden,2025-04-24T14:55:42,ready_late,4.7,16,True
ME-32799,ORD-US-32798,M-004,QuickCare Pharmacy,2025-04-24T12:04:30,ready_on_time,9.5,0,True
ME-32800,ORD-US-32799,M-004,QuickCare Pharmacy,2025-04-24T15:04:24,ready_on_time,9.4,0,True
ME-32801,ORD-US-32800,M-001,Green Basket Market,2025-04-24T21:04:06,ready_on_time,19.1,0,True
ME-32802,ORD-US-32801,M-002,Crisp & Co.,2025-04-24T09:51:48,ready_on_time,11.8,0,True
ME-32803,ORD-US-32802,M-001,Green Basket Market,2025-04-24T12:28:06,ready_on_time,18.1,0,True
ME-32804,ORD-US-32803,M-003,Pasta Garden,2025-04-24T13:38:48,ready_late,21.8,12,True
ME-32805,ORD-US-32804,M-001,Green Basket Market,2025-04-24T18:23:06,ready_on_time,8.1,0,True
ME-32806,ORD-US-32805,M-001,Green Basket Market,2025-04-24T18:42:48,ready_on_time,7.8,0,True
ME-32807,ORD-US-32806,M-002,Crisp & Co.,2025-04-24T20:58:54,ready_on_time,13.9,0,True
ME-32808,ORD-US-32807,M-001,Green Basket Market,2025-04-24T20:57:30,ready_on_time,7.5,0,True
ME-32809,ORD-US-32808,M-002,Crisp & Co.,2025-04-24T12:04:24,ready_on_time,9.4,0,True
ME-32810,ORD-US-32809,M-003,Pasta Garden,2025-04-24T12:52:42,ready_on_time,7.7,0,True
ME-32811,ORD-US-32810,M-001,Green Basket Market,2025-04-24T14:44:24,ready_on_time,19.4,0,True
ME-32812,ORD-US-32811,M-003,Pasta Garden,2025-04-24T12:10:06,ready_late,13.1,12,True
ME-32813,ORD-US-32812,M-004,QuickCare Pharmacy,2025-04-24T08:54:42,ready_on_time,14.7,0,True
ME-32814,ORD-US-32813,M-004,QuickCare Pharmacy,2025-04-24T09:45:48,ready_on_time,15.8,0,True
ME-32815,ORD-US-32814,M-002,Crisp & Co.,2025-04-24T13:19:54,ready_on_time,9.9,0,True
ME-32816,ORD-US-32815,M-003,Pasta Garden,2025-04-24T09:58:12,ready_late,10.2,8,True
ME-32817,ORD-US-32816,M-002,Crisp & Co.,2025-04-24T17:18:00,ready_on_time,13.0,0,True
ME-32818,ORD-US-32817,M-002,Crisp & Co.,2025-04-24T11:45:06,ready_on_time,10.1,0,True
ME-32819,ORD-US-32818,M-001,Green Basket Market,2025-04-24T17:46:12,ready_on_time,16.2,0,True
ME-32820,ORD-US-32819,M-001,Green Basket Market,2025-04-24T13:46:00,ready_on_time,11.0,0,True
ME-32821,ORD-US-32820,M-002,Crisp & Co.,2025-04-24T11:31:00,ready_on_time,11.0,0,True
ME-32822,ORD-US-32821,M-003,Pasta Garden,2025-04-24T20:44:12,ready_on_time,14.2,0,True
ME-32823,ORD-US-32822,M-003,Pasta Garden,2025-04-24T14:01:18,ready_late,18.3,8,True
ME-32824,ORD-US-32823,M-001,Green Basket Market,2025-04-24T12:09:36,ready_on_time,9.6,0,True
ME-32825,ORD-US-32824,M-004,QuickCare Pharmacy,2025-04-24T13:36:48,ready_on_time,11.8,0,True
ME-32826,ORD-US-32825,M-001,Green Basket Market,2025-04-24T18:48:54,ready_on_time,8.9,0,True
ME-32827,ORD-US-32826,M-003,Pasta Garden,2025-04-24T21:13:48,ready_on_time,18.8,0,True
ME-32828,ORD-US-32827,M-003,Pasta Garden,2025-04-24T17:17:30,ready_late,11.5,16,True
ME-32829,ORD-US-32828,M-003,Pasta Garden,2025-04-24T20:48:36,ready_late,10.6,8,True
ME-32830,ORD-US-32829,M-001,Green Basket Market,2025-04-24T20:20:30,ready_on_time,15.5,0,True
ME-32831,ORD-US-32830,M-001,Green Basket Market,2025-04-24T12:05:54,ready_on_time,10.9,0,True
ME-32832,ORD-US-32831,M-002,Crisp & Co.,2025-04-24T14:04:24,ready_on_time,14.4,0,True
ME-32833,ORD-US-32832,M-001,Green Basket Market,2025-04-24T15:19:24,ready_on_time,14.4,0,True
ME-32834,ORD-US-32833,M-004,QuickCare Pharmacy,2025-04-24T11:41:06,ready_on_time,11.1,0,True
ME-32835,ORD-US-32834,M-002,Crisp & Co.,2025-04-24T10:40:30,ready_on_time,10.5,0,True
ME-32836,ORD-US-32835,M-004,QuickCare Pharmacy,2025-04-24T17:17:54,ready_on_time,17.9,0,True
ME-32837,ORD-US-32836,M-002,Crisp & Co.,2025-04-24T18:35:12,ready_on_time,15.2,0,True
ME-32838,ORD-US-32837,M-001,Green Basket Market,2025-04-24T09:22:24,ready_on_time,17.4,0,True
ME-32839,ORD-US-32838,M-001,Green Basket Market,2025-04-24T18:21:48,ready_on_time,16.8,0,True
ME-32840,ORD-US-32839,M-003,Pasta Garden,2025-04-24T13:45:12,ready_on_time,10.2,0,True
ME-32841,ORD-US-32840,M-002,Crisp & Co.,2025-04-24T16:55:12,ready_on_time,20.2,0,True
ME-32842,ORD-US-32841,M-005,Corner Table,2025-04-24T16:51:00,ready_on_time,11.0,0,True
ME-32843,ORD-US-32842,M-005,Corner Table,2025-04-24T12:00:18,ready_on_time,15.3,0,True
ME-32844,ORD-US-32843,M-008,Noodle House,2025-04-24T20:20:18,ready_on_time,5.3,0,True
ME-32845,ORD-US-32844,M-008,Noodle House,2025-04-24T16:50:06,ready_on_time,15.1,0,True
ME-32846,ORD-US-32845,M-006,Fresh Roots Grocery,2025-04-24T09:05:24,ready_on_time,20.4,0,True
ME-32847,ORD-US-32846,M-008,Noodle House,2025-04-24T19:27:54,ready_on_time,7.9,0,True
ME-32848,ORD-US-32847,M-006,Fresh Roots Grocery,2025-04-24T14:46:36,ready_on_time,11.6,0,True
ME-32849,ORD-US-32848,M-007,Home & Handy,2025-04-24T13:58:30,ready_on_time,18.5,0,True
ME-32850,ORD-US-32849,M-008,Noodle House,2025-04-24T09:17:42,ready_on_time,17.7,0,True
ME-32851,ORD-US-32850,M-006,Fresh Roots Grocery,2025-04-24T11:57:48,ready_on_time,7.8,0,True
ME-32852,ORD-US-32851,M-005,Corner Table,2025-04-24T17:43:18,ready_on_time,13.3,0,True
ME-32853,ORD-US-32852,M-005,Corner Table,2025-04-24T10:59:18,ready_on_time,9.3,0,True
ME-32854,ORD-US-32853,M-008,Noodle House,2025-04-24T18:58:24,ready_on_time,8.4,0,True
ME-32855,ORD-US-32854,M-007,Home & Handy,2025-04-24T15:09:30,ready_on_time,9.5,0,True
ME-32856,ORD-US-32855,M-008,Noodle House,2025-04-24T12:19:18,ready_on_time,9.3,0,True
ME-32857,ORD-US-32856,M-007,Home & Handy,2025-04-24T15:32:42,ready_on_time,17.7,0,True
ME-32858,ORD-US-32857,M-006,Fresh Roots Grocery,2025-04-24T19:20:18,ready_on_time,10.3,0,True
ME-32859,ORD-US-32858,M-005,Corner Table,2025-04-24T08:48:00,ready_on_time,18.0,0,True
ME-32860,ORD-US-32859,M-005,Corner Table,2025-04-24T11:55:12,ready_on_time,15.2,0,True
ME-32861,ORD-US-32860,M-007,Home & Handy,2025-04-24T15:20:36,ready_on_time,20.6,0,True
ME-32862,ORD-US-32861,M-005,Corner Table,2025-04-24T16:17:36,ready_on_time,12.6,0,True
ME-32863,ORD-US-32862,M-008,Noodle House,2025-04-24T20:16:42,ready_on_time,16.7,0,True
ME-32864,ORD-US-32863,M-008,Noodle House,2025-04-24T08:33:12,ready_on_time,8.2,0,True
ME-32865,ORD-US-32864,M-006,Fresh Roots Grocery,2025-04-24T08:32:42,ready_on_time,17.7,0,True
ME-32866,ORD-US-32865,M-005,Corner Table,2025-04-24T18:49:54,ready_on_time,14.9,0,True
ME-32867,ORD-US-32866,M-007,Home & Handy,2025-04-24T19:35:12,ready_on_time,10.2,0,True
ME-32868,ORD-US-32867,M-006,Fresh Roots Grocery,2025-04-24T12:08:42,ready_on_time,13.7,0,True
ME-32869,ORD-US-32868,M-006,Fresh Roots Grocery,2025-04-24T09:06:18,ready_on_time,16.3,0,True
ME-32870,ORD-US-32869,M-008,Noodle House,2025-04-24T15:40:00,ready_on_time,15.0,0,True
ME-32871,ORD-US-32870,M-006,Fresh Roots Grocery,2025-04-24T09:08:06,ready_on_time,18.1,0,True
ME-32872,ORD-US-32871,M-006,Fresh Roots Grocery,2025-04-24T12:04:18,ready_on_time,14.3,0,True
ME-32873,ORD-US-32872,M-008,Noodle House,2025-04-24T16:02:00,ready_on_time,17.0,0,True
ME-32874,ORD-US-32873,M-006,Fresh Roots Grocery,2025-04-24T16:32:24,ready_on_time,17.4,0,True
ME-32875,ORD-US-32874,M-006,Fresh Roots Grocery,2025-04-24T09:57:24,ready_on_time,17.4,0,True
ME-32876,ORD-US-32875,M-008,Noodle House,2025-04-24T18:01:42,ready_on_time,16.7,0,True
ME-32877,ORD-US-32876,M-008,Noodle House,2025-04-24T15:20:12,ready_on_time,15.2,0,True
ME-32878,ORD-US-32877,M-012,Tech Stop,2025-04-24T10:58:18,ready_on_time,18.3,0,True
ME-32879,ORD-US-32878,M-009,Daily Mart,2025-04-24T09:06:30,ready_on_time,11.5,0,True
ME-32880,ORD-US-32879,M-010,Burger District,2025-04-24T14:25:54,ready_on_time,20.9,0,True
ME-32881,ORD-US-32880,M-010,Burger District,2025-04-24T13:57:30,ready_on_time,12.5,0,True
ME-32882,ORD-US-32881,M-011,Wellness Pharmacy,2025-04-24T13:02:48,ready_on_time,17.8,0,True
ME-32883,ORD-US-32882,M-010,Burger District,2025-04-24T19:16:18,ready_on_time,16.3,0,True
ME-32884,ORD-US-32883,M-010,Burger District,2025-04-24T18:46:12,ready_on_time,11.2,0,True
ME-32885,ORD-US-32884,M-009,Daily Mart,2025-04-24T15:27:12,ready_on_time,12.2,0,True
ME-32886,ORD-US-32885,M-011,Wellness Pharmacy,2025-04-24T08:45:54,ready_on_time,10.9,0,True
ME-32887,ORD-US-32886,M-009,Daily Mart,2025-04-24T11:26:42,ready_on_time,16.7,0,True
ME-32888,ORD-US-32887,M-010,Burger District,2025-04-24T21:14:36,ready_on_time,19.6,0,True
ME-32889,ORD-US-32888,M-011,Wellness Pharmacy,2025-04-24T12:12:06,ready_on_time,12.1,0,True
ME-32890,ORD-US-32889,M-009,Daily Mart,2025-04-24T16:50:12,ready_on_time,20.2,0,True
ME-32891,ORD-US-32890,M-012,Tech Stop,2025-04-24T08:43:48,ready_on_time,8.8,0,True
ME-32892,ORD-US-32891,M-012,Tech Stop,2025-04-24T09:49:00,ready_on_time,14.0,0,True
ME-32893,ORD-US-32892,M-010,Burger District,2025-04-24T10:17:42,ready_on_time,12.7,0,True
ME-32894,ORD-US-32893,M-011,Wellness Pharmacy,2025-04-24T12:39:36,ready_on_time,9.6,0,True
ME-32895,ORD-US-32894,M-010,Burger District,2025-04-24T16:07:30,ready_on_time,12.5,0,True
ME-32896,ORD-US-32895,M-011,Wellness Pharmacy,2025-04-24T20:31:00,ready_on_time,16.0,0,True
ME-32897,ORD-US-32896,M-011,Wellness Pharmacy,2025-04-24T12:32:12,ready_on_time,7.2,0,True
ME-32898,ORD-US-32897,M-010,Burger District,2025-04-24T18:45:00,ready_on_time,15.0,0,True
ME-32899,ORD-US-32898,M-012,Tech Stop,2025-04-24T17:41:24,ready_on_time,11.4,0,True
ME-32900,ORD-US-32899,M-009,Daily Mart,2025-04-24T18:24:54,ready_on_time,9.9,0,True
ME-32901,ORD-US-32900,M-009,Daily Mart,2025-04-24T18:45:48,ready_on_time,20.8,0,True
ME-32902,ORD-US-32901,M-011,Wellness Pharmacy,2025-04-24T13:01:06,ready_on_time,16.1,0,True
ME-32903,ORD-US-32902,M-010,Burger District,2025-04-24T19:59:24,ready_on_time,14.4,0,True
ME-32904,ORD-US-32903,M-012,Tech Stop,2025-04-24T13:08:24,ready_on_time,13.4,0,True
ME-32905,ORD-US-32904,M-012,Tech Stop,2025-04-24T08:23:06,ready_on_time,8.1,0,True
ME-32906,ORD-US-32905,M-012,Tech Stop,2025-04-24T09:03:42,ready_on_time,18.7,0,True
ME-32907,ORD-US-32906,M-012,Tech Stop,2025-04-24T14:43:18,ready_on_time,18.3,0,True
ME-32908,ORD-US-32907,M-010,Burger District,2025-04-24T16:05:42,ready_on_time,5.7,0,True
ME-32909,ORD-US-32908,M-011,Wellness Pharmacy,2025-04-24T15:44:12,ready_on_time,14.2,0,True
ME-32910,ORD-US-32909,M-012,Tech Stop,2025-04-24T17:22:24,ready_on_time,7.4,0,True
ME-32911,ORD-US-32910,M-011,Wellness Pharmacy,2025-04-24T16:26:30,ready_on_time,16.5,0,True
ME-32912,ORD-US-32911,M-009,Daily Mart,2025-04-24T13:46:42,ready_on_time,16.7,0,True
ME-32913,ORD-US-32912,M-009,Daily Mart,2025-04-24T08:40:18,ready_on_time,10.3,0,True
ME-32914,ORD-US-32913,M-012,Tech Stop,2025-04-24T08:48:42,ready_on_time,13.7,0,True
ME-32915,ORD-US-32914,M-001,Green Basket Market,2025-04-25T12:03:36,ready_on_time,13.6,0,True
ME-32916,ORD-US-32915,M-004,QuickCare Pharmacy,2025-04-25T11:20:24,ready_on_time,10.4,0,True
ME-32917,ORD-US-32916,M-002,Crisp & Co.,2025-04-25T15:00:06,ready_on_time,10.1,0,True
ME-32918,ORD-US-32917,M-001,Green Basket Market,2025-04-25T19:08:00,ready_on_time,13.0,0,True
ME-32919,ORD-US-32918,M-004,QuickCare Pharmacy,2025-04-25T14:01:06,ready_on_time,16.1,0,True
ME-32920,ORD-US-32919,M-004,QuickCare Pharmacy,2025-04-25T12:40:48,ready_on_time,5.8,0,True
ME-32921,ORD-US-32920,M-002,Crisp & Co.,2025-04-25T10:16:36,ready_on_time,16.6,0,True
ME-32922,ORD-US-32921,M-002,Crisp & Co.,2025-04-25T12:26:42,ready_on_time,11.7,0,True
ME-32923,ORD-US-32922,M-004,QuickCare Pharmacy,2025-04-25T17:21:12,ready_on_time,16.2,0,True
ME-32924,ORD-US-32923,M-004,QuickCare Pharmacy,2025-04-25T12:18:30,ready_on_time,8.5,0,True
ME-32925,ORD-US-32924,M-001,Green Basket Market,2025-04-25T21:17:18,ready_on_time,22.3,0,True
ME-32926,ORD-US-32925,M-004,QuickCare Pharmacy,2025-04-25T19:46:36,ready_on_time,11.6,0,True
ME-32927,ORD-US-32926,M-003,Pasta Garden,2025-04-25T17:04:54,ready_on_time,9.9,0,True
ME-32928,ORD-US-32927,M-001,Green Basket Market,2025-04-25T14:32:48,ready_on_time,7.8,0,True
ME-32929,ORD-US-32928,M-001,Green Basket Market,2025-04-25T17:58:12,ready_on_time,18.2,0,True
ME-32930,ORD-US-32929,M-003,Pasta Garden,2025-04-25T15:22:30,ready_on_time,17.5,0,True
ME-32931,ORD-US-32930,M-002,Crisp & Co.,2025-04-25T19:55:30,ready_on_time,10.5,0,True
ME-32932,ORD-US-32931,M-004,QuickCare Pharmacy,2025-04-25T15:38:24,ready_on_time,8.4,0,True
ME-32933,ORD-US-32932,M-001,Green Basket Market,2025-04-25T11:06:24,ready_on_time,11.4,0,True
ME-32934,ORD-US-32933,M-001,Green Basket Market,2025-04-25T09:31:00,ready_on_time,21.0,0,True
ME-32935,ORD-US-32934,M-002,Crisp & Co.,2025-04-25T16:35:06,ready_on_time,10.1,0,True
ME-32936,ORD-US-32935,M-004,QuickCare Pharmacy,2025-04-25T15:56:06,ready_on_time,21.1,0,True
ME-32937,ORD-US-32936,M-003,Pasta Garden,2025-04-25T19:15:06,ready_late,18.1,12,True
ME-32938,ORD-US-32937,M-001,Green Basket Market,2025-04-25T12:09:06,ready_on_time,24.1,0,True
ME-32939,ORD-US-32938,M-002,Crisp & Co.,2025-04-25T14:05:12,ready_on_time,15.2,0,True
ME-32940,ORD-US-32939,M-003,Pasta Garden,2025-04-25T16:36:06,ready_on_time,21.1,0,True
ME-32941,ORD-US-32940,M-001,Green Basket Market,2025-04-25T08:30:24,ready_on_time,15.4,0,True
ME-32942,ORD-US-32941,M-003,Pasta Garden,2025-04-25T13:37:36,ready_on_time,12.6,0,True
ME-32943,ORD-US-32942,M-003,Pasta Garden,2025-04-25T09:13:06,ready_late,16.1,12,True
ME-32944,ORD-US-32943,M-002,Crisp & Co.,2025-04-25T19:53:24,ready_on_time,13.4,0,True
ME-32945,ORD-US-32944,M-003,Pasta Garden,2025-04-25T20:39:48,ready_late,11.8,8,True
ME-32946,ORD-US-32945,M-002,Crisp & Co.,2025-04-25T10:34:06,ready_on_time,9.1,0,True
ME-32947,ORD-US-32946,M-003,Pasta Garden,2025-04-25T08:42:30,ready_late,9.5,8,True
ME-32948,ORD-US-32947,M-003,Pasta Garden,2025-04-25T08:58:06,ready_on_time,3.1,0,True
ME-32949,ORD-US-32948,M-004,QuickCare Pharmacy,2025-04-25T15:11:30,ready_on_time,6.5,0,True
ME-32950,ORD-US-32949,M-003,Pasta Garden,2025-04-25T19:19:42,ready_on_time,14.7,0,True
ME-32951,ORD-US-32950,M-003,Pasta Garden,2025-04-25T19:21:24,ready_late,19.4,12,True
ME-32952,ORD-US-32951,M-002,Crisp & Co.,2025-04-25T09:25:54,ready_on_time,10.9,0,True
ME-32953,ORD-US-32952,M-001,Green Basket Market,2025-04-25T15:43:48,ready_on_time,13.8,0,True
ME-32954,ORD-US-32953,M-002,Crisp & Co.,2025-04-25T13:01:48,ready_on_time,11.8,0,True
ME-32955,ORD-US-32954,M-005,Corner Table,2025-04-25T11:02:00,ready_on_time,7.0,0,True
ME-32956,ORD-US-32955,M-008,Noodle House,2025-04-25T21:07:48,ready_on_time,12.8,0,True
ME-32957,ORD-US-32956,M-007,Home & Handy,2025-04-25T16:47:42,ready_on_time,12.7,0,True
ME-32958,ORD-US-32957,M-005,Corner Table,2025-04-25T20:23:36,ready_on_time,13.6,0,True
ME-32959,ORD-US-32958,M-007,Home & Handy,2025-04-25T09:41:12,ready_on_time,16.2,0,True
ME-32960,ORD-US-32959,M-007,Home & Handy,2025-04-25T08:55:12,ready_on_time,15.2,0,True
ME-32961,ORD-US-32960,M-006,Fresh Roots Grocery,2025-04-25T08:42:18,ready_on_time,12.3,0,True
ME-32962,ORD-US-32961,M-005,Corner Table,2025-04-25T15:19:42,ready_on_time,14.7,0,True
ME-32963,ORD-US-32962,M-008,Noodle House,2025-04-25T17:48:00,ready_on_time,13.0,0,True
ME-32964,ORD-US-32963,M-006,Fresh Roots Grocery,2025-04-25T17:41:42,ready_on_time,11.7,0,True
ME-32965,ORD-US-32964,M-006,Fresh Roots Grocery,2025-04-25T15:44:48,ready_on_time,9.8,0,True
ME-32966,ORD-US-32965,M-006,Fresh Roots Grocery,2025-04-25T19:37:00,ready_on_time,12.0,0,True
ME-32967,ORD-US-32966,M-008,Noodle House,2025-04-25T11:45:18,ready_on_time,15.3,0,True
ME-32968,ORD-US-32967,M-007,Home & Handy,2025-04-25T20:47:36,ready_on_time,17.6,0,True
ME-32969,ORD-US-32968,M-005,Corner Table,2025-04-25T10:19:30,ready_on_time,9.5,0,True
ME-32970,ORD-US-32969,M-006,Fresh Roots Grocery,2025-04-25T10:40:12,ready_on_time,10.2,0,True
ME-32971,ORD-US-32970,M-007,Home & Handy,2025-04-25T09:06:00,ready_on_time,11.0,0,True
ME-32972,ORD-US-32971,M-005,Corner Table,2025-04-25T11:23:18,ready_on_time,13.3,0,True
ME-32973,ORD-US-32972,M-007,Home & Handy,2025-04-25T17:45:24,ready_on_time,5.4,0,True
ME-32974,ORD-US-32973,M-008,Noodle House,2025-04-25T20:59:42,ready_on_time,14.7,0,True
ME-32975,ORD-US-32974,M-005,Corner Table,2025-04-25T12:23:18,ready_on_time,8.3,0,True
ME-32976,ORD-US-32975,M-006,Fresh Roots Grocery,2025-04-25T09:29:00,ready_on_time,14.0,0,True
ME-32977,ORD-US-32976,M-005,Corner Table,2025-04-25T19:09:54,ready_on_time,14.9,0,True
ME-32978,ORD-US-32977,M-008,Noodle House,2025-04-25T12:45:18,ready_on_time,15.3,0,True
ME-32979,ORD-US-32978,M-005,Corner Table,2025-04-25T17:51:06,ready_on_time,11.1,0,True
ME-32980,ORD-US-32979,M-007,Home & Handy,2025-04-25T14:58:00,ready_on_time,13.0,0,True
ME-32981,ORD-US-32980,M-007,Home & Handy,2025-04-25T08:51:24,ready_on_time,16.4,0,True
ME-32982,ORD-US-32981,M-008,Noodle House,2025-04-25T19:05:36,ready_on_time,10.6,0,True
ME-32983,ORD-US-32982,M-005,Corner Table,2025-04-25T09:48:00,ready_on_time,8.0,0,True
ME-32984,ORD-US-32983,M-007,Home & Handy,2025-04-25T16:58:18,ready_on_time,18.3,0,True
ME-32985,ORD-US-32984,M-006,Fresh Roots Grocery,2025-04-25T18:00:54,ready_on_time,15.9,0,True
ME-32986,ORD-US-32985,M-008,Noodle House,2025-04-25T09:25:30,ready_on_time,10.5,0,True
ME-32987,ORD-US-32986,M-005,Corner Table,2025-04-25T16:57:24,ready_on_time,17.4,0,True
ME-32988,ORD-US-32987,M-006,Fresh Roots Grocery,2025-04-25T17:47:18,ready_on_time,12.3,0,True
ME-32989,ORD-US-32988,M-005,Corner Table,2025-04-25T18:44:48,ready_on_time,14.8,0,True
ME-32990,ORD-US-32989,M-006,Fresh Roots Grocery,2025-04-25T12:18:54,ready_on_time,18.9,0,True
ME-32991,ORD-US-32990,M-007,Home & Handy,2025-04-25T14:21:48,ready_on_time,11.8,0,True
ME-32992,ORD-US-32991,M-012,Tech Stop,2025-04-25T12:14:18,ready_on_time,19.3,0,True
ME-32993,ORD-US-32992,M-011,Wellness Pharmacy,2025-04-25T14:01:42,ready_on_time,21.7,0,True
ME-32994,ORD-US-32993,M-010,Burger District,2025-04-25T20:58:06,ready_on_time,13.1,0,True
ME-32995,ORD-US-32994,M-011,Wellness Pharmacy,2025-04-25T18:30:24,ready_on_time,10.4,0,True
ME-32996,ORD-US-32995,M-009,Daily Mart,2025-04-25T21:08:18,ready_on_time,13.3,0,True
ME-32997,ORD-US-32996,M-010,Burger District,2025-04-25T16:33:54,ready_on_time,13.9,0,True
ME-32998,ORD-US-32997,M-010,Burger District,2025-04-25T18:06:42,ready_on_time,11.7,0,True
ME-32999,ORD-US-32998,M-012,Tech Stop,2025-04-25T10:31:42,ready_on_time,6.7,0,True
ME-33000,ORD-US-32999,M-011,Wellness Pharmacy,2025-04-25T16:34:24,ready_on_time,9.4,0,True
ME-33001,ORD-US-33000,M-010,Burger District,2025-04-25T17:52:12,ready_on_time,12.2,0,True
ME-33002,ORD-US-33001,M-010,Burger District,2025-04-25T16:53:18,ready_on_time,13.3,0,True
ME-33003,ORD-US-33002,M-010,Burger District,2025-04-25T08:06:18,ready_on_time,6.3,0,True
ME-33004,ORD-US-33003,M-009,Daily Mart,2025-04-25T15:10:36,ready_on_time,20.6,0,True
ME-33005,ORD-US-33004,M-010,Burger District,2025-04-25T10:44:48,ready_on_time,9.8,0,True
ME-33006,ORD-US-33005,M-010,Burger District,2025-04-25T08:30:00,ready_on_time,10.0,0,True
ME-33007,ORD-US-33006,M-012,Tech Stop,2025-04-25T20:44:42,ready_on_time,14.7,0,True
ME-33008,ORD-US-33007,M-010,Burger District,2025-04-25T18:25:12,ready_on_time,15.2,0,True
ME-33009,ORD-US-33008,M-012,Tech Stop,2025-04-25T16:12:12,ready_on_time,12.2,0,True
ME-33010,ORD-US-33009,M-009,Daily Mart,2025-04-25T08:33:12,ready_on_time,18.2,0,True
ME-33011,ORD-US-33010,M-011,Wellness Pharmacy,2025-04-25T12:13:12,ready_on_time,13.2,0,True
ME-33012,ORD-US-33011,M-009,Daily Mart,2025-04-25T15:28:12,ready_on_time,8.2,0,True
ME-33013,ORD-US-33012,M-011,Wellness Pharmacy,2025-04-25T10:28:48,ready_on_time,8.8,0,True
ME-33014,ORD-US-33013,M-010,Burger District,2025-04-25T09:50:24,ready_on_time,20.4,0,True
ME-33015,ORD-US-33014,M-012,Tech Stop,2025-04-25T16:53:00,ready_on_time,13.0,0,True
ME-33016,ORD-US-33015,M-011,Wellness Pharmacy,2025-04-25T15:26:42,ready_on_time,16.7,0,True
ME-33017,ORD-US-33016,M-011,Wellness Pharmacy,2025-04-25T19:13:18,ready_on_time,13.3,0,True
ME-33018,ORD-US-33017,M-012,Tech Stop,2025-04-25T08:55:42,ready_on_time,20.7,0,True
ME-33019,ORD-US-33018,M-010,Burger District,2025-04-25T18:11:18,ready_on_time,16.3,0,True
ME-33020,ORD-US-33019,M-011,Wellness Pharmacy,2025-04-25T11:21:24,ready_on_time,11.4,0,True
ME-33021,ORD-US-33020,M-012,Tech Stop,2025-04-25T19:03:00,ready_on_time,23.0,0,True
ME-33022,ORD-US-33021,M-009,Daily Mart,2025-04-25T20:46:30,ready_on_time,11.5,0,True
ME-33023,ORD-US-33022,M-011,Wellness Pharmacy,2025-04-25T13:18:36,ready_on_time,18.6,0,True
ME-33024,ORD-US-33023,M-012,Tech Stop,2025-04-25T14:19:12,ready_on_time,4.2,0,True
ME-33025,ORD-US-33024,M-009,Daily Mart,2025-04-25T08:20:54,ready_on_time,5.9,0,True
ME-33026,ORD-US-33025,M-010,Burger District,2025-04-25T17:42:54,ready_on_time,12.9,0,True
ME-33027,ORD-US-33026,M-011,Wellness Pharmacy,2025-04-25T17:20:12,ready_on_time,10.2,0,True
ME-33028,ORD-US-33027,M-011,Wellness Pharmacy,2025-04-25T08:20:48,ready_on_time,10.8,0,True
ME-33029,ORD-US-33028,M-010,Burger District,2025-04-25T17:43:00,ready_on_time,13.0,0,True
ME-33030,ORD-US-33029,M-009,Daily Mart,2025-04-25T17:54:06,ready_on_time,24.1,0,True
ME-33031,ORD-US-33030,M-011,Wellness Pharmacy,2025-04-25T13:20:12,ready_on_time,15.2,0,True
ME-33032,ORD-US-33031,M-001,Green Basket Market,2025-04-26T16:26:30,ready_on_time,11.5,0,True
ME-33033,ORD-US-33032,M-003,Pasta Garden,2025-04-26T16:49:48,ready_on_time,14.8,0,True
ME-33034,ORD-US-33033,M-002,Crisp & Co.,2025-04-26T08:53:54,ready_on_time,18.9,0,True
ME-33035,ORD-US-33034,M-001,Green Basket Market,2025-04-26T19:15:48,ready_on_time,15.8,0,True
ME-33036,ORD-US-33035,M-001,Green Basket Market,2025-04-26T17:41:06,ready_on_time,11.1,0,True
ME-33037,ORD-US-33036,M-003,Pasta Garden,2025-04-26T13:34:42,ready_late,11.7,8,True
ME-33038,ORD-US-33037,M-001,Green Basket Market,2025-04-26T14:05:42,ready_on_time,10.7,0,True
ME-33039,ORD-US-33038,M-004,QuickCare Pharmacy,2025-04-26T18:19:06,ready_on_time,14.1,0,True
ME-33040,ORD-US-33039,M-004,QuickCare Pharmacy,2025-04-26T10:05:42,ready_on_time,10.7,0,True
ME-33041,ORD-US-33040,M-001,Green Basket Market,2025-04-26T08:48:54,ready_on_time,18.9,0,True
ME-33042,ORD-US-33041,M-002,Crisp & Co.,2025-04-26T08:59:54,ready_on_time,19.9,0,True
ME-33043,ORD-US-33042,M-003,Pasta Garden,2025-04-26T20:35:00,ready_on_time,20.0,0,True
ME-33044,ORD-US-33043,M-001,Green Basket Market,2025-04-26T18:46:06,ready_on_time,16.1,0,True
ME-33045,ORD-US-33044,M-003,Pasta Garden,2025-04-26T16:52:42,ready_late,10.7,12,True
ME-33046,ORD-US-33045,M-002,Crisp & Co.,2025-04-26T09:32:30,ready_on_time,12.5,0,True
ME-33047,ORD-US-33046,M-004,QuickCare Pharmacy,2025-04-26T13:51:12,ready_on_time,16.2,0,True
ME-33048,ORD-US-33047,M-004,QuickCare Pharmacy,2025-04-26T10:03:12,ready_on_time,13.2,0,True
ME-33049,ORD-US-33048,M-001,Green Basket Market,2025-04-26T11:56:42,ready_on_time,11.7,0,True
ME-33050,ORD-US-33049,M-002,Crisp & Co.,2025-04-26T14:07:30,ready_on_time,17.5,0,True
ME-33051,ORD-US-33050,M-004,QuickCare Pharmacy,2025-04-26T15:15:24,ready_on_time,15.4,0,True
ME-33052,ORD-US-33051,M-001,Green Basket Market,2025-04-26T09:22:00,ready_on_time,17.0,0,True
ME-33053,ORD-US-33052,M-001,Green Basket Market,2025-04-26T20:06:30,ready_on_time,21.5,0,True
ME-33054,ORD-US-33053,M-003,Pasta Garden,2025-04-26T09:17:30,ready_late,10.5,12,True
ME-33055,ORD-US-33054,M-002,Crisp & Co.,2025-04-26T15:43:18,ready_on_time,18.3,0,True
ME-33056,ORD-US-33055,M-001,Green Basket Market,2025-04-26T15:07:24,ready_on_time,27.4,0,True
ME-33057,ORD-US-33056,M-003,Pasta Garden,2025-04-26T13:38:12,ready_late,17.2,16,True
ME-33058,ORD-US-33057,M-004,QuickCare Pharmacy,2025-04-26T15:59:24,ready_on_time,9.4,0,True
ME-33059,ORD-US-33058,M-001,Green Basket Market,2025-04-26T16:50:06,ready_on_time,10.1,0,True
ME-33060,ORD-US-33059,M-001,Green Basket Market,2025-04-26T14:14:06,ready_on_time,9.1,0,True
ME-33061,ORD-US-33060,M-003,Pasta Garden,2025-04-26T09:27:24,ready_late,15.4,12,True
ME-33062,ORD-US-33061,M-004,QuickCare Pharmacy,2025-04-26T11:49:30,ready_on_time,14.5,0,True
ME-33063,ORD-US-33062,M-001,Green Basket Market,2025-04-26T14:00:42,ready_on_time,15.7,0,True
ME-33064,ORD-US-33063,M-001,Green Basket Market,2025-04-26T19:10:30,ready_on_time,20.5,0,True
ME-33065,ORD-US-33064,M-002,Crisp & Co.,2025-04-26T09:36:00,ready_on_time,11.0,0,True
ME-33066,ORD-US-33065,M-004,QuickCare Pharmacy,2025-04-26T10:31:30,ready_on_time,6.5,0,True
ME-33067,ORD-US-33066,M-003,Pasta Garden,2025-04-26T20:19:18,ready_on_time,9.3,0,True
ME-33068,ORD-US-33067,M-002,Crisp & Co.,2025-04-26T08:35:18,ready_on_time,10.3,0,True
ME-33069,ORD-US-33068,M-004,QuickCare Pharmacy,2025-04-26T08:39:24,ready_on_time,14.4,0,True
ME-33070,ORD-US-33069,M-004,QuickCare Pharmacy,2025-04-26T11:59:18,ready_on_time,14.3,0,True
ME-33071,ORD-US-33070,M-002,Crisp & Co.,2025-04-26T21:08:18,ready_on_time,18.3,0,True
ME-33072,ORD-US-33071,M-005,Corner Table,2025-04-26T13:09:18,ready_on_time,19.3,0,True
ME-33073,ORD-US-33072,M-006,Fresh Roots Grocery,2025-04-26T18:12:30,ready_on_time,7.5,0,True
ME-33074,ORD-US-33073,M-008,Noodle House,2025-04-26T09:04:30,ready_on_time,9.5,0,True
ME-33075,ORD-US-33074,M-008,Noodle House,2025-04-26T19:38:24,ready_on_time,13.4,0,True
ME-33076,ORD-US-33075,M-005,Corner Table,2025-04-26T19:26:00,ready_on_time,6.0,0,True
ME-33077,ORD-US-33076,M-006,Fresh Roots Grocery,2025-04-26T13:27:00,ready_on_time,12.0,0,True
ME-33078,ORD-US-33077,M-006,Fresh Roots Grocery,2025-04-26T21:05:12,ready_on_time,10.2,0,True
ME-33079,ORD-US-33078,M-006,Fresh Roots Grocery,2025-04-26T14:16:12,ready_on_time,6.2,0,True
ME-33080,ORD-US-33079,M-006,Fresh Roots Grocery,2025-04-26T08:33:54,ready_on_time,13.9,0,True
ME-33081,ORD-US-33080,M-006,Fresh Roots Grocery,2025-04-26T08:26:12,ready_on_time,21.2,0,True
ME-33082,ORD-US-33081,M-006,Fresh Roots Grocery,2025-04-26T18:51:54,ready_on_time,11.9,0,True
ME-33083,ORD-US-33082,M-006,Fresh Roots Grocery,2025-04-26T18:33:00,ready_on_time,8.0,0,True
ME-33084,ORD-US-33083,M-007,Home & Handy,2025-04-26T20:45:18,ready_on_time,15.3,0,True
ME-33085,ORD-US-33084,M-008,Noodle House,2025-04-26T13:36:42,ready_on_time,11.7,0,True
ME-33086,ORD-US-33085,M-007,Home & Handy,2025-04-26T14:54:48,ready_on_time,4.8,0,True
ME-33087,ORD-US-33086,M-005,Corner Table,2025-04-26T13:21:42,ready_on_time,11.7,0,True
ME-33088,ORD-US-33087,M-008,Noodle House,2025-04-26T12:34:00,ready_on_time,14.0,0,True
ME-33089,ORD-US-33088,M-006,Fresh Roots Grocery,2025-04-26T18:06:00,ready_on_time,16.0,0,True
ME-33090,ORD-US-33089,M-005,Corner Table,2025-04-26T12:36:48,ready_on_time,11.8,0,True
ME-33091,ORD-US-33090,M-006,Fresh Roots Grocery,2025-04-26T11:56:18,ready_on_time,6.3,0,True
ME-33092,ORD-US-33091,M-006,Fresh Roots Grocery,2025-04-26T15:57:18,ready_on_time,7.3,0,True
ME-33093,ORD-US-33092,M-005,Corner Table,2025-04-26T12:59:00,ready_on_time,19.0,0,True
ME-33094,ORD-US-33093,M-008,Noodle House,2025-04-26T20:45:12,ready_on_time,10.2,0,True
ME-33095,ORD-US-33094,M-006,Fresh Roots Grocery,2025-04-26T09:19:18,ready_on_time,9.3,0,True
ME-33096,ORD-US-33095,M-006,Fresh Roots Grocery,2025-04-26T19:18:24,ready_on_time,13.4,0,True
ME-33097,ORD-US-33096,M-006,Fresh Roots Grocery,2025-04-26T16:11:54,ready_on_time,11.9,0,True
ME-33098,ORD-US-33097,M-005,Corner Table,2025-04-26T08:56:36,ready_on_time,16.6,0,True
ME-33099,ORD-US-33098,M-006,Fresh Roots Grocery,2025-04-26T14:48:06,ready_on_time,13.1,0,True
ME-33100,ORD-US-33099,M-007,Home & Handy,2025-04-26T09:37:48,ready_on_time,17.8,0,True
ME-33101,ORD-US-33100,M-008,Noodle House,2025-04-26T13:24:36,ready_on_time,9.6,0,True
ME-33102,ORD-US-33101,M-005,Corner Table,2025-04-26T08:33:00,ready_on_time,8.0,0,True
ME-33103,ORD-US-33102,M-006,Fresh Roots Grocery,2025-04-26T18:10:24,ready_on_time,15.4,0,True
ME-33104,ORD-US-33103,M-005,Corner Table,2025-04-26T16:35:18,ready_on_time,5.3,0,True
ME-33105,ORD-US-33104,M-007,Home & Handy,2025-04-26T14:09:12,ready_on_time,9.2,0,True
ME-33106,ORD-US-33105,M-008,Noodle House,2025-04-26T12:12:30,ready_on_time,17.5,0,True
ME-33107,ORD-US-33106,M-005,Corner Table,2025-04-26T13:32:00,ready_on_time,7.0,0,True
ME-33108,ORD-US-33107,M-008,Noodle House,2025-04-26T15:43:06,ready_on_time,13.1,0,True
ME-33109,ORD-US-33108,M-006,Fresh Roots Grocery,2025-04-26T10:10:48,ready_on_time,15.8,0,True
ME-33110,ORD-US-33109,M-007,Home & Handy,2025-04-26T13:16:42,ready_on_time,16.7,0,True
ME-33111,ORD-US-33110,M-005,Corner Table,2025-04-26T14:05:54,ready_on_time,20.9,0,True
ME-33112,ORD-US-33111,M-008,Noodle House,2025-04-26T17:23:54,ready_on_time,13.9,0,True
ME-33113,ORD-US-33112,M-005,Corner Table,2025-04-26T11:10:30,ready_on_time,10.5,0,True
ME-33114,ORD-US-33113,M-006,Fresh Roots Grocery,2025-04-26T20:22:42,ready_on_time,17.7,0,True
ME-33115,ORD-US-33114,M-005,Corner Table,2025-04-26T11:19:36,ready_on_time,19.6,0,True
ME-33116,ORD-US-33115,M-008,Noodle House,2025-04-26T09:06:54,ready_on_time,21.9,0,True
ME-33117,ORD-US-33116,M-010,Burger District,2025-04-26T17:25:36,ready_on_time,20.6,0,True
ME-33118,ORD-US-33117,M-012,Tech Stop,2025-04-26T15:33:42,ready_on_time,18.7,0,True
ME-33119,ORD-US-33118,M-011,Wellness Pharmacy,2025-04-26T12:26:24,ready_on_time,16.4,0,True
ME-33120,ORD-US-33119,M-009,Daily Mart,2025-04-26T14:29:30,ready_on_time,14.5,0,True
ME-33121,ORD-US-33120,M-011,Wellness Pharmacy,2025-04-26T15:14:30,ready_on_time,19.5,0,True
ME-33122,ORD-US-33121,M-012,Tech Stop,2025-04-26T18:47:06,ready_on_time,12.1,0,True
ME-33123,ORD-US-33122,M-009,Daily Mart,2025-04-26T13:45:48,ready_on_time,15.8,0,True
ME-33124,ORD-US-33123,M-010,Burger District,2025-04-26T17:03:54,ready_on_time,8.9,0,True
ME-33125,ORD-US-33124,M-010,Burger District,2025-04-26T13:55:48,ready_on_time,10.8,0,True
ME-33126,ORD-US-33125,M-012,Tech Stop,2025-04-26T16:14:54,ready_on_time,9.9,0,True
ME-33127,ORD-US-33126,M-012,Tech Stop,2025-04-26T14:28:36,ready_on_time,13.6,0,True
ME-33128,ORD-US-33127,M-011,Wellness Pharmacy,2025-04-26T16:41:12,ready_on_time,16.2,0,True
ME-33129,ORD-US-33128,M-009,Daily Mart,2025-04-26T09:21:00,ready_on_time,11.0,0,True
ME-33130,ORD-US-33129,M-011,Wellness Pharmacy,2025-04-26T11:14:18,ready_on_time,9.3,0,True
ME-33131,ORD-US-33130,M-010,Burger District,2025-04-26T11:43:24,ready_on_time,8.4,0,True
ME-33132,ORD-US-33131,M-010,Burger District,2025-04-26T16:19:36,ready_on_time,19.6,0,True
ME-33133,ORD-US-33132,M-011,Wellness Pharmacy,2025-04-26T11:37:06,ready_on_time,12.1,0,True
ME-33134,ORD-US-33133,M-010,Burger District,2025-04-26T19:20:18,ready_on_time,20.3,0,True
ME-33135,ORD-US-33134,M-011,Wellness Pharmacy,2025-04-26T16:59:12,ready_on_time,9.2,0,True
ME-33136,ORD-US-33135,M-011,Wellness Pharmacy,2025-04-26T11:13:00,ready_on_time,8.0,0,True
ME-33137,ORD-US-33136,M-012,Tech Stop,2025-04-26T20:14:06,ready_on_time,19.1,0,True
ME-33138,ORD-US-33137,M-009,Daily Mart,2025-04-26T09:36:36,ready_on_time,11.6,0,True
ME-33139,ORD-US-33138,M-010,Burger District,2025-04-26T14:20:00,ready_on_time,15.0,0,True
ME-33140,ORD-US-33139,M-010,Burger District,2025-04-26T18:22:42,ready_on_time,7.7,0,True
ME-33141,ORD-US-33140,M-010,Burger District,2025-04-26T09:39:30,ready_on_time,19.5,0,True
ME-33142,ORD-US-33141,M-009,Daily Mart,2025-04-26T12:05:06,ready_on_time,20.1,0,True
ME-33143,ORD-US-33142,M-011,Wellness Pharmacy,2025-04-26T12:40:54,ready_on_time,10.9,0,True
ME-33144,ORD-US-33143,M-012,Tech Stop,2025-04-26T13:59:36,ready_on_time,14.6,0,True
ME-33145,ORD-US-33144,M-012,Tech Stop,2025-04-26T14:07:42,ready_on_time,17.7,0,True
ME-33146,ORD-US-33145,M-009,Daily Mart,2025-04-26T16:26:18,ready_on_time,16.3,0,True
ME-33147,ORD-US-33146,M-012,Tech Stop,2025-04-26T10:02:06,ready_on_time,17.1,0,True
ME-33148,ORD-US-33147,M-011,Wellness Pharmacy,2025-04-26T10:07:36,ready_on_time,12.6,0,True
ME-33149,ORD-US-33148,M-011,Wellness Pharmacy,2025-04-26T15:53:48,ready_on_time,13.8,0,True
ME-33150,ORD-US-33149,M-009,Daily Mart,2025-04-26T13:29:42,ready_on_time,19.7,0,True
ME-33151,ORD-US-33150,M-011,Wellness Pharmacy,2025-04-26T08:58:30,ready_on_time,18.5,0,True
ME-33152,ORD-US-33151,M-010,Burger District,2025-04-26T10:10:18,ready_on_time,10.3,0,True
ME-33153,ORD-US-33152,M-012,Tech Stop,2025-04-26T16:50:54,ready_on_time,15.9,0,True
ME-33154,ORD-US-33153,M-009,Daily Mart,2025-04-26T13:05:18,ready_on_time,5.3,0,True
ME-33155,ORD-US-33154,M-009,Daily Mart,2025-04-26T09:41:06,ready_on_time,6.1,0,True
ME-33156,ORD-US-33155,M-012,Tech Stop,2025-04-26T16:20:00,ready_on_time,10.0,0,True
ME-33157,ORD-US-33156,M-011,Wellness Pharmacy,2025-04-26T11:46:42,ready_on_time,11.7,0,True
ME-33158,ORD-US-33157,M-011,Wellness Pharmacy,2025-04-26T10:32:42,ready_on_time,7.7,0,True
ME-33159,ORD-US-33158,M-012,Tech Stop,2025-04-26T18:56:54,ready_on_time,16.9,0,True
ME-33160,ORD-US-33159,M-010,Burger District,2025-04-26T15:05:00,ready_on_time,15.0,0,True
ME-33161,ORD-US-33160,M-012,Tech Stop,2025-04-26T18:27:00,ready_on_time,7.0,0,True
ME-33162,ORD-US-33161,M-001,Green Basket Market,2025-04-27T20:57:54,ready_on_time,7.9,0,True
ME-33163,ORD-US-33162,M-002,Crisp & Co.,2025-04-27T09:30:00,ready_on_time,15.0,0,True
ME-33164,ORD-US-33163,M-003,Pasta Garden,2025-04-27T20:19:00,ready_late,18.0,16,True
ME-33165,ORD-US-33164,M-002,Crisp & Co.,2025-04-27T12:05:12,ready_on_time,20.2,0,True
ME-33166,ORD-US-33165,M-002,Crisp & Co.,2025-04-27T17:27:30,ready_on_time,12.5,0,True
ME-33167,ORD-US-33166,M-004,QuickCare Pharmacy,2025-04-27T13:16:12,ready_on_time,11.2,0,True
ME-33168,ORD-US-33167,M-001,Green Basket Market,2025-04-27T09:37:54,ready_on_time,12.9,0,True
ME-33169,ORD-US-33168,M-001,Green Basket Market,2025-04-27T18:35:54,ready_on_time,10.9,0,True
ME-33170,ORD-US-33169,M-001,Green Basket Market,2025-04-27T08:50:36,ready_on_time,15.6,0,True
ME-33171,ORD-US-33170,M-002,Crisp & Co.,2025-04-27T17:29:00,ready_on_time,9.0,0,True
ME-33172,ORD-US-33171,M-001,Green Basket Market,2025-04-27T18:42:30,ready_on_time,12.5,0,True
ME-33173,ORD-US-33172,M-004,QuickCare Pharmacy,2025-04-27T11:54:48,ready_on_time,14.8,0,True
ME-33174,ORD-US-33173,M-001,Green Basket Market,2025-04-27T20:13:54,ready_on_time,8.9,0,True
ME-33175,ORD-US-33174,M-002,Crisp & Co.,2025-04-27T09:35:06,ready_on_time,10.1,0,True
ME-33176,ORD-US-33175,M-002,Crisp & Co.,2025-04-27T17:47:30,ready_on_time,17.5,0,True
ME-33177,ORD-US-33176,M-004,QuickCare Pharmacy,2025-04-27T18:13:18,ready_on_time,8.3,0,True
ME-33178,ORD-US-33177,M-002,Crisp & Co.,2025-04-27T18:45:06,ready_on_time,20.1,0,True
ME-33179,ORD-US-33178,M-004,QuickCare Pharmacy,2025-04-27T14:27:42,ready_on_time,17.7,0,True
ME-33180,ORD-US-33179,M-002,Crisp & Co.,2025-04-27T08:18:06,ready_on_time,18.1,0,True
ME-33181,ORD-US-33180,M-003,Pasta Garden,2025-04-27T10:28:54,ready_late,10.9,8,True
ME-33182,ORD-US-33181,M-001,Green Basket Market,2025-04-27T10:44:06,ready_on_time,14.1,0,True
ME-33183,ORD-US-33182,M-003,Pasta Garden,2025-04-27T13:42:00,ready_late,19.0,8,True
ME-33184,ORD-US-33183,M-002,Crisp & Co.,2025-04-27T15:12:18,ready_on_time,17.3,0,True
ME-33185,ORD-US-33184,M-003,Pasta Garden,2025-04-27T14:17:06,ready_late,11.1,16,True
ME-33186,ORD-US-33185,M-004,QuickCare Pharmacy,2025-04-27T11:22:18,ready_on_time,17.3,0,True
ME-33187,ORD-US-33186,M-002,Crisp & Co.,2025-04-27T17:26:12,ready_on_time,16.2,0,True
ME-33188,ORD-US-33187,M-001,Green Basket Market,2025-04-27T11:38:42,ready_on_time,18.7,0,True
ME-33189,ORD-US-33188,M-001,Green Basket Market,2025-04-27T15:21:00,ready_on_time,21.0,0,True
ME-33190,ORD-US-33189,M-004,QuickCare Pharmacy,2025-04-27T12:10:54,ready_on_time,20.9,0,True
ME-33191,ORD-US-33190,M-004,QuickCare Pharmacy,2025-04-27T10:11:30,ready_on_time,16.5,0,True
ME-33192,ORD-US-33191,M-003,Pasta Garden,2025-04-27T09:38:36,ready_late,10.6,8,True
ME-33193,ORD-US-33192,M-001,Green Basket Market,2025-04-27T08:26:42,ready_on_time,11.7,0,True
ME-33194,ORD-US-33193,M-001,Green Basket Market,2025-04-27T19:01:36,ready_on_time,11.6,0,True
ME-33195,ORD-US-33194,M-001,Green Basket Market,2025-04-27T16:26:18,ready_on_time,16.3,0,True
ME-33196,ORD-US-33195,M-002,Crisp & Co.,2025-04-27T14:17:30,ready_on_time,12.5,0,True
ME-33197,ORD-US-33196,M-004,QuickCare Pharmacy,2025-04-27T20:12:54,ready_on_time,12.9,0,True
ME-33198,ORD-US-33197,M-003,Pasta Garden,2025-04-27T15:19:18,ready_late,16.3,8,True
ME-33199,ORD-US-33198,M-001,Green Basket Market,2025-04-27T17:13:00,ready_on_time,3,0,True
ME-33200,ORD-US-33199,M-004,QuickCare Pharmacy,2025-04-27T11:53:30,ready_on_time,18.5,0,True
ME-33201,ORD-US-33200,M-003,Pasta Garden,2025-04-27T10:27:54,ready_late,14.9,8,True
ME-33202,ORD-US-33201,M-002,Crisp & Co.,2025-04-27T21:07:06,ready_on_time,17.1,0,True
ME-33203,ORD-US-33202,M-004,QuickCare Pharmacy,2025-04-27T12:27:12,ready_on_time,12.2,0,True
ME-33204,ORD-US-33203,M-003,Pasta Garden,2025-04-27T11:27:06,ready_late,15.1,12,True
ME-33205,ORD-US-33204,M-005,Corner Table,2025-04-27T09:30:00,ready_on_time,15.0,0,True
ME-33206,ORD-US-33205,M-007,Home & Handy,2025-04-27T15:05:12,ready_on_time,15.2,0,True
ME-33207,ORD-US-33206,M-007,Home & Handy,2025-04-27T19:19:54,ready_on_time,14.9,0,True
ME-33208,ORD-US-33207,M-007,Home & Handy,2025-04-27T17:20:24,ready_on_time,20.4,0,True
ME-33209,ORD-US-33208,M-007,Home & Handy,2025-04-27T18:55:42,ready_on_time,10.7,0,True
ME-33210,ORD-US-33209,M-006,Fresh Roots Grocery,2025-04-27T11:19:30,ready_on_time,19.5,0,True
ME-33211,ORD-US-33210,M-006,Fresh Roots Grocery,2025-04-27T19:36:00,ready_on_time,16.0,0,False
ME-33212,ORD-US-33211,M-007,Home & Handy,2025-04-27T09:36:30,ready_on_time,6.5,0,True
ME-33213,ORD-US-33212,M-007,Home & Handy,2025-04-27T14:04:00,ready_on_time,14.0,0,True
ME-33214,ORD-US-33213,M-007,Home & Handy,2025-04-27T09:52:12,ready_on_time,12.2,0,True
ME-33215,ORD-US-33214,M-006,Fresh Roots Grocery,2025-04-27T08:42:36,ready_on_time,17.6,0,True
ME-33216,ORD-US-33215,M-008,Noodle House,2025-04-27T09:07:30,ready_on_time,17.5,0,True
ME-33217,ORD-US-33216,M-005,Corner Table,2025-04-27T20:23:24,ready_on_time,8.4,0,True
ME-33218,ORD-US-33217,M-008,Noodle House,2025-04-27T11:34:00,ready_on_time,19.0,0,True
ME-33219,ORD-US-33218,M-005,Corner Table,2025-04-27T11:28:06,ready_on_time,18.1,0,True
ME-33220,ORD-US-33219,M-008,Noodle House,2025-04-27T14:57:18,ready_on_time,7.3,0,True
ME-33221,ORD-US-33220,M-008,Noodle House,2025-04-27T09:15:48,ready_on_time,15.8,0,True
ME-33222,ORD-US-33221,M-008,Noodle House,2025-04-27T16:08:54,ready_on_time,13.9,0,True
ME-33223,ORD-US-33222,M-008,Noodle House,2025-04-27T19:57:42,ready_on_time,17.7,0,True
ME-33224,ORD-US-33223,M-006,Fresh Roots Grocery,2025-04-27T13:28:00,ready_on_time,23.0,0,True
ME-33225,ORD-US-33224,M-005,Corner Table,2025-04-27T11:49:36,ready_on_time,9.6,0,True
ME-33226,ORD-US-33225,M-006,Fresh Roots Grocery,2025-04-27T16:51:06,ready_on_time,11.1,0,True
ME-33227,ORD-US-33226,M-005,Corner Table,2025-04-27T10:22:24,ready_on_time,17.4,0,True
ME-33228,ORD-US-33227,M-008,Noodle House,2025-04-27T17:41:48,ready_on_time,11.8,0,True
ME-33229,ORD-US-33228,M-008,Noodle House,2025-04-27T16:01:30,ready_on_time,16.5,0,True
ME-33230,ORD-US-33229,M-006,Fresh Roots Grocery,2025-04-27T12:42:42,ready_on_time,22.7,0,True
ME-33231,ORD-US-33230,M-007,Home & Handy,2025-04-27T15:13:06,ready_on_time,18.1,0,True
ME-33232,ORD-US-33231,M-006,Fresh Roots Grocery,2025-04-27T16:46:36,ready_on_time,6.6,0,True
ME-33233,ORD-US-33232,M-008,Noodle House,2025-04-27T12:01:54,ready_on_time,16.9,0,True
ME-33234,ORD-US-33233,M-008,Noodle House,2025-04-27T18:24:42,ready_on_time,14.7,0,True
ME-33235,ORD-US-33234,M-005,Corner Table,2025-04-27T14:14:24,ready_on_time,24.4,0,True
ME-33236,ORD-US-33235,M-005,Corner Table,2025-04-27T18:25:54,ready_on_time,15.9,0,True
ME-33237,ORD-US-33236,M-005,Corner Table,2025-04-27T17:44:12,ready_on_time,4.2,0,True
ME-33238,ORD-US-33237,M-007,Home & Handy,2025-04-27T12:27:12,ready_on_time,12.2,0,True
ME-33239,ORD-US-33238,M-006,Fresh Roots Grocery,2025-04-27T09:52:48,ready_on_time,12.8,0,True
ME-33240,ORD-US-33239,M-007,Home & Handy,2025-04-27T15:52:00,ready_on_time,12.0,0,True
ME-33241,ORD-US-33240,M-012,Tech Stop,2025-04-27T14:59:42,ready_on_time,19.7,0,True
ME-33242,ORD-US-33241,M-011,Wellness Pharmacy,2025-04-27T10:00:48,ready_on_time,10.8,0,False
ME-33243,ORD-US-33242,M-012,Tech Stop,2025-04-27T20:53:54,ready_on_time,18.9,0,True
ME-33244,ORD-US-33243,M-010,Burger District,2025-04-27T12:17:00,ready_on_time,17.0,0,True
ME-33245,ORD-US-33244,M-012,Tech Stop,2025-04-27T17:53:54,ready_on_time,8.9,0,True
ME-33246,ORD-US-33245,M-009,Daily Mart,2025-04-27T17:22:06,ready_on_time,12.1,0,True
ME-33247,ORD-US-33246,M-011,Wellness Pharmacy,2025-04-27T16:26:12,ready_on_time,11.2,0,True
ME-33248,ORD-US-33247,M-009,Daily Mart,2025-04-27T21:02:24,ready_on_time,17.4,0,True
ME-33249,ORD-US-33248,M-011,Wellness Pharmacy,2025-04-27T08:23:36,ready_on_time,18.6,0,True
ME-33250,ORD-US-33249,M-011,Wellness Pharmacy,2025-04-27T12:35:24,ready_on_time,20.4,0,True
ME-33251,ORD-US-33250,M-011,Wellness Pharmacy,2025-04-27T15:07:00,ready_on_time,7.0,0,True
ME-33252,ORD-US-33251,M-009,Daily Mart,2025-04-27T12:31:48,ready_on_time,16.8,0,True
ME-33253,ORD-US-33252,M-009,Daily Mart,2025-04-27T20:29:48,ready_on_time,4.8,0,True
ME-33254,ORD-US-33253,M-012,Tech Stop,2025-04-27T17:42:06,ready_on_time,17.1,0,True
ME-33255,ORD-US-33254,M-010,Burger District,2025-04-27T17:28:36,ready_on_time,18.6,0,True
ME-33256,ORD-US-33255,M-010,Burger District,2025-04-27T18:41:00,ready_on_time,11.0,0,True
ME-33257,ORD-US-33256,M-010,Burger District,2025-04-27T12:46:06,ready_on_time,16.1,0,True
ME-33258,ORD-US-33257,M-009,Daily Mart,2025-04-27T08:18:30,ready_on_time,8.5,0,True
ME-33259,ORD-US-33258,M-012,Tech Stop,2025-04-27T10:14:24,ready_on_time,9.4,0,True
ME-33260,ORD-US-33259,M-012,Tech Stop,2025-04-27T10:07:18,ready_on_time,12.3,0,True
ME-33261,ORD-US-33260,M-009,Daily Mart,2025-04-27T11:52:06,ready_on_time,12.1,0,True
ME-33262,ORD-US-33261,M-012,Tech Stop,2025-04-27T16:19:12,ready_on_time,14.2,0,True
ME-33263,ORD-US-33262,M-011,Wellness Pharmacy,2025-04-27T09:35:06,ready_on_time,10.1,0,True
ME-33264,ORD-US-33263,M-009,Daily Mart,2025-04-27T14:52:42,ready_on_time,12.7,0,True
ME-33265,ORD-US-33264,M-011,Wellness Pharmacy,2025-04-27T08:43:48,ready_on_time,8.8,0,True
ME-33266,ORD-US-33265,M-010,Burger District,2025-04-27T21:12:00,ready_on_time,17.0,0,True
ME-33267,ORD-US-33266,M-010,Burger District,2025-04-27T09:49:36,ready_on_time,9.6,0,True
ME-33268,ORD-US-33267,M-011,Wellness Pharmacy,2025-04-27T10:17:30,ready_on_time,17.5,0,True
ME-33269,ORD-US-33268,M-009,Daily Mart,2025-04-27T09:57:42,ready_on_time,12.7,0,True
ME-33270,ORD-US-33269,M-012,Tech Stop,2025-04-27T11:15:18,ready_on_time,20.3,0,True
ME-33271,ORD-US-33270,M-011,Wellness Pharmacy,2025-04-27T20:45:54,ready_on_time,15.9,0,True
ME-33272,ORD-US-33271,M-010,Burger District,2025-04-27T16:13:30,ready_on_time,13.5,0,True
ME-33273,ORD-US-33272,M-012,Tech Stop,2025-04-27T12:54:30,ready_on_time,14.5,0,True
ME-33274,ORD-US-33273,M-010,Burger District,2025-04-27T13:02:36,ready_on_time,17.6,0,True
ME-33275,ORD-US-33274,M-012,Tech Stop,2025-04-27T14:25:00,ready_on_time,15.0,0,True
ME-33276,ORD-US-33275,M-010,Burger District,2025-04-27T18:45:18,ready_on_time,15.3,0,True
ME-33277,ORD-US-33276,M-012,Tech Stop,2025-04-27T14:41:18,ready_on_time,16.3,0,True
ME-33278,ORD-US-33277,M-012,Tech Stop,2025-04-27T14:31:12,ready_on_time,21.2,0,True
ME-33279,ORD-US-33278,M-010,Burger District,2025-04-27T08:23:00,ready_on_time,3,0,True
ME-33280,ORD-US-33279,M-011,Wellness Pharmacy,2025-04-27T10:55:00,ready_on_time,10.0,0,True
ME-33281,ORD-US-33280,M-009,Daily Mart,2025-04-27T20:15:00,ready_on_time,15.0,0,True
ME-33282,ORD-US-33281,M-002,Crisp & Co.,2025-04-28T20:27:48,ready_on_time,12.8,0,True
ME-33283,ORD-US-33282,M-003,Pasta Garden,2025-04-28T17:10:00,ready_late,14.0,16,True
ME-33284,ORD-US-33283,M-001,Green Basket Market,2025-04-28T10:49:12,ready_on_time,9.2,0,True
ME-33285,ORD-US-33284,M-004,QuickCare Pharmacy,2025-04-28T15:52:54,ready_on_time,17.9,0,True
ME-33286,ORD-US-33285,M-002,Crisp & Co.,2025-04-28T15:55:00,ready_on_time,15.0,0,True
ME-33287,ORD-US-33286,M-002,Crisp & Co.,2025-04-28T18:09:12,ready_on_time,14.2,0,True
ME-33288,ORD-US-33287,M-002,Crisp & Co.,2025-04-28T09:17:30,ready_on_time,17.5,0,True
ME-33289,ORD-US-33288,M-004,QuickCare Pharmacy,2025-04-28T13:44:48,ready_on_time,14.8,0,True
ME-33290,ORD-US-33289,M-004,QuickCare Pharmacy,2025-04-28T18:47:12,ready_on_time,7.2,0,True
ME-33291,ORD-US-33290,M-002,Crisp & Co.,2025-04-28T19:27:54,ready_on_time,17.9,0,True
ME-33292,ORD-US-33291,M-004,QuickCare Pharmacy,2025-04-28T11:45:48,ready_on_time,20.8,0,True
ME-33293,ORD-US-33292,M-004,QuickCare Pharmacy,2025-04-28T20:32:24,ready_on_time,17.4,0,True
ME-33294,ORD-US-33293,M-003,Pasta Garden,2025-04-28T17:24:12,ready_late,7.2,12,True
ME-33295,ORD-US-33294,M-003,Pasta Garden,2025-04-28T09:58:48,ready_late,10.8,8,True
ME-33296,ORD-US-33295,M-004,QuickCare Pharmacy,2025-04-28T15:08:30,ready_on_time,18.5,0,True
ME-33297,ORD-US-33296,M-004,QuickCare Pharmacy,2025-04-28T19:13:00,ready_on_time,18.0,0,True
ME-33298,ORD-US-33297,M-004,QuickCare Pharmacy,2025-04-28T21:04:06,ready_on_time,9.1,0,True
ME-33299,ORD-US-33298,M-001,Green Basket Market,2025-04-28T13:05:12,ready_on_time,5.2,0,True
ME-33300,ORD-US-33299,M-004,QuickCare Pharmacy,2025-04-28T14:09:06,ready_on_time,14.1,0,True
ME-33301,ORD-US-33300,M-004,QuickCare Pharmacy,2025-04-28T13:51:54,ready_on_time,16.9,0,True
ME-33302,ORD-US-33301,M-003,Pasta Garden,2025-04-28T20:51:36,ready_late,15.6,16,True
ME-33303,ORD-US-33302,M-002,Crisp & Co.,2025-04-28T16:10:54,ready_on_time,5.9,0,True
ME-33304,ORD-US-33303,M-003,Pasta Garden,2025-04-28T20:49:48,ready_late,7.8,12,True
ME-33305,ORD-US-33304,M-002,Crisp & Co.,2025-04-28T09:47:06,ready_on_time,12.1,0,True
ME-33306,ORD-US-33305,M-004,QuickCare Pharmacy,2025-04-28T14:47:36,ready_on_time,12.6,0,True
ME-33307,ORD-US-33306,M-004,QuickCare Pharmacy,2025-04-28T19:59:36,ready_on_time,14.6,0,True
ME-33308,ORD-US-33307,M-002,Crisp & Co.,2025-04-28T11:38:00,ready_on_time,13.0,0,True
ME-33309,ORD-US-33308,M-004,QuickCare Pharmacy,2025-04-28T09:28:54,ready_on_time,13.9,0,True
ME-33310,ORD-US-33309,M-003,Pasta Garden,2025-04-28T15:37:54,ready_on_time,17.9,0,True
ME-33311,ORD-US-33310,M-004,QuickCare Pharmacy,2025-04-28T18:42:54,ready_on_time,7.9,0,True
ME-33312,ORD-US-33311,M-003,Pasta Garden,2025-04-28T18:10:06,ready_late,14.1,16,True
ME-33313,ORD-US-33312,M-001,Green Basket Market,2025-04-28T11:50:12,ready_on_time,15.2,0,True
ME-33314,ORD-US-33313,M-001,Green Basket Market,2025-04-28T18:07:54,ready_on_time,17.9,0,True
ME-33315,ORD-US-33314,M-001,Green Basket Market,2025-04-28T13:48:36,ready_on_time,13.6,0,True
ME-33316,ORD-US-33315,M-001,Green Basket Market,2025-04-28T14:15:42,ready_on_time,5.7,0,True
ME-33317,ORD-US-33316,M-002,Crisp & Co.,2025-04-28T16:03:48,ready_on_time,13.8,0,True
ME-33318,ORD-US-33317,M-003,Pasta Garden,2025-04-28T20:33:42,ready_late,6.7,12,False
ME-33319,ORD-US-33318,M-001,Green Basket Market,2025-04-28T15:00:54,ready_on_time,20.9,0,True
ME-33320,ORD-US-33319,M-001,Green Basket Market,2025-04-28T16:40:30,ready_on_time,5.5,0,True
ME-33321,ORD-US-33320,M-003,Pasta Garden,2025-04-28T20:29:24,ready_late,18.4,16,True
ME-33322,ORD-US-33321,M-001,Green Basket Market,2025-04-28T14:55:00,ready_on_time,10.0,0,True
ME-33323,ORD-US-33322,M-005,Corner Table,2025-04-28T09:53:24,ready_on_time,18.4,0,True
ME-33324,ORD-US-33323,M-005,Corner Table,2025-04-28T08:15:00,ready_on_time,10.0,0,True
ME-33325,ORD-US-33324,M-008,Noodle House,2025-04-28T15:53:00,ready_on_time,13.0,0,True
ME-33326,ORD-US-33325,M-005,Corner Table,2025-04-28T15:18:24,ready_on_time,8.4,0,True
ME-33327,ORD-US-33326,M-007,Home & Handy,2025-04-28T17:02:00,ready_on_time,12.0,0,True
ME-33328,ORD-US-33327,M-006,Fresh Roots Grocery,2025-04-28T11:27:24,ready_on_time,17.4,0,True
ME-33329,ORD-US-33328,M-007,Home & Handy,2025-04-28T12:34:36,ready_on_time,19.6,0,True
ME-33330,ORD-US-33329,M-008,Noodle House,2025-04-28T18:27:48,ready_on_time,17.8,0,True
ME-33331,ORD-US-33330,M-006,Fresh Roots Grocery,2025-04-28T11:17:12,ready_on_time,12.2,0,True
ME-33332,ORD-US-33331,M-007,Home & Handy,2025-04-28T14:36:36,ready_on_time,21.6,0,True
ME-33333,ORD-US-33332,M-005,Corner Table,2025-04-28T11:15:42,ready_on_time,15.7,0,True
ME-33334,ORD-US-33333,M-006,Fresh Roots Grocery,2025-04-28T13:30:12,ready_on_time,15.2,0,True
ME-33335,ORD-US-33334,M-007,Home & Handy,2025-04-28T11:27:48,ready_on_time,12.8,0,True
ME-33336,ORD-US-33335,M-008,Noodle House,2025-04-28T08:25:18,ready_on_time,15.3,0,True
ME-33337,ORD-US-33336,M-006,Fresh Roots Grocery,2025-04-28T11:36:36,ready_on_time,11.6,0,True
ME-33338,ORD-US-33337,M-005,Corner Table,2025-04-28T15:03:42,ready_on_time,3.7,0,True
ME-33339,ORD-US-33338,M-005,Corner Table,2025-04-28T14:01:36,ready_on_time,21.6,0,True
ME-33340,ORD-US-33339,M-005,Corner Table,2025-04-28T14:23:00,ready_on_time,3,0,False
ME-33341,ORD-US-33340,M-006,Fresh Roots Grocery,2025-04-28T10:06:48,ready_on_time,16.8,0,True
ME-33342,ORD-US-33341,M-006,Fresh Roots Grocery,2025-04-28T20:33:06,ready_on_time,18.1,0,True
ME-33343,ORD-US-33342,M-006,Fresh Roots Grocery,2025-04-28T13:50:54,ready_on_time,5.9,0,True
ME-33344,ORD-US-33343,M-007,Home & Handy,2025-04-28T13:36:06,ready_on_time,16.1,0,True
ME-33345,ORD-US-33344,M-005,Corner Table,2025-04-28T11:59:12,ready_on_time,9.2,0,True
ME-33346,ORD-US-33345,M-005,Corner Table,2025-04-28T17:23:54,ready_on_time,13.9,0,True
ME-33347,ORD-US-33346,M-008,Noodle House,2025-04-28T15:44:24,ready_on_time,19.4,0,True
ME-33348,ORD-US-33347,M-005,Corner Table,2025-04-28T14:50:54,ready_on_time,15.9,0,True
ME-33349,ORD-US-33348,M-005,Corner Table,2025-04-28T11:28:24,ready_on_time,23.4,0,True
ME-33350,ORD-US-33349,M-007,Home & Handy,2025-04-28T08:27:42,ready_on_time,12.7,0,True
ME-33351,ORD-US-33350,M-006,Fresh Roots Grocery,2025-04-28T10:23:00,ready_on_time,18.0,0,True
ME-33352,ORD-US-33351,M-008,Noodle House,2025-04-28T14:11:54,ready_on_time,16.9,0,True
ME-33353,ORD-US-33352,M-008,Noodle House,2025-04-28T10:31:54,ready_on_time,21.9,0,False
ME-33354,ORD-US-33353,M-007,Home & Handy,2025-04-28T19:37:24,ready_on_time,22.4,0,True
ME-33355,ORD-US-33354,M-007,Home & Handy,2025-04-28T13:02:00,ready_on_time,7.0,0,True
ME-33356,ORD-US-33355,M-007,Home & Handy,2025-04-28T17:21:18,ready_on_time,6.3,0,True
ME-33357,ORD-US-33356,M-007,Home & Handy,2025-04-28T20:39:24,ready_on_time,19.4,0,True
ME-33358,ORD-US-33357,M-005,Corner Table,2025-04-28T11:26:54,ready_on_time,16.9,0,True
ME-33359,ORD-US-33358,M-008,Noodle House,2025-04-28T10:42:06,ready_on_time,7.1,0,True
ME-33360,ORD-US-33359,M-006,Fresh Roots Grocery,2025-04-28T18:35:54,ready_on_time,15.9,0,True
ME-33361,ORD-US-33360,M-007,Home & Handy,2025-04-28T09:48:36,ready_on_time,18.6,0,True
ME-33362,ORD-US-33361,M-009,Daily Mart,2025-04-28T16:58:18,ready_on_time,8.3,0,True
ME-33363,ORD-US-33362,M-010,Burger District,2025-04-28T10:38:24,ready_on_time,13.4,0,True
ME-33364,ORD-US-33363,M-012,Tech Stop,2025-04-28T16:49:36,ready_on_time,19.6,0,True
ME-33365,ORD-US-33364,M-012,Tech Stop,2025-04-28T18:33:36,ready_on_time,13.6,0,True
ME-33366,ORD-US-33365,M-012,Tech Stop,2025-04-28T19:12:36,ready_on_time,22.6,0,True
ME-33367,ORD-US-33366,M-011,Wellness Pharmacy,2025-04-28T16:50:48,ready_on_time,15.8,0,True
ME-33368,ORD-US-33367,M-011,Wellness Pharmacy,2025-04-28T18:26:12,ready_on_time,11.2,0,True
ME-33369,ORD-US-33368,M-010,Burger District,2025-04-28T09:40:00,ready_on_time,20.0,0,True
ME-33370,ORD-US-33369,M-011,Wellness Pharmacy,2025-04-28T12:44:18,ready_on_time,9.3,0,True
ME-33371,ORD-US-33370,M-010,Burger District,2025-04-28T17:47:00,ready_on_time,17.0,0,True
ME-33372,ORD-US-33371,M-012,Tech Stop,2025-04-28T11:35:54,ready_on_time,10.9,0,True
ME-33373,ORD-US-33372,M-010,Burger District,2025-04-28T08:26:00,ready_on_time,21.0,0,True
ME-33374,ORD-US-33373,M-011,Wellness Pharmacy,2025-04-28T10:20:06,ready_on_time,15.1,0,True
ME-33375,ORD-US-33374,M-009,Daily Mart,2025-04-28T13:00:54,ready_on_time,15.9,0,True
ME-33376,ORD-US-33375,M-009,Daily Mart,2025-04-28T13:56:30,ready_on_time,16.5,0,True
ME-33377,ORD-US-33376,M-010,Burger District,2025-04-28T09:08:12,ready_on_time,13.2,0,True
ME-33378,ORD-US-33377,M-009,Daily Mart,2025-04-28T09:38:18,ready_on_time,8.3,0,True
ME-33379,ORD-US-33378,M-011,Wellness Pharmacy,2025-04-28T19:34:18,ready_on_time,9.3,0,True
ME-33380,ORD-US-33379,M-012,Tech Stop,2025-04-28T11:21:24,ready_on_time,11.4,0,True
ME-33381,ORD-US-33380,M-012,Tech Stop,2025-04-28T18:13:36,ready_on_time,18.6,0,True
ME-33382,ORD-US-33381,M-012,Tech Stop,2025-04-28T15:02:18,ready_on_time,7.3,0,True
ME-33383,ORD-US-33382,M-010,Burger District,2025-04-28T09:11:42,ready_on_time,6.7,0,True
ME-33384,ORD-US-33383,M-010,Burger District,2025-04-28T17:44:42,ready_on_time,14.7,0,True
ME-33385,ORD-US-33384,M-009,Daily Mart,2025-04-28T15:58:00,ready_on_time,13.0,0,True
ME-33386,ORD-US-33385,M-009,Daily Mart,2025-04-28T16:45:12,ready_on_time,20.2,0,True
ME-33387,ORD-US-33386,M-009,Daily Mart,2025-04-28T15:09:42,ready_on_time,14.7,0,True
ME-33388,ORD-US-33387,M-011,Wellness Pharmacy,2025-04-28T08:27:54,ready_on_time,17.9,0,True
ME-33389,ORD-US-33388,M-009,Daily Mart,2025-04-28T15:28:12,ready_on_time,13.2,0,True
ME-33390,ORD-US-33389,M-011,Wellness Pharmacy,2025-04-28T17:10:30,ready_on_time,15.5,0,True
ME-33391,ORD-US-33390,M-010,Burger District,2025-04-28T12:52:30,ready_on_time,17.5,0,True
ME-33392,ORD-US-33391,M-011,Wellness Pharmacy,2025-04-28T18:41:12,ready_on_time,11.2,0,True
ME-33393,ORD-US-33392,M-011,Wellness Pharmacy,2025-04-28T17:55:00,ready_on_time,10.0,0,True
ME-33394,ORD-US-33393,M-012,Tech Stop,2025-04-28T09:41:06,ready_on_time,21.1,0,True
ME-33395,ORD-US-33394,M-010,Burger District,2025-04-28T15:41:12,ready_on_time,16.2,0,True
ME-33396,ORD-US-33395,M-010,Burger District,2025-04-28T18:14:12,ready_on_time,9.2,0,True
ME-33397,ORD-US-33396,M-010,Burger District,2025-04-28T15:02:42,ready_on_time,22.7,0,False
ME-33398,ORD-US-33397,M-012,Tech Stop,2025-04-28T11:08:06,ready_on_time,13.1,0,True
ME-33399,ORD-US-33398,M-011,Wellness Pharmacy,2025-04-28T17:30:06,ready_on_time,10.1,0,True
ME-33400,ORD-US-33399,M-009,Daily Mart,2025-04-28T17:48:48,ready_on_time,18.8,0,True
ME-33401,ORD-US-33400,M-004,QuickCare Pharmacy,2025-04-29T16:22:24,ready_on_time,17.4,0,True
ME-33402,ORD-US-33401,M-002,Crisp & Co.,2025-04-29T13:47:30,ready_on_time,17.5,0,True
ME-33403,ORD-US-33402,M-001,Green Basket Market,2025-04-29T16:52:06,ready_on_time,12.1,0,True
ME-33404,ORD-US-33403,M-002,Crisp & Co.,2025-04-29T17:41:36,ready_on_time,16.6,0,True
ME-33405,ORD-US-33404,M-003,Pasta Garden,2025-04-29T16:53:54,ready_on_time,18.9,0,True
ME-33406,ORD-US-33405,M-004,QuickCare Pharmacy,2025-04-29T15:23:36,ready_on_time,13.6,0,True
ME-33407,ORD-US-33406,M-004,QuickCare Pharmacy,2025-04-29T10:22:36,ready_on_time,7.6,0,True
ME-33408,ORD-US-33407,M-001,Green Basket Market,2025-04-29T10:18:48,ready_on_time,18.8,0,True
ME-33409,ORD-US-33408,M-004,QuickCare Pharmacy,2025-04-29T14:12:12,ready_on_time,7.2,0,True
ME-33410,ORD-US-33409,M-004,QuickCare Pharmacy,2025-04-29T09:41:24,ready_on_time,21.4,0,True
ME-33411,ORD-US-33410,M-003,Pasta Garden,2025-04-29T13:53:42,ready_late,15.7,8,True
ME-33412,ORD-US-33411,M-003,Pasta Garden,2025-04-29T12:47:54,ready_late,15.9,12,True
ME-33413,ORD-US-33412,M-002,Crisp & Co.,2025-04-29T20:30:36,ready_on_time,20.6,0,True
ME-33414,ORD-US-33413,M-004,QuickCare Pharmacy,2025-04-29T15:58:42,ready_on_time,13.7,0,True
ME-33415,ORD-US-33414,M-003,Pasta Garden,2025-04-29T19:27:06,ready_late,19.1,8,True
ME-33416,ORD-US-33415,M-001,Green Basket Market,2025-04-29T16:48:18,ready_on_time,18.3,0,True
ME-33417,ORD-US-33416,M-003,Pasta Garden,2025-04-29T18:48:00,ready_late,17.0,16,True
ME-33418,ORD-US-33417,M-003,Pasta Garden,2025-04-29T09:25:30,ready_late,7.5,8,True
ME-33419,ORD-US-33418,M-002,Crisp & Co.,2025-04-29T17:14:54,ready_on_time,9.9,0,True
ME-33420,ORD-US-33419,M-001,Green Basket Market,2025-04-29T18:34:12,ready_on_time,19.2,0,True
ME-33421,ORD-US-33420,M-002,Crisp & Co.,2025-04-29T16:42:00,ready_on_time,17.0,0,True
ME-33422,ORD-US-33421,M-004,QuickCare Pharmacy,2025-04-29T11:07:06,ready_on_time,17.1,0,True
ME-33423,ORD-US-33422,M-003,Pasta Garden,2025-04-29T12:40:54,ready_on_time,15.9,0,True
ME-33424,ORD-US-33423,M-001,Green Basket Market,2025-04-29T19:46:00,ready_on_time,11.0,0,True
ME-33425,ORD-US-33424,M-004,QuickCare Pharmacy,2025-04-29T19:07:42,ready_on_time,12.7,0,True
ME-33426,ORD-US-33425,M-003,Pasta Garden,2025-04-29T17:23:48,ready_late,6.8,12,True
ME-33427,ORD-US-33426,M-001,Green Basket Market,2025-04-29T21:03:18,ready_on_time,13.3,0,True
ME-33428,ORD-US-33427,M-004,QuickCare Pharmacy,2025-04-29T15:15:12,ready_on_time,10.2,0,True
ME-33429,ORD-US-33428,M-003,Pasta Garden,2025-04-29T19:38:30,ready_late,17.5,16,True
ME-33430,ORD-US-33429,M-002,Crisp & Co.,2025-04-29T10:32:30,ready_on_time,12.5,0,True
ME-33431,ORD-US-33430,M-001,Green Basket Market,2025-04-29T14:20:54,ready_on_time,15.9,0,True
ME-33432,ORD-US-33431,M-004,QuickCare Pharmacy,2025-04-29T11:03:54,ready_on_time,13.9,0,True
ME-33433,ORD-US-33432,M-004,QuickCare Pharmacy,2025-04-29T09:20:48,ready_on_time,15.8,0,True
ME-33434,ORD-US-33433,M-002,Crisp & Co.,2025-04-29T09:52:12,ready_on_time,12.2,0,True
ME-33435,ORD-US-33434,M-001,Green Basket Market,2025-04-29T20:08:12,ready_on_time,18.2,0,True
ME-33436,ORD-US-33435,M-001,Green Basket Market,2025-04-29T16:51:36,ready_on_time,11.6,0,True
ME-33437,ORD-US-33436,M-001,Green Basket Market,2025-04-29T14:28:18,ready_on_time,18.3,0,True
ME-33438,ORD-US-33437,M-002,Crisp & Co.,2025-04-29T16:40:06,ready_on_time,10.1,0,True
ME-33439,ORD-US-33438,M-003,Pasta Garden,2025-04-29T16:53:12,ready_late,17.2,16,True
ME-33440,ORD-US-33439,M-004,QuickCare Pharmacy,2025-04-29T09:48:12,ready_on_time,18.2,0,True
ME-33441,ORD-US-33440,M-001,Green Basket Market,2025-04-29T17:31:00,ready_on_time,11.0,0,True
ME-33442,ORD-US-33441,M-005,Corner Table,2025-04-29T16:50:30,ready_on_time,10.5,0,True
ME-33443,ORD-US-33442,M-006,Fresh Roots Grocery,2025-04-29T12:10:48,ready_on_time,10.8,0,True
ME-33444,ORD-US-33443,M-006,Fresh Roots Grocery,2025-04-29T20:36:48,ready_on_time,11.8,0,True
ME-33445,ORD-US-33444,M-006,Fresh Roots Grocery,2025-04-29T09:52:24,ready_on_time,17.4,0,True
ME-33446,ORD-US-33445,M-006,Fresh Roots Grocery,2025-04-29T11:59:48,ready_on_time,9.8,0,True
ME-33447,ORD-US-33446,M-005,Corner Table,2025-04-29T12:26:42,ready_on_time,21.7,0,True
ME-33448,ORD-US-33447,M-008,Noodle House,2025-04-29T14:13:30,ready_on_time,13.5,0,True
ME-33449,ORD-US-33448,M-005,Corner Table,2025-04-29T20:15:12,ready_on_time,20.2,0,True
ME-33450,ORD-US-33449,M-006,Fresh Roots Grocery,2025-04-29T21:01:00,ready_on_time,11.0,0,True
ME-33451,ORD-US-33450,M-007,Home & Handy,2025-04-29T19:55:36,ready_on_time,15.6,0,True
ME-33452,ORD-US-33451,M-005,Corner Table,2025-04-29T20:20:00,ready_on_time,15.0,0,True
ME-33453,ORD-US-33452,M-006,Fresh Roots Grocery,2025-04-29T17:41:24,ready_on_time,6.4,0,True
ME-33454,ORD-US-33453,M-006,Fresh Roots Grocery,2025-04-29T21:09:18,ready_on_time,24.3,0,False
ME-33455,ORD-US-33454,M-005,Corner Table,2025-04-29T14:42:18,ready_on_time,12.3,0,True
ME-33456,ORD-US-33455,M-005,Corner Table,2025-04-29T20:17:24,ready_on_time,17.4,0,True
ME-33457,ORD-US-33456,M-005,Corner Table,2025-04-29T09:38:36,ready_on_time,13.6,0,True
ME-33458,ORD-US-33457,M-008,Noodle House,2025-04-29T09:03:06,ready_on_time,8.1,0,True
ME-33459,ORD-US-33458,M-008,Noodle House,2025-04-29T10:34:48,ready_on_time,14.8,0,True
ME-33460,ORD-US-33459,M-007,Home & Handy,2025-04-29T20:17:24,ready_on_time,22.4,0,True
ME-33461,ORD-US-33460,M-005,Corner Table,2025-04-29T18:36:18,ready_on_time,16.3,0,True
ME-33462,ORD-US-33461,M-005,Corner Table,2025-04-29T10:53:36,ready_on_time,8.6,0,True
ME-33463,ORD-US-33462,M-005,Corner Table,2025-04-29T16:05:30,ready_on_time,10.5,0,True
ME-33464,ORD-US-33463,M-007,Home & Handy,2025-04-29T15:25:30,ready_on_time,15.5,0,True
ME-33465,ORD-US-33464,M-005,Corner Table,2025-04-29T18:07:12,ready_on_time,12.2,0,True
ME-33466,ORD-US-33465,M-008,Noodle House,2025-04-29T14:32:18,ready_on_time,12.3,0,True
ME-33467,ORD-US-33466,M-006,Fresh Roots Grocery,2025-04-29T10:12:36,ready_on_time,17.6,0,True
ME-33468,ORD-US-33467,M-005,Corner Table,2025-04-29T20:36:30,ready_on_time,11.5,0,True
ME-33469,ORD-US-33468,M-006,Fresh Roots Grocery,2025-04-29T20:34:48,ready_on_time,14.8,0,True
ME-33470,ORD-US-33469,M-007,Home & Handy,2025-04-29T14:01:06,ready_on_time,11.1,0,True
ME-33471,ORD-US-33470,M-008,Noodle House,2025-04-29T12:51:36,ready_on_time,16.6,0,True
ME-33472,ORD-US-33471,M-005,Corner Table,2025-04-29T17:57:36,ready_on_time,12.6,0,True
ME-33473,ORD-US-33472,M-008,Noodle House,2025-04-29T10:47:42,ready_on_time,12.7,0,True
ME-33474,ORD-US-33473,M-005,Corner Table,2025-04-29T11:04:54,ready_on_time,9.9,0,True
ME-33475,ORD-US-33474,M-008,Noodle House,2025-04-29T10:39:48,ready_on_time,19.8,0,True
ME-33476,ORD-US-33475,M-008,Noodle House,2025-04-29T15:03:00,ready_on_time,18.0,0,True
ME-33477,ORD-US-33476,M-005,Corner Table,2025-04-29T12:13:00,ready_on_time,13.0,0,True
ME-33478,ORD-US-33477,M-006,Fresh Roots Grocery,2025-04-29T11:44:24,ready_on_time,14.4,0,True
ME-33479,ORD-US-33478,M-005,Corner Table,2025-04-29T21:01:42,ready_on_time,16.7,0,True
ME-33480,ORD-US-33479,M-012,Tech Stop,2025-04-29T10:39:48,ready_on_time,9.8,0,True
ME-33481,ORD-US-33480,M-010,Burger District,2025-04-29T16:21:48,ready_on_time,11.8,0,True
ME-33482,ORD-US-33481,M-010,Burger District,2025-04-29T14:29:48,ready_on_time,14.8,0,True
ME-33483,ORD-US-33482,M-010,Burger District,2025-04-29T18:34:36,ready_on_time,14.6,0,True
ME-33484,ORD-US-33483,M-009,Daily Mart,2025-04-29T18:38:30,ready_on_time,18.5,0,True
ME-33485,ORD-US-33484,M-009,Daily Mart,2025-04-29T19:31:24,ready_on_time,21.4,0,True
ME-33486,ORD-US-33485,M-011,Wellness Pharmacy,2025-04-29T11:50:36,ready_on_time,10.6,0,True
ME-33487,ORD-US-33486,M-010,Burger District,2025-04-29T18:31:06,ready_on_time,16.1,0,True
ME-33488,ORD-US-33487,M-011,Wellness Pharmacy,2025-04-29T18:37:00,ready_on_time,17.0,0,True
ME-33489,ORD-US-33488,M-010,Burger District,2025-04-29T17:28:42,ready_on_time,13.7,0,True
ME-33490,ORD-US-33489,M-010,Burger District,2025-04-29T08:36:36,ready_on_time,21.6,0,True
ME-33491,ORD-US-33490,M-011,Wellness Pharmacy,2025-04-29T15:32:12,ready_on_time,12.2,0,True
ME-33492,ORD-US-33491,M-012,Tech Stop,2025-04-29T18:35:18,ready_on_time,10.3,0,True
ME-33493,ORD-US-33492,M-010,Burger District,2025-04-29T13:54:24,ready_on_time,14.4,0,True
ME-33494,ORD-US-33493,M-012,Tech Stop,2025-04-29T18:54:48,ready_on_time,9.8,0,True
ME-33495,ORD-US-33494,M-012,Tech Stop,2025-04-29T15:54:36,ready_on_time,19.6,0,True
ME-33496,ORD-US-33495,M-012,Tech Stop,2025-04-29T08:31:18,ready_on_time,16.3,0,True
ME-33497,ORD-US-33496,M-010,Burger District,2025-04-29T18:13:24,ready_on_time,18.4,0,True
ME-33498,ORD-US-33497,M-011,Wellness Pharmacy,2025-04-29T18:07:42,ready_on_time,12.7,0,True
ME-33499,ORD-US-33498,M-010,Burger District,2025-04-29T08:31:00,ready_on_time,6.0,0,True
ME-33500,ORD-US-33499,M-011,Wellness Pharmacy,2025-04-29T19:01:12,ready_on_time,21.2,0,True
ME-33501,ORD-US-33500,M-011,Wellness Pharmacy,2025-04-29T20:03:00,ready_on_time,13.0,0,True
ME-33502,ORD-US-33501,M-009,Daily Mart,2025-04-29T08:24:06,ready_on_time,14.1,0,True
ME-33503,ORD-US-33502,M-009,Daily Mart,2025-04-29T18:52:12,ready_on_time,7.2,0,True
ME-33504,ORD-US-33503,M-010,Burger District,2025-04-29T15:18:12,ready_on_time,13.2,0,True
ME-33505,ORD-US-33504,M-011,Wellness Pharmacy,2025-04-29T20:45:24,ready_on_time,10.4,0,True
ME-33506,ORD-US-33505,M-011,Wellness Pharmacy,2025-04-29T16:49:24,ready_on_time,14.4,0,True
ME-33507,ORD-US-33506,M-010,Burger District,2025-04-29T14:34:24,ready_on_time,14.4,0,True
ME-33508,ORD-US-33507,M-010,Burger District,2025-04-29T21:11:06,ready_on_time,21.1,0,True
ME-33509,ORD-US-33508,M-009,Daily Mart,2025-04-29T18:01:24,ready_on_time,11.4,0,True
ME-33510,ORD-US-33509,M-011,Wellness Pharmacy,2025-04-29T13:00:48,ready_on_time,10.8,0,True
ME-33511,ORD-US-33510,M-010,Burger District,2025-04-29T10:50:12,ready_on_time,15.2,0,True
ME-33512,ORD-US-33511,M-010,Burger District,2025-04-29T09:27:48,ready_on_time,12.8,0,True
ME-33513,ORD-US-33512,M-012,Tech Stop,2025-04-29T18:23:06,ready_on_time,13.1,0,True
ME-33514,ORD-US-33513,M-012,Tech Stop,2025-04-29T18:35:42,ready_on_time,15.7,0,True
ME-33515,ORD-US-33514,M-012,Tech Stop,2025-04-29T13:58:30,ready_on_time,8.5,0,True
ME-33516,ORD-US-33515,M-009,Daily Mart,2025-04-29T15:11:18,ready_on_time,21.3,0,True
ME-33517,ORD-US-33516,M-011,Wellness Pharmacy,2025-04-29T08:59:54,ready_on_time,9.9,0,True
ME-33518,ORD-US-33517,M-009,Daily Mart,2025-04-29T14:20:54,ready_on_time,10.9,0,True
ME-33519,ORD-US-33518,M-009,Daily Mart,2025-04-29T20:10:06,ready_on_time,10.1,0,True
ME-33520,ORD-US-33519,M-012,Tech Stop,2025-04-29T11:33:30,ready_on_time,18.5,0,True
ME-33521,ORD-US-33520,M-012,Tech Stop,2025-04-29T12:53:30,ready_on_time,18.5,0,True
ME-33522,ORD-US-33521,M-011,Wellness Pharmacy,2025-04-29T08:25:12,ready_on_time,20.2,0,True
ME-33523,ORD-US-33522,M-010,Burger District,2025-04-29T10:56:18,ready_on_time,11.3,0,True
ME-33524,ORD-US-33523,M-003,Pasta Garden,2025-04-30T08:25:06,ready_late,13.1,12,True
ME-33525,ORD-US-33524,M-003,Pasta Garden,2025-04-30T15:09:24,ready_on_time,19.4,0,True
ME-33526,ORD-US-33525,M-001,Green Basket Market,2025-04-30T09:03:42,ready_on_time,18.7,0,True
ME-33527,ORD-US-33526,M-004,QuickCare Pharmacy,2025-04-30T17:21:54,ready_on_time,21.9,0,True
ME-33528,ORD-US-33527,M-002,Crisp & Co.,2025-04-30T14:17:30,ready_on_time,17.5,0,True
ME-33529,ORD-US-33528,M-001,Green Basket Market,2025-04-30T18:14:54,ready_on_time,14.9,0,True
ME-33530,ORD-US-33529,M-003,Pasta Garden,2025-04-30T11:18:30,ready_late,15.5,8,True
ME-33531,ORD-US-33530,M-002,Crisp & Co.,2025-04-30T17:09:24,ready_on_time,19.4,0,True
ME-33532,ORD-US-33531,M-001,Green Basket Market,2025-04-30T18:40:12,ready_on_time,10.2,0,True
ME-33533,ORD-US-33532,M-004,QuickCare Pharmacy,2025-04-30T15:03:36,ready_on_time,18.6,0,True
ME-33534,ORD-US-33533,M-004,QuickCare Pharmacy,2025-04-30T19:44:36,ready_on_time,14.6,0,True
ME-33535,ORD-US-33534,M-004,QuickCare Pharmacy,2025-04-30T18:23:06,ready_on_time,18.1,0,True
ME-33536,ORD-US-33535,M-001,Green Basket Market,2025-04-30T13:35:54,ready_on_time,20.9,0,True
ME-33537,ORD-US-33536,M-004,QuickCare Pharmacy,2025-04-30T13:52:54,ready_on_time,12.9,0,True
ME-33538,ORD-US-33537,M-002,Crisp & Co.,2025-04-30T17:38:12,ready_on_time,18.2,0,True
ME-33539,ORD-US-33538,M-002,Crisp & Co.,2025-04-30T09:47:48,ready_on_time,17.8,0,True
ME-33540,ORD-US-33539,M-004,QuickCare Pharmacy,2025-04-30T14:36:48,ready_on_time,16.8,0,True
ME-33541,ORD-US-33540,M-003,Pasta Garden,2025-04-30T12:08:42,ready_late,10.7,8,True
ME-33542,ORD-US-33541,M-004,QuickCare Pharmacy,2025-04-30T12:28:00,ready_on_time,3,0,True
ME-33543,ORD-US-33542,M-002,Crisp & Co.,2025-04-30T11:56:42,ready_on_time,11.7,0,True
ME-33544,ORD-US-33543,M-001,Green Basket Market,2025-04-30T14:46:06,ready_on_time,16.1,0,True
ME-33545,ORD-US-33544,M-002,Crisp & Co.,2025-04-30T11:49:12,ready_on_time,14.2,0,True
ME-33546,ORD-US-33545,M-003,Pasta Garden,2025-04-30T19:55:18,ready_late,13.3,12,True
ME-33547,ORD-US-33546,M-001,Green Basket Market,2025-04-30T17:17:18,ready_on_time,17.3,0,True
ME-33548,ORD-US-33547,M-002,Crisp & Co.,2025-04-30T10:50:48,ready_on_time,15.8,0,True
ME-33549,ORD-US-33548,M-002,Crisp & Co.,2025-04-30T08:29:12,ready_on_time,9.2,0,True
ME-33550,ORD-US-33549,M-001,Green Basket Market,2025-04-30T19:07:54,ready_on_time,17.9,0,True
ME-33551,ORD-US-33550,M-001,Green Basket Market,2025-04-30T18:59:48,ready_on_time,19.8,0,True
ME-33552,ORD-US-33551,M-002,Crisp & Co.,2025-04-30T14:37:42,ready_on_time,7.7,0,True
ME-33553,ORD-US-33552,M-004,QuickCare Pharmacy,2025-04-30T08:59:12,ready_on_time,9.2,0,True
ME-33554,ORD-US-33553,M-004,QuickCare Pharmacy,2025-04-30T17:04:30,ready_on_time,9.5,0,True
ME-33555,ORD-US-33554,M-004,QuickCare Pharmacy,2025-04-30T19:09:18,ready_on_time,14.3,0,True
ME-33556,ORD-US-33555,M-001,Green Basket Market,2025-04-30T19:18:24,ready_on_time,13.4,0,True
ME-33557,ORD-US-33556,M-001,Green Basket Market,2025-04-30T18:00:48,ready_on_time,5.8,0,True
ME-33558,ORD-US-33557,M-002,Crisp & Co.,2025-04-30T11:39:30,ready_on_time,24.5,0,True
ME-33559,ORD-US-33558,M-004,QuickCare Pharmacy,2025-04-30T17:22:00,ready_on_time,12.0,0,True
ME-33560,ORD-US-33559,M-004,QuickCare Pharmacy,2025-04-30T13:53:18,ready_on_time,18.3,0,True
ME-33561,ORD-US-33560,M-004,QuickCare Pharmacy,2025-04-30T15:55:12,ready_on_time,10.2,0,True
ME-33562,ORD-US-33561,M-006,Fresh Roots Grocery,2025-04-30T20:27:36,ready_on_time,7.6,0,True
ME-33563,ORD-US-33562,M-008,Noodle House,2025-04-30T13:32:24,ready_on_time,17.4,0,True
ME-33564,ORD-US-33563,M-008,Noodle House,2025-04-30T17:38:00,ready_on_time,13.0,0,True
ME-33565,ORD-US-33564,M-006,Fresh Roots Grocery,2025-04-30T20:01:00,ready_on_time,16.0,0,True
ME-33566,ORD-US-33565,M-005,Corner Table,2025-04-30T15:24:42,ready_on_time,19.7,0,True
ME-33567,ORD-US-33566,M-005,Corner Table,2025-04-30T10:31:54,ready_on_time,11.9,0,True
ME-33568,ORD-US-33567,M-005,Corner Table,2025-04-30T09:48:06,ready_on_time,8.1,0,True
ME-33569,ORD-US-33568,M-006,Fresh Roots Grocery,2025-04-30T20:50:06,ready_on_time,15.1,0,True
ME-33570,ORD-US-33569,M-006,Fresh Roots Grocery,2025-04-30T17:11:06,ready_on_time,6.1,0,True
ME-33571,ORD-US-33570,M-006,Fresh Roots Grocery,2025-04-30T20:42:00,ready_on_time,12.0,0,True
ME-33572,ORD-US-33571,M-006,Fresh Roots Grocery,2025-04-30T12:04:18,ready_on_time,19.3,0,True
ME-33573,ORD-US-33572,M-008,Noodle House,2025-04-30T18:59:00,ready_on_time,4.0,0,True
ME-33574,ORD-US-33573,M-006,Fresh Roots Grocery,2025-04-30T14:14:06,ready_on_time,14.1,0,True
ME-33575,ORD-US-33574,M-007,Home & Handy,2025-04-30T10:26:00,ready_on_time,21.0,0,True
ME-33576,ORD-US-33575,M-008,Noodle House,2025-04-30T12:05:18,ready_on_time,20.3,0,True
ME-33577,ORD-US-33576,M-007,Home & Handy,2025-04-30T15:03:12,ready_on_time,18.2,0,True
ME-33578,ORD-US-33577,M-005,Corner Table,2025-04-30T14:08:30,ready_on_time,8.5,0,True
ME-33579,ORD-US-33578,M-007,Home & Handy,2025-04-30T18:31:48,ready_on_time,11.8,0,True
ME-33580,ORD-US-33579,M-008,Noodle House,2025-04-30T18:50:48,ready_on_time,20.8,0,True
ME-33581,ORD-US-33580,M-005,Corner Table,2025-04-30T17:55:12,ready_on_time,10.2,0,True
ME-33582,ORD-US-33581,M-006,Fresh Roots Grocery,2025-04-30T12:26:00,ready_on_time,16.0,0,True
ME-33583,ORD-US-33582,M-006,Fresh Roots Grocery,2025-04-30T17:04:48,ready_on_time,14.8,0,True
ME-33584,ORD-US-33583,M-006,Fresh Roots Grocery,2025-04-30T16:35:36,ready_on_time,20.6,0,True
ME-33585,ORD-US-33584,M-005,Corner Table,2025-04-30T17:55:06,ready_on_time,15.1,0,True
ME-33586,ORD-US-33585,M-006,Fresh Roots Grocery,2025-04-30T16:34:30,ready_on_time,14.5,0,True
ME-33587,ORD-US-33586,M-007,Home & Handy,2025-04-30T11:13:18,ready_on_time,18.3,0,True
ME-33588,ORD-US-33587,M-008,Noodle House,2025-04-30T17:50:12,ready_on_time,10.2,0,True
ME-33589,ORD-US-33588,M-005,Corner Table,2025-04-30T15:48:54,ready_on_time,18.9,0,True
ME-33590,ORD-US-33589,M-006,Fresh Roots Grocery,2025-04-30T17:26:48,ready_on_time,11.8,0,True
ME-33591,ORD-US-33590,M-005,Corner Table,2025-04-30T17:43:00,ready_on_time,13.0,0,True
ME-33592,ORD-US-33591,M-008,Noodle House,2025-04-30T20:47:00,ready_on_time,12.0,0,True
ME-33593,ORD-US-33592,M-007,Home & Handy,2025-04-30T19:04:30,ready_on_time,14.5,0,True
ME-33594,ORD-US-33593,M-008,Noodle House,2025-04-30T14:35:18,ready_on_time,15.3,0,True
ME-33595,ORD-US-33594,M-006,Fresh Roots Grocery,2025-04-30T08:57:24,ready_on_time,17.4,0,True
ME-33596,ORD-US-33595,M-008,Noodle House,2025-04-30T20:39:24,ready_on_time,14.4,0,True
ME-33597,ORD-US-33596,M-006,Fresh Roots Grocery,2025-04-30T15:00:30,ready_on_time,10.5,0,True
ME-33598,ORD-US-33597,M-005,Corner Table,2025-04-30T10:15:06,ready_on_time,10.1,0,True
ME-33599,ORD-US-33598,M-006,Fresh Roots Grocery,2025-04-30T19:31:00,ready_on_time,11.0,0,True
ME-33600,ORD-US-33599,M-008,Noodle House,2025-04-30T16:19:00,ready_on_time,19.0,0,True
ME-33601,ORD-US-33600,M-006,Fresh Roots Grocery,2025-04-30T19:26:48,ready_on_time,11.8,0,True
ME-33602,ORD-US-33601,M-006,Fresh Roots Grocery,2025-04-30T18:21:30,ready_on_time,16.5,0,True
ME-33603,ORD-US-33602,M-008,Noodle House,2025-04-30T20:39:00,ready_on_time,14.0,0,True
ME-33604,ORD-US-33603,M-005,Corner Table,2025-04-30T13:42:24,ready_on_time,12.4,0,True
ME-33605,ORD-US-33604,M-006,Fresh Roots Grocery,2025-04-30T16:41:06,ready_on_time,6.1,0,True
ME-33606,ORD-US-33605,M-008,Noodle House,2025-04-30T15:27:48,ready_on_time,12.8,0,True
ME-33607,ORD-US-33606,M-012,Tech Stop,2025-04-30T12:31:30,ready_on_time,11.5,0,True
ME-33608,ORD-US-33607,M-011,Wellness Pharmacy,2025-04-30T11:18:42,ready_on_time,18.7,0,True
ME-33609,ORD-US-33608,M-011,Wellness Pharmacy,2025-04-30T15:43:36,ready_on_time,23.6,0,True
ME-33610,ORD-US-33609,M-012,Tech Stop,2025-04-30T19:24:06,ready_on_time,9.1,0,True
ME-33611,ORD-US-33610,M-009,Daily Mart,2025-04-30T20:45:12,ready_on_time,15.2,0,True
ME-33612,ORD-US-33611,M-011,Wellness Pharmacy,2025-04-30T17:40:54,ready_on_time,15.9,0,True
ME-33613,ORD-US-33612,M-009,Daily Mart,2025-04-30T12:36:24,ready_on_time,16.4,0,True
ME-33614,ORD-US-33613,M-010,Burger District,2025-04-30T13:56:12,ready_on_time,11.2,0,True
ME-33615,ORD-US-33614,M-010,Burger District,2025-04-30T11:17:00,ready_on_time,12.0,0,True
ME-33616,ORD-US-33615,M-011,Wellness Pharmacy,2025-04-30T14:15:48,ready_on_time,15.8,0,True
ME-33617,ORD-US-33616,M-012,Tech Stop,2025-04-30T19:25:48,ready_on_time,10.8,0,True
ME-33618,ORD-US-33617,M-011,Wellness Pharmacy,2025-04-30T14:48:30,ready_on_time,13.5,0,True
ME-33619,ORD-US-33618,M-011,Wellness Pharmacy,2025-04-30T13:20:54,ready_on_time,10.9,0,True
ME-33620,ORD-US-33619,M-010,Burger District,2025-04-30T08:13:54,ready_on_time,13.9,0,True
ME-33621,ORD-US-33620,M-011,Wellness Pharmacy,2025-04-30T11:12:48,ready_on_time,17.8,0,True
ME-33622,ORD-US-33621,M-011,Wellness Pharmacy,2025-04-30T09:21:36,ready_on_time,6.6,0,True
ME-33623,ORD-US-33622,M-009,Daily Mart,2025-04-30T20:28:00,ready_on_time,13.0,0,True
ME-33624,ORD-US-33623,M-011,Wellness Pharmacy,2025-04-30T19:31:54,ready_on_time,11.9,0,True
ME-33625,ORD-US-33624,M-011,Wellness Pharmacy,2025-04-30T21:02:30,ready_on_time,17.5,0,True
ME-33626,ORD-US-33625,M-012,Tech Stop,2025-04-30T15:20:30,ready_on_time,15.5,0,True
ME-33627,ORD-US-33626,M-012,Tech Stop,2025-04-30T14:56:06,ready_on_time,26.1,0,True
ME-33628,ORD-US-33627,M-010,Burger District,2025-04-30T13:27:12,ready_on_time,22.2,0,True
ME-33629,ORD-US-33628,M-011,Wellness Pharmacy,2025-04-30T15:34:18,ready_on_time,24.3,0,True
ME-33630,ORD-US-33629,M-009,Daily Mart,2025-04-30T16:32:30,ready_on_time,12.5,0,True
ME-33631,ORD-US-33630,M-009,Daily Mart,2025-04-30T15:56:36,ready_on_time,16.6,0,True
ME-33632,ORD-US-33631,M-011,Wellness Pharmacy,2025-04-30T09:07:54,ready_on_time,12.9,0,True
ME-33633,ORD-US-33632,M-010,Burger District,2025-04-30T11:11:00,ready_on_time,11.0,0,True
ME-33634,ORD-US-33633,M-009,Daily Mart,2025-04-30T16:47:54,ready_on_time,17.9,0,True
ME-33635,ORD-US-33634,M-009,Daily Mart,2025-04-30T17:17:06,ready_on_time,17.1,0,True
ME-33636,ORD-US-33635,M-009,Daily Mart,2025-04-30T10:53:54,ready_on_time,23.9,0,True
ME-33637,ORD-US-33636,M-010,Burger District,2025-04-30T08:48:42,ready_on_time,13.7,0,True
ME-33638,ORD-US-33637,M-009,Daily Mart,2025-04-30T09:20:48,ready_on_time,10.8,0,True
ME-33639,ORD-US-33638,M-009,Daily Mart,2025-04-30T20:49:24,ready_on_time,14.4,0,True
ME-33640,ORD-US-33639,M-009,Daily Mart,2025-04-30T10:15:18,ready_on_time,10.3,0,True
ME-33641,ORD-US-33640,M-010,Burger District,2025-04-30T14:00:36,ready_on_time,10.6,0,True
ME-33642,ORD-US-33641,M-011,Wellness Pharmacy,2025-04-30T12:20:48,ready_on_time,10.8,0,True
ME-33643,ORD-US-33642,M-004,QuickCare Pharmacy,2025-05-01T09:05:06,ready_on_time,20.1,0,True
ME-33644,ORD-US-33643,M-003,Pasta Garden,2025-05-01T11:52:24,ready_on_time,12.4,0,True
ME-33645,ORD-US-33644,M-003,Pasta Garden,2025-05-01T12:26:00,ready_on_time,21.0,0,True
ME-33646,ORD-US-33645,M-003,Pasta Garden,2025-05-01T16:38:18,ready_on_time,13.3,0,True
ME-33647,ORD-US-33646,M-003,Pasta Garden,2025-05-01T19:35:48,ready_on_time,15.8,0,True
ME-33648,ORD-US-33647,M-003,Pasta Garden,2025-05-01T18:31:12,ready_on_time,16.2,0,True
ME-33649,ORD-US-33648,M-004,QuickCare Pharmacy,2025-05-01T20:14:06,ready_on_time,14.1,0,True
ME-33650,ORD-US-33649,M-002,Crisp & Co.,2025-05-01T09:27:24,ready_on_time,12.4,0,True
ME-33651,ORD-US-33650,M-002,Crisp & Co.,2025-05-01T18:06:12,ready_on_time,21.2,0,True
ME-33652,ORD-US-33651,M-002,Crisp & Co.,2025-05-01T15:32:48,ready_on_time,12.8,0,True
ME-33653,ORD-US-33652,M-002,Crisp & Co.,2025-05-01T17:23:24,ready_on_time,18.4,0,True
ME-33654,ORD-US-33653,M-004,QuickCare Pharmacy,2025-05-01T16:59:42,ready_on_time,14.7,0,True
ME-33655,ORD-US-33654,M-003,Pasta Garden,2025-05-01T19:09:30,ready_on_time,14.5,0,True
ME-33656,ORD-US-33655,M-004,QuickCare Pharmacy,2025-05-01T13:51:06,ready_on_time,16.1,0,True
ME-33657,ORD-US-33656,M-003,Pasta Garden,2025-05-01T12:33:30,ready_on_time,13.5,0,True
ME-33658,ORD-US-33657,M-002,Crisp & Co.,2025-05-01T09:50:12,ready_on_time,15.2,0,True
ME-33659,ORD-US-33658,M-003,Pasta Garden,2025-05-01T12:50:48,ready_on_time,5.8,0,True
ME-33660,ORD-US-33659,M-002,Crisp & Co.,2025-05-01T13:59:36,ready_on_time,19.6,0,True
ME-33661,ORD-US-33660,M-004,QuickCare Pharmacy,2025-05-01T11:53:06,ready_on_time,13.1,0,True
ME-33662,ORD-US-33661,M-004,QuickCare Pharmacy,2025-05-01T21:02:24,ready_on_time,7.4,0,True
ME-33663,ORD-US-33662,M-003,Pasta Garden,2025-05-01T18:22:54,ready_on_time,12.9,0,True
ME-33664,ORD-US-33663,M-002,Crisp & Co.,2025-05-01T11:41:12,ready_on_time,16.2,0,True
ME-33665,ORD-US-33664,M-003,Pasta Garden,2025-05-01T13:23:12,ready_on_time,13.2,0,True
ME-33666,ORD-US-33665,M-004,QuickCare Pharmacy,2025-05-01T13:44:36,ready_on_time,9.6,0,True
ME-33667,ORD-US-33666,M-002,Crisp & Co.,2025-05-01T15:17:12,ready_on_time,17.2,0,True
ME-33668,ORD-US-33667,M-002,Crisp & Co.,2025-05-01T11:28:12,ready_on_time,8.2,0,True
ME-33669,ORD-US-33668,M-001,Green Basket Market,2025-05-01T14:23:54,ready_on_time,13.9,0,True
ME-33670,ORD-US-33669,M-002,Crisp & Co.,2025-05-01T10:05:24,ready_on_time,15.4,0,True
ME-33671,ORD-US-33670,M-001,Green Basket Market,2025-05-01T12:51:36,ready_on_time,11.6,0,True
ME-33672,ORD-US-33671,M-003,Pasta Garden,2025-05-01T18:54:24,ready_on_time,19.4,0,True
ME-33673,ORD-US-33672,M-004,QuickCare Pharmacy,2025-05-01T18:59:24,ready_on_time,14.4,0,True
ME-33674,ORD-US-33673,M-003,Pasta Garden,2025-05-01T13:57:18,ready_on_time,7.3,0,True
ME-33675,ORD-US-33674,M-001,Green Basket Market,2025-05-01T09:21:12,ready_on_time,11.2,0,True
ME-33676,ORD-US-33675,M-004,QuickCare Pharmacy,2025-05-01T13:59:30,ready_on_time,14.5,0,True
ME-33677,ORD-US-33676,M-003,Pasta Garden,2025-05-01T16:21:24,ready_on_time,16.4,0,True
ME-33678,ORD-US-33677,M-003,Pasta Garden,2025-05-01T14:33:54,ready_on_time,13.9,0,True
ME-33679,ORD-US-33678,M-007,Home & Handy,2025-05-01T12:00:00,ready_on_time,15.0,0,True
ME-33680,ORD-US-33679,M-008,Noodle House,2025-05-01T10:03:24,ready_on_time,18.4,0,True
ME-33681,ORD-US-33680,M-006,Fresh Roots Grocery,2025-05-01T11:01:54,ready_on_time,11.9,0,True
ME-33682,ORD-US-33681,M-007,Home & Handy,2025-05-01T10:05:18,ready_on_time,15.3,0,True
ME-33683,ORD-US-33682,M-008,Noodle House,2025-05-01T11:13:12,ready_on_time,23.2,0,True
ME-33684,ORD-US-33683,M-008,Noodle House,2025-05-01T20:18:36,ready_on_time,18.6,0,True
ME-33685,ORD-US-33684,M-007,Home & Handy,2025-05-01T16:45:36,ready_on_time,10.6,0,True
ME-33686,ORD-US-33685,M-006,Fresh Roots Grocery,2025-05-01T13:19:42,ready_on_time,9.7,0,True
ME-33687,ORD-US-33686,M-006,Fresh Roots Grocery,2025-05-01T19:41:54,ready_on_time,11.9,0,True
ME-33688,ORD-US-33687,M-008,Noodle House,2025-05-01T09:48:54,ready_on_time,18.9,0,True
ME-33689,ORD-US-33688,M-007,Home & Handy,2025-05-01T18:49:36,ready_on_time,4.6,0,True
ME-33690,ORD-US-33689,M-008,Noodle House,2025-05-01T14:55:54,ready_on_time,15.9,0,True
ME-33691,ORD-US-33690,M-006,Fresh Roots Grocery,2025-05-01T11:37:42,ready_on_time,22.7,0,True
ME-33692,ORD-US-33691,M-005,Corner Table,2025-05-01T14:10:18,ready_on_time,5.3,0,True
ME-33693,ORD-US-33692,M-007,Home & Handy,2025-05-01T11:35:00,ready_on_time,15.0,0,True
ME-33694,ORD-US-33693,M-008,Noodle House,2025-05-01T15:10:18,ready_on_time,5.3,0,True
ME-33695,ORD-US-33694,M-007,Home & Handy,2025-05-01T11:20:48,ready_on_time,15.8,0,True
ME-33696,ORD-US-33695,M-005,Corner Table,2025-05-01T18:51:54,ready_on_time,16.9,0,True
ME-33697,ORD-US-33696,M-006,Fresh Roots Grocery,2025-05-01T12:35:12,ready_on_time,15.2,0,True
ME-33698,ORD-US-33697,M-008,Noodle House,2025-05-01T19:19:18,ready_on_time,14.3,0,True
ME-33699,ORD-US-33698,M-008,Noodle House,2025-05-01T08:31:30,ready_on_time,16.5,0,True
ME-33700,ORD-US-33699,M-007,Home & Handy,2025-05-01T11:36:30,ready_on_time,16.5,0,True
ME-33701,ORD-US-33700,M-007,Home & Handy,2025-05-01T20:03:42,ready_on_time,18.7,0,True
ME-33702,ORD-US-33701,M-007,Home & Handy,2025-05-01T09:46:24,ready_on_time,16.4,0,True
ME-33703,ORD-US-33702,M-007,Home & Handy,2025-05-01T17:09:30,ready_on_time,14.5,0,True
ME-33704,ORD-US-33703,M-006,Fresh Roots Grocery,2025-05-01T20:11:00,ready_on_time,11.0,0,True
ME-33705,ORD-US-33704,M-007,Home & Handy,2025-05-01T09:26:30,ready_on_time,11.5,0,True
ME-33706,ORD-US-33705,M-008,Noodle House,2025-05-01T16:01:30,ready_on_time,6.5,0,True
ME-33707,ORD-US-33706,M-005,Corner Table,2025-05-01T10:42:12,ready_on_time,12.2,0,True
ME-33708,ORD-US-33707,M-007,Home & Handy,2025-05-01T17:51:30,ready_on_time,16.5,0,True
ME-33709,ORD-US-33708,M-008,Noodle House,2025-05-01T16:31:24,ready_on_time,16.4,0,True
ME-33710,ORD-US-33709,M-006,Fresh Roots Grocery,2025-05-01T19:19:00,ready_on_time,4.0,0,True
ME-33711,ORD-US-33710,M-005,Corner Table,2025-05-01T19:04:24,ready_on_time,19.4,0,True
ME-33712,ORD-US-33711,M-005,Corner Table,2025-05-01T13:42:18,ready_on_time,17.3,0,True
ME-33713,ORD-US-33712,M-007,Home & Handy,2025-05-01T21:11:36,ready_on_time,16.6,0,True
ME-33714,ORD-US-33713,M-007,Home & Handy,2025-05-01T16:36:30,ready_on_time,11.5,0,True
ME-33715,ORD-US-33714,M-008,Noodle House,2025-05-01T11:31:36,ready_on_time,11.6,0,True
ME-33716,ORD-US-33715,M-008,Noodle House,2025-05-01T15:20:00,ready_on_time,15.0,0,True
ME-33717,ORD-US-33716,M-008,Noodle House,2025-05-01T14:26:18,ready_on_time,16.3,0,True
ME-33718,ORD-US-33717,M-008,Noodle House,2025-05-01T11:01:36,ready_on_time,21.6,0,True
ME-33719,ORD-US-33718,M-006,Fresh Roots Grocery,2025-05-01T12:27:06,ready_on_time,17.1,0,True
ME-33720,ORD-US-33719,M-008,Noodle House,2025-05-01T14:46:54,ready_on_time,11.9,0,True
ME-33721,ORD-US-33720,M-007,Home & Handy,2025-05-01T20:52:24,ready_on_time,7.4,0,True
ME-33722,ORD-US-33721,M-007,Home & Handy,2025-05-01T12:53:00,ready_on_time,3,0,True
ME-33723,ORD-US-33722,M-006,Fresh Roots Grocery,2025-05-01T12:34:48,ready_on_time,9.8,0,True
ME-33724,ORD-US-33723,M-012,Tech Stop,2025-05-01T19:35:48,ready_on_time,15.8,0,True
ME-33725,ORD-US-33724,M-012,Tech Stop,2025-05-01T09:14:12,ready_on_time,24.2,0,True
ME-33726,ORD-US-33725,M-010,Burger District,2025-05-01T20:50:54,ready_on_time,5.9,0,True
ME-33727,ORD-US-33726,M-009,Daily Mart,2025-05-01T19:23:30,ready_on_time,13.5,0,True
ME-33728,ORD-US-33727,M-009,Daily Mart,2025-05-01T10:09:30,ready_on_time,19.5,0,True
ME-33729,ORD-US-33728,M-011,Wellness Pharmacy,2025-05-01T12:34:30,ready_on_time,19.5,0,True
ME-33730,ORD-US-33729,M-010,Burger District,2025-05-01T19:32:42,ready_on_time,17.7,0,True
ME-33731,ORD-US-33730,M-010,Burger District,2025-05-01T08:36:42,ready_on_time,11.7,0,True
ME-33732,ORD-US-33731,M-012,Tech Stop,2025-05-01T13:27:42,ready_on_time,12.7,0,True
ME-33733,ORD-US-33732,M-010,Burger District,2025-05-01T13:47:24,ready_on_time,12.4,0,True
ME-33734,ORD-US-33733,M-011,Wellness Pharmacy,2025-05-01T18:02:00,ready_on_time,17.0,0,True
ME-33735,ORD-US-33734,M-011,Wellness Pharmacy,2025-05-01T15:47:42,ready_on_time,12.7,0,True
ME-33736,ORD-US-33735,M-010,Burger District,2025-05-01T13:51:18,ready_on_time,11.3,0,True
ME-33737,ORD-US-33736,M-009,Daily Mart,2025-05-01T16:57:42,ready_on_time,12.7,0,True
ME-33738,ORD-US-33737,M-012,Tech Stop,2025-05-01T20:45:00,ready_on_time,10.0,0,True
ME-33739,ORD-US-33738,M-010,Burger District,2025-05-01T13:11:12,ready_on_time,16.2,0,True
ME-33740,ORD-US-33739,M-012,Tech Stop,2025-05-01T19:09:30,ready_on_time,14.5,0,True
ME-33741,ORD-US-33740,M-009,Daily Mart,2025-05-01T08:42:42,ready_on_time,7.7,0,True
ME-33742,ORD-US-33741,M-012,Tech Stop,2025-05-01T16:19:12,ready_on_time,9.2,0,True
ME-33743,ORD-US-33742,M-012,Tech Stop,2025-05-01T11:16:36,ready_on_time,16.6,0,True
ME-33744,ORD-US-33743,M-010,Burger District,2025-05-01T14:13:30,ready_on_time,13.5,0,True
ME-33745,ORD-US-33744,M-010,Burger District,2025-05-01T12:32:18,ready_on_time,12.3,0,True
ME-33746,ORD-US-33745,M-010,Burger District,2025-05-01T20:54:30,ready_on_time,19.5,0,True
ME-33747,ORD-US-33746,M-012,Tech Stop,2025-05-01T10:14:06,ready_on_time,14.1,0,True
ME-33748,ORD-US-33747,M-009,Daily Mart,2025-05-01T14:17:12,ready_on_time,12.2,0,True
ME-33749,ORD-US-33748,M-012,Tech Stop,2025-05-01T19:07:54,ready_on_time,12.9,0,True
ME-33750,ORD-US-33749,M-012,Tech Stop,2025-05-01T08:07:36,ready_on_time,7.6,0,True
ME-33751,ORD-US-33750,M-011,Wellness Pharmacy,2025-05-01T14:48:48,ready_on_time,8.8,0,True
ME-33752,ORD-US-33751,M-011,Wellness Pharmacy,2025-05-01T14:28:18,ready_on_time,18.3,0,True
ME-33753,ORD-US-33752,M-009,Daily Mart,2025-05-01T20:43:18,ready_on_time,23.3,0,True
ME-33754,ORD-US-33753,M-011,Wellness Pharmacy,2025-05-01T14:16:54,ready_on_time,6.9,0,True
ME-33755,ORD-US-33754,M-012,Tech Stop,2025-05-01T16:13:48,ready_on_time,18.8,0,True
ME-33756,ORD-US-33755,M-012,Tech Stop,2025-05-01T10:48:18,ready_on_time,13.3,0,True
ME-33757,ORD-US-33756,M-010,Burger District,2025-05-01T13:35:18,ready_on_time,15.3,0,True
ME-33758,ORD-US-33757,M-010,Burger District,2025-05-01T11:52:12,ready_on_time,17.2,0,True
ME-33759,ORD-US-33758,M-009,Daily Mart,2025-05-01T14:23:24,ready_on_time,13.4,0,True
ME-33760,ORD-US-33759,M-002,Crisp & Co.,2025-05-02T17:21:42,ready_on_time,16.7,0,True
ME-33761,ORD-US-33760,M-004,QuickCare Pharmacy,2025-05-02T16:39:18,ready_on_time,9.3,0,True
ME-33762,ORD-US-33761,M-001,Green Basket Market,2025-05-02T15:20:36,ready_on_time,10.6,0,False
ME-33763,ORD-US-33762,M-004,QuickCare Pharmacy,2025-05-02T14:17:30,ready_on_time,17.5,0,True
ME-33764,ORD-US-33763,M-001,Green Basket Market,2025-05-02T16:47:24,ready_on_time,12.4,0,True
ME-33765,ORD-US-33764,M-002,Crisp & Co.,2025-05-02T10:41:42,ready_on_time,16.7,0,True
ME-33766,ORD-US-33765,M-002,Crisp & Co.,2025-05-02T19:29:24,ready_on_time,14.4,0,True
ME-33767,ORD-US-33766,M-001,Green Basket Market,2025-05-02T13:37:18,ready_on_time,22.3,0,True
ME-33768,ORD-US-33767,M-003,Pasta Garden,2025-05-02T16:52:12,ready_on_time,12.2,0,True
ME-33769,ORD-US-33768,M-002,Crisp & Co.,2025-05-02T10:54:12,ready_on_time,19.2,0,True
ME-33770,ORD-US-33769,M-004,QuickCare Pharmacy,2025-05-02T14:40:00,ready_on_time,15.0,0,True
ME-33771,ORD-US-33770,M-004,QuickCare Pharmacy,2025-05-02T11:02:36,ready_on_time,12.6,0,True
ME-33772,ORD-US-33771,M-004,QuickCare Pharmacy,2025-05-02T16:02:12,ready_on_time,12.2,0,True
ME-33773,ORD-US-33772,M-003,Pasta Garden,2025-05-02T18:23:12,ready_on_time,23.2,0,True
ME-33774,ORD-US-33773,M-003,Pasta Garden,2025-05-02T19:30:06,ready_on_time,15.1,0,True
ME-33775,ORD-US-33774,M-004,QuickCare Pharmacy,2025-05-02T11:47:06,ready_on_time,17.1,0,True
ME-33776,ORD-US-33775,M-004,QuickCare Pharmacy,2025-05-02T17:57:24,ready_on_time,17.4,0,True
ME-33777,ORD-US-33776,M-004,QuickCare Pharmacy,2025-05-02T19:14:00,ready_on_time,19.0,0,True
ME-33778,ORD-US-33777,M-004,QuickCare Pharmacy,2025-05-02T14:38:42,ready_on_time,13.7,0,True
ME-33779,ORD-US-33778,M-003,Pasta Garden,2025-05-02T10:17:30,ready_on_time,12.5,0,True
ME-33780,ORD-US-33779,M-002,Crisp & Co.,2025-05-02T09:53:06,ready_on_time,18.1,0,True
ME-33781,ORD-US-33780,M-002,Crisp & Co.,2025-05-02T16:06:30,ready_on_time,6.5,0,True
ME-33782,ORD-US-33781,M-004,QuickCare Pharmacy,2025-05-02T08:17:12,ready_on_time,12.2,0,True
ME-33783,ORD-US-33782,M-003,Pasta Garden,2025-05-02T11:23:36,ready_on_time,8.6,0,True
ME-33784,ORD-US-33783,M-003,Pasta Garden,2025-05-02T18:30:54,ready_on_time,20.9,0,True
ME-33785,ORD-US-33784,M-002,Crisp & Co.,2025-05-02T12:47:12,ready_on_time,7.2,0,True
ME-33786,ORD-US-33785,M-002,Crisp & Co.,2025-05-02T13:22:54,ready_on_time,7.9,0,True
ME-33787,ORD-US-33786,M-004,QuickCare Pharmacy,2025-05-02T16:32:24,ready_on_time,22.4,0,True
ME-33788,ORD-US-33787,M-001,Green Basket Market,2025-05-02T19:35:00,ready_on_time,15.0,0,True
ME-33789,ORD-US-33788,M-001,Green Basket Market,2025-05-02T17:10:12,ready_on_time,20.2,0,True
ME-33790,ORD-US-33789,M-001,Green Basket Market,2025-05-02T16:32:12,ready_on_time,17.2,0,True
ME-33791,ORD-US-33790,M-001,Green Basket Market,2025-05-02T13:23:24,ready_on_time,13.4,0,True
ME-33792,ORD-US-33791,M-003,Pasta Garden,2025-05-02T20:03:24,ready_on_time,13.4,0,True
ME-33793,ORD-US-33792,M-001,Green Basket Market,2025-05-02T15:02:24,ready_on_time,12.4,0,True
ME-33794,ORD-US-33793,M-002,Crisp & Co.,2025-05-02T10:46:06,ready_on_time,11.1,0,True
ME-33795,ORD-US-33794,M-004,QuickCare Pharmacy,2025-05-02T16:19:54,ready_on_time,14.9,0,True
ME-33796,ORD-US-33795,M-002,Crisp & Co.,2025-05-02T17:29:48,ready_on_time,14.8,0,True
ME-33797,ORD-US-33796,M-002,Crisp & Co.,2025-05-02T08:44:06,ready_on_time,14.1,0,True
ME-33798,ORD-US-33797,M-003,Pasta Garden,2025-05-02T17:05:42,ready_on_time,15.7,0,True
ME-33799,ORD-US-33798,M-002,Crisp & Co.,2025-05-02T10:07:30,ready_on_time,17.5,0,True
ME-33800,ORD-US-33799,M-003,Pasta Garden,2025-05-02T14:57:42,ready_on_time,17.7,0,True
ME-33801,ORD-US-33800,M-002,Crisp & Co.,2025-05-02T10:41:06,ready_on_time,16.1,0,True
ME-33802,ORD-US-33801,M-008,Noodle House,2025-05-02T20:50:54,ready_on_time,25.9,0,True
ME-33803,ORD-US-33802,M-007,Home & Handy,2025-05-02T11:59:42,ready_on_time,14.7,0,True
ME-33804,ORD-US-33803,M-006,Fresh Roots Grocery,2025-05-02T17:42:30,ready_on_time,12.5,0,True
ME-33805,ORD-US-33804,M-007,Home & Handy,2025-05-02T09:47:06,ready_on_time,17.1,0,True
ME-33806,ORD-US-33805,M-008,Noodle House,2025-05-02T18:12:42,ready_on_time,12.7,0,True
ME-33807,ORD-US-33806,M-008,Noodle House,2025-05-02T19:55:06,ready_on_time,20.1,0,True
ME-33808,ORD-US-33807,M-008,Noodle House,2025-05-02T17:38:30,ready_on_time,13.5,0,True
ME-33809,ORD-US-33808,M-006,Fresh Roots Grocery,2025-05-02T16:31:36,ready_on_time,16.6,0,True
ME-33810,ORD-US-33809,M-007,Home & Handy,2025-05-02T19:44:00,ready_on_time,19.0,0,True
ME-33811,ORD-US-33810,M-007,Home & Handy,2025-05-02T19:36:36,ready_on_time,16.6,0,True
ME-33812,ORD-US-33811,M-006,Fresh Roots Grocery,2025-05-02T14:29:18,ready_on_time,19.3,0,True
ME-33813,ORD-US-33812,M-005,Corner Table,2025-05-02T10:31:48,ready_on_time,6.8,0,True
ME-33814,ORD-US-33813,M-006,Fresh Roots Grocery,2025-05-02T13:25:48,ready_on_time,10.8,0,True
ME-33815,ORD-US-33814,M-007,Home & Handy,2025-05-02T10:42:54,ready_on_time,7.9,0,True
ME-33816,ORD-US-33815,M-007,Home & Handy,2025-05-02T13:34:36,ready_on_time,9.6,0,True
ME-33817,ORD-US-33816,M-008,Noodle House,2025-05-02T12:17:36,ready_on_time,12.6,0,True
ME-33818,ORD-US-33817,M-006,Fresh Roots Grocery,2025-05-02T21:12:54,ready_on_time,17.9,0,True
ME-33819,ORD-US-33818,M-005,Corner Table,2025-05-02T15:58:30,ready_on_time,13.5,0,True
ME-33820,ORD-US-33819,M-008,Noodle House,2025-05-02T20:06:42,ready_on_time,11.7,0,True
ME-33821,ORD-US-33820,M-005,Corner Table,2025-05-02T11:54:30,ready_on_time,9.5,0,True
ME-33822,ORD-US-33821,M-005,Corner Table,2025-05-02T16:06:24,ready_on_time,16.4,0,True
ME-33823,ORD-US-33822,M-005,Corner Table,2025-05-02T10:53:30,ready_on_time,13.5,0,True
ME-33824,ORD-US-33823,M-005,Corner Table,2025-05-02T17:00:54,ready_on_time,15.9,0,True
ME-33825,ORD-US-33824,M-007,Home & Handy,2025-05-02T19:55:48,ready_on_time,10.8,0,True
ME-33826,ORD-US-33825,M-007,Home & Handy,2025-05-02T18:43:42,ready_on_time,18.7,0,True
ME-33827,ORD-US-33826,M-005,Corner Table,2025-05-02T16:27:12,ready_on_time,12.2,0,True
ME-33828,ORD-US-33827,M-007,Home & Handy,2025-05-02T15:11:12,ready_on_time,11.2,0,True
ME-33829,ORD-US-33828,M-008,Noodle House,2025-05-02T13:00:18,ready_on_time,10.3,0,True
ME-33830,ORD-US-33829,M-006,Fresh Roots Grocery,2025-05-02T09:39:06,ready_on_time,9.1,0,True
ME-33831,ORD-US-33830,M-006,Fresh Roots Grocery,2025-05-02T21:02:54,ready_on_time,7.9,0,True
ME-33832,ORD-US-33831,M-008,Noodle House,2025-05-02T14:58:30,ready_on_time,13.5,0,True
ME-33833,ORD-US-33832,M-008,Noodle House,2025-05-02T16:49:24,ready_on_time,4.4,0,True
ME-33834,ORD-US-33833,M-006,Fresh Roots Grocery,2025-05-02T18:49:18,ready_on_time,14.3,0,True
ME-33835,ORD-US-33834,M-008,Noodle House,2025-05-02T19:17:24,ready_on_time,12.4,0,True
ME-33836,ORD-US-33835,M-005,Corner Table,2025-05-02T15:22:42,ready_on_time,17.7,0,True
ME-33837,ORD-US-33836,M-008,Noodle House,2025-05-02T16:07:00,ready_on_time,17.0,0,True
ME-33838,ORD-US-33837,M-007,Home & Handy,2025-05-02T12:13:18,ready_on_time,13.3,0,True
ME-33839,ORD-US-33838,M-006,Fresh Roots Grocery,2025-05-02T10:58:06,ready_on_time,13.1,0,True
ME-33840,ORD-US-33839,M-006,Fresh Roots Grocery,2025-05-02T13:31:18,ready_on_time,6.3,0,True
ME-33841,ORD-US-33840,M-008,Noodle House,2025-05-02T14:13:06,ready_on_time,18.1,0,True
ME-33842,ORD-US-33841,M-009,Daily Mart,2025-05-02T20:36:12,ready_on_time,11.2,0,True
ME-33843,ORD-US-33842,M-011,Wellness Pharmacy,2025-05-02T16:42:18,ready_on_time,17.3,0,True
ME-33844,ORD-US-33843,M-011,Wellness Pharmacy,2025-05-02T08:25:24,ready_on_time,10.4,0,True
ME-33845,ORD-US-33844,M-012,Tech Stop,2025-05-02T13:28:12,ready_on_time,3.2,0,True
ME-33846,ORD-US-33845,M-009,Daily Mart,2025-05-02T11:37:12,ready_on_time,7.2,0,True
ME-33847,ORD-US-33846,M-010,Burger District,2025-05-02T11:41:24,ready_on_time,16.4,0,True
ME-33848,ORD-US-33847,M-011,Wellness Pharmacy,2025-05-02T10:09:24,ready_on_time,9.4,0,True
ME-33849,ORD-US-33848,M-012,Tech Stop,2025-05-02T12:11:54,ready_on_time,16.9,0,True
ME-33850,ORD-US-33849,M-012,Tech Stop,2025-05-02T17:59:24,ready_on_time,19.4,0,True
ME-33851,ORD-US-33850,M-010,Burger District,2025-05-02T11:24:06,ready_on_time,14.1,0,True
ME-33852,ORD-US-33851,M-009,Daily Mart,2025-05-02T09:41:48,ready_on_time,6.8,0,True
ME-33853,ORD-US-33852,M-011,Wellness Pharmacy,2025-05-02T20:33:12,ready_on_time,18.2,0,True
ME-33854,ORD-US-33853,M-010,Burger District,2025-05-02T10:09:48,ready_on_time,14.8,0,True
ME-33855,ORD-US-33854,M-009,Daily Mart,2025-05-02T13:33:06,ready_on_time,8.1,0,True
ME-33856,ORD-US-33855,M-010,Burger District,2025-05-02T18:33:24,ready_on_time,18.4,0,True
ME-33857,ORD-US-33856,M-011,Wellness Pharmacy,2025-05-02T13:36:36,ready_on_time,16.6,0,True
ME-33858,ORD-US-33857,M-012,Tech Stop,2025-05-02T15:39:48,ready_on_time,14.8,0,True
ME-33859,ORD-US-33858,M-009,Daily Mart,2025-05-02T14:51:24,ready_on_time,16.4,0,True
ME-33860,ORD-US-33859,M-011,Wellness Pharmacy,2025-05-02T08:54:00,ready_on_time,14.0,0,True
ME-33861,ORD-US-33860,M-011,Wellness Pharmacy,2025-05-02T19:41:54,ready_on_time,6.9,0,True
ME-33862,ORD-US-33861,M-009,Daily Mart,2025-05-02T08:17:48,ready_on_time,17.8,0,True
ME-33863,ORD-US-33862,M-010,Burger District,2025-05-02T09:36:18,ready_on_time,11.3,0,True
ME-33864,ORD-US-33863,M-011,Wellness Pharmacy,2025-05-02T15:21:48,ready_on_time,16.8,0,True
ME-33865,ORD-US-33864,M-009,Daily Mart,2025-05-02T12:15:06,ready_on_time,10.1,0,True
ME-33866,ORD-US-33865,M-010,Burger District,2025-05-02T10:35:42,ready_on_time,10.7,0,True
ME-33867,ORD-US-33866,M-011,Wellness Pharmacy,2025-05-02T16:40:42,ready_on_time,5.7,0,True
ME-33868,ORD-US-33867,M-011,Wellness Pharmacy,2025-05-02T20:38:12,ready_on_time,13.2,0,True
ME-33869,ORD-US-33868,M-011,Wellness Pharmacy,2025-05-02T11:37:12,ready_on_time,7.2,0,True
ME-33870,ORD-US-33869,M-010,Burger District,2025-05-02T11:58:30,ready_on_time,13.5,0,True
ME-33871,ORD-US-33870,M-011,Wellness Pharmacy,2025-05-02T15:50:18,ready_on_time,10.3,0,True
ME-33872,ORD-US-33871,M-011,Wellness Pharmacy,2025-05-02T10:51:48,ready_on_time,16.8,0,True
ME-33873,ORD-US-33872,M-009,Daily Mart,2025-05-02T20:03:30,ready_on_time,23.5,0,True
ME-33874,ORD-US-33873,M-012,Tech Stop,2025-05-02T13:13:24,ready_on_time,18.4,0,True
ME-33875,ORD-US-33874,M-011,Wellness Pharmacy,2025-05-02T12:21:00,ready_on_time,16.0,0,True
ME-33876,ORD-US-33875,M-010,Burger District,2025-05-02T20:23:36,ready_on_time,18.6,0,True
ME-33877,ORD-US-33876,M-010,Burger District,2025-05-02T09:48:00,ready_on_time,8.0,0,True
ME-33878,ORD-US-33877,M-011,Wellness Pharmacy,2025-05-02T08:18:24,ready_on_time,18.4,0,True
ME-33879,ORD-US-33878,M-009,Daily Mart,2025-05-02T15:16:00,ready_on_time,16.0,0,True
ME-33880,ORD-US-33879,M-009,Daily Mart,2025-05-02T18:00:30,ready_on_time,20.5,0,True
ME-33881,ORD-US-33880,M-002,Crisp & Co.,2025-05-03T18:13:18,ready_on_time,18.3,0,True
ME-33882,ORD-US-33881,M-003,Pasta Garden,2025-05-03T10:49:36,ready_on_time,9.6,0,True
ME-33883,ORD-US-33882,M-003,Pasta Garden,2025-05-03T15:48:24,ready_on_time,18.4,0,True
ME-33884,ORD-US-33883,M-003,Pasta Garden,2025-05-03T18:42:54,ready_on_time,12.9,0,True
ME-33885,ORD-US-33884,M-001,Green Basket Market,2025-05-03T15:56:30,ready_on_time,11.5,0,True
ME-33886,ORD-US-33885,M-004,QuickCare Pharmacy,2025-05-03T11:55:18,ready_on_time,20.3,0,True
ME-33887,ORD-US-33886,M-003,Pasta Garden,2025-05-03T15:04:18,ready_on_time,4.3,0,True
ME-33888,ORD-US-33887,M-003,Pasta Garden,2025-05-03T11:52:18,ready_on_time,22.3,0,True
ME-33889,ORD-US-33888,M-002,Crisp & Co.,2025-05-03T10:36:48,ready_on_time,11.8,0,True
ME-33890,ORD-US-33889,M-004,QuickCare Pharmacy,2025-05-03T20:19:30,ready_on_time,19.5,0,True
ME-33891,ORD-US-33890,M-003,Pasta Garden,2025-05-03T09:34:54,ready_on_time,9.9,0,True
ME-33892,ORD-US-33891,M-004,QuickCare Pharmacy,2025-05-03T12:05:48,ready_on_time,20.8,0,True
ME-33893,ORD-US-33892,M-001,Green Basket Market,2025-05-03T09:53:36,ready_on_time,13.6,0,True
ME-33894,ORD-US-33893,M-004,QuickCare Pharmacy,2025-05-03T10:59:06,ready_on_time,9.1,0,True
ME-33895,ORD-US-33894,M-004,QuickCare Pharmacy,2025-05-03T16:07:24,ready_on_time,12.4,0,True
ME-33896,ORD-US-33895,M-002,Crisp & Co.,2025-05-03T14:52:18,ready_on_time,12.3,0,True
ME-33897,ORD-US-33896,M-004,QuickCare Pharmacy,2025-05-03T14:43:54,ready_on_time,8.9,0,True
ME-33898,ORD-US-33897,M-003,Pasta Garden,2025-05-03T10:31:36,ready_on_time,16.6,0,True
ME-33899,ORD-US-33898,M-002,Crisp & Co.,2025-05-03T10:43:12,ready_on_time,8.2,0,True
ME-33900,ORD-US-33899,M-003,Pasta Garden,2025-05-03T14:30:12,ready_on_time,15.2,0,True
ME-33901,ORD-US-33900,M-003,Pasta Garden,2025-05-03T15:55:42,ready_on_time,15.7,0,True
ME-33902,ORD-US-33901,M-003,Pasta Garden,2025-05-03T12:54:12,ready_on_time,19.2,0,True
ME-33903,ORD-US-33902,M-001,Green Basket Market,2025-05-03T12:14:42,ready_on_time,19.7,0,True
ME-33904,ORD-US-33903,M-004,QuickCare Pharmacy,2025-05-03T17:45:12,ready_on_time,10.2,0,True
ME-33905,ORD-US-33904,M-001,Green Basket Market,2025-05-03T12:27:54,ready_on_time,7.9,0,True
ME-33906,ORD-US-33905,M-003,Pasta Garden,2025-05-03T16:08:42,ready_on_time,13.7,0,True
ME-33907,ORD-US-33906,M-002,Crisp & Co.,2025-05-03T20:33:54,ready_on_time,18.9,0,True
ME-33908,ORD-US-33907,M-004,QuickCare Pharmacy,2025-05-03T12:20:54,ready_on_time,5.9,0,True
ME-33909,ORD-US-33908,M-004,QuickCare Pharmacy,2025-05-03T14:41:48,ready_on_time,11.8,0,True
ME-33910,ORD-US-33909,M-004,QuickCare Pharmacy,2025-05-03T12:55:36,ready_on_time,15.6,0,True
ME-33911,ORD-US-33910,M-002,Crisp & Co.,2025-05-03T12:44:18,ready_on_time,19.3,0,True
ME-33912,ORD-US-33911,M-003,Pasta Garden,2025-05-03T18:39:48,ready_on_time,9.8,0,True
ME-33913,ORD-US-33912,M-003,Pasta Garden,2025-05-03T20:45:30,ready_on_time,5.5,0,True
ME-33914,ORD-US-33913,M-002,Crisp & Co.,2025-05-03T12:46:42,ready_on_time,11.7,0,True
ME-33915,ORD-US-33914,M-004,QuickCare Pharmacy,2025-05-03T15:46:00,ready_on_time,16.0,0,True
ME-33916,ORD-US-33915,M-001,Green Basket Market,2025-05-03T14:57:36,ready_on_time,17.6,0,True
ME-33917,ORD-US-33916,M-002,Crisp & Co.,2025-05-03T09:13:18,ready_on_time,8.3,0,True
ME-33918,ORD-US-33917,M-005,Corner Table,2025-05-03T13:27:00,ready_on_time,7.0,0,True
ME-33919,ORD-US-33918,M-005,Corner Table,2025-05-03T11:44:54,ready_on_time,19.9,0,True
ME-33920,ORD-US-33919,M-006,Fresh Roots Grocery,2025-05-03T17:02:00,ready_on_time,12.0,0,True
ME-33921,ORD-US-33920,M-008,Noodle House,2025-05-03T08:44:18,ready_on_time,9.3,0,True
ME-33922,ORD-US-33921,M-007,Home & Handy,2025-05-03T19:53:06,ready_on_time,18.1,0,True
ME-33923,ORD-US-33922,M-006,Fresh Roots Grocery,2025-05-03T15:58:06,ready_on_time,18.1,0,True
ME-33924,ORD-US-33923,M-005,Corner Table,2025-05-03T13:20:12,ready_on_time,10.2,0,True
ME-33925,ORD-US-33924,M-005,Corner Table,2025-05-03T11:54:06,ready_on_time,14.1,0,True
ME-33926,ORD-US-33925,M-007,Home & Handy,2025-05-03T19:50:12,ready_on_time,10.2,0,True
ME-33927,ORD-US-33926,M-007,Home & Handy,2025-05-03T20:19:12,ready_on_time,9.2,0,True
ME-33928,ORD-US-33927,M-007,Home & Handy,2025-05-03T16:59:54,ready_on_time,14.9,0,True
ME-33929,ORD-US-33928,M-005,Corner Table,2025-05-03T19:30:06,ready_on_time,10.1,0,True
ME-33930,ORD-US-33929,M-005,Corner Table,2025-05-03T08:53:12,ready_on_time,8.2,0,True
ME-33931,ORD-US-33930,M-007,Home & Handy,2025-05-03T18:49:36,ready_on_time,14.6,0,True
ME-33932,ORD-US-33931,M-005,Corner Table,2025-05-03T17:52:18,ready_on_time,12.3,0,True
ME-33933,ORD-US-33932,M-005,Corner Table,2025-05-03T19:25:36,ready_on_time,15.6,0,True
ME-33934,ORD-US-33933,M-008,Noodle House,2025-05-03T14:26:36,ready_on_time,11.6,0,True
ME-33935,ORD-US-33934,M-006,Fresh Roots Grocery,2025-05-03T08:26:42,ready_on_time,16.7,0,True
ME-33936,ORD-US-33935,M-008,Noodle House,2025-05-03T09:45:36,ready_on_time,10.6,0,True
ME-33937,ORD-US-33936,M-007,Home & Handy,2025-05-03T13:54:42,ready_on_time,9.7,0,True
ME-33938,ORD-US-33937,M-005,Corner Table,2025-05-03T19:46:30,ready_on_time,11.5,0,True
ME-33939,ORD-US-33938,M-008,Noodle House,2025-05-03T16:02:06,ready_on_time,7.1,0,True
ME-33940,ORD-US-33939,M-008,Noodle House,2025-05-03T10:23:36,ready_on_time,13.6,0,True
ME-33941,ORD-US-33940,M-007,Home & Handy,2025-05-03T11:11:18,ready_on_time,16.3,0,True
ME-33942,ORD-US-33941,M-007,Home & Handy,2025-05-03T12:05:00,ready_on_time,15.0,0,True
ME-33943,ORD-US-33942,M-005,Corner Table,2025-05-03T10:19:30,ready_on_time,14.5,0,True
ME-33944,ORD-US-33943,M-005,Corner Table,2025-05-03T13:56:00,ready_on_time,16.0,0,True
ME-33945,ORD-US-33944,M-006,Fresh Roots Grocery,2025-05-03T18:28:30,ready_on_time,13.5,0,True
ME-33946,ORD-US-33945,M-007,Home & Handy,2025-05-03T10:25:48,ready_on_time,10.8,0,True
ME-33947,ORD-US-33946,M-006,Fresh Roots Grocery,2025-05-03T14:15:12,ready_on_time,10.2,0,True
ME-33948,ORD-US-33947,M-007,Home & Handy,2025-05-03T15:30:54,ready_on_time,10.9,0,True
ME-33949,ORD-US-33948,M-007,Home & Handy,2025-05-03T20:52:24,ready_on_time,12.4,0,True
ME-33950,ORD-US-33949,M-005,Corner Table,2025-05-03T16:01:06,ready_on_time,16.1,0,False
ME-33951,ORD-US-33950,M-007,Home & Handy,2025-05-03T15:19:00,ready_on_time,14.0,0,True
ME-33952,ORD-US-33951,M-005,Corner Table,2025-05-03T19:02:24,ready_on_time,12.4,0,True
ME-33953,ORD-US-33952,M-006,Fresh Roots Grocery,2025-05-03T15:37:24,ready_on_time,12.4,0,True
ME-33954,ORD-US-33953,M-005,Corner Table,2025-05-03T09:07:30,ready_on_time,12.5,0,True
ME-33955,ORD-US-33954,M-008,Noodle House,2025-05-03T09:42:18,ready_on_time,17.3,0,True
ME-33956,ORD-US-33955,M-005,Corner Table,2025-05-03T15:41:36,ready_on_time,16.6,0,True
ME-33957,ORD-US-33956,M-008,Noodle House,2025-05-03T12:58:24,ready_on_time,13.4,0,True
ME-33958,ORD-US-33957,M-006,Fresh Roots Grocery,2025-05-03T19:28:42,ready_on_time,13.7,0,True
ME-33959,ORD-US-33958,M-006,Fresh Roots Grocery,2025-05-03T16:57:42,ready_on_time,12.7,0,True
ME-33960,ORD-US-33959,M-006,Fresh Roots Grocery,2025-05-03T10:02:42,ready_on_time,12.7,0,True
ME-33961,ORD-US-33960,M-008,Noodle House,2025-05-03T18:44:42,ready_on_time,9.7,0,True
ME-33962,ORD-US-33961,M-007,Home & Handy,2025-05-03T13:37:48,ready_on_time,7.8,0,True
ME-33963,ORD-US-33962,M-012,Tech Stop,2025-05-03T10:55:48,ready_on_time,5.8,0,True
ME-33964,ORD-US-33963,M-009,Daily Mart,2025-05-03T18:15:18,ready_on_time,20.3,0,True
ME-33965,ORD-US-33964,M-012,Tech Stop,2025-05-03T10:03:06,ready_on_time,18.1,0,True
ME-33966,ORD-US-33965,M-009,Daily Mart,2025-05-03T08:22:36,ready_on_time,17.6,0,True
ME-33967,ORD-US-33966,M-012,Tech Stop,2025-05-03T19:19:24,ready_on_time,19.4,0,True
ME-33968,ORD-US-33967,M-010,Burger District,2025-05-03T16:30:18,ready_on_time,20.3,0,True
ME-33969,ORD-US-33968,M-009,Daily Mart,2025-05-03T16:26:06,ready_on_time,11.1,0,True
ME-33970,ORD-US-33969,M-012,Tech Stop,2025-05-03T18:06:54,ready_on_time,11.9,0,True
ME-33971,ORD-US-33970,M-010,Burger District,2025-05-03T13:01:12,ready_on_time,16.2,0,True
ME-33972,ORD-US-33971,M-011,Wellness Pharmacy,2025-05-03T18:33:24,ready_on_time,8.4,0,True
ME-33973,ORD-US-33972,M-010,Burger District,2025-05-03T10:51:00,ready_on_time,16.0,0,True
ME-33974,ORD-US-33973,M-012,Tech Stop,2025-05-03T20:43:48,ready_on_time,18.8,0,True
ME-33975,ORD-US-33974,M-011,Wellness Pharmacy,2025-05-03T16:11:48,ready_on_time,11.8,0,True
ME-33976,ORD-US-33975,M-011,Wellness Pharmacy,2025-05-03T09:47:18,ready_on_time,17.3,0,True
ME-33977,ORD-US-33976,M-011,Wellness Pharmacy,2025-05-03T16:24:54,ready_on_time,19.9,0,True
ME-33978,ORD-US-33977,M-012,Tech Stop,2025-05-03T13:21:48,ready_on_time,21.8,0,True
ME-33979,ORD-US-33978,M-012,Tech Stop,2025-05-03T14:49:12,ready_on_time,14.2,0,True
ME-33980,ORD-US-33979,M-012,Tech Stop,2025-05-03T13:09:06,ready_on_time,14.1,0,True
ME-33981,ORD-US-33980,M-012,Tech Stop,2025-05-03T20:34:00,ready_on_time,19.0,0,True
ME-33982,ORD-US-33981,M-010,Burger District,2025-05-03T10:33:54,ready_on_time,13.9,0,True
ME-33983,ORD-US-33982,M-012,Tech Stop,2025-05-03T09:07:48,ready_on_time,12.8,0,True
ME-33984,ORD-US-33983,M-010,Burger District,2025-05-03T12:16:24,ready_on_time,11.4,0,True
ME-33985,ORD-US-33984,M-011,Wellness Pharmacy,2025-05-03T12:07:42,ready_on_time,7.7,0,True
ME-33986,ORD-US-33985,M-009,Daily Mart,2025-05-03T13:25:30,ready_on_time,20.5,0,True
ME-33987,ORD-US-33986,M-011,Wellness Pharmacy,2025-05-03T14:50:42,ready_on_time,10.7,0,True
ME-33988,ORD-US-33987,M-010,Burger District,2025-05-03T14:35:06,ready_on_time,10.1,0,True
ME-33989,ORD-US-33988,M-010,Burger District,2025-05-03T15:27:12,ready_on_time,17.2,0,True
ME-33990,ORD-US-33989,M-012,Tech Stop,2025-05-03T17:51:24,ready_on_time,16.4,0,True
ME-33991,ORD-US-33990,M-010,Burger District,2025-05-03T18:16:36,ready_on_time,11.6,0,True
ME-33992,ORD-US-33991,M-009,Daily Mart,2025-05-03T15:31:30,ready_on_time,16.5,0,True
ME-33993,ORD-US-33992,M-010,Burger District,2025-05-03T19:17:18,ready_on_time,17.3,0,True
ME-33994,ORD-US-33993,M-012,Tech Stop,2025-05-03T13:55:42,ready_on_time,15.7,0,True
ME-33995,ORD-US-33994,M-011,Wellness Pharmacy,2025-05-03T17:33:36,ready_on_time,13.6,0,True
ME-33996,ORD-US-33995,M-011,Wellness Pharmacy,2025-05-03T13:39:06,ready_on_time,14.1,0,True
ME-33997,ORD-US-33996,M-012,Tech Stop,2025-05-03T12:28:54,ready_on_time,18.9,0,True
ME-33998,ORD-US-33997,M-011,Wellness Pharmacy,2025-05-03T12:29:48,ready_on_time,14.8,0,True
ME-33999,ORD-US-33998,M-009,Daily Mart,2025-05-03T10:26:24,ready_on_time,6.4,0,True
ME-34000,ORD-US-33999,M-003,Pasta Garden,2025-05-04T12:20:06,ready_on_time,15.1,0,True
ME-34001,ORD-US-34000,M-003,Pasta Garden,2025-05-04T18:07:42,ready_on_time,12.7,0,True
ME-34002,ORD-US-34001,M-003,Pasta Garden,2025-05-04T09:07:54,ready_on_time,12.9,0,True
ME-34003,ORD-US-34002,M-003,Pasta Garden,2025-05-04T17:41:24,ready_on_time,11.4,0,True
ME-34004,ORD-US-34003,M-004,QuickCare Pharmacy,2025-05-04T15:13:12,ready_on_time,18.2,0,True
ME-34005,ORD-US-34004,M-001,Green Basket Market,2025-05-04T10:26:12,ready_on_time,11.2,0,True
ME-34006,ORD-US-34005,M-002,Crisp & Co.,2025-05-04T16:32:12,ready_on_time,22.2,0,True
ME-34007,ORD-US-34006,M-001,Green Basket Market,2025-05-04T16:25:18,ready_on_time,10.3,0,True
ME-34008,ORD-US-34007,M-004,QuickCare Pharmacy,2025-05-04T10:08:06,ready_on_time,13.1,0,True
ME-34009,ORD-US-34008,M-001,Green Basket Market,2025-05-04T14:12:30,ready_on_time,17.5,0,True
ME-34010,ORD-US-34009,M-001,Green Basket Market,2025-05-04T10:50:54,ready_on_time,10.9,0,True
ME-34011,ORD-US-34010,M-003,Pasta Garden,2025-05-04T19:43:36,ready_on_time,13.6,0,True
ME-34012,ORD-US-34011,M-002,Crisp & Co.,2025-05-04T20:11:24,ready_on_time,16.4,0,True
ME-34013,ORD-US-34012,M-002,Crisp & Co.,2025-05-04T11:16:24,ready_on_time,21.4,0,True
ME-34014,ORD-US-34013,M-002,Crisp & Co.,2025-05-04T18:18:54,ready_on_time,13.9,0,True
ME-34015,ORD-US-34014,M-001,Green Basket Market,2025-05-04T20:36:48,ready_on_time,11.8,0,True
ME-34016,ORD-US-34015,M-002,Crisp & Co.,2025-05-04T09:30:06,ready_on_time,10.1,0,True
ME-34017,ORD-US-34016,M-003,Pasta Garden,2025-05-04T20:36:12,ready_on_time,16.2,0,True
ME-34018,ORD-US-34017,M-001,Green Basket Market,2025-05-04T15:39:42,ready_on_time,19.7,0,True
ME-34019,ORD-US-34018,M-003,Pasta Garden,2025-05-04T11:16:36,ready_on_time,16.6,0,True
ME-34020,ORD-US-34019,M-003,Pasta Garden,2025-05-04T18:16:48,ready_on_time,16.8,0,True
ME-34021,ORD-US-34020,M-002,Crisp & Co.,2025-05-04T17:17:00,ready_on_time,12.0,0,True
ME-34022,ORD-US-34021,M-003,Pasta Garden,2025-05-04T12:33:42,ready_on_time,13.7,0,True
ME-34023,ORD-US-34022,M-004,QuickCare Pharmacy,2025-05-04T18:38:48,ready_on_time,13.8,0,True
ME-34024,ORD-US-34023,M-003,Pasta Garden,2025-05-04T13:11:12,ready_on_time,11.2,0,True
ME-34025,ORD-US-34024,M-001,Green Basket Market,2025-05-04T15:47:36,ready_on_time,12.6,0,True
ME-34026,ORD-US-34025,M-003,Pasta Garden,2025-05-04T20:53:12,ready_on_time,18.2,0,True
ME-34027,ORD-US-34026,M-004,QuickCare Pharmacy,2025-05-04T09:54:30,ready_on_time,14.5,0,True
ME-34028,ORD-US-34027,M-001,Green Basket Market,2025-05-04T17:22:42,ready_on_time,7.7,0,True
ME-34029,ORD-US-34028,M-003,Pasta Garden,2025-05-04T19:55:54,ready_on_time,10.9,0,True
ME-34030,ORD-US-34029,M-004,QuickCare Pharmacy,2025-05-04T09:13:30,ready_on_time,18.5,0,True
ME-34031,ORD-US-34030,M-001,Green Basket Market,2025-05-04T17:23:36,ready_on_time,13.6,0,True
ME-34032,ORD-US-34031,M-001,Green Basket Market,2025-05-04T16:00:36,ready_on_time,15.6,0,True
ME-34033,ORD-US-34032,M-004,QuickCare Pharmacy,2025-05-04T14:23:36,ready_on_time,8.6,0,True
ME-34034,ORD-US-34033,M-004,QuickCare Pharmacy,2025-05-04T18:12:48,ready_on_time,17.8,0,True
ME-34035,ORD-US-34034,M-001,Green Basket Market,2025-05-04T14:36:00,ready_on_time,16.0,0,True
ME-34036,ORD-US-34035,M-004,QuickCare Pharmacy,2025-05-04T15:51:00,ready_on_time,16.0,0,True
ME-34037,ORD-US-34036,M-001,Green Basket Market,2025-05-04T14:03:54,ready_on_time,13.9,0,True
ME-34038,ORD-US-34037,M-001,Green Basket Market,2025-05-04T15:33:00,ready_on_time,18.0,0,True
ME-34039,ORD-US-34038,M-004,QuickCare Pharmacy,2025-05-04T11:12:24,ready_on_time,17.4,0,True
ME-34040,ORD-US-34039,M-003,Pasta Garden,2025-05-04T17:19:12,ready_on_time,19.2,0,True
ME-34041,ORD-US-34040,M-002,Crisp & Co.,2025-05-04T10:41:18,ready_on_time,11.3,0,True
ME-34042,ORD-US-34041,M-004,QuickCare Pharmacy,2025-05-04T17:53:12,ready_on_time,18.2,0,True
ME-34043,ORD-US-34042,M-002,Crisp & Co.,2025-05-04T18:38:30,ready_on_time,13.5,0,True
ME-34044,ORD-US-34043,M-003,Pasta Garden,2025-05-04T08:30:36,ready_on_time,15.6,0,True
ME-34045,ORD-US-34044,M-006,Fresh Roots Grocery,2025-05-04T19:14:54,ready_on_time,14.9,0,True
ME-34046,ORD-US-34045,M-007,Home & Handy,2025-05-04T10:24:30,ready_on_time,14.5,0,True
ME-34047,ORD-US-34046,M-008,Noodle House,2025-05-04T15:57:06,ready_on_time,12.1,0,True
ME-34048,ORD-US-34047,M-007,Home & Handy,2025-05-04T09:30:36,ready_on_time,10.6,0,True
ME-34049,ORD-US-34048,M-006,Fresh Roots Grocery,2025-05-04T19:02:48,ready_on_time,17.8,0,True
ME-34050,ORD-US-34049,M-008,Noodle House,2025-05-04T19:38:12,ready_on_time,8.2,0,True
ME-34051,ORD-US-34050,M-005,Corner Table,2025-05-04T11:41:06,ready_on_time,16.1,0,True
ME-34052,ORD-US-34051,M-008,Noodle House,2025-05-04T08:46:48,ready_on_time,21.8,0,True
ME-34053,ORD-US-34052,M-007,Home & Handy,2025-05-04T17:40:24,ready_on_time,20.4,0,True
ME-34054,ORD-US-34053,M-005,Corner Table,2025-05-04T20:44:06,ready_on_time,9.1,0,True
ME-34055,ORD-US-34054,M-005,Corner Table,2025-05-04T17:21:12,ready_on_time,16.2,0,True
ME-34056,ORD-US-34055,M-006,Fresh Roots Grocery,2025-05-04T12:49:30,ready_on_time,14.5,0,True
ME-34057,ORD-US-34056,M-006,Fresh Roots Grocery,2025-05-04T10:58:06,ready_on_time,18.1,0,True
ME-34058,ORD-US-34057,M-007,Home & Handy,2025-05-04T14:15:06,ready_on_time,15.1,0,True
ME-34059,ORD-US-34058,M-008,Noodle House,2025-05-04T16:50:48,ready_on_time,20.8,0,False
ME-34060,ORD-US-34059,M-006,Fresh Roots Grocery,2025-05-04T09:53:12,ready_on_time,18.2,0,True
ME-34061,ORD-US-34060,M-008,Noodle House,2025-05-04T16:16:36,ready_on_time,11.6,0,True
ME-34062,ORD-US-34061,M-005,Corner Table,2025-05-04T09:13:24,ready_on_time,18.4,0,True
ME-34063,ORD-US-34062,M-005,Corner Table,2025-05-04T17:43:12,ready_on_time,18.2,0,True
ME-34064,ORD-US-34063,M-008,Noodle House,2025-05-04T19:43:00,ready_on_time,13.0,0,True
ME-34065,ORD-US-34064,M-005,Corner Table,2025-05-04T12:56:06,ready_on_time,16.1,0,True
ME-34066,ORD-US-34065,M-005,Corner Table,2025-05-04T18:05:30,ready_on_time,15.5,0,True
ME-34067,ORD-US-34066,M-006,Fresh Roots Grocery,2025-05-04T12:01:48,ready_on_time,16.8,0,True
ME-34068,ORD-US-34067,M-006,Fresh Roots Grocery,2025-05-04T20:09:06,ready_on_time,14.1,0,True
ME-34069,ORD-US-34068,M-007,Home & Handy,2025-05-04T09:38:42,ready_on_time,13.7,0,True
ME-34070,ORD-US-34069,M-005,Corner Table,2025-05-04T12:12:06,ready_on_time,12.1,0,True
ME-34071,ORD-US-34070,M-008,Noodle House,2025-05-04T13:55:42,ready_on_time,15.7,0,True
ME-34072,ORD-US-34071,M-007,Home & Handy,2025-05-04T10:34:00,ready_on_time,14.0,0,True
ME-34073,ORD-US-34072,M-008,Noodle House,2025-05-04T12:58:18,ready_on_time,8.3,0,True
ME-34074,ORD-US-34073,M-005,Corner Table,2025-05-04T14:57:54,ready_on_time,17.9,0,True
ME-34075,ORD-US-34074,M-007,Home & Handy,2025-05-04T12:24:30,ready_on_time,14.5,0,True
ME-34076,ORD-US-34075,M-007,Home & Handy,2025-05-04T09:55:48,ready_on_time,10.8,0,True
ME-34077,ORD-US-34076,M-006,Fresh Roots Grocery,2025-05-04T11:25:36,ready_on_time,15.6,0,True
ME-34078,ORD-US-34077,M-005,Corner Table,2025-05-04T10:40:24,ready_on_time,15.4,0,True
ME-34079,ORD-US-34078,M-008,Noodle House,2025-05-04T10:11:54,ready_on_time,11.9,0,True
ME-34080,ORD-US-34079,M-007,Home & Handy,2025-05-04T13:33:24,ready_on_time,23.4,0,True
ME-34081,ORD-US-34080,M-007,Home & Handy,2025-05-04T12:45:36,ready_on_time,10.6,0,True
ME-34082,ORD-US-34081,M-006,Fresh Roots Grocery,2025-05-04T20:18:18,ready_on_time,13.3,0,True
ME-34083,ORD-US-34082,M-008,Noodle House,2025-05-04T18:41:18,ready_on_time,11.3,0,True
ME-34084,ORD-US-34083,M-006,Fresh Roots Grocery,2025-05-04T17:02:24,ready_on_time,12.4,0,True
ME-34085,ORD-US-34084,M-006,Fresh Roots Grocery,2025-05-04T18:23:42,ready_on_time,8.7,0,True
ME-34086,ORD-US-34085,M-012,Tech Stop,2025-05-04T13:24:24,ready_on_time,24.4,0,True
ME-34087,ORD-US-34086,M-011,Wellness Pharmacy,2025-05-04T20:02:18,ready_on_time,12.3,0,True
ME-34088,ORD-US-34087,M-010,Burger District,2025-05-04T18:40:12,ready_on_time,10.2,0,True
ME-34089,ORD-US-34088,M-010,Burger District,2025-05-04T11:03:42,ready_on_time,13.7,0,True
ME-34090,ORD-US-34089,M-009,Daily Mart,2025-05-04T17:10:54,ready_on_time,20.9,0,True
ME-34091,ORD-US-34090,M-010,Burger District,2025-05-04T15:22:54,ready_on_time,17.9,0,True
ME-34092,ORD-US-34091,M-009,Daily Mart,2025-05-04T09:39:12,ready_on_time,9.2,0,True
ME-34093,ORD-US-34092,M-011,Wellness Pharmacy,2025-05-04T20:45:48,ready_on_time,15.8,0,True
ME-34094,ORD-US-34093,M-011,Wellness Pharmacy,2025-05-04T19:27:48,ready_on_time,7.8,0,True
ME-34095,ORD-US-34094,M-011,Wellness Pharmacy,2025-05-04T16:37:30,ready_on_time,7.5,0,True
ME-34096,ORD-US-34095,M-011,Wellness Pharmacy,2025-05-04T11:48:00,ready_on_time,18.0,0,True
ME-34097,ORD-US-34096,M-011,Wellness Pharmacy,2025-05-04T17:39:54,ready_on_time,14.9,0,True
ME-34098,ORD-US-34097,M-012,Tech Stop,2025-05-04T15:54:12,ready_on_time,4.2,0,True
ME-34099,ORD-US-34098,M-010,Burger District,2025-05-04T18:56:12,ready_on_time,16.2,0,True
ME-34100,ORD-US-34099,M-012,Tech Stop,2025-05-04T11:43:36,ready_on_time,18.6,0,True
ME-34101,ORD-US-34100,M-011,Wellness Pharmacy,2025-05-04T19:42:36,ready_on_time,17.6,0,True
ME-34102,ORD-US-34101,M-012,Tech Stop,2025-05-04T20:41:18,ready_on_time,16.3,0,True
ME-34103,ORD-US-34102,M-009,Daily Mart,2025-05-04T08:58:30,ready_on_time,13.5,0,True
ME-34104,ORD-US-34103,M-011,Wellness Pharmacy,2025-05-04T18:50:24,ready_on_time,20.4,0,True
ME-34105,ORD-US-34104,M-012,Tech Stop,2025-05-04T08:27:54,ready_on_time,12.9,0,True
ME-34106,ORD-US-34105,M-012,Tech Stop,2025-05-04T19:10:12,ready_on_time,15.2,0,True
ME-34107,ORD-US-34106,M-012,Tech Stop,2025-05-04T21:06:00,ready_on_time,16.0,0,True
ME-34108,ORD-US-34107,M-011,Wellness Pharmacy,2025-05-04T20:20:00,ready_on_time,20.0,0,True
ME-34109,ORD-US-34108,M-010,Burger District,2025-05-04T14:54:24,ready_on_time,14.4,0,True
ME-34110,ORD-US-34109,M-012,Tech Stop,2025-05-04T11:48:42,ready_on_time,13.7,0,True
ME-34111,ORD-US-34110,M-011,Wellness Pharmacy,2025-05-04T10:53:00,ready_on_time,8.0,0,True
ME-34112,ORD-US-34111,M-010,Burger District,2025-05-04T14:03:36,ready_on_time,13.6,0,True
ME-34113,ORD-US-34112,M-011,Wellness Pharmacy,2025-05-04T09:52:24,ready_on_time,17.4,0,True
ME-34114,ORD-US-34113,M-012,Tech Stop,2025-05-04T16:57:36,ready_on_time,7.6,0,True
ME-34115,ORD-US-34114,M-010,Burger District,2025-05-04T08:33:18,ready_on_time,13.3,0,True
ME-34116,ORD-US-34115,M-011,Wellness Pharmacy,2025-05-04T08:17:18,ready_on_time,12.3,0,True
ME-34117,ORD-US-34116,M-011,Wellness Pharmacy,2025-05-04T17:21:54,ready_on_time,11.9,0,True
ME-34118,ORD-US-34117,M-009,Daily Mart,2025-05-04T17:55:30,ready_on_time,15.5,0,True
ME-34119,ORD-US-34118,M-011,Wellness Pharmacy,2025-05-04T15:15:18,ready_on_time,15.3,0,True
ME-34120,ORD-US-34119,M-010,Burger District,2025-05-04T17:16:24,ready_on_time,11.4,0,True
ME-34121,ORD-US-34120,M-011,Wellness Pharmacy,2025-05-04T13:52:24,ready_on_time,12.4,0,True
ME-34122,ORD-US-34121,M-010,Burger District,2025-05-04T20:50:00,ready_on_time,15.0,0,True
ME-34123,ORD-US-34122,M-010,Burger District,2025-05-04T09:08:00,ready_on_time,13.0,0,True
ME-34124,ORD-US-34123,M-009,Daily Mart,2025-05-04T15:06:36,ready_on_time,16.6,0,True
ME-34125,ORD-US-34124,M-010,Burger District,2025-05-04T16:43:30,ready_on_time,8.5,0,True
ME-34126,ORD-US-34125,M-003,Pasta Garden,2025-05-05T15:04:48,ready_on_time,19.8,0,True
ME-34127,ORD-US-34126,M-002,Crisp & Co.,2025-05-05T15:48:18,ready_on_time,18.3,0,True
ME-34128,ORD-US-34127,M-002,Crisp & Co.,2025-05-05T17:58:48,ready_on_time,8.8,0,True
ME-34129,ORD-US-34128,M-001,Green Basket Market,2025-05-05T13:36:36,ready_on_time,11.6,0,True
ME-34130,ORD-US-34129,M-004,QuickCare Pharmacy,2025-05-05T16:14:42,ready_on_time,9.7,0,True
ME-34131,ORD-US-34130,M-001,Green Basket Market,2025-05-05T11:15:24,ready_on_time,10.4,0,True
ME-34132,ORD-US-34131,M-001,Green Basket Market,2025-05-05T09:24:36,ready_on_time,9.6,0,True
ME-34133,ORD-US-34132,M-004,QuickCare Pharmacy,2025-05-05T20:23:30,ready_on_time,13.5,0,True
ME-34134,ORD-US-34133,M-003,Pasta Garden,2025-05-05T09:35:18,ready_on_time,10.3,0,True
ME-34135,ORD-US-34134,M-002,Crisp & Co.,2025-05-05T20:45:24,ready_on_time,15.4,0,True
ME-34136,ORD-US-34135,M-004,QuickCare Pharmacy,2025-05-05T16:44:54,ready_on_time,14.9,0,True
ME-34137,ORD-US-34136,M-003,Pasta Garden,2025-05-05T17:23:54,ready_on_time,18.9,0,True
ME-34138,ORD-US-34137,M-003,Pasta Garden,2025-05-05T15:42:24,ready_on_time,17.4,0,True
ME-34139,ORD-US-34138,M-004,QuickCare Pharmacy,2025-05-05T16:32:30,ready_on_time,17.5,0,True
ME-34140,ORD-US-34139,M-002,Crisp & Co.,2025-05-05T17:57:48,ready_on_time,12.8,0,True
ME-34141,ORD-US-34140,M-003,Pasta Garden,2025-05-05T20:10:48,ready_on_time,15.8,0,True
ME-34142,ORD-US-34141,M-004,QuickCare Pharmacy,2025-05-05T16:57:00,ready_on_time,17.0,0,True
ME-34143,ORD-US-34142,M-002,Crisp & Co.,2025-05-05T14:41:12,ready_on_time,16.2,0,True
ME-34144,ORD-US-34143,M-002,Crisp & Co.,2025-05-05T16:02:06,ready_on_time,12.1,0,True
ME-34145,ORD-US-34144,M-002,Crisp & Co.,2025-05-05T16:33:48,ready_on_time,13.8,0,True
ME-34146,ORD-US-34145,M-003,Pasta Garden,2025-05-05T17:50:18,ready_on_time,15.3,0,True
ME-34147,ORD-US-34146,M-004,QuickCare Pharmacy,2025-05-05T19:33:30,ready_on_time,18.5,0,True
ME-34148,ORD-US-34147,M-001,Green Basket Market,2025-05-05T11:17:18,ready_on_time,12.3,0,True
ME-34149,ORD-US-34148,M-002,Crisp & Co.,2025-05-05T15:30:12,ready_on_time,15.2,0,True
ME-34150,ORD-US-34149,M-002,Crisp & Co.,2025-05-05T14:41:54,ready_on_time,11.9,0,True
ME-34151,ORD-US-34150,M-003,Pasta Garden,2025-05-05T19:11:24,ready_on_time,21.4,0,True
ME-34152,ORD-US-34151,M-003,Pasta Garden,2025-05-05T11:18:00,ready_on_time,23.0,0,True
ME-34153,ORD-US-34152,M-003,Pasta Garden,2025-05-05T19:19:30,ready_on_time,9.5,0,True
ME-34154,ORD-US-34153,M-001,Green Basket Market,2025-05-05T19:05:00,ready_on_time,10.0,0,True
ME-34155,ORD-US-34154,M-001,Green Basket Market,2025-05-05T15:39:42,ready_on_time,14.7,0,True
ME-34156,ORD-US-34155,M-004,QuickCare Pharmacy,2025-05-05T20:24:36,ready_on_time,14.6,0,True
ME-34157,ORD-US-34156,M-001,Green Basket Market,2025-05-05T16:31:00,ready_on_time,16.0,0,True
ME-34158,ORD-US-34157,M-004,QuickCare Pharmacy,2025-05-05T18:14:06,ready_on_time,19.1,0,True
ME-34159,ORD-US-34158,M-004,QuickCare Pharmacy,2025-05-05T13:18:00,ready_on_time,13.0,0,True
ME-34160,ORD-US-34159,M-004,QuickCare Pharmacy,2025-05-05T17:04:48,ready_on_time,14.8,0,True
ME-34161,ORD-US-34160,M-002,Crisp & Co.,2025-05-05T20:47:12,ready_on_time,12.2,0,True
ME-34162,ORD-US-34161,M-002,Crisp & Co.,2025-05-05T12:51:12,ready_on_time,16.2,0,True
ME-34163,ORD-US-34162,M-008,Noodle House,2025-05-05T16:07:00,ready_on_time,17.0,0,True
ME-34164,ORD-US-34163,M-005,Corner Table,2025-05-05T17:02:30,ready_on_time,17.5,0,True
ME-34165,ORD-US-34164,M-007,Home & Handy,2025-05-05T15:59:54,ready_on_time,9.9,0,True
ME-34166,ORD-US-34165,M-007,Home & Handy,2025-05-05T14:44:06,ready_on_time,4.1,0,True
ME-34167,ORD-US-34166,M-008,Noodle House,2025-05-05T10:18:06,ready_on_time,8.1,0,True
ME-34168,ORD-US-34167,M-008,Noodle House,2025-05-05T09:47:42,ready_on_time,7.7,0,True
ME-34169,ORD-US-34168,M-008,Noodle House,2025-05-05T18:43:00,ready_on_time,18.0,0,True
ME-34170,ORD-US-34169,M-006,Fresh Roots Grocery,2025-05-05T11:17:18,ready_on_time,22.3,0,True
ME-34171,ORD-US-34170,M-008,Noodle House,2025-05-05T10:04:30,ready_on_time,19.5,0,True
ME-34172,ORD-US-34171,M-007,Home & Handy,2025-05-05T13:14:00,ready_on_time,9.0,0,True
ME-34173,ORD-US-34172,M-008,Noodle House,2025-05-05T15:03:18,ready_on_time,18.3,0,True
ME-34174,ORD-US-34173,M-007,Home & Handy,2025-05-05T12:06:06,ready_on_time,6.1,0,True
ME-34175,ORD-US-34174,M-008,Noodle House,2025-05-05T16:48:24,ready_on_time,23.4,0,True
ME-34176,ORD-US-34175,M-005,Corner Table,2025-05-05T18:26:36,ready_on_time,6.6,0,True
ME-34177,ORD-US-34176,M-005,Corner Table,2025-05-05T09:29:06,ready_on_time,9.1,0,True
ME-34178,ORD-US-34177,M-007,Home & Handy,2025-05-05T12:03:12,ready_on_time,13.2,0,True
ME-34179,ORD-US-34178,M-005,Corner Table,2025-05-05T12:03:36,ready_on_time,18.6,0,True
ME-34180,ORD-US-34179,M-006,Fresh Roots Grocery,2025-05-05T14:34:48,ready_on_time,14.8,0,True
ME-34181,ORD-US-34180,M-006,Fresh Roots Grocery,2025-05-05T16:05:18,ready_on_time,15.3,0,True
ME-34182,ORD-US-34181,M-007,Home & Handy,2025-05-05T21:02:18,ready_on_time,17.3,0,True
ME-34183,ORD-US-34182,M-005,Corner Table,2025-05-05T09:18:06,ready_on_time,8.1,0,True
ME-34184,ORD-US-34183,M-008,Noodle House,2025-05-05T15:36:24,ready_on_time,16.4,0,True
ME-34185,ORD-US-34184,M-006,Fresh Roots Grocery,2025-05-05T10:38:36,ready_on_time,13.6,0,True
ME-34186,ORD-US-34185,M-006,Fresh Roots Grocery,2025-05-05T16:54:24,ready_on_time,14.4,0,True
ME-34187,ORD-US-34186,M-005,Corner Table,2025-05-05T20:34:36,ready_on_time,9.6,0,True
ME-34188,ORD-US-34187,M-006,Fresh Roots Grocery,2025-05-05T17:07:30,ready_on_time,12.5,0,True
ME-34189,ORD-US-34188,M-008,Noodle House,2025-05-05T09:33:18,ready_on_time,8.3,0,True
ME-34190,ORD-US-34189,M-006,Fresh Roots Grocery,2025-05-05T11:02:24,ready_on_time,7.4,0,True
ME-34191,ORD-US-34190,M-008,Noodle House,2025-05-05T10:47:18,ready_on_time,12.3,0,True
ME-34192,ORD-US-34191,M-005,Corner Table,2025-05-05T10:03:48,ready_on_time,13.8,0,True
ME-34193,ORD-US-34192,M-006,Fresh Roots Grocery,2025-05-05T13:33:48,ready_on_time,13.8,0,True
ME-34194,ORD-US-34193,M-007,Home & Handy,2025-05-05T19:59:00,ready_on_time,9.0,0,True
ME-34195,ORD-US-34194,M-008,Noodle House,2025-05-05T18:15:54,ready_on_time,10.9,0,True
ME-34196,ORD-US-34195,M-007,Home & Handy,2025-05-05T14:07:12,ready_on_time,17.2,0,True
ME-34197,ORD-US-34196,M-005,Corner Table,2025-05-05T10:28:30,ready_on_time,13.5,0,True
ME-34198,ORD-US-34197,M-008,Noodle House,2025-05-05T09:18:30,ready_on_time,18.5,0,True
ME-34199,ORD-US-34198,M-007,Home & Handy,2025-05-05T17:42:48,ready_on_time,12.8,0,True
ME-34200,ORD-US-34199,M-007,Home & Handy,2025-05-05T15:09:12,ready_on_time,14.2,0,True
ME-34201,ORD-US-34200,M-008,Noodle House,2025-05-05T16:33:54,ready_on_time,13.9,0,True
ME-34202,ORD-US-34201,M-006,Fresh Roots Grocery,2025-05-05T20:41:24,ready_on_time,16.4,0,True
ME-34203,ORD-US-34202,M-005,Corner Table,2025-05-05T11:18:36,ready_on_time,13.6,0,True
ME-34204,ORD-US-34203,M-005,Corner Table,2025-05-05T17:16:18,ready_on_time,16.3,0,True
ME-34205,ORD-US-34204,M-011,Wellness Pharmacy,2025-05-05T15:39:06,ready_on_time,9.1,0,True
ME-34206,ORD-US-34205,M-012,Tech Stop,2025-05-05T12:23:30,ready_on_time,13.5,0,True
ME-34207,ORD-US-34206,M-012,Tech Stop,2025-05-05T13:42:06,ready_on_time,17.1,0,True
ME-34208,ORD-US-34207,M-012,Tech Stop,2025-05-05T09:02:42,ready_on_time,17.7,0,True
ME-34209,ORD-US-34208,M-010,Burger District,2025-05-05T19:17:18,ready_on_time,22.3,0,True
ME-34210,ORD-US-34209,M-012,Tech Stop,2025-05-05T12:28:06,ready_on_time,18.1,0,True
ME-34211,ORD-US-34210,M-009,Daily Mart,2025-05-05T16:26:12,ready_on_time,11.2,0,True
ME-34212,ORD-US-34211,M-010,Burger District,2025-05-05T08:21:36,ready_on_time,6.6,0,True
ME-34213,ORD-US-34212,M-009,Daily Mart,2025-05-05T20:47:18,ready_on_time,12.3,0,True
ME-34214,ORD-US-34213,M-010,Burger District,2025-05-05T12:35:42,ready_on_time,15.7,0,True
ME-34215,ORD-US-34214,M-011,Wellness Pharmacy,2025-05-05T12:10:48,ready_on_time,10.8,0,True
ME-34216,ORD-US-34215,M-009,Daily Mart,2025-05-05T11:30:12,ready_on_time,10.2,0,True
ME-34217,ORD-US-34216,M-012,Tech Stop,2025-05-05T16:54:24,ready_on_time,14.4,0,True
ME-34218,ORD-US-34217,M-012,Tech Stop,2025-05-05T14:30:00,ready_on_time,20.0,0,True
ME-34219,ORD-US-34218,M-012,Tech Stop,2025-05-05T13:44:12,ready_on_time,9.2,0,True
ME-34220,ORD-US-34219,M-009,Daily Mart,2025-05-05T19:51:00,ready_on_time,11.0,0,True
ME-34221,ORD-US-34220,M-011,Wellness Pharmacy,2025-05-05T10:10:24,ready_on_time,15.4,0,True
ME-34222,ORD-US-34221,M-010,Burger District,2025-05-05T12:26:48,ready_on_time,16.8,0,True
ME-34223,ORD-US-34222,M-010,Burger District,2025-05-05T11:34:48,ready_on_time,14.8,0,True
ME-34224,ORD-US-34223,M-009,Daily Mart,2025-05-05T15:52:30,ready_on_time,12.5,0,True
ME-34225,ORD-US-34224,M-011,Wellness Pharmacy,2025-05-05T19:46:48,ready_on_time,16.8,0,True
ME-34226,ORD-US-34225,M-010,Burger District,2025-05-05T13:54:36,ready_on_time,14.6,0,True
ME-34227,ORD-US-34226,M-009,Daily Mart,2025-05-05T17:01:36,ready_on_time,16.6,0,True
ME-34228,ORD-US-34227,M-012,Tech Stop,2025-05-05T09:26:36,ready_on_time,11.6,0,True
ME-34229,ORD-US-34228,M-009,Daily Mart,2025-05-05T15:20:48,ready_on_time,10.8,0,True
ME-34230,ORD-US-34229,M-011,Wellness Pharmacy,2025-05-05T14:51:06,ready_on_time,16.1,0,True
ME-34231,ORD-US-34230,M-011,Wellness Pharmacy,2025-05-05T11:46:24,ready_on_time,11.4,0,True
ME-34232,ORD-US-34231,M-011,Wellness Pharmacy,2025-05-05T12:09:12,ready_on_time,9.2,0,True
ME-34233,ORD-US-34232,M-012,Tech Stop,2025-05-05T17:18:00,ready_on_time,8.0,0,True
ME-34234,ORD-US-34233,M-012,Tech Stop,2025-05-05T17:42:06,ready_on_time,17.1,0,True
ME-34235,ORD-US-34234,M-012,Tech Stop,2025-05-05T14:34:24,ready_on_time,19.4,0,True
ME-34236,ORD-US-34235,M-010,Burger District,2025-05-05T11:43:06,ready_on_time,13.1,0,True
ME-34237,ORD-US-34236,M-012,Tech Stop,2025-05-05T12:35:48,ready_on_time,10.8,0,True
ME-34238,ORD-US-34237,M-012,Tech Stop,2025-05-05T20:49:18,ready_on_time,9.3,0,True
ME-34239,ORD-US-34238,M-011,Wellness Pharmacy,2025-05-05T13:31:24,ready_on_time,11.4,0,True
ME-34240,ORD-US-34239,M-012,Tech Stop,2025-05-05T18:12:12,ready_on_time,22.2,0,True
ME-34241,ORD-US-34240,M-011,Wellness Pharmacy,2025-05-05T20:27:00,ready_on_time,7.0,0,True
ME-34242,ORD-US-34241,M-010,Burger District,2025-05-05T12:31:30,ready_on_time,21.5,0,True
ME-34243,ORD-US-34242,M-009,Daily Mart,2025-05-05T18:02:24,ready_on_time,7.4,0,True
ME-34244,ORD-US-34243,M-012,Tech Stop,2025-05-05T14:40:30,ready_on_time,15.5,0,True
ME-34245,ORD-US-34244,M-012,Tech Stop,2025-05-05T20:06:12,ready_on_time,16.2,0,True
ME-34246,ORD-US-34245,M-011,Wellness Pharmacy,2025-05-05T12:08:12,ready_on_time,18.2,0,True
ME-34247,ORD-US-34246,M-009,Daily Mart,2025-05-05T10:42:54,ready_on_time,12.9,0,True
ME-34248,ORD-US-34247,M-002,Crisp & Co.,2025-05-06T15:33:00,ready_on_time,13.0,0,True
ME-34249,ORD-US-34248,M-001,Green Basket Market,2025-05-06T14:01:00,ready_on_time,16.0,0,True
ME-34250,ORD-US-34249,M-001,Green Basket Market,2025-05-06T14:21:42,ready_on_time,11.7,0,True
ME-34251,ORD-US-34250,M-003,Pasta Garden,2025-05-06T16:26:54,ready_on_time,11.9,0,False
ME-34252,ORD-US-34251,M-002,Crisp & Co.,2025-05-06T10:59:06,ready_on_time,19.1,0,True
ME-34253,ORD-US-34252,M-003,Pasta Garden,2025-05-06T19:28:18,ready_on_time,18.3,0,True
ME-34254,ORD-US-34253,M-001,Green Basket Market,2025-05-06T13:02:06,ready_on_time,17.1,0,True
ME-34255,ORD-US-34254,M-001,Green Basket Market,2025-05-06T08:41:36,ready_on_time,21.6,0,True
ME-34256,ORD-US-34255,M-004,QuickCare Pharmacy,2025-05-06T10:40:12,ready_on_time,10.2,0,True
ME-34257,ORD-US-34256,M-002,Crisp & Co.,2025-05-06T14:05:42,ready_on_time,15.7,0,True
ME-34258,ORD-US-34257,M-002,Crisp & Co.,2025-05-06T11:07:18,ready_on_time,12.3,0,True
ME-34259,ORD-US-34258,M-001,Green Basket Market,2025-05-06T20:22:48,ready_on_time,12.8,0,True
ME-34260,ORD-US-34259,M-004,QuickCare Pharmacy,2025-05-06T11:46:30,ready_on_time,11.5,0,True
ME-34261,ORD-US-34260,M-001,Green Basket Market,2025-05-06T18:10:24,ready_on_time,5.4,0,True
ME-34262,ORD-US-34261,M-004,QuickCare Pharmacy,2025-05-06T18:53:18,ready_on_time,18.3,0,True
ME-34263,ORD-US-34262,M-004,QuickCare Pharmacy,2025-05-06T17:33:12,ready_on_time,13.2,0,True
ME-34264,ORD-US-34263,M-001,Green Basket Market,2025-05-06T09:29:06,ready_on_time,9.1,0,True
ME-34265,ORD-US-34264,M-002,Crisp & Co.,2025-05-06T12:39:54,ready_on_time,4.9,0,True
ME-34266,ORD-US-34265,M-002,Crisp & Co.,2025-05-06T12:56:24,ready_on_time,11.4,0,True
ME-34267,ORD-US-34266,M-001,Green Basket Market,2025-05-06T16:47:42,ready_on_time,17.7,0,True
ME-34268,ORD-US-34267,M-003,Pasta Garden,2025-05-06T13:55:42,ready_on_time,10.7,0,True
ME-34269,ORD-US-34268,M-003,Pasta Garden,2025-05-06T18:44:54,ready_on_time,14.9,0,True
ME-34270,ORD-US-34269,M-002,Crisp & Co.,2025-05-06T14:02:30,ready_on_time,17.5,0,True
ME-34271,ORD-US-34270,M-002,Crisp & Co.,2025-05-06T18:03:36,ready_on_time,8.6,0,True
ME-34272,ORD-US-34271,M-001,Green Basket Market,2025-05-06T12:09:06,ready_on_time,9.1,0,True
ME-34273,ORD-US-34272,M-002,Crisp & Co.,2025-05-06T11:40:06,ready_on_time,10.1,0,True
ME-34274,ORD-US-34273,M-002,Crisp & Co.,2025-05-06T10:46:54,ready_on_time,16.9,0,True
ME-34275,ORD-US-34274,M-004,QuickCare Pharmacy,2025-05-06T14:31:36,ready_on_time,16.6,0,True
ME-34276,ORD-US-34275,M-001,Green Basket Market,2025-05-06T15:49:42,ready_on_time,19.7,0,True
ME-34277,ORD-US-34276,M-004,QuickCare Pharmacy,2025-05-06T08:36:18,ready_on_time,6.3,0,True
ME-34278,ORD-US-34277,M-002,Crisp & Co.,2025-05-06T16:03:36,ready_on_time,13.6,0,True
ME-34279,ORD-US-34278,M-001,Green Basket Market,2025-05-06T08:47:06,ready_on_time,12.1,0,True
ME-34280,ORD-US-34279,M-001,Green Basket Market,2025-05-06T18:54:12,ready_on_time,14.2,0,True
ME-34281,ORD-US-34280,M-003,Pasta Garden,2025-05-06T14:12:48,ready_on_time,12.8,0,True
ME-34282,ORD-US-34281,M-004,QuickCare Pharmacy,2025-05-06T09:57:30,ready_on_time,7.5,0,True
ME-34283,ORD-US-34282,M-001,Green Basket Market,2025-05-06T11:24:18,ready_on_time,9.3,0,True
ME-34284,ORD-US-34283,M-001,Green Basket Market,2025-05-06T15:28:30,ready_on_time,18.5,0,True
ME-34285,ORD-US-34284,M-007,Home & Handy,2025-05-06T21:03:36,ready_on_time,8.6,0,True
ME-34286,ORD-US-34285,M-008,Noodle House,2025-05-06T15:17:30,ready_on_time,7.5,0,True
ME-34287,ORD-US-34286,M-006,Fresh Roots Grocery,2025-05-06T10:15:06,ready_on_time,15.1,0,True
ME-34288,ORD-US-34287,M-005,Corner Table,2025-05-06T20:02:12,ready_on_time,12.2,0,True
ME-34289,ORD-US-34288,M-006,Fresh Roots Grocery,2025-05-06T15:48:12,ready_on_time,13.2,0,True
ME-34290,ORD-US-34289,M-008,Noodle House,2025-05-06T15:56:06,ready_on_time,11.1,0,True
ME-34291,ORD-US-34290,M-006,Fresh Roots Grocery,2025-05-06T09:17:00,ready_on_time,12.0,0,True
ME-34292,ORD-US-34291,M-006,Fresh Roots Grocery,2025-05-06T18:41:18,ready_on_time,21.3,0,True
ME-34293,ORD-US-34292,M-005,Corner Table,2025-05-06T20:32:12,ready_on_time,12.2,0,True
ME-34294,ORD-US-34293,M-008,Noodle House,2025-05-06T10:44:18,ready_on_time,14.3,0,True
ME-34295,ORD-US-34294,M-005,Corner Table,2025-05-06T09:02:24,ready_on_time,22.4,0,True
ME-34296,ORD-US-34295,M-006,Fresh Roots Grocery,2025-05-06T14:18:48,ready_on_time,13.8,0,True
ME-34297,ORD-US-34296,M-005,Corner Table,2025-05-06T20:06:30,ready_on_time,11.5,0,True
ME-34298,ORD-US-34297,M-007,Home & Handy,2025-05-06T14:12:54,ready_on_time,7.9,0,True
ME-34299,ORD-US-34298,M-007,Home & Handy,2025-05-06T20:09:12,ready_on_time,14.2,0,True
ME-34300,ORD-US-34299,M-008,Noodle House,2025-05-06T13:04:42,ready_on_time,9.7,0,True
ME-34301,ORD-US-34300,M-006,Fresh Roots Grocery,2025-05-06T13:12:18,ready_on_time,12.3,0,True
ME-34302,ORD-US-34301,M-005,Corner Table,2025-05-06T15:16:42,ready_on_time,11.7,0,True
ME-34303,ORD-US-34302,M-005,Corner Table,2025-05-06T10:00:36,ready_on_time,15.6,0,True
ME-34304,ORD-US-34303,M-007,Home & Handy,2025-05-06T18:47:48,ready_on_time,12.8,0,True
ME-34305,ORD-US-34304,M-007,Home & Handy,2025-05-06T13:19:54,ready_on_time,19.9,0,True
ME-34306,ORD-US-34305,M-007,Home & Handy,2025-05-06T11:56:12,ready_on_time,16.2,0,True
ME-34307,ORD-US-34306,M-007,Home & Handy,2025-05-06T11:10:42,ready_on_time,15.7,0,True
ME-34308,ORD-US-34307,M-005,Corner Table,2025-05-06T19:52:54,ready_on_time,17.9,0,True
ME-34309,ORD-US-34308,M-007,Home & Handy,2025-05-06T08:18:12,ready_on_time,13.2,0,True
ME-34310,ORD-US-34309,M-007,Home & Handy,2025-05-06T10:42:00,ready_on_time,12.0,0,True
ME-34311,ORD-US-34310,M-007,Home & Handy,2025-05-06T16:51:54,ready_on_time,16.9,0,True
ME-34312,ORD-US-34311,M-006,Fresh Roots Grocery,2025-05-06T11:32:24,ready_on_time,12.4,0,True
ME-34313,ORD-US-34312,M-006,Fresh Roots Grocery,2025-05-06T19:55:48,ready_on_time,10.8,0,True
ME-34314,ORD-US-34313,M-005,Corner Table,2025-05-06T14:18:54,ready_on_time,13.9,0,True
ME-34315,ORD-US-34314,M-006,Fresh Roots Grocery,2025-05-06T11:14:12,ready_on_time,14.2,0,True
ME-34316,ORD-US-34315,M-005,Corner Table,2025-05-06T12:43:12,ready_on_time,13.2,0,True
ME-34317,ORD-US-34316,M-005,Corner Table,2025-05-06T19:03:18,ready_on_time,8.3,0,True
ME-34318,ORD-US-34317,M-005,Corner Table,2025-05-06T19:32:54,ready_on_time,12.9,0,True
ME-34319,ORD-US-34318,M-007,Home & Handy,2025-05-06T18:33:48,ready_on_time,18.8,0,True
ME-34320,ORD-US-34319,M-006,Fresh Roots Grocery,2025-05-06T14:58:36,ready_on_time,18.6,0,True
ME-34321,ORD-US-34320,M-007,Home & Handy,2025-05-06T15:49:18,ready_on_time,19.3,0,True
ME-34322,ORD-US-34321,M-005,Corner Table,2025-05-06T18:25:06,ready_on_time,10.1,0,True
ME-34323,ORD-US-34322,M-005,Corner Table,2025-05-06T15:09:54,ready_on_time,19.9,0,True
ME-34324,ORD-US-34323,M-006,Fresh Roots Grocery,2025-05-06T14:19:42,ready_on_time,19.7,0,True
ME-34325,ORD-US-34324,M-008,Noodle House,2025-05-06T10:55:54,ready_on_time,10.9,0,True
ME-34326,ORD-US-34325,M-007,Home & Handy,2025-05-06T13:43:30,ready_on_time,13.5,0,True
ME-34327,ORD-US-34326,M-005,Corner Table,2025-05-06T18:18:42,ready_on_time,8.7,0,True
ME-34328,ORD-US-34327,M-008,Noodle House,2025-05-06T13:57:18,ready_on_time,17.3,0,True
ME-34329,ORD-US-34328,M-005,Corner Table,2025-05-06T18:34:18,ready_on_time,14.3,0,True
ME-34330,ORD-US-34329,M-012,Tech Stop,2025-05-06T17:39:12,ready_on_time,14.2,0,True
ME-34331,ORD-US-34330,M-011,Wellness Pharmacy,2025-05-06T18:29:42,ready_on_time,14.7,0,True
ME-34332,ORD-US-34331,M-012,Tech Stop,2025-05-06T10:34:00,ready_on_time,9.0,0,True
ME-34333,ORD-US-34332,M-012,Tech Stop,2025-05-06T17:26:48,ready_on_time,11.8,0,True
ME-34334,ORD-US-34333,M-011,Wellness Pharmacy,2025-05-06T14:01:48,ready_on_time,16.8,0,True
ME-34335,ORD-US-34334,M-009,Daily Mart,2025-05-06T16:25:00,ready_on_time,20.0,0,True
ME-34336,ORD-US-34335,M-011,Wellness Pharmacy,2025-05-06T11:26:06,ready_on_time,16.1,0,True
ME-34337,ORD-US-34336,M-009,Daily Mart,2025-05-06T20:00:18,ready_on_time,15.3,0,True
ME-34338,ORD-US-34337,M-010,Burger District,2025-05-06T19:25:24,ready_on_time,15.4,0,True
ME-34339,ORD-US-34338,M-009,Daily Mart,2025-05-06T09:39:24,ready_on_time,9.4,0,True
ME-34340,ORD-US-34339,M-011,Wellness Pharmacy,2025-05-06T15:17:00,ready_on_time,12.0,0,True
ME-34341,ORD-US-34340,M-009,Daily Mart,2025-05-06T18:55:36,ready_on_time,10.6,0,True
ME-34342,ORD-US-34341,M-010,Burger District,2025-05-06T17:16:48,ready_on_time,21.8,0,True
ME-34343,ORD-US-34342,M-012,Tech Stop,2025-05-06T20:22:24,ready_on_time,12.4,0,True
ME-34344,ORD-US-34343,M-009,Daily Mart,2025-05-06T09:25:30,ready_on_time,15.5,0,True
ME-34345,ORD-US-34344,M-011,Wellness Pharmacy,2025-05-06T16:41:48,ready_on_time,11.8,0,True
ME-34346,ORD-US-34345,M-011,Wellness Pharmacy,2025-05-06T11:14:00,ready_on_time,14.0,0,True
ME-34347,ORD-US-34346,M-009,Daily Mart,2025-05-06T08:19:24,ready_on_time,19.4,0,True
ME-34348,ORD-US-34347,M-011,Wellness Pharmacy,2025-05-06T13:00:12,ready_on_time,10.2,0,True
ME-34349,ORD-US-34348,M-010,Burger District,2025-05-06T10:19:48,ready_on_time,14.8,0,True
ME-34350,ORD-US-34349,M-011,Wellness Pharmacy,2025-05-06T20:24:54,ready_on_time,19.9,0,True
ME-34351,ORD-US-34350,M-009,Daily Mart,2025-05-06T16:21:30,ready_on_time,11.5,0,True
ME-34352,ORD-US-34351,M-011,Wellness Pharmacy,2025-05-06T18:04:06,ready_on_time,19.1,0,True
ME-34353,ORD-US-34352,M-010,Burger District,2025-05-06T20:50:54,ready_on_time,10.9,0,True
ME-34354,ORD-US-34353,M-011,Wellness Pharmacy,2025-05-06T16:10:42,ready_on_time,15.7,0,True
ME-34355,ORD-US-34354,M-011,Wellness Pharmacy,2025-05-06T14:43:36,ready_on_time,18.6,0,True
ME-34356,ORD-US-34355,M-012,Tech Stop,2025-05-06T12:19:00,ready_on_time,14.0,0,True
ME-34357,ORD-US-34356,M-010,Burger District,2025-05-06T15:20:00,ready_on_time,15.0,0,True
ME-34358,ORD-US-34357,M-012,Tech Stop,2025-05-06T09:05:36,ready_on_time,15.6,0,True
ME-34359,ORD-US-34358,M-011,Wellness Pharmacy,2025-05-06T20:33:30,ready_on_time,13.5,0,True
ME-34360,ORD-US-34359,M-012,Tech Stop,2025-05-06T12:14:42,ready_on_time,14.7,0,True
ME-34361,ORD-US-34360,M-011,Wellness Pharmacy,2025-05-06T10:49:30,ready_on_time,9.5,0,True
ME-34362,ORD-US-34361,M-011,Wellness Pharmacy,2025-05-06T14:43:00,ready_on_time,18.0,0,True
ME-34363,ORD-US-34362,M-009,Daily Mart,2025-05-06T17:57:30,ready_on_time,7.5,0,True
ME-34364,ORD-US-34363,M-009,Daily Mart,2025-05-06T19:44:06,ready_on_time,14.1,0,True
ME-34365,ORD-US-34364,M-010,Burger District,2025-05-06T11:44:36,ready_on_time,14.6,0,True
ME-34366,ORD-US-34365,M-012,Tech Stop,2025-05-06T20:09:06,ready_on_time,19.1,0,True
ME-34367,ORD-US-34366,M-010,Burger District,2025-05-06T11:46:18,ready_on_time,11.3,0,True
ME-34368,ORD-US-34367,M-011,Wellness Pharmacy,2025-05-06T15:50:18,ready_on_time,15.3,0,True
ME-34369,ORD-US-34368,M-003,Pasta Garden,2025-05-07T19:41:24,ready_on_time,11.4,0,True
ME-34370,ORD-US-34369,M-004,QuickCare Pharmacy,2025-05-07T20:15:48,ready_on_time,15.8,0,True
ME-34371,ORD-US-34370,M-002,Crisp & Co.,2025-05-07T14:28:48,ready_on_time,8.8,0,True
ME-34372,ORD-US-34371,M-002,Crisp & Co.,2025-05-07T19:59:00,ready_on_time,19.0,0,True
ME-34373,ORD-US-34372,M-001,Green Basket Market,2025-05-07T19:55:30,ready_on_time,10.5,0,True
ME-34374,ORD-US-34373,M-001,Green Basket Market,2025-05-07T09:43:24,ready_on_time,13.4,0,True
ME-34375,ORD-US-34374,M-003,Pasta Garden,2025-05-07T09:50:00,ready_on_time,15.0,0,True
ME-34376,ORD-US-34375,M-003,Pasta Garden,2025-05-07T14:54:30,ready_on_time,19.5,0,True
ME-34377,ORD-US-34376,M-001,Green Basket Market,2025-05-07T15:57:12,ready_on_time,12.2,0,True
ME-34378,ORD-US-34377,M-004,QuickCare Pharmacy,2025-05-07T19:59:00,ready_on_time,19.0,0,True
ME-34379,ORD-US-34378,M-004,QuickCare Pharmacy,2025-05-07T16:58:48,ready_on_time,13.8,0,True
ME-34380,ORD-US-34379,M-002,Crisp & Co.,2025-05-07T19:32:54,ready_on_time,17.9,0,True
ME-34381,ORD-US-34380,M-003,Pasta Garden,2025-05-07T18:01:36,ready_on_time,16.6,0,True
ME-34382,ORD-US-34381,M-001,Green Basket Market,2025-05-07T11:06:30,ready_on_time,11.5,0,True
ME-34383,ORD-US-34382,M-003,Pasta Garden,2025-05-07T12:00:48,ready_on_time,15.8,0,True
ME-34384,ORD-US-34383,M-004,QuickCare Pharmacy,2025-05-07T10:09:54,ready_on_time,14.9,0,True
ME-34385,ORD-US-34384,M-001,Green Basket Market,2025-05-07T10:36:24,ready_on_time,16.4,0,True
ME-34386,ORD-US-34385,M-004,QuickCare Pharmacy,2025-05-07T14:00:36,ready_on_time,10.6,0,True
ME-34387,ORD-US-34386,M-002,Crisp & Co.,2025-05-07T13:02:18,ready_on_time,17.3,0,True
ME-34388,ORD-US-34387,M-001,Green Basket Market,2025-05-07T15:46:24,ready_on_time,11.4,0,True
ME-34389,ORD-US-34388,M-004,QuickCare Pharmacy,2025-05-07T19:50:12,ready_on_time,15.2,0,True
ME-34390,ORD-US-34389,M-002,Crisp & Co.,2025-05-07T16:08:06,ready_on_time,13.1,0,True
ME-34391,ORD-US-34390,M-001,Green Basket Market,2025-05-07T12:59:24,ready_on_time,19.4,0,True
ME-34392,ORD-US-34391,M-001,Green Basket Market,2025-05-07T14:01:54,ready_on_time,11.9,0,True
ME-34393,ORD-US-34392,M-004,QuickCare Pharmacy,2025-05-07T12:37:42,ready_on_time,12.7,0,True
ME-34394,ORD-US-34393,M-003,Pasta Garden,2025-05-07T16:09:00,ready_on_time,14.0,0,True
ME-34395,ORD-US-34394,M-001,Green Basket Market,2025-05-07T19:08:18,ready_on_time,8.3,0,True
ME-34396,ORD-US-34395,M-002,Crisp & Co.,2025-05-07T11:33:42,ready_on_time,13.7,0,True
ME-34397,ORD-US-34396,M-003,Pasta Garden,2025-05-07T13:59:12,ready_on_time,14.2,0,True
ME-34398,ORD-US-34397,M-004,QuickCare Pharmacy,2025-05-07T13:54:48,ready_on_time,19.8,0,True
ME-34399,ORD-US-34398,M-002,Crisp & Co.,2025-05-07T10:49:36,ready_on_time,14.6,0,True
ME-34400,ORD-US-34399,M-001,Green Basket Market,2025-05-07T10:28:42,ready_on_time,8.7,0,True
ME-34401,ORD-US-34400,M-003,Pasta Garden,2025-05-07T14:16:12,ready_on_time,11.2,0,True
ME-34402,ORD-US-34401,M-004,QuickCare Pharmacy,2025-05-07T17:50:24,ready_on_time,15.4,0,True
ME-34403,ORD-US-34402,M-003,Pasta Garden,2025-05-07T13:19:36,ready_on_time,14.6,0,True
ME-34404,ORD-US-34403,M-003,Pasta Garden,2025-05-07T19:12:36,ready_on_time,12.6,0,True
ME-34405,ORD-US-34404,M-003,Pasta Garden,2025-05-07T15:16:00,ready_on_time,16.0,0,True
ME-34406,ORD-US-34405,M-003,Pasta Garden,2025-05-07T18:25:12,ready_on_time,10.2,0,True
ME-34407,ORD-US-34406,M-002,Crisp & Co.,2025-05-07T13:22:18,ready_on_time,17.3,0,True
ME-34408,ORD-US-34407,M-004,QuickCare Pharmacy,2025-05-07T10:03:00,ready_on_time,18.0,0,True
ME-34409,ORD-US-34408,M-003,Pasta Garden,2025-05-07T16:05:54,ready_on_time,10.9,0,True
ME-34410,ORD-US-34409,M-004,QuickCare Pharmacy,2025-05-07T19:04:18,ready_on_time,14.3,0,True
ME-34411,ORD-US-34410,M-004,QuickCare Pharmacy,2025-05-07T19:18:24,ready_on_time,18.4,0,True
ME-34412,ORD-US-34411,M-003,Pasta Garden,2025-05-07T16:49:24,ready_on_time,14.4,0,True
ME-34413,ORD-US-34412,M-002,Crisp & Co.,2025-05-07T17:22:42,ready_on_time,7.7,0,True
ME-34414,ORD-US-34413,M-006,Fresh Roots Grocery,2025-05-07T15:19:54,ready_on_time,19.9,0,True
ME-34415,ORD-US-34414,M-005,Corner Table,2025-05-07T18:54:00,ready_on_time,24.0,0,True
ME-34416,ORD-US-34415,M-005,Corner Table,2025-05-07T18:13:42,ready_on_time,13.7,0,True
ME-34417,ORD-US-34416,M-007,Home & Handy,2025-05-07T11:54:00,ready_on_time,14.0,0,True
ME-34418,ORD-US-34417,M-008,Noodle House,2025-05-07T10:28:54,ready_on_time,13.9,0,True
ME-34419,ORD-US-34418,M-005,Corner Table,2025-05-07T10:20:24,ready_on_time,10.4,0,True
ME-34420,ORD-US-34419,M-005,Corner Table,2025-05-07T19:13:00,ready_on_time,13.0,0,True
ME-34421,ORD-US-34420,M-005,Corner Table,2025-05-07T13:29:36,ready_on_time,19.6,0,True
ME-34422,ORD-US-34421,M-006,Fresh Roots Grocery,2025-05-07T15:51:30,ready_on_time,11.5,0,True
ME-34423,ORD-US-34422,M-008,Noodle House,2025-05-07T20:30:12,ready_on_time,10.2,0,True
ME-34424,ORD-US-34423,M-006,Fresh Roots Grocery,2025-05-07T11:48:36,ready_on_time,13.6,0,True
ME-34425,ORD-US-34424,M-008,Noodle House,2025-05-07T18:09:12,ready_on_time,9.2,0,True
ME-34426,ORD-US-34425,M-005,Corner Table,2025-05-07T16:23:42,ready_on_time,13.7,0,True
ME-34427,ORD-US-34426,M-005,Corner Table,2025-05-07T13:18:12,ready_on_time,8.2,0,True
ME-34428,ORD-US-34427,M-007,Home & Handy,2025-05-07T12:33:54,ready_on_time,13.9,0,True
ME-34429,ORD-US-34428,M-006,Fresh Roots Grocery,2025-05-07T18:53:24,ready_on_time,13.4,0,True
ME-34430,ORD-US-34429,M-005,Corner Table,2025-05-07T14:27:54,ready_on_time,22.9,0,True
ME-34431,ORD-US-34430,M-008,Noodle House,2025-05-07T12:38:18,ready_on_time,18.3,0,True
ME-34432,ORD-US-34431,M-006,Fresh Roots Grocery,2025-05-07T12:43:42,ready_on_time,13.7,0,True
ME-34433,ORD-US-34432,M-008,Noodle House,2025-05-07T12:28:30,ready_on_time,13.5,0,True
ME-34434,ORD-US-34433,M-007,Home & Handy,2025-05-07T17:32:18,ready_on_time,17.3,0,True
ME-34435,ORD-US-34434,M-006,Fresh Roots Grocery,2025-05-07T20:27:24,ready_on_time,17.4,0,True
ME-34436,ORD-US-34435,M-008,Noodle House,2025-05-07T15:51:42,ready_on_time,16.7,0,True
ME-34437,ORD-US-34436,M-008,Noodle House,2025-05-07T09:16:30,ready_on_time,21.5,0,True
ME-34438,ORD-US-34437,M-007,Home & Handy,2025-05-07T08:07:42,ready_on_time,7.7,0,True
ME-34439,ORD-US-34438,M-005,Corner Table,2025-05-07T15:43:54,ready_on_time,18.9,0,True
ME-34440,ORD-US-34439,M-008,Noodle House,2025-05-07T16:41:18,ready_on_time,11.3,0,True
ME-34441,ORD-US-34440,M-007,Home & Handy,2025-05-07T20:32:36,ready_on_time,17.6,0,True
ME-34442,ORD-US-34441,M-008,Noodle House,2025-05-07T08:14:54,ready_on_time,14.9,0,True
ME-34443,ORD-US-34442,M-007,Home & Handy,2025-05-07T20:36:18,ready_on_time,21.3,0,True
ME-34444,ORD-US-34443,M-005,Corner Table,2025-05-07T20:34:06,ready_on_time,14.1,0,True
ME-34445,ORD-US-34444,M-007,Home & Handy,2025-05-07T19:29:30,ready_on_time,9.5,0,True
ME-34446,ORD-US-34445,M-005,Corner Table,2025-05-07T12:50:18,ready_on_time,15.3,0,True
ME-34447,ORD-US-34446,M-007,Home & Handy,2025-05-07T16:20:54,ready_on_time,15.9,0,True
ME-34448,ORD-US-34447,M-007,Home & Handy,2025-05-07T08:25:54,ready_on_time,5.9,0,True
ME-34449,ORD-US-34448,M-006,Fresh Roots Grocery,2025-05-07T20:07:06,ready_on_time,17.1,0,True
ME-34450,ORD-US-34449,M-005,Corner Table,2025-05-07T09:50:18,ready_on_time,5.3,0,True
ME-34451,ORD-US-34450,M-007,Home & Handy,2025-05-07T08:13:30,ready_on_time,8.5,0,True
ME-34452,ORD-US-34451,M-006,Fresh Roots Grocery,2025-05-07T20:46:48,ready_on_time,21.8,0,True
ME-34453,ORD-US-34452,M-005,Corner Table,2025-05-07T11:35:48,ready_on_time,10.8,0,True
ME-34454,ORD-US-34453,M-012,Tech Stop,2025-05-07T18:33:42,ready_on_time,13.7,0,True
ME-34455,ORD-US-34454,M-009,Daily Mart,2025-05-07T09:53:06,ready_on_time,13.1,0,True
ME-34456,ORD-US-34455,M-009,Daily Mart,2025-05-07T09:47:54,ready_on_time,17.9,0,True
ME-34457,ORD-US-34456,M-011,Wellness Pharmacy,2025-05-07T14:23:30,ready_on_time,13.5,0,True
ME-34458,ORD-US-34457,M-009,Daily Mart,2025-05-07T11:58:30,ready_on_time,13.5,0,True
ME-34459,ORD-US-34458,M-009,Daily Mart,2025-05-07T19:15:06,ready_on_time,15.1,0,True
ME-34460,ORD-US-34459,M-012,Tech Stop,2025-05-07T09:43:12,ready_on_time,13.2,0,True
ME-34461,ORD-US-34460,M-010,Burger District,2025-05-07T10:16:06,ready_on_time,16.1,0,True
ME-34462,ORD-US-34461,M-010,Burger District,2025-05-07T10:32:48,ready_on_time,12.8,0,True
ME-34463,ORD-US-34462,M-011,Wellness Pharmacy,2025-05-07T10:40:30,ready_on_time,10.5,0,True
ME-34464,ORD-US-34463,M-011,Wellness Pharmacy,2025-05-07T18:43:54,ready_on_time,13.9,0,True
ME-34465,ORD-US-34464,M-010,Burger District,2025-05-07T16:26:00,ready_on_time,11.0,0,True
ME-34466,ORD-US-34465,M-011,Wellness Pharmacy,2025-05-07T15:38:42,ready_on_time,18.7,0,True
ME-34467,ORD-US-34466,M-010,Burger District,2025-05-07T09:40:36,ready_on_time,10.6,0,True
ME-34468,ORD-US-34467,M-011,Wellness Pharmacy,2025-05-07T19:16:24,ready_on_time,16.4,0,True
ME-34469,ORD-US-34468,M-009,Daily Mart,2025-05-07T19:39:06,ready_on_time,14.1,0,True
ME-34470,ORD-US-34469,M-012,Tech Stop,2025-05-07T08:19:48,ready_on_time,14.8,0,True
ME-34471,ORD-US-34470,M-011,Wellness Pharmacy,2025-05-07T16:13:36,ready_on_time,18.6,0,True
ME-34472,ORD-US-34471,M-009,Daily Mart,2025-05-07T15:33:00,ready_on_time,13.0,0,True
ME-34473,ORD-US-34472,M-010,Burger District,2025-05-07T10:05:18,ready_on_time,10.3,0,True
ME-34474,ORD-US-34473,M-012,Tech Stop,2025-05-07T09:07:06,ready_on_time,17.1,0,True
ME-34475,ORD-US-34474,M-010,Burger District,2025-05-07T12:55:48,ready_on_time,15.8,0,True
ME-34476,ORD-US-34475,M-009,Daily Mart,2025-05-07T14:21:36,ready_on_time,16.6,0,True
ME-34477,ORD-US-34476,M-009,Daily Mart,2025-05-07T10:30:36,ready_on_time,10.6,0,True
ME-34478,ORD-US-34477,M-011,Wellness Pharmacy,2025-05-07T19:04:54,ready_on_time,19.9,0,True
ME-34479,ORD-US-34478,M-010,Burger District,2025-05-07T19:03:42,ready_on_time,13.7,0,True
ME-34480,ORD-US-34479,M-012,Tech Stop,2025-05-07T09:01:18,ready_on_time,21.3,0,True
ME-34481,ORD-US-34480,M-009,Daily Mart,2025-05-07T14:06:30,ready_on_time,16.5,0,True
ME-34482,ORD-US-34481,M-012,Tech Stop,2025-05-07T10:45:06,ready_on_time,15.1,0,True
ME-34483,ORD-US-34482,M-011,Wellness Pharmacy,2025-05-07T16:45:48,ready_on_time,20.8,0,True
ME-34484,ORD-US-34483,M-009,Daily Mart,2025-05-07T12:21:24,ready_on_time,16.4,0,True
ME-34485,ORD-US-34484,M-012,Tech Stop,2025-05-07T17:32:36,ready_on_time,12.6,0,True
ME-34486,ORD-US-34485,M-009,Daily Mart,2025-05-07T19:43:30,ready_on_time,13.5,0,True
ME-34487,ORD-US-34486,M-011,Wellness Pharmacy,2025-05-07T18:18:12,ready_on_time,13.2,0,True
ME-34488,ORD-US-34487,M-009,Daily Mart,2025-05-07T13:32:30,ready_on_time,17.5,0,True
ME-34489,ORD-US-34488,M-011,Wellness Pharmacy,2025-05-07T09:02:12,ready_on_time,12.2,0,True
ME-34490,ORD-US-34489,M-009,Daily Mart,2025-05-07T19:00:48,ready_on_time,15.8,0,True
ME-34491,ORD-US-34490,M-010,Burger District,2025-05-07T09:52:48,ready_on_time,7.8,0,True
ME-34492,ORD-US-34491,M-010,Burger District,2025-05-07T13:25:00,ready_on_time,15.0,0,True
ME-34493,ORD-US-34492,M-009,Daily Mart,2025-05-07T19:27:36,ready_on_time,17.6,0,True
ME-34494,ORD-US-34493,M-011,Wellness Pharmacy,2025-05-07T19:48:00,ready_on_time,18.0,0,True
ME-34495,ORD-US-34494,M-001,Green Basket Market,2025-05-08T15:40:30,ready_on_time,5.5,0,True
ME-34496,ORD-US-34495,M-002,Crisp & Co.,2025-05-08T16:01:42,ready_on_time,16.7,0,True
ME-34497,ORD-US-34496,M-004,QuickCare Pharmacy,2025-05-08T20:19:30,ready_on_time,14.5,0,True
ME-34498,ORD-US-34497,M-004,QuickCare Pharmacy,2025-05-08T19:16:54,ready_on_time,16.9,0,True
ME-34499,ORD-US-34498,M-001,Green Basket Market,2025-05-08T19:37:12,ready_on_time,12.2,0,True
ME-34500,ORD-US-34499,M-002,Crisp & Co.,2025-05-08T20:15:54,ready_on_time,15.9,0,True
ME-34501,ORD-US-34500,M-003,Pasta Garden,2025-05-08T18:49:42,ready_on_time,9.7,0,True
ME-34502,ORD-US-34501,M-001,Green Basket Market,2025-05-08T14:33:24,ready_on_time,13.4,0,True
ME-34503,ORD-US-34502,M-002,Crisp & Co.,2025-05-08T08:17:18,ready_on_time,12.3,0,True
ME-34504,ORD-US-34503,M-004,QuickCare Pharmacy,2025-05-08T20:45:36,ready_on_time,10.6,0,True
ME-34505,ORD-US-34504,M-001,Green Basket Market,2025-05-08T09:26:18,ready_on_time,11.3,0,True
ME-34506,ORD-US-34505,M-001,Green Basket Market,2025-05-08T12:53:24,ready_on_time,13.4,0,True
ME-34507,ORD-US-34506,M-002,Crisp & Co.,2025-05-08T18:44:30,ready_on_time,9.5,0,True
ME-34508,ORD-US-34507,M-003,Pasta Garden,2025-05-08T19:42:24,ready_on_time,17.4,0,True
ME-34509,ORD-US-34508,M-004,QuickCare Pharmacy,2025-05-08T10:54:36,ready_on_time,14.6,0,True
ME-34510,ORD-US-34509,M-002,Crisp & Co.,2025-05-08T10:32:30,ready_on_time,17.5,0,True
ME-34511,ORD-US-34510,M-002,Crisp & Co.,2025-05-08T15:17:48,ready_on_time,12.8,0,True
ME-34512,ORD-US-34511,M-003,Pasta Garden,2025-05-08T15:20:12,ready_on_time,10.2,0,True
ME-34513,ORD-US-34512,M-004,QuickCare Pharmacy,2025-05-08T13:09:24,ready_on_time,14.4,0,True
ME-34514,ORD-US-34513,M-003,Pasta Garden,2025-05-08T09:29:18,ready_on_time,19.3,0,True
ME-34515,ORD-US-34514,M-002,Crisp & Co.,2025-05-08T12:11:06,ready_on_time,11.1,0,True
ME-34516,ORD-US-34515,M-004,QuickCare Pharmacy,2025-05-08T13:15:54,ready_on_time,15.9,0,True
ME-34517,ORD-US-34516,M-002,Crisp & Co.,2025-05-08T14:31:30,ready_on_time,11.5,0,True
ME-34518,ORD-US-34517,M-003,Pasta Garden,2025-05-08T16:22:00,ready_on_time,7.0,0,True
ME-34519,ORD-US-34518,M-004,QuickCare Pharmacy,2025-05-08T11:00:12,ready_on_time,10.2,0,True
ME-34520,ORD-US-34519,M-003,Pasta Garden,2025-05-08T12:47:54,ready_on_time,17.9,0,True
ME-34521,ORD-US-34520,M-003,Pasta Garden,2025-05-08T09:48:06,ready_on_time,13.1,0,True
ME-34522,ORD-US-34521,M-003,Pasta Garden,2025-05-08T16:35:12,ready_on_time,20.2,0,True
ME-34523,ORD-US-34522,M-001,Green Basket Market,2025-05-08T08:59:30,ready_on_time,14.5,0,True
ME-34524,ORD-US-34523,M-004,QuickCare Pharmacy,2025-05-08T14:17:12,ready_on_time,12.2,0,True
ME-34525,ORD-US-34524,M-003,Pasta Garden,2025-05-08T15:05:12,ready_on_time,10.2,0,True
ME-34526,ORD-US-34525,M-004,QuickCare Pharmacy,2025-05-08T08:19:18,ready_on_time,9.3,0,True
ME-34527,ORD-US-34526,M-004,QuickCare Pharmacy,2025-05-08T17:02:24,ready_on_time,17.4,0,True
ME-34528,ORD-US-34527,M-001,Green Basket Market,2025-05-08T10:35:48,ready_on_time,20.8,0,True
ME-34529,ORD-US-34528,M-001,Green Basket Market,2025-05-08T12:34:00,ready_on_time,14.0,0,True
ME-34530,ORD-US-34529,M-002,Crisp & Co.,2025-05-08T10:27:48,ready_on_time,17.8,0,True
ME-34531,ORD-US-34530,M-007,Home & Handy,2025-05-08T13:24:30,ready_on_time,19.5,0,True
ME-34532,ORD-US-34531,M-007,Home & Handy,2025-05-08T12:05:00,ready_on_time,15.0,0,True
ME-34533,ORD-US-34532,M-007,Home & Handy,2025-05-08T09:50:30,ready_on_time,20.5,0,True
ME-34534,ORD-US-34533,M-006,Fresh Roots Grocery,2025-05-08T08:25:48,ready_on_time,10.8,0,True
ME-34535,ORD-US-34534,M-008,Noodle House,2025-05-08T15:06:00,ready_on_time,11.0,0,True
ME-34536,ORD-US-34535,M-006,Fresh Roots Grocery,2025-05-08T17:25:54,ready_on_time,15.9,0,True
ME-34537,ORD-US-34536,M-008,Noodle House,2025-05-08T16:37:30,ready_on_time,17.5,0,True
ME-34538,ORD-US-34537,M-005,Corner Table,2025-05-08T13:55:30,ready_on_time,10.5,0,True
ME-34539,ORD-US-34538,M-006,Fresh Roots Grocery,2025-05-08T15:40:48,ready_on_time,20.8,0,True
ME-34540,ORD-US-34539,M-008,Noodle House,2025-05-08T16:58:18,ready_on_time,13.3,0,True
ME-34541,ORD-US-34540,M-006,Fresh Roots Grocery,2025-05-08T11:41:06,ready_on_time,6.1,0,True
ME-34542,ORD-US-34541,M-008,Noodle House,2025-05-08T08:20:36,ready_on_time,10.6,0,True
ME-34543,ORD-US-34542,M-006,Fresh Roots Grocery,2025-05-08T16:59:48,ready_on_time,14.8,0,True
ME-34544,ORD-US-34543,M-007,Home & Handy,2025-05-08T18:18:12,ready_on_time,13.2,0,False
ME-34545,ORD-US-34544,M-007,Home & Handy,2025-05-08T08:36:30,ready_on_time,21.5,0,True
ME-34546,ORD-US-34545,M-005,Corner Table,2025-05-08T16:06:36,ready_on_time,11.6,0,True
ME-34547,ORD-US-34546,M-008,Noodle House,2025-05-08T19:18:54,ready_on_time,13.9,0,True
ME-34548,ORD-US-34547,M-007,Home & Handy,2025-05-08T16:15:48,ready_on_time,10.8,0,True
ME-34549,ORD-US-34548,M-005,Corner Table,2025-05-08T11:41:30,ready_on_time,11.5,0,True
ME-34550,ORD-US-34549,M-006,Fresh Roots Grocery,2025-05-08T12:02:00,ready_on_time,7.0,0,True
ME-34551,ORD-US-34550,M-006,Fresh Roots Grocery,2025-05-08T19:31:42,ready_on_time,11.7,0,True
ME-34552,ORD-US-34551,M-008,Noodle House,2025-05-08T13:39:36,ready_on_time,14.6,0,True
ME-34553,ORD-US-34552,M-006,Fresh Roots Grocery,2025-05-08T10:30:06,ready_on_time,20.1,0,True
ME-34554,ORD-US-34553,M-008,Noodle House,2025-05-08T17:57:18,ready_on_time,7.3,0,True
ME-34555,ORD-US-34554,M-006,Fresh Roots Grocery,2025-05-08T15:51:24,ready_on_time,11.4,0,True
ME-34556,ORD-US-34555,M-005,Corner Table,2025-05-08T12:02:06,ready_on_time,12.1,0,True
ME-34557,ORD-US-34556,M-007,Home & Handy,2025-05-08T15:27:06,ready_on_time,12.1,0,True
ME-34558,ORD-US-34557,M-008,Noodle House,2025-05-08T18:30:06,ready_on_time,20.1,0,True
ME-34559,ORD-US-34558,M-005,Corner Table,2025-05-08T15:35:00,ready_on_time,20.0,0,True
ME-34560,ORD-US-34559,M-008,Noodle House,2025-05-08T10:54:42,ready_on_time,19.7,0,True
ME-34561,ORD-US-34560,M-005,Corner Table,2025-05-08T16:45:18,ready_on_time,10.3,0,True
ME-34562,ORD-US-34561,M-006,Fresh Roots Grocery,2025-05-08T15:35:36,ready_on_time,20.6,0,True
ME-34563,ORD-US-34562,M-005,Corner Table,2025-05-08T12:42:42,ready_on_time,12.7,0,True
ME-34564,ORD-US-34563,M-006,Fresh Roots Grocery,2025-05-08T12:02:12,ready_on_time,12.2,0,True
ME-34565,ORD-US-34564,M-006,Fresh Roots Grocery,2025-05-08T13:25:12,ready_on_time,10.2,0,True
ME-34566,ORD-US-34565,M-005,Corner Table,2025-05-08T16:29:36,ready_on_time,14.6,0,True
ME-34567,ORD-US-34566,M-005,Corner Table,2025-05-08T16:03:00,ready_on_time,13.0,0,True
ME-34568,ORD-US-34567,M-008,Noodle House,2025-05-08T14:21:48,ready_on_time,16.8,0,True
ME-34569,ORD-US-34568,M-008,Noodle House,2025-05-08T17:10:36,ready_on_time,15.6,0,True
ME-34570,ORD-US-34569,M-007,Home & Handy,2025-05-08T19:59:48,ready_on_time,14.8,0,True
ME-34571,ORD-US-34570,M-007,Home & Handy,2025-05-08T20:22:30,ready_on_time,12.5,0,True
ME-34572,ORD-US-34571,M-010,Burger District,2025-05-08T08:52:30,ready_on_time,17.5,0,True
ME-34573,ORD-US-34572,M-009,Daily Mart,2025-05-08T17:26:00,ready_on_time,16.0,0,True
ME-34574,ORD-US-34573,M-012,Tech Stop,2025-05-08T21:01:48,ready_on_time,16.8,0,True
ME-34575,ORD-US-34574,M-010,Burger District,2025-05-08T10:27:00,ready_on_time,17.0,0,True
ME-34576,ORD-US-34575,M-012,Tech Stop,2025-05-08T15:54:18,ready_on_time,14.3,0,True
ME-34577,ORD-US-34576,M-009,Daily Mart,2025-05-08T12:17:36,ready_on_time,12.6,0,True
ME-34578,ORD-US-34577,M-011,Wellness Pharmacy,2025-05-08T19:59:42,ready_on_time,9.7,0,True
ME-34579,ORD-US-34578,M-009,Daily Mart,2025-05-08T09:50:24,ready_on_time,10.4,0,True
ME-34580,ORD-US-34579,M-012,Tech Stop,2025-05-08T13:46:00,ready_on_time,21.0,0,True
ME-34581,ORD-US-34580,M-011,Wellness Pharmacy,2025-05-08T17:57:54,ready_on_time,12.9,0,True
ME-34582,ORD-US-34581,M-012,Tech Stop,2025-05-08T13:31:06,ready_on_time,21.1,0,True
ME-34583,ORD-US-34582,M-011,Wellness Pharmacy,2025-05-08T15:53:12,ready_on_time,13.2,0,True
ME-34584,ORD-US-34583,M-009,Daily Mart,2025-05-08T19:07:24,ready_on_time,12.4,0,True
ME-34585,ORD-US-34584,M-012,Tech Stop,2025-05-08T12:12:12,ready_on_time,12.2,0,True
ME-34586,ORD-US-34585,M-010,Burger District,2025-05-08T13:26:36,ready_on_time,11.6,0,True
ME-34587,ORD-US-34586,M-011,Wellness Pharmacy,2025-05-08T09:53:00,ready_on_time,18.0,0,True
ME-34588,ORD-US-34587,M-012,Tech Stop,2025-05-08T16:49:30,ready_on_time,19.5,0,True
ME-34589,ORD-US-34588,M-012,Tech Stop,2025-05-08T12:25:30,ready_on_time,15.5,0,True
ME-34590,ORD-US-34589,M-009,Daily Mart,2025-05-08T18:19:24,ready_on_time,14.4,0,True
ME-34591,ORD-US-34590,M-009,Daily Mart,2025-05-08T15:15:06,ready_on_time,15.1,0,True
ME-34592,ORD-US-34591,M-009,Daily Mart,2025-05-08T09:41:36,ready_on_time,16.6,0,True
ME-34593,ORD-US-34592,M-010,Burger District,2025-05-08T19:21:24,ready_on_time,11.4,0,True
ME-34594,ORD-US-34593,M-009,Daily Mart,2025-05-08T13:41:36,ready_on_time,11.6,0,True
ME-34595,ORD-US-34594,M-010,Burger District,2025-05-08T19:22:42,ready_on_time,12.7,0,True
ME-34596,ORD-US-34595,M-012,Tech Stop,2025-05-08T13:09:18,ready_on_time,9.3,0,True
ME-34597,ORD-US-34596,M-010,Burger District,2025-05-08T12:33:18,ready_on_time,18.3,0,True
ME-34598,ORD-US-34597,M-012,Tech Stop,2025-05-08T15:17:54,ready_on_time,12.9,0,True
ME-34599,ORD-US-34598,M-011,Wellness Pharmacy,2025-05-08T20:50:36,ready_on_time,15.6,0,True
ME-34600,ORD-US-34599,M-009,Daily Mart,2025-05-08T15:17:30,ready_on_time,12.5,0,True
ME-34601,ORD-US-34600,M-011,Wellness Pharmacy,2025-05-08T17:26:42,ready_on_time,16.7,0,True
ME-34602,ORD-US-34601,M-009,Daily Mart,2025-05-08T19:13:24,ready_on_time,18.4,0,True
ME-34603,ORD-US-34602,M-012,Tech Stop,2025-05-08T21:00:48,ready_on_time,15.8,0,True
ME-34604,ORD-US-34603,M-011,Wellness Pharmacy,2025-05-08T19:48:06,ready_on_time,8.1,0,True
ME-34605,ORD-US-34604,M-009,Daily Mart,2025-05-08T17:05:24,ready_on_time,20.4,0,True
ME-34606,ORD-US-34605,M-009,Daily Mart,2025-05-08T09:39:36,ready_on_time,14.6,0,True
ME-34607,ORD-US-34606,M-011,Wellness Pharmacy,2025-05-08T17:52:30,ready_on_time,12.5,0,True
ME-34608,ORD-US-34607,M-011,Wellness Pharmacy,2025-05-08T17:41:18,ready_on_time,11.3,0,True
ME-34609,ORD-US-34608,M-009,Daily Mart,2025-05-08T19:14:06,ready_on_time,14.1,0,True
ME-34610,ORD-US-34609,M-011,Wellness Pharmacy,2025-05-08T15:19:30,ready_on_time,19.5,0,True
ME-34611,ORD-US-34610,M-012,Tech Stop,2025-05-08T19:25:36,ready_on_time,10.6,0,True
ME-34612,ORD-US-34611,M-009,Daily Mart,2025-05-08T08:54:54,ready_on_time,14.9,0,True
ME-34613,ORD-US-34612,M-002,Crisp & Co.,2025-05-09T18:11:48,ready_on_time,21.8,0,True
ME-34614,ORD-US-34613,M-003,Pasta Garden,2025-05-09T14:23:18,ready_on_time,8.3,0,True
ME-34615,ORD-US-34614,M-001,Green Basket Market,2025-05-09T19:22:00,ready_on_time,17.0,0,True
ME-34616,ORD-US-34615,M-003,Pasta Garden,2025-05-09T17:27:12,ready_on_time,17.2,0,True
ME-34617,ORD-US-34616,M-001,Green Basket Market,2025-05-09T18:54:18,ready_on_time,14.3,0,True
ME-34618,ORD-US-34617,M-004,QuickCare Pharmacy,2025-05-09T16:16:42,ready_on_time,6.7,0,True
ME-34619,ORD-US-34618,M-003,Pasta Garden,2025-05-09T16:14:24,ready_on_time,19.4,0,True
ME-34620,ORD-US-34619,M-002,Crisp & Co.,2025-05-09T12:16:00,ready_on_time,16.0,0,True
ME-34621,ORD-US-34620,M-003,Pasta Garden,2025-05-09T11:37:54,ready_on_time,12.9,0,True
ME-34622,ORD-US-34621,M-002,Crisp & Co.,2025-05-09T12:08:48,ready_on_time,13.8,0,True
ME-34623,ORD-US-34622,M-004,QuickCare Pharmacy,2025-05-09T14:10:42,ready_on_time,10.7,0,True
ME-34624,ORD-US-34623,M-003,Pasta Garden,2025-05-09T16:00:00,ready_on_time,10.0,0,True
ME-34625,ORD-US-34624,M-001,Green Basket Market,2025-05-09T12:27:18,ready_on_time,17.3,0,True
ME-34626,ORD-US-34625,M-003,Pasta Garden,2025-05-09T10:04:36,ready_on_time,14.6,0,True
ME-34627,ORD-US-34626,M-003,Pasta Garden,2025-05-09T14:07:12,ready_on_time,12.2,0,True
ME-34628,ORD-US-34627,M-003,Pasta Garden,2025-05-09T19:17:12,ready_on_time,17.2,0,True
ME-34629,ORD-US-34628,M-003,Pasta Garden,2025-05-09T14:48:36,ready_on_time,18.6,0,True
ME-34630,ORD-US-34629,M-002,Crisp & Co.,2025-05-09T18:06:54,ready_on_time,16.9,0,True
ME-34631,ORD-US-34630,M-002,Crisp & Co.,2025-05-09T18:56:48,ready_on_time,11.8,0,True
ME-34632,ORD-US-34631,M-002,Crisp & Co.,2025-05-09T20:01:24,ready_on_time,16.4,0,True
ME-34633,ORD-US-34632,M-002,Crisp & Co.,2025-05-09T10:59:24,ready_on_time,14.4,0,True
ME-34634,ORD-US-34633,M-002,Crisp & Co.,2025-05-09T14:30:18,ready_on_time,10.3,0,True
ME-34635,ORD-US-34634,M-001,Green Basket Market,2025-05-09T12:12:36,ready_on_time,7.6,0,True
ME-34636,ORD-US-34635,M-004,QuickCare Pharmacy,2025-05-09T09:53:54,ready_on_time,18.9,0,True
ME-34637,ORD-US-34636,M-002,Crisp & Co.,2025-05-09T13:57:54,ready_on_time,22.9,0,True
ME-34638,ORD-US-34637,M-003,Pasta Garden,2025-05-09T09:03:36,ready_on_time,23.6,0,True
ME-34639,ORD-US-34638,M-003,Pasta Garden,2025-05-09T17:51:18,ready_on_time,16.3,0,True
ME-34640,ORD-US-34639,M-002,Crisp & Co.,2025-05-09T10:21:24,ready_on_time,16.4,0,True
ME-34641,ORD-US-34640,M-004,QuickCare Pharmacy,2025-05-09T20:42:00,ready_on_time,12.0,0,True
ME-34642,ORD-US-34641,M-002,Crisp & Co.,2025-05-09T14:33:24,ready_on_time,8.4,0,True
ME-34643,ORD-US-34642,M-001,Green Basket Market,2025-05-09T16:15:24,ready_on_time,5.4,0,True
ME-34644,ORD-US-34643,M-002,Crisp & Co.,2025-05-09T14:05:06,ready_on_time,20.1,0,True
ME-34645,ORD-US-34644,M-002,Crisp & Co.,2025-05-09T12:45:42,ready_on_time,10.7,0,True
ME-34646,ORD-US-34645,M-004,QuickCare Pharmacy,2025-05-09T08:45:00,ready_on_time,20.0,0,True
ME-34647,ORD-US-34646,M-004,QuickCare Pharmacy,2025-05-09T11:57:54,ready_on_time,12.9,0,True
ME-34648,ORD-US-34647,M-004,QuickCare Pharmacy,2025-05-09T17:52:42,ready_on_time,7.7,0,True
ME-34649,ORD-US-34648,M-005,Corner Table,2025-05-09T12:57:42,ready_on_time,7.7,0,True
ME-34650,ORD-US-34649,M-008,Noodle House,2025-05-09T19:43:06,ready_on_time,13.1,0,True
ME-34651,ORD-US-34650,M-008,Noodle House,2025-05-09T17:34:36,ready_on_time,9.6,0,True
ME-34652,ORD-US-34651,M-005,Corner Table,2025-05-09T14:48:12,ready_on_time,18.2,0,True
ME-34653,ORD-US-34652,M-008,Noodle House,2025-05-09T16:47:12,ready_on_time,12.2,0,True
ME-34654,ORD-US-34653,M-007,Home & Handy,2025-05-09T11:49:06,ready_on_time,9.1,0,True
ME-34655,ORD-US-34654,M-008,Noodle House,2025-05-09T13:51:06,ready_on_time,16.1,0,True
ME-34656,ORD-US-34655,M-006,Fresh Roots Grocery,2025-05-09T19:30:48,ready_on_time,5.8,0,True
ME-34657,ORD-US-34656,M-006,Fresh Roots Grocery,2025-05-09T08:34:00,ready_on_time,9.0,0,True
ME-34658,ORD-US-34657,M-006,Fresh Roots Grocery,2025-05-09T18:03:48,ready_on_time,13.8,0,True
ME-34659,ORD-US-34658,M-006,Fresh Roots Grocery,2025-05-09T14:02:54,ready_on_time,17.9,0,True
ME-34660,ORD-US-34659,M-005,Corner Table,2025-05-09T14:21:24,ready_on_time,11.4,0,True
ME-34661,ORD-US-34660,M-005,Corner Table,2025-05-09T15:09:18,ready_on_time,14.3,0,True
ME-34662,ORD-US-34661,M-007,Home & Handy,2025-05-09T20:39:00,ready_on_time,19.0,0,True
ME-34663,ORD-US-34662,M-008,Noodle House,2025-05-09T12:40:48,ready_on_time,15.8,0,True
ME-34664,ORD-US-34663,M-005,Corner Table,2025-05-09T17:46:00,ready_on_time,11.0,0,True
ME-34665,ORD-US-34664,M-007,Home & Handy,2025-05-09T16:09:12,ready_on_time,4.2,0,True
ME-34666,ORD-US-34665,M-005,Corner Table,2025-05-09T14:35:18,ready_on_time,15.3,0,True
ME-34667,ORD-US-34666,M-005,Corner Table,2025-05-09T14:37:30,ready_on_time,17.5,0,True
ME-34668,ORD-US-34667,M-008,Noodle House,2025-05-09T14:48:24,ready_on_time,18.4,0,True
ME-34669,ORD-US-34668,M-006,Fresh Roots Grocery,2025-05-09T10:39:24,ready_on_time,14.4,0,True
ME-34670,ORD-US-34669,M-008,Noodle House,2025-05-09T17:22:48,ready_on_time,17.8,0,True
ME-34671,ORD-US-34670,M-006,Fresh Roots Grocery,2025-05-09T10:17:30,ready_on_time,7.5,0,True
ME-34672,ORD-US-34671,M-007,Home & Handy,2025-05-09T14:04:30,ready_on_time,19.5,0,True
ME-34673,ORD-US-34672,M-005,Corner Table,2025-05-09T20:57:06,ready_on_time,12.1,0,True
ME-34674,ORD-US-34673,M-005,Corner Table,2025-05-09T19:15:30,ready_on_time,5.5,0,True
ME-34675,ORD-US-34674,M-007,Home & Handy,2025-05-09T09:29:36,ready_on_time,19.6,0,True
ME-34676,ORD-US-34675,M-005,Corner Table,2025-05-09T20:40:36,ready_on_time,15.6,0,True
ME-34677,ORD-US-34676,M-005,Corner Table,2025-05-09T16:05:36,ready_on_time,25.6,0,True
ME-34678,ORD-US-34677,M-007,Home & Handy,2025-05-09T10:14:24,ready_on_time,14.4,0,True
ME-34679,ORD-US-34678,M-008,Noodle House,2025-05-09T19:36:48,ready_on_time,16.8,0,True
ME-34680,ORD-US-34679,M-005,Corner Table,2025-05-09T12:14:00,ready_on_time,14.0,0,True
ME-34681,ORD-US-34680,M-006,Fresh Roots Grocery,2025-05-09T11:00:54,ready_on_time,10.9,0,True
ME-34682,ORD-US-34681,M-005,Corner Table,2025-05-09T15:14:00,ready_on_time,24.0,0,True
ME-34683,ORD-US-34682,M-007,Home & Handy,2025-05-09T19:32:54,ready_on_time,17.9,0,True
ME-34684,ORD-US-34683,M-007,Home & Handy,2025-05-09T15:59:00,ready_on_time,14.0,0,True
ME-34685,ORD-US-34684,M-007,Home & Handy,2025-05-09T16:50:06,ready_on_time,20.1,0,True
ME-34686,ORD-US-34685,M-005,Corner Table,2025-05-09T16:36:54,ready_on_time,11.9,0,True
ME-34687,ORD-US-34686,M-005,Corner Table,2025-05-09T13:56:54,ready_on_time,11.9,0,True
ME-34688,ORD-US-34687,M-005,Corner Table,2025-05-09T10:34:42,ready_on_time,14.7,0,True
ME-34689,ORD-US-34688,M-009,Daily Mart,2025-05-09T20:38:42,ready_on_time,18.7,0,True
ME-34690,ORD-US-34689,M-011,Wellness Pharmacy,2025-05-09T18:17:48,ready_on_time,17.8,0,True
ME-34691,ORD-US-34690,M-010,Burger District,2025-05-09T18:00:12,ready_on_time,10.2,0,True
ME-34692,ORD-US-34691,M-010,Burger District,2025-05-09T13:03:36,ready_on_time,18.6,0,True
ME-34693,ORD-US-34692,M-010,Burger District,2025-05-09T18:49:30,ready_on_time,14.5,0,True
ME-34694,ORD-US-34693,M-012,Tech Stop,2025-05-09T17:49:00,ready_on_time,9.0,0,True
ME-34695,ORD-US-34694,M-009,Daily Mart,2025-05-09T16:00:36,ready_on_time,20.6,0,True
ME-34696,ORD-US-34695,M-009,Daily Mart,2025-05-09T20:22:36,ready_on_time,17.6,0,True
ME-34697,ORD-US-34696,M-012,Tech Stop,2025-05-09T12:05:18,ready_on_time,10.3,0,True
ME-34698,ORD-US-34697,M-012,Tech Stop,2025-05-09T11:36:06,ready_on_time,16.1,0,True
ME-34699,ORD-US-34698,M-012,Tech Stop,2025-05-09T11:47:54,ready_on_time,12.9,0,True
ME-34700,ORD-US-34699,M-010,Burger District,2025-05-09T16:19:36,ready_on_time,19.6,0,True
ME-34701,ORD-US-34700,M-012,Tech Stop,2025-05-09T12:54:18,ready_on_time,9.3,0,True
ME-34702,ORD-US-34701,M-010,Burger District,2025-05-09T09:31:06,ready_on_time,21.1,0,True
ME-34703,ORD-US-34702,M-009,Daily Mart,2025-05-09T20:26:12,ready_on_time,16.2,0,True
ME-34704,ORD-US-34703,M-010,Burger District,2025-05-09T20:00:42,ready_on_time,10.7,0,True
ME-34705,ORD-US-34704,M-010,Burger District,2025-05-09T17:41:30,ready_on_time,6.5,0,True
ME-34706,ORD-US-34705,M-011,Wellness Pharmacy,2025-05-09T10:22:42,ready_on_time,17.7,0,True
ME-34707,ORD-US-34706,M-010,Burger District,2025-05-09T15:18:12,ready_on_time,13.2,0,True
ME-34708,ORD-US-34707,M-012,Tech Stop,2025-05-09T10:10:54,ready_on_time,15.9,0,True
ME-34709,ORD-US-34708,M-010,Burger District,2025-05-09T12:27:06,ready_on_time,17.1,0,True
ME-34710,ORD-US-34709,M-012,Tech Stop,2025-05-09T14:53:36,ready_on_time,18.6,0,True
ME-34711,ORD-US-34710,M-009,Daily Mart,2025-05-09T19:06:12,ready_on_time,11.2,0,True
ME-34712,ORD-US-34711,M-011,Wellness Pharmacy,2025-05-09T14:36:18,ready_on_time,16.3,0,True
ME-34713,ORD-US-34712,M-010,Burger District,2025-05-09T19:40:30,ready_on_time,10.5,0,True
ME-34714,ORD-US-34713,M-009,Daily Mart,2025-05-09T19:13:24,ready_on_time,8.4,0,True
ME-34715,ORD-US-34714,M-009,Daily Mart,2025-05-09T14:08:54,ready_on_time,18.9,0,True
ME-34716,ORD-US-34715,M-010,Burger District,2025-05-09T17:02:48,ready_on_time,22.8,0,True
ME-34717,ORD-US-34716,M-010,Burger District,2025-05-09T16:11:54,ready_on_time,16.9,0,True
ME-34718,ORD-US-34717,M-009,Daily Mart,2025-05-09T12:22:24,ready_on_time,7.4,0,True
ME-34719,ORD-US-34718,M-011,Wellness Pharmacy,2025-05-09T19:16:12,ready_on_time,11.2,0,True
ME-34720,ORD-US-34719,M-011,Wellness Pharmacy,2025-05-09T10:28:18,ready_on_time,18.3,0,True
ME-34721,ORD-US-34720,M-009,Daily Mart,2025-05-09T08:42:06,ready_on_time,22.1,0,True
ME-34722,ORD-US-34721,M-011,Wellness Pharmacy,2025-05-09T09:21:06,ready_on_time,11.1,0,True
ME-34723,ORD-US-34722,M-012,Tech Stop,2025-05-09T12:15:18,ready_on_time,20.3,0,True
ME-34724,ORD-US-34723,M-011,Wellness Pharmacy,2025-05-09T20:46:36,ready_on_time,11.6,0,True
ME-34725,ORD-US-34724,M-009,Daily Mart,2025-05-09T17:01:24,ready_on_time,16.4,0,True
ME-34726,ORD-US-34725,M-009,Daily Mart,2025-05-09T09:57:06,ready_on_time,12.1,0,True
ME-34727,ORD-US-34726,M-011,Wellness Pharmacy,2025-05-09T11:43:30,ready_on_time,18.5,0,True
ME-34728,ORD-US-34727,M-009,Daily Mart,2025-05-09T19:21:54,ready_on_time,6.9,0,True
ME-34729,ORD-US-34728,M-011,Wellness Pharmacy,2025-05-09T13:46:00,ready_on_time,16.0,0,True
ME-34730,ORD-US-34729,M-003,Pasta Garden,2025-05-10T13:23:30,ready_on_time,13.5,0,True
ME-34731,ORD-US-34730,M-004,QuickCare Pharmacy,2025-05-10T20:26:24,ready_on_time,6.4,0,True
ME-34732,ORD-US-34731,M-002,Crisp & Co.,2025-05-10T17:57:30,ready_on_time,17.5,0,True
ME-34733,ORD-US-34732,M-002,Crisp & Co.,2025-05-10T11:15:36,ready_on_time,25.6,0,True
ME-34734,ORD-US-34733,M-003,Pasta Garden,2025-05-10T14:54:18,ready_on_time,9.3,0,True
ME-34735,ORD-US-34734,M-002,Crisp & Co.,2025-05-10T15:43:12,ready_on_time,18.2,0,True
ME-34736,ORD-US-34735,M-002,Crisp & Co.,2025-05-10T08:14:30,ready_on_time,9.5,0,True
ME-34737,ORD-US-34736,M-002,Crisp & Co.,2025-05-10T18:19:00,ready_on_time,14.0,0,True
ME-34738,ORD-US-34737,M-002,Crisp & Co.,2025-05-10T21:04:18,ready_on_time,14.3,0,True
ME-34739,ORD-US-34738,M-001,Green Basket Market,2025-05-10T12:39:00,ready_on_time,14.0,0,True
ME-34740,ORD-US-34739,M-004,QuickCare Pharmacy,2025-05-10T08:48:06,ready_on_time,13.1,0,True
ME-34741,ORD-US-34740,M-002,Crisp & Co.,2025-05-10T12:59:18,ready_on_time,14.3,0,True
ME-34742,ORD-US-34741,M-001,Green Basket Market,2025-05-10T13:03:30,ready_on_time,13.5,0,True
ME-34743,ORD-US-34742,M-002,Crisp & Co.,2025-05-10T15:04:18,ready_on_time,19.3,0,True
ME-34744,ORD-US-34743,M-001,Green Basket Market,2025-05-10T12:54:12,ready_on_time,9.2,0,True
ME-34745,ORD-US-34744,M-002,Crisp & Co.,2025-05-10T16:14:30,ready_on_time,14.5,0,True
ME-34746,ORD-US-34745,M-003,Pasta Garden,2025-05-10T10:56:24,ready_on_time,6.4,0,True
ME-34747,ORD-US-34746,M-001,Green Basket Market,2025-05-10T16:35:36,ready_on_time,10.6,0,True
ME-34748,ORD-US-34747,M-001,Green Basket Market,2025-05-10T20:47:30,ready_on_time,17.5,0,True
ME-34749,ORD-US-34748,M-001,Green Basket Market,2025-05-10T20:51:54,ready_on_time,11.9,0,True
ME-34750,ORD-US-34749,M-001,Green Basket Market,2025-05-10T14:02:48,ready_on_time,17.8,0,True
ME-34751,ORD-US-34750,M-001,Green Basket Market,2025-05-10T21:03:30,ready_on_time,18.5,0,True
ME-34752,ORD-US-34751,M-003,Pasta Garden,2025-05-10T16:02:42,ready_on_time,12.7,0,True
ME-34753,ORD-US-34752,M-003,Pasta Garden,2025-05-10T17:58:42,ready_on_time,18.7,0,True
ME-34754,ORD-US-34753,M-003,Pasta Garden,2025-05-10T20:53:36,ready_on_time,13.6,0,True
ME-34755,ORD-US-34754,M-004,QuickCare Pharmacy,2025-05-10T20:27:18,ready_on_time,12.3,0,True
ME-34756,ORD-US-34755,M-004,QuickCare Pharmacy,2025-05-10T19:17:06,ready_on_time,17.1,0,True
ME-34757,ORD-US-34756,M-004,QuickCare Pharmacy,2025-05-10T16:26:48,ready_on_time,11.8,0,True
ME-34758,ORD-US-34757,M-003,Pasta Garden,2025-05-10T10:20:12,ready_on_time,20.2,0,True
ME-34759,ORD-US-34758,M-002,Crisp & Co.,2025-05-10T13:48:12,ready_on_time,13.2,0,True
ME-34760,ORD-US-34759,M-003,Pasta Garden,2025-05-10T09:00:48,ready_on_time,10.8,0,True
ME-34761,ORD-US-34760,M-003,Pasta Garden,2025-05-10T17:17:24,ready_on_time,7.4,0,True
ME-34762,ORD-US-34761,M-004,QuickCare Pharmacy,2025-05-10T19:21:30,ready_on_time,16.5,0,True
ME-34763,ORD-US-34762,M-004,QuickCare Pharmacy,2025-05-10T17:41:54,ready_on_time,16.9,0,True
ME-34764,ORD-US-34763,M-004,QuickCare Pharmacy,2025-05-10T10:08:42,ready_on_time,18.7,0,True
ME-34765,ORD-US-34764,M-002,Crisp & Co.,2025-05-10T12:28:36,ready_on_time,18.6,0,True
ME-34766,ORD-US-34765,M-008,Noodle House,2025-05-10T16:23:42,ready_on_time,13.7,0,True
ME-34767,ORD-US-34766,M-005,Corner Table,2025-05-10T15:58:06,ready_on_time,18.1,0,True
ME-34768,ORD-US-34767,M-007,Home & Handy,2025-05-10T09:02:24,ready_on_time,17.4,0,True
ME-34769,ORD-US-34768,M-005,Corner Table,2025-05-10T10:19:42,ready_on_time,14.7,0,True
ME-34770,ORD-US-34769,M-008,Noodle House,2025-05-10T14:20:54,ready_on_time,15.9,0,True
ME-34771,ORD-US-34770,M-005,Corner Table,2025-05-10T20:35:36,ready_on_time,10.6,0,True
ME-34772,ORD-US-34771,M-005,Corner Table,2025-05-10T12:13:24,ready_on_time,18.4,0,True
ME-34773,ORD-US-34772,M-006,Fresh Roots Grocery,2025-05-10T15:29:00,ready_on_time,14.0,0,True
ME-34774,ORD-US-34773,M-007,Home & Handy,2025-05-10T12:46:30,ready_on_time,16.5,0,True
ME-34775,ORD-US-34774,M-007,Home & Handy,2025-05-10T18:17:36,ready_on_time,12.6,0,True
ME-34776,ORD-US-34775,M-005,Corner Table,2025-05-10T16:08:00,ready_on_time,18.0,0,True
ME-34777,ORD-US-34776,M-006,Fresh Roots Grocery,2025-05-10T20:31:36,ready_on_time,11.6,0,True
ME-34778,ORD-US-34777,M-005,Corner Table,2025-05-10T11:08:12,ready_on_time,13.2,0,True
ME-34779,ORD-US-34778,M-006,Fresh Roots Grocery,2025-05-10T11:18:30,ready_on_time,13.5,0,True
ME-34780,ORD-US-34779,M-005,Corner Table,2025-05-10T11:49:12,ready_on_time,14.2,0,True
ME-34781,ORD-US-34780,M-006,Fresh Roots Grocery,2025-05-10T18:56:42,ready_on_time,16.7,0,True
ME-34782,ORD-US-34781,M-007,Home & Handy,2025-05-10T18:28:42,ready_on_time,18.7,0,True
ME-34783,ORD-US-34782,M-007,Home & Handy,2025-05-10T12:06:12,ready_on_time,11.2,0,True
ME-34784,ORD-US-34783,M-005,Corner Table,2025-05-10T18:07:36,ready_on_time,7.6,0,True
ME-34785,ORD-US-34784,M-006,Fresh Roots Grocery,2025-05-10T12:52:24,ready_on_time,17.4,0,True
ME-34786,ORD-US-34785,M-007,Home & Handy,2025-05-10T14:04:12,ready_on_time,19.2,0,True
ME-34787,ORD-US-34786,M-005,Corner Table,2025-05-10T10:32:18,ready_on_time,22.3,0,True
ME-34788,ORD-US-34787,M-006,Fresh Roots Grocery,2025-05-10T14:41:42,ready_on_time,11.7,0,True
ME-34789,ORD-US-34788,M-007,Home & Handy,2025-05-10T18:50:06,ready_on_time,15.1,0,True
ME-34790,ORD-US-34789,M-007,Home & Handy,2025-05-10T12:05:24,ready_on_time,10.4,0,True
ME-34791,ORD-US-34790,M-006,Fresh Roots Grocery,2025-05-10T19:00:24,ready_on_time,20.4,0,True
ME-34792,ORD-US-34791,M-008,Noodle House,2025-05-10T17:46:30,ready_on_time,11.5,0,True
ME-34793,ORD-US-34792,M-008,Noodle House,2025-05-10T18:46:42,ready_on_time,11.7,0,True
ME-34794,ORD-US-34793,M-007,Home & Handy,2025-05-10T10:16:24,ready_on_time,11.4,0,True
ME-34795,ORD-US-34794,M-006,Fresh Roots Grocery,2025-05-10T15:28:00,ready_on_time,8.0,0,True
ME-34796,ORD-US-34795,M-007,Home & Handy,2025-05-10T14:37:48,ready_on_time,12.8,0,True
ME-34797,ORD-US-34796,M-007,Home & Handy,2025-05-10T12:35:12,ready_on_time,10.2,0,True
ME-34798,ORD-US-34797,M-007,Home & Handy,2025-05-10T11:35:06,ready_on_time,15.1,0,True
ME-34799,ORD-US-34798,M-006,Fresh Roots Grocery,2025-05-10T10:30:18,ready_on_time,10.3,0,True
ME-34800,ORD-US-34799,M-007,Home & Handy,2025-05-10T18:26:24,ready_on_time,16.4,0,True
ME-34801,ORD-US-34800,M-008,Noodle House,2025-05-10T09:57:30,ready_on_time,7.5,0,True
ME-34802,ORD-US-34801,M-005,Corner Table,2025-05-10T15:13:06,ready_on_time,13.1,0,True
ME-34803,ORD-US-34802,M-005,Corner Table,2025-05-10T14:40:18,ready_on_time,10.3,0,True
ME-34804,ORD-US-34803,M-008,Noodle House,2025-05-10T08:57:30,ready_on_time,17.5,0,True
ME-34805,ORD-US-34804,M-006,Fresh Roots Grocery,2025-05-10T10:55:54,ready_on_time,10.9,0,True
ME-34806,ORD-US-34805,M-005,Corner Table,2025-05-10T11:36:54,ready_on_time,16.9,0,True
ME-34807,ORD-US-34806,M-012,Tech Stop,2025-05-10T18:48:06,ready_on_time,8.1,0,False
ME-34808,ORD-US-34807,M-009,Daily Mart,2025-05-10T11:26:30,ready_on_time,11.5,0,True
ME-34809,ORD-US-34808,M-012,Tech Stop,2025-05-10T20:55:54,ready_on_time,15.9,0,True
ME-34810,ORD-US-34809,M-012,Tech Stop,2025-05-10T16:04:24,ready_on_time,9.4,0,True
ME-34811,ORD-US-34810,M-011,Wellness Pharmacy,2025-05-10T17:51:30,ready_on_time,11.5,0,True
ME-34812,ORD-US-34811,M-009,Daily Mart,2025-05-10T08:22:24,ready_on_time,12.4,0,True
ME-34813,ORD-US-34812,M-010,Burger District,2025-05-10T11:28:00,ready_on_time,13.0,0,True
ME-34814,ORD-US-34813,M-010,Burger District,2025-05-10T13:40:12,ready_on_time,15.2,0,True
ME-34815,ORD-US-34814,M-009,Daily Mart,2025-05-10T08:50:42,ready_on_time,10.7,0,True
ME-34816,ORD-US-34815,M-010,Burger District,2025-05-10T08:41:00,ready_on_time,11.0,0,True
ME-34817,ORD-US-34816,M-011,Wellness Pharmacy,2025-05-10T10:34:00,ready_on_time,19.0,0,True
ME-34818,ORD-US-34817,M-011,Wellness Pharmacy,2025-05-10T11:32:36,ready_on_time,7.6,0,True
ME-34819,ORD-US-34818,M-009,Daily Mart,2025-05-10T14:57:24,ready_on_time,17.4,0,True
ME-34820,ORD-US-34819,M-009,Daily Mart,2025-05-10T19:17:18,ready_on_time,17.3,0,True
ME-34821,ORD-US-34820,M-009,Daily Mart,2025-05-10T19:21:54,ready_on_time,11.9,0,True
ME-34822,ORD-US-34821,M-012,Tech Stop,2025-05-10T11:04:24,ready_on_time,19.4,0,True
ME-34823,ORD-US-34822,M-010,Burger District,2025-05-10T17:01:24,ready_on_time,11.4,0,True
ME-34824,ORD-US-34823,M-012,Tech Stop,2025-05-10T11:01:54,ready_on_time,16.9,0,True
ME-34825,ORD-US-34824,M-012,Tech Stop,2025-05-10T09:17:24,ready_on_time,17.4,0,True
ME-34826,ORD-US-34825,M-012,Tech Stop,2025-05-10T18:35:30,ready_on_time,15.5,0,True
ME-34827,ORD-US-34826,M-011,Wellness Pharmacy,2025-05-10T12:27:42,ready_on_time,7.7,0,True
ME-34828,ORD-US-34827,M-010,Burger District,2025-05-10T09:53:00,ready_on_time,13.0,0,True
ME-34829,ORD-US-34828,M-012,Tech Stop,2025-05-10T09:15:30,ready_on_time,15.5,0,True
ME-34830,ORD-US-34829,M-011,Wellness Pharmacy,2025-05-10T18:29:42,ready_on_time,19.7,0,True
ME-34831,ORD-US-34830,M-011,Wellness Pharmacy,2025-05-10T09:04:12,ready_on_time,14.2,0,True
ME-34832,ORD-US-34831,M-011,Wellness Pharmacy,2025-05-10T20:48:12,ready_on_time,13.2,0,True
ME-34833,ORD-US-34832,M-009,Daily Mart,2025-05-10T13:58:06,ready_on_time,18.1,0,True
ME-34834,ORD-US-34833,M-010,Burger District,2025-05-10T09:22:24,ready_on_time,17.4,0,True
ME-34835,ORD-US-34834,M-011,Wellness Pharmacy,2025-05-10T11:42:00,ready_on_time,17.0,0,True
ME-34836,ORD-US-34835,M-009,Daily Mart,2025-05-10T20:22:06,ready_on_time,17.1,0,True
ME-34837,ORD-US-34836,M-011,Wellness Pharmacy,2025-05-10T09:05:54,ready_on_time,15.9,0,True
ME-34838,ORD-US-34837,M-012,Tech Stop,2025-05-10T13:18:54,ready_on_time,8.9,0,True
ME-34839,ORD-US-34838,M-009,Daily Mart,2025-05-10T18:49:54,ready_on_time,14.9,0,True
ME-34840,ORD-US-34839,M-009,Daily Mart,2025-05-10T17:15:30,ready_on_time,5.5,0,True
ME-34841,ORD-US-34840,M-012,Tech Stop,2025-05-10T14:27:54,ready_on_time,12.9,0,True
ME-34842,ORD-US-34841,M-011,Wellness Pharmacy,2025-05-10T18:01:48,ready_on_time,21.8,0,True
ME-34843,ORD-US-34842,M-009,Daily Mart,2025-05-10T12:29:48,ready_on_time,19.8,0,True
ME-34844,ORD-US-34843,M-002,Crisp & Co.,2025-05-11T18:41:00,ready_on_time,11.0,0,True
ME-34845,ORD-US-34844,M-001,Green Basket Market,2025-05-11T20:32:06,ready_on_time,17.1,0,True
ME-34846,ORD-US-34845,M-002,Crisp & Co.,2025-05-11T13:51:54,ready_on_time,16.9,0,True
ME-34847,ORD-US-34846,M-003,Pasta Garden,2025-05-11T08:29:30,ready_on_time,9.5,0,True
ME-34848,ORD-US-34847,M-001,Green Basket Market,2025-05-11T10:09:18,ready_on_time,14.3,0,True
ME-34849,ORD-US-34848,M-001,Green Basket Market,2025-05-11T19:01:18,ready_on_time,16.3,0,True
ME-34850,ORD-US-34849,M-004,QuickCare Pharmacy,2025-05-11T11:58:06,ready_on_time,13.1,0,True
ME-34851,ORD-US-34850,M-001,Green Basket Market,2025-05-11T10:08:30,ready_on_time,13.5,0,True
ME-34852,ORD-US-34851,M-002,Crisp & Co.,2025-05-11T20:56:30,ready_on_time,16.5,0,True
ME-34853,ORD-US-34852,M-004,QuickCare Pharmacy,2025-05-11T11:17:18,ready_on_time,12.3,0,True
ME-34854,ORD-US-34853,M-002,Crisp & Co.,2025-05-11T14:25:24,ready_on_time,10.4,0,True
ME-34855,ORD-US-34854,M-002,Crisp & Co.,2025-05-11T12:15:18,ready_on_time,15.3,0,True
ME-34856,ORD-US-34855,M-004,QuickCare Pharmacy,2025-05-11T14:40:12,ready_on_time,10.2,0,True
ME-34857,ORD-US-34856,M-001,Green Basket Market,2025-05-11T15:33:12,ready_on_time,18.2,0,True
ME-34858,ORD-US-34857,M-003,Pasta Garden,2025-05-11T11:07:48,ready_on_time,17.8,0,True
ME-34859,ORD-US-34858,M-002,Crisp & Co.,2025-05-11T14:49:18,ready_on_time,9.3,0,True
ME-34860,ORD-US-34859,M-002,Crisp & Co.,2025-05-11T11:42:12,ready_on_time,12.2,0,True
ME-34861,ORD-US-34860,M-002,Crisp & Co.,2025-05-11T12:02:24,ready_on_time,12.4,0,True
ME-34862,ORD-US-34861,M-004,QuickCare Pharmacy,2025-05-11T14:43:30,ready_on_time,18.5,0,True
ME-34863,ORD-US-34862,M-003,Pasta Garden,2025-05-11T11:26:36,ready_on_time,21.6,0,True
ME-34864,ORD-US-34863,M-002,Crisp & Co.,2025-05-11T12:57:48,ready_on_time,17.8,0,True
ME-34865,ORD-US-34864,M-004,QuickCare Pharmacy,2025-05-11T18:40:06,ready_on_time,15.1,0,True
ME-34866,ORD-US-34865,M-004,QuickCare Pharmacy,2025-05-11T15:21:48,ready_on_time,6.8,0,True
ME-34867,ORD-US-34866,M-003,Pasta Garden,2025-05-11T20:44:42,ready_on_time,14.7,0,True
ME-34868,ORD-US-34867,M-004,QuickCare Pharmacy,2025-05-11T20:11:42,ready_on_time,16.7,0,True
ME-34869,ORD-US-34868,M-003,Pasta Garden,2025-05-11T10:23:48,ready_on_time,18.8,0,True
ME-34870,ORD-US-34869,M-002,Crisp & Co.,2025-05-11T08:32:12,ready_on_time,12.2,0,True
ME-34871,ORD-US-34870,M-003,Pasta Garden,2025-05-11T09:10:18,ready_on_time,10.3,0,True
ME-34872,ORD-US-34871,M-002,Crisp & Co.,2025-05-11T17:08:42,ready_on_time,13.7,0,True
ME-34873,ORD-US-34872,M-004,QuickCare Pharmacy,2025-05-11T14:22:36,ready_on_time,17.6,0,True
ME-34874,ORD-US-34873,M-002,Crisp & Co.,2025-05-11T18:10:54,ready_on_time,10.9,0,True
ME-34875,ORD-US-34874,M-003,Pasta Garden,2025-05-11T13:58:36,ready_on_time,18.6,0,True
ME-34876,ORD-US-34875,M-001,Green Basket Market,2025-05-11T19:04:48,ready_on_time,9.8,0,True
ME-34877,ORD-US-34876,M-004,QuickCare Pharmacy,2025-05-11T16:23:06,ready_on_time,13.1,0,True
ME-34878,ORD-US-34877,M-003,Pasta Garden,2025-05-11T14:26:48,ready_on_time,16.8,0,True
ME-34879,ORD-US-34878,M-002,Crisp & Co.,2025-05-11T08:51:42,ready_on_time,16.7,0,True
ME-34880,ORD-US-34879,M-004,QuickCare Pharmacy,2025-05-11T11:21:42,ready_on_time,16.7,0,True
ME-34881,ORD-US-34880,M-002,Crisp & Co.,2025-05-11T12:12:30,ready_on_time,12.5,0,True
ME-34882,ORD-US-34881,M-002,Crisp & Co.,2025-05-11T14:26:42,ready_on_time,11.7,0,True
ME-34883,ORD-US-34882,M-003,Pasta Garden,2025-05-11T08:20:30,ready_on_time,15.5,0,False
ME-34884,ORD-US-34883,M-002,Crisp & Co.,2025-05-11T16:53:12,ready_on_time,13.2,0,True
ME-34885,ORD-US-34884,M-001,Green Basket Market,2025-05-11T13:57:24,ready_on_time,17.4,0,True
ME-34886,ORD-US-34885,M-006,Fresh Roots Grocery,2025-05-11T20:28:48,ready_on_time,13.8,0,True
ME-34887,ORD-US-34886,M-006,Fresh Roots Grocery,2025-05-11T21:07:12,ready_on_time,17.2,0,True
ME-34888,ORD-US-34887,M-006,Fresh Roots Grocery,2025-05-11T19:16:42,ready_on_time,11.7,0,True
ME-34889,ORD-US-34888,M-005,Corner Table,2025-05-11T15:32:48,ready_on_time,17.8,0,True
ME-34890,ORD-US-34889,M-006,Fresh Roots Grocery,2025-05-11T08:30:24,ready_on_time,15.4,0,True
ME-34891,ORD-US-34890,M-007,Home & Handy,2025-05-11T20:43:54,ready_on_time,8.9,0,True
ME-34892,ORD-US-34891,M-006,Fresh Roots Grocery,2025-05-11T18:16:18,ready_on_time,11.3,0,True
ME-34893,ORD-US-34892,M-005,Corner Table,2025-05-11T08:11:12,ready_on_time,6.2,0,True
ME-34894,ORD-US-34893,M-007,Home & Handy,2025-05-11T18:53:00,ready_on_time,18.0,0,True
ME-34895,ORD-US-34894,M-006,Fresh Roots Grocery,2025-05-11T08:54:18,ready_on_time,14.3,0,True
ME-34896,ORD-US-34895,M-006,Fresh Roots Grocery,2025-05-11T13:33:30,ready_on_time,13.5,0,True
ME-34897,ORD-US-34896,M-008,Noodle House,2025-05-11T16:54:24,ready_on_time,14.4,0,True
ME-34898,ORD-US-34897,M-006,Fresh Roots Grocery,2025-05-11T16:22:42,ready_on_time,12.7,0,True
ME-34899,ORD-US-34898,M-006,Fresh Roots Grocery,2025-05-11T18:46:54,ready_on_time,11.9,0,True
ME-34900,ORD-US-34899,M-008,Noodle House,2025-05-11T16:40:12,ready_on_time,15.2,0,True
ME-34901,ORD-US-34900,M-005,Corner Table,2025-05-11T13:51:06,ready_on_time,16.1,0,True
ME-34902,ORD-US-34901,M-005,Corner Table,2025-05-11T19:18:12,ready_on_time,18.2,0,True
ME-34903,ORD-US-34902,M-005,Corner Table,2025-05-11T10:35:30,ready_on_time,10.5,0,True
ME-34904,ORD-US-34903,M-006,Fresh Roots Grocery,2025-05-11T10:39:36,ready_on_time,14.6,0,True
ME-34905,ORD-US-34904,M-007,Home & Handy,2025-05-11T16:13:48,ready_on_time,13.8,0,True
ME-34906,ORD-US-34905,M-008,Noodle House,2025-05-11T10:41:36,ready_on_time,6.6,0,True
ME-34907,ORD-US-34906,M-006,Fresh Roots Grocery,2025-05-11T08:52:42,ready_on_time,12.7,0,True
ME-34908,ORD-US-34907,M-008,Noodle House,2025-05-11T20:56:42,ready_on_time,16.7,0,True
ME-34909,ORD-US-34908,M-006,Fresh Roots Grocery,2025-05-11T19:40:30,ready_on_time,20.5,0,True
ME-34910,ORD-US-34909,M-007,Home & Handy,2025-05-11T18:19:00,ready_on_time,9.0,0,True
ME-34911,ORD-US-34910,M-007,Home & Handy,2025-05-11T13:46:54,ready_on_time,16.9,0,True
ME-34912,ORD-US-34911,M-005,Corner Table,2025-05-11T15:37:24,ready_on_time,17.4,0,True
ME-34913,ORD-US-34912,M-008,Noodle House,2025-05-11T19:37:24,ready_on_time,12.4,0,True
ME-34914,ORD-US-34913,M-007,Home & Handy,2025-05-11T20:59:18,ready_on_time,19.3,0,True
ME-34915,ORD-US-34914,M-008,Noodle House,2025-05-11T15:52:06,ready_on_time,17.1,0,True
ME-34916,ORD-US-34915,M-005,Corner Table,2025-05-11T09:24:42,ready_on_time,14.7,0,True
ME-34917,ORD-US-34916,M-006,Fresh Roots Grocery,2025-05-11T10:32:42,ready_on_time,12.7,0,True
ME-34918,ORD-US-34917,M-005,Corner Table,2025-05-11T14:54:48,ready_on_time,9.8,0,True
ME-34919,ORD-US-34918,M-008,Noodle House,2025-05-11T11:22:00,ready_on_time,7.0,0,True
ME-34920,ORD-US-34919,M-008,Noodle House,2025-05-11T14:58:42,ready_on_time,13.7,0,True
ME-34921,ORD-US-34920,M-005,Corner Table,2025-05-11T15:56:12,ready_on_time,16.2,0,True
ME-34922,ORD-US-34921,M-007,Home & Handy,2025-05-11T19:24:18,ready_on_time,14.3,0,True
ME-34923,ORD-US-34922,M-006,Fresh Roots Grocery,2025-05-11T13:58:48,ready_on_time,18.8,0,True
ME-34924,ORD-US-34923,M-006,Fresh Roots Grocery,2025-05-11T10:02:24,ready_on_time,7.4,0,True
ME-34925,ORD-US-34924,M-008,Noodle House,2025-05-11T20:02:42,ready_on_time,17.7,0,True
ME-34926,ORD-US-34925,M-008,Noodle House,2025-05-11T10:14:30,ready_on_time,19.5,0,True
ME-34927,ORD-US-34926,M-007,Home & Handy,2025-05-11T09:16:36,ready_on_time,16.6,0,True
ME-34928,ORD-US-34927,M-006,Fresh Roots Grocery,2025-05-11T12:13:24,ready_on_time,18.4,0,True
ME-34929,ORD-US-34928,M-011,Wellness Pharmacy,2025-05-11T12:40:00,ready_on_time,15.0,0,True
ME-34930,ORD-US-34929,M-009,Daily Mart,2025-05-11T16:55:24,ready_on_time,20.4,0,True
ME-34931,ORD-US-34930,M-012,Tech Stop,2025-05-11T20:27:54,ready_on_time,12.9,0,True
ME-34932,ORD-US-34931,M-009,Daily Mart,2025-05-11T15:47:24,ready_on_time,22.4,0,True
ME-34933,ORD-US-34932,M-012,Tech Stop,2025-05-11T08:19:54,ready_on_time,14.9,0,True
ME-34934,ORD-US-34933,M-011,Wellness Pharmacy,2025-05-11T15:45:12,ready_on_time,20.2,0,True
ME-34935,ORD-US-34934,M-010,Burger District,2025-05-11T13:08:18,ready_on_time,13.3,0,True
ME-34936,ORD-US-34935,M-012,Tech Stop,2025-05-11T12:07:00,ready_on_time,7.0,0,True
ME-34937,ORD-US-34936,M-009,Daily Mart,2025-05-11T12:24:36,ready_on_time,14.6,0,True
ME-34938,ORD-US-34937,M-010,Burger District,2025-05-11T19:11:48,ready_on_time,11.8,0,True
ME-34939,ORD-US-34938,M-012,Tech Stop,2025-05-11T11:09:30,ready_on_time,9.5,0,True
ME-34940,ORD-US-34939,M-010,Burger District,2025-05-11T08:21:06,ready_on_time,16.1,0,True
ME-34941,ORD-US-34940,M-009,Daily Mart,2025-05-11T11:04:30,ready_on_time,19.5,0,True
ME-34942,ORD-US-34941,M-011,Wellness Pharmacy,2025-05-11T08:43:18,ready_on_time,13.3,0,True
ME-34943,ORD-US-34942,M-012,Tech Stop,2025-05-11T18:16:42,ready_on_time,16.7,0,True
ME-34944,ORD-US-34943,M-009,Daily Mart,2025-05-11T09:18:18,ready_on_time,8.3,0,True
ME-34945,ORD-US-34944,M-010,Burger District,2025-05-11T13:09:36,ready_on_time,14.6,0,True
ME-34946,ORD-US-34945,M-009,Daily Mart,2025-05-11T21:14:00,ready_on_time,19.0,0,True
ME-34947,ORD-US-34946,M-011,Wellness Pharmacy,2025-05-11T10:25:48,ready_on_time,15.8,0,True
ME-34948,ORD-US-34947,M-012,Tech Stop,2025-05-11T11:58:42,ready_on_time,18.7,0,True
ME-34949,ORD-US-34948,M-009,Daily Mart,2025-05-11T17:37:12,ready_on_time,22.2,0,True
ME-34950,ORD-US-34949,M-010,Burger District,2025-05-11T20:41:24,ready_on_time,11.4,0,True
ME-34951,ORD-US-34950,M-012,Tech Stop,2025-05-11T14:15:48,ready_on_time,10.8,0,True
ME-34952,ORD-US-34951,M-010,Burger District,2025-05-11T11:49:12,ready_on_time,14.2,0,True
ME-34953,ORD-US-34952,M-010,Burger District,2025-05-11T14:20:18,ready_on_time,15.3,0,True
ME-34954,ORD-US-34953,M-011,Wellness Pharmacy,2025-05-11T19:46:30,ready_on_time,16.5,0,True
ME-34955,ORD-US-34954,M-009,Daily Mart,2025-05-11T11:13:18,ready_on_time,13.3,0,True
ME-34956,ORD-US-34955,M-009,Daily Mart,2025-05-11T08:15:06,ready_on_time,15.1,0,True
ME-34957,ORD-US-34956,M-012,Tech Stop,2025-05-11T17:30:30,ready_on_time,10.5,0,True
ME-34958,ORD-US-34957,M-010,Burger District,2025-05-11T20:46:06,ready_on_time,11.1,0,True
ME-34959,ORD-US-34958,M-012,Tech Stop,2025-05-11T17:47:30,ready_on_time,7.5,0,True
ME-34960,ORD-US-34959,M-010,Burger District,2025-05-11T18:26:30,ready_on_time,11.5,0,True
ME-34961,ORD-US-34960,M-010,Burger District,2025-05-11T17:00:18,ready_on_time,15.3,0,True
ME-34962,ORD-US-34961,M-010,Burger District,2025-05-11T12:41:06,ready_on_time,16.1,0,True
ME-34963,ORD-US-34962,M-011,Wellness Pharmacy,2025-05-11T17:45:36,ready_on_time,10.6,0,True
ME-34964,ORD-US-34963,M-010,Burger District,2025-05-11T14:28:54,ready_on_time,18.9,0,True
ME-34965,ORD-US-34964,M-009,Daily Mart,2025-05-11T19:42:42,ready_on_time,12.7,0,True
ME-34966,ORD-US-34965,M-010,Burger District,2025-05-11T18:18:06,ready_on_time,18.1,0,True
ME-34967,ORD-US-34966,M-012,Tech Stop,2025-05-11T08:24:24,ready_on_time,19.4,0,True
ME-34968,ORD-US-34967,M-011,Wellness Pharmacy,2025-05-11T15:15:24,ready_on_time,5.4,0,True
ME-34969,ORD-US-34968,M-011,Wellness Pharmacy,2025-05-11T14:03:30,ready_on_time,18.5,0,True
ME-34970,ORD-US-34969,M-012,Tech Stop,2025-05-11T13:04:30,ready_on_time,14.5,0,True
ME-34971,ORD-US-34970,M-003,Pasta Garden,2025-05-12T13:38:06,ready_on_time,13.1,0,True
ME-34972,ORD-US-34971,M-001,Green Basket Market,2025-05-12T15:46:30,ready_on_time,16.5,0,True
ME-34973,ORD-US-34972,M-001,Green Basket Market,2025-05-12T20:15:12,ready_on_time,20.2,0,True
ME-34974,ORD-US-34973,M-001,Green Basket Market,2025-05-12T13:32:30,ready_on_time,22.5,0,True
ME-34975,ORD-US-34974,M-002,Crisp & Co.,2025-05-12T10:01:30,ready_on_time,11.5,0,True
ME-34976,ORD-US-34975,M-003,Pasta Garden,2025-05-12T19:51:48,ready_on_time,11.8,0,True
ME-34977,ORD-US-34976,M-001,Green Basket Market,2025-05-12T09:09:54,ready_on_time,14.9,0,True
ME-34978,ORD-US-34977,M-002,Crisp & Co.,2025-05-12T16:50:18,ready_on_time,15.3,0,True
ME-34979,ORD-US-34978,M-001,Green Basket Market,2025-05-12T14:04:18,ready_on_time,19.3,0,True
ME-34980,ORD-US-34979,M-004,QuickCare Pharmacy,2025-05-12T19:44:24,ready_on_time,19.4,0,True
ME-34981,ORD-US-34980,M-001,Green Basket Market,2025-05-12T20:02:48,ready_on_time,7.8,0,True
ME-34982,ORD-US-34981,M-002,Crisp & Co.,2025-05-12T18:59:24,ready_on_time,14.4,0,True
ME-34983,ORD-US-34982,M-004,QuickCare Pharmacy,2025-05-12T11:02:12,ready_on_time,17.2,0,True
ME-34984,ORD-US-34983,M-002,Crisp & Co.,2025-05-12T09:04:36,ready_on_time,19.6,0,True
ME-34985,ORD-US-34984,M-002,Crisp & Co.,2025-05-12T16:42:12,ready_on_time,7.2,0,True
ME-34986,ORD-US-34985,M-004,QuickCare Pharmacy,2025-05-12T17:19:18,ready_on_time,9.3,0,True
ME-34987,ORD-US-34986,M-001,Green Basket Market,2025-05-12T12:38:06,ready_on_time,18.1,0,True
ME-34988,ORD-US-34987,M-003,Pasta Garden,2025-05-12T12:59:18,ready_on_time,14.3,0,True
ME-34989,ORD-US-34988,M-004,QuickCare Pharmacy,2025-05-12T14:14:06,ready_on_time,9.1,0,True
ME-34990,ORD-US-34989,M-002,Crisp & Co.,2025-05-12T19:23:30,ready_on_time,13.5,0,True
ME-34991,ORD-US-34990,M-003,Pasta Garden,2025-05-12T12:56:06,ready_on_time,21.1,0,True
ME-34992,ORD-US-34991,M-003,Pasta Garden,2025-05-12T16:58:18,ready_on_time,8.3,0,True
ME-34993,ORD-US-34992,M-002,Crisp & Co.,2025-05-12T08:30:36,ready_on_time,10.6,0,True
ME-34994,ORD-US-34993,M-004,QuickCare Pharmacy,2025-05-12T11:21:42,ready_on_time,11.7,0,True
ME-34995,ORD-US-34994,M-002,Crisp & Co.,2025-05-12T12:13:18,ready_on_time,18.3,0,True
ME-34996,ORD-US-34995,M-002,Crisp & Co.,2025-05-12T21:11:18,ready_on_time,16.3,0,True
ME-34997,ORD-US-34996,M-001,Green Basket Market,2025-05-12T10:44:18,ready_on_time,14.3,0,True
ME-34998,ORD-US-34997,M-003,Pasta Garden,2025-05-12T17:18:06,ready_on_time,8.1,0,True
ME-34999,ORD-US-34998,M-003,Pasta Garden,2025-05-12T09:11:00,ready_on_time,6.0,0,True
ME-35000,ORD-US-34999,M-003,Pasta Garden,2025-05-12T13:01:24,ready_on_time,11.4,0,True
ME-35001,ORD-US-35000,M-004,QuickCare Pharmacy,2025-05-12T08:54:24,ready_on_time,19.4,0,True
ME-35002,ORD-US-35001,M-004,QuickCare Pharmacy,2025-05-12T09:41:54,ready_on_time,21.9,0,True
ME-35003,ORD-US-35002,M-004,QuickCare Pharmacy,2025-05-12T17:21:42,ready_on_time,11.7,0,True
ME-35004,ORD-US-35003,M-002,Crisp & Co.,2025-05-12T17:32:48,ready_on_time,12.8,0,True
ME-35005,ORD-US-35004,M-002,Crisp & Co.,2025-05-12T14:09:54,ready_on_time,9.9,0,True
ME-35006,ORD-US-35005,M-004,QuickCare Pharmacy,2025-05-12T20:16:36,ready_on_time,16.6,0,True
ME-35007,ORD-US-35006,M-006,Fresh Roots Grocery,2025-05-12T14:41:24,ready_on_time,11.4,0,True
ME-35008,ORD-US-35007,M-006,Fresh Roots Grocery,2025-05-12T09:15:24,ready_on_time,10.4,0,True
ME-35009,ORD-US-35008,M-005,Corner Table,2025-05-12T14:53:06,ready_on_time,23.1,0,True
ME-35010,ORD-US-35009,M-005,Corner Table,2025-05-12T13:10:30,ready_on_time,15.5,0,True
ME-35011,ORD-US-35010,M-005,Corner Table,2025-05-12T17:52:18,ready_on_time,17.3,0,True
ME-35012,ORD-US-35011,M-008,Noodle House,2025-05-12T13:50:06,ready_on_time,15.1,0,True
ME-35013,ORD-US-35012,M-005,Corner Table,2025-05-12T17:36:00,ready_on_time,16.0,0,True
ME-35014,ORD-US-35013,M-007,Home & Handy,2025-05-12T12:46:42,ready_on_time,16.7,0,True
ME-35015,ORD-US-35014,M-006,Fresh Roots Grocery,2025-05-12T14:12:30,ready_on_time,7.5,0,True
ME-35016,ORD-US-35015,M-006,Fresh Roots Grocery,2025-05-12T09:47:48,ready_on_time,7.8,0,True
ME-35017,ORD-US-35016,M-008,Noodle House,2025-05-12T13:50:54,ready_on_time,5.9,0,True
ME-35018,ORD-US-35017,M-008,Noodle House,2025-05-12T15:34:42,ready_on_time,9.7,0,True
ME-35019,ORD-US-35018,M-005,Corner Table,2025-05-12T20:10:12,ready_on_time,15.2,0,True
ME-35020,ORD-US-35019,M-005,Corner Table,2025-05-12T10:11:42,ready_on_time,16.7,0,True
ME-35021,ORD-US-35020,M-007,Home & Handy,2025-05-12T09:03:00,ready_on_time,18.0,0,True
ME-35022,ORD-US-35021,M-007,Home & Handy,2025-05-12T18:46:00,ready_on_time,16.0,0,True
ME-35023,ORD-US-35022,M-007,Home & Handy,2025-05-12T16:37:06,ready_on_time,12.1,0,True
ME-35024,ORD-US-35023,M-007,Home & Handy,2025-05-12T12:43:06,ready_on_time,8.1,0,True
ME-35025,ORD-US-35024,M-007,Home & Handy,2025-05-12T19:28:48,ready_on_time,8.8,0,True
ME-35026,ORD-US-35025,M-005,Corner Table,2025-05-12T15:36:30,ready_on_time,16.5,0,True
ME-35027,ORD-US-35026,M-008,Noodle House,2025-05-12T21:00:00,ready_on_time,5.0,0,True
ME-35028,ORD-US-35027,M-006,Fresh Roots Grocery,2025-05-12T12:09:12,ready_on_time,9.2,0,True
ME-35029,ORD-US-35028,M-008,Noodle House,2025-05-12T15:58:30,ready_on_time,13.5,0,True
ME-35030,ORD-US-35029,M-007,Home & Handy,2025-05-12T15:43:24,ready_on_time,8.4,0,True
ME-35031,ORD-US-35030,M-008,Noodle House,2025-05-12T11:50:12,ready_on_time,20.2,0,True
ME-35032,ORD-US-35031,M-008,Noodle House,2025-05-12T13:22:00,ready_on_time,22.0,0,True
ME-35033,ORD-US-35032,M-005,Corner Table,2025-05-12T15:56:24,ready_on_time,16.4,0,True
ME-35034,ORD-US-35033,M-006,Fresh Roots Grocery,2025-05-12T19:16:48,ready_on_time,6.8,0,True
ME-35035,ORD-US-35034,M-006,Fresh Roots Grocery,2025-05-12T20:20:24,ready_on_time,10.4,0,True
ME-35036,ORD-US-35035,M-006,Fresh Roots Grocery,2025-05-12T19:09:12,ready_on_time,9.2,0,True
ME-35037,ORD-US-35036,M-007,Home & Handy,2025-05-12T20:41:06,ready_on_time,11.1,0,True
ME-35038,ORD-US-35037,M-007,Home & Handy,2025-05-12T12:06:00,ready_on_time,16.0,0,True
ME-35039,ORD-US-35038,M-007,Home & Handy,2025-05-12T12:38:48,ready_on_time,8.8,0,True
ME-35040,ORD-US-35039,M-005,Corner Table,2025-05-12T14:38:48,ready_on_time,13.8,0,True
ME-35041,ORD-US-35040,M-008,Noodle House,2025-05-12T18:29:24,ready_on_time,14.4,0,True
ME-35042,ORD-US-35041,M-007,Home & Handy,2025-05-12T11:41:00,ready_on_time,11.0,0,True
ME-35043,ORD-US-35042,M-006,Fresh Roots Grocery,2025-05-12T09:26:06,ready_on_time,11.1,0,True
ME-35044,ORD-US-35043,M-005,Corner Table,2025-05-12T14:00:18,ready_on_time,10.3,0,True
ME-35045,ORD-US-35044,M-005,Corner Table,2025-05-12T12:19:24,ready_on_time,19.4,0,True
ME-35046,ORD-US-35045,M-006,Fresh Roots Grocery,2025-05-12T11:50:06,ready_on_time,15.1,0,True
ME-35047,ORD-US-35046,M-010,Burger District,2025-05-12T15:38:18,ready_on_time,18.3,0,True
ME-35048,ORD-US-35047,M-012,Tech Stop,2025-05-12T11:30:42,ready_on_time,10.7,0,True
ME-35049,ORD-US-35048,M-012,Tech Stop,2025-05-12T11:26:48,ready_on_time,16.8,0,True
ME-35050,ORD-US-35049,M-012,Tech Stop,2025-05-12T09:29:12,ready_on_time,19.2,0,True
ME-35051,ORD-US-35050,M-011,Wellness Pharmacy,2025-05-12T12:38:12,ready_on_time,13.2,0,True
ME-35052,ORD-US-35051,M-011,Wellness Pharmacy,2025-05-12T20:22:18,ready_on_time,7.3,0,True
ME-35053,ORD-US-35052,M-010,Burger District,2025-05-12T13:33:36,ready_on_time,13.6,0,True
ME-35054,ORD-US-35053,M-010,Burger District,2025-05-12T20:25:12,ready_on_time,15.2,0,True
ME-35055,ORD-US-35054,M-010,Burger District,2025-05-12T18:38:18,ready_on_time,13.3,0,True
ME-35056,ORD-US-35055,M-012,Tech Stop,2025-05-12T15:49:48,ready_on_time,14.8,0,True
ME-35057,ORD-US-35056,M-011,Wellness Pharmacy,2025-05-12T13:04:42,ready_on_time,9.7,0,True
ME-35058,ORD-US-35057,M-009,Daily Mart,2025-05-12T21:07:54,ready_on_time,17.9,0,True
ME-35059,ORD-US-35058,M-009,Daily Mart,2025-05-12T10:03:54,ready_on_time,13.9,0,True
ME-35060,ORD-US-35059,M-010,Burger District,2025-05-12T19:37:18,ready_on_time,12.3,0,True
ME-35061,ORD-US-35060,M-011,Wellness Pharmacy,2025-05-12T11:18:12,ready_on_time,23.2,0,True
ME-35062,ORD-US-35061,M-010,Burger District,2025-05-12T12:47:30,ready_on_time,12.5,0,True
ME-35063,ORD-US-35062,M-010,Burger District,2025-05-12T16:59:48,ready_on_time,9.8,0,True
ME-35064,ORD-US-35063,M-010,Burger District,2025-05-12T13:04:12,ready_on_time,9.2,0,True
ME-35065,ORD-US-35064,M-012,Tech Stop,2025-05-12T13:40:36,ready_on_time,15.6,0,True
ME-35066,ORD-US-35065,M-011,Wellness Pharmacy,2025-05-12T14:23:36,ready_on_time,13.6,0,True
ME-35067,ORD-US-35066,M-010,Burger District,2025-05-12T20:46:00,ready_on_time,16.0,0,True
ME-35068,ORD-US-35067,M-011,Wellness Pharmacy,2025-05-12T18:12:54,ready_on_time,7.9,0,True
ME-35069,ORD-US-35068,M-011,Wellness Pharmacy,2025-05-12T11:49:06,ready_on_time,14.1,0,True
ME-35070,ORD-US-35069,M-009,Daily Mart,2025-05-12T13:13:36,ready_on_time,8.6,0,True
ME-35071,ORD-US-35070,M-011,Wellness Pharmacy,2025-05-12T08:48:30,ready_on_time,13.5,0,True
ME-35072,ORD-US-35071,M-010,Burger District,2025-05-12T12:22:36,ready_on_time,12.6,0,True
ME-35073,ORD-US-35072,M-009,Daily Mart,2025-05-12T08:39:42,ready_on_time,9.7,0,True
ME-35074,ORD-US-35073,M-009,Daily Mart,2025-05-12T11:28:18,ready_on_time,18.3,0,True
ME-35075,ORD-US-35074,M-011,Wellness Pharmacy,2025-05-12T09:17:06,ready_on_time,17.1,0,True
ME-35076,ORD-US-35075,M-010,Burger District,2025-05-12T14:07:06,ready_on_time,17.1,0,True
ME-35077,ORD-US-35076,M-009,Daily Mart,2025-05-12T08:53:54,ready_on_time,13.9,0,True
ME-35078,ORD-US-35077,M-011,Wellness Pharmacy,2025-05-12T17:28:18,ready_on_time,18.3,0,True
ME-35079,ORD-US-35078,M-010,Burger District,2025-05-12T21:07:24,ready_on_time,12.4,0,True
ME-35080,ORD-US-35079,M-009,Daily Mart,2025-05-12T10:27:18,ready_on_time,7.3,0,True
ME-35081,ORD-US-35080,M-010,Burger District,2025-05-12T08:21:06,ready_on_time,11.1,0,True
ME-35082,ORD-US-35081,M-010,Burger District,2025-05-12T15:32:42,ready_on_time,12.7,0,True
ME-35083,ORD-US-35082,M-010,Burger District,2025-05-12T15:50:30,ready_on_time,10.5,0,True
ME-35084,ORD-US-35083,M-002,Crisp & Co.,2025-05-13T19:19:30,ready_on_time,9.5,0,True
ME-35085,ORD-US-35084,M-004,QuickCare Pharmacy,2025-05-13T17:21:18,ready_on_time,16.3,0,True
ME-35086,ORD-US-35085,M-003,Pasta Garden,2025-05-13T17:35:12,ready_on_time,20.2,0,True
ME-35087,ORD-US-35086,M-002,Crisp & Co.,2025-05-13T11:08:12,ready_on_time,13.2,0,True
ME-35088,ORD-US-35087,M-002,Crisp & Co.,2025-05-13T18:07:36,ready_on_time,12.6,0,True
ME-35089,ORD-US-35088,M-001,Green Basket Market,2025-05-13T16:18:24,ready_on_time,18.4,0,True
ME-35090,ORD-US-35089,M-003,Pasta Garden,2025-05-13T13:44:00,ready_on_time,14.0,0,True
ME-35091,ORD-US-35090,M-002,Crisp & Co.,2025-05-13T13:52:06,ready_on_time,12.1,0,True
ME-35092,ORD-US-35091,M-002,Crisp & Co.,2025-05-13T12:57:54,ready_on_time,7.9,0,True
ME-35093,ORD-US-35092,M-001,Green Basket Market,2025-05-13T15:37:54,ready_on_time,12.9,0,True
ME-35094,ORD-US-35093,M-002,Crisp & Co.,2025-05-13T15:38:30,ready_on_time,18.5,0,True
ME-35095,ORD-US-35094,M-003,Pasta Garden,2025-05-13T13:24:48,ready_on_time,19.8,0,True
ME-35096,ORD-US-35095,M-002,Crisp & Co.,2025-05-13T21:02:24,ready_on_time,7.4,0,True
ME-35097,ORD-US-35096,M-003,Pasta Garden,2025-05-13T19:06:54,ready_on_time,16.9,0,True
ME-35098,ORD-US-35097,M-001,Green Basket Market,2025-05-13T20:00:36,ready_on_time,10.6,0,True
ME-35099,ORD-US-35098,M-002,Crisp & Co.,2025-05-13T11:43:42,ready_on_time,18.7,0,True
ME-35100,ORD-US-35099,M-003,Pasta Garden,2025-05-13T08:23:00,ready_on_time,13.0,0,True
ME-35101,ORD-US-35100,M-001,Green Basket Market,2025-05-13T15:03:48,ready_on_time,8.8,0,True
ME-35102,ORD-US-35101,M-002,Crisp & Co.,2025-05-13T14:05:36,ready_on_time,10.6,0,True
ME-35103,ORD-US-35102,M-001,Green Basket Market,2025-05-13T15:37:18,ready_on_time,17.3,0,True
ME-35104,ORD-US-35103,M-003,Pasta Garden,2025-05-13T16:26:30,ready_on_time,16.5,0,True
ME-35105,ORD-US-35104,M-004,QuickCare Pharmacy,2025-05-13T19:00:30,ready_on_time,15.5,0,True
ME-35106,ORD-US-35105,M-001,Green Basket Market,2025-05-13T11:06:48,ready_on_time,11.8,0,True
ME-35107,ORD-US-35106,M-003,Pasta Garden,2025-05-13T19:34:12,ready_on_time,14.2,0,True
ME-35108,ORD-US-35107,M-001,Green Basket Market,2025-05-13T21:09:00,ready_on_time,19.0,0,True
ME-35109,ORD-US-35108,M-002,Crisp & Co.,2025-05-13T08:20:00,ready_on_time,15.0,0,True
ME-35110,ORD-US-35109,M-002,Crisp & Co.,2025-05-13T17:16:42,ready_on_time,11.7,0,True
ME-35111,ORD-US-35110,M-001,Green Basket Market,2025-05-13T09:51:00,ready_on_time,11.0,0,True
ME-35112,ORD-US-35111,M-001,Green Basket Market,2025-05-13T18:03:18,ready_on_time,8.3,0,True
ME-35113,ORD-US-35112,M-001,Green Basket Market,2025-05-13T08:57:42,ready_on_time,17.7,0,True
ME-35114,ORD-US-35113,M-002,Crisp & Co.,2025-05-13T11:22:30,ready_on_time,12.5,0,True
ME-35115,ORD-US-35114,M-002,Crisp & Co.,2025-05-13T11:46:36,ready_on_time,6.6,0,True
ME-35116,ORD-US-35115,M-003,Pasta Garden,2025-05-13T09:13:36,ready_on_time,13.6,0,True
ME-35117,ORD-US-35116,M-003,Pasta Garden,2025-05-13T19:54:42,ready_on_time,19.7,0,True
ME-35118,ORD-US-35117,M-003,Pasta Garden,2025-05-13T20:12:24,ready_on_time,12.4,0,True
ME-35119,ORD-US-35118,M-004,QuickCare Pharmacy,2025-05-13T08:14:36,ready_on_time,14.6,0,True
ME-35120,ORD-US-35119,M-002,Crisp & Co.,2025-05-13T14:19:12,ready_on_time,19.2,0,True
ME-35121,ORD-US-35120,M-004,QuickCare Pharmacy,2025-05-13T09:38:54,ready_on_time,8.9,0,True
ME-35122,ORD-US-35121,M-003,Pasta Garden,2025-05-13T10:13:54,ready_on_time,8.9,0,True
ME-35123,ORD-US-35122,M-002,Crisp & Co.,2025-05-13T18:01:12,ready_on_time,11.2,0,True
ME-35124,ORD-US-35123,M-002,Crisp & Co.,2025-05-13T09:05:42,ready_on_time,20.7,0,True
ME-35125,ORD-US-35124,M-004,QuickCare Pharmacy,2025-05-13T11:45:30,ready_on_time,15.5,0,True
ME-35126,ORD-US-35125,M-004,QuickCare Pharmacy,2025-05-13T11:05:42,ready_on_time,10.7,0,True
ME-35127,ORD-US-35126,M-002,Crisp & Co.,2025-05-13T19:25:48,ready_on_time,15.8,0,True
ME-35128,ORD-US-35127,M-002,Crisp & Co.,2025-05-13T19:07:18,ready_on_time,17.3,0,True
ME-35129,ORD-US-35128,M-007,Home & Handy,2025-05-13T14:03:48,ready_on_time,8.8,0,True
ME-35130,ORD-US-35129,M-006,Fresh Roots Grocery,2025-05-13T11:20:06,ready_on_time,5.1,0,True
ME-35131,ORD-US-35130,M-006,Fresh Roots Grocery,2025-05-13T16:25:54,ready_on_time,15.9,0,True
ME-35132,ORD-US-35131,M-008,Noodle House,2025-05-13T15:58:18,ready_on_time,13.3,0,True
ME-35133,ORD-US-35132,M-005,Corner Table,2025-05-13T14:24:48,ready_on_time,14.8,0,True
ME-35134,ORD-US-35133,M-006,Fresh Roots Grocery,2025-05-13T08:31:24,ready_on_time,21.4,0,True
ME-35135,ORD-US-35134,M-005,Corner Table,2025-05-13T21:01:30,ready_on_time,11.5,0,True
ME-35136,ORD-US-35135,M-005,Corner Table,2025-05-13T14:44:54,ready_on_time,9.9,0,True
ME-35137,ORD-US-35136,M-008,Noodle House,2025-05-13T20:49:24,ready_on_time,19.4,0,True
ME-35138,ORD-US-35137,M-008,Noodle House,2025-05-13T16:16:54,ready_on_time,11.9,0,True
ME-35139,ORD-US-35138,M-008,Noodle House,2025-05-13T17:16:54,ready_on_time,11.9,0,True
ME-35140,ORD-US-35139,M-008,Noodle House,2025-05-13T09:09:18,ready_on_time,14.3,0,True
ME-35141,ORD-US-35140,M-006,Fresh Roots Grocery,2025-05-13T09:21:24,ready_on_time,11.4,0,True
ME-35142,ORD-US-35141,M-005,Corner Table,2025-05-13T13:19:30,ready_on_time,9.5,0,True
ME-35143,ORD-US-35142,M-008,Noodle House,2025-05-13T13:12:30,ready_on_time,12.5,0,True
ME-35144,ORD-US-35143,M-006,Fresh Roots Grocery,2025-05-13T17:58:00,ready_on_time,13.0,0,False
ME-35145,ORD-US-35144,M-005,Corner Table,2025-05-13T17:13:24,ready_on_time,8.4,0,True
ME-35146,ORD-US-35145,M-006,Fresh Roots Grocery,2025-05-13T20:06:24,ready_on_time,11.4,0,True
ME-35147,ORD-US-35146,M-007,Home & Handy,2025-05-13T10:18:06,ready_on_time,13.1,0,True
ME-35148,ORD-US-35147,M-008,Noodle House,2025-05-13T10:38:36,ready_on_time,13.6,0,True
ME-35149,ORD-US-35148,M-005,Corner Table,2025-05-13T17:31:24,ready_on_time,21.4,0,True
ME-35150,ORD-US-35149,M-007,Home & Handy,2025-05-13T15:41:12,ready_on_time,11.2,0,True
ME-35151,ORD-US-35150,M-008,Noodle House,2025-05-13T13:59:18,ready_on_time,9.3,0,True
ME-35152,ORD-US-35151,M-006,Fresh Roots Grocery,2025-05-13T12:48:18,ready_on_time,13.3,0,True
ME-35153,ORD-US-35152,M-007,Home & Handy,2025-05-13T10:28:42,ready_on_time,13.7,0,True
ME-35154,ORD-US-35153,M-005,Corner Table,2025-05-13T15:16:36,ready_on_time,16.6,0,True
ME-35155,ORD-US-35154,M-005,Corner Table,2025-05-13T16:48:18,ready_on_time,13.3,0,True
ME-35156,ORD-US-35155,M-005,Corner Table,2025-05-13T18:42:24,ready_on_time,12.4,0,True
ME-35157,ORD-US-35156,M-008,Noodle House,2025-05-13T10:14:00,ready_on_time,14.0,0,True
ME-35158,ORD-US-35157,M-007,Home & Handy,2025-05-13T20:11:36,ready_on_time,16.6,0,True
ME-35159,ORD-US-35158,M-008,Noodle House,2025-05-13T11:37:30,ready_on_time,17.5,0,True
ME-35160,ORD-US-35159,M-005,Corner Table,2025-05-13T09:02:42,ready_on_time,22.7,0,True
ME-35161,ORD-US-35160,M-005,Corner Table,2025-05-13T10:33:30,ready_on_time,13.5,0,True
ME-35162,ORD-US-35161,M-007,Home & Handy,2025-05-13T09:13:54,ready_on_time,18.9,0,True
ME-35163,ORD-US-35162,M-006,Fresh Roots Grocery,2025-05-13T14:54:06,ready_on_time,14.1,0,True
ME-35164,ORD-US-35163,M-007,Home & Handy,2025-05-13T16:41:24,ready_on_time,16.4,0,True
ME-35165,ORD-US-35164,M-007,Home & Handy,2025-05-13T10:01:48,ready_on_time,11.8,0,True
ME-35166,ORD-US-35165,M-005,Corner Table,2025-05-13T18:32:48,ready_on_time,7.8,0,True
ME-35167,ORD-US-35166,M-008,Noodle House,2025-05-13T19:10:48,ready_on_time,10.8,0,True
ME-35168,ORD-US-35167,M-008,Noodle House,2025-05-13T18:06:54,ready_on_time,11.9,0,True
ME-35169,ORD-US-35168,M-011,Wellness Pharmacy,2025-05-13T11:14:18,ready_on_time,9.3,0,True
ME-35170,ORD-US-35169,M-009,Daily Mart,2025-05-13T13:44:06,ready_on_time,19.1,0,True
ME-35171,ORD-US-35170,M-011,Wellness Pharmacy,2025-05-13T16:25:54,ready_on_time,15.9,0,True
ME-35172,ORD-US-35171,M-011,Wellness Pharmacy,2025-05-13T14:55:48,ready_on_time,10.8,0,True
ME-35173,ORD-US-35172,M-012,Tech Stop,2025-05-13T17:42:36,ready_on_time,12.6,0,True
ME-35174,ORD-US-35173,M-012,Tech Stop,2025-05-13T12:44:00,ready_on_time,14.0,0,True
ME-35175,ORD-US-35174,M-012,Tech Stop,2025-05-13T19:20:42,ready_on_time,10.7,0,True
ME-35176,ORD-US-35175,M-011,Wellness Pharmacy,2025-05-13T10:24:30,ready_on_time,4.5,0,True
ME-35177,ORD-US-35176,M-012,Tech Stop,2025-05-13T11:54:12,ready_on_time,19.2,0,True
ME-35178,ORD-US-35177,M-010,Burger District,2025-05-13T14:22:48,ready_on_time,17.8,0,True
ME-35179,ORD-US-35178,M-011,Wellness Pharmacy,2025-05-13T12:21:54,ready_on_time,21.9,0,True
ME-35180,ORD-US-35179,M-009,Daily Mart,2025-05-13T19:47:18,ready_on_time,7.3,0,True
ME-35181,ORD-US-35180,M-012,Tech Stop,2025-05-13T09:19:42,ready_on_time,14.7,0,True
ME-35182,ORD-US-35181,M-012,Tech Stop,2025-05-13T11:30:30,ready_on_time,15.5,0,True
ME-35183,ORD-US-35182,M-012,Tech Stop,2025-05-13T09:48:48,ready_on_time,13.8,0,True
ME-35184,ORD-US-35183,M-009,Daily Mart,2025-05-13T15:28:54,ready_on_time,18.9,0,True
ME-35185,ORD-US-35184,M-012,Tech Stop,2025-05-13T21:06:12,ready_on_time,16.2,0,True
ME-35186,ORD-US-35185,M-009,Daily Mart,2025-05-13T14:05:30,ready_on_time,15.5,0,True
ME-35187,ORD-US-35186,M-012,Tech Stop,2025-05-13T15:29:42,ready_on_time,14.7,0,True
ME-35188,ORD-US-35187,M-010,Burger District,2025-05-13T19:50:42,ready_on_time,15.7,0,True
ME-35189,ORD-US-35188,M-011,Wellness Pharmacy,2025-05-13T20:57:18,ready_on_time,12.3,0,True
ME-35190,ORD-US-35189,M-011,Wellness Pharmacy,2025-05-13T12:05:48,ready_on_time,15.8,0,True
ME-35191,ORD-US-35190,M-011,Wellness Pharmacy,2025-05-13T12:13:48,ready_on_time,13.8,0,True
ME-35192,ORD-US-35191,M-009,Daily Mart,2025-05-13T14:13:18,ready_on_time,18.3,0,True
ME-35193,ORD-US-35192,M-011,Wellness Pharmacy,2025-05-13T15:28:00,ready_on_time,13.0,0,True
ME-35194,ORD-US-35193,M-011,Wellness Pharmacy,2025-05-13T20:56:42,ready_on_time,16.7,0,True
ME-35195,ORD-US-35194,M-009,Daily Mart,2025-05-13T17:00:06,ready_on_time,15.1,0,True
ME-35196,ORD-US-35195,M-010,Burger District,2025-05-13T15:45:12,ready_on_time,5.2,0,True
ME-35197,ORD-US-35196,M-011,Wellness Pharmacy,2025-05-13T15:53:18,ready_on_time,18.3,0,True
ME-35198,ORD-US-35197,M-012,Tech Stop,2025-05-13T11:35:42,ready_on_time,10.7,0,True
ME-35199,ORD-US-35198,M-009,Daily Mart,2025-05-13T11:20:48,ready_on_time,15.8,0,True
ME-35200,ORD-US-35199,M-011,Wellness Pharmacy,2025-05-13T20:47:18,ready_on_time,22.3,0,True
ME-35201,ORD-US-35200,M-011,Wellness Pharmacy,2025-05-13T12:56:00,ready_on_time,21.0,0,True
ME-35202,ORD-US-35201,M-012,Tech Stop,2025-05-13T09:17:48,ready_on_time,12.8,0,True
ME-35203,ORD-US-35202,M-011,Wellness Pharmacy,2025-05-13T19:23:00,ready_on_time,3,0,True
ME-35204,ORD-US-35203,M-010,Burger District,2025-05-13T19:34:48,ready_on_time,14.8,0,True
ME-35205,ORD-US-35204,M-011,Wellness Pharmacy,2025-05-13T14:20:30,ready_on_time,15.5,0,True
ME-35206,ORD-US-35205,M-010,Burger District,2025-05-13T20:21:42,ready_on_time,16.7,0,True
ME-35207,ORD-US-35206,M-009,Daily Mart,2025-05-13T15:37:12,ready_on_time,17.2,0,True
ME-35208,ORD-US-35207,M-011,Wellness Pharmacy,2025-05-13T15:49:18,ready_on_time,14.3,0,True
ME-35209,ORD-US-35208,M-010,Burger District,2025-05-13T09:17:18,ready_on_time,12.3,0,True
ME-35210,ORD-US-35209,M-010,Burger District,2025-05-13T14:57:42,ready_on_time,17.7,0,True
ME-35211,ORD-US-35210,M-009,Daily Mart,2025-05-13T13:03:06,ready_on_time,13.1,0,True
ME-35212,ORD-US-35211,M-012,Tech Stop,2025-05-13T14:31:54,ready_on_time,11.9,0,True
ME-35213,ORD-US-35212,M-009,Daily Mart,2025-05-13T20:29:06,ready_on_time,14.1,0,True
ME-35214,ORD-US-35213,M-003,Pasta Garden,2025-05-14T09:34:42,ready_on_time,14.7,0,True
ME-35215,ORD-US-35214,M-001,Green Basket Market,2025-05-14T12:00:24,ready_on_time,15.4,0,True
ME-35216,ORD-US-35215,M-003,Pasta Garden,2025-05-14T18:38:30,ready_on_time,13.5,0,True
ME-35217,ORD-US-35216,M-002,Crisp & Co.,2025-05-14T19:55:18,ready_on_time,10.3,0,True
ME-35218,ORD-US-35217,M-003,Pasta Garden,2025-05-14T18:27:42,ready_on_time,12.7,0,True
ME-35219,ORD-US-35218,M-004,QuickCare Pharmacy,2025-05-14T16:45:12,ready_on_time,15.2,0,True
ME-35220,ORD-US-35219,M-001,Green Basket Market,2025-05-14T14:04:48,ready_on_time,9.8,0,True
ME-35221,ORD-US-35220,M-001,Green Basket Market,2025-05-14T15:20:18,ready_on_time,15.3,0,True
ME-35222,ORD-US-35221,M-001,Green Basket Market,2025-05-14T17:15:24,ready_on_time,10.4,0,True
ME-35223,ORD-US-35222,M-003,Pasta Garden,2025-05-14T18:20:24,ready_on_time,10.4,0,True
ME-35224,ORD-US-35223,M-002,Crisp & Co.,2025-05-14T09:59:54,ready_on_time,9.9,0,True
ME-35225,ORD-US-35224,M-001,Green Basket Market,2025-05-14T08:35:48,ready_on_time,10.8,0,True
ME-35226,ORD-US-35225,M-001,Green Basket Market,2025-05-14T08:37:42,ready_on_time,17.7,0,True
ME-35227,ORD-US-35226,M-003,Pasta Garden,2025-05-14T15:35:24,ready_on_time,10.4,0,True
ME-35228,ORD-US-35227,M-003,Pasta Garden,2025-05-14T15:43:12,ready_on_time,18.2,0,True
ME-35229,ORD-US-35228,M-002,Crisp & Co.,2025-05-14T19:24:48,ready_on_time,9.8,0,True
ME-35230,ORD-US-35229,M-002,Crisp & Co.,2025-05-14T10:32:36,ready_on_time,17.6,0,True
ME-35231,ORD-US-35230,M-004,QuickCare Pharmacy,2025-05-14T12:51:42,ready_on_time,16.7,0,True
ME-35232,ORD-US-35231,M-004,QuickCare Pharmacy,2025-05-14T19:56:42,ready_on_time,16.7,0,True
ME-35233,ORD-US-35232,M-001,Green Basket Market,2025-05-14T08:49:06,ready_on_time,19.1,0,True
ME-35234,ORD-US-35233,M-003,Pasta Garden,2025-05-14T09:59:24,ready_on_time,14.4,0,True
ME-35235,ORD-US-35234,M-002,Crisp & Co.,2025-05-14T10:38:42,ready_on_time,18.7,0,True
ME-35236,ORD-US-35235,M-002,Crisp & Co.,2025-05-14T08:32:18,ready_on_time,17.3,0,True
ME-35237,ORD-US-35236,M-001,Green Basket Market,2025-05-14T11:50:18,ready_on_time,20.3,0,True
ME-35238,ORD-US-35237,M-004,QuickCare Pharmacy,2025-05-14T12:47:00,ready_on_time,17.0,0,True
ME-35239,ORD-US-35238,M-004,QuickCare Pharmacy,2025-05-14T19:38:12,ready_on_time,13.2,0,True
ME-35240,ORD-US-35239,M-004,QuickCare Pharmacy,2025-05-14T15:40:30,ready_on_time,10.5,0,True
ME-35241,ORD-US-35240,M-004,QuickCare Pharmacy,2025-05-14T10:51:00,ready_on_time,11.0,0,True
ME-35242,ORD-US-35241,M-003,Pasta Garden,2025-05-14T16:20:24,ready_on_time,15.4,0,True
ME-35243,ORD-US-35242,M-004,QuickCare Pharmacy,2025-05-14T14:13:48,ready_on_time,18.8,0,True
ME-35244,ORD-US-35243,M-002,Crisp & Co.,2025-05-14T11:27:42,ready_on_time,12.7,0,True
ME-35245,ORD-US-35244,M-002,Crisp & Co.,2025-05-14T15:40:54,ready_on_time,10.9,0,True
ME-35246,ORD-US-35245,M-002,Crisp & Co.,2025-05-14T13:25:00,ready_on_time,15.0,0,True
ME-35247,ORD-US-35246,M-002,Crisp & Co.,2025-05-14T18:29:42,ready_on_time,14.7,0,True
ME-35248,ORD-US-35247,M-001,Green Basket Market,2025-05-14T16:41:42,ready_on_time,11.7,0,True
ME-35249,ORD-US-35248,M-004,QuickCare Pharmacy,2025-05-14T08:38:00,ready_on_time,18.0,0,True
ME-35250,ORD-US-35249,M-003,Pasta Garden,2025-05-14T17:41:30,ready_on_time,6.5,0,True
ME-35251,ORD-US-35250,M-004,QuickCare Pharmacy,2025-05-14T11:28:18,ready_on_time,8.3,0,True
ME-35252,ORD-US-35251,M-001,Green Basket Market,2025-05-14T08:27:24,ready_on_time,17.4,0,True
ME-35253,ORD-US-35252,M-001,Green Basket Market,2025-05-14T17:03:00,ready_on_time,13.0,0,True
ME-35254,ORD-US-35253,M-001,Green Basket Market,2025-05-14T21:11:42,ready_on_time,16.7,0,True
ME-35255,ORD-US-35254,M-003,Pasta Garden,2025-05-14T11:59:24,ready_on_time,19.4,0,True
ME-35256,ORD-US-35255,M-007,Home & Handy,2025-05-14T14:47:48,ready_on_time,17.8,0,True
ME-35257,ORD-US-35256,M-005,Corner Table,2025-05-14T20:22:48,ready_on_time,17.8,0,True
ME-35258,ORD-US-35257,M-006,Fresh Roots Grocery,2025-05-14T12:17:48,ready_on_time,7.8,0,True
ME-35259,ORD-US-35258,M-005,Corner Table,2025-05-14T11:46:12,ready_on_time,16.2,0,True
ME-35260,ORD-US-35259,M-005,Corner Table,2025-05-14T19:53:18,ready_on_time,13.3,0,True
ME-35261,ORD-US-35260,M-008,Noodle House,2025-05-14T15:33:24,ready_on_time,18.4,0,True
ME-35262,ORD-US-35261,M-006,Fresh Roots Grocery,2025-05-14T19:11:42,ready_on_time,11.7,0,True
ME-35263,ORD-US-35262,M-008,Noodle House,2025-05-14T16:36:42,ready_on_time,21.7,0,True
ME-35264,ORD-US-35263,M-008,Noodle House,2025-05-14T08:49:54,ready_on_time,14.9,0,True
ME-35265,ORD-US-35264,M-007,Home & Handy,2025-05-14T11:26:24,ready_on_time,21.4,0,True
ME-35266,ORD-US-35265,M-005,Corner Table,2025-05-14T10:32:24,ready_on_time,12.4,0,True
ME-35267,ORD-US-35266,M-007,Home & Handy,2025-05-14T09:19:54,ready_on_time,14.9,0,True
ME-35268,ORD-US-35267,M-007,Home & Handy,2025-05-14T15:41:06,ready_on_time,16.1,0,True
ME-35269,ORD-US-35268,M-008,Noodle House,2025-05-14T16:25:18,ready_on_time,15.3,0,True
ME-35270,ORD-US-35269,M-008,Noodle House,2025-05-14T15:47:42,ready_on_time,7.7,0,True
ME-35271,ORD-US-35270,M-006,Fresh Roots Grocery,2025-05-14T10:15:24,ready_on_time,10.4,0,True
ME-35272,ORD-US-35271,M-008,Noodle House,2025-05-14T15:59:12,ready_on_time,19.2,0,True
ME-35273,ORD-US-35272,M-005,Corner Table,2025-05-14T16:39:18,ready_on_time,19.3,0,True
ME-35274,ORD-US-35273,M-005,Corner Table,2025-05-14T08:46:06,ready_on_time,6.1,0,True
ME-35275,ORD-US-35274,M-007,Home & Handy,2025-05-14T17:09:36,ready_on_time,9.6,0,True
ME-35276,ORD-US-35275,M-005,Corner Table,2025-05-14T10:28:36,ready_on_time,8.6,0,True
ME-35277,ORD-US-35276,M-005,Corner Table,2025-05-14T11:56:24,ready_on_time,16.4,0,True
ME-35278,ORD-US-35277,M-005,Corner Table,2025-05-14T17:48:24,ready_on_time,13.4,0,True
ME-35279,ORD-US-35278,M-008,Noodle House,2025-05-14T17:09:00,ready_on_time,14.0,0,True
ME-35280,ORD-US-35279,M-006,Fresh Roots Grocery,2025-05-14T14:00:30,ready_on_time,20.5,0,True
ME-35281,ORD-US-35280,M-006,Fresh Roots Grocery,2025-05-14T11:41:18,ready_on_time,11.3,0,True
ME-35282,ORD-US-35281,M-008,Noodle House,2025-05-14T08:05:06,ready_on_time,5.1,0,False
ME-35283,ORD-US-35282,M-007,Home & Handy,2025-05-14T12:39:30,ready_on_time,14.5,0,True
ME-35284,ORD-US-35283,M-005,Corner Table,2025-05-14T18:07:36,ready_on_time,17.6,0,True
ME-35285,ORD-US-35284,M-008,Noodle House,2025-05-14T17:47:36,ready_on_time,17.6,0,True
ME-35286,ORD-US-35285,M-007,Home & Handy,2025-05-14T14:24:36,ready_on_time,9.6,0,True
ME-35287,ORD-US-35286,M-008,Noodle House,2025-05-14T11:59:06,ready_on_time,14.1,0,True
ME-35288,ORD-US-35287,M-007,Home & Handy,2025-05-14T09:38:00,ready_on_time,13.0,0,True
ME-35289,ORD-US-35288,M-006,Fresh Roots Grocery,2025-05-14T16:18:36,ready_on_time,13.6,0,True
ME-35290,ORD-US-35289,M-006,Fresh Roots Grocery,2025-05-14T12:31:06,ready_on_time,16.1,0,True
ME-35291,ORD-US-35290,M-008,Noodle House,2025-05-14T19:36:42,ready_on_time,11.7,0,True
ME-35292,ORD-US-35291,M-008,Noodle House,2025-05-14T21:13:30,ready_on_time,18.5,0,True
ME-35293,ORD-US-35292,M-005,Corner Table,2025-05-14T18:01:06,ready_on_time,11.1,0,True
ME-35294,ORD-US-35293,M-009,Daily Mart,2025-05-14T15:45:42,ready_on_time,5.7,0,True
ME-35295,ORD-US-35294,M-012,Tech Stop,2025-05-14T16:01:06,ready_on_time,11.1,0,False
ME-35296,ORD-US-35295,M-009,Daily Mart,2025-05-14T16:36:06,ready_on_time,11.1,0,True
ME-35297,ORD-US-35296,M-009,Daily Mart,2025-05-14T09:43:06,ready_on_time,8.1,0,True
ME-35298,ORD-US-35297,M-012,Tech Stop,2025-05-14T17:53:00,ready_on_time,13.0,0,True
ME-35299,ORD-US-35298,M-012,Tech Stop,2025-05-14T12:25:06,ready_on_time,10.1,0,True
ME-35300,ORD-US-35299,M-010,Burger District,2025-05-14T13:22:36,ready_on_time,7.6,0,True
ME-35301,ORD-US-35300,M-012,Tech Stop,2025-05-14T17:16:30,ready_on_time,16.5,0,True
ME-35302,ORD-US-35301,M-012,Tech Stop,2025-05-14T15:44:24,ready_on_time,14.4,0,True
ME-35303,ORD-US-35302,M-009,Daily Mart,2025-05-14T09:03:48,ready_on_time,13.8,0,True
ME-35304,ORD-US-35303,M-012,Tech Stop,2025-05-14T18:00:00,ready_on_time,20.0,0,True
ME-35305,ORD-US-35304,M-011,Wellness Pharmacy,2025-05-14T14:07:36,ready_on_time,7.6,0,True
ME-35306,ORD-US-35305,M-012,Tech Stop,2025-05-14T17:05:48,ready_on_time,10.8,0,True
ME-35307,ORD-US-35306,M-010,Burger District,2025-05-14T11:57:54,ready_on_time,17.9,0,True
ME-35308,ORD-US-35307,M-011,Wellness Pharmacy,2025-05-14T09:33:30,ready_on_time,18.5,0,True
ME-35309,ORD-US-35308,M-011,Wellness Pharmacy,2025-05-14T08:34:06,ready_on_time,14.1,0,True
ME-35310,ORD-US-35309,M-010,Burger District,2025-05-14T12:32:48,ready_on_time,12.8,0,True
ME-35311,ORD-US-35310,M-011,Wellness Pharmacy,2025-05-14T19:57:00,ready_on_time,12.0,0,True
ME-35312,ORD-US-35311,M-010,Burger District,2025-05-14T13:07:12,ready_on_time,17.2,0,True
ME-35313,ORD-US-35312,M-010,Burger District,2025-05-14T16:43:36,ready_on_time,3.6,0,True
ME-35314,ORD-US-35313,M-009,Daily Mart,2025-05-14T15:13:30,ready_on_time,18.5,0,True
ME-35315,ORD-US-35314,M-012,Tech Stop,2025-05-14T09:18:00,ready_on_time,13.0,0,True
ME-35316,ORD-US-35315,M-011,Wellness Pharmacy,2025-05-14T08:58:30,ready_on_time,8.5,0,True
ME-35317,ORD-US-35316,M-011,Wellness Pharmacy,2025-05-14T10:10:18,ready_on_time,15.3,0,True
ME-35318,ORD-US-35317,M-011,Wellness Pharmacy,2025-05-14T18:03:42,ready_on_time,13.7,0,True
ME-35319,ORD-US-35318,M-011,Wellness Pharmacy,2025-05-14T14:29:30,ready_on_time,14.5,0,True
ME-35320,ORD-US-35319,M-010,Burger District,2025-05-14T15:44:12,ready_on_time,19.2,0,True
ME-35321,ORD-US-35320,M-011,Wellness Pharmacy,2025-05-14T09:58:30,ready_on_time,13.5,0,True
ME-35322,ORD-US-35321,M-009,Daily Mart,2025-05-14T17:21:18,ready_on_time,21.3,0,True
ME-35323,ORD-US-35322,M-011,Wellness Pharmacy,2025-05-14T09:23:48,ready_on_time,13.8,0,True
ME-35324,ORD-US-35323,M-009,Daily Mart,2025-05-14T19:57:42,ready_on_time,12.7,0,True
ME-35325,ORD-US-35324,M-010,Burger District,2025-05-14T13:12:12,ready_on_time,12.2,0,True
ME-35326,ORD-US-35325,M-012,Tech Stop,2025-05-14T17:08:54,ready_on_time,23.9,0,True
ME-35327,ORD-US-35326,M-011,Wellness Pharmacy,2025-05-14T20:25:18,ready_on_time,10.3,0,True
ME-35328,ORD-US-35327,M-010,Burger District,2025-05-14T20:34:30,ready_on_time,14.5,0,True
ME-35329,ORD-US-35328,M-009,Daily Mart,2025-05-14T11:57:30,ready_on_time,7.5,0,True
ME-35330,ORD-US-35329,M-010,Burger District,2025-05-14T11:44:06,ready_on_time,19.1,0,True
ME-35331,ORD-US-35330,M-004,QuickCare Pharmacy,2025-05-15T13:28:48,ready_on_time,8.8,0,True
ME-35332,ORD-US-35331,M-004,QuickCare Pharmacy,2025-05-15T13:54:24,ready_on_time,14.4,0,True
ME-35333,ORD-US-35332,M-002,Crisp & Co.,2025-05-15T20:35:18,ready_on_time,15.3,0,True
ME-35334,ORD-US-35333,M-001,Green Basket Market,2025-05-15T09:49:18,ready_on_time,14.3,0,True
ME-35335,ORD-US-35334,M-004,QuickCare Pharmacy,2025-05-15T20:10:42,ready_on_time,5.7,0,True
ME-35336,ORD-US-35335,M-003,Pasta Garden,2025-05-15T08:13:48,ready_on_time,13.8,0,True
ME-35337,ORD-US-35336,M-002,Crisp & Co.,2025-05-15T10:51:18,ready_on_time,16.3,0,True
ME-35338,ORD-US-35337,M-004,QuickCare Pharmacy,2025-05-15T14:49:24,ready_on_time,9.4,0,True
ME-35339,ORD-US-35338,M-003,Pasta Garden,2025-05-15T13:19:30,ready_on_time,24.5,0,True
ME-35340,ORD-US-35339,M-002,Crisp & Co.,2025-05-15T15:36:18,ready_on_time,11.3,0,True
ME-35341,ORD-US-35340,M-002,Crisp & Co.,2025-05-15T11:41:48,ready_on_time,16.8,0,True
ME-35342,ORD-US-35341,M-001,Green Basket Market,2025-05-15T11:36:00,ready_on_time,16.0,0,True
ME-35343,ORD-US-35342,M-002,Crisp & Co.,2025-05-15T15:52:24,ready_on_time,17.4,0,True
ME-35344,ORD-US-35343,M-004,QuickCare Pharmacy,2025-05-15T14:33:00,ready_on_time,13.0,0,True
ME-35345,ORD-US-35344,M-001,Green Basket Market,2025-05-15T19:53:48,ready_on_time,8.8,0,True
ME-35346,ORD-US-35345,M-004,QuickCare Pharmacy,2025-05-15T18:23:12,ready_on_time,13.2,0,True
ME-35347,ORD-US-35346,M-003,Pasta Garden,2025-05-15T09:11:06,ready_on_time,11.1,0,True
ME-35348,ORD-US-35347,M-002,Crisp & Co.,2025-05-15T09:37:12,ready_on_time,12.2,0,True
ME-35349,ORD-US-35348,M-004,QuickCare Pharmacy,2025-05-15T12:09:42,ready_on_time,19.7,0,True
ME-35350,ORD-US-35349,M-001,Green Basket Market,2025-05-15T10:26:12,ready_on_time,16.2,0,True
ME-35351,ORD-US-35350,M-002,Crisp & Co.,2025-05-15T18:05:48,ready_on_time,15.8,0,True
ME-35352,ORD-US-35351,M-001,Green Basket Market,2025-05-15T08:28:54,ready_on_time,18.9,0,True
ME-35353,ORD-US-35352,M-004,QuickCare Pharmacy,2025-05-15T14:17:24,ready_on_time,17.4,0,True
ME-35354,ORD-US-35353,M-002,Crisp & Co.,2025-05-15T15:36:48,ready_on_time,6.8,0,True
ME-35355,ORD-US-35354,M-002,Crisp & Co.,2025-05-15T14:41:48,ready_on_time,11.8,0,True
ME-35356,ORD-US-35355,M-003,Pasta Garden,2025-05-15T17:49:42,ready_on_time,14.7,0,True
ME-35357,ORD-US-35356,M-001,Green Basket Market,2025-05-15T09:45:30,ready_on_time,10.5,0,True
ME-35358,ORD-US-35357,M-001,Green Basket Market,2025-05-15T14:50:54,ready_on_time,10.9,0,True
ME-35359,ORD-US-35358,M-003,Pasta Garden,2025-05-15T19:00:18,ready_on_time,20.3,0,True
ME-35360,ORD-US-35359,M-003,Pasta Garden,2025-05-15T12:07:00,ready_on_time,12.0,0,True
ME-35361,ORD-US-35360,M-001,Green Basket Market,2025-05-15T09:01:18,ready_on_time,16.3,0,True
ME-35362,ORD-US-35361,M-004,QuickCare Pharmacy,2025-05-15T08:44:42,ready_on_time,9.7,0,True
ME-35363,ORD-US-35362,M-001,Green Basket Market,2025-05-15T10:17:42,ready_on_time,17.7,0,True
ME-35364,ORD-US-35363,M-003,Pasta Garden,2025-05-15T16:57:00,ready_on_time,17.0,0,True
ME-35365,ORD-US-35364,M-004,QuickCare Pharmacy,2025-05-15T13:06:00,ready_on_time,16.0,0,True
ME-35366,ORD-US-35365,M-001,Green Basket Market,2025-05-15T19:18:12,ready_on_time,13.2,0,True
ME-35367,ORD-US-35366,M-004,QuickCare Pharmacy,2025-05-15T14:56:48,ready_on_time,11.8,0,True
ME-35368,ORD-US-35367,M-003,Pasta Garden,2025-05-15T18:11:12,ready_on_time,16.2,0,True
ME-35369,ORD-US-35368,M-003,Pasta Garden,2025-05-15T12:54:12,ready_on_time,9.2,0,True
ME-35370,ORD-US-35369,M-003,Pasta Garden,2025-05-15T17:23:48,ready_on_time,8.8,0,True
ME-35371,ORD-US-35370,M-003,Pasta Garden,2025-05-15T19:53:36,ready_on_time,13.6,0,True
ME-35372,ORD-US-35371,M-004,QuickCare Pharmacy,2025-05-15T14:29:48,ready_on_time,14.8,0,True
ME-35373,ORD-US-35372,M-001,Green Basket Market,2025-05-15T09:20:54,ready_on_time,15.9,0,True
ME-35374,ORD-US-35373,M-003,Pasta Garden,2025-05-15T12:08:48,ready_on_time,23.8,0,True
ME-35375,ORD-US-35374,M-004,QuickCare Pharmacy,2025-05-15T09:48:48,ready_on_time,8.8,0,True
ME-35376,ORD-US-35375,M-006,Fresh Roots Grocery,2025-05-15T10:07:42,ready_on_time,12.7,0,True
ME-35377,ORD-US-35376,M-006,Fresh Roots Grocery,2025-05-15T11:41:18,ready_on_time,16.3,0,True
ME-35378,ORD-US-35377,M-007,Home & Handy,2025-05-15T21:06:54,ready_on_time,11.9,0,True
ME-35379,ORD-US-35378,M-005,Corner Table,2025-05-15T13:53:18,ready_on_time,8.3,0,True
ME-35380,ORD-US-35379,M-007,Home & Handy,2025-05-15T16:33:36,ready_on_time,13.6,0,True
ME-35381,ORD-US-35380,M-007,Home & Handy,2025-05-15T11:20:00,ready_on_time,20.0,0,True
ME-35382,ORD-US-35381,M-006,Fresh Roots Grocery,2025-05-15T12:36:54,ready_on_time,16.9,0,True
ME-35383,ORD-US-35382,M-006,Fresh Roots Grocery,2025-05-15T11:08:42,ready_on_time,13.7,0,True
ME-35384,ORD-US-35383,M-005,Corner Table,2025-05-15T12:58:12,ready_on_time,8.2,0,True
ME-35385,ORD-US-35384,M-006,Fresh Roots Grocery,2025-05-15T16:51:06,ready_on_time,11.1,0,True
ME-35386,ORD-US-35385,M-007,Home & Handy,2025-05-15T18:17:42,ready_on_time,22.7,0,True
ME-35387,ORD-US-35386,M-007,Home & Handy,2025-05-15T09:30:00,ready_on_time,10.0,0,True
ME-35388,ORD-US-35387,M-005,Corner Table,2025-05-15T14:53:24,ready_on_time,13.4,0,True
ME-35389,ORD-US-35388,M-005,Corner Table,2025-05-15T11:02:18,ready_on_time,12.3,0,True
ME-35390,ORD-US-35389,M-007,Home & Handy,2025-05-15T10:27:54,ready_on_time,7.9,0,True
ME-35391,ORD-US-35390,M-006,Fresh Roots Grocery,2025-05-15T13:02:54,ready_on_time,17.9,0,True
ME-35392,ORD-US-35391,M-006,Fresh Roots Grocery,2025-05-15T08:29:00,ready_on_time,9.0,0,True
ME-35393,ORD-US-35392,M-006,Fresh Roots Grocery,2025-05-15T18:56:00,ready_on_time,16.0,0,True
ME-35394,ORD-US-35393,M-005,Corner Table,2025-05-15T18:01:36,ready_on_time,11.6,0,True
ME-35395,ORD-US-35394,M-008,Noodle House,2025-05-15T15:52:48,ready_on_time,17.8,0,True
ME-35396,ORD-US-35395,M-005,Corner Table,2025-05-15T14:27:12,ready_on_time,12.2,0,True
ME-35397,ORD-US-35396,M-006,Fresh Roots Grocery,2025-05-15T15:10:42,ready_on_time,15.7,0,True
ME-35398,ORD-US-35397,M-005,Corner Table,2025-05-15T15:59:30,ready_on_time,9.5,0,True
ME-35399,ORD-US-35398,M-006,Fresh Roots Grocery,2025-05-15T14:26:36,ready_on_time,11.6,0,True
ME-35400,ORD-US-35399,M-008,Noodle House,2025-05-15T20:15:18,ready_on_time,15.3,0,True
ME-35401,ORD-US-35400,M-008,Noodle House,2025-05-15T17:04:42,ready_on_time,19.7,0,True
ME-35402,ORD-US-35401,M-005,Corner Table,2025-05-15T17:19:18,ready_on_time,19.3,0,True
ME-35403,ORD-US-35402,M-005,Corner Table,2025-05-15T08:46:18,ready_on_time,16.3,0,False
ME-35404,ORD-US-35403,M-005,Corner Table,2025-05-15T19:04:54,ready_on_time,14.9,0,True
ME-35405,ORD-US-35404,M-005,Corner Table,2025-05-15T20:53:42,ready_on_time,13.7,0,True
ME-35406,ORD-US-35405,M-008,Noodle House,2025-05-15T19:37:24,ready_on_time,7.4,0,True
ME-35407,ORD-US-35406,M-008,Noodle House,2025-05-15T15:27:24,ready_on_time,22.4,0,True
ME-35408,ORD-US-35407,M-008,Noodle House,2025-05-15T09:04:30,ready_on_time,9.5,0,True
ME-35409,ORD-US-35408,M-007,Home & Handy,2025-05-15T14:42:00,ready_on_time,12.0,0,True
ME-35410,ORD-US-35409,M-007,Home & Handy,2025-05-15T19:00:06,ready_on_time,20.1,0,True
ME-35411,ORD-US-35410,M-006,Fresh Roots Grocery,2025-05-15T13:12:36,ready_on_time,12.6,0,True
ME-35412,ORD-US-35411,M-007,Home & Handy,2025-05-15T12:15:54,ready_on_time,15.9,0,True
ME-35413,ORD-US-35412,M-005,Corner Table,2025-05-15T09:18:06,ready_on_time,13.1,0,True
ME-35414,ORD-US-35413,M-005,Corner Table,2025-05-15T08:11:42,ready_on_time,6.7,0,True
ME-35415,ORD-US-35414,M-006,Fresh Roots Grocery,2025-05-15T15:11:36,ready_on_time,16.6,0,True
ME-35416,ORD-US-35415,M-010,Burger District,2025-05-15T14:35:18,ready_on_time,15.3,0,True
ME-35417,ORD-US-35416,M-010,Burger District,2025-05-15T14:21:00,ready_on_time,11.0,0,True
ME-35418,ORD-US-35417,M-009,Daily Mart,2025-05-15T13:24:36,ready_on_time,14.6,0,True
ME-35419,ORD-US-35418,M-010,Burger District,2025-05-15T17:26:48,ready_on_time,6.8,0,True
ME-35420,ORD-US-35419,M-012,Tech Stop,2025-05-15T08:49:30,ready_on_time,19.5,0,True
ME-35421,ORD-US-35420,M-011,Wellness Pharmacy,2025-05-15T17:07:24,ready_on_time,17.4,0,True
ME-35422,ORD-US-35421,M-009,Daily Mart,2025-05-15T13:03:18,ready_on_time,18.3,0,True
ME-35423,ORD-US-35422,M-012,Tech Stop,2025-05-15T12:11:30,ready_on_time,6.5,0,True
ME-35424,ORD-US-35423,M-010,Burger District,2025-05-15T19:32:54,ready_on_time,12.9,0,True
ME-35425,ORD-US-35424,M-012,Tech Stop,2025-05-15T08:23:54,ready_on_time,18.9,0,True
ME-35426,ORD-US-35425,M-010,Burger District,2025-05-15T15:41:24,ready_on_time,21.4,0,True
ME-35427,ORD-US-35426,M-011,Wellness Pharmacy,2025-05-15T13:51:00,ready_on_time,16.0,0,True
ME-35428,ORD-US-35427,M-009,Daily Mart,2025-05-15T10:58:12,ready_on_time,18.2,0,True
ME-35429,ORD-US-35428,M-012,Tech Stop,2025-05-15T09:26:54,ready_on_time,16.9,0,True
ME-35430,ORD-US-35429,M-010,Burger District,2025-05-15T12:47:06,ready_on_time,12.1,0,True
ME-35431,ORD-US-35430,M-011,Wellness Pharmacy,2025-05-15T11:20:06,ready_on_time,20.1,0,True
ME-35432,ORD-US-35431,M-011,Wellness Pharmacy,2025-05-15T12:03:54,ready_on_time,8.9,0,True
ME-35433,ORD-US-35432,M-011,Wellness Pharmacy,2025-05-15T08:52:12,ready_on_time,12.2,0,True
ME-35434,ORD-US-35433,M-009,Daily Mart,2025-05-15T12:25:18,ready_on_time,15.3,0,True
ME-35435,ORD-US-35434,M-009,Daily Mart,2025-05-15T17:03:42,ready_on_time,18.7,0,True
ME-35436,ORD-US-35435,M-009,Daily Mart,2025-05-15T15:44:12,ready_on_time,4.2,0,True
ME-35437,ORD-US-35436,M-012,Tech Stop,2025-05-15T16:11:30,ready_on_time,11.5,0,True
ME-35438,ORD-US-35437,M-010,Burger District,2025-05-15T16:53:54,ready_on_time,13.9,0,True
ME-35439,ORD-US-35438,M-012,Tech Stop,2025-05-15T10:05:36,ready_on_time,20.6,0,True
ME-35440,ORD-US-35439,M-010,Burger District,2025-05-15T13:52:42,ready_on_time,12.7,0,True
ME-35441,ORD-US-35440,M-012,Tech Stop,2025-05-15T15:43:54,ready_on_time,13.9,0,True
ME-35442,ORD-US-35441,M-012,Tech Stop,2025-05-15T14:32:42,ready_on_time,12.7,0,True
ME-35443,ORD-US-35442,M-010,Burger District,2025-05-15T14:22:30,ready_on_time,12.5,0,True
ME-35444,ORD-US-35443,M-010,Burger District,2025-05-15T08:28:48,ready_on_time,18.8,0,True
ME-35445,ORD-US-35444,M-009,Daily Mart,2025-05-15T18:33:42,ready_on_time,8.7,0,True
ME-35446,ORD-US-35445,M-010,Burger District,2025-05-15T16:41:30,ready_on_time,11.5,0,True
ME-35447,ORD-US-35446,M-010,Burger District,2025-05-15T19:47:00,ready_on_time,12.0,0,True
ME-35448,ORD-US-35447,M-010,Burger District,2025-05-15T08:53:36,ready_on_time,13.6,0,True
ME-35449,ORD-US-35448,M-012,Tech Stop,2025-05-15T14:08:48,ready_on_time,18.8,0,True
ME-35450,ORD-US-35449,M-010,Burger District,2025-05-15T11:32:48,ready_on_time,12.8,0,True
ME-35451,ORD-US-35450,M-012,Tech Stop,2025-05-15T18:08:36,ready_on_time,13.6,0,True
ME-35452,ORD-US-35451,M-012,Tech Stop,2025-05-15T12:45:54,ready_on_time,10.9,0,True
ME-35453,ORD-US-35452,M-009,Daily Mart,2025-05-15T20:29:00,ready_on_time,9.0,0,True
ME-35454,ORD-US-35453,M-004,QuickCare Pharmacy,2025-05-16T10:06:12,ready_on_time,11.2,0,True
ME-35455,ORD-US-35454,M-002,Crisp & Co.,2025-05-16T14:49:42,ready_on_time,19.7,0,True
ME-35456,ORD-US-35455,M-001,Green Basket Market,2025-05-16T14:50:18,ready_on_time,15.3,0,True
ME-35457,ORD-US-35456,M-004,QuickCare Pharmacy,2025-05-16T14:09:06,ready_on_time,19.1,0,True
ME-35458,ORD-US-35457,M-003,Pasta Garden,2025-05-16T12:00:42,ready_on_time,10.7,0,True
ME-35459,ORD-US-35458,M-004,QuickCare Pharmacy,2025-05-16T13:58:36,ready_on_time,13.6,0,True
ME-35460,ORD-US-35459,M-002,Crisp & Co.,2025-05-16T10:16:12,ready_on_time,16.2,0,True
ME-35461,ORD-US-35460,M-001,Green Basket Market,2025-05-16T08:17:24,ready_on_time,7.4,0,True
ME-35462,ORD-US-35461,M-004,QuickCare Pharmacy,2025-05-16T16:53:00,ready_on_time,8.0,0,True
ME-35463,ORD-US-35462,M-001,Green Basket Market,2025-05-16T15:38:00,ready_on_time,3,0,True
ME-35464,ORD-US-35463,M-003,Pasta Garden,2025-05-16T19:38:06,ready_on_time,13.1,0,True
ME-35465,ORD-US-35464,M-003,Pasta Garden,2025-05-16T15:22:24,ready_on_time,12.4,0,True
ME-35466,ORD-US-35465,M-001,Green Basket Market,2025-05-16T18:14:06,ready_on_time,9.1,0,True
ME-35467,ORD-US-35466,M-003,Pasta Garden,2025-05-16T15:08:42,ready_on_time,13.7,0,True
ME-35468,ORD-US-35467,M-003,Pasta Garden,2025-05-16T20:05:06,ready_on_time,15.1,0,True
ME-35469,ORD-US-35468,M-004,QuickCare Pharmacy,2025-05-16T16:22:36,ready_on_time,17.6,0,True
ME-35470,ORD-US-35469,M-003,Pasta Garden,2025-05-16T15:04:06,ready_on_time,14.1,0,True
ME-35471,ORD-US-35470,M-001,Green Basket Market,2025-05-16T08:40:12,ready_on_time,15.2,0,True
ME-35472,ORD-US-35471,M-004,QuickCare Pharmacy,2025-05-16T13:14:18,ready_on_time,19.3,0,True
ME-35473,ORD-US-35472,M-001,Green Basket Market,2025-05-16T17:52:06,ready_on_time,12.1,0,True
ME-35474,ORD-US-35473,M-003,Pasta Garden,2025-05-16T16:40:18,ready_on_time,10.3,0,True
ME-35475,ORD-US-35474,M-002,Crisp & Co.,2025-05-16T12:08:36,ready_on_time,13.6,0,True
ME-35476,ORD-US-35475,M-004,QuickCare Pharmacy,2025-05-16T11:11:24,ready_on_time,16.4,0,True
ME-35477,ORD-US-35476,M-003,Pasta Garden,2025-05-16T14:32:24,ready_on_time,12.4,0,True
ME-35478,ORD-US-35477,M-001,Green Basket Market,2025-05-16T08:54:06,ready_on_time,14.1,0,True
ME-35479,ORD-US-35478,M-003,Pasta Garden,2025-05-16T08:43:36,ready_on_time,8.6,0,True
ME-35480,ORD-US-35479,M-004,QuickCare Pharmacy,2025-05-16T14:35:24,ready_on_time,15.4,0,True
ME-35481,ORD-US-35480,M-004,QuickCare Pharmacy,2025-05-16T16:52:24,ready_on_time,17.4,0,True
ME-35482,ORD-US-35481,M-003,Pasta Garden,2025-05-16T15:21:36,ready_on_time,6.6,0,True
ME-35483,ORD-US-35482,M-002,Crisp & Co.,2025-05-16T12:17:24,ready_on_time,12.4,0,True
ME-35484,ORD-US-35483,M-001,Green Basket Market,2025-05-16T16:29:06,ready_on_time,14.1,0,True
ME-35485,ORD-US-35484,M-002,Crisp & Co.,2025-05-16T08:28:24,ready_on_time,8.4,0,True
ME-35486,ORD-US-35485,M-003,Pasta Garden,2025-05-16T15:46:36,ready_on_time,11.6,0,True
ME-35487,ORD-US-35486,M-001,Green Basket Market,2025-05-16T19:12:24,ready_on_time,17.4,0,True
ME-35488,ORD-US-35487,M-004,QuickCare Pharmacy,2025-05-16T10:57:30,ready_on_time,7.5,0,True
ME-35489,ORD-US-35488,M-004,QuickCare Pharmacy,2025-05-16T20:09:30,ready_on_time,19.5,0,True
ME-35490,ORD-US-35489,M-004,QuickCare Pharmacy,2025-05-16T20:32:06,ready_on_time,17.1,0,True
ME-35491,ORD-US-35490,M-004,QuickCare Pharmacy,2025-05-16T16:40:06,ready_on_time,15.1,0,True
ME-35492,ORD-US-35491,M-001,Green Basket Market,2025-05-16T18:43:54,ready_on_time,13.9,0,True
ME-35493,ORD-US-35492,M-001,Green Basket Market,2025-05-16T10:29:06,ready_on_time,14.1,0,True
ME-35494,ORD-US-35493,M-003,Pasta Garden,2025-05-16T20:37:12,ready_on_time,12.2,0,True
ME-35495,ORD-US-35494,M-008,Noodle House,2025-05-16T13:27:48,ready_on_time,12.8,0,True
ME-35496,ORD-US-35495,M-006,Fresh Roots Grocery,2025-05-16T18:50:18,ready_on_time,10.3,0,True
ME-35497,ORD-US-35496,M-005,Corner Table,2025-05-16T08:48:18,ready_on_time,8.3,0,True
ME-35498,ORD-US-35497,M-007,Home & Handy,2025-05-16T12:52:18,ready_on_time,12.3,0,True
ME-35499,ORD-US-35498,M-005,Corner Table,2025-05-16T09:19:48,ready_on_time,9.8,0,True
ME-35500,ORD-US-35499,M-006,Fresh Roots Grocery,2025-05-16T13:23:30,ready_on_time,8.5,0,True
ME-35501,ORD-US-35500,M-007,Home & Handy,2025-05-16T08:24:30,ready_on_time,24.5,0,True
ME-35502,ORD-US-35501,M-005,Corner Table,2025-05-16T14:47:24,ready_on_time,22.4,0,True
ME-35503,ORD-US-35502,M-007,Home & Handy,2025-05-16T17:15:36,ready_on_time,20.6,0,True
ME-35504,ORD-US-35503,M-008,Noodle House,2025-05-16T16:13:42,ready_on_time,13.7,0,True
ME-35505,ORD-US-35504,M-007,Home & Handy,2025-05-16T09:10:24,ready_on_time,10.4,0,True
ME-35506,ORD-US-35505,M-005,Corner Table,2025-05-16T08:19:12,ready_on_time,14.2,0,True
ME-35507,ORD-US-35506,M-005,Corner Table,2025-05-16T17:31:36,ready_on_time,11.6,0,True
ME-35508,ORD-US-35507,M-007,Home & Handy,2025-05-16T12:54:36,ready_on_time,14.6,0,True
ME-35509,ORD-US-35508,M-005,Corner Table,2025-05-16T15:23:54,ready_on_time,18.9,0,True
ME-35510,ORD-US-35509,M-008,Noodle House,2025-05-16T18:43:06,ready_on_time,18.1,0,True
ME-35511,ORD-US-35510,M-005,Corner Table,2025-05-16T11:04:00,ready_on_time,19.0,0,True
ME-35512,ORD-US-35511,M-005,Corner Table,2025-05-16T17:29:42,ready_on_time,9.7,0,True
ME-35513,ORD-US-35512,M-005,Corner Table,2025-05-16T08:43:48,ready_on_time,13.8,0,True
ME-35514,ORD-US-35513,M-007,Home & Handy,2025-05-16T16:14:06,ready_on_time,14.1,0,True
ME-35515,ORD-US-35514,M-007,Home & Handy,2025-05-16T19:43:12,ready_on_time,13.2,0,True
ME-35516,ORD-US-35515,M-008,Noodle House,2025-05-16T17:38:36,ready_on_time,18.6,0,True
ME-35517,ORD-US-35516,M-005,Corner Table,2025-05-16T13:49:36,ready_on_time,14.6,0,True
ME-35518,ORD-US-35517,M-005,Corner Table,2025-05-16T20:25:54,ready_on_time,20.9,0,True
ME-35519,ORD-US-35518,M-006,Fresh Roots Grocery,2025-05-16T19:37:36,ready_on_time,12.6,0,True
ME-35520,ORD-US-35519,M-007,Home & Handy,2025-05-16T19:29:48,ready_on_time,14.8,0,True
ME-35521,ORD-US-35520,M-007,Home & Handy,2025-05-16T16:05:54,ready_on_time,15.9,0,True
ME-35522,ORD-US-35521,M-005,Corner Table,2025-05-16T16:15:36,ready_on_time,20.6,0,True
ME-35523,ORD-US-35522,M-005,Corner Table,2025-05-16T17:11:30,ready_on_time,16.5,0,True
ME-35524,ORD-US-35523,M-005,Corner Table,2025-05-16T19:39:00,ready_on_time,9.0,0,True
ME-35525,ORD-US-35524,M-006,Fresh Roots Grocery,2025-05-16T11:32:24,ready_on_time,12.4,0,True
ME-35526,ORD-US-35525,M-006,Fresh Roots Grocery,2025-05-16T12:24:18,ready_on_time,14.3,0,True
ME-35527,ORD-US-35526,M-008,Noodle House,2025-05-16T12:14:48,ready_on_time,14.8,0,True
ME-35528,ORD-US-35527,M-007,Home & Handy,2025-05-16T16:02:06,ready_on_time,12.1,0,True
ME-35529,ORD-US-35528,M-007,Home & Handy,2025-05-16T20:12:48,ready_on_time,12.8,0,True
ME-35530,ORD-US-35529,M-006,Fresh Roots Grocery,2025-05-16T15:51:18,ready_on_time,11.3,0,True
ME-35531,ORD-US-35530,M-007,Home & Handy,2025-05-16T10:40:24,ready_on_time,15.4,0,True
ME-35532,ORD-US-35531,M-007,Home & Handy,2025-05-16T08:44:30,ready_on_time,14.5,0,True
ME-35533,ORD-US-35532,M-010,Burger District,2025-05-16T08:53:36,ready_on_time,8.6,0,True
ME-35534,ORD-US-35533,M-009,Daily Mart,2025-05-16T09:32:54,ready_on_time,12.9,0,True
ME-35535,ORD-US-35534,M-012,Tech Stop,2025-05-16T19:12:18,ready_on_time,17.3,0,True
ME-35536,ORD-US-35535,M-011,Wellness Pharmacy,2025-05-16T17:50:12,ready_on_time,10.2,0,True
ME-35537,ORD-US-35536,M-010,Burger District,2025-05-16T12:30:48,ready_on_time,10.8,0,True
ME-35538,ORD-US-35537,M-009,Daily Mart,2025-05-16T20:03:54,ready_on_time,18.9,0,True
ME-35539,ORD-US-35538,M-011,Wellness Pharmacy,2025-05-16T10:54:48,ready_on_time,14.8,0,True
ME-35540,ORD-US-35539,M-012,Tech Stop,2025-05-16T16:25:54,ready_on_time,5.9,0,True
ME-35541,ORD-US-35540,M-009,Daily Mart,2025-05-16T17:09:18,ready_on_time,14.3,0,True
ME-35542,ORD-US-35541,M-012,Tech Stop,2025-05-16T10:13:36,ready_on_time,13.6,0,True
ME-35543,ORD-US-35542,M-010,Burger District,2025-05-16T13:32:42,ready_on_time,12.7,0,True
ME-35544,ORD-US-35543,M-009,Daily Mart,2025-05-16T16:43:12,ready_on_time,18.2,0,True
ME-35545,ORD-US-35544,M-012,Tech Stop,2025-05-16T19:56:54,ready_on_time,16.9,0,True
ME-35546,ORD-US-35545,M-012,Tech Stop,2025-05-16T09:44:36,ready_on_time,14.6,0,True
ME-35547,ORD-US-35546,M-010,Burger District,2025-05-16T17:32:12,ready_on_time,12.2,0,True
ME-35548,ORD-US-35547,M-012,Tech Stop,2025-05-16T18:24:36,ready_on_time,14.6,0,True
ME-35549,ORD-US-35548,M-009,Daily Mart,2025-05-16T20:07:12,ready_on_time,17.2,0,True
ME-35550,ORD-US-35549,M-011,Wellness Pharmacy,2025-05-16T13:47:12,ready_on_time,7.2,0,True
ME-35551,ORD-US-35550,M-010,Burger District,2025-05-16T16:15:48,ready_on_time,15.8,0,True
ME-35552,ORD-US-35551,M-009,Daily Mart,2025-05-16T18:58:36,ready_on_time,13.6,0,True
ME-35553,ORD-US-35552,M-010,Burger District,2025-05-16T08:32:24,ready_on_time,7.4,0,True
ME-35554,ORD-US-35553,M-009,Daily Mart,2025-05-16T20:06:54,ready_on_time,11.9,0,True
ME-35555,ORD-US-35554,M-012,Tech Stop,2025-05-16T10:05:54,ready_on_time,20.9,0,True
ME-35556,ORD-US-35555,M-012,Tech Stop,2025-05-16T15:55:36,ready_on_time,15.6,0,True
ME-35557,ORD-US-35556,M-009,Daily Mart,2025-05-16T18:49:54,ready_on_time,9.9,0,True
ME-35558,ORD-US-35557,M-010,Burger District,2025-05-16T11:14:06,ready_on_time,9.1,0,True
ME-35559,ORD-US-35558,M-012,Tech Stop,2025-05-16T12:30:24,ready_on_time,15.4,0,True
ME-35560,ORD-US-35559,M-011,Wellness Pharmacy,2025-05-16T10:17:00,ready_on_time,17.0,0,True
ME-35561,ORD-US-35560,M-011,Wellness Pharmacy,2025-05-16T19:47:00,ready_on_time,17.0,0,True
ME-35562,ORD-US-35561,M-010,Burger District,2025-05-16T08:54:00,ready_on_time,14.0,0,True
ME-35563,ORD-US-35562,M-011,Wellness Pharmacy,2025-05-16T18:38:48,ready_on_time,18.8,0,True
ME-35564,ORD-US-35563,M-010,Burger District,2025-05-16T18:23:06,ready_on_time,18.1,0,True
ME-35565,ORD-US-35564,M-010,Burger District,2025-05-16T09:20:42,ready_on_time,15.7,0,True
ME-35566,ORD-US-35565,M-009,Daily Mart,2025-05-16T11:05:30,ready_on_time,15.5,0,True
ME-35567,ORD-US-35566,M-012,Tech Stop,2025-05-16T13:08:54,ready_on_time,8.9,0,True
ME-35568,ORD-US-35567,M-009,Daily Mart,2025-05-16T16:24:06,ready_on_time,19.1,0,True
ME-35569,ORD-US-35568,M-001,Green Basket Market,2025-05-17T11:10:06,ready_on_time,10.1,0,True
ME-35570,ORD-US-35569,M-001,Green Basket Market,2025-05-17T14:32:00,ready_on_time,17.0,0,True
ME-35571,ORD-US-35570,M-002,Crisp & Co.,2025-05-17T18:41:48,ready_on_time,6.8,0,True
ME-35572,ORD-US-35571,M-002,Crisp & Co.,2025-05-17T14:43:12,ready_on_time,18.2,0,True
ME-35573,ORD-US-35572,M-001,Green Basket Market,2025-05-17T14:33:48,ready_on_time,18.8,0,True
ME-35574,ORD-US-35573,M-004,QuickCare Pharmacy,2025-05-17T08:48:54,ready_on_time,8.9,0,True
ME-35575,ORD-US-35574,M-002,Crisp & Co.,2025-05-17T14:01:24,ready_on_time,11.4,0,True
ME-35576,ORD-US-35575,M-004,QuickCare Pharmacy,2025-05-17T09:02:12,ready_on_time,12.2,0,True
ME-35577,ORD-US-35576,M-001,Green Basket Market,2025-05-17T20:27:36,ready_on_time,17.6,0,True
ME-35578,ORD-US-35577,M-001,Green Basket Market,2025-05-17T08:46:42,ready_on_time,16.7,0,True
ME-35579,ORD-US-35578,M-003,Pasta Garden,2025-05-17T15:00:24,ready_on_time,20.4,0,True
ME-35580,ORD-US-35579,M-003,Pasta Garden,2025-05-17T08:29:18,ready_on_time,19.3,0,True
ME-35581,ORD-US-35580,M-003,Pasta Garden,2025-05-17T16:14:48,ready_on_time,14.8,0,True
ME-35582,ORD-US-35581,M-002,Crisp & Co.,2025-05-17T19:44:12,ready_on_time,19.2,0,True
ME-35583,ORD-US-35582,M-001,Green Basket Market,2025-05-17T11:14:18,ready_on_time,14.3,0,True
ME-35584,ORD-US-35583,M-004,QuickCare Pharmacy,2025-05-17T17:54:54,ready_on_time,14.9,0,True
ME-35585,ORD-US-35584,M-004,QuickCare Pharmacy,2025-05-17T11:56:48,ready_on_time,16.8,0,True
ME-35586,ORD-US-35585,M-004,QuickCare Pharmacy,2025-05-17T19:38:42,ready_on_time,13.7,0,True
ME-35587,ORD-US-35586,M-004,QuickCare Pharmacy,2025-05-17T20:51:42,ready_on_time,16.7,0,True
ME-35588,ORD-US-35587,M-003,Pasta Garden,2025-05-17T16:06:06,ready_on_time,21.1,0,True
ME-35589,ORD-US-35588,M-002,Crisp & Co.,2025-05-17T11:34:00,ready_on_time,14.0,0,True
ME-35590,ORD-US-35589,M-001,Green Basket Market,2025-05-17T13:13:42,ready_on_time,13.7,0,True
ME-35591,ORD-US-35590,M-001,Green Basket Market,2025-05-17T21:00:54,ready_on_time,15.9,0,True
ME-35592,ORD-US-35591,M-002,Crisp & Co.,2025-05-17T15:51:00,ready_on_time,16.0,0,True
ME-35593,ORD-US-35592,M-004,QuickCare Pharmacy,2025-05-17T15:14:30,ready_on_time,9.5,0,True
ME-35594,ORD-US-35593,M-003,Pasta Garden,2025-05-17T10:05:24,ready_on_time,5.4,0,True
ME-35595,ORD-US-35594,M-001,Green Basket Market,2025-05-17T13:19:12,ready_on_time,14.2,0,True
ME-35596,ORD-US-35595,M-002,Crisp & Co.,2025-05-17T14:54:30,ready_on_time,14.5,0,True
ME-35597,ORD-US-35596,M-004,QuickCare Pharmacy,2025-05-17T16:30:24,ready_on_time,20.4,0,True
ME-35598,ORD-US-35597,M-002,Crisp & Co.,2025-05-17T20:52:24,ready_on_time,12.4,0,True
ME-35599,ORD-US-35598,M-002,Crisp & Co.,2025-05-17T19:19:36,ready_on_time,14.6,0,True
ME-35600,ORD-US-35599,M-004,QuickCare Pharmacy,2025-05-17T09:10:00,ready_on_time,20.0,0,True
ME-35601,ORD-US-35600,M-003,Pasta Garden,2025-05-17T18:42:54,ready_on_time,12.9,0,True
ME-35602,ORD-US-35601,M-002,Crisp & Co.,2025-05-17T11:39:36,ready_on_time,14.6,0,True
ME-35603,ORD-US-35602,M-002,Crisp & Co.,2025-05-17T18:14:24,ready_on_time,14.4,0,True
ME-35604,ORD-US-35603,M-001,Green Basket Market,2025-05-17T13:57:48,ready_on_time,12.8,0,True
ME-35605,ORD-US-35604,M-004,QuickCare Pharmacy,2025-05-17T11:05:06,ready_on_time,15.1,0,True
ME-35606,ORD-US-35605,M-002,Crisp & Co.,2025-05-17T17:13:30,ready_on_time,13.5,0,True
ME-35607,ORD-US-35606,M-001,Green Basket Market,2025-05-17T11:42:00,ready_on_time,12.0,0,True
ME-35608,ORD-US-35607,M-001,Green Basket Market,2025-05-17T09:25:48,ready_on_time,10.8,0,True
ME-35609,ORD-US-35608,M-001,Green Basket Market,2025-05-17T16:11:54,ready_on_time,11.9,0,True
ME-35610,ORD-US-35609,M-002,Crisp & Co.,2025-05-17T15:54:54,ready_on_time,9.9,0,True
ME-35611,ORD-US-35610,M-005,Corner Table,2025-05-17T12:09:24,ready_on_time,14.4,0,True
ME-35612,ORD-US-35611,M-006,Fresh Roots Grocery,2025-05-17T17:37:42,ready_on_time,12.7,0,True
ME-35613,ORD-US-35612,M-008,Noodle House,2025-05-17T09:47:48,ready_on_time,7.8,0,True
ME-35614,ORD-US-35613,M-008,Noodle House,2025-05-17T15:20:30,ready_on_time,20.5,0,True
ME-35615,ORD-US-35614,M-006,Fresh Roots Grocery,2025-05-17T16:02:42,ready_on_time,12.7,0,True
ME-35616,ORD-US-35615,M-008,Noodle House,2025-05-17T14:10:12,ready_on_time,10.2,0,True
ME-35617,ORD-US-35616,M-006,Fresh Roots Grocery,2025-05-17T17:39:42,ready_on_time,14.7,0,True
ME-35618,ORD-US-35617,M-007,Home & Handy,2025-05-17T15:32:06,ready_on_time,12.1,0,True
ME-35619,ORD-US-35618,M-008,Noodle House,2025-05-17T10:34:18,ready_on_time,14.3,0,True
ME-35620,ORD-US-35619,M-008,Noodle House,2025-05-17T13:41:00,ready_on_time,11.0,0,True
ME-35621,ORD-US-35620,M-006,Fresh Roots Grocery,2025-05-17T14:50:12,ready_on_time,15.2,0,True
ME-35622,ORD-US-35621,M-007,Home & Handy,2025-05-17T20:02:30,ready_on_time,17.5,0,True
ME-35623,ORD-US-35622,M-007,Home & Handy,2025-05-17T15:40:24,ready_on_time,15.4,0,True
ME-35624,ORD-US-35623,M-008,Noodle House,2025-05-17T09:56:30,ready_on_time,11.5,0,True
ME-35625,ORD-US-35624,M-006,Fresh Roots Grocery,2025-05-17T14:54:12,ready_on_time,14.2,0,True
ME-35626,ORD-US-35625,M-008,Noodle House,2025-05-17T16:05:24,ready_on_time,15.4,0,True
ME-35627,ORD-US-35626,M-007,Home & Handy,2025-05-17T17:36:18,ready_on_time,21.3,0,True
ME-35628,ORD-US-35627,M-008,Noodle House,2025-05-17T17:49:24,ready_on_time,9.4,0,True
ME-35629,ORD-US-35628,M-005,Corner Table,2025-05-17T12:12:24,ready_on_time,12.4,0,True
ME-35630,ORD-US-35629,M-008,Noodle House,2025-05-17T19:26:00,ready_on_time,11.0,0,True
ME-35631,ORD-US-35630,M-005,Corner Table,2025-05-17T13:43:48,ready_on_time,13.8,0,True
ME-35632,ORD-US-35631,M-008,Noodle House,2025-05-17T16:37:30,ready_on_time,12.5,0,True
ME-35633,ORD-US-35632,M-008,Noodle House,2025-05-17T16:36:30,ready_on_time,6.5,0,True
ME-35634,ORD-US-35633,M-006,Fresh Roots Grocery,2025-05-17T19:48:36,ready_on_time,8.6,0,True
ME-35635,ORD-US-35634,M-005,Corner Table,2025-05-17T11:50:30,ready_on_time,10.5,0,True
ME-35636,ORD-US-35635,M-005,Corner Table,2025-05-17T19:31:24,ready_on_time,16.4,0,True
ME-35637,ORD-US-35636,M-006,Fresh Roots Grocery,2025-05-17T20:08:42,ready_on_time,13.7,0,True
ME-35638,ORD-US-35637,M-007,Home & Handy,2025-05-17T14:37:54,ready_on_time,12.9,0,True
ME-35639,ORD-US-35638,M-006,Fresh Roots Grocery,2025-05-17T17:07:36,ready_on_time,17.6,0,True
ME-35640,ORD-US-35639,M-006,Fresh Roots Grocery,2025-05-17T16:30:42,ready_on_time,10.7,0,True
ME-35641,ORD-US-35640,M-005,Corner Table,2025-05-17T14:16:06,ready_on_time,21.1,0,True
ME-35642,ORD-US-35641,M-007,Home & Handy,2025-05-17T16:11:42,ready_on_time,16.7,0,True
ME-35643,ORD-US-35642,M-006,Fresh Roots Grocery,2025-05-17T18:23:06,ready_on_time,13.1,0,True
ME-35644,ORD-US-35643,M-008,Noodle House,2025-05-17T10:34:30,ready_on_time,9.5,0,True
ME-35645,ORD-US-35644,M-005,Corner Table,2025-05-17T13:02:30,ready_on_time,17.5,0,True
ME-35646,ORD-US-35645,M-005,Corner Table,2025-05-17T14:10:06,ready_on_time,15.1,0,True
ME-35647,ORD-US-35646,M-006,Fresh Roots Grocery,2025-05-17T19:55:48,ready_on_time,10.8,0,True
ME-35648,ORD-US-35647,M-006,Fresh Roots Grocery,2025-05-17T10:44:18,ready_on_time,14.3,0,True
ME-35649,ORD-US-35648,M-006,Fresh Roots Grocery,2025-05-17T08:19:42,ready_on_time,4.7,0,True
ME-35650,ORD-US-35649,M-007,Home & Handy,2025-05-17T17:53:42,ready_on_time,8.7,0,True
ME-35651,ORD-US-35650,M-007,Home & Handy,2025-05-17T20:39:30,ready_on_time,9.5,0,True
ME-35652,ORD-US-35651,M-007,Home & Handy,2025-05-17T16:25:00,ready_on_time,10.0,0,True
ME-35653,ORD-US-35652,M-006,Fresh Roots Grocery,2025-05-17T08:55:42,ready_on_time,10.7,0,True
ME-35654,ORD-US-35653,M-007,Home & Handy,2025-05-17T17:25:30,ready_on_time,15.5,0,True
ME-35655,ORD-US-35654,M-005,Corner Table,2025-05-17T11:01:36,ready_on_time,11.6,0,True
ME-35656,ORD-US-35655,M-010,Burger District,2025-05-17T10:22:42,ready_on_time,12.7,0,True
ME-35657,ORD-US-35656,M-009,Daily Mart,2025-05-17T20:07:30,ready_on_time,12.5,0,True
ME-35658,ORD-US-35657,M-009,Daily Mart,2025-05-17T18:11:24,ready_on_time,6.4,0,True
ME-35659,ORD-US-35658,M-012,Tech Stop,2025-05-17T17:27:12,ready_on_time,12.2,0,True
ME-35660,ORD-US-35659,M-010,Burger District,2025-05-17T15:39:48,ready_on_time,14.8,0,True
ME-35661,ORD-US-35660,M-012,Tech Stop,2025-05-17T19:28:24,ready_on_time,13.4,0,True
ME-35662,ORD-US-35661,M-010,Burger District,2025-05-17T18:53:48,ready_on_time,23.8,0,True
ME-35663,ORD-US-35662,M-009,Daily Mart,2025-05-17T19:27:24,ready_on_time,17.4,0,True
ME-35664,ORD-US-35663,M-011,Wellness Pharmacy,2025-05-17T15:54:54,ready_on_time,14.9,0,True
ME-35665,ORD-US-35664,M-012,Tech Stop,2025-05-17T09:26:30,ready_on_time,6.5,0,True
ME-35666,ORD-US-35665,M-012,Tech Stop,2025-05-17T12:58:12,ready_on_time,18.2,0,True
ME-35667,ORD-US-35666,M-010,Burger District,2025-05-17T16:13:48,ready_on_time,13.8,0,True
ME-35668,ORD-US-35667,M-009,Daily Mart,2025-05-17T17:26:30,ready_on_time,16.5,0,True
ME-35669,ORD-US-35668,M-012,Tech Stop,2025-05-17T12:12:24,ready_on_time,7.4,0,True
ME-35670,ORD-US-35669,M-010,Burger District,2025-05-17T11:50:30,ready_on_time,10.5,0,True
ME-35671,ORD-US-35670,M-009,Daily Mart,2025-05-17T19:49:18,ready_on_time,9.3,0,True
ME-35672,ORD-US-35671,M-010,Burger District,2025-05-17T20:36:12,ready_on_time,11.2,0,True
ME-35673,ORD-US-35672,M-012,Tech Stop,2025-05-17T11:41:00,ready_on_time,16.0,0,True
ME-35674,ORD-US-35673,M-009,Daily Mart,2025-05-17T18:17:36,ready_on_time,12.6,0,True
ME-35675,ORD-US-35674,M-012,Tech Stop,2025-05-17T16:23:06,ready_on_time,13.1,0,True
ME-35676,ORD-US-35675,M-012,Tech Stop,2025-05-17T20:23:06,ready_on_time,18.1,0,True
ME-35677,ORD-US-35676,M-009,Daily Mart,2025-05-17T20:21:06,ready_on_time,6.1,0,True
ME-35678,ORD-US-35677,M-012,Tech Stop,2025-05-17T19:12:30,ready_on_time,12.5,0,True
ME-35679,ORD-US-35678,M-011,Wellness Pharmacy,2025-05-17T09:42:48,ready_on_time,7.8,0,True
ME-35680,ORD-US-35679,M-010,Burger District,2025-05-17T15:21:30,ready_on_time,16.5,0,True
ME-35681,ORD-US-35680,M-012,Tech Stop,2025-05-17T14:17:54,ready_on_time,12.9,0,True
ME-35682,ORD-US-35681,M-009,Daily Mart,2025-05-17T15:52:00,ready_on_time,12.0,0,True
ME-35683,ORD-US-35682,M-010,Burger District,2025-05-17T16:33:18,ready_on_time,13.3,0,True
ME-35684,ORD-US-35683,M-011,Wellness Pharmacy,2025-05-17T08:43:36,ready_on_time,8.6,0,True
ME-35685,ORD-US-35684,M-009,Daily Mart,2025-05-17T11:06:48,ready_on_time,21.8,0,True
ME-35686,ORD-US-35685,M-009,Daily Mart,2025-05-17T13:47:00,ready_on_time,12.0,0,True
ME-35687,ORD-US-35686,M-011,Wellness Pharmacy,2025-05-17T19:20:30,ready_on_time,15.5,0,True
ME-35688,ORD-US-35687,M-011,Wellness Pharmacy,2025-05-17T15:27:18,ready_on_time,17.3,0,True
ME-35689,ORD-US-35688,M-009,Daily Mart,2025-05-17T10:05:48,ready_on_time,15.8,0,True
ME-35690,ORD-US-35689,M-010,Burger District,2025-05-17T08:49:36,ready_on_time,14.6,0,True
ME-35691,ORD-US-35690,M-009,Daily Mart,2025-05-17T08:30:06,ready_on_time,20.1,0,True
ME-35692,ORD-US-35691,M-009,Daily Mart,2025-05-17T15:58:48,ready_on_time,8.8,0,True
ME-35693,ORD-US-35692,M-011,Wellness Pharmacy,2025-05-17T19:45:48,ready_on_time,15.8,0,True
ME-35694,ORD-US-35693,M-011,Wellness Pharmacy,2025-05-17T08:23:24,ready_on_time,13.4,0,True
ME-35695,ORD-US-35694,M-012,Tech Stop,2025-05-17T08:26:30,ready_on_time,11.5,0,True
ME-35696,ORD-US-35695,M-010,Burger District,2025-05-17T10:25:12,ready_on_time,10.2,0,True
ME-35697,ORD-US-35696,M-004,QuickCare Pharmacy,2025-05-18T17:10:54,ready_on_time,10.9,0,True
ME-35698,ORD-US-35697,M-001,Green Basket Market,2025-05-18T18:53:18,ready_on_time,8.3,0,True
ME-35699,ORD-US-35698,M-003,Pasta Garden,2025-05-18T20:01:42,ready_on_time,11.7,0,True
ME-35700,ORD-US-35699,M-002,Crisp & Co.,2025-05-18T12:55:48,ready_on_time,5.8,0,True
ME-35701,ORD-US-35700,M-002,Crisp & Co.,2025-05-18T18:44:48,ready_on_time,14.8,0,True
ME-35702,ORD-US-35701,M-002,Crisp & Co.,2025-05-18T08:35:00,ready_on_time,10.0,0,True
ME-35703,ORD-US-35702,M-001,Green Basket Market,2025-05-18T17:35:54,ready_on_time,10.9,0,True
ME-35704,ORD-US-35703,M-001,Green Basket Market,2025-05-18T11:03:42,ready_on_time,13.7,0,True
ME-35705,ORD-US-35704,M-003,Pasta Garden,2025-05-18T09:59:36,ready_on_time,9.6,0,True
ME-35706,ORD-US-35705,M-004,QuickCare Pharmacy,2025-05-18T08:28:24,ready_on_time,8.4,0,True
ME-35707,ORD-US-35706,M-002,Crisp & Co.,2025-05-18T08:22:00,ready_on_time,22.0,0,True
ME-35708,ORD-US-35707,M-004,QuickCare Pharmacy,2025-05-18T19:13:36,ready_on_time,18.6,0,True
ME-35709,ORD-US-35708,M-001,Green Basket Market,2025-05-18T11:35:42,ready_on_time,20.7,0,True
ME-35710,ORD-US-35709,M-004,QuickCare Pharmacy,2025-05-18T14:57:54,ready_on_time,12.9,0,True
ME-35711,ORD-US-35710,M-001,Green Basket Market,2025-05-18T08:43:30,ready_on_time,18.5,0,True
ME-35712,ORD-US-35711,M-004,QuickCare Pharmacy,2025-05-18T15:11:18,ready_on_time,11.3,0,True
ME-35713,ORD-US-35712,M-002,Crisp & Co.,2025-05-18T19:09:24,ready_on_time,14.4,0,True
ME-35714,ORD-US-35713,M-004,QuickCare Pharmacy,2025-05-18T08:23:12,ready_on_time,18.2,0,True
ME-35715,ORD-US-35714,M-003,Pasta Garden,2025-05-18T12:08:36,ready_on_time,18.6,0,True
ME-35716,ORD-US-35715,M-003,Pasta Garden,2025-05-18T19:40:48,ready_on_time,10.8,0,True
ME-35717,ORD-US-35716,M-001,Green Basket Market,2025-05-18T21:05:12,ready_on_time,10.2,0,True
ME-35718,ORD-US-35717,M-004,QuickCare Pharmacy,2025-05-18T18:33:00,ready_on_time,18.0,0,True
ME-35719,ORD-US-35718,M-001,Green Basket Market,2025-05-18T13:05:24,ready_on_time,15.4,0,True
ME-35720,ORD-US-35719,M-002,Crisp & Co.,2025-05-18T16:56:36,ready_on_time,21.6,0,True
ME-35721,ORD-US-35720,M-001,Green Basket Market,2025-05-18T19:02:54,ready_on_time,7.9,0,True
ME-35722,ORD-US-35721,M-003,Pasta Garden,2025-05-18T11:48:42,ready_on_time,8.7,0,True
ME-35723,ORD-US-35722,M-002,Crisp & Co.,2025-05-18T12:37:42,ready_on_time,12.7,0,True
ME-35724,ORD-US-35723,M-002,Crisp & Co.,2025-05-18T09:53:06,ready_on_time,18.1,0,True
ME-35725,ORD-US-35724,M-001,Green Basket Market,2025-05-18T21:02:30,ready_on_time,17.5,0,True
ME-35726,ORD-US-35725,M-004,QuickCare Pharmacy,2025-05-18T17:15:00,ready_on_time,10.0,0,True
ME-35727,ORD-US-35726,M-004,QuickCare Pharmacy,2025-05-18T13:59:54,ready_on_time,14.9,0,True
ME-35728,ORD-US-35727,M-003,Pasta Garden,2025-05-18T15:26:42,ready_on_time,16.7,0,True
ME-35729,ORD-US-35728,M-003,Pasta Garden,2025-05-18T18:24:30,ready_on_time,19.5,0,True
ME-35730,ORD-US-35729,M-004,QuickCare Pharmacy,2025-05-18T09:48:06,ready_on_time,13.1,0,True
ME-35731,ORD-US-35730,M-003,Pasta Garden,2025-05-18T08:59:12,ready_on_time,19.2,0,True
ME-35732,ORD-US-35731,M-001,Green Basket Market,2025-05-18T12:52:12,ready_on_time,17.2,0,True
ME-35733,ORD-US-35732,M-003,Pasta Garden,2025-05-18T13:26:18,ready_on_time,11.3,0,True
ME-35734,ORD-US-35733,M-002,Crisp & Co.,2025-05-18T12:56:30,ready_on_time,11.5,0,True
ME-35735,ORD-US-35734,M-003,Pasta Garden,2025-05-18T18:07:18,ready_on_time,22.3,0,True
ME-35736,ORD-US-35735,M-005,Corner Table,2025-05-18T14:40:18,ready_on_time,10.3,0,True
ME-35737,ORD-US-35736,M-006,Fresh Roots Grocery,2025-05-18T10:03:42,ready_on_time,8.7,0,True
ME-35738,ORD-US-35737,M-007,Home & Handy,2025-05-18T13:04:48,ready_on_time,9.8,0,True
ME-35739,ORD-US-35738,M-007,Home & Handy,2025-05-18T17:23:42,ready_on_time,13.7,0,True
ME-35740,ORD-US-35739,M-007,Home & Handy,2025-05-18T19:42:06,ready_on_time,17.1,0,True
ME-35741,ORD-US-35740,M-005,Corner Table,2025-05-18T18:18:54,ready_on_time,8.9,0,True
ME-35742,ORD-US-35741,M-006,Fresh Roots Grocery,2025-05-18T11:31:00,ready_on_time,21.0,0,True
ME-35743,ORD-US-35742,M-005,Corner Table,2025-05-18T12:33:30,ready_on_time,8.5,0,True
ME-35744,ORD-US-35743,M-008,Noodle House,2025-05-18T17:03:24,ready_on_time,8.4,0,True
ME-35745,ORD-US-35744,M-006,Fresh Roots Grocery,2025-05-18T11:24:06,ready_on_time,14.1,0,True
ME-35746,ORD-US-35745,M-008,Noodle House,2025-05-18T10:34:18,ready_on_time,9.3,0,True
ME-35747,ORD-US-35746,M-006,Fresh Roots Grocery,2025-05-18T11:33:06,ready_on_time,18.1,0,True
ME-35748,ORD-US-35747,M-008,Noodle House,2025-05-18T19:25:00,ready_on_time,10.0,0,True
ME-35749,ORD-US-35748,M-005,Corner Table,2025-05-18T20:26:30,ready_on_time,11.5,0,True
ME-35750,ORD-US-35749,M-005,Corner Table,2025-05-18T16:38:24,ready_on_time,18.4,0,True
ME-35751,ORD-US-35750,M-006,Fresh Roots Grocery,2025-05-18T17:46:36,ready_on_time,21.6,0,True
ME-35752,ORD-US-35751,M-005,Corner Table,2025-05-18T12:31:30,ready_on_time,11.5,0,True
ME-35753,ORD-US-35752,M-006,Fresh Roots Grocery,2025-05-18T20:46:36,ready_on_time,16.6,0,True
ME-35754,ORD-US-35753,M-007,Home & Handy,2025-05-18T16:44:18,ready_on_time,9.3,0,True
ME-35755,ORD-US-35754,M-008,Noodle House,2025-05-18T17:06:30,ready_on_time,21.5,0,True
ME-35756,ORD-US-35755,M-006,Fresh Roots Grocery,2025-05-18T19:42:54,ready_on_time,17.9,0,True
ME-35757,ORD-US-35756,M-007,Home & Handy,2025-05-18T16:04:54,ready_on_time,14.9,0,True
ME-35758,ORD-US-35757,M-008,Noodle House,2025-05-18T10:57:42,ready_on_time,12.7,0,True
ME-35759,ORD-US-35758,M-007,Home & Handy,2025-05-18T13:29:18,ready_on_time,14.3,0,True
ME-35760,ORD-US-35759,M-005,Corner Table,2025-05-18T09:27:00,ready_on_time,17.0,0,True
ME-35761,ORD-US-35760,M-007,Home & Handy,2025-05-18T10:55:24,ready_on_time,20.4,0,True
ME-35762,ORD-US-35761,M-005,Corner Table,2025-05-18T19:22:18,ready_on_time,12.3,0,True
ME-35763,ORD-US-35762,M-008,Noodle House,2025-05-18T16:33:30,ready_on_time,23.5,0,True
ME-35764,ORD-US-35763,M-008,Noodle House,2025-05-18T19:59:06,ready_on_time,19.1,0,True
ME-35765,ORD-US-35764,M-006,Fresh Roots Grocery,2025-05-18T13:05:54,ready_on_time,15.9,0,True
ME-35766,ORD-US-35765,M-007,Home & Handy,2025-05-18T11:06:36,ready_on_time,11.6,0,True
ME-35767,ORD-US-35766,M-007,Home & Handy,2025-05-18T19:42:12,ready_on_time,12.2,0,True
ME-35768,ORD-US-35767,M-008,Noodle House,2025-05-18T10:26:12,ready_on_time,6.2,0,True
ME-35769,ORD-US-35768,M-008,Noodle House,2025-05-18T18:31:42,ready_on_time,16.7,0,True
ME-35770,ORD-US-35769,M-007,Home & Handy,2025-05-18T21:06:00,ready_on_time,11.0,0,True
ME-35771,ORD-US-35770,M-007,Home & Handy,2025-05-18T11:37:48,ready_on_time,22.8,0,True
ME-35772,ORD-US-35771,M-011,Wellness Pharmacy,2025-05-18T08:50:24,ready_on_time,10.4,0,True
ME-35773,ORD-US-35772,M-010,Burger District,2025-05-18T14:13:00,ready_on_time,13.0,0,True
ME-35774,ORD-US-35773,M-010,Burger District,2025-05-18T11:50:00,ready_on_time,15.0,0,True
ME-35775,ORD-US-35774,M-011,Wellness Pharmacy,2025-05-18T10:58:18,ready_on_time,13.3,0,True
ME-35776,ORD-US-35775,M-011,Wellness Pharmacy,2025-05-18T10:44:36,ready_on_time,14.6,0,True
ME-35777,ORD-US-35776,M-012,Tech Stop,2025-05-18T17:49:00,ready_on_time,14.0,0,True
ME-35778,ORD-US-35777,M-009,Daily Mart,2025-05-18T20:50:06,ready_on_time,15.1,0,True
ME-35779,ORD-US-35778,M-009,Daily Mart,2025-05-18T09:02:00,ready_on_time,17.0,0,True
ME-35780,ORD-US-35779,M-011,Wellness Pharmacy,2025-05-18T15:50:54,ready_on_time,15.9,0,True
ME-35781,ORD-US-35780,M-012,Tech Stop,2025-05-18T14:06:00,ready_on_time,11.0,0,True
ME-35782,ORD-US-35781,M-012,Tech Stop,2025-05-18T17:12:54,ready_on_time,17.9,0,True
ME-35783,ORD-US-35782,M-009,Daily Mart,2025-05-18T18:26:48,ready_on_time,16.8,0,True
ME-35784,ORD-US-35783,M-012,Tech Stop,2025-05-18T11:13:36,ready_on_time,13.6,0,True
ME-35785,ORD-US-35784,M-010,Burger District,2025-05-18T10:01:36,ready_on_time,11.6,0,True
ME-35786,ORD-US-35785,M-009,Daily Mart,2025-05-18T09:39:00,ready_on_time,14.0,0,True
ME-35787,ORD-US-35786,M-011,Wellness Pharmacy,2025-05-18T20:49:24,ready_on_time,9.4,0,True
ME-35788,ORD-US-35787,M-010,Burger District,2025-05-18T11:42:06,ready_on_time,12.1,0,True
ME-35789,ORD-US-35788,M-010,Burger District,2025-05-18T15:52:18,ready_on_time,12.3,0,True
ME-35790,ORD-US-35789,M-009,Daily Mart,2025-05-18T20:33:54,ready_on_time,13.9,0,True
ME-35791,ORD-US-35790,M-011,Wellness Pharmacy,2025-05-18T17:00:06,ready_on_time,15.1,0,True
ME-35792,ORD-US-35791,M-010,Burger District,2025-05-18T11:45:12,ready_on_time,15.2,0,True
ME-35793,ORD-US-35792,M-009,Daily Mart,2025-05-18T17:33:24,ready_on_time,13.4,0,True
ME-35794,ORD-US-35793,M-009,Daily Mart,2025-05-18T15:17:36,ready_on_time,12.6,0,True
ME-35795,ORD-US-35794,M-011,Wellness Pharmacy,2025-05-18T12:04:48,ready_on_time,9.8,0,True
ME-35796,ORD-US-35795,M-009,Daily Mart,2025-05-18T19:59:36,ready_on_time,14.6,0,True
ME-35797,ORD-US-35796,M-012,Tech Stop,2025-05-18T18:30:00,ready_on_time,10.0,0,True
ME-35798,ORD-US-35797,M-009,Daily Mart,2025-05-18T16:27:24,ready_on_time,17.4,0,True
ME-35799,ORD-US-35798,M-009,Daily Mart,2025-05-18T19:59:06,ready_on_time,9.1,0,True
ME-35800,ORD-US-35799,M-011,Wellness Pharmacy,2025-05-18T08:32:00,ready_on_time,17.0,0,True
ME-35801,ORD-US-35800,M-009,Daily Mart,2025-05-18T16:02:18,ready_on_time,12.3,0,True
ME-35802,ORD-US-35801,M-012,Tech Stop,2025-05-18T21:03:54,ready_on_time,8.9,0,True
ME-35803,ORD-US-35802,M-011,Wellness Pharmacy,2025-05-18T16:22:48,ready_on_time,12.8,0,True
ME-35804,ORD-US-35803,M-010,Burger District,2025-05-18T10:20:00,ready_on_time,15.0,0,True
ME-35805,ORD-US-35804,M-011,Wellness Pharmacy,2025-05-18T10:01:12,ready_on_time,11.2,0,True
ME-35806,ORD-US-35805,M-009,Daily Mart,2025-05-18T17:43:36,ready_on_time,13.6,0,True
ME-35807,ORD-US-35806,M-012,Tech Stop,2025-05-18T14:28:12,ready_on_time,8.2,0,True
ME-35808,ORD-US-35807,M-010,Burger District,2025-05-18T18:20:06,ready_on_time,15.1,0,True
ME-35809,ORD-US-35808,M-012,Tech Stop,2025-05-18T16:28:42,ready_on_time,8.7,0,True
ME-35810,ORD-US-35809,M-009,Daily Mart,2025-05-18T09:43:54,ready_on_time,8.9,0,True
ME-35811,ORD-US-35810,M-012,Tech Stop,2025-05-18T15:04:54,ready_on_time,24.9,0,True
ME-35812,ORD-US-35811,M-010,Burger District,2025-05-18T20:33:24,ready_on_time,13.4,0,True
ME-35813,ORD-US-35812,M-003,Pasta Garden,2025-05-19T09:01:24,ready_on_time,16.4,0,True
ME-35814,ORD-US-35813,M-001,Green Basket Market,2025-05-19T18:33:36,ready_on_time,13.6,0,True
ME-35815,ORD-US-35814,M-003,Pasta Garden,2025-05-19T20:02:12,ready_on_time,12.2,0,True
ME-35816,ORD-US-35815,M-001,Green Basket Market,2025-05-19T14:48:54,ready_on_time,3.9,0,True
ME-35817,ORD-US-35816,M-001,Green Basket Market,2025-05-19T11:02:48,ready_on_time,12.8,0,True
ME-35818,ORD-US-35817,M-003,Pasta Garden,2025-05-19T15:36:18,ready_on_time,11.3,0,True
ME-35819,ORD-US-35818,M-002,Crisp & Co.,2025-05-19T18:41:00,ready_on_time,16.0,0,True
ME-35820,ORD-US-35819,M-001,Green Basket Market,2025-05-19T17:46:24,ready_on_time,16.4,0,True
ME-35821,ORD-US-35820,M-001,Green Basket Market,2025-05-19T09:36:12,ready_on_time,16.2,0,True
ME-35822,ORD-US-35821,M-001,Green Basket Market,2025-05-19T13:03:18,ready_on_time,13.3,0,True
ME-35823,ORD-US-35822,M-003,Pasta Garden,2025-05-19T12:17:12,ready_on_time,12.2,0,True
ME-35824,ORD-US-35823,M-002,Crisp & Co.,2025-05-19T17:22:30,ready_on_time,22.5,0,True
ME-35825,ORD-US-35824,M-003,Pasta Garden,2025-05-19T12:46:06,ready_on_time,16.1,0,True
ME-35826,ORD-US-35825,M-001,Green Basket Market,2025-05-19T19:21:30,ready_on_time,11.5,0,True
ME-35827,ORD-US-35826,M-004,QuickCare Pharmacy,2025-05-19T17:03:36,ready_on_time,13.6,0,True
ME-35828,ORD-US-35827,M-002,Crisp & Co.,2025-05-19T10:51:36,ready_on_time,11.6,0,True
ME-35829,ORD-US-35828,M-004,QuickCare Pharmacy,2025-05-19T10:56:30,ready_on_time,16.5,0,True
ME-35830,ORD-US-35829,M-003,Pasta Garden,2025-05-19T18:16:12,ready_on_time,16.2,0,True
ME-35831,ORD-US-35830,M-002,Crisp & Co.,2025-05-19T14:12:06,ready_on_time,12.1,0,True
ME-35832,ORD-US-35831,M-004,QuickCare Pharmacy,2025-05-19T18:45:00,ready_on_time,15.0,0,True
ME-35833,ORD-US-35832,M-001,Green Basket Market,2025-05-19T11:19:36,ready_on_time,14.6,0,True
ME-35834,ORD-US-35833,M-001,Green Basket Market,2025-05-19T14:53:48,ready_on_time,18.8,0,True
ME-35835,ORD-US-35834,M-003,Pasta Garden,2025-05-19T10:07:30,ready_on_time,17.5,0,True
ME-35836,ORD-US-35835,M-003,Pasta Garden,2025-05-19T12:56:06,ready_on_time,11.1,0,True
ME-35837,ORD-US-35836,M-001,Green Basket Market,2025-05-19T18:04:12,ready_on_time,14.2,0,True
ME-35838,ORD-US-35837,M-002,Crisp & Co.,2025-05-19T18:21:36,ready_on_time,6.6,0,True
ME-35839,ORD-US-35838,M-001,Green Basket Market,2025-05-19T18:37:06,ready_on_time,27.1,0,True
ME-35840,ORD-US-35839,M-001,Green Basket Market,2025-05-19T18:58:48,ready_on_time,13.8,0,True
ME-35841,ORD-US-35840,M-003,Pasta Garden,2025-05-19T10:41:30,ready_on_time,16.5,0,True
ME-35842,ORD-US-35841,M-004,QuickCare Pharmacy,2025-05-19T20:01:06,ready_on_time,6.1,0,True
ME-35843,ORD-US-35842,M-004,QuickCare Pharmacy,2025-05-19T13:51:30,ready_on_time,6.5,0,True
ME-35844,ORD-US-35843,M-003,Pasta Garden,2025-05-19T15:56:12,ready_on_time,11.2,0,True
ME-35845,ORD-US-35844,M-003,Pasta Garden,2025-05-19T09:15:18,ready_on_time,5.3,0,True
ME-35846,ORD-US-35845,M-003,Pasta Garden,2025-05-19T08:24:12,ready_on_time,14.2,0,True
ME-35847,ORD-US-35846,M-002,Crisp & Co.,2025-05-19T11:04:18,ready_on_time,9.3,0,True
ME-35848,ORD-US-35847,M-004,QuickCare Pharmacy,2025-05-19T16:22:12,ready_on_time,17.2,0,True
ME-35849,ORD-US-35848,M-002,Crisp & Co.,2025-05-19T11:15:54,ready_on_time,20.9,0,True
ME-35850,ORD-US-35849,M-004,QuickCare Pharmacy,2025-05-19T12:31:42,ready_on_time,16.7,0,True
ME-35851,ORD-US-35850,M-006,Fresh Roots Grocery,2025-05-19T14:26:06,ready_on_time,21.1,0,True
ME-35852,ORD-US-35851,M-008,Noodle House,2025-05-19T17:08:12,ready_on_time,8.2,0,True
ME-35853,ORD-US-35852,M-008,Noodle House,2025-05-19T11:45:42,ready_on_time,15.7,0,True
ME-35854,ORD-US-35853,M-008,Noodle House,2025-05-19T09:40:54,ready_on_time,5.9,0,True
ME-35855,ORD-US-35854,M-008,Noodle House,2025-05-19T10:57:12,ready_on_time,17.2,0,True
ME-35856,ORD-US-35855,M-007,Home & Handy,2025-05-19T20:12:36,ready_on_time,12.6,0,True
ME-35857,ORD-US-35856,M-008,Noodle House,2025-05-19T10:49:24,ready_on_time,9.4,0,True
ME-35858,ORD-US-35857,M-005,Corner Table,2025-05-19T17:00:06,ready_on_time,15.1,0,True
ME-35859,ORD-US-35858,M-005,Corner Table,2025-05-19T16:53:42,ready_on_time,18.7,0,True
ME-35860,ORD-US-35859,M-005,Corner Table,2025-05-19T11:05:30,ready_on_time,15.5,0,True
ME-35861,ORD-US-35860,M-006,Fresh Roots Grocery,2025-05-19T14:10:24,ready_on_time,15.4,0,True
ME-35862,ORD-US-35861,M-007,Home & Handy,2025-05-19T12:53:36,ready_on_time,13.6,0,True
ME-35863,ORD-US-35862,M-006,Fresh Roots Grocery,2025-05-19T10:50:06,ready_on_time,15.1,0,True
ME-35864,ORD-US-35863,M-005,Corner Table,2025-05-19T13:51:48,ready_on_time,11.8,0,True
ME-35865,ORD-US-35864,M-005,Corner Table,2025-05-19T15:43:54,ready_on_time,13.9,0,True
ME-35866,ORD-US-35865,M-007,Home & Handy,2025-05-19T18:42:24,ready_on_time,7.4,0,True
ME-35867,ORD-US-35866,M-005,Corner Table,2025-05-19T17:29:42,ready_on_time,14.7,0,True
ME-35868,ORD-US-35867,M-007,Home & Handy,2025-05-19T13:20:54,ready_on_time,15.9,0,True
ME-35869,ORD-US-35868,M-006,Fresh Roots Grocery,2025-05-19T19:30:54,ready_on_time,10.9,0,True
ME-35870,ORD-US-35869,M-006,Fresh Roots Grocery,2025-05-19T18:35:48,ready_on_time,20.8,0,False
ME-35871,ORD-US-35870,M-006,Fresh Roots Grocery,2025-05-19T18:38:54,ready_on_time,8.9,0,True
ME-35872,ORD-US-35871,M-008,Noodle House,2025-05-19T14:14:24,ready_on_time,14.4,0,True
ME-35873,ORD-US-35872,M-006,Fresh Roots Grocery,2025-05-19T20:38:36,ready_on_time,8.6,0,True
ME-35874,ORD-US-35873,M-005,Corner Table,2025-05-19T16:25:42,ready_on_time,15.7,0,True
ME-35875,ORD-US-35874,M-007,Home & Handy,2025-05-19T13:21:06,ready_on_time,16.1,0,True
ME-35876,ORD-US-35875,M-006,Fresh Roots Grocery,2025-05-19T16:46:24,ready_on_time,11.4,0,True
ME-35877,ORD-US-35876,M-006,Fresh Roots Grocery,2025-05-19T20:52:00,ready_on_time,12.0,0,True
ME-35878,ORD-US-35877,M-008,Noodle House,2025-05-19T12:41:24,ready_on_time,16.4,0,True
ME-35879,ORD-US-35878,M-005,Corner Table,2025-05-19T17:20:18,ready_on_time,10.3,0,True
ME-35880,ORD-US-35879,M-008,Noodle House,2025-05-19T14:17:24,ready_on_time,12.4,0,True
ME-35881,ORD-US-35880,M-007,Home & Handy,2025-05-19T13:20:18,ready_on_time,10.3,0,True
ME-35882,ORD-US-35881,M-006,Fresh Roots Grocery,2025-05-19T10:26:00,ready_on_time,11.0,0,True
ME-35883,ORD-US-35882,M-007,Home & Handy,2025-05-19T20:30:54,ready_on_time,10.9,0,True
ME-35884,ORD-US-35883,M-008,Noodle House,2025-05-19T14:26:18,ready_on_time,21.3,0,True
ME-35885,ORD-US-35884,M-006,Fresh Roots Grocery,2025-05-19T12:52:30,ready_on_time,12.5,0,True
ME-35886,ORD-US-35885,M-006,Fresh Roots Grocery,2025-05-19T15:23:54,ready_on_time,18.9,0,True
ME-35887,ORD-US-35886,M-005,Corner Table,2025-05-19T10:54:36,ready_on_time,14.6,0,True
ME-35888,ORD-US-35887,M-007,Home & Handy,2025-05-19T09:39:42,ready_on_time,9.7,0,True
ME-35889,ORD-US-35888,M-007,Home & Handy,2025-05-19T20:52:12,ready_on_time,17.2,0,True
ME-35890,ORD-US-35889,M-007,Home & Handy,2025-05-19T15:00:06,ready_on_time,10.1,0,True
ME-35891,ORD-US-35890,M-007,Home & Handy,2025-05-19T18:54:18,ready_on_time,9.3,0,True
ME-35892,ORD-US-35891,M-007,Home & Handy,2025-05-19T09:19:42,ready_on_time,14.7,0,True
ME-35893,ORD-US-35892,M-011,Wellness Pharmacy,2025-05-19T19:06:06,ready_on_time,6.1,0,True
ME-35894,ORD-US-35893,M-009,Daily Mart,2025-05-19T12:59:18,ready_on_time,9.3,0,True
ME-35895,ORD-US-35894,M-011,Wellness Pharmacy,2025-05-19T19:20:42,ready_on_time,10.7,0,True
ME-35896,ORD-US-35895,M-009,Daily Mart,2025-05-19T15:47:48,ready_on_time,12.8,0,True
ME-35897,ORD-US-35896,M-009,Daily Mart,2025-05-19T10:55:30,ready_on_time,10.5,0,True
ME-35898,ORD-US-35897,M-012,Tech Stop,2025-05-19T14:10:54,ready_on_time,10.9,0,True
ME-35899,ORD-US-35898,M-009,Daily Mart,2025-05-19T14:54:18,ready_on_time,14.3,0,True
ME-35900,ORD-US-35899,M-012,Tech Stop,2025-05-19T19:22:18,ready_on_time,22.3,0,True
ME-35901,ORD-US-35900,M-012,Tech Stop,2025-05-19T10:05:18,ready_on_time,10.3,0,True
ME-35902,ORD-US-35901,M-010,Burger District,2025-05-19T20:57:18,ready_on_time,12.3,0,True
ME-35903,ORD-US-35902,M-011,Wellness Pharmacy,2025-05-19T17:43:06,ready_on_time,13.1,0,True
ME-35904,ORD-US-35903,M-010,Burger District,2025-05-19T14:10:48,ready_on_time,10.8,0,True
ME-35905,ORD-US-35904,M-011,Wellness Pharmacy,2025-05-19T12:50:18,ready_on_time,15.3,0,True
ME-35906,ORD-US-35905,M-010,Burger District,2025-05-19T14:42:30,ready_on_time,12.5,0,True
ME-35907,ORD-US-35906,M-011,Wellness Pharmacy,2025-05-19T20:52:30,ready_on_time,17.5,0,True
ME-35908,ORD-US-35907,M-011,Wellness Pharmacy,2025-05-19T19:07:48,ready_on_time,12.8,0,True
ME-35909,ORD-US-35908,M-010,Burger District,2025-05-19T15:47:36,ready_on_time,7.6,0,True
ME-35910,ORD-US-35909,M-011,Wellness Pharmacy,2025-05-19T12:39:12,ready_on_time,14.2,0,True
ME-35911,ORD-US-35910,M-010,Burger District,2025-05-19T13:24:00,ready_on_time,19.0,0,True
ME-35912,ORD-US-35911,M-011,Wellness Pharmacy,2025-05-19T11:54:12,ready_on_time,9.2,0,True
ME-35913,ORD-US-35912,M-010,Burger District,2025-05-19T17:41:42,ready_on_time,16.7,0,True
ME-35914,ORD-US-35913,M-011,Wellness Pharmacy,2025-05-19T08:35:48,ready_on_time,10.8,0,True
ME-35915,ORD-US-35914,M-010,Burger District,2025-05-19T08:25:00,ready_on_time,15.0,0,True
ME-35916,ORD-US-35915,M-010,Burger District,2025-05-19T19:32:00,ready_on_time,17.0,0,True
ME-35917,ORD-US-35916,M-012,Tech Stop,2025-05-19T20:26:12,ready_on_time,16.2,0,True
ME-35918,ORD-US-35917,M-009,Daily Mart,2025-05-19T19:45:48,ready_on_time,10.8,0,True
ME-35919,ORD-US-35918,M-009,Daily Mart,2025-05-19T13:05:48,ready_on_time,15.8,0,True
ME-35920,ORD-US-35919,M-011,Wellness Pharmacy,2025-05-19T20:42:36,ready_on_time,17.6,0,True
ME-35921,ORD-US-35920,M-012,Tech Stop,2025-05-19T15:01:18,ready_on_time,11.3,0,True
ME-35922,ORD-US-35921,M-010,Burger District,2025-05-19T11:43:54,ready_on_time,13.9,0,True
ME-35923,ORD-US-35922,M-010,Burger District,2025-05-19T09:49:00,ready_on_time,9.0,0,True
ME-35924,ORD-US-35923,M-009,Daily Mart,2025-05-19T20:05:36,ready_on_time,10.6,0,True
ME-35925,ORD-US-35924,M-011,Wellness Pharmacy,2025-05-19T10:37:06,ready_on_time,17.1,0,True
ME-35926,ORD-US-35925,M-011,Wellness Pharmacy,2025-05-19T12:53:54,ready_on_time,3.9,0,True
ME-35927,ORD-US-35926,M-010,Burger District,2025-05-19T14:33:18,ready_on_time,13.3,0,True
ME-35928,ORD-US-35927,M-011,Wellness Pharmacy,2025-05-19T14:57:06,ready_on_time,12.1,0,True
ME-35929,ORD-US-35928,M-012,Tech Stop,2025-05-19T20:00:30,ready_on_time,15.5,0,False
ME-35930,ORD-US-35929,M-010,Burger District,2025-05-19T18:43:24,ready_on_time,8.4,0,True
ME-35931,ORD-US-35930,M-009,Daily Mart,2025-05-19T16:21:24,ready_on_time,16.4,0,True
ME-35932,ORD-US-35931,M-011,Wellness Pharmacy,2025-05-19T12:06:00,ready_on_time,6.0,0,True
ME-35933,ORD-US-35932,M-010,Burger District,2025-05-19T14:42:00,ready_on_time,12.0,0,True
ME-35934,ORD-US-35933,M-002,Crisp & Co.,2025-05-20T10:52:18,ready_on_time,7.3,0,True
ME-35935,ORD-US-35934,M-002,Crisp & Co.,2025-05-20T16:22:12,ready_on_time,12.2,0,True
ME-35936,ORD-US-35935,M-001,Green Basket Market,2025-05-20T15:36:42,ready_on_time,16.7,0,True
ME-35937,ORD-US-35936,M-004,QuickCare Pharmacy,2025-05-20T14:31:42,ready_on_time,16.7,0,True
ME-35938,ORD-US-35937,M-004,QuickCare Pharmacy,2025-05-20T20:37:42,ready_on_time,22.7,0,True
ME-35939,ORD-US-35938,M-003,Pasta Garden,2025-05-20T08:40:00,ready_on_time,10.0,0,True
ME-35940,ORD-US-35939,M-001,Green Basket Market,2025-05-20T16:11:24,ready_on_time,16.4,0,True
ME-35941,ORD-US-35940,M-004,QuickCare Pharmacy,2025-05-20T18:41:30,ready_on_time,11.5,0,True
ME-35942,ORD-US-35941,M-001,Green Basket Market,2025-05-20T21:04:18,ready_on_time,19.3,0,True
ME-35943,ORD-US-35942,M-004,QuickCare Pharmacy,2025-05-20T14:11:42,ready_on_time,16.7,0,True
ME-35944,ORD-US-35943,M-003,Pasta Garden,2025-05-20T20:58:48,ready_on_time,18.8,0,True
ME-35945,ORD-US-35944,M-001,Green Basket Market,2025-05-20T20:16:00,ready_on_time,11.0,0,True
ME-35946,ORD-US-35945,M-003,Pasta Garden,2025-05-20T14:14:48,ready_on_time,14.8,0,True
ME-35947,ORD-US-35946,M-003,Pasta Garden,2025-05-20T19:46:42,ready_on_time,6.7,0,True
ME-35948,ORD-US-35947,M-001,Green Basket Market,2025-05-20T09:01:42,ready_on_time,16.7,0,True
ME-35949,ORD-US-35948,M-002,Crisp & Co.,2025-05-20T16:17:12,ready_on_time,12.2,0,True
ME-35950,ORD-US-35949,M-003,Pasta Garden,2025-05-20T08:34:06,ready_on_time,9.1,0,True
ME-35951,ORD-US-35950,M-004,QuickCare Pharmacy,2025-05-20T10:25:54,ready_on_time,15.9,0,True
ME-35952,ORD-US-35951,M-003,Pasta Garden,2025-05-20T19:19:30,ready_on_time,4.5,0,True
ME-35953,ORD-US-35952,M-001,Green Basket Market,2025-05-20T14:43:12,ready_on_time,18.2,0,True
ME-35954,ORD-US-35953,M-001,Green Basket Market,2025-05-20T16:29:54,ready_on_time,14.9,0,True
ME-35955,ORD-US-35954,M-003,Pasta Garden,2025-05-20T09:55:18,ready_on_time,20.3,0,True
ME-35956,ORD-US-35955,M-003,Pasta Garden,2025-05-20T13:53:48,ready_on_time,8.8,0,True
ME-35957,ORD-US-35956,M-002,Crisp & Co.,2025-05-20T11:13:00,ready_on_time,13.0,0,True
ME-35958,ORD-US-35957,M-003,Pasta Garden,2025-05-20T15:46:00,ready_on_time,11.0,0,True
ME-35959,ORD-US-35958,M-002,Crisp & Co.,2025-05-20T11:05:42,ready_on_time,15.7,0,True
ME-35960,ORD-US-35959,M-002,Crisp & Co.,2025-05-20T13:32:12,ready_on_time,12.2,0,True
ME-35961,ORD-US-35960,M-001,Green Basket Market,2025-05-20T13:40:30,ready_on_time,15.5,0,True
ME-35962,ORD-US-35961,M-003,Pasta Garden,2025-05-20T10:41:18,ready_on_time,16.3,0,True
ME-35963,ORD-US-35962,M-003,Pasta Garden,2025-05-20T20:50:12,ready_on_time,10.2,0,True
ME-35964,ORD-US-35963,M-004,QuickCare Pharmacy,2025-05-20T12:49:24,ready_on_time,14.4,0,True
ME-35965,ORD-US-35964,M-001,Green Basket Market,2025-05-20T13:12:24,ready_on_time,17.4,0,True
ME-35966,ORD-US-35965,M-002,Crisp & Co.,2025-05-20T20:44:48,ready_on_time,14.8,0,True
ME-35967,ORD-US-35966,M-004,QuickCare Pharmacy,2025-05-20T09:51:54,ready_on_time,21.9,0,True
ME-35968,ORD-US-35967,M-003,Pasta Garden,2025-05-20T16:28:12,ready_on_time,13.2,0,True
ME-35969,ORD-US-35968,M-004,QuickCare Pharmacy,2025-05-20T19:16:30,ready_on_time,11.5,0,True
ME-35970,ORD-US-35969,M-003,Pasta Garden,2025-05-20T14:36:18,ready_on_time,16.3,0,True
ME-35971,ORD-US-35970,M-001,Green Basket Market,2025-05-20T17:19:06,ready_on_time,19.1,0,True
ME-35972,ORD-US-35971,M-002,Crisp & Co.,2025-05-20T20:04:24,ready_on_time,14.4,0,True
ME-35973,ORD-US-35972,M-004,QuickCare Pharmacy,2025-05-20T09:26:36,ready_on_time,11.6,0,True
ME-35974,ORD-US-35973,M-008,Noodle House,2025-05-20T15:07:48,ready_on_time,7.8,0,True
ME-35975,ORD-US-35974,M-005,Corner Table,2025-05-20T19:02:00,ready_on_time,12.0,0,True
ME-35976,ORD-US-35975,M-006,Fresh Roots Grocery,2025-05-20T10:28:18,ready_on_time,13.3,0,True
ME-35977,ORD-US-35976,M-008,Noodle House,2025-05-20T08:59:54,ready_on_time,9.9,0,True
ME-35978,ORD-US-35977,M-005,Corner Table,2025-05-20T11:09:36,ready_on_time,4.6,0,True
ME-35979,ORD-US-35978,M-008,Noodle House,2025-05-20T20:02:18,ready_on_time,17.3,0,True
ME-35980,ORD-US-35979,M-008,Noodle House,2025-05-20T21:08:30,ready_on_time,23.5,0,True
ME-35981,ORD-US-35980,M-007,Home & Handy,2025-05-20T09:29:00,ready_on_time,14.0,0,True
ME-35982,ORD-US-35981,M-008,Noodle House,2025-05-20T14:43:06,ready_on_time,8.1,0,True
ME-35983,ORD-US-35982,M-005,Corner Table,2025-05-20T17:01:48,ready_on_time,21.8,0,True
ME-35984,ORD-US-35983,M-006,Fresh Roots Grocery,2025-05-20T17:48:42,ready_on_time,13.7,0,True
ME-35985,ORD-US-35984,M-008,Noodle House,2025-05-20T12:54:54,ready_on_time,9.9,0,True
ME-35986,ORD-US-35985,M-005,Corner Table,2025-05-20T15:27:06,ready_on_time,17.1,0,True
ME-35987,ORD-US-35986,M-007,Home & Handy,2025-05-20T13:33:06,ready_on_time,18.1,0,True
ME-35988,ORD-US-35987,M-007,Home & Handy,2025-05-20T13:17:24,ready_on_time,12.4,0,True
ME-35989,ORD-US-35988,M-007,Home & Handy,2025-05-20T09:15:06,ready_on_time,15.1,0,True
ME-35990,ORD-US-35989,M-007,Home & Handy,2025-05-20T18:42:54,ready_on_time,12.9,0,True
ME-35991,ORD-US-35990,M-008,Noodle House,2025-05-20T17:37:48,ready_on_time,17.8,0,True
ME-35992,ORD-US-35991,M-006,Fresh Roots Grocery,2025-05-20T09:20:48,ready_on_time,15.8,0,True
ME-35993,ORD-US-35992,M-006,Fresh Roots Grocery,2025-05-20T09:56:30,ready_on_time,11.5,0,True
ME-35994,ORD-US-35993,M-006,Fresh Roots Grocery,2025-05-20T18:45:06,ready_on_time,15.1,0,True
ME-35995,ORD-US-35994,M-008,Noodle House,2025-05-20T11:37:42,ready_on_time,17.7,0,True
ME-35996,ORD-US-35995,M-005,Corner Table,2025-05-20T19:22:42,ready_on_time,17.7,0,True
ME-35997,ORD-US-35996,M-006,Fresh Roots Grocery,2025-05-20T11:48:54,ready_on_time,18.9,0,True
ME-35998,ORD-US-35997,M-007,Home & Handy,2025-05-20T12:12:12,ready_on_time,12.2,0,True
ME-35999,ORD-US-35998,M-007,Home & Handy,2025-05-20T09:54:12,ready_on_time,14.2,0,True
ME-36000,ORD-US-35999,M-005,Corner Table,2025-05-20T15:21:48,ready_on_time,11.8,0,True
ME-36001,ORD-US-36000,M-007,Home & Handy,2025-05-20T13:33:24,ready_on_time,13.4,0,True
ME-36002,ORD-US-36001,M-005,Corner Table,2025-05-20T18:53:36,ready_on_time,13.6,0,True
ME-36003,ORD-US-36002,M-005,Corner Table,2025-05-20T11:51:42,ready_on_time,16.7,0,True
ME-36004,ORD-US-36003,M-008,Noodle House,2025-05-20T08:53:06,ready_on_time,13.1,0,True
ME-36005,ORD-US-36004,M-007,Home & Handy,2025-05-20T12:51:36,ready_on_time,16.6,0,True
ME-36006,ORD-US-36005,M-005,Corner Table,2025-05-20T20:40:36,ready_on_time,10.6,0,True
ME-36007,ORD-US-36006,M-006,Fresh Roots Grocery,2025-05-20T14:08:36,ready_on_time,13.6,0,True
ME-36008,ORD-US-36007,M-006,Fresh Roots Grocery,2025-05-20T18:30:24,ready_on_time,20.4,0,True
ME-36009,ORD-US-36008,M-005,Corner Table,2025-05-20T08:37:12,ready_on_time,12.2,0,True
ME-36010,ORD-US-36009,M-008,Noodle House,2025-05-20T19:45:12,ready_on_time,15.2,0,True
ME-36011,ORD-US-36010,M-008,Noodle House,2025-05-20T08:54:30,ready_on_time,19.5,0,True
ME-36012,ORD-US-36011,M-007,Home & Handy,2025-05-20T14:17:42,ready_on_time,7.7,0,True
ME-36013,ORD-US-36012,M-005,Corner Table,2025-05-20T08:48:42,ready_on_time,18.7,0,True
ME-36014,ORD-US-36013,M-007,Home & Handy,2025-05-20T10:21:00,ready_on_time,11.0,0,False
ME-36015,ORD-US-36014,M-006,Fresh Roots Grocery,2025-05-20T10:55:42,ready_on_time,10.7,0,True
ME-36016,ORD-US-36015,M-005,Corner Table,2025-05-20T15:07:48,ready_on_time,7.8,0,True
ME-36017,ORD-US-36016,M-007,Home & Handy,2025-05-20T10:54:06,ready_on_time,9.1,0,True
ME-36018,ORD-US-36017,M-008,Noodle House,2025-05-20T13:48:30,ready_on_time,13.5,0,True
ME-36019,ORD-US-36018,M-011,Wellness Pharmacy,2025-05-20T17:57:42,ready_on_time,12.7,0,True
ME-36020,ORD-US-36019,M-012,Tech Stop,2025-05-20T17:08:06,ready_on_time,18.1,0,True
ME-36021,ORD-US-36020,M-012,Tech Stop,2025-05-20T10:45:36,ready_on_time,10.6,0,True
ME-36022,ORD-US-36021,M-011,Wellness Pharmacy,2025-05-20T19:57:54,ready_on_time,22.9,0,True
ME-36023,ORD-US-36022,M-010,Burger District,2025-05-20T13:09:24,ready_on_time,19.4,0,True
ME-36024,ORD-US-36023,M-010,Burger District,2025-05-20T08:43:48,ready_on_time,13.8,0,True
ME-36025,ORD-US-36024,M-011,Wellness Pharmacy,2025-05-20T18:06:48,ready_on_time,11.8,0,True
ME-36026,ORD-US-36025,M-009,Daily Mart,2025-05-20T17:58:12,ready_on_time,13.2,0,True
ME-36027,ORD-US-36026,M-010,Burger District,2025-05-20T13:22:24,ready_on_time,17.4,0,True
ME-36028,ORD-US-36027,M-012,Tech Stop,2025-05-20T12:01:00,ready_on_time,11.0,0,True
ME-36029,ORD-US-36028,M-009,Daily Mart,2025-05-20T12:37:18,ready_on_time,17.3,0,True
ME-36030,ORD-US-36029,M-011,Wellness Pharmacy,2025-05-20T09:06:42,ready_on_time,11.7,0,True
ME-36031,ORD-US-36030,M-010,Burger District,2025-05-20T15:05:36,ready_on_time,15.6,0,True
ME-36032,ORD-US-36031,M-012,Tech Stop,2025-05-20T12:38:42,ready_on_time,8.7,0,True
ME-36033,ORD-US-36032,M-012,Tech Stop,2025-05-20T17:04:24,ready_on_time,19.4,0,True
ME-36034,ORD-US-36033,M-011,Wellness Pharmacy,2025-05-20T20:58:06,ready_on_time,13.1,0,True
ME-36035,ORD-US-36034,M-010,Burger District,2025-05-20T09:16:18,ready_on_time,16.3,0,True
ME-36036,ORD-US-36035,M-009,Daily Mart,2025-05-20T13:16:00,ready_on_time,11.0,0,True
ME-36037,ORD-US-36036,M-011,Wellness Pharmacy,2025-05-20T11:30:18,ready_on_time,20.3,0,True
ME-36038,ORD-US-36037,M-011,Wellness Pharmacy,2025-05-20T11:52:42,ready_on_time,7.7,0,True
ME-36039,ORD-US-36038,M-012,Tech Stop,2025-05-20T11:37:18,ready_on_time,12.3,0,True
ME-36040,ORD-US-36039,M-009,Daily Mart,2025-05-20T14:45:36,ready_on_time,10.6,0,True
ME-36041,ORD-US-36040,M-009,Daily Mart,2025-05-20T15:55:18,ready_on_time,15.3,0,True
ME-36042,ORD-US-36041,M-011,Wellness Pharmacy,2025-05-20T12:34:24,ready_on_time,19.4,0,True
ME-36043,ORD-US-36042,M-011,Wellness Pharmacy,2025-05-20T12:36:24,ready_on_time,6.4,0,True
ME-36044,ORD-US-36043,M-010,Burger District,2025-05-20T17:05:00,ready_on_time,15.0,0,True
ME-36045,ORD-US-36044,M-011,Wellness Pharmacy,2025-05-20T16:58:00,ready_on_time,18.0,0,True
ME-36046,ORD-US-36045,M-012,Tech Stop,2025-05-20T10:41:36,ready_on_time,11.6,0,False
ME-36047,ORD-US-36046,M-010,Burger District,2025-05-20T13:52:36,ready_on_time,12.6,0,True
ME-36048,ORD-US-36047,M-010,Burger District,2025-05-20T19:30:00,ready_on_time,10.0,0,True
ME-36049,ORD-US-36048,M-011,Wellness Pharmacy,2025-05-20T20:18:48,ready_on_time,18.8,0,True
ME-36050,ORD-US-36049,M-009,Daily Mart,2025-05-20T12:37:48,ready_on_time,7.8,0,True
ME-36051,ORD-US-36050,M-012,Tech Stop,2025-05-20T09:34:30,ready_on_time,19.5,0,True
ME-36052,ORD-US-36051,M-012,Tech Stop,2025-05-20T20:36:48,ready_on_time,11.8,0,True
ME-36053,ORD-US-36052,M-012,Tech Stop,2025-05-20T13:56:12,ready_on_time,21.2,0,True
ME-36054,ORD-US-36053,M-010,Burger District,2025-05-20T08:27:18,ready_on_time,12.3,0,True
ME-36055,ORD-US-36054,M-009,Daily Mart,2025-05-20T16:15:48,ready_on_time,20.8,0,True
ME-36056,ORD-US-36055,M-010,Burger District,2025-05-20T13:21:36,ready_on_time,11.6,0,True
ME-36057,ORD-US-36056,M-012,Tech Stop,2025-05-20T18:46:36,ready_on_time,16.6,0,True
ME-36058,ORD-US-36057,M-012,Tech Stop,2025-05-20T18:23:18,ready_on_time,13.3,0,True
ME-36059,ORD-US-36058,M-012,Tech Stop,2025-05-20T14:36:54,ready_on_time,11.9,0,True
ME-36060,ORD-US-36059,M-011,Wellness Pharmacy,2025-05-20T09:42:54,ready_on_time,7.9,0,True
ME-36061,ORD-US-36060,M-012,Tech Stop,2025-05-20T19:54:42,ready_on_time,9.7,0,True
ME-36062,ORD-US-36061,M-010,Burger District,2025-05-20T19:05:48,ready_on_time,15.8,0,True
ME-36063,ORD-US-36062,M-004,QuickCare Pharmacy,2025-05-21T12:17:36,ready_on_time,12.6,0,True
ME-36064,ORD-US-36063,M-004,QuickCare Pharmacy,2025-05-21T11:01:54,ready_on_time,11.9,0,True
ME-36065,ORD-US-36064,M-002,Crisp & Co.,2025-05-21T12:20:24,ready_on_time,15.4,0,True
ME-36066,ORD-US-36065,M-001,Green Basket Market,2025-05-21T11:24:06,ready_on_time,9.1,0,True
ME-36067,ORD-US-36066,M-003,Pasta Garden,2025-05-21T12:54:48,ready_on_time,19.8,0,True
ME-36068,ORD-US-36067,M-003,Pasta Garden,2025-05-21T14:29:54,ready_on_time,14.9,0,True
ME-36069,ORD-US-36068,M-001,Green Basket Market,2025-05-21T18:43:54,ready_on_time,13.9,0,True
ME-36070,ORD-US-36069,M-002,Crisp & Co.,2025-05-21T18:31:12,ready_on_time,6.2,0,True
ME-36071,ORD-US-36070,M-001,Green Basket Market,2025-05-21T15:36:18,ready_on_time,11.3,0,True
ME-36072,ORD-US-36071,M-001,Green Basket Market,2025-05-21T09:26:06,ready_on_time,11.1,0,True
ME-36073,ORD-US-36072,M-004,QuickCare Pharmacy,2025-05-21T14:25:48,ready_on_time,10.8,0,True
ME-36074,ORD-US-36073,M-002,Crisp & Co.,2025-05-21T13:54:00,ready_on_time,19.0,0,True
ME-36075,ORD-US-36074,M-002,Crisp & Co.,2025-05-21T08:58:18,ready_on_time,13.3,0,True
ME-36076,ORD-US-36075,M-003,Pasta Garden,2025-05-21T15:41:42,ready_on_time,11.7,0,True
ME-36077,ORD-US-36076,M-003,Pasta Garden,2025-05-21T09:26:12,ready_on_time,11.2,0,True
ME-36078,ORD-US-36077,M-003,Pasta Garden,2025-05-21T18:44:54,ready_on_time,9.9,0,True
ME-36079,ORD-US-36078,M-004,QuickCare Pharmacy,2025-05-21T09:19:36,ready_on_time,9.6,0,True
ME-36080,ORD-US-36079,M-004,QuickCare Pharmacy,2025-05-21T16:35:30,ready_on_time,15.5,0,True
ME-36081,ORD-US-36080,M-004,QuickCare Pharmacy,2025-05-21T14:06:36,ready_on_time,16.6,0,True
ME-36082,ORD-US-36081,M-001,Green Basket Market,2025-05-21T10:37:24,ready_on_time,12.4,0,True
ME-36083,ORD-US-36082,M-001,Green Basket Market,2025-05-21T15:06:12,ready_on_time,11.2,0,True
ME-36084,ORD-US-36083,M-003,Pasta Garden,2025-05-21T19:44:00,ready_on_time,19.0,0,True
ME-36085,ORD-US-36084,M-001,Green Basket Market,2025-05-21T16:14:06,ready_on_time,14.1,0,True
ME-36086,ORD-US-36085,M-004,QuickCare Pharmacy,2025-05-21T14:58:42,ready_on_time,13.7,0,True
ME-36087,ORD-US-36086,M-004,QuickCare Pharmacy,2025-05-21T08:47:30,ready_on_time,12.5,0,True
ME-36088,ORD-US-36087,M-004,QuickCare Pharmacy,2025-05-21T19:25:30,ready_on_time,15.5,0,True
ME-36089,ORD-US-36088,M-002,Crisp & Co.,2025-05-21T16:08:30,ready_on_time,23.5,0,True
ME-36090,ORD-US-36089,M-003,Pasta Garden,2025-05-21T20:11:12,ready_on_time,16.2,0,True
ME-36091,ORD-US-36090,M-003,Pasta Garden,2025-05-21T10:35:42,ready_on_time,10.7,0,True
ME-36092,ORD-US-36091,M-001,Green Basket Market,2025-05-21T10:22:36,ready_on_time,12.6,0,True
ME-36093,ORD-US-36092,M-004,QuickCare Pharmacy,2025-05-21T17:48:48,ready_on_time,13.8,0,True
ME-36094,ORD-US-36093,M-003,Pasta Garden,2025-05-21T13:27:06,ready_on_time,12.1,0,True
ME-36095,ORD-US-36094,M-002,Crisp & Co.,2025-05-21T19:18:42,ready_on_time,18.7,0,True
ME-36096,ORD-US-36095,M-003,Pasta Garden,2025-05-21T08:46:06,ready_on_time,16.1,0,True
ME-36097,ORD-US-36096,M-002,Crisp & Co.,2025-05-21T13:16:00,ready_on_time,11.0,0,True
ME-36098,ORD-US-36097,M-001,Green Basket Market,2025-05-21T16:21:30,ready_on_time,11.5,0,True
ME-36099,ORD-US-36098,M-001,Green Basket Market,2025-05-21T11:28:48,ready_on_time,18.8,0,True
ME-36100,ORD-US-36099,M-004,QuickCare Pharmacy,2025-05-21T15:49:42,ready_on_time,19.7,0,True
ME-36101,ORD-US-36100,M-003,Pasta Garden,2025-05-21T11:17:18,ready_on_time,12.3,0,True
ME-36102,ORD-US-36101,M-001,Green Basket Market,2025-05-21T08:41:48,ready_on_time,16.8,0,True
ME-36103,ORD-US-36102,M-003,Pasta Garden,2025-05-21T09:54:48,ready_on_time,14.8,0,True
ME-36104,ORD-US-36103,M-003,Pasta Garden,2025-05-21T16:04:06,ready_on_time,19.1,0,True
ME-36105,ORD-US-36104,M-001,Green Basket Market,2025-05-21T20:06:42,ready_on_time,6.7,0,True
ME-36106,ORD-US-36105,M-004,QuickCare Pharmacy,2025-05-21T10:16:36,ready_on_time,21.6,0,True
ME-36107,ORD-US-36106,M-001,Green Basket Market,2025-05-21T19:20:54,ready_on_time,10.9,0,True
ME-36108,ORD-US-36107,M-008,Noodle House,2025-05-21T09:45:24,ready_on_time,20.4,0,True
ME-36109,ORD-US-36108,M-005,Corner Table,2025-05-21T09:19:18,ready_on_time,14.3,0,True
ME-36110,ORD-US-36109,M-008,Noodle House,2025-05-21T18:16:12,ready_on_time,6.2,0,True
ME-36111,ORD-US-36110,M-008,Noodle House,2025-05-21T11:50:18,ready_on_time,20.3,0,True
ME-36112,ORD-US-36111,M-005,Corner Table,2025-05-21T19:00:42,ready_on_time,15.7,0,True
ME-36113,ORD-US-36112,M-005,Corner Table,2025-05-21T19:34:18,ready_on_time,19.3,0,True
ME-36114,ORD-US-36113,M-006,Fresh Roots Grocery,2025-05-21T10:16:36,ready_on_time,11.6,0,True
ME-36115,ORD-US-36114,M-005,Corner Table,2025-05-21T11:46:18,ready_on_time,16.3,0,True
ME-36116,ORD-US-36115,M-008,Noodle House,2025-05-21T20:53:12,ready_on_time,13.2,0,True
ME-36117,ORD-US-36116,M-005,Corner Table,2025-05-21T13:01:24,ready_on_time,16.4,0,True
ME-36118,ORD-US-36117,M-006,Fresh Roots Grocery,2025-05-21T10:22:48,ready_on_time,17.8,0,True
ME-36119,ORD-US-36118,M-008,Noodle House,2025-05-21T20:21:36,ready_on_time,16.6,0,True
ME-36120,ORD-US-36119,M-008,Noodle House,2025-05-21T13:03:06,ready_on_time,13.1,0,True
ME-36121,ORD-US-36120,M-005,Corner Table,2025-05-21T10:45:30,ready_on_time,15.5,0,True
ME-36122,ORD-US-36121,M-006,Fresh Roots Grocery,2025-05-21T11:33:54,ready_on_time,18.9,0,True
ME-36123,ORD-US-36122,M-007,Home & Handy,2025-05-21T20:46:48,ready_on_time,11.8,0,True
ME-36124,ORD-US-36123,M-007,Home & Handy,2025-05-21T10:10:00,ready_on_time,15.0,0,True
ME-36125,ORD-US-36124,M-008,Noodle House,2025-05-21T12:13:36,ready_on_time,8.6,0,True
ME-36126,ORD-US-36125,M-008,Noodle House,2025-05-21T09:16:00,ready_on_time,11.0,0,True
ME-36127,ORD-US-36126,M-007,Home & Handy,2025-05-21T15:43:36,ready_on_time,13.6,0,True
ME-36128,ORD-US-36127,M-005,Corner Table,2025-05-21T15:15:36,ready_on_time,5.6,0,True
ME-36129,ORD-US-36128,M-005,Corner Table,2025-05-21T20:12:18,ready_on_time,12.3,0,True
ME-36130,ORD-US-36129,M-008,Noodle House,2025-05-21T14:10:48,ready_on_time,15.8,0,True
ME-36131,ORD-US-36130,M-005,Corner Table,2025-05-21T18:39:42,ready_on_time,19.7,0,True
ME-36132,ORD-US-36131,M-007,Home & Handy,2025-05-21T13:39:36,ready_on_time,14.6,0,True
ME-36133,ORD-US-36132,M-005,Corner Table,2025-05-21T10:35:30,ready_on_time,10.5,0,True
ME-36134,ORD-US-36133,M-006,Fresh Roots Grocery,2025-05-21T17:24:00,ready_on_time,9.0,0,True
ME-36135,ORD-US-36134,M-008,Noodle House,2025-05-21T20:21:18,ready_on_time,16.3,0,True
ME-36136,ORD-US-36135,M-008,Noodle House,2025-05-21T11:05:12,ready_on_time,15.2,0,True
ME-36137,ORD-US-36136,M-005,Corner Table,2025-05-21T17:28:12,ready_on_time,13.2,0,True
ME-36138,ORD-US-36137,M-005,Corner Table,2025-05-21T16:38:30,ready_on_time,13.5,0,True
ME-36139,ORD-US-36138,M-005,Corner Table,2025-05-21T12:38:54,ready_on_time,13.9,0,True
ME-36140,ORD-US-36139,M-007,Home & Handy,2025-05-21T13:48:00,ready_on_time,23.0,0,True
ME-36141,ORD-US-36140,M-007,Home & Handy,2025-05-21T10:34:48,ready_on_time,9.8,0,True
ME-36142,ORD-US-36141,M-005,Corner Table,2025-05-21T14:42:06,ready_on_time,12.1,0,True
ME-36143,ORD-US-36142,M-008,Noodle House,2025-05-21T16:58:48,ready_on_time,23.8,0,True
ME-36144,ORD-US-36143,M-008,Noodle House,2025-05-21T08:25:06,ready_on_time,15.1,0,True
ME-36145,ORD-US-36144,M-007,Home & Handy,2025-05-21T09:56:18,ready_on_time,11.3,0,True
ME-36146,ORD-US-36145,M-007,Home & Handy,2025-05-21T17:10:24,ready_on_time,5.4,0,True
ME-36147,ORD-US-36146,M-005,Corner Table,2025-05-21T17:20:24,ready_on_time,15.4,0,True
ME-36148,ORD-US-36147,M-008,Noodle House,2025-05-21T20:06:48,ready_on_time,16.8,0,True
ME-36149,ORD-US-36148,M-008,Noodle House,2025-05-21T10:58:24,ready_on_time,13.4,0,True
ME-36150,ORD-US-36149,M-008,Noodle House,2025-05-21T08:37:48,ready_on_time,17.8,0,True
ME-36151,ORD-US-36150,M-005,Corner Table,2025-05-21T11:52:30,ready_on_time,12.5,0,True
ME-36152,ORD-US-36151,M-009,Daily Mart,2025-05-21T13:36:00,ready_on_time,16.0,0,True
ME-36153,ORD-US-36152,M-009,Daily Mart,2025-05-21T12:12:54,ready_on_time,17.9,0,True
ME-36154,ORD-US-36153,M-010,Burger District,2025-05-21T09:33:54,ready_on_time,13.9,0,True
ME-36155,ORD-US-36154,M-009,Daily Mart,2025-05-21T13:26:30,ready_on_time,11.5,0,True
ME-36156,ORD-US-36155,M-010,Burger District,2025-05-21T19:17:54,ready_on_time,12.9,0,True
ME-36157,ORD-US-36156,M-009,Daily Mart,2025-05-21T09:05:48,ready_on_time,15.8,0,True
ME-36158,ORD-US-36157,M-010,Burger District,2025-05-21T14:35:18,ready_on_time,20.3,0,True
ME-36159,ORD-US-36158,M-010,Burger District,2025-05-21T10:49:30,ready_on_time,9.5,0,True
ME-36160,ORD-US-36159,M-012,Tech Stop,2025-05-21T10:54:54,ready_on_time,14.9,0,True
ME-36161,ORD-US-36160,M-009,Daily Mart,2025-05-21T16:53:12,ready_on_time,13.2,0,True
ME-36162,ORD-US-36161,M-009,Daily Mart,2025-05-21T18:05:06,ready_on_time,10.1,0,True
ME-36163,ORD-US-36162,M-010,Burger District,2025-05-21T14:46:42,ready_on_time,16.7,0,True
ME-36164,ORD-US-36163,M-010,Burger District,2025-05-21T18:01:24,ready_on_time,16.4,0,True
ME-36165,ORD-US-36164,M-009,Daily Mart,2025-05-21T16:03:00,ready_on_time,13.0,0,True
ME-36166,ORD-US-36165,M-009,Daily Mart,2025-05-21T11:36:06,ready_on_time,11.1,0,True
ME-36167,ORD-US-36166,M-009,Daily Mart,2025-05-21T09:20:48,ready_on_time,15.8,0,True
ME-36168,ORD-US-36167,M-009,Daily Mart,2025-05-21T14:45:54,ready_on_time,15.9,0,True
ME-36169,ORD-US-36168,M-011,Wellness Pharmacy,2025-05-21T20:16:36,ready_on_time,11.6,0,True
ME-36170,ORD-US-36169,M-009,Daily Mart,2025-05-21T13:50:12,ready_on_time,20.2,0,True
ME-36171,ORD-US-36170,M-011,Wellness Pharmacy,2025-05-21T16:19:00,ready_on_time,14.0,0,True
ME-36172,ORD-US-36171,M-010,Burger District,2025-05-21T13:06:00,ready_on_time,16.0,0,True
ME-36173,ORD-US-36172,M-010,Burger District,2025-05-21T17:23:54,ready_on_time,18.9,0,True
ME-36174,ORD-US-36173,M-011,Wellness Pharmacy,2025-05-21T17:20:54,ready_on_time,10.9,0,True
ME-36175,ORD-US-36174,M-011,Wellness Pharmacy,2025-05-21T08:37:06,ready_on_time,7.1,0,True
ME-36176,ORD-US-36175,M-011,Wellness Pharmacy,2025-05-21T20:41:12,ready_on_time,6.2,0,True
ME-36177,ORD-US-36176,M-012,Tech Stop,2025-05-21T12:05:30,ready_on_time,20.5,0,True
ME-36178,ORD-US-36177,M-009,Daily Mart,2025-05-21T17:52:12,ready_on_time,12.2,0,True
ME-36179,ORD-US-36178,M-012,Tech Stop,2025-05-21T10:08:12,ready_on_time,13.2,0,True
ME-36180,ORD-US-36179,M-010,Burger District,2025-05-21T17:11:06,ready_on_time,11.1,0,True
ME-36181,ORD-US-36180,M-009,Daily Mart,2025-05-21T10:43:12,ready_on_time,13.2,0,True
ME-36182,ORD-US-36181,M-009,Daily Mart,2025-05-21T13:38:06,ready_on_time,13.1,0,True
ME-36183,ORD-US-36182,M-011,Wellness Pharmacy,2025-05-21T10:54:24,ready_on_time,14.4,0,True
ME-36184,ORD-US-36183,M-009,Daily Mart,2025-05-21T11:34:12,ready_on_time,14.2,0,True
ME-36185,ORD-US-36184,M-009,Daily Mart,2025-05-21T17:49:54,ready_on_time,14.9,0,True
ME-36186,ORD-US-36185,M-012,Tech Stop,2025-05-21T19:16:30,ready_on_time,11.5,0,True
ME-36187,ORD-US-36186,M-010,Burger District,2025-05-21T17:20:12,ready_on_time,10.2,0,True
ME-36188,ORD-US-36187,M-012,Tech Stop,2025-05-21T18:28:18,ready_on_time,18.3,0,True
ME-36189,ORD-US-36188,M-009,Daily Mart,2025-05-21T18:47:36,ready_on_time,12.6,0,True
ME-36190,ORD-US-36189,M-009,Daily Mart,2025-05-21T11:37:48,ready_on_time,17.8,0,True
ME-36191,ORD-US-36190,M-003,Pasta Garden,2025-05-22T13:07:36,ready_on_time,17.6,0,True
ME-36192,ORD-US-36191,M-001,Green Basket Market,2025-05-22T16:54:06,ready_on_time,9.1,0,True
ME-36193,ORD-US-36192,M-004,QuickCare Pharmacy,2025-05-22T13:40:42,ready_on_time,15.7,0,True
ME-36194,ORD-US-36193,M-004,QuickCare Pharmacy,2025-05-22T14:17:12,ready_on_time,17.2,0,True
ME-36195,ORD-US-36194,M-002,Crisp & Co.,2025-05-22T14:00:30,ready_on_time,20.5,0,True
ME-36196,ORD-US-36195,M-003,Pasta Garden,2025-05-22T16:48:30,ready_on_time,13.5,0,True
ME-36197,ORD-US-36196,M-001,Green Basket Market,2025-05-22T08:28:12,ready_on_time,13.2,0,True
ME-36198,ORD-US-36197,M-004,QuickCare Pharmacy,2025-05-22T16:14:36,ready_on_time,14.6,0,True
ME-36199,ORD-US-36198,M-003,Pasta Garden,2025-05-22T19:32:36,ready_on_time,7.6,0,True
ME-36200,ORD-US-36199,M-004,QuickCare Pharmacy,2025-05-22T12:39:18,ready_on_time,14.3,0,True
ME-36201,ORD-US-36200,M-004,QuickCare Pharmacy,2025-05-22T10:01:36,ready_on_time,11.6,0,True
ME-36202,ORD-US-36201,M-002,Crisp & Co.,2025-05-22T15:07:00,ready_on_time,12.0,0,True
ME-36203,ORD-US-36202,M-003,Pasta Garden,2025-05-22T09:54:36,ready_on_time,14.6,0,True
ME-36204,ORD-US-36203,M-002,Crisp & Co.,2025-05-22T18:33:48,ready_on_time,18.8,0,True
ME-36205,ORD-US-36204,M-004,QuickCare Pharmacy,2025-05-22T10:11:48,ready_on_time,16.8,0,True
ME-36206,ORD-US-36205,M-001,Green Basket Market,2025-05-22T14:14:36,ready_on_time,14.6,0,True
ME-36207,ORD-US-36206,M-001,Green Basket Market,2025-05-22T12:17:36,ready_on_time,17.6,0,True
ME-36208,ORD-US-36207,M-003,Pasta Garden,2025-05-22T19:11:18,ready_on_time,11.3,0,True
ME-36209,ORD-US-36208,M-003,Pasta Garden,2025-05-22T17:46:42,ready_on_time,16.7,0,True
ME-36210,ORD-US-36209,M-002,Crisp & Co.,2025-05-22T14:54:42,ready_on_time,14.7,0,False
ME-36211,ORD-US-36210,M-003,Pasta Garden,2025-05-22T17:46:06,ready_on_time,21.1,0,True
ME-36212,ORD-US-36211,M-004,QuickCare Pharmacy,2025-05-22T10:52:06,ready_on_time,17.1,0,True
ME-36213,ORD-US-36212,M-004,QuickCare Pharmacy,2025-05-22T20:10:18,ready_on_time,20.3,0,True
ME-36214,ORD-US-36213,M-002,Crisp & Co.,2025-05-22T21:13:06,ready_on_time,23.1,0,True
ME-36215,ORD-US-36214,M-003,Pasta Garden,2025-05-22T14:52:06,ready_on_time,12.1,0,True
ME-36216,ORD-US-36215,M-002,Crisp & Co.,2025-05-22T20:51:00,ready_on_time,26.0,0,True
ME-36217,ORD-US-36216,M-001,Green Basket Market,2025-05-22T19:40:54,ready_on_time,15.9,0,True
ME-36218,ORD-US-36217,M-004,QuickCare Pharmacy,2025-05-22T16:32:12,ready_on_time,17.2,0,True
ME-36219,ORD-US-36218,M-003,Pasta Garden,2025-05-22T19:35:48,ready_on_time,15.8,0,True
ME-36220,ORD-US-36219,M-002,Crisp & Co.,2025-05-22T09:40:18,ready_on_time,15.3,0,True
ME-36221,ORD-US-36220,M-002,Crisp & Co.,2025-05-22T14:57:00,ready_on_time,12.0,0,True
ME-36222,ORD-US-36221,M-003,Pasta Garden,2025-05-22T14:01:06,ready_on_time,11.1,0,True
ME-36223,ORD-US-36222,M-004,QuickCare Pharmacy,2025-05-22T10:19:12,ready_on_time,19.2,0,True
ME-36224,ORD-US-36223,M-001,Green Basket Market,2025-05-22T12:28:18,ready_on_time,13.3,0,True
ME-36225,ORD-US-36224,M-003,Pasta Garden,2025-05-22T16:43:30,ready_on_time,13.5,0,True
ME-36226,ORD-US-36225,M-004,QuickCare Pharmacy,2025-05-22T17:24:06,ready_on_time,9.1,0,True
ME-36227,ORD-US-36226,M-003,Pasta Garden,2025-05-22T20:30:18,ready_on_time,15.3,0,True
ME-36228,ORD-US-36227,M-002,Crisp & Co.,2025-05-22T12:36:54,ready_on_time,11.9,0,True
ME-36229,ORD-US-36228,M-001,Green Basket Market,2025-05-22T19:36:18,ready_on_time,16.3,0,True
ME-36230,ORD-US-36229,M-001,Green Basket Market,2025-05-22T09:48:54,ready_on_time,13.9,0,True
ME-36231,ORD-US-36230,M-002,Crisp & Co.,2025-05-22T12:09:42,ready_on_time,19.7,0,True
ME-36232,ORD-US-36231,M-006,Fresh Roots Grocery,2025-05-22T19:21:00,ready_on_time,16.0,0,True
ME-36233,ORD-US-36232,M-007,Home & Handy,2025-05-22T15:02:54,ready_on_time,17.9,0,True
ME-36234,ORD-US-36233,M-008,Noodle House,2025-05-22T14:58:18,ready_on_time,8.3,0,True
ME-36235,ORD-US-36234,M-006,Fresh Roots Grocery,2025-05-22T14:38:00,ready_on_time,13.0,0,True
ME-36236,ORD-US-36235,M-007,Home & Handy,2025-05-22T11:09:24,ready_on_time,9.4,0,True
ME-36237,ORD-US-36236,M-007,Home & Handy,2025-05-22T09:54:12,ready_on_time,14.2,0,True
ME-36238,ORD-US-36237,M-005,Corner Table,2025-05-22T09:21:48,ready_on_time,11.8,0,True
ME-36239,ORD-US-36238,M-005,Corner Table,2025-05-22T15:35:12,ready_on_time,20.2,0,True
ME-36240,ORD-US-36239,M-005,Corner Table,2025-05-22T11:08:48,ready_on_time,8.8,0,True
ME-36241,ORD-US-36240,M-006,Fresh Roots Grocery,2025-05-22T15:21:06,ready_on_time,21.1,0,True
ME-36242,ORD-US-36241,M-008,Noodle House,2025-05-22T13:10:48,ready_on_time,15.8,0,True
ME-36243,ORD-US-36242,M-008,Noodle House,2025-05-22T16:40:24,ready_on_time,10.4,0,True
ME-36244,ORD-US-36243,M-006,Fresh Roots Grocery,2025-05-22T15:56:54,ready_on_time,6.9,0,True
ME-36245,ORD-US-36244,M-005,Corner Table,2025-05-22T21:05:30,ready_on_time,15.5,0,True
ME-36246,ORD-US-36245,M-006,Fresh Roots Grocery,2025-05-22T17:40:24,ready_on_time,15.4,0,True
ME-36247,ORD-US-36246,M-005,Corner Table,2025-05-22T14:30:42,ready_on_time,15.7,0,True
ME-36248,ORD-US-36247,M-008,Noodle House,2025-05-22T17:23:00,ready_on_time,13.0,0,True
ME-36249,ORD-US-36248,M-007,Home & Handy,2025-05-22T15:49:42,ready_on_time,14.7,0,True
ME-36250,ORD-US-36249,M-007,Home & Handy,2025-05-22T11:10:24,ready_on_time,15.4,0,True
ME-36251,ORD-US-36250,M-006,Fresh Roots Grocery,2025-05-22T12:41:36,ready_on_time,21.6,0,True
ME-36252,ORD-US-36251,M-008,Noodle House,2025-05-22T11:17:06,ready_on_time,17.1,0,True
ME-36253,ORD-US-36252,M-006,Fresh Roots Grocery,2025-05-22T11:35:18,ready_on_time,15.3,0,True
ME-36254,ORD-US-36253,M-006,Fresh Roots Grocery,2025-05-22T15:07:18,ready_on_time,17.3,0,True
ME-36255,ORD-US-36254,M-006,Fresh Roots Grocery,2025-05-22T11:35:06,ready_on_time,10.1,0,True
ME-36256,ORD-US-36255,M-006,Fresh Roots Grocery,2025-05-22T09:42:06,ready_on_time,22.1,0,True
ME-36257,ORD-US-36256,M-005,Corner Table,2025-05-22T11:34:00,ready_on_time,19.0,0,True
ME-36258,ORD-US-36257,M-007,Home & Handy,2025-05-22T13:42:12,ready_on_time,12.2,0,True
ME-36259,ORD-US-36258,M-006,Fresh Roots Grocery,2025-05-22T14:05:06,ready_on_time,15.1,0,True
ME-36260,ORD-US-36259,M-008,Noodle House,2025-05-22T09:58:54,ready_on_time,18.9,0,True
ME-36261,ORD-US-36260,M-008,Noodle House,2025-05-22T11:33:36,ready_on_time,8.6,0,True
ME-36262,ORD-US-36261,M-008,Noodle House,2025-05-22T18:46:12,ready_on_time,16.2,0,True
ME-36263,ORD-US-36262,M-008,Noodle House,2025-05-22T18:24:54,ready_on_time,14.9,0,True
ME-36264,ORD-US-36263,M-005,Corner Table,2025-05-22T08:39:42,ready_on_time,9.7,0,True
ME-36265,ORD-US-36264,M-006,Fresh Roots Grocery,2025-05-22T11:00:36,ready_on_time,15.6,0,True
ME-36266,ORD-US-36265,M-008,Noodle House,2025-05-22T08:32:24,ready_on_time,12.4,0,True
ME-36267,ORD-US-36266,M-006,Fresh Roots Grocery,2025-05-22T20:50:00,ready_on_time,15.0,0,True
ME-36268,ORD-US-36267,M-007,Home & Handy,2025-05-22T19:47:12,ready_on_time,7.2,0,True
ME-36269,ORD-US-36268,M-005,Corner Table,2025-05-22T11:35:42,ready_on_time,15.7,0,True
ME-36270,ORD-US-36269,M-008,Noodle House,2025-05-22T18:42:18,ready_on_time,12.3,0,True
ME-36271,ORD-US-36270,M-005,Corner Table,2025-05-22T12:47:30,ready_on_time,22.5,0,True
ME-36272,ORD-US-36271,M-005,Corner Table,2025-05-22T09:22:18,ready_on_time,12.3,0,True
ME-36273,ORD-US-36272,M-007,Home & Handy,2025-05-22T12:43:42,ready_on_time,13.7,0,True
ME-36274,ORD-US-36273,M-008,Noodle House,2025-05-22T15:58:18,ready_on_time,13.3,0,True
ME-36275,ORD-US-36274,M-006,Fresh Roots Grocery,2025-05-22T16:54:42,ready_on_time,9.7,0,True
ME-36276,ORD-US-36275,M-006,Fresh Roots Grocery,2025-05-22T15:25:06,ready_on_time,15.1,0,True
ME-36277,ORD-US-36276,M-010,Burger District,2025-05-22T14:15:06,ready_on_time,10.1,0,True
ME-36278,ORD-US-36277,M-012,Tech Stop,2025-05-22T18:20:42,ready_on_time,20.7,0,True
ME-36279,ORD-US-36278,M-010,Burger District,2025-05-22T17:28:06,ready_on_time,18.1,0,True
ME-36280,ORD-US-36279,M-011,Wellness Pharmacy,2025-05-22T18:41:36,ready_on_time,6.6,0,True
ME-36281,ORD-US-36280,M-012,Tech Stop,2025-05-22T13:31:42,ready_on_time,11.7,0,True
ME-36282,ORD-US-36281,M-012,Tech Stop,2025-05-22T19:20:12,ready_on_time,10.2,0,True
ME-36283,ORD-US-36282,M-010,Burger District,2025-05-22T10:17:54,ready_on_time,12.9,0,True
ME-36284,ORD-US-36283,M-012,Tech Stop,2025-05-22T13:00:36,ready_on_time,10.6,0,True
ME-36285,ORD-US-36284,M-011,Wellness Pharmacy,2025-05-22T15:51:36,ready_on_time,11.6,0,True
ME-36286,ORD-US-36285,M-012,Tech Stop,2025-05-22T13:25:42,ready_on_time,15.7,0,True
ME-36287,ORD-US-36286,M-010,Burger District,2025-05-22T17:22:48,ready_on_time,12.8,0,True
ME-36288,ORD-US-36287,M-011,Wellness Pharmacy,2025-05-22T17:24:18,ready_on_time,24.3,0,True
ME-36289,ORD-US-36288,M-012,Tech Stop,2025-05-22T14:05:42,ready_on_time,10.7,0,True
ME-36290,ORD-US-36289,M-012,Tech Stop,2025-05-22T11:16:42,ready_on_time,11.7,0,True
ME-36291,ORD-US-36290,M-012,Tech Stop,2025-05-22T18:43:18,ready_on_time,8.3,0,True
ME-36292,ORD-US-36291,M-011,Wellness Pharmacy,2025-05-22T14:16:12,ready_on_time,11.2,0,True
ME-36293,ORD-US-36292,M-010,Burger District,2025-05-22T08:55:48,ready_on_time,15.8,0,True
ME-36294,ORD-US-36293,M-010,Burger District,2025-05-22T16:57:42,ready_on_time,22.7,0,True
ME-36295,ORD-US-36294,M-012,Tech Stop,2025-05-22T19:48:06,ready_on_time,8.1,0,True
ME-36296,ORD-US-36295,M-011,Wellness Pharmacy,2025-05-22T10:13:00,ready_on_time,13.0,0,True
ME-36297,ORD-US-36296,M-010,Burger District,2025-05-22T20:09:48,ready_on_time,9.8,0,True
ME-36298,ORD-US-36297,M-010,Burger District,2025-05-22T21:02:18,ready_on_time,22.3,0,True
ME-36299,ORD-US-36298,M-010,Burger District,2025-05-22T08:16:54,ready_on_time,11.9,0,True
ME-36300,ORD-US-36299,M-011,Wellness Pharmacy,2025-05-22T19:04:30,ready_on_time,9.5,0,True
ME-36301,ORD-US-36300,M-010,Burger District,2025-05-22T16:30:18,ready_on_time,15.3,0,True
ME-36302,ORD-US-36301,M-009,Daily Mart,2025-05-22T18:28:24,ready_on_time,8.4,0,True
ME-36303,ORD-US-36302,M-010,Burger District,2025-05-22T10:45:18,ready_on_time,10.3,0,True
ME-36304,ORD-US-36303,M-012,Tech Stop,2025-05-22T13:28:24,ready_on_time,8.4,0,True
ME-36305,ORD-US-36304,M-009,Daily Mart,2025-05-22T15:20:18,ready_on_time,10.3,0,True
ME-36306,ORD-US-36305,M-010,Burger District,2025-05-22T10:01:06,ready_on_time,11.1,0,True
ME-36307,ORD-US-36306,M-012,Tech Stop,2025-05-22T12:48:24,ready_on_time,8.4,0,True
ME-36308,ORD-US-36307,M-011,Wellness Pharmacy,2025-05-22T10:20:00,ready_on_time,10.0,0,True
ME-36309,ORD-US-36308,M-011,Wellness Pharmacy,2025-05-22T20:31:12,ready_on_time,11.2,0,True
ME-36310,ORD-US-36309,M-009,Daily Mart,2025-05-22T17:23:42,ready_on_time,3.7,0,True
ME-36311,ORD-US-36310,M-009,Daily Mart,2025-05-22T10:15:48,ready_on_time,10.8,0,True
ME-36312,ORD-US-36311,M-011,Wellness Pharmacy,2025-05-22T14:12:00,ready_on_time,7.0,0,True
ME-36313,ORD-US-36312,M-004,QuickCare Pharmacy,2025-05-23T18:59:06,ready_on_time,14.1,0,True
ME-36314,ORD-US-36313,M-004,QuickCare Pharmacy,2025-05-23T17:09:24,ready_on_time,9.4,0,True
ME-36315,ORD-US-36314,M-001,Green Basket Market,2025-05-23T09:05:48,ready_on_time,10.8,0,True
ME-36316,ORD-US-36315,M-002,Crisp & Co.,2025-05-23T20:13:48,ready_on_time,23.8,0,True
ME-36317,ORD-US-36316,M-002,Crisp & Co.,2025-05-23T15:41:00,ready_on_time,6.0,0,False
ME-36318,ORD-US-36317,M-002,Crisp & Co.,2025-05-23T11:27:48,ready_on_time,12.8,0,True
ME-36319,ORD-US-36318,M-001,Green Basket Market,2025-05-23T09:45:48,ready_on_time,10.8,0,True
ME-36320,ORD-US-36319,M-003,Pasta Garden,2025-05-23T13:41:18,ready_on_time,16.3,0,True
ME-36321,ORD-US-36320,M-001,Green Basket Market,2025-05-23T14:18:54,ready_on_time,18.9,0,True
ME-36322,ORD-US-36321,M-002,Crisp & Co.,2025-05-23T11:53:18,ready_on_time,23.3,0,True
ME-36323,ORD-US-36322,M-002,Crisp & Co.,2025-05-23T14:09:24,ready_on_time,9.4,0,True
ME-36324,ORD-US-36323,M-003,Pasta Garden,2025-05-23T17:16:24,ready_on_time,6.4,0,True
ME-36325,ORD-US-36324,M-002,Crisp & Co.,2025-05-23T19:34:24,ready_on_time,9.4,0,True
ME-36326,ORD-US-36325,M-004,QuickCare Pharmacy,2025-05-23T17:10:48,ready_on_time,15.8,0,True
ME-36327,ORD-US-36326,M-003,Pasta Garden,2025-05-23T20:22:12,ready_on_time,12.2,0,True
ME-36328,ORD-US-36327,M-003,Pasta Garden,2025-05-23T16:18:24,ready_on_time,13.4,0,True
ME-36329,ORD-US-36328,M-003,Pasta Garden,2025-05-23T09:04:48,ready_on_time,14.8,0,True
ME-36330,ORD-US-36329,M-004,QuickCare Pharmacy,2025-05-23T20:47:36,ready_on_time,12.6,0,True
ME-36331,ORD-US-36330,M-001,Green Basket Market,2025-05-23T15:29:18,ready_on_time,19.3,0,True
ME-36332,ORD-US-36331,M-003,Pasta Garden,2025-05-23T18:48:36,ready_on_time,8.6,0,True
ME-36333,ORD-US-36332,M-004,QuickCare Pharmacy,2025-05-23T11:34:42,ready_on_time,9.7,0,True
ME-36334,ORD-US-36333,M-001,Green Basket Market,2025-05-23T18:41:30,ready_on_time,6.5,0,True
ME-36335,ORD-US-36334,M-002,Crisp & Co.,2025-05-23T18:07:30,ready_on_time,12.5,0,True
ME-36336,ORD-US-36335,M-004,QuickCare Pharmacy,2025-05-23T18:33:12,ready_on_time,8.2,0,True
ME-36337,ORD-US-36336,M-002,Crisp & Co.,2025-05-23T13:17:48,ready_on_time,22.8,0,True
ME-36338,ORD-US-36337,M-004,QuickCare Pharmacy,2025-05-23T15:00:30,ready_on_time,10.5,0,True
ME-36339,ORD-US-36338,M-001,Green Basket Market,2025-05-23T17:58:00,ready_on_time,13.0,0,True
ME-36340,ORD-US-36339,M-003,Pasta Garden,2025-05-23T16:40:30,ready_on_time,10.5,0,True
ME-36341,ORD-US-36340,M-004,QuickCare Pharmacy,2025-05-23T15:41:42,ready_on_time,16.7,0,True
ME-36342,ORD-US-36341,M-002,Crisp & Co.,2025-05-23T08:59:54,ready_on_time,9.9,0,True
ME-36343,ORD-US-36342,M-003,Pasta Garden,2025-05-23T13:54:30,ready_on_time,19.5,0,True
ME-36344,ORD-US-36343,M-002,Crisp & Co.,2025-05-23T19:28:18,ready_on_time,18.3,0,True
ME-36345,ORD-US-36344,M-004,QuickCare Pharmacy,2025-05-23T11:14:48,ready_on_time,9.8,0,True
ME-36346,ORD-US-36345,M-002,Crisp & Co.,2025-05-23T19:00:18,ready_on_time,20.3,0,True
ME-36347,ORD-US-36346,M-002,Crisp & Co.,2025-05-23T10:10:36,ready_on_time,5.6,0,True
ME-36348,ORD-US-36347,M-003,Pasta Garden,2025-05-23T13:39:48,ready_on_time,14.8,0,True
ME-36349,ORD-US-36348,M-003,Pasta Garden,2025-05-23T21:07:24,ready_on_time,12.4,0,True
ME-36350,ORD-US-36349,M-003,Pasta Garden,2025-05-23T20:05:30,ready_on_time,10.5,0,True
ME-36351,ORD-US-36350,M-002,Crisp & Co.,2025-05-23T14:26:00,ready_on_time,16.0,0,True
ME-36352,ORD-US-36351,M-008,Noodle House,2025-05-23T12:00:54,ready_on_time,15.9,0,True
ME-36353,ORD-US-36352,M-007,Home & Handy,2025-05-23T16:33:54,ready_on_time,13.9,0,True
ME-36354,ORD-US-36353,M-005,Corner Table,2025-05-23T19:46:54,ready_on_time,16.9,0,True
ME-36355,ORD-US-36354,M-006,Fresh Roots Grocery,2025-05-23T09:51:36,ready_on_time,16.6,0,True
ME-36356,ORD-US-36355,M-006,Fresh Roots Grocery,2025-05-23T12:14:06,ready_on_time,9.1,0,True
ME-36357,ORD-US-36356,M-005,Corner Table,2025-05-23T19:36:12,ready_on_time,16.2,0,True
ME-36358,ORD-US-36357,M-008,Noodle House,2025-05-23T18:25:42,ready_on_time,10.7,0,True
ME-36359,ORD-US-36358,M-008,Noodle House,2025-05-23T17:20:54,ready_on_time,10.9,0,True
ME-36360,ORD-US-36359,M-005,Corner Table,2025-05-23T18:54:00,ready_on_time,14.0,0,True
ME-36361,ORD-US-36360,M-005,Corner Table,2025-05-23T13:16:24,ready_on_time,11.4,0,True
ME-36362,ORD-US-36361,M-008,Noodle House,2025-05-23T16:29:48,ready_on_time,19.8,0,True
ME-36363,ORD-US-36362,M-007,Home & Handy,2025-05-23T19:45:30,ready_on_time,15.5,0,True
ME-36364,ORD-US-36363,M-007,Home & Handy,2025-05-23T11:38:36,ready_on_time,18.6,0,True
ME-36365,ORD-US-36364,M-008,Noodle House,2025-05-23T11:41:12,ready_on_time,21.2,0,True
ME-36366,ORD-US-36365,M-005,Corner Table,2025-05-23T11:09:00,ready_on_time,14.0,0,True
ME-36367,ORD-US-36366,M-007,Home & Handy,2025-05-23T16:38:54,ready_on_time,8.9,0,True
ME-36368,ORD-US-36367,M-007,Home & Handy,2025-05-23T11:01:12,ready_on_time,11.2,0,True
ME-36369,ORD-US-36368,M-007,Home & Handy,2025-05-23T14:10:18,ready_on_time,10.3,0,True
ME-36370,ORD-US-36369,M-006,Fresh Roots Grocery,2025-05-23T09:11:00,ready_on_time,16.0,0,True
ME-36371,ORD-US-36370,M-005,Corner Table,2025-05-23T15:57:42,ready_on_time,7.7,0,True
ME-36372,ORD-US-36371,M-006,Fresh Roots Grocery,2025-05-23T14:09:00,ready_on_time,14.0,0,True
ME-36373,ORD-US-36372,M-005,Corner Table,2025-05-23T18:59:12,ready_on_time,14.2,0,True
ME-36374,ORD-US-36373,M-007,Home & Handy,2025-05-23T13:30:36,ready_on_time,20.6,0,True
ME-36375,ORD-US-36374,M-006,Fresh Roots Grocery,2025-05-23T19:39:06,ready_on_time,9.1,0,True
ME-36376,ORD-US-36375,M-008,Noodle House,2025-05-23T20:21:30,ready_on_time,6.5,0,True
ME-36377,ORD-US-36376,M-005,Corner Table,2025-05-23T08:54:42,ready_on_time,19.7,0,True
ME-36378,ORD-US-36377,M-008,Noodle House,2025-05-23T20:18:30,ready_on_time,18.5,0,True
ME-36379,ORD-US-36378,M-005,Corner Table,2025-05-23T11:23:18,ready_on_time,18.3,0,True
ME-36380,ORD-US-36379,M-008,Noodle House,2025-05-23T17:10:24,ready_on_time,10.4,0,True
ME-36381,ORD-US-36380,M-006,Fresh Roots Grocery,2025-05-23T12:49:30,ready_on_time,9.5,0,True
ME-36382,ORD-US-36381,M-005,Corner Table,2025-05-23T09:17:24,ready_on_time,12.4,0,True
ME-36383,ORD-US-36382,M-006,Fresh Roots Grocery,2025-05-23T15:03:18,ready_on_time,18.3,0,True
ME-36384,ORD-US-36383,M-005,Corner Table,2025-05-23T17:47:36,ready_on_time,12.6,0,True
ME-36385,ORD-US-36384,M-008,Noodle House,2025-05-23T13:51:36,ready_on_time,16.6,0,True
ME-36386,ORD-US-36385,M-007,Home & Handy,2025-05-23T10:00:48,ready_on_time,10.8,0,True
ME-36387,ORD-US-36386,M-006,Fresh Roots Grocery,2025-05-23T12:15:30,ready_on_time,5.5,0,True
ME-36388,ORD-US-36387,M-007,Home & Handy,2025-05-23T08:38:36,ready_on_time,8.6,0,True
ME-36389,ORD-US-36388,M-008,Noodle House,2025-05-23T16:22:30,ready_on_time,22.5,0,True
ME-36390,ORD-US-36389,M-006,Fresh Roots Grocery,2025-05-23T08:27:48,ready_on_time,7.8,0,True
ME-36391,ORD-US-36390,M-010,Burger District,2025-05-23T13:29:18,ready_on_time,14.3,0,True
ME-36392,ORD-US-36391,M-011,Wellness Pharmacy,2025-05-23T18:40:00,ready_on_time,15.0,0,True
ME-36393,ORD-US-36392,M-009,Daily Mart,2025-05-23T20:36:18,ready_on_time,6.3,0,True
ME-36394,ORD-US-36393,M-009,Daily Mart,2025-05-23T16:32:12,ready_on_time,12.2,0,True
ME-36395,ORD-US-36394,M-010,Burger District,2025-05-23T14:39:54,ready_on_time,9.9,0,False
ME-36396,ORD-US-36395,M-012,Tech Stop,2025-05-23T10:39:12,ready_on_time,14.2,0,True
ME-36397,ORD-US-36396,M-012,Tech Stop,2025-05-23T12:13:42,ready_on_time,8.7,0,True
ME-36398,ORD-US-36397,M-010,Burger District,2025-05-23T13:18:12,ready_on_time,13.2,0,True
ME-36399,ORD-US-36398,M-010,Burger District,2025-05-23T17:13:00,ready_on_time,13.0,0,True
ME-36400,ORD-US-36399,M-012,Tech Stop,2025-05-23T20:49:48,ready_on_time,14.8,0,True
ME-36401,ORD-US-36400,M-010,Burger District,2025-05-23T08:42:30,ready_on_time,12.5,0,True
ME-36402,ORD-US-36401,M-009,Daily Mart,2025-05-23T20:16:36,ready_on_time,21.6,0,True
ME-36403,ORD-US-36402,M-012,Tech Stop,2025-05-23T18:09:36,ready_on_time,14.6,0,True
ME-36404,ORD-US-36403,M-009,Daily Mart,2025-05-23T10:14:54,ready_on_time,9.9,0,True
ME-36405,ORD-US-36404,M-010,Burger District,2025-05-23T14:36:54,ready_on_time,16.9,0,True
ME-36406,ORD-US-36405,M-012,Tech Stop,2025-05-23T20:29:06,ready_on_time,14.1,0,True
ME-36407,ORD-US-36406,M-012,Tech Stop,2025-05-23T17:29:48,ready_on_time,19.8,0,True
ME-36408,ORD-US-36407,M-009,Daily Mart,2025-05-23T14:54:18,ready_on_time,14.3,0,True
ME-36409,ORD-US-36408,M-010,Burger District,2025-05-23T08:51:12,ready_on_time,16.2,0,True
ME-36410,ORD-US-36409,M-009,Daily Mart,2025-05-23T20:56:06,ready_on_time,16.1,0,True
ME-36411,ORD-US-36410,M-012,Tech Stop,2025-05-23T09:02:48,ready_on_time,12.8,0,True
ME-36412,ORD-US-36411,M-011,Wellness Pharmacy,2025-05-23T09:56:54,ready_on_time,16.9,0,True
ME-36413,ORD-US-36412,M-010,Burger District,2025-05-23T09:19:12,ready_on_time,9.2,0,True
ME-36414,ORD-US-36413,M-010,Burger District,2025-05-23T09:50:54,ready_on_time,20.9,0,True
ME-36415,ORD-US-36414,M-010,Burger District,2025-05-23T18:29:00,ready_on_time,14.0,0,True
ME-36416,ORD-US-36415,M-010,Burger District,2025-05-23T16:12:30,ready_on_time,22.5,0,True
ME-36417,ORD-US-36416,M-011,Wellness Pharmacy,2025-05-23T09:56:12,ready_on_time,16.2,0,True
ME-36418,ORD-US-36417,M-009,Daily Mart,2025-05-23T16:57:54,ready_on_time,7.9,0,True
ME-36419,ORD-US-36418,M-011,Wellness Pharmacy,2025-05-23T14:14:30,ready_on_time,14.5,0,True
ME-36420,ORD-US-36419,M-010,Burger District,2025-05-23T09:42:48,ready_on_time,17.8,0,True
ME-36421,ORD-US-36420,M-009,Daily Mart,2025-05-23T17:43:12,ready_on_time,18.2,0,True
ME-36422,ORD-US-36421,M-010,Burger District,2025-05-23T20:08:42,ready_on_time,23.7,0,True
ME-36423,ORD-US-36422,M-010,Burger District,2025-05-23T10:42:18,ready_on_time,12.3,0,True
ME-36424,ORD-US-36423,M-009,Daily Mart,2025-05-23T14:10:18,ready_on_time,15.3,0,True
ME-36425,ORD-US-36424,M-010,Burger District,2025-05-23T09:54:36,ready_on_time,14.6,0,True
ME-36426,ORD-US-36425,M-012,Tech Stop,2025-05-23T20:24:00,ready_on_time,9.0,0,True
ME-36427,ORD-US-36426,M-010,Burger District,2025-05-23T13:06:30,ready_on_time,11.5,0,True
ME-36428,ORD-US-36427,M-003,Pasta Garden,2025-05-24T15:54:12,ready_on_time,14.2,0,True
ME-36429,ORD-US-36428,M-002,Crisp & Co.,2025-05-24T11:16:48,ready_on_time,11.8,0,True
ME-36430,ORD-US-36429,M-003,Pasta Garden,2025-05-24T15:04:36,ready_on_time,19.6,0,True
ME-36431,ORD-US-36430,M-004,QuickCare Pharmacy,2025-05-24T13:13:12,ready_on_time,18.2,0,True
ME-36432,ORD-US-36431,M-001,Green Basket Market,2025-05-24T15:17:30,ready_on_time,17.5,0,True
ME-36433,ORD-US-36432,M-001,Green Basket Market,2025-05-24T16:28:48,ready_on_time,13.8,0,True
ME-36434,ORD-US-36433,M-001,Green Basket Market,2025-05-24T11:34:30,ready_on_time,24.5,0,True
ME-36435,ORD-US-36434,M-004,QuickCare Pharmacy,2025-05-24T19:19:54,ready_on_time,9.9,0,True
ME-36436,ORD-US-36435,M-001,Green Basket Market,2025-05-24T11:19:12,ready_on_time,4.2,0,True
ME-36437,ORD-US-36436,M-004,QuickCare Pharmacy,2025-05-24T18:09:00,ready_on_time,14.0,0,True
ME-36438,ORD-US-36437,M-002,Crisp & Co.,2025-05-24T20:30:54,ready_on_time,5.9,0,True
ME-36439,ORD-US-36438,M-002,Crisp & Co.,2025-05-24T19:45:30,ready_on_time,20.5,0,True
ME-36440,ORD-US-36439,M-003,Pasta Garden,2025-05-24T20:41:42,ready_on_time,11.7,0,True
ME-36441,ORD-US-36440,M-004,QuickCare Pharmacy,2025-05-24T10:43:12,ready_on_time,13.2,0,True
ME-36442,ORD-US-36441,M-004,QuickCare Pharmacy,2025-05-24T13:49:18,ready_on_time,9.3,0,True
ME-36443,ORD-US-36442,M-001,Green Basket Market,2025-05-24T19:22:30,ready_on_time,12.5,0,True
ME-36444,ORD-US-36443,M-003,Pasta Garden,2025-05-24T10:33:36,ready_on_time,13.6,0,True
ME-36445,ORD-US-36444,M-004,QuickCare Pharmacy,2025-05-24T11:59:42,ready_on_time,14.7,0,True
ME-36446,ORD-US-36445,M-001,Green Basket Market,2025-05-24T19:35:54,ready_on_time,10.9,0,True
ME-36447,ORD-US-36446,M-001,Green Basket Market,2025-05-24T12:10:06,ready_on_time,15.1,0,True
ME-36448,ORD-US-36447,M-004,QuickCare Pharmacy,2025-05-24T14:32:48,ready_on_time,17.8,0,True
ME-36449,ORD-US-36448,M-001,Green Basket Market,2025-05-24T20:08:24,ready_on_time,13.4,0,True
ME-36450,ORD-US-36449,M-004,QuickCare Pharmacy,2025-05-24T16:54:30,ready_on_time,19.5,0,True
ME-36451,ORD-US-36450,M-004,QuickCare Pharmacy,2025-05-24T20:52:24,ready_on_time,17.4,0,True
ME-36452,ORD-US-36451,M-003,Pasta Garden,2025-05-24T19:15:00,ready_on_time,10.0,0,True
ME-36453,ORD-US-36452,M-004,QuickCare Pharmacy,2025-05-24T20:44:48,ready_on_time,4.8,0,True
ME-36454,ORD-US-36453,M-003,Pasta Garden,2025-05-24T12:57:18,ready_on_time,17.3,0,True
ME-36455,ORD-US-36454,M-003,Pasta Garden,2025-05-24T15:08:30,ready_on_time,18.5,0,True
ME-36456,ORD-US-36455,M-002,Crisp & Co.,2025-05-24T13:08:24,ready_on_time,18.4,0,True
ME-36457,ORD-US-36456,M-002,Crisp & Co.,2025-05-24T11:53:54,ready_on_time,13.9,0,True
ME-36458,ORD-US-36457,M-004,QuickCare Pharmacy,2025-05-24T11:52:54,ready_on_time,12.9,0,True
ME-36459,ORD-US-36458,M-004,QuickCare Pharmacy,2025-05-24T16:44:06,ready_on_time,19.1,0,True
ME-36460,ORD-US-36459,M-004,QuickCare Pharmacy,2025-05-24T18:23:54,ready_on_time,18.9,0,True
ME-36461,ORD-US-36460,M-003,Pasta Garden,2025-05-24T18:46:12,ready_on_time,16.2,0,True
ME-36462,ORD-US-36461,M-002,Crisp & Co.,2025-05-24T08:29:06,ready_on_time,19.1,0,True
ME-36463,ORD-US-36462,M-001,Green Basket Market,2025-05-24T20:43:36,ready_on_time,13.6,0,True
ME-36464,ORD-US-36463,M-001,Green Basket Market,2025-05-24T08:24:48,ready_on_time,14.8,0,True
ME-36465,ORD-US-36464,M-002,Crisp & Co.,2025-05-24T11:10:12,ready_on_time,15.2,0,True
ME-36466,ORD-US-36465,M-003,Pasta Garden,2025-05-24T09:51:48,ready_on_time,11.8,0,True
ME-36467,ORD-US-36466,M-004,QuickCare Pharmacy,2025-05-24T11:11:06,ready_on_time,11.1,0,True
ME-36468,ORD-US-36467,M-002,Crisp & Co.,2025-05-24T11:13:54,ready_on_time,18.9,0,True
ME-36469,ORD-US-36468,M-007,Home & Handy,2025-05-24T18:10:30,ready_on_time,10.5,0,True
ME-36470,ORD-US-36469,M-008,Noodle House,2025-05-24T08:34:00,ready_on_time,9.0,0,True
ME-36471,ORD-US-36470,M-006,Fresh Roots Grocery,2025-05-24T10:09:54,ready_on_time,9.9,0,True
ME-36472,ORD-US-36471,M-007,Home & Handy,2025-05-24T08:41:06,ready_on_time,11.1,0,True
ME-36473,ORD-US-36472,M-007,Home & Handy,2025-05-24T09:37:00,ready_on_time,12.0,0,True
ME-36474,ORD-US-36473,M-007,Home & Handy,2025-05-24T14:18:18,ready_on_time,13.3,0,True
ME-36475,ORD-US-36474,M-008,Noodle House,2025-05-24T20:40:36,ready_on_time,15.6,0,True
ME-36476,ORD-US-36475,M-005,Corner Table,2025-05-24T08:20:06,ready_on_time,15.1,0,True
ME-36477,ORD-US-36476,M-008,Noodle House,2025-05-24T10:18:24,ready_on_time,18.4,0,True
ME-36478,ORD-US-36477,M-006,Fresh Roots Grocery,2025-05-24T19:23:00,ready_on_time,13.0,0,True
ME-36479,ORD-US-36478,M-008,Noodle House,2025-05-24T08:29:00,ready_on_time,19.0,0,True
ME-36480,ORD-US-36479,M-008,Noodle House,2025-05-24T13:18:06,ready_on_time,18.1,0,True
ME-36481,ORD-US-36480,M-005,Corner Table,2025-05-24T17:56:12,ready_on_time,11.2,0,True
ME-36482,ORD-US-36481,M-006,Fresh Roots Grocery,2025-05-24T09:53:42,ready_on_time,13.7,0,True
ME-36483,ORD-US-36482,M-007,Home & Handy,2025-05-24T16:17:42,ready_on_time,22.7,0,True
ME-36484,ORD-US-36483,M-008,Noodle House,2025-05-24T11:15:42,ready_on_time,15.7,0,True
ME-36485,ORD-US-36484,M-006,Fresh Roots Grocery,2025-05-24T16:51:42,ready_on_time,16.7,0,True
ME-36486,ORD-US-36485,M-006,Fresh Roots Grocery,2025-05-24T16:29:24,ready_on_time,9.4,0,True
ME-36487,ORD-US-36486,M-005,Corner Table,2025-05-24T16:51:12,ready_on_time,16.2,0,True
ME-36488,ORD-US-36487,M-008,Noodle House,2025-05-24T10:04:54,ready_on_time,9.9,0,True
ME-36489,ORD-US-36488,M-008,Noodle House,2025-05-24T13:52:42,ready_on_time,17.7,0,True
ME-36490,ORD-US-36489,M-008,Noodle House,2025-05-24T17:09:54,ready_on_time,14.9,0,True
ME-36491,ORD-US-36490,M-005,Corner Table,2025-05-24T13:05:12,ready_on_time,10.2,0,True
ME-36492,ORD-US-36491,M-006,Fresh Roots Grocery,2025-05-24T13:23:48,ready_on_time,13.8,0,True
ME-36493,ORD-US-36492,M-005,Corner Table,2025-05-24T16:34:54,ready_on_time,24.9,0,True
ME-36494,ORD-US-36493,M-008,Noodle House,2025-05-24T14:04:18,ready_on_time,9.3,0,True
ME-36495,ORD-US-36494,M-007,Home & Handy,2025-05-24T12:31:06,ready_on_time,6.1,0,True
ME-36496,ORD-US-36495,M-006,Fresh Roots Grocery,2025-05-24T08:42:54,ready_on_time,12.9,0,False
ME-36497,ORD-US-36496,M-007,Home & Handy,2025-05-24T09:37:36,ready_on_time,12.6,0,True
ME-36498,ORD-US-36497,M-006,Fresh Roots Grocery,2025-05-24T15:41:54,ready_on_time,16.9,0,True
ME-36499,ORD-US-36498,M-007,Home & Handy,2025-05-24T13:25:12,ready_on_time,15.2,0,True
ME-36500,ORD-US-36499,M-007,Home & Handy,2025-05-24T10:09:18,ready_on_time,14.3,0,True
ME-36501,ORD-US-36500,M-008,Noodle House,2025-05-24T17:22:42,ready_on_time,12.7,0,True
ME-36502,ORD-US-36501,M-006,Fresh Roots Grocery,2025-05-24T13:41:54,ready_on_time,11.9,0,True
ME-36503,ORD-US-36502,M-007,Home & Handy,2025-05-24T09:44:30,ready_on_time,9.5,0,True
ME-36504,ORD-US-36503,M-005,Corner Table,2025-05-24T20:35:36,ready_on_time,10.6,0,True
ME-36505,ORD-US-36504,M-007,Home & Handy,2025-05-24T19:15:12,ready_on_time,20.2,0,True
ME-36506,ORD-US-36505,M-008,Noodle House,2025-05-24T12:47:24,ready_on_time,12.4,0,True
ME-36507,ORD-US-36506,M-005,Corner Table,2025-05-24T10:04:30,ready_on_time,9.5,0,True
ME-36508,ORD-US-36507,M-005,Corner Table,2025-05-24T10:38:00,ready_on_time,18.0,0,True
ME-36509,ORD-US-36508,M-006,Fresh Roots Grocery,2025-05-24T09:48:18,ready_on_time,18.3,0,True
ME-36510,ORD-US-36509,M-008,Noodle House,2025-05-24T16:52:30,ready_on_time,12.5,0,True
ME-36511,ORD-US-36510,M-006,Fresh Roots Grocery,2025-05-24T12:15:42,ready_on_time,20.7,0,True
ME-36512,ORD-US-36511,M-008,Noodle House,2025-05-24T08:56:48,ready_on_time,16.8,0,True
ME-36513,ORD-US-36512,M-005,Corner Table,2025-05-24T18:26:24,ready_on_time,11.4,0,True
ME-36514,ORD-US-36513,M-010,Burger District,2025-05-24T11:25:18,ready_on_time,15.3,0,True
ME-36515,ORD-US-36514,M-012,Tech Stop,2025-05-24T08:30:06,ready_on_time,15.1,0,True
ME-36516,ORD-US-36515,M-009,Daily Mart,2025-05-24T19:06:24,ready_on_time,16.4,0,True
ME-36517,ORD-US-36516,M-011,Wellness Pharmacy,2025-05-24T08:57:36,ready_on_time,17.6,0,True
ME-36518,ORD-US-36517,M-009,Daily Mart,2025-05-24T10:25:24,ready_on_time,15.4,0,True
ME-36519,ORD-US-36518,M-011,Wellness Pharmacy,2025-05-24T18:25:48,ready_on_time,10.8,0,True
ME-36520,ORD-US-36519,M-009,Daily Mart,2025-05-24T15:51:24,ready_on_time,16.4,0,True
ME-36521,ORD-US-36520,M-010,Burger District,2025-05-24T19:43:36,ready_on_time,8.6,0,True
ME-36522,ORD-US-36521,M-012,Tech Stop,2025-05-24T10:51:18,ready_on_time,16.3,0,True
ME-36523,ORD-US-36522,M-009,Daily Mart,2025-05-24T10:01:48,ready_on_time,16.8,0,True
ME-36524,ORD-US-36523,M-012,Tech Stop,2025-05-24T17:50:30,ready_on_time,20.5,0,True
ME-36525,ORD-US-36524,M-012,Tech Stop,2025-05-24T17:18:00,ready_on_time,23.0,0,True
ME-36526,ORD-US-36525,M-012,Tech Stop,2025-05-24T17:20:24,ready_on_time,10.4,0,True
ME-36527,ORD-US-36526,M-010,Burger District,2025-05-24T16:16:12,ready_on_time,6.2,0,True
ME-36528,ORD-US-36527,M-011,Wellness Pharmacy,2025-05-24T12:01:24,ready_on_time,16.4,0,True
ME-36529,ORD-US-36528,M-009,Daily Mart,2025-05-24T14:52:42,ready_on_time,12.7,0,True
ME-36530,ORD-US-36529,M-011,Wellness Pharmacy,2025-05-24T17:13:00,ready_on_time,8.0,0,True
ME-36531,ORD-US-36530,M-011,Wellness Pharmacy,2025-05-24T20:33:54,ready_on_time,13.9,0,True
ME-36532,ORD-US-36531,M-009,Daily Mart,2025-05-24T10:20:24,ready_on_time,5.4,0,True
ME-36533,ORD-US-36532,M-012,Tech Stop,2025-05-24T12:02:42,ready_on_time,12.7,0,True
ME-36534,ORD-US-36533,M-009,Daily Mart,2025-05-24T20:40:00,ready_on_time,15.0,0,True
ME-36535,ORD-US-36534,M-009,Daily Mart,2025-05-24T17:35:54,ready_on_time,20.9,0,True
ME-36536,ORD-US-36535,M-012,Tech Stop,2025-05-24T16:56:42,ready_on_time,16.7,0,True
ME-36537,ORD-US-36536,M-009,Daily Mart,2025-05-24T18:26:12,ready_on_time,11.2,0,True
ME-36538,ORD-US-36537,M-012,Tech Stop,2025-05-24T16:45:48,ready_on_time,10.8,0,True
ME-36539,ORD-US-36538,M-012,Tech Stop,2025-05-24T11:14:48,ready_on_time,14.8,0,True
ME-36540,ORD-US-36539,M-009,Daily Mart,2025-05-24T17:24:36,ready_on_time,4.6,0,True
ME-36541,ORD-US-36540,M-012,Tech Stop,2025-05-24T13:14:12,ready_on_time,9.2,0,True
ME-36542,ORD-US-36541,M-011,Wellness Pharmacy,2025-05-24T09:11:48,ready_on_time,16.8,0,True
ME-36543,ORD-US-36542,M-011,Wellness Pharmacy,2025-05-24T11:08:00,ready_on_time,3,0,True
ME-36544,ORD-US-36543,M-011,Wellness Pharmacy,2025-05-24T19:11:30,ready_on_time,21.5,0,True
ME-36545,ORD-US-36544,M-010,Burger District,2025-05-24T09:50:42,ready_on_time,10.7,0,True
ME-36546,ORD-US-36545,M-009,Daily Mart,2025-05-24T14:13:42,ready_on_time,13.7,0,True
ME-36547,ORD-US-36546,M-009,Daily Mart,2025-05-24T15:24:12,ready_on_time,14.2,0,True
ME-36548,ORD-US-36547,M-010,Burger District,2025-05-24T14:34:54,ready_on_time,14.9,0,True
ME-36549,ORD-US-36548,M-012,Tech Stop,2025-05-24T15:46:54,ready_on_time,11.9,0,True
ME-36550,ORD-US-36549,M-011,Wellness Pharmacy,2025-05-24T13:26:24,ready_on_time,21.4,0,True
ME-36551,ORD-US-36550,M-011,Wellness Pharmacy,2025-05-24T15:09:00,ready_on_time,19.0,0,True
ME-36552,ORD-US-36551,M-011,Wellness Pharmacy,2025-05-24T21:08:06,ready_on_time,13.1,0,True
ME-36553,ORD-US-36552,M-001,Green Basket Market,2025-05-25T19:50:42,ready_on_time,20.7,0,True
ME-36554,ORD-US-36553,M-002,Crisp & Co.,2025-05-25T20:40:00,ready_on_time,15.0,0,True
ME-36555,ORD-US-36554,M-004,QuickCare Pharmacy,2025-05-25T14:48:36,ready_on_time,18.6,0,True
ME-36556,ORD-US-36555,M-002,Crisp & Co.,2025-05-25T08:48:24,ready_on_time,18.4,0,True
ME-36557,ORD-US-36556,M-004,QuickCare Pharmacy,2025-05-25T19:56:00,ready_on_time,21.0,0,True
ME-36558,ORD-US-36557,M-004,QuickCare Pharmacy,2025-05-25T15:40:54,ready_on_time,15.9,0,True
ME-36559,ORD-US-36558,M-002,Crisp & Co.,2025-05-25T12:54:54,ready_on_time,9.9,0,True
ME-36560,ORD-US-36559,M-002,Crisp & Co.,2025-05-25T14:30:42,ready_on_time,10.7,0,True
ME-36561,ORD-US-36560,M-002,Crisp & Co.,2025-05-25T19:46:06,ready_on_time,16.1,0,True
ME-36562,ORD-US-36561,M-002,Crisp & Co.,2025-05-25T08:42:30,ready_on_time,17.5,0,True
ME-36563,ORD-US-36562,M-002,Crisp & Co.,2025-05-25T12:13:24,ready_on_time,8.4,0,True
ME-36564,ORD-US-36563,M-002,Crisp & Co.,2025-05-25T12:14:30,ready_on_time,9.5,0,True
ME-36565,ORD-US-36564,M-003,Pasta Garden,2025-05-25T12:51:06,ready_on_time,16.1,0,True
ME-36566,ORD-US-36565,M-002,Crisp & Co.,2025-05-25T18:55:48,ready_on_time,20.8,0,True
ME-36567,ORD-US-36566,M-001,Green Basket Market,2025-05-25T11:38:06,ready_on_time,13.1,0,True
ME-36568,ORD-US-36567,M-004,QuickCare Pharmacy,2025-05-25T18:33:24,ready_on_time,8.4,0,True
ME-36569,ORD-US-36568,M-003,Pasta Garden,2025-05-25T18:17:42,ready_on_time,12.7,0,True
ME-36570,ORD-US-36569,M-004,QuickCare Pharmacy,2025-05-25T19:57:48,ready_on_time,7.8,0,True
ME-36571,ORD-US-36570,M-002,Crisp & Co.,2025-05-25T09:59:06,ready_on_time,9.1,0,True
ME-36572,ORD-US-36571,M-001,Green Basket Market,2025-05-25T18:56:12,ready_on_time,21.2,0,True
ME-36573,ORD-US-36572,M-002,Crisp & Co.,2025-05-25T20:44:54,ready_on_time,4.9,0,True
ME-36574,ORD-US-36573,M-002,Crisp & Co.,2025-05-25T20:46:06,ready_on_time,16.1,0,True
ME-36575,ORD-US-36574,M-002,Crisp & Co.,2025-05-25T17:56:00,ready_on_time,11.0,0,True
ME-36576,ORD-US-36575,M-001,Green Basket Market,2025-05-25T20:44:18,ready_on_time,9.3,0,True
ME-36577,ORD-US-36576,M-003,Pasta Garden,2025-05-25T17:38:06,ready_on_time,18.1,0,True
ME-36578,ORD-US-36577,M-001,Green Basket Market,2025-05-25T19:30:00,ready_on_time,10.0,0,True
ME-36579,ORD-US-36578,M-003,Pasta Garden,2025-05-25T15:03:12,ready_on_time,18.2,0,True
ME-36580,ORD-US-36579,M-002,Crisp & Co.,2025-05-25T11:44:06,ready_on_time,14.1,0,True
ME-36581,ORD-US-36580,M-003,Pasta Garden,2025-05-25T11:12:54,ready_on_time,17.9,0,True
ME-36582,ORD-US-36581,M-003,Pasta Garden,2025-05-25T15:02:48,ready_on_time,17.8,0,True
ME-36583,ORD-US-36582,M-002,Crisp & Co.,2025-05-25T09:05:00,ready_on_time,15.0,0,True
ME-36584,ORD-US-36583,M-002,Crisp & Co.,2025-05-25T13:32:36,ready_on_time,12.6,0,True
ME-36585,ORD-US-36584,M-001,Green Basket Market,2025-05-25T11:12:48,ready_on_time,7.8,0,True
ME-36586,ORD-US-36585,M-002,Crisp & Co.,2025-05-25T16:21:48,ready_on_time,16.8,0,True
ME-36587,ORD-US-36586,M-001,Green Basket Market,2025-05-25T09:21:12,ready_on_time,6.2,0,True
ME-36588,ORD-US-36587,M-002,Crisp & Co.,2025-05-25T20:17:24,ready_on_time,12.4,0,True
ME-36589,ORD-US-36588,M-001,Green Basket Market,2025-05-25T08:36:06,ready_on_time,6.1,0,True
ME-36590,ORD-US-36589,M-003,Pasta Garden,2025-05-25T14:29:18,ready_on_time,14.3,0,True
ME-36591,ORD-US-36590,M-003,Pasta Garden,2025-05-25T12:29:06,ready_on_time,9.1,0,True
ME-36592,ORD-US-36591,M-001,Green Basket Market,2025-05-25T10:51:30,ready_on_time,6.5,0,True
ME-36593,ORD-US-36592,M-004,QuickCare Pharmacy,2025-05-25T20:06:24,ready_on_time,16.4,0,True
ME-36594,ORD-US-36593,M-002,Crisp & Co.,2025-05-25T11:58:48,ready_on_time,18.8,0,True
ME-36595,ORD-US-36594,M-003,Pasta Garden,2025-05-25T15:54:00,ready_on_time,14.0,0,True
ME-36596,ORD-US-36595,M-003,Pasta Garden,2025-05-25T10:34:18,ready_on_time,19.3,0,True
ME-36597,ORD-US-36596,M-008,Noodle House,2025-05-25T16:17:24,ready_on_time,17.4,0,True
ME-36598,ORD-US-36597,M-007,Home & Handy,2025-05-25T08:24:12,ready_on_time,14.2,0,True
ME-36599,ORD-US-36598,M-005,Corner Table,2025-05-25T16:01:18,ready_on_time,21.3,0,True
ME-36600,ORD-US-36599,M-006,Fresh Roots Grocery,2025-05-25T11:14:48,ready_on_time,14.8,0,True
ME-36601,ORD-US-36600,M-006,Fresh Roots Grocery,2025-05-25T17:53:42,ready_on_time,13.7,0,True
ME-36602,ORD-US-36601,M-008,Noodle House,2025-05-25T08:17:42,ready_on_time,17.7,0,True
ME-36603,ORD-US-36602,M-005,Corner Table,2025-05-25T18:19:42,ready_on_time,19.7,0,True
ME-36604,ORD-US-36603,M-006,Fresh Roots Grocery,2025-05-25T15:35:24,ready_on_time,15.4,0,True
ME-36605,ORD-US-36604,M-006,Fresh Roots Grocery,2025-05-25T09:53:12,ready_on_time,8.2,0,True
ME-36606,ORD-US-36605,M-007,Home & Handy,2025-05-25T15:40:12,ready_on_time,10.2,0,True
ME-36607,ORD-US-36606,M-005,Corner Table,2025-05-25T17:54:24,ready_on_time,14.4,0,True
ME-36608,ORD-US-36607,M-007,Home & Handy,2025-05-25T09:05:36,ready_on_time,20.6,0,True
ME-36609,ORD-US-36608,M-006,Fresh Roots Grocery,2025-05-25T16:28:24,ready_on_time,3.4,0,True
ME-36610,ORD-US-36609,M-007,Home & Handy,2025-05-25T13:32:24,ready_on_time,17.4,0,True
ME-36611,ORD-US-36610,M-007,Home & Handy,2025-05-25T14:05:00,ready_on_time,15.0,0,True
ME-36612,ORD-US-36611,M-006,Fresh Roots Grocery,2025-05-25T19:13:54,ready_on_time,13.9,0,True
ME-36613,ORD-US-36612,M-005,Corner Table,2025-05-25T19:33:30,ready_on_time,13.5,0,True
ME-36614,ORD-US-36613,M-008,Noodle House,2025-05-25T16:37:12,ready_on_time,22.2,0,True
ME-36615,ORD-US-36614,M-005,Corner Table,2025-05-25T09:50:54,ready_on_time,15.9,0,True
ME-36616,ORD-US-36615,M-007,Home & Handy,2025-05-25T09:10:42,ready_on_time,15.7,0,True
ME-36617,ORD-US-36616,M-006,Fresh Roots Grocery,2025-05-25T17:52:36,ready_on_time,17.6,0,True
ME-36618,ORD-US-36617,M-008,Noodle House,2025-05-25T13:38:06,ready_on_time,18.1,0,True
ME-36619,ORD-US-36618,M-007,Home & Handy,2025-05-25T17:04:48,ready_on_time,19.8,0,True
ME-36620,ORD-US-36619,M-008,Noodle House,2025-05-25T20:52:54,ready_on_time,17.9,0,True
ME-36621,ORD-US-36620,M-006,Fresh Roots Grocery,2025-05-25T11:56:42,ready_on_time,6.7,0,True
ME-36622,ORD-US-36621,M-007,Home & Handy,2025-05-25T19:05:42,ready_on_time,25.7,0,True
ME-36623,ORD-US-36622,M-006,Fresh Roots Grocery,2025-05-25T09:23:42,ready_on_time,8.7,0,True
ME-36624,ORD-US-36623,M-006,Fresh Roots Grocery,2025-05-25T10:37:00,ready_on_time,17.0,0,True
ME-36625,ORD-US-36624,M-007,Home & Handy,2025-05-25T11:13:42,ready_on_time,13.7,0,True
ME-36626,ORD-US-36625,M-007,Home & Handy,2025-05-25T16:16:00,ready_on_time,6.0,0,True
ME-36627,ORD-US-36626,M-008,Noodle House,2025-05-25T21:10:36,ready_on_time,20.6,0,True
ME-36628,ORD-US-36627,M-007,Home & Handy,2025-05-25T12:47:42,ready_on_time,12.7,0,True
ME-36629,ORD-US-36628,M-005,Corner Table,2025-05-25T13:08:48,ready_on_time,23.8,0,True
ME-36630,ORD-US-36629,M-006,Fresh Roots Grocery,2025-05-25T18:01:48,ready_on_time,16.8,0,True
ME-36631,ORD-US-36630,M-006,Fresh Roots Grocery,2025-05-25T09:37:24,ready_on_time,12.4,0,True
ME-36632,ORD-US-36631,M-005,Corner Table,2025-05-25T19:35:06,ready_on_time,20.1,0,True
ME-36633,ORD-US-36632,M-007,Home & Handy,2025-05-25T12:33:18,ready_on_time,3.3,0,True
ME-36634,ORD-US-36633,M-006,Fresh Roots Grocery,2025-05-25T12:07:36,ready_on_time,12.6,0,True
ME-36635,ORD-US-36634,M-005,Corner Table,2025-05-25T08:49:36,ready_on_time,9.6,0,True
ME-36636,ORD-US-36635,M-006,Fresh Roots Grocery,2025-05-25T12:49:30,ready_on_time,14.5,0,True
ME-36637,ORD-US-36636,M-008,Noodle House,2025-05-25T09:43:00,ready_on_time,13.0,0,True
ME-36638,ORD-US-36637,M-010,Burger District,2025-05-25T18:07:12,ready_on_time,12.2,0,True
ME-36639,ORD-US-36638,M-011,Wellness Pharmacy,2025-05-25T15:26:00,ready_on_time,11.0,0,True
ME-36640,ORD-US-36639,M-011,Wellness Pharmacy,2025-05-25T11:09:48,ready_on_time,4.8,0,True
ME-36641,ORD-US-36640,M-010,Burger District,2025-05-25T20:07:48,ready_on_time,12.8,0,True
ME-36642,ORD-US-36641,M-010,Burger District,2025-05-25T09:55:54,ready_on_time,15.9,0,True
ME-36643,ORD-US-36642,M-009,Daily Mart,2025-05-25T16:04:12,ready_on_time,24.2,0,True
ME-36644,ORD-US-36643,M-009,Daily Mart,2025-05-25T09:45:12,ready_on_time,20.2,0,True
ME-36645,ORD-US-36644,M-012,Tech Stop,2025-05-25T17:48:00,ready_on_time,13.0,0,True
ME-36646,ORD-US-36645,M-012,Tech Stop,2025-05-25T13:26:24,ready_on_time,16.4,0,True
ME-36647,ORD-US-36646,M-009,Daily Mart,2025-05-25T14:10:00,ready_on_time,10.0,0,True
ME-36648,ORD-US-36647,M-009,Daily Mart,2025-05-25T08:12:36,ready_on_time,12.6,0,True
ME-36649,ORD-US-36648,M-012,Tech Stop,2025-05-25T12:01:24,ready_on_time,16.4,0,True
ME-36650,ORD-US-36649,M-009,Daily Mart,2025-05-25T08:56:30,ready_on_time,16.5,0,True
ME-36651,ORD-US-36650,M-010,Burger District,2025-05-25T11:48:12,ready_on_time,18.2,0,True
ME-36652,ORD-US-36651,M-009,Daily Mart,2025-05-25T15:33:48,ready_on_time,18.8,0,True
ME-36653,ORD-US-36652,M-011,Wellness Pharmacy,2025-05-25T16:46:30,ready_on_time,16.5,0,True
ME-36654,ORD-US-36653,M-010,Burger District,2025-05-25T18:47:18,ready_on_time,12.3,0,True
ME-36655,ORD-US-36654,M-012,Tech Stop,2025-05-25T16:17:36,ready_on_time,12.6,0,True
ME-36656,ORD-US-36655,M-010,Burger District,2025-05-25T11:44:00,ready_on_time,14.0,0,True
ME-36657,ORD-US-36656,M-012,Tech Stop,2025-05-25T15:11:00,ready_on_time,11.0,0,True
ME-36658,ORD-US-36657,M-010,Burger District,2025-05-25T16:50:30,ready_on_time,15.5,0,True
ME-36659,ORD-US-36658,M-011,Wellness Pharmacy,2025-05-25T20:50:54,ready_on_time,15.9,0,True
ME-36660,ORD-US-36659,M-009,Daily Mart,2025-05-25T17:47:00,ready_on_time,12.0,0,True
ME-36661,ORD-US-36660,M-010,Burger District,2025-05-25T17:32:24,ready_on_time,12.4,0,True
ME-36662,ORD-US-36661,M-012,Tech Stop,2025-05-25T15:45:48,ready_on_time,10.8,0,True
ME-36663,ORD-US-36662,M-009,Daily Mart,2025-05-25T08:50:48,ready_on_time,10.8,0,True
ME-36664,ORD-US-36663,M-009,Daily Mart,2025-05-25T19:57:18,ready_on_time,17.3,0,True
ME-36665,ORD-US-36664,M-010,Burger District,2025-05-25T09:27:54,ready_on_time,12.9,0,True
ME-36666,ORD-US-36665,M-011,Wellness Pharmacy,2025-05-25T20:24:00,ready_on_time,9.0,0,True
ME-36667,ORD-US-36666,M-011,Wellness Pharmacy,2025-05-25T14:23:12,ready_on_time,18.2,0,True
ME-36668,ORD-US-36667,M-010,Burger District,2025-05-25T08:59:06,ready_on_time,14.1,0,True
ME-36669,ORD-US-36668,M-011,Wellness Pharmacy,2025-05-25T18:40:00,ready_on_time,15.0,0,True
ME-36670,ORD-US-36669,M-012,Tech Stop,2025-05-25T20:42:24,ready_on_time,17.4,0,True
ME-36671,ORD-US-36670,M-012,Tech Stop,2025-05-25T10:53:12,ready_on_time,18.2,0,True
ME-36672,ORD-US-36671,M-012,Tech Stop,2025-05-25T15:44:06,ready_on_time,19.1,0,True
ME-36673,ORD-US-36672,M-011,Wellness Pharmacy,2025-05-25T11:08:30,ready_on_time,13.5,0,True
ME-36674,ORD-US-36673,M-012,Tech Stop,2025-05-25T08:38:24,ready_on_time,8.4,0,True
ME-36675,ORD-US-36674,M-011,Wellness Pharmacy,2025-05-25T11:18:06,ready_on_time,8.1,0,True
ME-36676,ORD-US-36675,M-012,Tech Stop,2025-05-25T10:55:06,ready_on_time,10.1,0,True
ME-36677,ORD-US-36676,M-011,Wellness Pharmacy,2025-05-25T12:31:12,ready_on_time,16.2,0,True
ME-36678,ORD-US-36677,M-012,Tech Stop,2025-05-25T14:44:30,ready_on_time,9.5,0,True
ME-36679,ORD-US-36678,M-012,Tech Stop,2025-05-25T09:29:42,ready_on_time,14.7,0,True
ME-36680,ORD-US-36679,M-010,Burger District,2025-05-25T09:35:06,ready_on_time,10.1,0,True
ME-36681,ORD-US-36680,M-001,Green Basket Market,2025-05-26T08:15:30,ready_on_time,10.5,0,True
ME-36682,ORD-US-36681,M-003,Pasta Garden,2025-05-26T20:24:30,ready_on_time,14.5,0,True
ME-36683,ORD-US-36682,M-001,Green Basket Market,2025-05-26T16:56:00,ready_on_time,6.0,0,True
ME-36684,ORD-US-36683,M-001,Green Basket Market,2025-05-26T15:50:00,ready_on_time,15.0,0,True
ME-36685,ORD-US-36684,M-003,Pasta Garden,2025-05-26T11:13:36,ready_on_time,8.6,0,True
ME-36686,ORD-US-36685,M-002,Crisp & Co.,2025-05-26T17:05:18,ready_on_time,20.3,0,True
ME-36687,ORD-US-36686,M-001,Green Basket Market,2025-05-26T10:50:42,ready_on_time,20.7,0,True
ME-36688,ORD-US-36687,M-004,QuickCare Pharmacy,2025-05-26T18:48:12,ready_on_time,13.2,0,True
ME-36689,ORD-US-36688,M-003,Pasta Garden,2025-05-26T17:14:18,ready_on_time,14.3,0,True
ME-36690,ORD-US-36689,M-002,Crisp & Co.,2025-05-26T10:55:48,ready_on_time,20.8,0,True
ME-36691,ORD-US-36690,M-004,QuickCare Pharmacy,2025-05-26T08:16:42,ready_on_time,11.7,0,True
ME-36692,ORD-US-36691,M-002,Crisp & Co.,2025-05-26T10:00:30,ready_on_time,15.5,0,True
ME-36693,ORD-US-36692,M-002,Crisp & Co.,2025-05-26T10:41:42,ready_on_time,16.7,0,True
ME-36694,ORD-US-36693,M-004,QuickCare Pharmacy,2025-05-26T20:53:30,ready_on_time,13.5,0,True
ME-36695,ORD-US-36694,M-003,Pasta Garden,2025-05-26T13:15:36,ready_on_time,15.6,0,True
ME-36696,ORD-US-36695,M-002,Crisp & Co.,2025-05-26T12:44:00,ready_on_time,14.0,0,True
ME-36697,ORD-US-36696,M-004,QuickCare Pharmacy,2025-05-26T10:15:06,ready_on_time,5.1,0,True
ME-36698,ORD-US-36697,M-004,QuickCare Pharmacy,2025-05-26T08:53:42,ready_on_time,18.7,0,True
ME-36699,ORD-US-36698,M-003,Pasta Garden,2025-05-26T20:36:54,ready_on_time,16.9,0,True
ME-36700,ORD-US-36699,M-002,Crisp & Co.,2025-05-26T12:58:54,ready_on_time,23.9,0,True
ME-36701,ORD-US-36700,M-004,QuickCare Pharmacy,2025-05-26T18:30:00,ready_on_time,15.0,0,True
ME-36702,ORD-US-36701,M-004,QuickCare Pharmacy,2025-05-26T11:14:12,ready_on_time,19.2,0,True
ME-36703,ORD-US-36702,M-002,Crisp & Co.,2025-05-26T19:39:30,ready_on_time,14.5,0,True
ME-36704,ORD-US-36703,M-003,Pasta Garden,2025-05-26T12:20:06,ready_on_time,10.1,0,True
ME-36705,ORD-US-36704,M-004,QuickCare Pharmacy,2025-05-26T10:13:12,ready_on_time,13.2,0,True
ME-36706,ORD-US-36705,M-001,Green Basket Market,2025-05-26T16:02:54,ready_on_time,17.9,0,True
ME-36707,ORD-US-36706,M-004,QuickCare Pharmacy,2025-05-26T11:45:12,ready_on_time,10.2,0,True
ME-36708,ORD-US-36707,M-004,QuickCare Pharmacy,2025-05-26T10:07:12,ready_on_time,17.2,0,True
ME-36709,ORD-US-36708,M-001,Green Basket Market,2025-05-26T08:36:06,ready_on_time,21.1,0,True
ME-36710,ORD-US-36709,M-003,Pasta Garden,2025-05-26T08:52:54,ready_on_time,17.9,0,True
ME-36711,ORD-US-36710,M-002,Crisp & Co.,2025-05-26T09:38:24,ready_on_time,13.4,0,True
ME-36712,ORD-US-36711,M-003,Pasta Garden,2025-05-26T12:31:12,ready_on_time,11.2,0,True
ME-36713,ORD-US-36712,M-002,Crisp & Co.,2025-05-26T10:07:24,ready_on_time,12.4,0,True
ME-36714,ORD-US-36713,M-002,Crisp & Co.,2025-05-26T14:28:00,ready_on_time,18.0,0,True
ME-36715,ORD-US-36714,M-004,QuickCare Pharmacy,2025-05-26T15:41:12,ready_on_time,21.2,0,True
ME-36716,ORD-US-36715,M-001,Green Basket Market,2025-05-26T10:15:48,ready_on_time,10.8,0,True
ME-36717,ORD-US-36716,M-002,Crisp & Co.,2025-05-26T16:03:00,ready_on_time,8.0,0,True
ME-36718,ORD-US-36717,M-003,Pasta Garden,2025-05-26T12:08:42,ready_on_time,13.7,0,True
ME-36719,ORD-US-36718,M-001,Green Basket Market,2025-05-26T20:12:42,ready_on_time,17.7,0,True
ME-36720,ORD-US-36719,M-004,QuickCare Pharmacy,2025-05-26T08:26:36,ready_on_time,6.6,0,True
ME-36721,ORD-US-36720,M-004,QuickCare Pharmacy,2025-05-26T11:26:06,ready_on_time,16.1,0,True
ME-36722,ORD-US-36721,M-003,Pasta Garden,2025-05-26T14:14:00,ready_on_time,14.0,0,True
ME-36723,ORD-US-36722,M-008,Noodle House,2025-05-26T15:41:12,ready_on_time,16.2,0,True
ME-36724,ORD-US-36723,M-006,Fresh Roots Grocery,2025-05-26T11:36:54,ready_on_time,6.9,0,True
ME-36725,ORD-US-36724,M-007,Home & Handy,2025-05-26T15:21:36,ready_on_time,16.6,0,True
ME-36726,ORD-US-36725,M-008,Noodle House,2025-05-26T19:57:12,ready_on_time,22.2,0,True
ME-36727,ORD-US-36726,M-006,Fresh Roots Grocery,2025-05-26T13:54:36,ready_on_time,14.6,0,True
ME-36728,ORD-US-36727,M-008,Noodle House,2025-05-26T15:53:36,ready_on_time,13.6,0,True
ME-36729,ORD-US-36728,M-005,Corner Table,2025-05-26T18:05:00,ready_on_time,20.0,0,True
ME-36730,ORD-US-36729,M-005,Corner Table,2025-05-26T19:27:12,ready_on_time,12.2,0,True
ME-36731,ORD-US-36730,M-006,Fresh Roots Grocery,2025-05-26T17:23:00,ready_on_time,8.0,0,True
ME-36732,ORD-US-36731,M-005,Corner Table,2025-05-26T12:34:36,ready_on_time,19.6,0,True
ME-36733,ORD-US-36732,M-005,Corner Table,2025-05-26T14:01:30,ready_on_time,16.5,0,True
ME-36734,ORD-US-36733,M-007,Home & Handy,2025-05-26T15:27:30,ready_on_time,7.5,0,True
ME-36735,ORD-US-36734,M-008,Noodle House,2025-05-26T10:13:42,ready_on_time,23.7,0,True
ME-36736,ORD-US-36735,M-005,Corner Table,2025-05-26T11:22:06,ready_on_time,12.1,0,True
ME-36737,ORD-US-36736,M-005,Corner Table,2025-05-26T16:58:06,ready_on_time,8.1,0,True
ME-36738,ORD-US-36737,M-008,Noodle House,2025-05-26T19:04:30,ready_on_time,19.5,0,True
ME-36739,ORD-US-36738,M-008,Noodle House,2025-05-26T19:37:00,ready_on_time,17.0,0,True
ME-36740,ORD-US-36739,M-005,Corner Table,2025-05-26T17:45:48,ready_on_time,15.8,0,True
ME-36741,ORD-US-36740,M-008,Noodle House,2025-05-26T20:48:12,ready_on_time,18.2,0,True
ME-36742,ORD-US-36741,M-006,Fresh Roots Grocery,2025-05-26T13:44:54,ready_on_time,4.9,0,True
ME-36743,ORD-US-36742,M-008,Noodle House,2025-05-26T17:58:12,ready_on_time,18.2,0,True
ME-36744,ORD-US-36743,M-006,Fresh Roots Grocery,2025-05-26T16:51:36,ready_on_time,11.6,0,True
ME-36745,ORD-US-36744,M-008,Noodle House,2025-05-26T10:38:24,ready_on_time,13.4,0,True
ME-36746,ORD-US-36745,M-006,Fresh Roots Grocery,2025-05-26T19:40:18,ready_on_time,5.3,0,True
ME-36747,ORD-US-36746,M-005,Corner Table,2025-05-26T14:58:48,ready_on_time,13.8,0,True
ME-36748,ORD-US-36747,M-006,Fresh Roots Grocery,2025-05-26T13:22:30,ready_on_time,12.5,0,True
ME-36749,ORD-US-36748,M-007,Home & Handy,2025-05-26T15:03:12,ready_on_time,13.2,0,True
ME-36750,ORD-US-36749,M-008,Noodle House,2025-05-26T13:31:36,ready_on_time,16.6,0,True
ME-36751,ORD-US-36750,M-008,Noodle House,2025-05-26T18:52:36,ready_on_time,17.6,0,True
ME-36752,ORD-US-36751,M-005,Corner Table,2025-05-26T13:06:24,ready_on_time,16.4,0,True
ME-36753,ORD-US-36752,M-006,Fresh Roots Grocery,2025-05-26T15:54:12,ready_on_time,14.2,0,True
ME-36754,ORD-US-36753,M-005,Corner Table,2025-05-26T19:16:12,ready_on_time,21.2,0,True
ME-36755,ORD-US-36754,M-006,Fresh Roots Grocery,2025-05-26T11:14:54,ready_on_time,19.9,0,True
ME-36756,ORD-US-36755,M-005,Corner Table,2025-05-26T08:48:36,ready_on_time,8.6,0,True
ME-36757,ORD-US-36756,M-008,Noodle House,2025-05-26T12:12:00,ready_on_time,7.0,0,True
ME-36758,ORD-US-36757,M-008,Noodle House,2025-05-26T08:19:06,ready_on_time,9.1,0,True
ME-36759,ORD-US-36758,M-006,Fresh Roots Grocery,2025-05-26T18:02:12,ready_on_time,12.2,0,True
ME-36760,ORD-US-36759,M-012,Tech Stop,2025-05-26T13:20:00,ready_on_time,10.0,0,True
ME-36761,ORD-US-36760,M-012,Tech Stop,2025-05-26T14:33:00,ready_on_time,18.0,0,True
ME-36762,ORD-US-36761,M-009,Daily Mart,2025-05-26T20:01:12,ready_on_time,11.2,0,True
ME-36763,ORD-US-36762,M-009,Daily Mart,2025-05-26T13:29:12,ready_on_time,14.2,0,True
ME-36764,ORD-US-36763,M-009,Daily Mart,2025-05-26T19:08:00,ready_on_time,3,0,True
ME-36765,ORD-US-36764,M-009,Daily Mart,2025-05-26T15:16:06,ready_on_time,16.1,0,True
ME-36766,ORD-US-36765,M-009,Daily Mart,2025-05-26T19:52:24,ready_on_time,7.4,0,True
ME-36767,ORD-US-36766,M-010,Burger District,2025-05-26T18:35:54,ready_on_time,20.9,0,True
ME-36768,ORD-US-36767,M-009,Daily Mart,2025-05-26T14:59:00,ready_on_time,9.0,0,True
ME-36769,ORD-US-36768,M-011,Wellness Pharmacy,2025-05-26T16:53:42,ready_on_time,13.7,0,True
ME-36770,ORD-US-36769,M-009,Daily Mart,2025-05-26T14:10:18,ready_on_time,10.3,0,True
ME-36771,ORD-US-36770,M-011,Wellness Pharmacy,2025-05-26T10:34:42,ready_on_time,14.7,0,True
ME-36772,ORD-US-36771,M-011,Wellness Pharmacy,2025-05-26T17:11:06,ready_on_time,16.1,0,True
ME-36773,ORD-US-36772,M-009,Daily Mart,2025-05-26T12:53:12,ready_on_time,13.2,0,True
ME-36774,ORD-US-36773,M-011,Wellness Pharmacy,2025-05-26T09:41:54,ready_on_time,16.9,0,True
ME-36775,ORD-US-36774,M-010,Burger District,2025-05-26T13:49:18,ready_on_time,14.3,0,True
ME-36776,ORD-US-36775,M-012,Tech Stop,2025-05-26T18:12:06,ready_on_time,17.1,0,True
ME-36777,ORD-US-36776,M-009,Daily Mart,2025-05-26T20:41:48,ready_on_time,11.8,0,True
ME-36778,ORD-US-36777,M-010,Burger District,2025-05-26T10:07:30,ready_on_time,12.5,0,True
ME-36779,ORD-US-36778,M-009,Daily Mart,2025-05-26T10:18:06,ready_on_time,18.1,0,True
ME-36780,ORD-US-36779,M-011,Wellness Pharmacy,2025-05-26T11:19:54,ready_on_time,19.9,0,True
ME-36781,ORD-US-36780,M-011,Wellness Pharmacy,2025-05-26T08:25:54,ready_on_time,15.9,0,True
ME-36782,ORD-US-36781,M-010,Burger District,2025-05-26T11:47:48,ready_on_time,12.8,0,True
ME-36783,ORD-US-36782,M-012,Tech Stop,2025-05-26T12:55:42,ready_on_time,10.7,0,True
ME-36784,ORD-US-36783,M-012,Tech Stop,2025-05-26T17:58:06,ready_on_time,8.1,0,True
ME-36785,ORD-US-36784,M-009,Daily Mart,2025-05-26T16:41:06,ready_on_time,16.1,0,True
ME-36786,ORD-US-36785,M-010,Burger District,2025-05-26T10:47:54,ready_on_time,17.9,0,True
ME-36787,ORD-US-36786,M-009,Daily Mart,2025-05-26T08:26:18,ready_on_time,16.3,0,True
ME-36788,ORD-US-36787,M-009,Daily Mart,2025-05-26T18:42:00,ready_on_time,17.0,0,True
ME-36789,ORD-US-36788,M-012,Tech Stop,2025-05-26T10:53:48,ready_on_time,13.8,0,True
ME-36790,ORD-US-36789,M-011,Wellness Pharmacy,2025-05-26T09:01:12,ready_on_time,16.2,0,True
ME-36791,ORD-US-36790,M-009,Daily Mart,2025-05-26T16:58:00,ready_on_time,18.0,0,True
ME-36792,ORD-US-36791,M-012,Tech Stop,2025-05-26T11:16:54,ready_on_time,11.9,0,True
ME-36793,ORD-US-36792,M-010,Burger District,2025-05-26T09:50:12,ready_on_time,15.2,0,True
ME-36794,ORD-US-36793,M-010,Burger District,2025-05-26T18:21:12,ready_on_time,16.2,0,True
ME-36795,ORD-US-36794,M-011,Wellness Pharmacy,2025-05-26T10:46:06,ready_on_time,21.1,0,True
ME-36796,ORD-US-36795,M-012,Tech Stop,2025-05-26T17:53:30,ready_on_time,13.5,0,True
ME-36797,ORD-US-36796,M-010,Burger District,2025-05-26T10:13:18,ready_on_time,13.3,0,True
ME-36798,ORD-US-36797,M-009,Daily Mart,2025-05-26T13:39:24,ready_on_time,14.4,0,True
ME-36799,ORD-US-36798,M-011,Wellness Pharmacy,2025-05-26T15:47:18,ready_on_time,12.3,0,True
ME-36800,ORD-US-36799,M-009,Daily Mart,2025-05-26T09:41:42,ready_on_time,16.7,0,True
ME-36801,ORD-US-36800,M-009,Daily Mart,2025-05-26T13:05:12,ready_on_time,20.2,0,True
ME-36802,ORD-US-36801,M-011,Wellness Pharmacy,2025-05-26T08:18:30,ready_on_time,18.5,0,True
ME-36803,ORD-US-36802,M-009,Daily Mart,2025-05-26T15:26:48,ready_on_time,11.8,0,True
ME-36804,ORD-US-36803,M-011,Wellness Pharmacy,2025-05-26T14:14:48,ready_on_time,19.8,0,True
ME-36805,ORD-US-36804,M-001,Green Basket Market,2025-05-27T20:04:18,ready_on_time,14.3,0,True
ME-36806,ORD-US-36805,M-003,Pasta Garden,2025-05-27T20:30:48,ready_on_time,10.8,0,True
ME-36807,ORD-US-36806,M-002,Crisp & Co.,2025-05-27T20:34:00,ready_on_time,14.0,0,True
ME-36808,ORD-US-36807,M-003,Pasta Garden,2025-05-27T19:16:30,ready_on_time,11.5,0,True
ME-36809,ORD-US-36808,M-002,Crisp & Co.,2025-05-27T11:41:18,ready_on_time,11.3,0,True
ME-36810,ORD-US-36809,M-002,Crisp & Co.,2025-05-27T18:13:00,ready_on_time,13.0,0,True
ME-36811,ORD-US-36810,M-004,QuickCare Pharmacy,2025-05-27T10:38:24,ready_on_time,23.4,0,True
ME-36812,ORD-US-36811,M-002,Crisp & Co.,2025-05-27T17:37:42,ready_on_time,12.7,0,True
ME-36813,ORD-US-36812,M-004,QuickCare Pharmacy,2025-05-27T13:10:18,ready_on_time,20.3,0,True
ME-36814,ORD-US-36813,M-001,Green Basket Market,2025-05-27T12:13:00,ready_on_time,13.0,0,True
ME-36815,ORD-US-36814,M-003,Pasta Garden,2025-05-27T08:16:54,ready_on_time,11.9,0,True
ME-36816,ORD-US-36815,M-001,Green Basket Market,2025-05-27T17:57:36,ready_on_time,17.6,0,True
ME-36817,ORD-US-36816,M-002,Crisp & Co.,2025-05-27T17:01:42,ready_on_time,6.7,0,True
ME-36818,ORD-US-36817,M-001,Green Basket Market,2025-05-27T20:17:18,ready_on_time,12.3,0,True
ME-36819,ORD-US-36818,M-002,Crisp & Co.,2025-05-27T08:10:00,ready_on_time,5.0,0,True
ME-36820,ORD-US-36819,M-001,Green Basket Market,2025-05-27T21:00:12,ready_on_time,15.2,0,True
ME-36821,ORD-US-36820,M-003,Pasta Garden,2025-05-27T20:52:24,ready_on_time,12.4,0,True
ME-36822,ORD-US-36821,M-004,QuickCare Pharmacy,2025-05-27T14:18:00,ready_on_time,13.0,0,True
ME-36823,ORD-US-36822,M-003,Pasta Garden,2025-05-27T21:07:48,ready_on_time,12.8,0,True
ME-36824,ORD-US-36823,M-004,QuickCare Pharmacy,2025-05-27T16:40:24,ready_on_time,10.4,0,True
ME-36825,ORD-US-36824,M-003,Pasta Garden,2025-05-27T18:43:42,ready_on_time,18.7,0,True
ME-36826,ORD-US-36825,M-004,QuickCare Pharmacy,2025-05-27T11:58:36,ready_on_time,18.6,0,True
ME-36827,ORD-US-36826,M-001,Green Basket Market,2025-05-27T20:46:36,ready_on_time,11.6,0,True
ME-36828,ORD-US-36827,M-004,QuickCare Pharmacy,2025-05-27T16:12:18,ready_on_time,17.3,0,True
ME-36829,ORD-US-36828,M-004,QuickCare Pharmacy,2025-05-27T12:47:18,ready_on_time,17.3,0,True
ME-36830,ORD-US-36829,M-002,Crisp & Co.,2025-05-27T16:11:54,ready_on_time,11.9,0,True
ME-36831,ORD-US-36830,M-002,Crisp & Co.,2025-05-27T14:59:42,ready_on_time,14.7,0,True
ME-36832,ORD-US-36831,M-004,QuickCare Pharmacy,2025-05-27T18:55:30,ready_on_time,10.5,0,True
ME-36833,ORD-US-36832,M-001,Green Basket Market,2025-05-27T20:21:48,ready_on_time,16.8,0,True
ME-36834,ORD-US-36833,M-001,Green Basket Market,2025-05-27T09:34:18,ready_on_time,9.3,0,True
ME-36835,ORD-US-36834,M-002,Crisp & Co.,2025-05-27T15:52:30,ready_on_time,17.5,0,True
ME-36836,ORD-US-36835,M-004,QuickCare Pharmacy,2025-05-27T08:36:24,ready_on_time,16.4,0,True
ME-36837,ORD-US-36836,M-004,QuickCare Pharmacy,2025-05-27T15:09:54,ready_on_time,9.9,0,True
ME-36838,ORD-US-36837,M-004,QuickCare Pharmacy,2025-05-27T11:01:00,ready_on_time,16.0,0,True
ME-36839,ORD-US-36838,M-001,Green Basket Market,2025-05-27T18:53:36,ready_on_time,13.6,0,True
ME-36840,ORD-US-36839,M-003,Pasta Garden,2025-05-27T16:23:18,ready_on_time,13.3,0,True
ME-36841,ORD-US-36840,M-001,Green Basket Market,2025-05-27T10:52:30,ready_on_time,7.5,0,True
ME-36842,ORD-US-36841,M-002,Crisp & Co.,2025-05-27T11:29:42,ready_on_time,14.7,0,True
ME-36843,ORD-US-36842,M-008,Noodle House,2025-05-27T19:17:30,ready_on_time,7.5,0,True
ME-36844,ORD-US-36843,M-006,Fresh Roots Grocery,2025-05-27T14:55:42,ready_on_time,5.7,0,True
ME-36845,ORD-US-36844,M-005,Corner Table,2025-05-27T14:03:42,ready_on_time,8.7,0,True
ME-36846,ORD-US-36845,M-008,Noodle House,2025-05-27T14:16:06,ready_on_time,16.1,0,True
ME-36847,ORD-US-36846,M-007,Home & Handy,2025-05-27T18:04:12,ready_on_time,9.2,0,True
ME-36848,ORD-US-36847,M-008,Noodle House,2025-05-27T17:25:54,ready_on_time,15.9,0,True
ME-36849,ORD-US-36848,M-008,Noodle House,2025-05-27T14:11:42,ready_on_time,11.7,0,True
ME-36850,ORD-US-36849,M-006,Fresh Roots Grocery,2025-05-27T08:41:00,ready_on_time,11.0,0,True
ME-36851,ORD-US-36850,M-005,Corner Table,2025-05-27T15:51:48,ready_on_time,16.8,0,True
ME-36852,ORD-US-36851,M-007,Home & Handy,2025-05-27T09:50:54,ready_on_time,15.9,0,True
ME-36853,ORD-US-36852,M-006,Fresh Roots Grocery,2025-05-27T12:30:00,ready_on_time,15.0,0,True
ME-36854,ORD-US-36853,M-006,Fresh Roots Grocery,2025-05-27T19:20:54,ready_on_time,15.9,0,True
ME-36855,ORD-US-36854,M-006,Fresh Roots Grocery,2025-05-27T18:08:30,ready_on_time,8.5,0,True
ME-36856,ORD-US-36855,M-007,Home & Handy,2025-05-27T19:35:24,ready_on_time,10.4,0,True
ME-36857,ORD-US-36856,M-008,Noodle House,2025-05-27T12:08:06,ready_on_time,13.1,0,True
ME-36858,ORD-US-36857,M-008,Noodle House,2025-05-27T15:41:30,ready_on_time,11.5,0,True
ME-36859,ORD-US-36858,M-005,Corner Table,2025-05-27T20:46:12,ready_on_time,6.2,0,True
ME-36860,ORD-US-36859,M-005,Corner Table,2025-05-27T16:57:42,ready_on_time,12.7,0,True
ME-36861,ORD-US-36860,M-006,Fresh Roots Grocery,2025-05-27T13:23:42,ready_on_time,18.7,0,True
ME-36862,ORD-US-36861,M-006,Fresh Roots Grocery,2025-05-27T08:33:18,ready_on_time,8.3,0,True
ME-36863,ORD-US-36862,M-005,Corner Table,2025-05-27T13:47:06,ready_on_time,22.1,0,True
ME-36864,ORD-US-36863,M-006,Fresh Roots Grocery,2025-05-27T20:12:06,ready_on_time,22.1,0,True
ME-36865,ORD-US-36864,M-006,Fresh Roots Grocery,2025-05-27T14:27:12,ready_on_time,7.2,0,True
ME-36866,ORD-US-36865,M-008,Noodle House,2025-05-27T15:02:42,ready_on_time,17.7,0,True
ME-36867,ORD-US-36866,M-006,Fresh Roots Grocery,2025-05-27T21:01:00,ready_on_time,11.0,0,True
ME-36868,ORD-US-36867,M-005,Corner Table,2025-05-27T19:29:42,ready_on_time,14.7,0,True
ME-36869,ORD-US-36868,M-005,Corner Table,2025-05-27T13:31:54,ready_on_time,11.9,0,True
ME-36870,ORD-US-36869,M-005,Corner Table,2025-05-27T10:04:30,ready_on_time,14.5,0,True
ME-36871,ORD-US-36870,M-006,Fresh Roots Grocery,2025-05-27T10:09:00,ready_on_time,19.0,0,True
ME-36872,ORD-US-36871,M-005,Corner Table,2025-05-27T12:16:36,ready_on_time,21.6,0,True
ME-36873,ORD-US-36872,M-006,Fresh Roots Grocery,2025-05-27T20:22:12,ready_on_time,12.2,0,True
ME-36874,ORD-US-36873,M-006,Fresh Roots Grocery,2025-05-27T18:31:36,ready_on_time,11.6,0,True
ME-36875,ORD-US-36874,M-005,Corner Table,2025-05-27T11:14:30,ready_on_time,9.5,0,True
ME-36876,ORD-US-36875,M-007,Home & Handy,2025-05-27T20:35:24,ready_on_time,15.4,0,True
ME-36877,ORD-US-36876,M-008,Noodle House,2025-05-27T19:40:30,ready_on_time,10.5,0,True
ME-36878,ORD-US-36877,M-005,Corner Table,2025-05-27T12:36:06,ready_on_time,11.1,0,True
ME-36879,ORD-US-36878,M-007,Home & Handy,2025-05-27T15:20:12,ready_on_time,10.2,0,True
ME-36880,ORD-US-36879,M-008,Noodle House,2025-05-27T10:52:12,ready_on_time,17.2,0,True
ME-36881,ORD-US-36880,M-006,Fresh Roots Grocery,2025-05-27T18:08:12,ready_on_time,8.2,0,True
ME-36882,ORD-US-36881,M-006,Fresh Roots Grocery,2025-05-27T09:46:12,ready_on_time,16.2,0,True
ME-36883,ORD-US-36882,M-006,Fresh Roots Grocery,2025-05-27T09:58:12,ready_on_time,18.2,0,True
ME-36884,ORD-US-36883,M-005,Corner Table,2025-05-27T13:34:36,ready_on_time,14.6,0,False
ME-36885,ORD-US-36884,M-005,Corner Table,2025-05-27T09:43:00,ready_on_time,18.0,0,True
ME-36886,ORD-US-36885,M-008,Noodle House,2025-05-27T08:39:12,ready_on_time,9.2,0,True
ME-36887,ORD-US-36886,M-006,Fresh Roots Grocery,2025-05-27T13:11:18,ready_on_time,21.3,0,True
ME-36888,ORD-US-36887,M-010,Burger District,2025-05-27T15:36:42,ready_on_time,11.7,0,True
ME-36889,ORD-US-36888,M-011,Wellness Pharmacy,2025-05-27T08:21:24,ready_on_time,6.4,0,True
ME-36890,ORD-US-36889,M-010,Burger District,2025-05-27T16:24:30,ready_on_time,9.5,0,True
ME-36891,ORD-US-36890,M-010,Burger District,2025-05-27T15:24:12,ready_on_time,19.2,0,True
ME-36892,ORD-US-36891,M-009,Daily Mart,2025-05-27T09:55:36,ready_on_time,15.6,0,True
ME-36893,ORD-US-36892,M-011,Wellness Pharmacy,2025-05-27T17:09:12,ready_on_time,14.2,0,True
ME-36894,ORD-US-36893,M-009,Daily Mart,2025-05-27T17:54:54,ready_on_time,9.9,0,True
ME-36895,ORD-US-36894,M-012,Tech Stop,2025-05-27T19:09:30,ready_on_time,14.5,0,True
ME-36896,ORD-US-36895,M-010,Burger District,2025-05-27T18:13:30,ready_on_time,18.5,0,True
ME-36897,ORD-US-36896,M-010,Burger District,2025-05-27T19:48:24,ready_on_time,13.4,0,True
ME-36898,ORD-US-36897,M-011,Wellness Pharmacy,2025-05-27T09:04:36,ready_on_time,24.6,0,True
ME-36899,ORD-US-36898,M-011,Wellness Pharmacy,2025-05-27T16:09:42,ready_on_time,14.7,0,True
ME-36900,ORD-US-36899,M-009,Daily Mart,2025-05-27T14:26:06,ready_on_time,11.1,0,True
ME-36901,ORD-US-36900,M-009,Daily Mart,2025-05-27T11:35:42,ready_on_time,15.7,0,True
ME-36902,ORD-US-36901,M-009,Daily Mart,2025-05-27T13:41:06,ready_on_time,11.1,0,True
ME-36903,ORD-US-36902,M-009,Daily Mart,2025-05-27T13:51:00,ready_on_time,16.0,0,True
ME-36904,ORD-US-36903,M-010,Burger District,2025-05-27T17:59:36,ready_on_time,9.6,0,True
ME-36905,ORD-US-36904,M-009,Daily Mart,2025-05-27T09:25:18,ready_on_time,10.3,0,True
ME-36906,ORD-US-36905,M-009,Daily Mart,2025-05-27T13:36:54,ready_on_time,11.9,0,True
ME-36907,ORD-US-36906,M-009,Daily Mart,2025-05-27T13:29:48,ready_on_time,9.8,0,True
ME-36908,ORD-US-36907,M-011,Wellness Pharmacy,2025-05-27T16:42:42,ready_on_time,12.7,0,True
ME-36909,ORD-US-36908,M-011,Wellness Pharmacy,2025-05-27T20:37:48,ready_on_time,27.8,0,True
ME-36910,ORD-US-36909,M-010,Burger District,2025-05-27T12:00:42,ready_on_time,10.7,0,True
ME-36911,ORD-US-36910,M-010,Burger District,2025-05-27T19:47:06,ready_on_time,12.1,0,True
ME-36912,ORD-US-36911,M-011,Wellness Pharmacy,2025-05-27T15:23:18,ready_on_time,13.3,0,True
ME-36913,ORD-US-36912,M-011,Wellness Pharmacy,2025-05-27T16:18:18,ready_on_time,13.3,0,True
ME-36914,ORD-US-36913,M-011,Wellness Pharmacy,2025-05-27T17:26:24,ready_on_time,16.4,0,True
ME-36915,ORD-US-36914,M-010,Burger District,2025-05-27T19:03:36,ready_on_time,18.6,0,True
ME-36916,ORD-US-36915,M-012,Tech Stop,2025-05-27T10:49:06,ready_on_time,14.1,0,True
ME-36917,ORD-US-36916,M-012,Tech Stop,2025-05-27T15:29:42,ready_on_time,14.7,0,True
ME-36918,ORD-US-36917,M-011,Wellness Pharmacy,2025-05-27T17:17:42,ready_on_time,12.7,0,True
ME-36919,ORD-US-36918,M-009,Daily Mart,2025-05-27T13:02:42,ready_on_time,17.7,0,True
ME-36920,ORD-US-36919,M-011,Wellness Pharmacy,2025-05-27T09:29:48,ready_on_time,19.8,0,True
ME-36921,ORD-US-36920,M-009,Daily Mart,2025-05-27T15:35:00,ready_on_time,15.0,0,True
ME-36922,ORD-US-36921,M-009,Daily Mart,2025-05-27T10:05:36,ready_on_time,20.6,0,True
ME-36923,ORD-US-36922,M-012,Tech Stop,2025-05-27T19:47:18,ready_on_time,7.3,0,True
ME-36924,ORD-US-36923,M-004,QuickCare Pharmacy,2025-05-28T15:11:18,ready_on_time,16.3,0,True
ME-36925,ORD-US-36924,M-001,Green Basket Market,2025-05-28T18:46:00,ready_on_time,16.0,0,True
ME-36926,ORD-US-36925,M-001,Green Basket Market,2025-05-28T12:36:24,ready_on_time,21.4,0,True
ME-36927,ORD-US-36926,M-004,QuickCare Pharmacy,2025-05-28T18:51:06,ready_on_time,6.1,0,True
ME-36928,ORD-US-36927,M-001,Green Basket Market,2025-05-28T10:40:54,ready_on_time,15.9,0,True
ME-36929,ORD-US-36928,M-002,Crisp & Co.,2025-05-28T12:47:24,ready_on_time,12.4,0,True
ME-36930,ORD-US-36929,M-001,Green Basket Market,2025-05-28T17:14:00,ready_on_time,9.0,0,True
ME-36931,ORD-US-36930,M-001,Green Basket Market,2025-05-28T15:02:30,ready_on_time,12.5,0,True
ME-36932,ORD-US-36931,M-001,Green Basket Market,2025-05-28T20:04:54,ready_on_time,14.9,0,True
ME-36933,ORD-US-36932,M-001,Green Basket Market,2025-05-28T18:58:54,ready_on_time,18.9,0,True
ME-36934,ORD-US-36933,M-004,QuickCare Pharmacy,2025-05-28T11:31:42,ready_on_time,11.7,0,True
ME-36935,ORD-US-36934,M-002,Crisp & Co.,2025-05-28T09:55:00,ready_on_time,10.0,0,True
ME-36936,ORD-US-36935,M-001,Green Basket Market,2025-05-28T17:00:18,ready_on_time,15.3,0,True
ME-36937,ORD-US-36936,M-003,Pasta Garden,2025-05-28T14:06:42,ready_on_time,16.7,0,True
ME-36938,ORD-US-36937,M-002,Crisp & Co.,2025-05-28T16:09:00,ready_on_time,9.0,0,True
ME-36939,ORD-US-36938,M-004,QuickCare Pharmacy,2025-05-28T18:06:42,ready_on_time,11.7,0,True
ME-36940,ORD-US-36939,M-001,Green Basket Market,2025-05-28T18:12:06,ready_on_time,12.1,0,True
ME-36941,ORD-US-36940,M-004,QuickCare Pharmacy,2025-05-28T20:30:30,ready_on_time,10.5,0,True
ME-36942,ORD-US-36941,M-002,Crisp & Co.,2025-05-28T14:45:42,ready_on_time,5.7,0,True
ME-36943,ORD-US-36942,M-003,Pasta Garden,2025-05-28T18:05:30,ready_on_time,10.5,0,True
ME-36944,ORD-US-36943,M-001,Green Basket Market,2025-05-28T13:45:24,ready_on_time,15.4,0,True
ME-36945,ORD-US-36944,M-003,Pasta Garden,2025-05-28T18:41:30,ready_on_time,11.5,0,True
ME-36946,ORD-US-36945,M-001,Green Basket Market,2025-05-28T19:03:12,ready_on_time,8.2,0,True
ME-36947,ORD-US-36946,M-001,Green Basket Market,2025-05-28T11:15:18,ready_on_time,10.3,0,True
ME-36948,ORD-US-36947,M-003,Pasta Garden,2025-05-28T20:29:24,ready_on_time,14.4,0,True
ME-36949,ORD-US-36948,M-004,QuickCare Pharmacy,2025-05-28T19:37:48,ready_on_time,17.8,0,True
ME-36950,ORD-US-36949,M-003,Pasta Garden,2025-05-28T18:51:18,ready_on_time,11.3,0,True
ME-36951,ORD-US-36950,M-004,QuickCare Pharmacy,2025-05-28T13:51:54,ready_on_time,11.9,0,True
ME-36952,ORD-US-36951,M-001,Green Basket Market,2025-05-28T11:43:54,ready_on_time,8.9,0,True
ME-36953,ORD-US-36952,M-003,Pasta Garden,2025-05-28T17:23:54,ready_on_time,3.9,0,True
ME-36954,ORD-US-36953,M-002,Crisp & Co.,2025-05-28T11:13:18,ready_on_time,18.3,0,True
ME-36955,ORD-US-36954,M-004,QuickCare Pharmacy,2025-05-28T21:03:18,ready_on_time,18.3,0,True
ME-36956,ORD-US-36955,M-002,Crisp & Co.,2025-05-28T15:38:48,ready_on_time,18.8,0,True
ME-36957,ORD-US-36956,M-002,Crisp & Co.,2025-05-28T11:12:30,ready_on_time,17.5,0,True
ME-36958,ORD-US-36957,M-004,QuickCare Pharmacy,2025-05-28T12:13:12,ready_on_time,8.2,0,True
ME-36959,ORD-US-36958,M-004,QuickCare Pharmacy,2025-05-28T17:52:30,ready_on_time,17.5,0,True
ME-36960,ORD-US-36959,M-002,Crisp & Co.,2025-05-28T12:31:06,ready_on_time,11.1,0,True
ME-36961,ORD-US-36960,M-003,Pasta Garden,2025-05-28T09:45:42,ready_on_time,10.7,0,True
ME-36962,ORD-US-36961,M-002,Crisp & Co.,2025-05-28T09:42:24,ready_on_time,17.4,0,True
ME-36963,ORD-US-36962,M-004,QuickCare Pharmacy,2025-05-28T16:33:54,ready_on_time,18.9,0,True
ME-36964,ORD-US-36963,M-004,QuickCare Pharmacy,2025-05-28T14:50:48,ready_on_time,15.8,0,True
ME-36965,ORD-US-36964,M-004,QuickCare Pharmacy,2025-05-28T12:16:54,ready_on_time,16.9,0,True
ME-36966,ORD-US-36965,M-006,Fresh Roots Grocery,2025-05-28T13:12:06,ready_on_time,12.1,0,True
ME-36967,ORD-US-36966,M-005,Corner Table,2025-05-28T13:48:00,ready_on_time,13.0,0,True
ME-36968,ORD-US-36967,M-008,Noodle House,2025-05-28T20:42:24,ready_on_time,7.4,0,True
ME-36969,ORD-US-36968,M-008,Noodle House,2025-05-28T18:22:30,ready_on_time,17.5,0,True
ME-36970,ORD-US-36969,M-006,Fresh Roots Grocery,2025-05-28T16:31:18,ready_on_time,16.3,0,True
ME-36971,ORD-US-36970,M-008,Noodle House,2025-05-28T11:24:30,ready_on_time,9.5,0,True
ME-36972,ORD-US-36971,M-008,Noodle House,2025-05-28T11:04:42,ready_on_time,14.7,0,True
ME-36973,ORD-US-36972,M-005,Corner Table,2025-05-28T09:23:24,ready_on_time,8.4,0,True
ME-36974,ORD-US-36973,M-008,Noodle House,2025-05-28T15:51:54,ready_on_time,11.9,0,True
ME-36975,ORD-US-36974,M-005,Corner Table,2025-05-28T14:46:42,ready_on_time,16.7,0,True
ME-36976,ORD-US-36975,M-007,Home & Handy,2025-05-28T14:56:42,ready_on_time,11.7,0,True
ME-36977,ORD-US-36976,M-008,Noodle House,2025-05-28T09:27:24,ready_on_time,12.4,0,True
ME-36978,ORD-US-36977,M-006,Fresh Roots Grocery,2025-05-28T20:26:48,ready_on_time,16.8,0,True
ME-36979,ORD-US-36978,M-005,Corner Table,2025-05-28T16:41:06,ready_on_time,16.1,0,True
ME-36980,ORD-US-36979,M-006,Fresh Roots Grocery,2025-05-28T20:17:06,ready_on_time,17.1,0,True
ME-36981,ORD-US-36980,M-007,Home & Handy,2025-05-28T08:23:24,ready_on_time,13.4,0,True
ME-36982,ORD-US-36981,M-006,Fresh Roots Grocery,2025-05-28T16:04:42,ready_on_time,14.7,0,True
ME-36983,ORD-US-36982,M-006,Fresh Roots Grocery,2025-05-28T15:26:30,ready_on_time,11.5,0,True
ME-36984,ORD-US-36983,M-008,Noodle House,2025-05-28T11:45:12,ready_on_time,10.2,0,True
ME-36985,ORD-US-36984,M-008,Noodle House,2025-05-28T18:45:54,ready_on_time,20.9,0,True
ME-36986,ORD-US-36985,M-006,Fresh Roots Grocery,2025-05-28T17:02:30,ready_on_time,12.5,0,True
ME-36987,ORD-US-36986,M-006,Fresh Roots Grocery,2025-05-28T10:32:36,ready_on_time,17.6,0,True
ME-36988,ORD-US-36987,M-005,Corner Table,2025-05-28T17:46:42,ready_on_time,6.7,0,True
ME-36989,ORD-US-36988,M-005,Corner Table,2025-05-28T11:03:12,ready_on_time,13.2,0,True
ME-36990,ORD-US-36989,M-005,Corner Table,2025-05-28T16:03:00,ready_on_time,13.0,0,True
ME-36991,ORD-US-36990,M-006,Fresh Roots Grocery,2025-05-28T15:10:12,ready_on_time,10.2,0,True
ME-36992,ORD-US-36991,M-005,Corner Table,2025-05-28T09:01:42,ready_on_time,11.7,0,True
ME-36993,ORD-US-36992,M-005,Corner Table,2025-05-28T20:47:24,ready_on_time,12.4,0,True
ME-36994,ORD-US-36993,M-008,Noodle House,2025-05-28T18:54:42,ready_on_time,14.7,0,True
ME-36995,ORD-US-36994,M-006,Fresh Roots Grocery,2025-05-28T10:09:42,ready_on_time,19.7,0,True
ME-36996,ORD-US-36995,M-008,Noodle House,2025-05-28T15:46:18,ready_on_time,11.3,0,True
ME-36997,ORD-US-36996,M-007,Home & Handy,2025-05-28T19:28:42,ready_on_time,13.7,0,True
ME-36998,ORD-US-36997,M-007,Home & Handy,2025-05-28T14:05:42,ready_on_time,15.7,0,True
ME-36999,ORD-US-36998,M-007,Home & Handy,2025-05-28T18:46:12,ready_on_time,6.2,0,True
ME-37000,ORD-US-36999,M-005,Corner Table,2025-05-28T08:56:12,ready_on_time,11.2,0,True
ME-37001,ORD-US-37000,M-008,Noodle House,2025-05-28T20:40:48,ready_on_time,15.8,0,True
ME-37002,ORD-US-37001,M-007,Home & Handy,2025-05-28T14:59:30,ready_on_time,14.5,0,True
ME-37003,ORD-US-37002,M-007,Home & Handy,2025-05-28T21:00:30,ready_on_time,10.5,0,True
ME-37004,ORD-US-37003,M-008,Noodle House,2025-05-28T20:44:18,ready_on_time,14.3,0,True
ME-37005,ORD-US-37004,M-005,Corner Table,2025-05-28T13:21:00,ready_on_time,11.0,0,True
ME-37006,ORD-US-37005,M-005,Corner Table,2025-05-28T19:35:18,ready_on_time,15.3,0,True
ME-37007,ORD-US-37006,M-011,Wellness Pharmacy,2025-05-28T18:12:18,ready_on_time,17.3,0,True
ME-37008,ORD-US-37007,M-009,Daily Mart,2025-05-28T16:58:42,ready_on_time,3.7,0,True
ME-37009,ORD-US-37008,M-009,Daily Mart,2025-05-28T12:20:06,ready_on_time,15.1,0,True
ME-37010,ORD-US-37009,M-009,Daily Mart,2025-05-28T12:18:00,ready_on_time,13.0,0,True
ME-37011,ORD-US-37010,M-009,Daily Mart,2025-05-28T13:28:24,ready_on_time,13.4,0,True
ME-37012,ORD-US-37011,M-010,Burger District,2025-05-28T08:20:54,ready_on_time,10.9,0,True
ME-37013,ORD-US-37012,M-012,Tech Stop,2025-05-28T15:20:18,ready_on_time,10.3,0,True
ME-37014,ORD-US-37013,M-009,Daily Mart,2025-05-28T18:45:24,ready_on_time,20.4,0,True
ME-37015,ORD-US-37014,M-009,Daily Mart,2025-05-28T20:35:18,ready_on_time,20.3,0,True
ME-37016,ORD-US-37015,M-010,Burger District,2025-05-28T09:59:00,ready_on_time,14.0,0,True
ME-37017,ORD-US-37016,M-010,Burger District,2025-05-28T13:39:06,ready_on_time,14.1,0,True
ME-37018,ORD-US-37017,M-009,Daily Mart,2025-05-28T13:01:00,ready_on_time,16.0,0,True
ME-37019,ORD-US-37018,M-012,Tech Stop,2025-05-28T10:37:42,ready_on_time,12.7,0,True
ME-37020,ORD-US-37019,M-009,Daily Mart,2025-05-28T11:49:30,ready_on_time,14.5,0,True
ME-37021,ORD-US-37020,M-009,Daily Mart,2025-05-28T19:30:54,ready_on_time,20.9,0,True
ME-37022,ORD-US-37021,M-009,Daily Mart,2025-05-28T20:51:12,ready_on_time,11.2,0,True
ME-37023,ORD-US-37022,M-011,Wellness Pharmacy,2025-05-28T17:36:12,ready_on_time,11.2,0,True
ME-37024,ORD-US-37023,M-009,Daily Mart,2025-05-28T11:57:36,ready_on_time,22.6,0,True
ME-37025,ORD-US-37024,M-009,Daily Mart,2025-05-28T13:23:00,ready_on_time,13.0,0,True
ME-37026,ORD-US-37025,M-011,Wellness Pharmacy,2025-05-28T14:54:36,ready_on_time,19.6,0,True
ME-37027,ORD-US-37026,M-010,Burger District,2025-05-28T18:41:54,ready_on_time,11.9,0,True
ME-37028,ORD-US-37027,M-010,Burger District,2025-05-28T16:17:24,ready_on_time,17.4,0,True
ME-37029,ORD-US-37028,M-010,Burger District,2025-05-28T13:41:42,ready_on_time,11.7,0,True
ME-37030,ORD-US-37029,M-010,Burger District,2025-05-28T17:18:24,ready_on_time,8.4,0,True
ME-37031,ORD-US-37030,M-011,Wellness Pharmacy,2025-05-28T12:05:48,ready_on_time,5.8,0,True
ME-37032,ORD-US-37031,M-009,Daily Mart,2025-05-28T21:10:18,ready_on_time,20.3,0,True
ME-37033,ORD-US-37032,M-012,Tech Stop,2025-05-28T09:17:30,ready_on_time,12.5,0,True
ME-37034,ORD-US-37033,M-012,Tech Stop,2025-05-28T09:43:30,ready_on_time,13.5,0,True
ME-37035,ORD-US-37034,M-012,Tech Stop,2025-05-28T13:39:30,ready_on_time,19.5,0,True
ME-37036,ORD-US-37035,M-010,Burger District,2025-05-28T20:46:00,ready_on_time,21.0,0,True
ME-37037,ORD-US-37036,M-012,Tech Stop,2025-05-28T20:30:12,ready_on_time,15.2,0,True
ME-37038,ORD-US-37037,M-009,Daily Mart,2025-05-28T20:11:24,ready_on_time,16.4,0,True
ME-37039,ORD-US-37038,M-010,Burger District,2025-05-28T13:11:48,ready_on_time,6.8,0,True
ME-37040,ORD-US-37039,M-009,Daily Mart,2025-05-28T17:27:54,ready_on_time,12.9,0,True
ME-37041,ORD-US-37040,M-012,Tech Stop,2025-05-28T08:38:42,ready_on_time,8.7,0,True
ME-37042,ORD-US-37041,M-012,Tech Stop,2025-05-28T18:26:18,ready_on_time,16.3,0,True
ME-37043,ORD-US-37042,M-012,Tech Stop,2025-05-28T09:14:36,ready_on_time,14.6,0,True
ME-37044,ORD-US-37043,M-010,Burger District,2025-05-28T15:00:18,ready_on_time,5.3,0,True
ME-37045,ORD-US-37044,M-010,Burger District,2025-05-28T12:04:18,ready_on_time,19.3,0,True
ME-37046,ORD-US-37045,M-012,Tech Stop,2025-05-28T16:35:48,ready_on_time,15.8,0,True
ME-37047,ORD-US-37046,M-012,Tech Stop,2025-05-28T17:41:12,ready_on_time,11.2,0,True
ME-37048,ORD-US-37047,M-004,QuickCare Pharmacy,2025-05-29T20:39:36,ready_on_time,9.6,0,True
ME-37049,ORD-US-37048,M-004,QuickCare Pharmacy,2025-05-29T17:28:30,ready_on_time,13.5,0,True
ME-37050,ORD-US-37049,M-004,QuickCare Pharmacy,2025-05-29T11:38:24,ready_on_time,13.4,0,True
ME-37051,ORD-US-37050,M-004,QuickCare Pharmacy,2025-05-29T14:58:48,ready_on_time,8.8,0,True
ME-37052,ORD-US-37051,M-001,Green Basket Market,2025-05-29T09:40:24,ready_on_time,10.4,0,True
ME-37053,ORD-US-37052,M-003,Pasta Garden,2025-05-29T10:59:30,ready_on_time,19.5,0,True
ME-37054,ORD-US-37053,M-003,Pasta Garden,2025-05-29T19:13:24,ready_on_time,3.4,0,True
ME-37055,ORD-US-37054,M-001,Green Basket Market,2025-05-29T09:18:24,ready_on_time,18.4,0,True
ME-37056,ORD-US-37055,M-001,Green Basket Market,2025-05-29T19:23:42,ready_on_time,13.7,0,True
ME-37057,ORD-US-37056,M-001,Green Basket Market,2025-05-29T13:53:06,ready_on_time,23.1,0,True
ME-37058,ORD-US-37057,M-002,Crisp & Co.,2025-05-29T12:59:36,ready_on_time,14.6,0,True
ME-37059,ORD-US-37058,M-002,Crisp & Co.,2025-05-29T18:37:42,ready_on_time,12.7,0,True
ME-37060,ORD-US-37059,M-001,Green Basket Market,2025-05-29T20:03:00,ready_on_time,3,0,True
ME-37061,ORD-US-37060,M-004,QuickCare Pharmacy,2025-05-29T21:06:06,ready_on_time,21.1,0,True
ME-37062,ORD-US-37061,M-003,Pasta Garden,2025-05-29T19:38:48,ready_on_time,13.8,0,True
ME-37063,ORD-US-37062,M-002,Crisp & Co.,2025-05-29T20:24:54,ready_on_time,4.9,0,True
ME-37064,ORD-US-37063,M-001,Green Basket Market,2025-05-29T16:56:42,ready_on_time,16.7,0,True
ME-37065,ORD-US-37064,M-003,Pasta Garden,2025-05-29T14:23:24,ready_on_time,18.4,0,True
ME-37066,ORD-US-37065,M-003,Pasta Garden,2025-05-29T08:29:06,ready_on_time,14.1,0,True
ME-37067,ORD-US-37066,M-001,Green Basket Market,2025-05-29T19:54:12,ready_on_time,14.2,0,True
ME-37068,ORD-US-37067,M-004,QuickCare Pharmacy,2025-05-29T15:23:24,ready_on_time,13.4,0,True
ME-37069,ORD-US-37068,M-003,Pasta Garden,2025-05-29T13:16:06,ready_on_time,11.1,0,True
ME-37070,ORD-US-37069,M-002,Crisp & Co.,2025-05-29T11:47:18,ready_on_time,17.3,0,True
ME-37071,ORD-US-37070,M-002,Crisp & Co.,2025-05-29T14:05:12,ready_on_time,15.2,0,True
ME-37072,ORD-US-37071,M-003,Pasta Garden,2025-05-29T18:16:12,ready_on_time,16.2,0,True
ME-37073,ORD-US-37072,M-004,QuickCare Pharmacy,2025-05-29T14:08:30,ready_on_time,18.5,0,True
ME-37074,ORD-US-37073,M-004,QuickCare Pharmacy,2025-05-29T12:21:18,ready_on_time,16.3,0,True
ME-37075,ORD-US-37074,M-003,Pasta Garden,2025-05-29T11:58:36,ready_on_time,13.6,0,True
ME-37076,ORD-US-37075,M-003,Pasta Garden,2025-05-29T19:24:54,ready_on_time,9.9,0,True
ME-37077,ORD-US-37076,M-004,QuickCare Pharmacy,2025-05-29T11:22:18,ready_on_time,12.3,0,True
ME-37078,ORD-US-37077,M-001,Green Basket Market,2025-05-29T08:44:18,ready_on_time,14.3,0,True
ME-37079,ORD-US-37078,M-002,Crisp & Co.,2025-05-29T16:39:24,ready_on_time,14.4,0,True
ME-37080,ORD-US-37079,M-004,QuickCare Pharmacy,2025-05-29T09:15:48,ready_on_time,15.8,0,True
ME-37081,ORD-US-37080,M-003,Pasta Garden,2025-05-29T16:46:18,ready_on_time,11.3,0,True
ME-37082,ORD-US-37081,M-001,Green Basket Market,2025-05-29T21:00:06,ready_on_time,15.1,0,True
ME-37083,ORD-US-37082,M-004,QuickCare Pharmacy,2025-05-29T18:50:06,ready_on_time,10.1,0,True
ME-37084,ORD-US-37083,M-001,Green Basket Market,2025-05-29T10:49:18,ready_on_time,14.3,0,True
ME-37085,ORD-US-37084,M-001,Green Basket Market,2025-05-29T16:45:36,ready_on_time,15.6,0,True
ME-37086,ORD-US-37085,M-002,Crisp & Co.,2025-05-29T11:06:48,ready_on_time,11.8,0,True
ME-37087,ORD-US-37086,M-003,Pasta Garden,2025-05-29T20:24:06,ready_on_time,19.1,0,True
ME-37088,ORD-US-37087,M-001,Green Basket Market,2025-05-29T14:42:12,ready_on_time,7.2,0,True
ME-37089,ORD-US-37088,M-001,Green Basket Market,2025-05-29T11:05:54,ready_on_time,20.9,0,True
ME-37090,ORD-US-37089,M-006,Fresh Roots Grocery,2025-05-29T20:38:12,ready_on_time,13.2,0,True
ME-37091,ORD-US-37090,M-006,Fresh Roots Grocery,2025-05-29T20:19:18,ready_on_time,14.3,0,True
ME-37092,ORD-US-37091,M-005,Corner Table,2025-05-29T12:00:36,ready_on_time,10.6,0,True
ME-37093,ORD-US-37092,M-007,Home & Handy,2025-05-29T13:41:06,ready_on_time,11.1,0,True
ME-37094,ORD-US-37093,M-005,Corner Table,2025-05-29T09:41:42,ready_on_time,11.7,0,True
ME-37095,ORD-US-37094,M-005,Corner Table,2025-05-29T21:01:12,ready_on_time,11.2,0,True
ME-37096,ORD-US-37095,M-006,Fresh Roots Grocery,2025-05-29T18:13:06,ready_on_time,13.1,0,True
ME-37097,ORD-US-37096,M-008,Noodle House,2025-05-29T16:11:12,ready_on_time,16.2,0,True
ME-37098,ORD-US-37097,M-008,Noodle House,2025-05-29T18:09:18,ready_on_time,9.3,0,True
ME-37099,ORD-US-37098,M-008,Noodle House,2025-05-29T19:04:48,ready_on_time,9.8,0,True
ME-37100,ORD-US-37099,M-005,Corner Table,2025-05-29T18:08:54,ready_on_time,8.9,0,True
ME-37101,ORD-US-37100,M-006,Fresh Roots Grocery,2025-05-29T18:02:00,ready_on_time,17.0,0,True
ME-37102,ORD-US-37101,M-007,Home & Handy,2025-05-29T10:23:36,ready_on_time,13.6,0,True
ME-37103,ORD-US-37102,M-008,Noodle House,2025-05-29T20:43:42,ready_on_time,18.7,0,True
ME-37104,ORD-US-37103,M-006,Fresh Roots Grocery,2025-05-29T15:13:00,ready_on_time,13.0,0,True
ME-37105,ORD-US-37104,M-005,Corner Table,2025-05-29T16:57:54,ready_on_time,12.9,0,True
ME-37106,ORD-US-37105,M-007,Home & Handy,2025-05-29T19:30:24,ready_on_time,15.4,0,True
ME-37107,ORD-US-37106,M-008,Noodle House,2025-05-29T11:56:36,ready_on_time,16.6,0,True
ME-37108,ORD-US-37107,M-007,Home & Handy,2025-05-29T10:43:42,ready_on_time,3.7,0,True
ME-37109,ORD-US-37108,M-008,Noodle House,2025-05-29T20:00:48,ready_on_time,20.8,0,True
ME-37110,ORD-US-37109,M-006,Fresh Roots Grocery,2025-05-29T14:16:06,ready_on_time,11.1,0,True
ME-37111,ORD-US-37110,M-008,Noodle House,2025-05-29T19:34:54,ready_on_time,14.9,0,True
ME-37112,ORD-US-37111,M-008,Noodle House,2025-05-29T21:07:18,ready_on_time,17.3,0,True
ME-37113,ORD-US-37112,M-007,Home & Handy,2025-05-29T09:38:36,ready_on_time,13.6,0,True
ME-37114,ORD-US-37113,M-005,Corner Table,2025-05-29T10:12:48,ready_on_time,12.8,0,True
ME-37115,ORD-US-37114,M-008,Noodle House,2025-05-29T12:35:12,ready_on_time,15.2,0,True
ME-37116,ORD-US-37115,M-006,Fresh Roots Grocery,2025-05-29T10:52:30,ready_on_time,12.5,0,True
ME-37117,ORD-US-37116,M-007,Home & Handy,2025-05-29T17:36:48,ready_on_time,6.8,0,True
ME-37118,ORD-US-37117,M-008,Noodle House,2025-05-29T10:44:42,ready_on_time,9.7,0,True
ME-37119,ORD-US-37118,M-007,Home & Handy,2025-05-29T18:10:24,ready_on_time,20.4,0,True
ME-37120,ORD-US-37119,M-007,Home & Handy,2025-05-29T11:55:12,ready_on_time,20.2,0,True
ME-37121,ORD-US-37120,M-005,Corner Table,2025-05-29T14:19:42,ready_on_time,14.7,0,True
ME-37122,ORD-US-37121,M-006,Fresh Roots Grocery,2025-05-29T09:43:18,ready_on_time,18.3,0,True
ME-37123,ORD-US-37122,M-006,Fresh Roots Grocery,2025-05-29T20:57:42,ready_on_time,12.7,0,True
ME-37124,ORD-US-37123,M-006,Fresh Roots Grocery,2025-05-29T10:46:06,ready_on_time,16.1,0,False
ME-37125,ORD-US-37124,M-007,Home & Handy,2025-05-29T15:54:06,ready_on_time,9.1,0,True
ME-37126,ORD-US-37125,M-007,Home & Handy,2025-05-29T12:26:48,ready_on_time,16.8,0,True
ME-37127,ORD-US-37126,M-008,Noodle House,2025-05-29T08:55:12,ready_on_time,15.2,0,True
ME-37128,ORD-US-37127,M-007,Home & Handy,2025-05-29T16:49:18,ready_on_time,9.3,0,True
ME-37129,ORD-US-37128,M-007,Home & Handy,2025-05-29T12:06:12,ready_on_time,11.2,0,True
ME-37130,ORD-US-37129,M-011,Wellness Pharmacy,2025-05-29T10:34:06,ready_on_time,14.1,0,True
ME-37131,ORD-US-37130,M-011,Wellness Pharmacy,2025-05-29T12:14:54,ready_on_time,9.9,0,True
ME-37132,ORD-US-37131,M-009,Daily Mart,2025-05-29T16:16:30,ready_on_time,21.5,0,True
ME-37133,ORD-US-37132,M-011,Wellness Pharmacy,2025-05-29T11:55:12,ready_on_time,10.2,0,True
ME-37134,ORD-US-37133,M-012,Tech Stop,2025-05-29T16:16:42,ready_on_time,6.7,0,True
ME-37135,ORD-US-37134,M-009,Daily Mart,2025-05-29T17:38:18,ready_on_time,13.3,0,True
ME-37136,ORD-US-37135,M-012,Tech Stop,2025-05-29T09:11:42,ready_on_time,11.7,0,True
ME-37137,ORD-US-37136,M-009,Daily Mart,2025-05-29T20:21:00,ready_on_time,16.0,0,True
ME-37138,ORD-US-37137,M-012,Tech Stop,2025-05-29T09:52:18,ready_on_time,12.3,0,True
ME-37139,ORD-US-37138,M-010,Burger District,2025-05-29T21:02:36,ready_on_time,12.6,0,True
ME-37140,ORD-US-37139,M-011,Wellness Pharmacy,2025-05-29T14:49:42,ready_on_time,9.7,0,True
ME-37141,ORD-US-37140,M-009,Daily Mart,2025-05-29T11:17:54,ready_on_time,7.9,0,True
ME-37142,ORD-US-37141,M-012,Tech Stop,2025-05-29T13:30:18,ready_on_time,20.3,0,True
ME-37143,ORD-US-37142,M-010,Burger District,2025-05-29T10:22:42,ready_on_time,7.7,0,True
ME-37144,ORD-US-37143,M-009,Daily Mart,2025-05-29T16:30:00,ready_on_time,20.0,0,True
ME-37145,ORD-US-37144,M-012,Tech Stop,2025-05-29T18:02:00,ready_on_time,12.0,0,True
ME-37146,ORD-US-37145,M-012,Tech Stop,2025-05-29T11:19:42,ready_on_time,19.7,0,True
ME-37147,ORD-US-37146,M-012,Tech Stop,2025-05-29T18:41:24,ready_on_time,16.4,0,True
ME-37148,ORD-US-37147,M-009,Daily Mart,2025-05-29T10:24:06,ready_on_time,9.1,0,True
ME-37149,ORD-US-37148,M-009,Daily Mart,2025-05-29T17:46:48,ready_on_time,16.8,0,True
ME-37150,ORD-US-37149,M-009,Daily Mart,2025-05-29T18:50:42,ready_on_time,10.7,0,True
ME-37151,ORD-US-37150,M-009,Daily Mart,2025-05-29T14:28:18,ready_on_time,8.3,0,True
ME-37152,ORD-US-37151,M-009,Daily Mart,2025-05-29T18:15:00,ready_on_time,20.0,0,True
ME-37153,ORD-US-37152,M-012,Tech Stop,2025-05-29T17:13:06,ready_on_time,13.1,0,True
ME-37154,ORD-US-37153,M-011,Wellness Pharmacy,2025-05-29T19:10:00,ready_on_time,10.0,0,True
ME-37155,ORD-US-37154,M-012,Tech Stop,2025-05-29T19:58:00,ready_on_time,8.0,0,True
ME-37156,ORD-US-37155,M-009,Daily Mart,2025-05-29T14:54:30,ready_on_time,19.5,0,True
ME-37157,ORD-US-37156,M-012,Tech Stop,2025-05-29T10:01:06,ready_on_time,16.1,0,True
ME-37158,ORD-US-37157,M-012,Tech Stop,2025-05-29T18:40:12,ready_on_time,20.2,0,True
ME-37159,ORD-US-37158,M-012,Tech Stop,2025-05-29T14:15:06,ready_on_time,10.1,0,True
ME-37160,ORD-US-37159,M-011,Wellness Pharmacy,2025-05-29T16:54:18,ready_on_time,14.3,0,True
ME-37161,ORD-US-37160,M-010,Burger District,2025-05-29T10:16:42,ready_on_time,16.7,0,True
ME-37162,ORD-US-37161,M-011,Wellness Pharmacy,2025-05-29T09:43:42,ready_on_time,13.7,0,True
ME-37163,ORD-US-37162,M-011,Wellness Pharmacy,2025-05-29T11:49:18,ready_on_time,9.3,0,True
ME-37164,ORD-US-37163,M-009,Daily Mart,2025-05-29T15:22:42,ready_on_time,22.7,0,True
ME-37165,ORD-US-37164,M-010,Burger District,2025-05-29T14:53:00,ready_on_time,13.0,0,True
ME-37166,ORD-US-37165,M-011,Wellness Pharmacy,2025-05-29T13:54:18,ready_on_time,19.3,0,True
ME-37167,ORD-US-37166,M-011,Wellness Pharmacy,2025-05-29T19:21:06,ready_on_time,11.1,0,True
ME-37168,ORD-US-37167,M-012,Tech Stop,2025-05-29T15:18:12,ready_on_time,18.2,0,True
ME-37169,ORD-US-37168,M-012,Tech Stop,2025-05-29T09:47:18,ready_on_time,7.3,0,True
ME-37170,ORD-US-37169,M-010,Burger District,2025-05-29T20:21:12,ready_on_time,11.2,0,True
ME-37171,ORD-US-37170,M-010,Burger District,2025-05-29T15:27:12,ready_on_time,17.2,0,True
ME-37172,ORD-US-37171,M-012,Tech Stop,2025-05-29T15:15:06,ready_on_time,20.1,0,True
ME-37173,ORD-US-37172,M-009,Daily Mart,2025-05-29T11:36:30,ready_on_time,16.5,0,True
ME-37174,ORD-US-37173,M-012,Tech Stop,2025-05-29T11:44:48,ready_on_time,9.8,0,True
ME-37175,ORD-US-37174,M-001,Green Basket Market,2025-05-30T21:11:54,ready_on_time,16.9,0,True
ME-37176,ORD-US-37175,M-003,Pasta Garden,2025-05-30T16:31:06,ready_on_time,16.1,0,True
ME-37177,ORD-US-37176,M-002,Crisp & Co.,2025-05-30T12:44:18,ready_on_time,9.3,0,True
ME-37178,ORD-US-37177,M-001,Green Basket Market,2025-05-30T13:32:48,ready_on_time,17.8,0,True
ME-37179,ORD-US-37178,M-003,Pasta Garden,2025-05-30T13:28:42,ready_on_time,18.7,0,True
ME-37180,ORD-US-37179,M-002,Crisp & Co.,2025-05-30T08:37:54,ready_on_time,12.9,0,True
ME-37181,ORD-US-37180,M-004,QuickCare Pharmacy,2025-05-30T09:54:00,ready_on_time,14.0,0,True
ME-37182,ORD-US-37181,M-003,Pasta Garden,2025-05-30T15:31:12,ready_on_time,11.2,0,True
ME-37183,ORD-US-37182,M-003,Pasta Garden,2025-05-30T10:36:18,ready_on_time,11.3,0,True
ME-37184,ORD-US-37183,M-001,Green Basket Market,2025-05-30T09:06:06,ready_on_time,21.1,0,True
ME-37185,ORD-US-37184,M-001,Green Basket Market,2025-05-30T11:38:54,ready_on_time,18.9,0,True
ME-37186,ORD-US-37185,M-003,Pasta Garden,2025-05-30T11:22:30,ready_on_time,12.5,0,True
ME-37187,ORD-US-37186,M-001,Green Basket Market,2025-05-30T19:06:00,ready_on_time,11.0,0,True
ME-37188,ORD-US-37187,M-001,Green Basket Market,2025-05-30T15:17:54,ready_on_time,17.9,0,True
ME-37189,ORD-US-37188,M-003,Pasta Garden,2025-05-30T20:03:42,ready_on_time,18.7,0,True
ME-37190,ORD-US-37189,M-002,Crisp & Co.,2025-05-30T15:37:42,ready_on_time,12.7,0,True
ME-37191,ORD-US-37190,M-003,Pasta Garden,2025-05-30T09:21:48,ready_on_time,16.8,0,True
ME-37192,ORD-US-37191,M-003,Pasta Garden,2025-05-30T14:34:54,ready_on_time,19.9,0,True
ME-37193,ORD-US-37192,M-002,Crisp & Co.,2025-05-30T19:11:18,ready_on_time,11.3,0,True
ME-37194,ORD-US-37193,M-001,Green Basket Market,2025-05-30T20:59:36,ready_on_time,14.6,0,True
ME-37195,ORD-US-37194,M-002,Crisp & Co.,2025-05-30T17:06:54,ready_on_time,21.9,0,True
ME-37196,ORD-US-37195,M-001,Green Basket Market,2025-05-30T20:13:18,ready_on_time,18.3,0,True
ME-37197,ORD-US-37196,M-002,Crisp & Co.,2025-05-30T19:15:12,ready_on_time,15.2,0,True
ME-37198,ORD-US-37197,M-004,QuickCare Pharmacy,2025-05-30T17:24:42,ready_on_time,19.7,0,True
ME-37199,ORD-US-37198,M-004,QuickCare Pharmacy,2025-05-30T11:57:30,ready_on_time,7.5,0,True
ME-37200,ORD-US-37199,M-003,Pasta Garden,2025-05-30T09:44:18,ready_on_time,9.3,0,True
ME-37201,ORD-US-37200,M-001,Green Basket Market,2025-05-30T09:38:36,ready_on_time,18.6,0,True
ME-37202,ORD-US-37201,M-002,Crisp & Co.,2025-05-30T10:22:30,ready_on_time,12.5,0,True
ME-37203,ORD-US-37202,M-004,QuickCare Pharmacy,2025-05-30T17:59:24,ready_on_time,19.4,0,True
ME-37204,ORD-US-37203,M-004,QuickCare Pharmacy,2025-05-30T17:35:00,ready_on_time,10.0,0,True
ME-37205,ORD-US-37204,M-001,Green Basket Market,2025-05-30T15:28:06,ready_on_time,13.1,0,True
ME-37206,ORD-US-37205,M-004,QuickCare Pharmacy,2025-05-30T11:05:42,ready_on_time,10.7,0,True
ME-37207,ORD-US-37206,M-003,Pasta Garden,2025-05-30T20:04:12,ready_on_time,19.2,0,True
ME-37208,ORD-US-37207,M-002,Crisp & Co.,2025-05-30T08:29:36,ready_on_time,9.6,0,True
ME-37209,ORD-US-37208,M-003,Pasta Garden,2025-05-30T11:50:54,ready_on_time,15.9,0,True
ME-37210,ORD-US-37209,M-004,QuickCare Pharmacy,2025-05-30T18:15:48,ready_on_time,10.8,0,True
ME-37211,ORD-US-37210,M-002,Crisp & Co.,2025-05-30T16:19:30,ready_on_time,14.5,0,True
ME-37212,ORD-US-37211,M-004,QuickCare Pharmacy,2025-05-30T10:45:30,ready_on_time,20.5,0,True
ME-37213,ORD-US-37212,M-003,Pasta Garden,2025-05-30T13:17:18,ready_on_time,12.3,0,True
ME-37214,ORD-US-37213,M-002,Crisp & Co.,2025-05-30T11:56:48,ready_on_time,16.8,0,False
ME-37215,ORD-US-37214,M-001,Green Basket Market,2025-05-30T15:22:24,ready_on_time,12.4,0,True
ME-37216,ORD-US-37215,M-004,QuickCare Pharmacy,2025-05-30T17:08:36,ready_on_time,18.6,0,True
ME-37217,ORD-US-37216,M-002,Crisp & Co.,2025-05-30T20:09:48,ready_on_time,9.8,0,True
ME-37218,ORD-US-37217,M-002,Crisp & Co.,2025-05-30T08:23:18,ready_on_time,13.3,0,True
ME-37219,ORD-US-37218,M-003,Pasta Garden,2025-05-30T21:05:06,ready_on_time,20.1,0,True
ME-37220,ORD-US-37219,M-007,Home & Handy,2025-05-30T14:04:12,ready_on_time,19.2,0,True
ME-37221,ORD-US-37220,M-008,Noodle House,2025-05-30T13:01:42,ready_on_time,16.7,0,True
ME-37222,ORD-US-37221,M-005,Corner Table,2025-05-30T08:27:54,ready_on_time,7.9,0,True
ME-37223,ORD-US-37222,M-005,Corner Table,2025-05-30T11:22:12,ready_on_time,17.2,0,True
ME-37224,ORD-US-37223,M-006,Fresh Roots Grocery,2025-05-30T09:26:24,ready_on_time,16.4,0,True
ME-37225,ORD-US-37224,M-007,Home & Handy,2025-05-30T14:25:24,ready_on_time,10.4,0,True
ME-37226,ORD-US-37225,M-006,Fresh Roots Grocery,2025-05-30T12:27:12,ready_on_time,17.2,0,True
ME-37227,ORD-US-37226,M-005,Corner Table,2025-05-30T18:26:06,ready_on_time,11.1,0,True
ME-37228,ORD-US-37227,M-005,Corner Table,2025-05-30T11:06:48,ready_on_time,21.8,0,True
ME-37229,ORD-US-37228,M-006,Fresh Roots Grocery,2025-05-30T16:55:36,ready_on_time,15.6,0,True
ME-37230,ORD-US-37229,M-006,Fresh Roots Grocery,2025-05-30T19:34:36,ready_on_time,19.6,0,True
ME-37231,ORD-US-37230,M-008,Noodle House,2025-05-30T19:16:36,ready_on_time,11.6,0,True
ME-37232,ORD-US-37231,M-008,Noodle House,2025-05-30T11:54:00,ready_on_time,14.0,0,True
ME-37233,ORD-US-37232,M-007,Home & Handy,2025-05-30T17:45:54,ready_on_time,10.9,0,True
ME-37234,ORD-US-37233,M-005,Corner Table,2025-05-30T17:58:12,ready_on_time,13.2,0,True
ME-37235,ORD-US-37234,M-008,Noodle House,2025-05-30T17:03:48,ready_on_time,18.8,0,True
ME-37236,ORD-US-37235,M-005,Corner Table,2025-05-30T08:49:18,ready_on_time,4.3,0,True
ME-37237,ORD-US-37236,M-006,Fresh Roots Grocery,2025-05-30T11:54:48,ready_on_time,14.8,0,True
ME-37238,ORD-US-37237,M-008,Noodle House,2025-05-30T10:31:00,ready_on_time,11.0,0,True
ME-37239,ORD-US-37238,M-006,Fresh Roots Grocery,2025-05-30T17:14:54,ready_on_time,19.9,0,True
ME-37240,ORD-US-37239,M-005,Corner Table,2025-05-30T12:57:12,ready_on_time,12.2,0,True
ME-37241,ORD-US-37240,M-006,Fresh Roots Grocery,2025-05-30T08:09:12,ready_on_time,9.2,0,True
ME-37242,ORD-US-37241,M-006,Fresh Roots Grocery,2025-05-30T10:38:24,ready_on_time,18.4,0,True
ME-37243,ORD-US-37242,M-005,Corner Table,2025-05-30T16:58:00,ready_on_time,13.0,0,True
ME-37244,ORD-US-37243,M-008,Noodle House,2025-05-30T15:18:48,ready_on_time,3.8,0,True
ME-37245,ORD-US-37244,M-005,Corner Table,2025-05-30T10:38:48,ready_on_time,18.8,0,True
ME-37246,ORD-US-37245,M-007,Home & Handy,2025-05-30T17:14:54,ready_on_time,9.9,0,True
ME-37247,ORD-US-37246,M-005,Corner Table,2025-05-30T12:22:06,ready_on_time,12.1,0,True
ME-37248,ORD-US-37247,M-007,Home & Handy,2025-05-30T10:06:24,ready_on_time,16.4,0,True
ME-37249,ORD-US-37248,M-007,Home & Handy,2025-05-30T11:21:42,ready_on_time,16.7,0,True
ME-37250,ORD-US-37249,M-006,Fresh Roots Grocery,2025-05-30T12:32:54,ready_on_time,12.9,0,True
ME-37251,ORD-US-37250,M-005,Corner Table,2025-05-30T14:47:24,ready_on_time,17.4,0,True
ME-37252,ORD-US-37251,M-007,Home & Handy,2025-05-30T11:53:42,ready_on_time,18.7,0,True
ME-37253,ORD-US-37252,M-005,Corner Table,2025-05-30T11:20:24,ready_on_time,5.4,0,True
ME-37254,ORD-US-37253,M-005,Corner Table,2025-05-30T11:37:24,ready_on_time,17.4,0,True
ME-37255,ORD-US-37254,M-008,Noodle House,2025-05-30T20:03:00,ready_on_time,13.0,0,True
ME-37256,ORD-US-37255,M-008,Noodle House,2025-05-30T19:42:12,ready_on_time,12.2,0,True
ME-37257,ORD-US-37256,M-011,Wellness Pharmacy,2025-05-30T13:08:48,ready_on_time,13.8,0,True
ME-37258,ORD-US-37257,M-009,Daily Mart,2025-05-30T13:21:12,ready_on_time,21.2,0,True
ME-37259,ORD-US-37258,M-009,Daily Mart,2025-05-30T19:55:00,ready_on_time,15.0,0,True
ME-37260,ORD-US-37259,M-010,Burger District,2025-05-30T13:57:30,ready_on_time,17.5,0,True
ME-37261,ORD-US-37260,M-009,Daily Mart,2025-05-30T12:47:24,ready_on_time,17.4,0,True
ME-37262,ORD-US-37261,M-011,Wellness Pharmacy,2025-05-30T20:14:06,ready_on_time,9.1,0,True
ME-37263,ORD-US-37262,M-012,Tech Stop,2025-05-30T13:41:18,ready_on_time,11.3,0,True
ME-37264,ORD-US-37263,M-009,Daily Mart,2025-05-30T09:19:06,ready_on_time,9.1,0,True
ME-37265,ORD-US-37264,M-009,Daily Mart,2025-05-30T12:59:06,ready_on_time,19.1,0,True
ME-37266,ORD-US-37265,M-011,Wellness Pharmacy,2025-05-30T18:44:18,ready_on_time,14.3,0,True
ME-37267,ORD-US-37266,M-010,Burger District,2025-05-30T20:26:06,ready_on_time,6.1,0,True
ME-37268,ORD-US-37267,M-010,Burger District,2025-05-30T21:00:24,ready_on_time,20.4,0,True
ME-37269,ORD-US-37268,M-010,Burger District,2025-05-30T19:09:18,ready_on_time,29.3,0,True
ME-37270,ORD-US-37269,M-012,Tech Stop,2025-05-30T11:03:48,ready_on_time,8.8,0,True
ME-37271,ORD-US-37270,M-011,Wellness Pharmacy,2025-05-30T16:11:06,ready_on_time,16.1,0,True
ME-37272,ORD-US-37271,M-010,Burger District,2025-05-30T16:50:30,ready_on_time,15.5,0,True
ME-37273,ORD-US-37272,M-011,Wellness Pharmacy,2025-05-30T09:24:54,ready_on_time,14.9,0,True
ME-37274,ORD-US-37273,M-009,Daily Mart,2025-05-30T15:28:54,ready_on_time,3.9,0,True
ME-37275,ORD-US-37274,M-011,Wellness Pharmacy,2025-05-30T08:41:36,ready_on_time,16.6,0,True
ME-37276,ORD-US-37275,M-012,Tech Stop,2025-05-30T18:39:06,ready_on_time,19.1,0,True
ME-37277,ORD-US-37276,M-012,Tech Stop,2025-05-30T20:44:12,ready_on_time,19.2,0,True
ME-37278,ORD-US-37277,M-009,Daily Mart,2025-05-30T14:32:30,ready_on_time,12.5,0,True
ME-37279,ORD-US-37278,M-011,Wellness Pharmacy,2025-05-30T13:56:12,ready_on_time,16.2,0,True
ME-37280,ORD-US-37279,M-010,Burger District,2025-05-30T12:41:30,ready_on_time,21.5,0,True
ME-37281,ORD-US-37280,M-012,Tech Stop,2025-05-30T11:51:30,ready_on_time,11.5,0,True
ME-37282,ORD-US-37281,M-010,Burger District,2025-05-30T16:51:54,ready_on_time,16.9,0,True
ME-37283,ORD-US-37282,M-009,Daily Mart,2025-05-30T20:29:12,ready_on_time,14.2,0,True
ME-37284,ORD-US-37283,M-009,Daily Mart,2025-05-30T11:49:54,ready_on_time,9.9,0,True
ME-37285,ORD-US-37284,M-011,Wellness Pharmacy,2025-05-30T13:14:18,ready_on_time,9.3,0,True
ME-37286,ORD-US-37285,M-010,Burger District,2025-05-30T16:28:18,ready_on_time,13.3,0,True
ME-37287,ORD-US-37286,M-011,Wellness Pharmacy,2025-05-30T19:17:24,ready_on_time,17.4,0,True
ME-37288,ORD-US-37287,M-009,Daily Mart,2025-05-30T08:12:24,ready_on_time,12.4,0,True
ME-37289,ORD-US-37288,M-009,Daily Mart,2025-05-30T14:13:36,ready_on_time,13.6,0,True
ME-37290,ORD-US-37289,M-012,Tech Stop,2025-05-30T09:57:42,ready_on_time,7.7,0,True
ME-37291,ORD-US-37290,M-011,Wellness Pharmacy,2025-05-30T12:47:00,ready_on_time,7.0,0,True
ME-37292,ORD-US-37291,M-010,Burger District,2025-05-30T09:19:54,ready_on_time,9.9,0,True
ME-37293,ORD-US-37292,M-010,Burger District,2025-05-30T20:30:54,ready_on_time,15.9,0,True
ME-37294,ORD-US-37293,M-010,Burger District,2025-05-30T17:56:00,ready_on_time,6.0,0,True
ME-37295,ORD-US-37294,M-011,Wellness Pharmacy,2025-05-30T15:14:30,ready_on_time,14.5,0,True
ME-37296,ORD-US-37295,M-011,Wellness Pharmacy,2025-05-30T12:20:00,ready_on_time,10.0,0,True
ME-37297,ORD-US-37296,M-010,Burger District,2025-05-30T08:26:54,ready_on_time,11.9,0,True
ME-37298,ORD-US-37297,M-002,Crisp & Co.,2025-05-31T14:44:18,ready_on_time,14.3,0,True
ME-37299,ORD-US-37298,M-002,Crisp & Co.,2025-05-31T17:32:12,ready_on_time,12.2,0,True
ME-37300,ORD-US-37299,M-002,Crisp & Co.,2025-05-31T14:29:24,ready_on_time,14.4,0,True
ME-37301,ORD-US-37300,M-001,Green Basket Market,2025-05-31T10:17:36,ready_on_time,7.6,0,True
ME-37302,ORD-US-37301,M-001,Green Basket Market,2025-05-31T19:51:06,ready_on_time,16.1,0,True
ME-37303,ORD-US-37302,M-004,QuickCare Pharmacy,2025-05-31T11:05:06,ready_on_time,10.1,0,True
ME-37304,ORD-US-37303,M-002,Crisp & Co.,2025-05-31T16:42:54,ready_on_time,12.9,0,True
ME-37305,ORD-US-37304,M-004,QuickCare Pharmacy,2025-05-31T16:52:06,ready_on_time,7.1,0,True
ME-37306,ORD-US-37305,M-003,Pasta Garden,2025-05-31T20:28:48,ready_on_time,13.8,0,True
ME-37307,ORD-US-37306,M-001,Green Basket Market,2025-05-31T16:45:06,ready_on_time,15.1,0,True
ME-37308,ORD-US-37307,M-003,Pasta Garden,2025-05-31T08:30:12,ready_on_time,20.2,0,True
ME-37309,ORD-US-37308,M-002,Crisp & Co.,2025-05-31T13:06:30,ready_on_time,11.5,0,True
ME-37310,ORD-US-37309,M-003,Pasta Garden,2025-05-31T19:41:12,ready_on_time,6.2,0,True
ME-37311,ORD-US-37310,M-002,Crisp & Co.,2025-05-31T17:57:12,ready_on_time,22.2,0,True
ME-37312,ORD-US-37311,M-001,Green Basket Market,2025-05-31T18:02:42,ready_on_time,12.7,0,True
ME-37313,ORD-US-37312,M-003,Pasta Garden,2025-05-31T18:53:24,ready_on_time,13.4,0,True
ME-37314,ORD-US-37313,M-003,Pasta Garden,2025-05-31T16:11:48,ready_on_time,16.8,0,True
ME-37315,ORD-US-37314,M-004,QuickCare Pharmacy,2025-05-31T13:23:00,ready_on_time,13.0,0,True
ME-37316,ORD-US-37315,M-003,Pasta Garden,2025-05-31T13:35:54,ready_on_time,15.9,0,True
ME-37317,ORD-US-37316,M-001,Green Basket Market,2025-05-31T17:19:48,ready_on_time,19.8,0,True
ME-37318,ORD-US-37317,M-001,Green Basket Market,2025-05-31T14:09:00,ready_on_time,19.0,0,True
ME-37319,ORD-US-37318,M-004,QuickCare Pharmacy,2025-05-31T13:29:48,ready_on_time,14.8,0,True
ME-37320,ORD-US-37319,M-003,Pasta Garden,2025-05-31T08:21:18,ready_on_time,16.3,0,True
ME-37321,ORD-US-37320,M-002,Crisp & Co.,2025-05-31T10:06:06,ready_on_time,16.1,0,True
ME-37322,ORD-US-37321,M-001,Green Basket Market,2025-05-31T08:22:12,ready_on_time,12.2,0,True
ME-37323,ORD-US-37322,M-001,Green Basket Market,2025-05-31T20:07:54,ready_on_time,17.9,0,True
ME-37324,ORD-US-37323,M-003,Pasta Garden,2025-05-31T08:24:30,ready_on_time,14.5,0,True
ME-37325,ORD-US-37324,M-002,Crisp & Co.,2025-05-31T17:45:36,ready_on_time,15.6,0,True
ME-37326,ORD-US-37325,M-004,QuickCare Pharmacy,2025-05-31T13:14:12,ready_on_time,19.2,0,True
ME-37327,ORD-US-37326,M-001,Green Basket Market,2025-05-31T13:56:12,ready_on_time,16.2,0,True
ME-37328,ORD-US-37327,M-004,QuickCare Pharmacy,2025-05-31T17:27:18,ready_on_time,7.3,0,True
ME-37329,ORD-US-37328,M-001,Green Basket Market,2025-05-31T11:29:24,ready_on_time,9.4,0,True
ME-37330,ORD-US-37329,M-002,Crisp & Co.,2025-05-31T17:01:18,ready_on_time,11.3,0,True
ME-37331,ORD-US-37330,M-004,QuickCare Pharmacy,2025-05-31T16:33:48,ready_on_time,13.8,0,True
ME-37332,ORD-US-37331,M-001,Green Basket Market,2025-05-31T17:16:24,ready_on_time,11.4,0,True
ME-37333,ORD-US-37332,M-003,Pasta Garden,2025-05-31T16:00:12,ready_on_time,5.2,0,True
ME-37334,ORD-US-37333,M-001,Green Basket Market,2025-05-31T11:45:48,ready_on_time,5.8,0,True
ME-37335,ORD-US-37334,M-001,Green Basket Market,2025-05-31T19:45:30,ready_on_time,10.5,0,True
ME-37336,ORD-US-37335,M-002,Crisp & Co.,2025-05-31T13:32:54,ready_on_time,7.9,0,True
ME-37337,ORD-US-37336,M-004,QuickCare Pharmacy,2025-05-31T12:43:36,ready_on_time,18.6,0,True
ME-37338,ORD-US-37337,M-001,Green Basket Market,2025-05-31T15:58:18,ready_on_time,13.3,0,True
ME-37339,ORD-US-37338,M-002,Crisp & Co.,2025-05-31T08:20:12,ready_on_time,15.2,0,True
ME-37340,ORD-US-37339,M-002,Crisp & Co.,2025-05-31T18:23:54,ready_on_time,13.9,0,True
ME-37341,ORD-US-37340,M-001,Green Basket Market,2025-05-31T15:28:00,ready_on_time,18.0,0,True
ME-37342,ORD-US-37341,M-006,Fresh Roots Grocery,2025-05-31T10:58:30,ready_on_time,18.5,0,True
ME-37343,ORD-US-37342,M-006,Fresh Roots Grocery,2025-05-31T12:46:18,ready_on_time,16.3,0,True
ME-37344,ORD-US-37343,M-008,Noodle House,2025-05-31T12:17:18,ready_on_time,17.3,0,True
ME-37345,ORD-US-37344,M-006,Fresh Roots Grocery,2025-05-31T16:18:18,ready_on_time,23.3,0,True
ME-37346,ORD-US-37345,M-006,Fresh Roots Grocery,2025-05-31T11:05:00,ready_on_time,15.0,0,True
ME-37347,ORD-US-37346,M-006,Fresh Roots Grocery,2025-05-31T18:26:06,ready_on_time,11.1,0,True
ME-37348,ORD-US-37347,M-007,Home & Handy,2025-05-31T12:54:24,ready_on_time,14.4,0,True
ME-37349,ORD-US-37348,M-006,Fresh Roots Grocery,2025-05-31T16:53:36,ready_on_time,13.6,0,True
ME-37350,ORD-US-37349,M-007,Home & Handy,2025-05-31T13:13:00,ready_on_time,13.0,0,True
ME-37351,ORD-US-37350,M-008,Noodle House,2025-05-31T08:18:30,ready_on_time,13.5,0,True
ME-37352,ORD-US-37351,M-007,Home & Handy,2025-05-31T13:38:36,ready_on_time,13.6,0,True
ME-37353,ORD-US-37352,M-008,Noodle House,2025-05-31T17:18:48,ready_on_time,13.8,0,True
ME-37354,ORD-US-37353,M-006,Fresh Roots Grocery,2025-05-31T18:19:30,ready_on_time,19.5,0,True
ME-37355,ORD-US-37354,M-008,Noodle House,2025-05-31T13:44:30,ready_on_time,14.5,0,True
ME-37356,ORD-US-37355,M-006,Fresh Roots Grocery,2025-05-31T13:31:06,ready_on_time,11.1,0,True
ME-37357,ORD-US-37356,M-007,Home & Handy,2025-05-31T13:18:48,ready_on_time,18.8,0,True
ME-37358,ORD-US-37357,M-007,Home & Handy,2025-05-31T14:45:42,ready_on_time,15.7,0,True
ME-37359,ORD-US-37358,M-008,Noodle House,2025-05-31T12:28:48,ready_on_time,8.8,0,True
ME-37360,ORD-US-37359,M-005,Corner Table,2025-05-31T08:31:48,ready_on_time,21.8,0,True
ME-37361,ORD-US-37360,M-006,Fresh Roots Grocery,2025-05-31T15:23:54,ready_on_time,18.9,0,True
ME-37362,ORD-US-37361,M-007,Home & Handy,2025-05-31T16:07:48,ready_on_time,12.8,0,True
ME-37363,ORD-US-37362,M-007,Home & Handy,2025-05-31T18:56:48,ready_on_time,16.8,0,True
ME-37364,ORD-US-37363,M-005,Corner Table,2025-05-31T09:17:36,ready_on_time,7.6,0,True
ME-37365,ORD-US-37364,M-008,Noodle House,2025-05-31T16:55:48,ready_on_time,10.8,0,True
ME-37366,ORD-US-37365,M-007,Home & Handy,2025-05-31T14:11:00,ready_on_time,16.0,0,True
ME-37367,ORD-US-37366,M-006,Fresh Roots Grocery,2025-05-31T16:45:42,ready_on_time,20.7,0,True
ME-37368,ORD-US-37367,M-006,Fresh Roots Grocery,2025-05-31T13:25:36,ready_on_time,10.6,0,True
ME-37369,ORD-US-37368,M-008,Noodle House,2025-05-31T17:15:42,ready_on_time,20.7,0,True
ME-37370,ORD-US-37369,M-008,Noodle House,2025-05-31T15:44:24,ready_on_time,9.4,0,True
ME-37371,ORD-US-37370,M-005,Corner Table,2025-05-31T09:59:42,ready_on_time,19.7,0,True
ME-37372,ORD-US-37371,M-008,Noodle House,2025-05-31T16:36:54,ready_on_time,11.9,0,True
ME-37373,ORD-US-37372,M-005,Corner Table,2025-05-31T15:11:48,ready_on_time,16.8,0,True
ME-37374,ORD-US-37373,M-008,Noodle House,2025-05-31T20:05:54,ready_on_time,15.9,0,True
ME-37375,ORD-US-37374,M-007,Home & Handy,2025-05-31T14:33:54,ready_on_time,18.9,0,True
ME-37376,ORD-US-37375,M-008,Noodle House,2025-05-31T10:29:36,ready_on_time,14.6,0,True
ME-37377,ORD-US-37376,M-007,Home & Handy,2025-05-31T18:28:18,ready_on_time,13.3,0,True
ME-37378,ORD-US-37377,M-007,Home & Handy,2025-05-31T13:18:42,ready_on_time,13.7,0,True
ME-37379,ORD-US-37378,M-010,Burger District,2025-05-31T19:35:06,ready_on_time,15.1,0,True
ME-37380,ORD-US-37379,M-011,Wellness Pharmacy,2025-05-31T09:30:00,ready_on_time,10.0,0,True
ME-37381,ORD-US-37380,M-011,Wellness Pharmacy,2025-05-31T14:32:00,ready_on_time,7.0,0,True
ME-37382,ORD-US-37381,M-010,Burger District,2025-05-31T09:10:48,ready_on_time,15.8,0,True
ME-37383,ORD-US-37382,M-010,Burger District,2025-05-31T15:44:00,ready_on_time,14.0,0,True
ME-37384,ORD-US-37383,M-010,Burger District,2025-05-31T18:16:36,ready_on_time,6.6,0,True
ME-37385,ORD-US-37384,M-012,Tech Stop,2025-05-31T14:11:30,ready_on_time,16.5,0,True
ME-37386,ORD-US-37385,M-009,Daily Mart,2025-05-31T09:13:54,ready_on_time,8.9,0,True
ME-37387,ORD-US-37386,M-012,Tech Stop,2025-05-31T12:45:06,ready_on_time,15.1,0,True
ME-37388,ORD-US-37387,M-010,Burger District,2025-05-31T11:55:06,ready_on_time,10.1,0,True
ME-37389,ORD-US-37388,M-009,Daily Mart,2025-05-31T16:24:48,ready_on_time,19.8,0,True
ME-37390,ORD-US-37389,M-009,Daily Mart,2025-05-31T20:18:00,ready_on_time,18.0,0,True
ME-37391,ORD-US-37390,M-011,Wellness Pharmacy,2025-05-31T18:07:18,ready_on_time,12.3,0,True
ME-37392,ORD-US-37391,M-010,Burger District,2025-05-31T14:02:12,ready_on_time,17.2,0,True
ME-37393,ORD-US-37392,M-011,Wellness Pharmacy,2025-05-31T20:30:24,ready_on_time,10.4,0,True
ME-37394,ORD-US-37393,M-010,Burger District,2025-05-31T10:00:12,ready_on_time,20.2,0,True
ME-37395,ORD-US-37394,M-010,Burger District,2025-05-31T10:02:30,ready_on_time,17.5,0,True
ME-37396,ORD-US-37395,M-010,Burger District,2025-05-31T11:51:18,ready_on_time,16.3,0,True
ME-37397,ORD-US-37396,M-011,Wellness Pharmacy,2025-05-31T12:40:48,ready_on_time,20.8,0,True
ME-37398,ORD-US-37397,M-010,Burger District,2025-05-31T21:18:06,ready_on_time,23.1,0,True
ME-37399,ORD-US-37398,M-010,Burger District,2025-05-31T13:38:42,ready_on_time,13.7,0,True
ME-37400,ORD-US-37399,M-011,Wellness Pharmacy,2025-05-31T08:52:06,ready_on_time,12.1,0,True
ME-37401,ORD-US-37400,M-009,Daily Mart,2025-05-31T16:38:30,ready_on_time,8.5,0,True
ME-37402,ORD-US-37401,M-009,Daily Mart,2025-05-31T21:16:18,ready_on_time,21.3,0,True
ME-37403,ORD-US-37402,M-011,Wellness Pharmacy,2025-05-31T13:39:48,ready_on_time,4.8,0,True
ME-37404,ORD-US-37403,M-009,Daily Mart,2025-05-31T09:31:18,ready_on_time,11.3,0,True
ME-37405,ORD-US-37404,M-009,Daily Mart,2025-05-31T11:06:36,ready_on_time,6.6,0,True
ME-37406,ORD-US-37405,M-010,Burger District,2025-05-31T09:38:54,ready_on_time,13.9,0,True
ME-37407,ORD-US-37406,M-010,Burger District,2025-05-31T20:53:18,ready_on_time,8.3,0,True
ME-37408,ORD-US-37407,M-009,Daily Mart,2025-05-31T17:29:30,ready_on_time,19.5,0,True
ME-37409,ORD-US-37408,M-011,Wellness Pharmacy,2025-05-31T13:59:42,ready_on_time,9.7,0,True
ME-37410,ORD-US-37409,M-012,Tech Stop,2025-05-31T13:58:06,ready_on_time,18.1,0,True
ME-37411,ORD-US-37410,M-009,Daily Mart,2025-05-31T15:08:42,ready_on_time,18.7,0,True
ME-37412,ORD-US-37411,M-010,Burger District,2025-05-31T14:53:36,ready_on_time,18.6,0,True
ME-37413,ORD-US-37412,M-012,Tech Stop,2025-05-31T13:14:42,ready_on_time,9.7,0,True
ME-37414,ORD-US-37413,M-010,Burger District,2025-05-31T15:20:00,ready_on_time,15.0,0,True
ME-37415,ORD-US-37414,M-009,Daily Mart,2025-05-31T21:00:12,ready_on_time,10.2,0,True
ME-37416,ORD-US-37415,M-009,Daily Mart,2025-05-31T10:23:42,ready_on_time,13.7,0,True
ME-37417,ORD-US-37416,M-011,Wellness Pharmacy,2025-05-31T14:50:24,ready_on_time,5.4,0,True
ME-37418,ORD-US-37417,M-003,Pasta Garden,2025-06-01T08:26:06,ready_on_time,16.1,0,True
ME-37419,ORD-US-37418,M-001,Green Basket Market,2025-06-01T20:13:06,ready_on_time,18.1,0,True
ME-37420,ORD-US-37419,M-004,QuickCare Pharmacy,2025-06-01T12:08:36,ready_on_time,18.6,0,True
ME-37421,ORD-US-37420,M-002,Crisp & Co.,2025-06-01T12:39:00,ready_on_time,9.0,0,True
ME-37422,ORD-US-37421,M-001,Green Basket Market,2025-06-01T08:26:36,ready_on_time,21.6,0,True
ME-37423,ORD-US-37422,M-001,Green Basket Market,2025-06-01T18:26:42,ready_on_time,21.7,0,True
ME-37424,ORD-US-37423,M-004,QuickCare Pharmacy,2025-06-01T20:21:48,ready_on_time,11.8,0,True
ME-37425,ORD-US-37424,M-003,Pasta Garden,2025-06-01T08:31:12,ready_on_time,16.2,0,True
ME-37426,ORD-US-37425,M-003,Pasta Garden,2025-06-01T15:15:00,ready_on_time,10.0,0,True
ME-37427,ORD-US-37426,M-003,Pasta Garden,2025-06-01T15:35:54,ready_on_time,10.9,0,True
ME-37428,ORD-US-37427,M-001,Green Basket Market,2025-06-01T14:00:12,ready_on_time,15.2,0,True
ME-37429,ORD-US-37428,M-003,Pasta Garden,2025-06-01T08:35:36,ready_on_time,10.6,0,True
ME-37430,ORD-US-37429,M-002,Crisp & Co.,2025-06-01T15:50:54,ready_on_time,10.9,0,True
ME-37431,ORD-US-37430,M-004,QuickCare Pharmacy,2025-06-01T12:26:54,ready_on_time,16.9,0,True
ME-37432,ORD-US-37431,M-002,Crisp & Co.,2025-06-01T17:06:30,ready_on_time,11.5,0,True
ME-37433,ORD-US-37432,M-002,Crisp & Co.,2025-06-01T18:25:54,ready_on_time,10.9,0,True
ME-37434,ORD-US-37433,M-002,Crisp & Co.,2025-06-01T20:45:36,ready_on_time,15.6,0,True
ME-37435,ORD-US-37434,M-001,Green Basket Market,2025-06-01T13:45:48,ready_on_time,10.8,0,True
ME-37436,ORD-US-37435,M-004,QuickCare Pharmacy,2025-06-01T09:39:18,ready_on_time,9.3,0,True
ME-37437,ORD-US-37436,M-004,QuickCare Pharmacy,2025-06-01T12:18:24,ready_on_time,18.4,0,True
ME-37438,ORD-US-37437,M-002,Crisp & Co.,2025-06-01T16:05:24,ready_on_time,15.4,0,True
ME-37439,ORD-US-37438,M-001,Green Basket Market,2025-06-01T09:52:18,ready_on_time,17.3,0,True
ME-37440,ORD-US-37439,M-004,QuickCare Pharmacy,2025-06-01T09:04:36,ready_on_time,19.6,0,True
ME-37441,ORD-US-37440,M-002,Crisp & Co.,2025-06-01T09:32:24,ready_on_time,17.4,0,True
ME-37442,ORD-US-37441,M-003,Pasta Garden,2025-06-01T19:33:30,ready_on_time,18.5,0,True
ME-37443,ORD-US-37442,M-001,Green Basket Market,2025-06-01T19:31:30,ready_on_time,16.5,0,True
ME-37444,ORD-US-37443,M-002,Crisp & Co.,2025-06-01T13:03:48,ready_on_time,13.8,0,True
ME-37445,ORD-US-37444,M-001,Green Basket Market,2025-06-01T19:58:54,ready_on_time,8.9,0,True
ME-37446,ORD-US-37445,M-001,Green Basket Market,2025-06-01T10:00:48,ready_on_time,10.8,0,True
ME-37447,ORD-US-37446,M-003,Pasta Garden,2025-06-01T12:18:42,ready_on_time,18.7,0,True
ME-37448,ORD-US-37447,M-004,QuickCare Pharmacy,2025-06-01T14:02:48,ready_on_time,12.8,0,True
ME-37449,ORD-US-37448,M-002,Crisp & Co.,2025-06-01T09:46:18,ready_on_time,11.3,0,True
ME-37450,ORD-US-37449,M-001,Green Basket Market,2025-06-01T15:07:42,ready_on_time,17.7,0,True
ME-37451,ORD-US-37450,M-004,QuickCare Pharmacy,2025-06-01T18:09:42,ready_on_time,19.7,0,True
ME-37452,ORD-US-37451,M-004,QuickCare Pharmacy,2025-06-01T08:06:00,ready_on_time,6.0,0,True
ME-37453,ORD-US-37452,M-001,Green Basket Market,2025-06-01T13:50:54,ready_on_time,10.9,0,True
ME-37454,ORD-US-37453,M-008,Noodle House,2025-06-01T20:26:12,ready_on_time,6.2,0,True
ME-37455,ORD-US-37454,M-005,Corner Table,2025-06-01T12:39:54,ready_on_time,9.9,0,True
ME-37456,ORD-US-37455,M-008,Noodle House,2025-06-01T19:22:36,ready_on_time,7.6,0,True
ME-37457,ORD-US-37456,M-005,Corner Table,2025-06-01T09:39:24,ready_on_time,9.4,0,True
ME-37458,ORD-US-37457,M-007,Home & Handy,2025-06-01T14:06:06,ready_on_time,21.1,0,True
ME-37459,ORD-US-37458,M-005,Corner Table,2025-06-01T15:34:30,ready_on_time,14.5,0,True
ME-37460,ORD-US-37459,M-008,Noodle House,2025-06-01T19:50:00,ready_on_time,15.0,0,True
ME-37461,ORD-US-37460,M-006,Fresh Roots Grocery,2025-06-01T12:08:48,ready_on_time,13.8,0,True
ME-37462,ORD-US-37461,M-008,Noodle House,2025-06-01T14:12:06,ready_on_time,12.1,0,True
ME-37463,ORD-US-37462,M-006,Fresh Roots Grocery,2025-06-01T11:26:12,ready_on_time,11.2,0,True
ME-37464,ORD-US-37463,M-005,Corner Table,2025-06-01T17:45:36,ready_on_time,10.6,0,True
ME-37465,ORD-US-37464,M-008,Noodle House,2025-06-01T17:48:36,ready_on_time,18.6,0,True
ME-37466,ORD-US-37465,M-005,Corner Table,2025-06-01T14:48:30,ready_on_time,13.5,0,True
ME-37467,ORD-US-37466,M-005,Corner Table,2025-06-01T15:09:06,ready_on_time,14.1,0,True
ME-37468,ORD-US-37467,M-006,Fresh Roots Grocery,2025-06-01T16:45:54,ready_on_time,15.9,0,True
ME-37469,ORD-US-37468,M-007,Home & Handy,2025-06-01T08:20:06,ready_on_time,10.1,0,True
ME-37470,ORD-US-37469,M-008,Noodle House,2025-06-01T11:33:42,ready_on_time,18.7,0,True
ME-37471,ORD-US-37470,M-008,Noodle House,2025-06-01T09:27:24,ready_on_time,17.4,0,True
ME-37472,ORD-US-37471,M-006,Fresh Roots Grocery,2025-06-01T20:01:06,ready_on_time,11.1,0,True
ME-37473,ORD-US-37472,M-008,Noodle House,2025-06-01T18:42:36,ready_on_time,12.6,0,True
ME-37474,ORD-US-37473,M-008,Noodle House,2025-06-01T13:22:06,ready_on_time,22.1,0,True
ME-37475,ORD-US-37474,M-005,Corner Table,2025-06-01T16:50:48,ready_on_time,20.8,0,True
ME-37476,ORD-US-37475,M-008,Noodle House,2025-06-01T14:55:00,ready_on_time,10.0,0,True
ME-37477,ORD-US-37476,M-007,Home & Handy,2025-06-01T17:58:42,ready_on_time,13.7,0,True
ME-37478,ORD-US-37477,M-005,Corner Table,2025-06-01T08:54:48,ready_on_time,9.8,0,True
ME-37479,ORD-US-37478,M-006,Fresh Roots Grocery,2025-06-01T14:59:12,ready_on_time,14.2,0,True
ME-37480,ORD-US-37479,M-005,Corner Table,2025-06-01T14:12:30,ready_on_time,17.5,0,True
ME-37481,ORD-US-37480,M-007,Home & Handy,2025-06-01T17:40:18,ready_on_time,20.3,0,True
ME-37482,ORD-US-37481,M-006,Fresh Roots Grocery,2025-06-01T18:57:48,ready_on_time,7.8,0,True
ME-37483,ORD-US-37482,M-006,Fresh Roots Grocery,2025-06-01T19:28:06,ready_on_time,13.1,0,True
ME-37484,ORD-US-37483,M-005,Corner Table,2025-06-01T15:59:24,ready_on_time,9.4,0,True
ME-37485,ORD-US-37484,M-005,Corner Table,2025-06-01T18:45:42,ready_on_time,15.7,0,True
ME-37486,ORD-US-37485,M-008,Noodle House,2025-06-01T20:04:54,ready_on_time,14.9,0,True
ME-37487,ORD-US-37486,M-008,Noodle House,2025-06-01T10:00:00,ready_on_time,10.0,0,True
ME-37488,ORD-US-37487,M-007,Home & Handy,2025-06-01T10:28:54,ready_on_time,13.9,0,True
ME-37489,ORD-US-37488,M-007,Home & Handy,2025-06-01T12:41:18,ready_on_time,11.3,0,True
ME-37490,ORD-US-37489,M-008,Noodle House,2025-06-01T09:42:48,ready_on_time,17.8,0,True
ME-37491,ORD-US-37490,M-006,Fresh Roots Grocery,2025-06-01T12:21:12,ready_on_time,11.2,0,True
ME-37492,ORD-US-37491,M-007,Home & Handy,2025-06-01T14:54:24,ready_on_time,14.4,0,True
ME-37493,ORD-US-37492,M-005,Corner Table,2025-06-01T17:36:42,ready_on_time,11.7,0,True
ME-37494,ORD-US-37493,M-005,Corner Table,2025-06-01T11:07:42,ready_on_time,12.7,0,True
ME-37495,ORD-US-37494,M-005,Corner Table,2025-06-01T18:40:24,ready_on_time,10.4,0,True
ME-37496,ORD-US-37495,M-009,Daily Mart,2025-06-01T09:12:42,ready_on_time,17.7,0,True
ME-37497,ORD-US-37496,M-011,Wellness Pharmacy,2025-06-01T18:34:48,ready_on_time,9.8,0,True
ME-37498,ORD-US-37497,M-012,Tech Stop,2025-06-01T08:21:12,ready_on_time,6.2,0,True
ME-37499,ORD-US-37498,M-012,Tech Stop,2025-06-01T18:33:12,ready_on_time,8.2,0,True
ME-37500,ORD-US-37499,M-009,Daily Mart,2025-06-01T20:34:24,ready_on_time,14.4,0,True
ME-37501,ORD-US-37500,M-012,Tech Stop,2025-06-01T18:16:36,ready_on_time,16.6,0,True
ME-37502,ORD-US-37501,M-011,Wellness Pharmacy,2025-06-01T19:50:06,ready_on_time,5.1,0,True
ME-37503,ORD-US-37502,M-010,Burger District,2025-06-01T17:58:00,ready_on_time,13.0,0,True
ME-37504,ORD-US-37503,M-010,Burger District,2025-06-01T18:13:24,ready_on_time,8.4,0,True
ME-37505,ORD-US-37504,M-011,Wellness Pharmacy,2025-06-01T20:22:36,ready_on_time,22.6,0,True
ME-37506,ORD-US-37505,M-011,Wellness Pharmacy,2025-06-01T14:18:48,ready_on_time,8.8,0,True
ME-37507,ORD-US-37506,M-009,Daily Mart,2025-06-01T14:10:36,ready_on_time,20.6,0,True
ME-37508,ORD-US-37507,M-012,Tech Stop,2025-06-01T13:16:00,ready_on_time,11.0,0,True
ME-37509,ORD-US-37508,M-012,Tech Stop,2025-06-01T18:41:36,ready_on_time,16.6,0,True
ME-37510,ORD-US-37509,M-010,Burger District,2025-06-01T09:17:48,ready_on_time,17.8,0,True
ME-37511,ORD-US-37510,M-011,Wellness Pharmacy,2025-06-01T09:34:00,ready_on_time,9.0,0,True
ME-37512,ORD-US-37511,M-012,Tech Stop,2025-06-01T16:58:48,ready_on_time,18.8,0,True
ME-37513,ORD-US-37512,M-012,Tech Stop,2025-06-01T10:29:42,ready_on_time,4.7,0,True
ME-37514,ORD-US-37513,M-011,Wellness Pharmacy,2025-06-01T10:20:24,ready_on_time,15.4,0,True
ME-37515,ORD-US-37514,M-012,Tech Stop,2025-06-01T17:49:30,ready_on_time,19.5,0,True
ME-37516,ORD-US-37515,M-012,Tech Stop,2025-06-01T17:24:12,ready_on_time,19.2,0,True
ME-37517,ORD-US-37516,M-009,Daily Mart,2025-06-01T10:33:12,ready_on_time,13.2,0,True
ME-37518,ORD-US-37517,M-009,Daily Mart,2025-06-01T11:32:42,ready_on_time,12.7,0,True
ME-37519,ORD-US-37518,M-011,Wellness Pharmacy,2025-06-01T08:43:24,ready_on_time,18.4,0,True
ME-37520,ORD-US-37519,M-010,Burger District,2025-06-01T08:38:00,ready_on_time,13.0,0,True
ME-37521,ORD-US-37520,M-011,Wellness Pharmacy,2025-06-01T14:09:24,ready_on_time,19.4,0,True
ME-37522,ORD-US-37521,M-009,Daily Mart,2025-06-01T09:25:48,ready_on_time,10.8,0,False
ME-37523,ORD-US-37522,M-009,Daily Mart,2025-06-01T19:22:06,ready_on_time,12.1,0,True
ME-37524,ORD-US-37523,M-011,Wellness Pharmacy,2025-06-01T16:22:24,ready_on_time,7.4,0,False
ME-37525,ORD-US-37524,M-010,Burger District,2025-06-01T10:34:06,ready_on_time,19.1,0,True
ME-37526,ORD-US-37525,M-012,Tech Stop,2025-06-01T09:04:42,ready_on_time,9.7,0,True
ME-37527,ORD-US-37526,M-010,Burger District,2025-06-01T08:12:36,ready_on_time,7.6,0,True
ME-37528,ORD-US-37527,M-012,Tech Stop,2025-06-01T09:01:42,ready_on_time,11.7,0,True
ME-37529,ORD-US-37528,M-009,Daily Mart,2025-06-01T19:59:54,ready_on_time,14.9,0,True
ME-37530,ORD-US-37529,M-012,Tech Stop,2025-06-01T15:18:18,ready_on_time,13.3,0,True
ME-37531,ORD-US-37530,M-012,Tech Stop,2025-06-01T18:14:00,ready_on_time,19.0,0,True
ME-37532,ORD-US-37531,M-012,Tech Stop,2025-06-01T16:15:00,ready_on_time,15.0,0,True
ME-37533,ORD-US-37532,M-009,Daily Mart,2025-06-01T19:09:48,ready_on_time,9.8,0,True
ME-37534,ORD-US-37533,M-010,Burger District,2025-06-01T08:29:48,ready_on_time,9.8,0,True
ME-37535,ORD-US-37534,M-010,Burger District,2025-06-01T10:20:36,ready_on_time,15.6,0,True
ME-37536,ORD-US-37535,M-001,Green Basket Market,2025-06-02T19:48:36,ready_on_time,13.6,0,True
ME-37537,ORD-US-37536,M-004,QuickCare Pharmacy,2025-06-02T19:49:12,ready_on_time,19.2,0,True
ME-37538,ORD-US-37537,M-004,QuickCare Pharmacy,2025-06-02T10:46:48,ready_on_time,16.8,0,True
ME-37539,ORD-US-37538,M-001,Green Basket Market,2025-06-02T11:45:18,ready_on_time,20.3,0,True
ME-37540,ORD-US-37539,M-002,Crisp & Co.,2025-06-02T09:54:42,ready_on_time,9.7,0,False
ME-37541,ORD-US-37540,M-001,Green Basket Market,2025-06-02T15:59:24,ready_on_time,14.4,0,True
ME-37542,ORD-US-37541,M-003,Pasta Garden,2025-06-02T16:03:48,ready_on_time,18.8,0,True
ME-37543,ORD-US-37542,M-001,Green Basket Market,2025-06-02T18:30:12,ready_on_time,15.2,0,True
ME-37544,ORD-US-37543,M-003,Pasta Garden,2025-06-02T16:02:24,ready_on_time,17.4,0,True
ME-37545,ORD-US-37544,M-001,Green Basket Market,2025-06-02T20:12:48,ready_on_time,17.8,0,True
ME-37546,ORD-US-37545,M-002,Crisp & Co.,2025-06-02T14:23:00,ready_on_time,8.0,0,True
ME-37547,ORD-US-37546,M-001,Green Basket Market,2025-06-02T13:57:06,ready_on_time,12.1,0,True
ME-37548,ORD-US-37547,M-001,Green Basket Market,2025-06-02T17:08:00,ready_on_time,18.0,0,True
ME-37549,ORD-US-37548,M-002,Crisp & Co.,2025-06-02T20:40:24,ready_on_time,5.4,0,True
ME-37550,ORD-US-37549,M-004,QuickCare Pharmacy,2025-06-02T18:52:54,ready_on_time,7.9,0,True
ME-37551,ORD-US-37550,M-002,Crisp & Co.,2025-06-02T15:19:36,ready_on_time,9.6,0,True
ME-37552,ORD-US-37551,M-002,Crisp & Co.,2025-06-02T09:50:06,ready_on_time,25.1,0,True
ME-37553,ORD-US-37552,M-003,Pasta Garden,2025-06-02T15:23:30,ready_on_time,13.5,0,True
ME-37554,ORD-US-37553,M-002,Crisp & Co.,2025-06-02T10:32:36,ready_on_time,12.6,0,True
ME-37555,ORD-US-37554,M-004,QuickCare Pharmacy,2025-06-02T10:50:06,ready_on_time,20.1,0,True
ME-37556,ORD-US-37555,M-002,Crisp & Co.,2025-06-02T12:40:06,ready_on_time,10.1,0,True
ME-37557,ORD-US-37556,M-004,QuickCare Pharmacy,2025-06-02T18:16:12,ready_on_time,16.2,0,True
ME-37558,ORD-US-37557,M-002,Crisp & Co.,2025-06-02T16:20:48,ready_on_time,10.8,0,True
ME-37559,ORD-US-37558,M-002,Crisp & Co.,2025-06-02T18:11:00,ready_on_time,16.0,0,True
ME-37560,ORD-US-37559,M-003,Pasta Garden,2025-06-02T15:27:30,ready_on_time,7.5,0,True
ME-37561,ORD-US-37560,M-001,Green Basket Market,2025-06-02T19:59:30,ready_on_time,9.5,0,True
ME-37562,ORD-US-37561,M-003,Pasta Garden,2025-06-02T09:57:24,ready_on_time,7.4,0,True
ME-37563,ORD-US-37562,M-003,Pasta Garden,2025-06-02T14:58:18,ready_on_time,13.3,0,True
ME-37564,ORD-US-37563,M-003,Pasta Garden,2025-06-02T18:07:30,ready_on_time,12.5,0,True
ME-37565,ORD-US-37564,M-003,Pasta Garden,2025-06-02T19:56:36,ready_on_time,11.6,0,True
ME-37566,ORD-US-37565,M-003,Pasta Garden,2025-06-02T20:44:00,ready_on_time,14.0,0,True
ME-37567,ORD-US-37566,M-002,Crisp & Co.,2025-06-02T12:53:12,ready_on_time,18.2,0,True
ME-37568,ORD-US-37567,M-001,Green Basket Market,2025-06-02T12:22:48,ready_on_time,12.8,0,True
ME-37569,ORD-US-37568,M-002,Crisp & Co.,2025-06-02T13:35:06,ready_on_time,5.1,0,True
ME-37570,ORD-US-37569,M-002,Crisp & Co.,2025-06-02T09:56:48,ready_on_time,11.8,0,True
ME-37571,ORD-US-37570,M-002,Crisp & Co.,2025-06-02T17:11:00,ready_on_time,11.0,0,True
ME-37572,ORD-US-37571,M-003,Pasta Garden,2025-06-02T17:32:12,ready_on_time,12.2,0,True
ME-37573,ORD-US-37572,M-003,Pasta Garden,2025-06-02T10:23:06,ready_on_time,18.1,0,True
ME-37574,ORD-US-37573,M-004,QuickCare Pharmacy,2025-06-02T09:01:30,ready_on_time,11.5,0,True
ME-37575,ORD-US-37574,M-006,Fresh Roots Grocery,2025-06-02T20:19:48,ready_on_time,14.8,0,True
ME-37576,ORD-US-37575,M-005,Corner Table,2025-06-02T10:13:18,ready_on_time,18.3,0,True
ME-37577,ORD-US-37576,M-008,Noodle House,2025-06-02T14:00:00,ready_on_time,15.0,0,True
ME-37578,ORD-US-37577,M-005,Corner Table,2025-06-02T20:03:00,ready_on_time,18.0,0,True
ME-37579,ORD-US-37578,M-006,Fresh Roots Grocery,2025-06-02T15:44:42,ready_on_time,14.7,0,True
ME-37580,ORD-US-37579,M-006,Fresh Roots Grocery,2025-06-02T19:22:42,ready_on_time,12.7,0,True
ME-37581,ORD-US-37580,M-006,Fresh Roots Grocery,2025-06-02T13:41:00,ready_on_time,21.0,0,False
ME-37582,ORD-US-37581,M-005,Corner Table,2025-06-02T16:40:36,ready_on_time,20.6,0,True
ME-37583,ORD-US-37582,M-007,Home & Handy,2025-06-02T13:52:54,ready_on_time,17.9,0,True
ME-37584,ORD-US-37583,M-008,Noodle House,2025-06-02T20:49:48,ready_on_time,14.8,0,True
ME-37585,ORD-US-37584,M-005,Corner Table,2025-06-02T14:27:12,ready_on_time,12.2,0,True
ME-37586,ORD-US-37585,M-005,Corner Table,2025-06-02T13:50:24,ready_on_time,10.4,0,True
ME-37587,ORD-US-37586,M-006,Fresh Roots Grocery,2025-06-02T08:34:30,ready_on_time,19.5,0,True
ME-37588,ORD-US-37587,M-008,Noodle House,2025-06-02T17:17:18,ready_on_time,17.3,0,True
ME-37589,ORD-US-37588,M-007,Home & Handy,2025-06-02T11:05:24,ready_on_time,15.4,0,True
ME-37590,ORD-US-37589,M-008,Noodle House,2025-06-02T09:21:36,ready_on_time,6.6,0,True
ME-37591,ORD-US-37590,M-008,Noodle House,2025-06-02T13:37:12,ready_on_time,12.2,0,True
ME-37592,ORD-US-37591,M-008,Noodle House,2025-06-02T10:36:30,ready_on_time,16.5,0,True
ME-37593,ORD-US-37592,M-005,Corner Table,2025-06-02T18:18:42,ready_on_time,13.7,0,True
ME-37594,ORD-US-37593,M-006,Fresh Roots Grocery,2025-06-02T19:30:24,ready_on_time,10.4,0,True
ME-37595,ORD-US-37594,M-007,Home & Handy,2025-06-02T09:13:06,ready_on_time,18.1,0,True
ME-37596,ORD-US-37595,M-008,Noodle House,2025-06-02T16:11:12,ready_on_time,16.2,0,True
ME-37597,ORD-US-37596,M-006,Fresh Roots Grocery,2025-06-02T18:43:00,ready_on_time,13.0,0,True
ME-37598,ORD-US-37597,M-007,Home & Handy,2025-06-02T15:29:06,ready_on_time,19.1,0,True
ME-37599,ORD-US-37598,M-006,Fresh Roots Grocery,2025-06-02T12:36:24,ready_on_time,21.4,0,True
ME-37600,ORD-US-37599,M-006,Fresh Roots Grocery,2025-06-02T19:09:06,ready_on_time,14.1,0,True
ME-37601,ORD-US-37600,M-005,Corner Table,2025-06-02T16:10:48,ready_on_time,15.8,0,True
ME-37602,ORD-US-37601,M-008,Noodle House,2025-06-02T16:34:18,ready_on_time,14.3,0,True
ME-37603,ORD-US-37602,M-005,Corner Table,2025-06-02T20:39:00,ready_on_time,9.0,0,True
ME-37604,ORD-US-37603,M-005,Corner Table,2025-06-02T14:56:24,ready_on_time,11.4,0,True
ME-37605,ORD-US-37604,M-006,Fresh Roots Grocery,2025-06-02T16:55:48,ready_on_time,10.8,0,True
ME-37606,ORD-US-37605,M-006,Fresh Roots Grocery,2025-06-02T15:17:12,ready_on_time,12.2,0,True
ME-37607,ORD-US-37606,M-007,Home & Handy,2025-06-02T13:15:18,ready_on_time,15.3,0,True
ME-37608,ORD-US-37607,M-007,Home & Handy,2025-06-02T21:00:54,ready_on_time,10.9,0,True
ME-37609,ORD-US-37608,M-007,Home & Handy,2025-06-02T19:55:54,ready_on_time,20.9,0,True
ME-37610,ORD-US-37609,M-008,Noodle House,2025-06-02T17:22:00,ready_on_time,7.0,0,True
ME-37611,ORD-US-37610,M-007,Home & Handy,2025-06-02T09:30:54,ready_on_time,10.9,0,True
ME-37612,ORD-US-37611,M-008,Noodle House,2025-06-02T15:18:54,ready_on_time,13.9,0,True
ME-37613,ORD-US-37612,M-005,Corner Table,2025-06-02T20:08:18,ready_on_time,18.3,0,True
ME-37614,ORD-US-37613,M-006,Fresh Roots Grocery,2025-06-02T11:50:30,ready_on_time,10.5,0,True
ME-37615,ORD-US-37614,M-006,Fresh Roots Grocery,2025-06-02T12:01:00,ready_on_time,11.0,0,True
ME-37616,ORD-US-37615,M-008,Noodle House,2025-06-02T11:21:18,ready_on_time,16.3,0,True
ME-37617,ORD-US-37616,M-007,Home & Handy,2025-06-02T18:07:12,ready_on_time,12.2,0,True
ME-37618,ORD-US-37617,M-006,Fresh Roots Grocery,2025-06-02T18:49:06,ready_on_time,9.1,0,True
ME-37619,ORD-US-37618,M-012,Tech Stop,2025-06-02T19:57:30,ready_on_time,12.5,0,True
ME-37620,ORD-US-37619,M-009,Daily Mart,2025-06-02T17:06:48,ready_on_time,21.8,0,True
ME-37621,ORD-US-37620,M-011,Wellness Pharmacy,2025-06-02T08:26:42,ready_on_time,16.7,0,True
ME-37622,ORD-US-37621,M-009,Daily Mart,2025-06-02T16:49:42,ready_on_time,19.7,0,True
ME-37623,ORD-US-37622,M-010,Burger District,2025-06-02T08:54:36,ready_on_time,19.6,0,True
ME-37624,ORD-US-37623,M-009,Daily Mart,2025-06-02T20:40:06,ready_on_time,10.1,0,True
ME-37625,ORD-US-37624,M-010,Burger District,2025-06-02T15:56:00,ready_on_time,11.0,0,True
ME-37626,ORD-US-37625,M-010,Burger District,2025-06-02T18:26:24,ready_on_time,16.4,0,True
ME-37627,ORD-US-37626,M-012,Tech Stop,2025-06-02T14:20:42,ready_on_time,10.7,0,True
ME-37628,ORD-US-37627,M-011,Wellness Pharmacy,2025-06-02T09:22:06,ready_on_time,12.1,0,True
ME-37629,ORD-US-37628,M-009,Daily Mart,2025-06-02T15:54:24,ready_on_time,14.4,0,True
ME-37630,ORD-US-37629,M-010,Burger District,2025-06-02T18:15:30,ready_on_time,15.5,0,True
ME-37631,ORD-US-37630,M-010,Burger District,2025-06-02T11:54:12,ready_on_time,19.2,0,True
ME-37632,ORD-US-37631,M-009,Daily Mart,2025-06-02T09:34:30,ready_on_time,14.5,0,True
ME-37633,ORD-US-37632,M-012,Tech Stop,2025-06-02T08:44:00,ready_on_time,14.0,0,True
ME-37634,ORD-US-37633,M-010,Burger District,2025-06-02T20:13:36,ready_on_time,8.6,0,True
ME-37635,ORD-US-37634,M-010,Burger District,2025-06-02T17:23:48,ready_on_time,13.8,0,True
ME-37636,ORD-US-37635,M-011,Wellness Pharmacy,2025-06-02T10:42:00,ready_on_time,7.0,0,True
ME-37637,ORD-US-37636,M-009,Daily Mart,2025-06-02T12:04:12,ready_on_time,14.2,0,True
ME-37638,ORD-US-37637,M-009,Daily Mart,2025-06-02T08:45:24,ready_on_time,5.4,0,True
ME-37639,ORD-US-37638,M-012,Tech Stop,2025-06-02T18:00:42,ready_on_time,15.7,0,True
ME-37640,ORD-US-37639,M-012,Tech Stop,2025-06-02T18:58:06,ready_on_time,13.1,0,True
ME-37641,ORD-US-37640,M-010,Burger District,2025-06-02T16:58:42,ready_on_time,8.7,0,True
ME-37642,ORD-US-37641,M-010,Burger District,2025-06-02T19:58:54,ready_on_time,18.9,0,True
ME-37643,ORD-US-37642,M-009,Daily Mart,2025-06-02T16:21:30,ready_on_time,16.5,0,True
ME-37644,ORD-US-37643,M-011,Wellness Pharmacy,2025-06-02T08:33:42,ready_on_time,13.7,0,True
ME-37645,ORD-US-37644,M-012,Tech Stop,2025-06-02T09:42:24,ready_on_time,12.4,0,True
ME-37646,ORD-US-37645,M-009,Daily Mart,2025-06-02T13:00:12,ready_on_time,20.2,0,True
ME-37647,ORD-US-37646,M-009,Daily Mart,2025-06-02T08:46:12,ready_on_time,11.2,0,True
ME-37648,ORD-US-37647,M-009,Daily Mart,2025-06-02T13:15:24,ready_on_time,15.4,0,True
ME-37649,ORD-US-37648,M-010,Burger District,2025-06-02T18:14:06,ready_on_time,19.1,0,True
ME-37650,ORD-US-37649,M-009,Daily Mart,2025-06-02T12:32:36,ready_on_time,7.6,0,True
ME-37651,ORD-US-37650,M-011,Wellness Pharmacy,2025-06-02T09:00:12,ready_on_time,5.2,0,True
ME-37652,ORD-US-37651,M-011,Wellness Pharmacy,2025-06-02T16:32:54,ready_on_time,17.9,0,True
ME-37653,ORD-US-37652,M-011,Wellness Pharmacy,2025-06-02T18:56:30,ready_on_time,11.5,0,True
ME-37654,ORD-US-37653,M-009,Daily Mart,2025-06-02T10:13:00,ready_on_time,18.0,0,True
ME-37655,ORD-US-37654,M-011,Wellness Pharmacy,2025-06-02T14:08:30,ready_on_time,23.5,0,True
ME-37656,ORD-US-37655,M-009,Daily Mart,2025-06-02T15:22:18,ready_on_time,12.3,0,True
ME-37657,ORD-US-37656,M-002,Crisp & Co.,2025-06-03T13:47:42,ready_on_time,7.7,0,True
ME-37658,ORD-US-37657,M-004,QuickCare Pharmacy,2025-06-03T12:53:54,ready_on_time,18.9,0,True
ME-37659,ORD-US-37658,M-002,Crisp & Co.,2025-06-03T13:59:06,ready_on_time,14.1,0,True
ME-37660,ORD-US-37659,M-003,Pasta Garden,2025-06-03T14:20:06,ready_on_time,20.1,0,True
ME-37661,ORD-US-37660,M-004,QuickCare Pharmacy,2025-06-03T15:36:00,ready_on_time,11.0,0,True
ME-37662,ORD-US-37661,M-001,Green Basket Market,2025-06-03T12:32:12,ready_on_time,7.2,0,True
ME-37663,ORD-US-37662,M-003,Pasta Garden,2025-06-03T21:11:42,ready_on_time,16.7,0,True
ME-37664,ORD-US-37663,M-003,Pasta Garden,2025-06-03T14:08:54,ready_on_time,8.9,0,True
ME-37665,ORD-US-37664,M-002,Crisp & Co.,2025-06-03T14:43:06,ready_on_time,13.1,0,True
ME-37666,ORD-US-37665,M-001,Green Basket Market,2025-06-03T11:19:48,ready_on_time,9.8,0,True
ME-37667,ORD-US-37666,M-004,QuickCare Pharmacy,2025-06-03T13:51:06,ready_on_time,21.1,0,False
ME-37668,ORD-US-37667,M-002,Crisp & Co.,2025-06-03T14:28:24,ready_on_time,8.4,0,True
ME-37669,ORD-US-37668,M-003,Pasta Garden,2025-06-03T10:49:36,ready_on_time,9.6,0,True
ME-37670,ORD-US-37669,M-004,QuickCare Pharmacy,2025-06-03T08:33:00,ready_on_time,8.0,0,True
ME-37671,ORD-US-37670,M-004,QuickCare Pharmacy,2025-06-03T14:10:12,ready_on_time,20.2,0,True
ME-37672,ORD-US-37671,M-003,Pasta Garden,2025-06-03T13:39:12,ready_on_time,14.2,0,True
ME-37673,ORD-US-37672,M-004,QuickCare Pharmacy,2025-06-03T14:37:12,ready_on_time,12.2,0,True
ME-37674,ORD-US-37673,M-004,QuickCare Pharmacy,2025-06-03T18:53:12,ready_on_time,13.2,0,True
ME-37675,ORD-US-37674,M-002,Crisp & Co.,2025-06-03T16:13:48,ready_on_time,13.8,0,True
ME-37676,ORD-US-37675,M-004,QuickCare Pharmacy,2025-06-03T21:03:24,ready_on_time,13.4,0,True
ME-37677,ORD-US-37676,M-004,QuickCare Pharmacy,2025-06-03T14:34:36,ready_on_time,14.6,0,True
ME-37678,ORD-US-37677,M-003,Pasta Garden,2025-06-03T19:05:00,ready_on_time,15.0,0,True
ME-37679,ORD-US-37678,M-002,Crisp & Co.,2025-06-03T20:46:30,ready_on_time,11.5,0,True
ME-37680,ORD-US-37679,M-001,Green Basket Market,2025-06-03T13:05:36,ready_on_time,15.6,0,True
ME-37681,ORD-US-37680,M-004,QuickCare Pharmacy,2025-06-03T16:36:36,ready_on_time,11.6,0,True
ME-37682,ORD-US-37681,M-002,Crisp & Co.,2025-06-03T09:27:06,ready_on_time,7.1,0,True
ME-37683,ORD-US-37682,M-004,QuickCare Pharmacy,2025-06-03T16:17:42,ready_on_time,17.7,0,True
ME-37684,ORD-US-37683,M-004,QuickCare Pharmacy,2025-06-03T19:31:06,ready_on_time,16.1,0,True
ME-37685,ORD-US-37684,M-003,Pasta Garden,2025-06-03T08:20:12,ready_on_time,15.2,0,True
ME-37686,ORD-US-37685,M-004,QuickCare Pharmacy,2025-06-03T10:58:00,ready_on_time,13.0,0,False
ME-37687,ORD-US-37686,M-004,QuickCare Pharmacy,2025-06-03T17:08:24,ready_on_time,8.4,0,True
ME-37688,ORD-US-37687,M-001,Green Basket Market,2025-06-03T08:59:18,ready_on_time,9.3,0,True
ME-37689,ORD-US-37688,M-002,Crisp & Co.,2025-06-03T16:34:42,ready_on_time,14.7,0,True
ME-37690,ORD-US-37689,M-003,Pasta Garden,2025-06-03T08:24:06,ready_on_time,14.1,0,True
ME-37691,ORD-US-37690,M-001,Green Basket Market,2025-06-03T19:39:12,ready_on_time,14.2,0,True
ME-37692,ORD-US-37691,M-004,QuickCare Pharmacy,2025-06-03T13:05:18,ready_on_time,10.3,0,True
ME-37693,ORD-US-37692,M-003,Pasta Garden,2025-06-03T19:30:18,ready_on_time,10.3,0,True
ME-37694,ORD-US-37693,M-001,Green Basket Market,2025-06-03T16:30:06,ready_on_time,15.1,0,True
ME-37695,ORD-US-37694,M-007,Home & Handy,2025-06-03T15:43:48,ready_on_time,18.8,0,True
ME-37696,ORD-US-37695,M-007,Home & Handy,2025-06-03T14:53:00,ready_on_time,18.0,0,True
ME-37697,ORD-US-37696,M-008,Noodle House,2025-06-03T11:37:30,ready_on_time,12.5,0,True
ME-37698,ORD-US-37697,M-006,Fresh Roots Grocery,2025-06-03T14:16:18,ready_on_time,16.3,0,True
ME-37699,ORD-US-37698,M-008,Noodle House,2025-06-03T18:17:18,ready_on_time,22.3,0,True
ME-37700,ORD-US-37699,M-007,Home & Handy,2025-06-03T14:27:36,ready_on_time,12.6,0,True
ME-37701,ORD-US-37700,M-006,Fresh Roots Grocery,2025-06-03T13:32:06,ready_on_time,22.1,0,True
ME-37702,ORD-US-37701,M-005,Corner Table,2025-06-03T17:08:30,ready_on_time,18.5,0,True
ME-37703,ORD-US-37702,M-006,Fresh Roots Grocery,2025-06-03T18:57:36,ready_on_time,17.6,0,True
ME-37704,ORD-US-37703,M-008,Noodle House,2025-06-03T12:19:00,ready_on_time,14.0,0,True
ME-37705,ORD-US-37704,M-005,Corner Table,2025-06-03T10:14:00,ready_on_time,14.0,0,True
ME-37706,ORD-US-37705,M-005,Corner Table,2025-06-03T09:56:30,ready_on_time,16.5,0,False
ME-37707,ORD-US-37706,M-007,Home & Handy,2025-06-03T15:32:00,ready_on_time,17.0,0,True
ME-37708,ORD-US-37707,M-008,Noodle House,2025-06-03T17:44:36,ready_on_time,14.6,0,True
ME-37709,ORD-US-37708,M-007,Home & Handy,2025-06-03T08:28:48,ready_on_time,18.8,0,True
ME-37710,ORD-US-37709,M-008,Noodle House,2025-06-03T16:24:48,ready_on_time,19.8,0,True
ME-37711,ORD-US-37710,M-008,Noodle House,2025-06-03T18:53:06,ready_on_time,18.1,0,True
ME-37712,ORD-US-37711,M-008,Noodle House,2025-06-03T08:55:12,ready_on_time,15.2,0,True
ME-37713,ORD-US-37712,M-005,Corner Table,2025-06-03T11:35:06,ready_on_time,15.1,0,True
ME-37714,ORD-US-37713,M-008,Noodle House,2025-06-03T18:04:06,ready_on_time,24.1,0,True
ME-37715,ORD-US-37714,M-008,Noodle House,2025-06-03T14:06:42,ready_on_time,16.7,0,True
ME-37716,ORD-US-37715,M-005,Corner Table,2025-06-03T16:57:06,ready_on_time,12.1,0,True
ME-37717,ORD-US-37716,M-008,Noodle House,2025-06-03T16:08:48,ready_on_time,13.8,0,True
ME-37718,ORD-US-37717,M-006,Fresh Roots Grocery,2025-06-03T20:51:36,ready_on_time,16.6,0,True
ME-37719,ORD-US-37718,M-005,Corner Table,2025-06-03T09:10:36,ready_on_time,15.6,0,True
ME-37720,ORD-US-37719,M-007,Home & Handy,2025-06-03T10:48:30,ready_on_time,18.5,0,True
ME-37721,ORD-US-37720,M-007,Home & Handy,2025-06-03T09:15:42,ready_on_time,10.7,0,True
ME-37722,ORD-US-37721,M-005,Corner Table,2025-06-03T17:12:12,ready_on_time,7.2,0,True
ME-37723,ORD-US-37722,M-008,Noodle House,2025-06-03T15:14:54,ready_on_time,14.9,0,True
ME-37724,ORD-US-37723,M-006,Fresh Roots Grocery,2025-06-03T19:24:30,ready_on_time,14.5,0,True
ME-37725,ORD-US-37724,M-006,Fresh Roots Grocery,2025-06-03T12:24:42,ready_on_time,24.7,0,True
ME-37726,ORD-US-37725,M-005,Corner Table,2025-06-03T20:54:30,ready_on_time,9.5,0,True
ME-37727,ORD-US-37726,M-006,Fresh Roots Grocery,2025-06-03T12:02:12,ready_on_time,12.2,0,True
ME-37728,ORD-US-37727,M-005,Corner Table,2025-06-03T09:18:06,ready_on_time,13.1,0,True
ME-37729,ORD-US-37728,M-007,Home & Handy,2025-06-03T14:14:30,ready_on_time,4.5,0,True
ME-37730,ORD-US-37729,M-005,Corner Table,2025-06-03T15:16:06,ready_on_time,16.1,0,True
ME-37731,ORD-US-37730,M-007,Home & Handy,2025-06-03T10:57:06,ready_on_time,17.1,0,True
ME-37732,ORD-US-37731,M-006,Fresh Roots Grocery,2025-06-03T10:46:54,ready_on_time,11.9,0,True
ME-37733,ORD-US-37732,M-007,Home & Handy,2025-06-03T19:07:06,ready_on_time,7.1,0,True
ME-37734,ORD-US-37733,M-008,Noodle House,2025-06-03T16:06:42,ready_on_time,6.7,0,True
ME-37735,ORD-US-37734,M-008,Noodle House,2025-06-03T11:12:42,ready_on_time,12.7,0,True
ME-37736,ORD-US-37735,M-011,Wellness Pharmacy,2025-06-03T13:55:30,ready_on_time,15.5,0,True
ME-37737,ORD-US-37736,M-012,Tech Stop,2025-06-03T19:23:12,ready_on_time,13.2,0,True
ME-37738,ORD-US-37737,M-009,Daily Mart,2025-06-03T08:36:36,ready_on_time,11.6,0,True
ME-37739,ORD-US-37738,M-012,Tech Stop,2025-06-03T08:43:36,ready_on_time,8.6,0,True
ME-37740,ORD-US-37739,M-011,Wellness Pharmacy,2025-06-03T11:30:00,ready_on_time,15.0,0,True
ME-37741,ORD-US-37740,M-012,Tech Stop,2025-06-03T14:42:12,ready_on_time,17.2,0,True
ME-37742,ORD-US-37741,M-010,Burger District,2025-06-03T20:11:18,ready_on_time,11.3,0,True
ME-37743,ORD-US-37742,M-009,Daily Mart,2025-06-03T10:33:12,ready_on_time,13.2,0,True
ME-37744,ORD-US-37743,M-012,Tech Stop,2025-06-03T18:51:48,ready_on_time,11.8,0,True
ME-37745,ORD-US-37744,M-010,Burger District,2025-06-03T10:24:18,ready_on_time,14.3,0,True
ME-37746,ORD-US-37745,M-010,Burger District,2025-06-03T09:21:12,ready_on_time,6.2,0,True
ME-37747,ORD-US-37746,M-010,Burger District,2025-06-03T18:23:42,ready_on_time,18.7,0,False
ME-37748,ORD-US-37747,M-011,Wellness Pharmacy,2025-06-03T15:21:30,ready_on_time,16.5,0,True
ME-37749,ORD-US-37748,M-012,Tech Stop,2025-06-03T14:57:48,ready_on_time,7.8,0,True
ME-37750,ORD-US-37749,M-011,Wellness Pharmacy,2025-06-03T20:54:12,ready_on_time,19.2,0,True
ME-37751,ORD-US-37750,M-012,Tech Stop,2025-06-03T14:26:36,ready_on_time,16.6,0,True
ME-37752,ORD-US-37751,M-010,Burger District,2025-06-03T13:53:24,ready_on_time,8.4,0,True
ME-37753,ORD-US-37752,M-012,Tech Stop,2025-06-03T13:00:24,ready_on_time,15.4,0,True
ME-37754,ORD-US-37753,M-011,Wellness Pharmacy,2025-06-03T17:23:00,ready_on_time,18.0,0,True
ME-37755,ORD-US-37754,M-011,Wellness Pharmacy,2025-06-03T18:38:36,ready_on_time,13.6,0,True
ME-37756,ORD-US-37755,M-009,Daily Mart,2025-06-03T09:51:06,ready_on_time,6.1,0,True
ME-37757,ORD-US-37756,M-011,Wellness Pharmacy,2025-06-03T11:12:12,ready_on_time,22.2,0,True
ME-37758,ORD-US-37757,M-012,Tech Stop,2025-06-03T17:49:18,ready_on_time,19.3,0,True
ME-37759,ORD-US-37758,M-012,Tech Stop,2025-06-03T10:10:36,ready_on_time,10.6,0,True
ME-37760,ORD-US-37759,M-011,Wellness Pharmacy,2025-06-03T09:40:18,ready_on_time,20.3,0,True
ME-37761,ORD-US-37760,M-010,Burger District,2025-06-03T17:38:30,ready_on_time,8.5,0,True
ME-37762,ORD-US-37761,M-011,Wellness Pharmacy,2025-06-03T10:58:36,ready_on_time,13.6,0,True
ME-37763,ORD-US-37762,M-012,Tech Stop,2025-06-03T20:16:42,ready_on_time,6.7,0,True
ME-37764,ORD-US-37763,M-009,Daily Mart,2025-06-03T16:33:24,ready_on_time,8.4,0,True
ME-37765,ORD-US-37764,M-009,Daily Mart,2025-06-03T20:08:48,ready_on_time,13.8,0,True
ME-37766,ORD-US-37765,M-012,Tech Stop,2025-06-03T12:15:36,ready_on_time,15.6,0,True
ME-37767,ORD-US-37766,M-011,Wellness Pharmacy,2025-06-03T09:18:42,ready_on_time,18.7,0,True
ME-37768,ORD-US-37767,M-011,Wellness Pharmacy,2025-06-03T19:33:48,ready_on_time,18.8,0,False
ME-37769,ORD-US-37768,M-009,Daily Mart,2025-06-03T13:43:54,ready_on_time,18.9,0,True
ME-37770,ORD-US-37769,M-009,Daily Mart,2025-06-03T12:14:00,ready_on_time,4.0,0,True
ME-37771,ORD-US-37770,M-011,Wellness Pharmacy,2025-06-03T10:51:54,ready_on_time,21.9,0,True
ME-37772,ORD-US-37771,M-011,Wellness Pharmacy,2025-06-03T10:03:06,ready_on_time,13.1,0,True
ME-37773,ORD-US-37772,M-012,Tech Stop,2025-06-03T14:13:00,ready_on_time,23.0,0,True
ME-37774,ORD-US-37773,M-011,Wellness Pharmacy,2025-06-03T16:34:30,ready_on_time,14.5,0,True
ME-37775,ORD-US-37774,M-004,QuickCare Pharmacy,2025-06-04T11:41:30,ready_on_time,6.5,0,True
ME-37776,ORD-US-37775,M-004,QuickCare Pharmacy,2025-06-04T13:55:36,ready_on_time,10.6,0,True
ME-37777,ORD-US-37776,M-003,Pasta Garden,2025-06-04T20:44:18,ready_on_time,9.3,0,True
ME-37778,ORD-US-37777,M-003,Pasta Garden,2025-06-04T13:15:30,ready_on_time,20.5,0,True
ME-37779,ORD-US-37778,M-001,Green Basket Market,2025-06-04T08:29:06,ready_on_time,9.1,0,True
ME-37780,ORD-US-37779,M-001,Green Basket Market,2025-06-04T19:26:36,ready_on_time,21.6,0,True
ME-37781,ORD-US-37780,M-004,QuickCare Pharmacy,2025-06-04T10:05:54,ready_on_time,15.9,0,True
ME-37782,ORD-US-37781,M-001,Green Basket Market,2025-06-04T17:32:54,ready_on_time,12.9,0,True
ME-37783,ORD-US-37782,M-004,QuickCare Pharmacy,2025-06-04T14:02:24,ready_on_time,7.4,0,True
ME-37784,ORD-US-37783,M-002,Crisp & Co.,2025-06-04T20:15:48,ready_on_time,15.8,0,True
ME-37785,ORD-US-37784,M-001,Green Basket Market,2025-06-04T15:15:30,ready_on_time,20.5,0,True
ME-37786,ORD-US-37785,M-003,Pasta Garden,2025-06-04T18:23:54,ready_on_time,13.9,0,True
ME-37787,ORD-US-37786,M-002,Crisp & Co.,2025-06-04T14:00:18,ready_on_time,5.3,0,True
ME-37788,ORD-US-37787,M-003,Pasta Garden,2025-06-04T17:39:06,ready_on_time,14.1,0,True
ME-37789,ORD-US-37788,M-003,Pasta Garden,2025-06-04T18:06:12,ready_on_time,11.2,0,True
ME-37790,ORD-US-37789,M-004,QuickCare Pharmacy,2025-06-04T12:49:18,ready_on_time,9.3,0,True
ME-37791,ORD-US-37790,M-003,Pasta Garden,2025-06-04T21:11:36,ready_on_time,21.6,0,True
ME-37792,ORD-US-37791,M-002,Crisp & Co.,2025-06-04T15:05:06,ready_on_time,20.1,0,True
ME-37793,ORD-US-37792,M-003,Pasta Garden,2025-06-04T10:49:30,ready_on_time,14.5,0,False
ME-37794,ORD-US-37793,M-004,QuickCare Pharmacy,2025-06-04T08:52:36,ready_on_time,7.6,0,True
ME-37795,ORD-US-37794,M-003,Pasta Garden,2025-06-04T14:58:12,ready_on_time,13.2,0,True
ME-37796,ORD-US-37795,M-002,Crisp & Co.,2025-06-04T20:48:24,ready_on_time,13.4,0,True
ME-37797,ORD-US-37796,M-002,Crisp & Co.,2025-06-04T08:24:06,ready_on_time,19.1,0,True
ME-37798,ORD-US-37797,M-001,Green Basket Market,2025-06-04T13:27:36,ready_on_time,12.6,0,True
ME-37799,ORD-US-37798,M-001,Green Basket Market,2025-06-04T12:55:36,ready_on_time,15.6,0,True
ME-37800,ORD-US-37799,M-002,Crisp & Co.,2025-06-04T15:36:00,ready_on_time,11.0,0,True
ME-37801,ORD-US-37800,M-003,Pasta Garden,2025-06-04T16:29:30,ready_on_time,19.5,0,True
ME-37802,ORD-US-37801,M-004,QuickCare Pharmacy,2025-06-04T08:53:48,ready_on_time,8.8,0,True
ME-37803,ORD-US-37802,M-004,QuickCare Pharmacy,2025-06-04T11:14:48,ready_on_time,14.8,0,True
ME-37804,ORD-US-37803,M-003,Pasta Garden,2025-06-04T19:28:06,ready_on_time,13.1,0,True
ME-37805,ORD-US-37804,M-001,Green Basket Market,2025-06-04T12:28:00,ready_on_time,13.0,0,True
ME-37806,ORD-US-37805,M-003,Pasta Garden,2025-06-04T18:20:36,ready_on_time,10.6,0,True
ME-37807,ORD-US-37806,M-001,Green Basket Market,2025-06-04T11:25:18,ready_on_time,10.3,0,True
ME-37808,ORD-US-37807,M-004,QuickCare Pharmacy,2025-06-04T11:49:36,ready_on_time,14.6,0,True
ME-37809,ORD-US-37808,M-002,Crisp & Co.,2025-06-04T12:24:18,ready_on_time,9.3,0,True
ME-37810,ORD-US-37809,M-004,QuickCare Pharmacy,2025-06-04T19:53:18,ready_on_time,13.3,0,True
ME-37811,ORD-US-37810,M-003,Pasta Garden,2025-06-04T19:50:12,ready_on_time,20.2,0,True
ME-37812,ORD-US-37811,M-001,Green Basket Market,2025-06-04T18:37:42,ready_on_time,7.7,0,True
ME-37813,ORD-US-37812,M-001,Green Basket Market,2025-06-04T17:56:06,ready_on_time,11.1,0,True
ME-37814,ORD-US-37813,M-006,Fresh Roots Grocery,2025-06-04T11:27:42,ready_on_time,17.7,0,True
ME-37815,ORD-US-37814,M-007,Home & Handy,2025-06-04T16:01:00,ready_on_time,6.0,0,True
ME-37816,ORD-US-37815,M-007,Home & Handy,2025-06-04T13:58:42,ready_on_time,18.7,0,True
ME-37817,ORD-US-37816,M-008,Noodle House,2025-06-04T13:40:18,ready_on_time,15.3,0,True
ME-37818,ORD-US-37817,M-007,Home & Handy,2025-06-04T12:06:00,ready_on_time,16.0,0,True
ME-37819,ORD-US-37818,M-007,Home & Handy,2025-06-04T11:34:54,ready_on_time,14.9,0,True
ME-37820,ORD-US-37819,M-007,Home & Handy,2025-06-04T18:03:30,ready_on_time,3.5,0,True
ME-37821,ORD-US-37820,M-005,Corner Table,2025-06-04T15:06:30,ready_on_time,16.5,0,True
ME-37822,ORD-US-37821,M-006,Fresh Roots Grocery,2025-06-04T20:17:36,ready_on_time,12.6,0,True
ME-37823,ORD-US-37822,M-007,Home & Handy,2025-06-04T20:12:42,ready_on_time,12.7,0,True
ME-37824,ORD-US-37823,M-008,Noodle House,2025-06-04T19:03:42,ready_on_time,8.7,0,True
ME-37825,ORD-US-37824,M-008,Noodle House,2025-06-04T14:45:00,ready_on_time,10.0,0,True
ME-37826,ORD-US-37825,M-006,Fresh Roots Grocery,2025-06-04T12:14:18,ready_on_time,19.3,0,True
ME-37827,ORD-US-37826,M-007,Home & Handy,2025-06-04T18:14:48,ready_on_time,9.8,0,True
ME-37828,ORD-US-37827,M-008,Noodle House,2025-06-04T16:52:36,ready_on_time,12.6,0,True
ME-37829,ORD-US-37828,M-007,Home & Handy,2025-06-04T14:29:06,ready_on_time,14.1,0,True
ME-37830,ORD-US-37829,M-008,Noodle House,2025-06-04T17:15:18,ready_on_time,10.3,0,True
ME-37831,ORD-US-37830,M-005,Corner Table,2025-06-04T19:54:12,ready_on_time,14.2,0,True
ME-37832,ORD-US-37831,M-007,Home & Handy,2025-06-04T11:56:48,ready_on_time,16.8,0,True
ME-37833,ORD-US-37832,M-007,Home & Handy,2025-06-04T14:58:06,ready_on_time,13.1,0,True
ME-37834,ORD-US-37833,M-007,Home & Handy,2025-06-04T20:17:18,ready_on_time,12.3,0,True
ME-37835,ORD-US-37834,M-006,Fresh Roots Grocery,2025-06-04T12:45:42,ready_on_time,15.7,0,True
ME-37836,ORD-US-37835,M-006,Fresh Roots Grocery,2025-06-04T19:00:48,ready_on_time,15.8,0,True
ME-37837,ORD-US-37836,M-008,Noodle House,2025-06-04T09:34:00,ready_on_time,9.0,0,True
ME-37838,ORD-US-37837,M-005,Corner Table,2025-06-04T12:14:24,ready_on_time,14.4,0,True
ME-37839,ORD-US-37838,M-006,Fresh Roots Grocery,2025-06-04T20:54:48,ready_on_time,9.8,0,True
ME-37840,ORD-US-37839,M-005,Corner Table,2025-06-04T15:29:12,ready_on_time,14.2,0,True
ME-37841,ORD-US-37840,M-008,Noodle House,2025-06-04T12:32:06,ready_on_time,7.1,0,True
ME-37842,ORD-US-37841,M-007,Home & Handy,2025-06-04T15:15:00,ready_on_time,20.0,0,True
ME-37843,ORD-US-37842,M-007,Home & Handy,2025-06-04T20:14:54,ready_on_time,9.9,0,True
ME-37844,ORD-US-37843,M-007,Home & Handy,2025-06-04T16:03:24,ready_on_time,13.4,0,True
ME-37845,ORD-US-37844,M-007,Home & Handy,2025-06-04T10:18:54,ready_on_time,13.9,0,True
ME-37846,ORD-US-37845,M-006,Fresh Roots Grocery,2025-06-04T21:01:36,ready_on_time,16.6,0,True
ME-37847,ORD-US-37846,M-005,Corner Table,2025-06-04T08:32:30,ready_on_time,12.5,0,True
ME-37848,ORD-US-37847,M-006,Fresh Roots Grocery,2025-06-04T14:41:12,ready_on_time,16.2,0,True
ME-37849,ORD-US-37848,M-005,Corner Table,2025-06-04T11:35:30,ready_on_time,15.5,0,True
ME-37850,ORD-US-37849,M-006,Fresh Roots Grocery,2025-06-04T12:12:00,ready_on_time,17.0,0,True
ME-37851,ORD-US-37850,M-008,Noodle House,2025-06-04T08:21:48,ready_on_time,11.8,0,True
ME-37852,ORD-US-37851,M-006,Fresh Roots Grocery,2025-06-04T16:03:54,ready_on_time,18.9,0,True
ME-37853,ORD-US-37852,M-010,Burger District,2025-06-04T09:35:06,ready_on_time,20.1,0,True
ME-37854,ORD-US-37853,M-012,Tech Stop,2025-06-04T09:46:42,ready_on_time,21.7,0,True
ME-37855,ORD-US-37854,M-012,Tech Stop,2025-06-04T08:30:42,ready_on_time,5.7,0,True
ME-37856,ORD-US-37855,M-011,Wellness Pharmacy,2025-06-04T15:36:24,ready_on_time,16.4,0,True
ME-37857,ORD-US-37856,M-009,Daily Mart,2025-06-04T11:28:00,ready_on_time,13.0,0,True
ME-37858,ORD-US-37857,M-010,Burger District,2025-06-04T11:50:36,ready_on_time,15.6,0,True
ME-37859,ORD-US-37858,M-009,Daily Mart,2025-06-04T16:23:42,ready_on_time,18.7,0,True
ME-37860,ORD-US-37859,M-012,Tech Stop,2025-06-04T12:12:30,ready_on_time,12.5,0,True
ME-37861,ORD-US-37860,M-011,Wellness Pharmacy,2025-06-04T17:55:30,ready_on_time,5.5,0,True
ME-37862,ORD-US-37861,M-010,Burger District,2025-06-04T10:30:24,ready_on_time,10.4,0,True
ME-37863,ORD-US-37862,M-011,Wellness Pharmacy,2025-06-04T10:06:18,ready_on_time,11.3,0,True
ME-37864,ORD-US-37863,M-010,Burger District,2025-06-04T20:48:42,ready_on_time,8.7,0,True
ME-37865,ORD-US-37864,M-011,Wellness Pharmacy,2025-06-04T12:40:18,ready_on_time,10.3,0,True
ME-37866,ORD-US-37865,M-011,Wellness Pharmacy,2025-06-04T19:12:48,ready_on_time,17.8,0,True
ME-37867,ORD-US-37866,M-009,Daily Mart,2025-06-04T18:24:42,ready_on_time,9.7,0,True
ME-37868,ORD-US-37867,M-012,Tech Stop,2025-06-04T17:14:42,ready_on_time,9.7,0,True
ME-37869,ORD-US-37868,M-011,Wellness Pharmacy,2025-06-04T08:44:12,ready_on_time,4.2,0,True
ME-37870,ORD-US-37869,M-009,Daily Mart,2025-06-04T08:21:36,ready_on_time,21.6,0,True
ME-37871,ORD-US-37870,M-011,Wellness Pharmacy,2025-06-04T16:47:24,ready_on_time,12.4,0,True
ME-37872,ORD-US-37871,M-011,Wellness Pharmacy,2025-06-04T13:35:18,ready_on_time,10.3,0,True
ME-37873,ORD-US-37872,M-012,Tech Stop,2025-06-04T13:34:30,ready_on_time,14.5,0,True
ME-37874,ORD-US-37873,M-010,Burger District,2025-06-04T16:04:30,ready_on_time,14.5,0,True
ME-37875,ORD-US-37874,M-011,Wellness Pharmacy,2025-06-04T20:39:42,ready_on_time,14.7,0,True
ME-37876,ORD-US-37875,M-011,Wellness Pharmacy,2025-06-04T14:34:06,ready_on_time,19.1,0,True
ME-37877,ORD-US-37876,M-010,Burger District,2025-06-04T20:20:18,ready_on_time,20.3,0,True
ME-37878,ORD-US-37877,M-010,Burger District,2025-06-04T15:25:00,ready_on_time,10.0,0,True
ME-37879,ORD-US-37878,M-009,Daily Mart,2025-06-04T09:36:36,ready_on_time,21.6,0,True
ME-37880,ORD-US-37879,M-011,Wellness Pharmacy,2025-06-04T20:24:24,ready_on_time,14.4,0,True
ME-37881,ORD-US-37880,M-009,Daily Mart,2025-06-04T09:06:12,ready_on_time,21.2,0,True
ME-37882,ORD-US-37881,M-011,Wellness Pharmacy,2025-06-04T10:29:18,ready_on_time,19.3,0,True
ME-37883,ORD-US-37882,M-010,Burger District,2025-06-04T10:27:18,ready_on_time,12.3,0,True
ME-37884,ORD-US-37883,M-011,Wellness Pharmacy,2025-06-04T17:02:24,ready_on_time,22.4,0,True
ME-37885,ORD-US-37884,M-010,Burger District,2025-06-04T09:56:24,ready_on_time,16.4,0,True
ME-37886,ORD-US-37885,M-009,Daily Mart,2025-06-04T13:19:24,ready_on_time,14.4,0,True
ME-37887,ORD-US-37886,M-011,Wellness Pharmacy,2025-06-04T08:23:00,ready_on_time,18.0,0,True
ME-37888,ORD-US-37887,M-011,Wellness Pharmacy,2025-06-04T17:25:00,ready_on_time,20.0,0,True
ME-37889,ORD-US-37888,M-012,Tech Stop,2025-06-04T09:11:18,ready_on_time,11.3,0,True
ME-37890,ORD-US-37889,M-010,Burger District,2025-06-04T15:54:12,ready_on_time,9.2,0,True
ME-37891,ORD-US-37890,M-004,QuickCare Pharmacy,2025-06-05T08:18:54,ready_on_time,18.9,0,True
ME-37892,ORD-US-37891,M-004,QuickCare Pharmacy,2025-06-05T09:06:06,ready_on_time,11.1,0,True
ME-37893,ORD-US-37892,M-002,Crisp & Co.,2025-06-05T16:27:54,ready_on_time,22.9,0,True
ME-37894,ORD-US-37893,M-001,Green Basket Market,2025-06-05T10:35:36,ready_on_time,15.6,0,True
ME-37895,ORD-US-37894,M-004,QuickCare Pharmacy,2025-06-05T11:58:12,ready_on_time,13.2,0,True
ME-37896,ORD-US-37895,M-002,Crisp & Co.,2025-06-05T11:21:00,ready_on_time,16.0,0,True
ME-37897,ORD-US-37896,M-004,QuickCare Pharmacy,2025-06-05T15:04:30,ready_on_time,9.5,0,True
ME-37898,ORD-US-37897,M-003,Pasta Garden,2025-06-05T18:24:12,ready_on_time,14.2,0,True
ME-37899,ORD-US-37898,M-004,QuickCare Pharmacy,2025-06-05T18:48:12,ready_on_time,8.2,0,True
ME-37900,ORD-US-37899,M-003,Pasta Garden,2025-06-05T14:26:00,ready_on_time,16.0,0,True
ME-37901,ORD-US-37900,M-002,Crisp & Co.,2025-06-05T16:55:18,ready_on_time,20.3,0,True
ME-37902,ORD-US-37901,M-001,Green Basket Market,2025-06-05T09:41:48,ready_on_time,6.8,0,True
ME-37903,ORD-US-37902,M-002,Crisp & Co.,2025-06-05T13:10:18,ready_on_time,10.3,0,False
ME-37904,ORD-US-37903,M-001,Green Basket Market,2025-06-05T10:51:54,ready_on_time,21.9,0,True
ME-37905,ORD-US-37904,M-001,Green Basket Market,2025-06-05T13:13:36,ready_on_time,18.6,0,True
ME-37906,ORD-US-37905,M-003,Pasta Garden,2025-06-05T14:03:18,ready_on_time,13.3,0,True
ME-37907,ORD-US-37906,M-001,Green Basket Market,2025-06-05T16:43:30,ready_on_time,8.5,0,True
ME-37908,ORD-US-37907,M-004,QuickCare Pharmacy,2025-06-05T18:06:54,ready_on_time,11.9,0,True
ME-37909,ORD-US-37908,M-003,Pasta Garden,2025-06-05T18:21:12,ready_on_time,16.2,0,True
ME-37910,ORD-US-37909,M-002,Crisp & Co.,2025-06-05T20:01:30,ready_on_time,11.5,0,True
ME-37911,ORD-US-37910,M-003,Pasta Garden,2025-06-05T10:52:06,ready_on_time,22.1,0,True
ME-37912,ORD-US-37911,M-004,QuickCare Pharmacy,2025-06-05T10:12:42,ready_on_time,12.7,0,True
ME-37913,ORD-US-37912,M-002,Crisp & Co.,2025-06-05T13:25:12,ready_on_time,15.2,0,True
ME-37914,ORD-US-37913,M-002,Crisp & Co.,2025-06-05T16:01:36,ready_on_time,16.6,0,True
ME-37915,ORD-US-37914,M-001,Green Basket Market,2025-06-05T19:45:54,ready_on_time,5.9,0,True
ME-37916,ORD-US-37915,M-001,Green Basket Market,2025-06-05T14:15:30,ready_on_time,10.5,0,True
ME-37917,ORD-US-37916,M-003,Pasta Garden,2025-06-05T13:44:06,ready_on_time,9.1,0,True
ME-37918,ORD-US-37917,M-002,Crisp & Co.,2025-06-05T11:48:36,ready_on_time,13.6,0,True
ME-37919,ORD-US-37918,M-001,Green Basket Market,2025-06-05T19:55:30,ready_on_time,10.5,0,True
ME-37920,ORD-US-37919,M-004,QuickCare Pharmacy,2025-06-05T10:34:30,ready_on_time,9.5,0,True
ME-37921,ORD-US-37920,M-001,Green Basket Market,2025-06-05T19:33:24,ready_on_time,13.4,0,True
ME-37922,ORD-US-37921,M-003,Pasta Garden,2025-06-05T19:05:24,ready_on_time,15.4,0,True
ME-37923,ORD-US-37922,M-002,Crisp & Co.,2025-06-05T11:26:42,ready_on_time,11.7,0,True
ME-37924,ORD-US-37923,M-003,Pasta Garden,2025-06-05T20:31:18,ready_on_time,16.3,0,True
ME-37925,ORD-US-37924,M-002,Crisp & Co.,2025-06-05T18:54:12,ready_on_time,9.2,0,True
ME-37926,ORD-US-37925,M-002,Crisp & Co.,2025-06-05T14:13:48,ready_on_time,13.8,0,True
ME-37927,ORD-US-37926,M-003,Pasta Garden,2025-06-05T13:17:18,ready_on_time,12.3,0,True
ME-37928,ORD-US-37927,M-001,Green Basket Market,2025-06-05T15:21:48,ready_on_time,21.8,0,True
ME-37929,ORD-US-37928,M-002,Crisp & Co.,2025-06-05T14:40:48,ready_on_time,15.8,0,True
ME-37930,ORD-US-37929,M-004,QuickCare Pharmacy,2025-06-05T15:06:42,ready_on_time,16.7,0,True
ME-37931,ORD-US-37930,M-006,Fresh Roots Grocery,2025-06-05T15:27:06,ready_on_time,17.1,0,True
ME-37932,ORD-US-37931,M-005,Corner Table,2025-06-05T12:43:42,ready_on_time,13.7,0,True
ME-37933,ORD-US-37932,M-007,Home & Handy,2025-06-05T11:30:00,ready_on_time,10.0,0,True
ME-37934,ORD-US-37933,M-005,Corner Table,2025-06-05T13:16:00,ready_on_time,16.0,0,True
ME-37935,ORD-US-37934,M-008,Noodle House,2025-06-05T09:17:48,ready_on_time,12.8,0,True
ME-37936,ORD-US-37935,M-005,Corner Table,2025-06-05T18:07:30,ready_on_time,17.5,0,True
ME-37937,ORD-US-37936,M-008,Noodle House,2025-06-05T19:29:18,ready_on_time,9.3,0,True
ME-37938,ORD-US-37937,M-006,Fresh Roots Grocery,2025-06-05T08:23:18,ready_on_time,13.3,0,True
ME-37939,ORD-US-37938,M-006,Fresh Roots Grocery,2025-06-05T15:24:42,ready_on_time,14.7,0,True
ME-37940,ORD-US-37939,M-005,Corner Table,2025-06-05T20:31:24,ready_on_time,11.4,0,True
ME-37941,ORD-US-37940,M-008,Noodle House,2025-06-05T18:42:30,ready_on_time,17.5,0,True
ME-37942,ORD-US-37941,M-007,Home & Handy,2025-06-05T08:28:48,ready_on_time,13.8,0,True
ME-37943,ORD-US-37942,M-007,Home & Handy,2025-06-05T13:35:42,ready_on_time,15.7,0,True
ME-37944,ORD-US-37943,M-006,Fresh Roots Grocery,2025-06-05T12:33:54,ready_on_time,13.9,0,True
ME-37945,ORD-US-37944,M-007,Home & Handy,2025-06-05T20:13:48,ready_on_time,13.8,0,True
ME-37946,ORD-US-37945,M-008,Noodle House,2025-06-05T18:37:30,ready_on_time,12.5,0,True
ME-37947,ORD-US-37946,M-008,Noodle House,2025-06-05T20:52:12,ready_on_time,7.2,0,True
ME-37948,ORD-US-37947,M-006,Fresh Roots Grocery,2025-06-05T18:32:00,ready_on_time,12.0,0,True
ME-37949,ORD-US-37948,M-005,Corner Table,2025-06-05T14:49:18,ready_on_time,14.3,0,True
ME-37950,ORD-US-37949,M-006,Fresh Roots Grocery,2025-06-05T17:57:00,ready_on_time,17.0,0,True
ME-37951,ORD-US-37950,M-007,Home & Handy,2025-06-05T20:56:48,ready_on_time,11.8,0,True
ME-37952,ORD-US-37951,M-008,Noodle House,2025-06-05T09:52:54,ready_on_time,17.9,0,True
ME-37953,ORD-US-37952,M-008,Noodle House,2025-06-05T10:27:36,ready_on_time,12.6,0,True
ME-37954,ORD-US-37953,M-007,Home & Handy,2025-06-05T19:46:48,ready_on_time,11.8,0,True
ME-37955,ORD-US-37954,M-007,Home & Handy,2025-06-05T13:20:06,ready_on_time,15.1,0,True
ME-37956,ORD-US-37955,M-008,Noodle House,2025-06-05T14:44:30,ready_on_time,9.5,0,True
ME-37957,ORD-US-37956,M-008,Noodle House,2025-06-05T09:06:24,ready_on_time,6.4,0,True
ME-37958,ORD-US-37957,M-008,Noodle House,2025-06-05T10:25:12,ready_on_time,20.2,0,True
ME-37959,ORD-US-37958,M-008,Noodle House,2025-06-05T10:35:24,ready_on_time,10.4,0,True
ME-37960,ORD-US-37959,M-007,Home & Handy,2025-06-05T18:34:54,ready_on_time,14.9,0,True
ME-37961,ORD-US-37960,M-005,Corner Table,2025-06-05T20:57:42,ready_on_time,17.7,0,True
ME-37962,ORD-US-37961,M-008,Noodle House,2025-06-05T10:34:12,ready_on_time,14.2,0,True
ME-37963,ORD-US-37962,M-007,Home & Handy,2025-06-05T08:25:12,ready_on_time,15.2,0,True
ME-37964,ORD-US-37963,M-006,Fresh Roots Grocery,2025-06-05T09:39:12,ready_on_time,19.2,0,True
ME-37965,ORD-US-37964,M-005,Corner Table,2025-06-05T13:07:54,ready_on_time,22.9,0,True
ME-37966,ORD-US-37965,M-006,Fresh Roots Grocery,2025-06-05T20:10:24,ready_on_time,10.4,0,True
ME-37967,ORD-US-37966,M-006,Fresh Roots Grocery,2025-06-05T13:19:54,ready_on_time,9.9,0,True
ME-37968,ORD-US-37967,M-006,Fresh Roots Grocery,2025-06-05T15:07:54,ready_on_time,12.9,0,True
ME-37969,ORD-US-37968,M-007,Home & Handy,2025-06-05T13:45:00,ready_on_time,15.0,0,True
ME-37970,ORD-US-37969,M-005,Corner Table,2025-06-05T20:13:48,ready_on_time,8.8,0,True
ME-37971,ORD-US-37970,M-008,Noodle House,2025-06-05T17:01:36,ready_on_time,11.6,0,True
ME-37972,ORD-US-37971,M-007,Home & Handy,2025-06-05T15:53:00,ready_on_time,8.0,0,True
ME-37973,ORD-US-37972,M-008,Noodle House,2025-06-05T14:21:06,ready_on_time,11.1,0,True
ME-37974,ORD-US-37973,M-007,Home & Handy,2025-06-05T20:05:54,ready_on_time,15.9,0,True
ME-37975,ORD-US-37974,M-005,Corner Table,2025-06-05T12:53:30,ready_on_time,18.5,0,True
ME-37976,ORD-US-37975,M-009,Daily Mart,2025-06-05T21:01:36,ready_on_time,11.6,0,True
ME-37977,ORD-US-37976,M-012,Tech Stop,2025-06-05T20:16:18,ready_on_time,16.3,0,True
ME-37978,ORD-US-37977,M-009,Daily Mart,2025-06-05T15:34:24,ready_on_time,9.4,0,True
ME-37979,ORD-US-37978,M-009,Daily Mart,2025-06-05T19:59:00,ready_on_time,14.0,0,True
ME-37980,ORD-US-37979,M-011,Wellness Pharmacy,2025-06-05T14:53:00,ready_on_time,13.0,0,True
ME-37981,ORD-US-37980,M-010,Burger District,2025-06-05T15:14:54,ready_on_time,9.9,0,True
ME-37982,ORD-US-37981,M-012,Tech Stop,2025-06-05T16:49:24,ready_on_time,19.4,0,True
ME-37983,ORD-US-37982,M-010,Burger District,2025-06-05T16:52:00,ready_on_time,17.0,0,True
ME-37984,ORD-US-37983,M-012,Tech Stop,2025-06-05T18:29:30,ready_on_time,19.5,0,True
ME-37985,ORD-US-37984,M-010,Burger District,2025-06-05T10:14:48,ready_on_time,14.8,0,True
ME-37986,ORD-US-37985,M-012,Tech Stop,2025-06-05T18:40:18,ready_on_time,15.3,0,True
ME-37987,ORD-US-37986,M-010,Burger District,2025-06-05T08:49:24,ready_on_time,9.4,0,True
ME-37988,ORD-US-37987,M-011,Wellness Pharmacy,2025-06-05T12:27:00,ready_on_time,17.0,0,True
ME-37989,ORD-US-37988,M-009,Daily Mart,2025-06-05T16:01:12,ready_on_time,16.2,0,True
ME-37990,ORD-US-37989,M-010,Burger District,2025-06-05T19:32:18,ready_on_time,17.3,0,True
ME-37991,ORD-US-37990,M-010,Burger District,2025-06-05T14:30:18,ready_on_time,15.3,0,True
ME-37992,ORD-US-37991,M-010,Burger District,2025-06-05T11:33:00,ready_on_time,13.0,0,True
ME-37993,ORD-US-37992,M-010,Burger District,2025-06-05T16:46:48,ready_on_time,16.8,0,True
ME-37994,ORD-US-37993,M-009,Daily Mart,2025-06-05T16:39:48,ready_on_time,19.8,0,True
ME-37995,ORD-US-37994,M-012,Tech Stop,2025-06-05T08:22:36,ready_on_time,7.6,0,True
ME-37996,ORD-US-37995,M-009,Daily Mart,2025-06-05T16:22:12,ready_on_time,17.2,0,True
ME-37997,ORD-US-37996,M-012,Tech Stop,2025-06-05T11:11:54,ready_on_time,11.9,0,True
ME-37998,ORD-US-37997,M-012,Tech Stop,2025-06-05T17:26:06,ready_on_time,21.1,0,True
ME-37999,ORD-US-37998,M-009,Daily Mart,2025-06-05T10:53:06,ready_on_time,18.1,0,True
ME-38000,ORD-US-37999,M-011,Wellness Pharmacy,2025-06-05T13:22:54,ready_on_time,12.9,0,True
ME-38001,ORD-US-38000,M-010,Burger District,2025-06-05T17:40:00,ready_on_time,15.0,0,True
ME-38002,ORD-US-38001,M-011,Wellness Pharmacy,2025-06-05T10:59:36,ready_on_time,14.6,0,True
ME-38003,ORD-US-38002,M-010,Burger District,2025-06-05T18:42:30,ready_on_time,17.5,0,True
ME-38004,ORD-US-38003,M-012,Tech Stop,2025-06-05T20:37:06,ready_on_time,17.1,0,True
ME-38005,ORD-US-38004,M-011,Wellness Pharmacy,2025-06-05T17:41:24,ready_on_time,11.4,0,True
ME-38006,ORD-US-38005,M-010,Burger District,2025-06-05T19:28:24,ready_on_time,18.4,0,True
ME-38007,ORD-US-38006,M-011,Wellness Pharmacy,2025-06-05T15:27:00,ready_on_time,7.0,0,False
ME-38008,ORD-US-38007,M-011,Wellness Pharmacy,2025-06-05T09:42:54,ready_on_time,12.9,0,True
ME-38009,ORD-US-38008,M-012,Tech Stop,2025-06-05T19:01:36,ready_on_time,16.6,0,True
ME-38010,ORD-US-38009,M-012,Tech Stop,2025-06-05T17:24:06,ready_on_time,14.1,0,True
ME-38011,ORD-US-38010,M-012,Tech Stop,2025-06-05T11:35:36,ready_on_time,15.6,0,True
ME-38012,ORD-US-38011,M-011,Wellness Pharmacy,2025-06-05T16:35:00,ready_on_time,15.0,0,True
ME-38013,ORD-US-38012,M-009,Daily Mart,2025-06-05T15:33:06,ready_on_time,13.1,0,True
ME-38014,ORD-US-38013,M-010,Burger District,2025-06-05T16:40:48,ready_on_time,15.8,0,True
ME-38015,ORD-US-38014,M-011,Wellness Pharmacy,2025-06-05T16:40:12,ready_on_time,20.2,0,True
ME-38016,ORD-US-38015,M-009,Daily Mart,2025-06-05T18:19:42,ready_on_time,14.7,0,True
ME-38017,ORD-US-38016,M-012,Tech Stop,2025-06-05T09:59:06,ready_on_time,14.1,0,True
ME-38018,ORD-US-38017,M-010,Burger District,2025-06-05T15:22:00,ready_on_time,12.0,0,True
ME-38019,ORD-US-38018,M-012,Tech Stop,2025-06-05T09:43:54,ready_on_time,13.9,0,True
ME-38020,ORD-US-38019,M-012,Tech Stop,2025-06-05T11:10:48,ready_on_time,10.8,0,True
ME-38021,ORD-US-38020,M-003,Pasta Garden,2025-06-06T11:45:24,ready_on_time,15.4,0,True
ME-38022,ORD-US-38021,M-001,Green Basket Market,2025-06-06T12:34:12,ready_on_time,14.2,0,True
ME-38023,ORD-US-38022,M-004,QuickCare Pharmacy,2025-06-06T08:49:42,ready_on_time,14.7,0,True
ME-38024,ORD-US-38023,M-003,Pasta Garden,2025-06-06T11:01:42,ready_on_time,16.7,0,False
ME-38025,ORD-US-38024,M-001,Green Basket Market,2025-06-06T17:49:00,ready_on_time,9.0,0,True
ME-38026,ORD-US-38025,M-004,QuickCare Pharmacy,2025-06-06T20:45:36,ready_on_time,15.6,0,True
ME-38027,ORD-US-38026,M-004,QuickCare Pharmacy,2025-06-06T13:24:48,ready_on_time,14.8,0,True
ME-38028,ORD-US-38027,M-003,Pasta Garden,2025-06-06T18:34:00,ready_on_time,14.0,0,True
ME-38029,ORD-US-38028,M-001,Green Basket Market,2025-06-06T18:40:36,ready_on_time,15.6,0,True
ME-38030,ORD-US-38029,M-003,Pasta Garden,2025-06-06T11:18:48,ready_on_time,18.8,0,True
ME-38031,ORD-US-38030,M-002,Crisp & Co.,2025-06-06T16:48:30,ready_on_time,13.5,0,True
ME-38032,ORD-US-38031,M-004,QuickCare Pharmacy,2025-06-06T17:35:54,ready_on_time,15.9,0,True
ME-38033,ORD-US-38032,M-002,Crisp & Co.,2025-06-06T20:58:54,ready_on_time,23.9,0,True
ME-38034,ORD-US-38033,M-003,Pasta Garden,2025-06-06T14:55:36,ready_on_time,20.6,0,True
ME-38035,ORD-US-38034,M-003,Pasta Garden,2025-06-06T20:52:42,ready_on_time,17.7,0,True
ME-38036,ORD-US-38035,M-003,Pasta Garden,2025-06-06T10:03:54,ready_on_time,18.9,0,True
ME-38037,ORD-US-38036,M-003,Pasta Garden,2025-06-06T19:22:42,ready_on_time,7.7,0,True
ME-38038,ORD-US-38037,M-001,Green Basket Market,2025-06-06T12:06:48,ready_on_time,11.8,0,True
ME-38039,ORD-US-38038,M-002,Crisp & Co.,2025-06-06T11:06:54,ready_on_time,21.9,0,True
ME-38040,ORD-US-38039,M-003,Pasta Garden,2025-06-06T12:08:42,ready_on_time,18.7,0,True
ME-38041,ORD-US-38040,M-004,QuickCare Pharmacy,2025-06-06T16:52:06,ready_on_time,22.1,0,True
ME-38042,ORD-US-38041,M-004,QuickCare Pharmacy,2025-06-06T19:22:30,ready_on_time,17.5,0,True
ME-38043,ORD-US-38042,M-003,Pasta Garden,2025-06-06T14:48:18,ready_on_time,13.3,0,True
ME-38044,ORD-US-38043,M-004,QuickCare Pharmacy,2025-06-06T19:24:30,ready_on_time,9.5,0,True
ME-38045,ORD-US-38044,M-004,QuickCare Pharmacy,2025-06-06T20:03:24,ready_on_time,18.4,0,True
ME-38046,ORD-US-38045,M-004,QuickCare Pharmacy,2025-06-06T17:43:18,ready_on_time,18.3,0,True
ME-38047,ORD-US-38046,M-003,Pasta Garden,2025-06-06T16:00:54,ready_on_time,5.9,0,True
ME-38048,ORD-US-38047,M-002,Crisp & Co.,2025-06-06T18:35:30,ready_on_time,15.5,0,True
ME-38049,ORD-US-38048,M-004,QuickCare Pharmacy,2025-06-06T17:14:18,ready_on_time,14.3,0,True
ME-38050,ORD-US-38049,M-001,Green Basket Market,2025-06-06T11:34:42,ready_on_time,9.7,0,True
ME-38051,ORD-US-38050,M-002,Crisp & Co.,2025-06-06T10:54:54,ready_on_time,9.9,0,True
ME-38052,ORD-US-38051,M-004,QuickCare Pharmacy,2025-06-06T09:37:42,ready_on_time,17.7,0,True
ME-38053,ORD-US-38052,M-002,Crisp & Co.,2025-06-06T14:43:24,ready_on_time,18.4,0,True
ME-38054,ORD-US-38053,M-002,Crisp & Co.,2025-06-06T11:47:24,ready_on_time,17.4,0,True
ME-38055,ORD-US-38054,M-004,QuickCare Pharmacy,2025-06-06T16:09:18,ready_on_time,9.3,0,True
ME-38056,ORD-US-38055,M-002,Crisp & Co.,2025-06-06T19:06:30,ready_on_time,16.5,0,True
ME-38057,ORD-US-38056,M-001,Green Basket Market,2025-06-06T17:00:36,ready_on_time,20.6,0,True
ME-38058,ORD-US-38057,M-002,Crisp & Co.,2025-06-06T19:19:00,ready_on_time,14.0,0,True
ME-38059,ORD-US-38058,M-001,Green Basket Market,2025-06-06T19:30:48,ready_on_time,20.8,0,True
ME-38060,ORD-US-38059,M-002,Crisp & Co.,2025-06-06T11:13:36,ready_on_time,13.6,0,True
ME-38061,ORD-US-38060,M-003,Pasta Garden,2025-06-06T18:08:54,ready_on_time,13.9,0,True
ME-38062,ORD-US-38061,M-003,Pasta Garden,2025-06-06T12:56:48,ready_on_time,11.8,0,True
ME-38063,ORD-US-38062,M-006,Fresh Roots Grocery,2025-06-06T11:46:12,ready_on_time,11.2,0,True
ME-38064,ORD-US-38063,M-005,Corner Table,2025-06-06T18:37:30,ready_on_time,12.5,0,True
ME-38065,ORD-US-38064,M-007,Home & Handy,2025-06-06T21:03:00,ready_on_time,13.0,0,True
ME-38066,ORD-US-38065,M-006,Fresh Roots Grocery,2025-06-06T11:19:00,ready_on_time,14.0,0,True
ME-38067,ORD-US-38066,M-007,Home & Handy,2025-06-06T11:35:00,ready_on_time,20.0,0,True
ME-38068,ORD-US-38067,M-005,Corner Table,2025-06-06T09:15:24,ready_on_time,15.4,0,True
ME-38069,ORD-US-38068,M-005,Corner Table,2025-06-06T14:21:24,ready_on_time,16.4,0,True
ME-38070,ORD-US-38069,M-007,Home & Handy,2025-06-06T16:44:42,ready_on_time,19.7,0,True
ME-38071,ORD-US-38070,M-007,Home & Handy,2025-06-06T18:31:36,ready_on_time,21.6,0,True
ME-38072,ORD-US-38071,M-007,Home & Handy,2025-06-06T18:48:06,ready_on_time,13.1,0,False
ME-38073,ORD-US-38072,M-005,Corner Table,2025-06-06T09:52:24,ready_on_time,12.4,0,True
ME-38074,ORD-US-38073,M-008,Noodle House,2025-06-06T15:41:06,ready_on_time,11.1,0,True
ME-38075,ORD-US-38074,M-007,Home & Handy,2025-06-06T09:13:00,ready_on_time,23.0,0,True
ME-38076,ORD-US-38075,M-005,Corner Table,2025-06-06T13:34:18,ready_on_time,19.3,0,True
ME-38077,ORD-US-38076,M-005,Corner Table,2025-06-06T19:47:18,ready_on_time,17.3,0,True
ME-38078,ORD-US-38077,M-005,Corner Table,2025-06-06T11:16:06,ready_on_time,6.1,0,True
ME-38079,ORD-US-38078,M-007,Home & Handy,2025-06-06T10:37:54,ready_on_time,12.9,0,True
ME-38080,ORD-US-38079,M-006,Fresh Roots Grocery,2025-06-06T13:41:00,ready_on_time,21.0,0,True
ME-38081,ORD-US-38080,M-005,Corner Table,2025-06-06T14:15:12,ready_on_time,25.2,0,True
ME-38082,ORD-US-38081,M-005,Corner Table,2025-06-06T09:55:54,ready_on_time,5.9,0,True
ME-38083,ORD-US-38082,M-006,Fresh Roots Grocery,2025-06-06T15:58:48,ready_on_time,18.8,0,True
ME-38084,ORD-US-38083,M-006,Fresh Roots Grocery,2025-06-06T14:11:36,ready_on_time,11.6,0,True
ME-38085,ORD-US-38084,M-006,Fresh Roots Grocery,2025-06-06T10:06:00,ready_on_time,16.0,0,True
ME-38086,ORD-US-38085,M-007,Home & Handy,2025-06-06T15:26:12,ready_on_time,11.2,0,True
ME-38087,ORD-US-38086,M-005,Corner Table,2025-06-06T09:38:42,ready_on_time,8.7,0,True
ME-38088,ORD-US-38087,M-008,Noodle House,2025-06-06T19:52:36,ready_on_time,12.6,0,True
ME-38089,ORD-US-38088,M-008,Noodle House,2025-06-06T13:08:36,ready_on_time,13.6,0,True
ME-38090,ORD-US-38089,M-008,Noodle House,2025-06-06T18:08:24,ready_on_time,8.4,0,True
ME-38091,ORD-US-38090,M-007,Home & Handy,2025-06-06T18:00:24,ready_on_time,15.4,0,True
ME-38092,ORD-US-38091,M-008,Noodle House,2025-06-06T12:59:48,ready_on_time,9.8,0,True
ME-38093,ORD-US-38092,M-008,Noodle House,2025-06-06T17:39:24,ready_on_time,9.4,0,True
ME-38094,ORD-US-38093,M-006,Fresh Roots Grocery,2025-06-06T11:21:12,ready_on_time,11.2,0,True
ME-38095,ORD-US-38094,M-008,Noodle House,2025-06-06T17:44:42,ready_on_time,19.7,0,True
ME-38096,ORD-US-38095,M-007,Home & Handy,2025-06-06T13:45:00,ready_on_time,10.0,0,True
ME-38097,ORD-US-38096,M-007,Home & Handy,2025-06-06T17:58:36,ready_on_time,13.6,0,True
ME-38098,ORD-US-38097,M-008,Noodle House,2025-06-06T08:44:48,ready_on_time,19.8,0,True
ME-38099,ORD-US-38098,M-007,Home & Handy,2025-06-06T15:25:42,ready_on_time,15.7,0,True
ME-38100,ORD-US-38099,M-005,Corner Table,2025-06-06T15:05:18,ready_on_time,15.3,0,True
ME-38101,ORD-US-38100,M-007,Home & Handy,2025-06-06T15:43:30,ready_on_time,13.5,0,True
ME-38102,ORD-US-38101,M-006,Fresh Roots Grocery,2025-06-06T19:28:54,ready_on_time,13.9,0,True
ME-38103,ORD-US-38102,M-007,Home & Handy,2025-06-06T12:34:42,ready_on_time,14.7,0,True
ME-38104,ORD-US-38103,M-012,Tech Stop,2025-06-06T19:51:48,ready_on_time,16.8,0,True
ME-38105,ORD-US-38104,M-011,Wellness Pharmacy,2025-06-06T14:43:42,ready_on_time,13.7,0,True
ME-38106,ORD-US-38105,M-010,Burger District,2025-06-06T21:03:30,ready_on_time,8.5,0,True
ME-38107,ORD-US-38106,M-012,Tech Stop,2025-06-06T21:02:42,ready_on_time,17.7,0,True
ME-38108,ORD-US-38107,M-012,Tech Stop,2025-06-06T12:09:30,ready_on_time,19.5,0,True
ME-38109,ORD-US-38108,M-012,Tech Stop,2025-06-06T17:04:06,ready_on_time,14.1,0,True
ME-38110,ORD-US-38109,M-011,Wellness Pharmacy,2025-06-06T10:45:06,ready_on_time,15.1,0,True
ME-38111,ORD-US-38110,M-011,Wellness Pharmacy,2025-06-06T18:22:06,ready_on_time,17.1,0,True
ME-38112,ORD-US-38111,M-009,Daily Mart,2025-06-06T12:34:06,ready_on_time,14.1,0,True
ME-38113,ORD-US-38112,M-012,Tech Stop,2025-06-06T11:16:00,ready_on_time,21.0,0,True
ME-38114,ORD-US-38113,M-009,Daily Mart,2025-06-06T17:11:42,ready_on_time,16.7,0,True
ME-38115,ORD-US-38114,M-011,Wellness Pharmacy,2025-06-06T08:20:06,ready_on_time,10.1,0,True
ME-38116,ORD-US-38115,M-009,Daily Mart,2025-06-06T10:52:18,ready_on_time,12.3,0,True
ME-38117,ORD-US-38116,M-012,Tech Stop,2025-06-06T09:58:54,ready_on_time,13.9,0,True
ME-38118,ORD-US-38117,M-012,Tech Stop,2025-06-06T12:29:00,ready_on_time,19.0,0,True
ME-38119,ORD-US-38118,M-009,Daily Mart,2025-06-06T20:40:36,ready_on_time,15.6,0,True
ME-38120,ORD-US-38119,M-010,Burger District,2025-06-06T14:50:24,ready_on_time,10.4,0,True
ME-38121,ORD-US-38120,M-012,Tech Stop,2025-06-06T12:16:00,ready_on_time,11.0,0,True
ME-38122,ORD-US-38121,M-009,Daily Mart,2025-06-06T14:14:18,ready_on_time,4.3,0,True
ME-38123,ORD-US-38122,M-010,Burger District,2025-06-06T09:10:18,ready_on_time,15.3,0,True
ME-38124,ORD-US-38123,M-009,Daily Mart,2025-06-06T15:38:54,ready_on_time,13.9,0,True
ME-38125,ORD-US-38124,M-011,Wellness Pharmacy,2025-06-06T17:42:00,ready_on_time,17.0,0,True
ME-38126,ORD-US-38125,M-011,Wellness Pharmacy,2025-06-06T19:37:36,ready_on_time,17.6,0,True
ME-38127,ORD-US-38126,M-011,Wellness Pharmacy,2025-06-06T19:25:54,ready_on_time,15.9,0,True
ME-38128,ORD-US-38127,M-009,Daily Mart,2025-06-06T16:58:36,ready_on_time,18.6,0,True
ME-38129,ORD-US-38128,M-010,Burger District,2025-06-06T13:37:36,ready_on_time,12.6,0,True
ME-38130,ORD-US-38129,M-009,Daily Mart,2025-06-06T10:17:48,ready_on_time,17.8,0,True
ME-38131,ORD-US-38130,M-011,Wellness Pharmacy,2025-06-06T21:03:54,ready_on_time,13.9,0,True
ME-38132,ORD-US-38131,M-009,Daily Mart,2025-06-06T11:19:30,ready_on_time,19.5,0,True
ME-38133,ORD-US-38132,M-010,Burger District,2025-06-06T18:01:24,ready_on_time,11.4,0,True
ME-38134,ORD-US-38133,M-009,Daily Mart,2025-06-06T10:16:18,ready_on_time,16.3,0,True
ME-38135,ORD-US-38134,M-010,Burger District,2025-06-06T10:01:42,ready_on_time,11.7,0,True
ME-38136,ORD-US-38135,M-012,Tech Stop,2025-06-06T08:22:12,ready_on_time,17.2,0,True
ME-38137,ORD-US-38136,M-009,Daily Mart,2025-06-06T20:24:24,ready_on_time,19.4,0,True
ME-38138,ORD-US-38137,M-011,Wellness Pharmacy,2025-06-06T09:39:00,ready_on_time,14.0,0,True
ME-38139,ORD-US-38138,M-012,Tech Stop,2025-06-06T11:24:36,ready_on_time,9.6,0,True
ME-38140,ORD-US-38139,M-012,Tech Stop,2025-06-06T09:09:36,ready_on_time,9.6,0,True
ME-38141,ORD-US-38140,M-009,Daily Mart,2025-06-06T10:11:06,ready_on_time,16.1,0,True
ME-38142,ORD-US-38141,M-010,Burger District,2025-06-06T08:23:24,ready_on_time,18.4,0,True
ME-38143,ORD-US-38142,M-010,Burger District,2025-06-06T16:33:36,ready_on_time,8.6,0,True
ME-38144,ORD-US-38143,M-009,Daily Mart,2025-06-06T18:26:12,ready_on_time,16.2,0,True
ME-38145,ORD-US-38144,M-009,Daily Mart,2025-06-06T12:58:42,ready_on_time,13.7,0,True
ME-38146,ORD-US-38145,M-010,Burger District,2025-06-06T12:43:18,ready_on_time,13.3,0,True
ME-38147,ORD-US-38146,M-010,Burger District,2025-06-06T10:52:12,ready_on_time,12.2,0,True
ME-38148,ORD-US-38147,M-001,Green Basket Market,2025-06-07T14:17:42,ready_on_time,17.7,0,True
ME-38149,ORD-US-38148,M-001,Green Basket Market,2025-06-07T14:15:06,ready_on_time,15.1,0,True
ME-38150,ORD-US-38149,M-004,QuickCare Pharmacy,2025-06-07T16:49:12,ready_on_time,14.2,0,True
ME-38151,ORD-US-38150,M-001,Green Basket Market,2025-06-07T08:15:42,ready_on_time,10.7,0,True
ME-38152,ORD-US-38151,M-002,Crisp & Co.,2025-06-07T14:55:48,ready_on_time,15.8,0,True
ME-38153,ORD-US-38152,M-004,QuickCare Pharmacy,2025-06-07T20:27:18,ready_on_time,17.3,0,True
ME-38154,ORD-US-38153,M-004,QuickCare Pharmacy,2025-06-07T19:27:06,ready_on_time,12.1,0,True
ME-38155,ORD-US-38154,M-004,QuickCare Pharmacy,2025-06-07T09:47:30,ready_on_time,12.5,0,True
ME-38156,ORD-US-38155,M-001,Green Basket Market,2025-06-07T18:48:06,ready_on_time,8.1,0,True
ME-38157,ORD-US-38156,M-004,QuickCare Pharmacy,2025-06-07T15:23:36,ready_on_time,8.6,0,True
ME-38158,ORD-US-38157,M-002,Crisp & Co.,2025-06-07T20:41:00,ready_on_time,11.0,0,True
ME-38159,ORD-US-38158,M-004,QuickCare Pharmacy,2025-06-07T17:54:48,ready_on_time,9.8,0,True
ME-38160,ORD-US-38159,M-001,Green Basket Market,2025-06-07T10:30:12,ready_on_time,15.2,0,True
ME-38161,ORD-US-38160,M-002,Crisp & Co.,2025-06-07T12:12:30,ready_on_time,7.5,0,True
ME-38162,ORD-US-38161,M-001,Green Basket Market,2025-06-07T18:44:24,ready_on_time,14.4,0,True
ME-38163,ORD-US-38162,M-002,Crisp & Co.,2025-06-07T12:56:06,ready_on_time,6.1,0,True
ME-38164,ORD-US-38163,M-001,Green Basket Market,2025-06-07T09:34:24,ready_on_time,19.4,0,True
ME-38165,ORD-US-38164,M-002,Crisp & Co.,2025-06-07T08:49:24,ready_on_time,19.4,0,True
ME-38166,ORD-US-38165,M-003,Pasta Garden,2025-06-07T14:47:24,ready_on_time,17.4,0,True
ME-38167,ORD-US-38166,M-003,Pasta Garden,2025-06-07T12:43:24,ready_on_time,18.4,0,True
ME-38168,ORD-US-38167,M-003,Pasta Garden,2025-06-07T10:38:00,ready_on_time,18.0,0,False
ME-38169,ORD-US-38168,M-003,Pasta Garden,2025-06-07T09:56:54,ready_on_time,6.9,0,False
ME-38170,ORD-US-38169,M-004,QuickCare Pharmacy,2025-06-07T16:22:00,ready_on_time,12.0,0,True
ME-38171,ORD-US-38170,M-003,Pasta Garden,2025-06-07T18:57:12,ready_on_time,12.2,0,True
ME-38172,ORD-US-38171,M-004,QuickCare Pharmacy,2025-06-07T10:23:24,ready_on_time,18.4,0,True
ME-38173,ORD-US-38172,M-003,Pasta Garden,2025-06-07T14:23:54,ready_on_time,18.9,0,True
ME-38174,ORD-US-38173,M-003,Pasta Garden,2025-06-07T19:51:06,ready_on_time,16.1,0,True
ME-38175,ORD-US-38174,M-002,Crisp & Co.,2025-06-07T18:35:36,ready_on_time,20.6,0,True
ME-38176,ORD-US-38175,M-001,Green Basket Market,2025-06-07T09:20:36,ready_on_time,15.6,0,True
ME-38177,ORD-US-38176,M-002,Crisp & Co.,2025-06-07T12:32:18,ready_on_time,12.3,0,True
ME-38178,ORD-US-38177,M-003,Pasta Garden,2025-06-07T17:24:18,ready_on_time,19.3,0,True
ME-38179,ORD-US-38178,M-004,QuickCare Pharmacy,2025-06-07T08:18:00,ready_on_time,8.0,0,True
ME-38180,ORD-US-38179,M-002,Crisp & Co.,2025-06-07T11:01:24,ready_on_time,11.4,0,True
ME-38181,ORD-US-38180,M-002,Crisp & Co.,2025-06-07T20:09:24,ready_on_time,19.4,0,True
ME-38182,ORD-US-38181,M-004,QuickCare Pharmacy,2025-06-07T09:53:30,ready_on_time,13.5,0,True
ME-38183,ORD-US-38182,M-002,Crisp & Co.,2025-06-07T09:54:12,ready_on_time,14.2,0,True
ME-38184,ORD-US-38183,M-002,Crisp & Co.,2025-06-07T14:55:18,ready_on_time,15.3,0,True
ME-38185,ORD-US-38184,M-001,Green Basket Market,2025-06-07T09:33:30,ready_on_time,13.5,0,True
ME-38186,ORD-US-38185,M-001,Green Basket Market,2025-06-07T20:25:06,ready_on_time,20.1,0,True
ME-38187,ORD-US-38186,M-003,Pasta Garden,2025-06-07T13:33:06,ready_on_time,13.1,0,True
ME-38188,ORD-US-38187,M-002,Crisp & Co.,2025-06-07T08:38:48,ready_on_time,13.8,0,True
ME-38189,ORD-US-38188,M-003,Pasta Garden,2025-06-07T11:14:30,ready_on_time,14.5,0,True
ME-38190,ORD-US-38189,M-003,Pasta Garden,2025-06-07T17:01:42,ready_on_time,16.7,0,True
ME-38191,ORD-US-38190,M-001,Green Basket Market,2025-06-07T10:37:18,ready_on_time,17.3,0,True
ME-38192,ORD-US-38191,M-003,Pasta Garden,2025-06-07T11:48:06,ready_on_time,18.1,0,True
ME-38193,ORD-US-38192,M-006,Fresh Roots Grocery,2025-06-07T12:00:36,ready_on_time,5.6,0,True
ME-38194,ORD-US-38193,M-007,Home & Handy,2025-06-07T19:16:42,ready_on_time,11.7,0,True
ME-38195,ORD-US-38194,M-005,Corner Table,2025-06-07T13:07:12,ready_on_time,7.2,0,True
ME-38196,ORD-US-38195,M-008,Noodle House,2025-06-07T12:02:48,ready_on_time,12.8,0,True
ME-38197,ORD-US-38196,M-005,Corner Table,2025-06-07T13:32:54,ready_on_time,12.9,0,True
ME-38198,ORD-US-38197,M-005,Corner Table,2025-06-07T12:50:06,ready_on_time,15.1,0,True
ME-38199,ORD-US-38198,M-005,Corner Table,2025-06-07T09:36:36,ready_on_time,11.6,0,True
ME-38200,ORD-US-38199,M-007,Home & Handy,2025-06-07T17:00:48,ready_on_time,15.8,0,True
ME-38201,ORD-US-38200,M-006,Fresh Roots Grocery,2025-06-07T11:18:36,ready_on_time,13.6,0,True
ME-38202,ORD-US-38201,M-006,Fresh Roots Grocery,2025-06-07T17:32:54,ready_on_time,12.9,0,True
ME-38203,ORD-US-38202,M-007,Home & Handy,2025-06-07T19:51:18,ready_on_time,16.3,0,True
ME-38204,ORD-US-38203,M-006,Fresh Roots Grocery,2025-06-07T12:32:42,ready_on_time,12.7,0,True
ME-38205,ORD-US-38204,M-008,Noodle House,2025-06-07T09:12:24,ready_on_time,12.4,0,True
ME-38206,ORD-US-38205,M-006,Fresh Roots Grocery,2025-06-07T13:20:18,ready_on_time,20.3,0,True
ME-38207,ORD-US-38206,M-006,Fresh Roots Grocery,2025-06-07T10:31:42,ready_on_time,11.7,0,True
ME-38208,ORD-US-38207,M-005,Corner Table,2025-06-07T09:56:18,ready_on_time,16.3,0,True
ME-38209,ORD-US-38208,M-005,Corner Table,2025-06-07T10:33:48,ready_on_time,13.8,0,True
ME-38210,ORD-US-38209,M-006,Fresh Roots Grocery,2025-06-07T19:08:24,ready_on_time,13.4,0,True
ME-38211,ORD-US-38210,M-005,Corner Table,2025-06-07T19:25:24,ready_on_time,15.4,0,True
ME-38212,ORD-US-38211,M-006,Fresh Roots Grocery,2025-06-07T18:04:00,ready_on_time,9.0,0,True
ME-38213,ORD-US-38212,M-005,Corner Table,2025-06-07T15:39:42,ready_on_time,14.7,0,True
ME-38214,ORD-US-38213,M-007,Home & Handy,2025-06-07T11:36:12,ready_on_time,16.2,0,True
ME-38215,ORD-US-38214,M-008,Noodle House,2025-06-07T08:33:18,ready_on_time,8.3,0,True
ME-38216,ORD-US-38215,M-005,Corner Table,2025-06-07T18:17:18,ready_on_time,7.3,0,True
ME-38217,ORD-US-38216,M-007,Home & Handy,2025-06-07T21:03:54,ready_on_time,18.9,0,True
ME-38218,ORD-US-38217,M-005,Corner Table,2025-06-07T11:52:18,ready_on_time,17.3,0,True
ME-38219,ORD-US-38218,M-008,Noodle House,2025-06-07T15:30:42,ready_on_time,10.7,0,True
ME-38220,ORD-US-38219,M-005,Corner Table,2025-06-07T13:14:42,ready_on_time,19.7,0,True
ME-38221,ORD-US-38220,M-006,Fresh Roots Grocery,2025-06-07T13:37:00,ready_on_time,7.0,0,True
ME-38222,ORD-US-38221,M-008,Noodle House,2025-06-07T09:50:48,ready_on_time,10.8,0,True
ME-38223,ORD-US-38222,M-008,Noodle House,2025-06-07T16:52:00,ready_on_time,17.0,0,True
ME-38224,ORD-US-38223,M-007,Home & Handy,2025-06-07T13:00:30,ready_on_time,15.5,0,True
ME-38225,ORD-US-38224,M-006,Fresh Roots Grocery,2025-06-07T15:24:42,ready_on_time,19.7,0,True
ME-38226,ORD-US-38225,M-005,Corner Table,2025-06-07T17:27:12,ready_on_time,12.2,0,True
ME-38227,ORD-US-38226,M-006,Fresh Roots Grocery,2025-06-07T16:05:54,ready_on_time,10.9,0,True
ME-38228,ORD-US-38227,M-007,Home & Handy,2025-06-07T15:24:00,ready_on_time,9.0,0,True
ME-38229,ORD-US-38228,M-005,Corner Table,2025-06-07T20:45:36,ready_on_time,10.6,0,True
ME-38230,ORD-US-38229,M-012,Tech Stop,2025-06-07T11:46:00,ready_on_time,16.0,0,True
ME-38231,ORD-US-38230,M-009,Daily Mart,2025-06-07T13:54:06,ready_on_time,9.1,0,True
ME-38232,ORD-US-38231,M-010,Burger District,2025-06-07T20:30:36,ready_on_time,10.6,0,True
ME-38233,ORD-US-38232,M-010,Burger District,2025-06-07T12:05:54,ready_on_time,5.9,0,True
ME-38234,ORD-US-38233,M-012,Tech Stop,2025-06-07T18:09:24,ready_on_time,14.4,0,True
ME-38235,ORD-US-38234,M-011,Wellness Pharmacy,2025-06-07T12:00:24,ready_on_time,10.4,0,True
ME-38236,ORD-US-38235,M-010,Burger District,2025-06-07T19:27:06,ready_on_time,12.1,0,True
ME-38237,ORD-US-38236,M-009,Daily Mart,2025-06-07T12:10:06,ready_on_time,20.1,0,True
ME-38238,ORD-US-38237,M-011,Wellness Pharmacy,2025-06-07T20:07:24,ready_on_time,12.4,0,True
ME-38239,ORD-US-38238,M-009,Daily Mart,2025-06-07T17:46:36,ready_on_time,16.6,0,True
ME-38240,ORD-US-38239,M-011,Wellness Pharmacy,2025-06-07T17:25:12,ready_on_time,20.2,0,True
ME-38241,ORD-US-38240,M-010,Burger District,2025-06-07T14:30:54,ready_on_time,15.9,0,True
ME-38242,ORD-US-38241,M-009,Daily Mart,2025-06-07T19:43:24,ready_on_time,13.4,0,True
ME-38243,ORD-US-38242,M-009,Daily Mart,2025-06-07T17:35:12,ready_on_time,15.2,0,True
ME-38244,ORD-US-38243,M-010,Burger District,2025-06-07T19:32:00,ready_on_time,17.0,0,True
ME-38245,ORD-US-38244,M-012,Tech Stop,2025-06-07T18:17:06,ready_on_time,22.1,0,True
ME-38246,ORD-US-38245,M-012,Tech Stop,2025-06-07T14:04:48,ready_on_time,19.8,0,True
ME-38247,ORD-US-38246,M-010,Burger District,2025-06-07T13:32:06,ready_on_time,7.1,0,True
ME-38248,ORD-US-38247,M-010,Burger District,2025-06-07T19:45:06,ready_on_time,15.1,0,True
ME-38249,ORD-US-38248,M-010,Burger District,2025-06-07T21:08:24,ready_on_time,13.4,0,True
ME-38250,ORD-US-38249,M-010,Burger District,2025-06-07T10:50:48,ready_on_time,15.8,0,True
ME-38251,ORD-US-38250,M-009,Daily Mart,2025-06-07T16:19:42,ready_on_time,19.7,0,True
ME-38252,ORD-US-38251,M-010,Burger District,2025-06-07T08:26:42,ready_on_time,6.7,0,True
ME-38253,ORD-US-38252,M-009,Daily Mart,2025-06-07T16:08:00,ready_on_time,13.0,0,True
ME-38254,ORD-US-38253,M-010,Burger District,2025-06-07T21:01:54,ready_on_time,11.9,0,True
ME-38255,ORD-US-38254,M-010,Burger District,2025-06-07T11:52:06,ready_on_time,12.1,0,True
ME-38256,ORD-US-38255,M-009,Daily Mart,2025-06-07T11:04:24,ready_on_time,4.4,0,True
ME-38257,ORD-US-38256,M-009,Daily Mart,2025-06-07T12:51:36,ready_on_time,16.6,0,True
ME-38258,ORD-US-38257,M-010,Burger District,2025-06-07T10:36:54,ready_on_time,16.9,0,True
ME-38259,ORD-US-38258,M-009,Daily Mart,2025-06-07T18:45:30,ready_on_time,10.5,0,True
ME-38260,ORD-US-38259,M-009,Daily Mart,2025-06-07T12:10:48,ready_on_time,10.8,0,True
ME-38261,ORD-US-38260,M-012,Tech Stop,2025-06-07T08:43:42,ready_on_time,23.7,0,True
ME-38262,ORD-US-38261,M-011,Wellness Pharmacy,2025-06-07T20:26:00,ready_on_time,11.0,0,True
ME-38263,ORD-US-38262,M-012,Tech Stop,2025-06-07T10:56:00,ready_on_time,6.0,0,True
ME-38264,ORD-US-38263,M-011,Wellness Pharmacy,2025-06-07T17:29:06,ready_on_time,19.1,0,True
ME-38265,ORD-US-38264,M-011,Wellness Pharmacy,2025-06-07T11:50:30,ready_on_time,20.5,0,True
ME-38266,ORD-US-38265,M-002,Crisp & Co.,2025-06-08T12:50:24,ready_on_time,20.4,0,True
ME-38267,ORD-US-38266,M-003,Pasta Garden,2025-06-08T13:29:42,ready_on_time,9.7,0,True
ME-38268,ORD-US-38267,M-001,Green Basket Market,2025-06-08T08:30:18,ready_on_time,15.3,0,True
ME-38269,ORD-US-38268,M-002,Crisp & Co.,2025-06-08T16:08:24,ready_on_time,18.4,0,True
ME-38270,ORD-US-38269,M-004,QuickCare Pharmacy,2025-06-08T16:50:30,ready_on_time,15.5,0,False
ME-38271,ORD-US-38270,M-001,Green Basket Market,2025-06-08T15:21:42,ready_on_time,11.7,0,True
ME-38272,ORD-US-38271,M-003,Pasta Garden,2025-06-08T10:58:24,ready_on_time,18.4,0,True
ME-38273,ORD-US-38272,M-003,Pasta Garden,2025-06-08T20:14:00,ready_on_time,14.0,0,True
ME-38274,ORD-US-38273,M-002,Crisp & Co.,2025-06-08T14:49:06,ready_on_time,9.1,0,True
ME-38275,ORD-US-38274,M-001,Green Basket Market,2025-06-08T11:35:06,ready_on_time,15.1,0,True
ME-38276,ORD-US-38275,M-002,Crisp & Co.,2025-06-08T10:35:54,ready_on_time,15.9,0,True
ME-38277,ORD-US-38276,M-003,Pasta Garden,2025-06-08T17:03:12,ready_on_time,13.2,0,True
ME-38278,ORD-US-38277,M-003,Pasta Garden,2025-06-08T12:55:54,ready_on_time,20.9,0,True
ME-38279,ORD-US-38278,M-002,Crisp & Co.,2025-06-08T12:17:54,ready_on_time,12.9,0,True
ME-38280,ORD-US-38279,M-001,Green Basket Market,2025-06-08T19:12:00,ready_on_time,12.0,0,True
ME-38281,ORD-US-38280,M-004,QuickCare Pharmacy,2025-06-08T21:01:24,ready_on_time,11.4,0,True
ME-38282,ORD-US-38281,M-003,Pasta Garden,2025-06-08T13:23:42,ready_on_time,18.7,0,True
ME-38283,ORD-US-38282,M-002,Crisp & Co.,2025-06-08T10:27:48,ready_on_time,12.8,0,True
ME-38284,ORD-US-38283,M-001,Green Basket Market,2025-06-08T08:46:00,ready_on_time,16.0,0,True
ME-38285,ORD-US-38284,M-003,Pasta Garden,2025-06-08T12:16:54,ready_on_time,16.9,0,True
ME-38286,ORD-US-38285,M-001,Green Basket Market,2025-06-08T09:07:54,ready_on_time,12.9,0,True
ME-38287,ORD-US-38286,M-002,Crisp & Co.,2025-06-08T09:36:12,ready_on_time,21.2,0,True
ME-38288,ORD-US-38287,M-004,QuickCare Pharmacy,2025-06-08T11:57:00,ready_on_time,12.0,0,True
ME-38289,ORD-US-38288,M-003,Pasta Garden,2025-06-08T18:48:42,ready_on_time,18.7,0,True
ME-38290,ORD-US-38289,M-003,Pasta Garden,2025-06-08T08:48:30,ready_on_time,18.5,0,True
ME-38291,ORD-US-38290,M-004,QuickCare Pharmacy,2025-06-08T13:15:42,ready_on_time,5.7,0,True
ME-38292,ORD-US-38291,M-001,Green Basket Market,2025-06-08T12:32:24,ready_on_time,17.4,0,True
ME-38293,ORD-US-38292,M-001,Green Basket Market,2025-06-08T11:07:12,ready_on_time,12.2,0,True
ME-38294,ORD-US-38293,M-001,Green Basket Market,2025-06-08T16:53:00,ready_on_time,18.0,0,True
ME-38295,ORD-US-38294,M-002,Crisp & Co.,2025-06-08T20:50:36,ready_on_time,5.6,0,True
ME-38296,ORD-US-38295,M-003,Pasta Garden,2025-06-08T13:48:30,ready_on_time,13.5,0,True
ME-38297,ORD-US-38296,M-002,Crisp & Co.,2025-06-08T19:28:42,ready_on_time,13.7,0,True
ME-38298,ORD-US-38297,M-003,Pasta Garden,2025-06-08T14:33:48,ready_on_time,8.8,0,True
ME-38299,ORD-US-38298,M-003,Pasta Garden,2025-06-08T21:01:18,ready_on_time,11.3,0,True
ME-38300,ORD-US-38299,M-002,Crisp & Co.,2025-06-08T20:12:00,ready_on_time,17.0,0,True
ME-38301,ORD-US-38300,M-002,Crisp & Co.,2025-06-08T20:23:42,ready_on_time,8.7,0,True
ME-38302,ORD-US-38301,M-008,Noodle House,2025-06-08T11:20:42,ready_on_time,20.7,0,True
ME-38303,ORD-US-38302,M-007,Home & Handy,2025-06-08T11:59:48,ready_on_time,14.8,0,True
ME-38304,ORD-US-38303,M-006,Fresh Roots Grocery,2025-06-08T19:41:24,ready_on_time,16.4,0,True
ME-38305,ORD-US-38304,M-006,Fresh Roots Grocery,2025-06-08T09:29:30,ready_on_time,9.5,0,True
ME-38306,ORD-US-38305,M-007,Home & Handy,2025-06-08T15:47:42,ready_on_time,12.7,0,True
ME-38307,ORD-US-38306,M-007,Home & Handy,2025-06-08T20:56:00,ready_on_time,11.0,0,True
ME-38308,ORD-US-38307,M-006,Fresh Roots Grocery,2025-06-08T13:23:12,ready_on_time,18.2,0,True
ME-38309,ORD-US-38308,M-006,Fresh Roots Grocery,2025-06-08T14:51:00,ready_on_time,6.0,0,True
ME-38310,ORD-US-38309,M-005,Corner Table,2025-06-08T12:30:48,ready_on_time,15.8,0,True
ME-38311,ORD-US-38310,M-006,Fresh Roots Grocery,2025-06-08T18:02:42,ready_on_time,12.7,0,True
ME-38312,ORD-US-38311,M-006,Fresh Roots Grocery,2025-06-08T12:53:24,ready_on_time,13.4,0,True
ME-38313,ORD-US-38312,M-007,Home & Handy,2025-06-08T11:23:48,ready_on_time,13.8,0,True
ME-38314,ORD-US-38313,M-006,Fresh Roots Grocery,2025-06-08T11:04:30,ready_on_time,14.5,0,True
ME-38315,ORD-US-38314,M-007,Home & Handy,2025-06-08T12:07:00,ready_on_time,22.0,0,True
ME-38316,ORD-US-38315,M-008,Noodle House,2025-06-08T19:20:48,ready_on_time,10.8,0,True
ME-38317,ORD-US-38316,M-008,Noodle House,2025-06-08T19:15:48,ready_on_time,15.8,0,True
ME-38318,ORD-US-38317,M-007,Home & Handy,2025-06-08T18:01:36,ready_on_time,6.6,0,True
ME-38319,ORD-US-38318,M-008,Noodle House,2025-06-08T20:25:12,ready_on_time,15.2,0,True
ME-38320,ORD-US-38319,M-006,Fresh Roots Grocery,2025-06-08T08:31:24,ready_on_time,11.4,0,True
ME-38321,ORD-US-38320,M-006,Fresh Roots Grocery,2025-06-08T15:23:36,ready_on_time,13.6,0,True
ME-38322,ORD-US-38321,M-008,Noodle House,2025-06-08T14:09:36,ready_on_time,14.6,0,True
ME-38323,ORD-US-38322,M-007,Home & Handy,2025-06-08T10:19:00,ready_on_time,9.0,0,True
ME-38324,ORD-US-38323,M-006,Fresh Roots Grocery,2025-06-08T19:11:00,ready_on_time,6.0,0,False
ME-38325,ORD-US-38324,M-005,Corner Table,2025-06-08T13:45:06,ready_on_time,10.1,0,True
ME-38326,ORD-US-38325,M-005,Corner Table,2025-06-08T14:41:42,ready_on_time,16.7,0,True
ME-38327,ORD-US-38326,M-006,Fresh Roots Grocery,2025-06-08T19:34:36,ready_on_time,9.6,0,True
ME-38328,ORD-US-38327,M-006,Fresh Roots Grocery,2025-06-08T08:39:42,ready_on_time,19.7,0,True
ME-38329,ORD-US-38328,M-005,Corner Table,2025-06-08T17:25:36,ready_on_time,10.6,0,True
ME-38330,ORD-US-38329,M-008,Noodle House,2025-06-08T11:27:00,ready_on_time,22.0,0,True
ME-38331,ORD-US-38330,M-005,Corner Table,2025-06-08T13:27:06,ready_on_time,12.1,0,True
ME-38332,ORD-US-38331,M-007,Home & Handy,2025-06-08T13:27:00,ready_on_time,7.0,0,True
ME-38333,ORD-US-38332,M-005,Corner Table,2025-06-08T12:43:24,ready_on_time,18.4,0,True
ME-38334,ORD-US-38333,M-007,Home & Handy,2025-06-08T11:26:48,ready_on_time,11.8,0,True
ME-38335,ORD-US-38334,M-007,Home & Handy,2025-06-08T10:21:18,ready_on_time,11.3,0,True
ME-38336,ORD-US-38335,M-006,Fresh Roots Grocery,2025-06-08T11:22:06,ready_on_time,17.1,0,True
ME-38337,ORD-US-38336,M-006,Fresh Roots Grocery,2025-06-08T10:16:12,ready_on_time,11.2,0,True
ME-38338,ORD-US-38337,M-008,Noodle House,2025-06-08T21:05:06,ready_on_time,10.1,0,True
ME-38339,ORD-US-38338,M-006,Fresh Roots Grocery,2025-06-08T19:53:06,ready_on_time,13.1,0,True
ME-38340,ORD-US-38339,M-012,Tech Stop,2025-06-08T14:38:42,ready_on_time,8.7,0,True
ME-38341,ORD-US-38340,M-009,Daily Mart,2025-06-08T20:58:30,ready_on_time,13.5,0,True
ME-38342,ORD-US-38341,M-009,Daily Mart,2025-06-08T12:54:12,ready_on_time,14.2,0,True
ME-38343,ORD-US-38342,M-012,Tech Stop,2025-06-08T14:38:06,ready_on_time,8.1,0,True
ME-38344,ORD-US-38343,M-010,Burger District,2025-06-08T08:38:42,ready_on_time,13.7,0,True
ME-38345,ORD-US-38344,M-011,Wellness Pharmacy,2025-06-08T16:16:06,ready_on_time,11.1,0,True
ME-38346,ORD-US-38345,M-012,Tech Stop,2025-06-08T16:18:24,ready_on_time,18.4,0,True
ME-38347,ORD-US-38346,M-010,Burger District,2025-06-08T16:22:54,ready_on_time,12.9,0,True
ME-38348,ORD-US-38347,M-012,Tech Stop,2025-06-08T17:47:12,ready_on_time,22.2,0,True
ME-38349,ORD-US-38348,M-011,Wellness Pharmacy,2025-06-08T14:49:24,ready_on_time,9.4,0,True
ME-38350,ORD-US-38349,M-009,Daily Mart,2025-06-08T09:02:00,ready_on_time,12.0,0,True
ME-38351,ORD-US-38350,M-012,Tech Stop,2025-06-08T19:48:06,ready_on_time,8.1,0,True
ME-38352,ORD-US-38351,M-012,Tech Stop,2025-06-08T12:15:54,ready_on_time,10.9,0,True
ME-38353,ORD-US-38352,M-009,Daily Mart,2025-06-08T16:46:36,ready_on_time,11.6,0,True
ME-38354,ORD-US-38353,M-009,Daily Mart,2025-06-08T15:28:36,ready_on_time,8.6,0,True
ME-38355,ORD-US-38354,M-009,Daily Mart,2025-06-08T13:58:42,ready_on_time,18.7,0,True
ME-38356,ORD-US-38355,M-010,Burger District,2025-06-08T09:33:12,ready_on_time,13.2,0,True
ME-38357,ORD-US-38356,M-010,Burger District,2025-06-08T08:18:18,ready_on_time,13.3,0,True
ME-38358,ORD-US-38357,M-012,Tech Stop,2025-06-08T16:03:18,ready_on_time,13.3,0,True
ME-38359,ORD-US-38358,M-009,Daily Mart,2025-06-08T08:40:54,ready_on_time,25.9,0,True
ME-38360,ORD-US-38359,M-009,Daily Mart,2025-06-08T16:22:54,ready_on_time,12.9,0,True
ME-38361,ORD-US-38360,M-009,Daily Mart,2025-06-08T16:57:36,ready_on_time,7.6,0,True
ME-38362,ORD-US-38361,M-010,Burger District,2025-06-08T16:52:00,ready_on_time,17.0,0,True
ME-38363,ORD-US-38362,M-012,Tech Stop,2025-06-08T19:51:06,ready_on_time,11.1,0,True
ME-38364,ORD-US-38363,M-011,Wellness Pharmacy,2025-06-08T17:36:48,ready_on_time,16.8,0,True
ME-38365,ORD-US-38364,M-010,Burger District,2025-06-08T15:37:42,ready_on_time,12.7,0,True
ME-38366,ORD-US-38365,M-012,Tech Stop,2025-06-08T10:59:06,ready_on_time,14.1,0,True
ME-38367,ORD-US-38366,M-011,Wellness Pharmacy,2025-06-08T15:42:06,ready_on_time,17.1,0,True
ME-38368,ORD-US-38367,M-010,Burger District,2025-06-08T12:13:12,ready_on_time,18.2,0,True
ME-38369,ORD-US-38368,M-011,Wellness Pharmacy,2025-06-08T08:37:48,ready_on_time,17.8,0,True
ME-38370,ORD-US-38369,M-012,Tech Stop,2025-06-08T18:42:42,ready_on_time,17.7,0,True
ME-38371,ORD-US-38370,M-011,Wellness Pharmacy,2025-06-08T10:26:06,ready_on_time,11.1,0,True
ME-38372,ORD-US-38371,M-010,Burger District,2025-06-08T18:22:18,ready_on_time,17.3,0,True
ME-38373,ORD-US-38372,M-011,Wellness Pharmacy,2025-06-08T15:32:42,ready_on_time,7.7,0,True
ME-38374,ORD-US-38373,M-012,Tech Stop,2025-06-08T15:15:24,ready_on_time,10.4,0,True
ME-38375,ORD-US-38374,M-009,Daily Mart,2025-06-08T09:37:12,ready_on_time,22.2,0,True
ME-38376,ORD-US-38375,M-010,Burger District,2025-06-08T12:42:18,ready_on_time,17.3,0,True
ME-38377,ORD-US-38376,M-012,Tech Stop,2025-06-08T10:34:42,ready_on_time,14.7,0,True
ME-38378,ORD-US-38377,M-011,Wellness Pharmacy,2025-06-08T20:43:06,ready_on_time,8.1,0,True
ME-38379,ORD-US-38378,M-011,Wellness Pharmacy,2025-06-08T19:27:12,ready_on_time,7.2,0,True
ME-38380,ORD-US-38379,M-003,Pasta Garden,2025-06-09T19:55:12,ready_on_time,10.2,0,True
ME-38381,ORD-US-38380,M-001,Green Basket Market,2025-06-09T20:59:48,ready_on_time,4.8,0,True
ME-38382,ORD-US-38381,M-001,Green Basket Market,2025-06-09T12:35:06,ready_on_time,15.1,0,True
ME-38383,ORD-US-38382,M-004,QuickCare Pharmacy,2025-06-09T17:51:54,ready_on_time,16.9,0,True
ME-38384,ORD-US-38383,M-002,Crisp & Co.,2025-06-09T15:48:06,ready_on_time,18.1,0,True
ME-38385,ORD-US-38384,M-001,Green Basket Market,2025-06-09T14:27:54,ready_on_time,17.9,0,True
ME-38386,ORD-US-38385,M-004,QuickCare Pharmacy,2025-06-09T16:10:24,ready_on_time,15.4,0,True
ME-38387,ORD-US-38386,M-003,Pasta Garden,2025-06-09T13:52:12,ready_on_time,12.2,0,True
ME-38388,ORD-US-38387,M-004,QuickCare Pharmacy,2025-06-09T19:38:00,ready_on_time,13.0,0,True
ME-38389,ORD-US-38388,M-002,Crisp & Co.,2025-06-09T09:54:24,ready_on_time,9.4,0,True
ME-38390,ORD-US-38389,M-002,Crisp & Co.,2025-06-09T18:27:48,ready_on_time,7.8,0,True
ME-38391,ORD-US-38390,M-004,QuickCare Pharmacy,2025-06-09T19:12:30,ready_on_time,12.5,0,True
ME-38392,ORD-US-38391,M-002,Crisp & Co.,2025-06-09T10:41:42,ready_on_time,11.7,0,True
ME-38393,ORD-US-38392,M-003,Pasta Garden,2025-06-09T16:47:12,ready_on_time,17.2,0,True
ME-38394,ORD-US-38393,M-002,Crisp & Co.,2025-06-09T16:35:06,ready_on_time,20.1,0,True
ME-38395,ORD-US-38394,M-004,QuickCare Pharmacy,2025-06-09T16:02:54,ready_on_time,12.9,0,True
ME-38396,ORD-US-38395,M-001,Green Basket Market,2025-06-09T14:43:00,ready_on_time,13.0,0,True
ME-38397,ORD-US-38396,M-003,Pasta Garden,2025-06-09T11:38:30,ready_on_time,8.5,0,True
ME-38398,ORD-US-38397,M-004,QuickCare Pharmacy,2025-06-09T16:45:54,ready_on_time,20.9,0,True
ME-38399,ORD-US-38398,M-004,QuickCare Pharmacy,2025-06-09T17:24:24,ready_on_time,24.4,0,True
ME-38400,ORD-US-38399,M-001,Green Basket Market,2025-06-09T15:06:30,ready_on_time,11.5,0,True
ME-38401,ORD-US-38400,M-003,Pasta Garden,2025-06-09T16:19:06,ready_on_time,14.1,0,True
ME-38402,ORD-US-38401,M-002,Crisp & Co.,2025-06-09T15:17:30,ready_on_time,12.5,0,True
ME-38403,ORD-US-38402,M-002,Crisp & Co.,2025-06-09T11:24:42,ready_on_time,14.7,0,True
ME-38404,ORD-US-38403,M-001,Green Basket Market,2025-06-09T08:59:24,ready_on_time,14.4,0,True
ME-38405,ORD-US-38404,M-002,Crisp & Co.,2025-06-09T18:14:12,ready_on_time,9.2,0,True
ME-38406,ORD-US-38405,M-004,QuickCare Pharmacy,2025-06-09T12:40:18,ready_on_time,15.3,0,True
ME-38407,ORD-US-38406,M-002,Crisp & Co.,2025-06-09T08:30:24,ready_on_time,15.4,0,True
ME-38408,ORD-US-38407,M-003,Pasta Garden,2025-06-09T10:53:24,ready_on_time,13.4,0,True
ME-38409,ORD-US-38408,M-002,Crisp & Co.,2025-06-09T13:44:54,ready_on_time,19.9,0,True
ME-38410,ORD-US-38409,M-002,Crisp & Co.,2025-06-09T11:57:54,ready_on_time,7.9,0,True
ME-38411,ORD-US-38410,M-002,Crisp & Co.,2025-06-09T11:47:54,ready_on_time,22.9,0,True
ME-38412,ORD-US-38411,M-002,Crisp & Co.,2025-06-09T10:24:30,ready_on_time,9.5,0,True
ME-38413,ORD-US-38412,M-003,Pasta Garden,2025-06-09T14:48:30,ready_on_time,13.5,0,True
ME-38414,ORD-US-38413,M-001,Green Basket Market,2025-06-09T18:00:12,ready_on_time,15.2,0,True
ME-38415,ORD-US-38414,M-004,QuickCare Pharmacy,2025-06-09T12:06:36,ready_on_time,11.6,0,True
ME-38416,ORD-US-38415,M-003,Pasta Garden,2025-06-09T17:25:42,ready_on_time,5.7,0,True
ME-38417,ORD-US-38416,M-004,QuickCare Pharmacy,2025-06-09T10:50:30,ready_on_time,5.5,0,True
ME-38418,ORD-US-38417,M-004,QuickCare Pharmacy,2025-06-09T19:13:30,ready_on_time,13.5,0,True
ME-38419,ORD-US-38418,M-004,QuickCare Pharmacy,2025-06-09T17:27:30,ready_on_time,22.5,0,True
ME-38420,ORD-US-38419,M-003,Pasta Garden,2025-06-09T13:55:36,ready_on_time,15.6,0,True
ME-38421,ORD-US-38420,M-005,Corner Table,2025-06-09T19:43:12,ready_on_time,18.2,0,True
ME-38422,ORD-US-38421,M-005,Corner Table,2025-06-09T15:09:42,ready_on_time,9.7,0,True
ME-38423,ORD-US-38422,M-008,Noodle House,2025-06-09T10:19:12,ready_on_time,9.2,0,True
ME-38424,ORD-US-38423,M-005,Corner Table,2025-06-09T14:43:18,ready_on_time,18.3,0,True
ME-38425,ORD-US-38424,M-008,Noodle House,2025-06-09T10:17:42,ready_on_time,12.7,0,True
ME-38426,ORD-US-38425,M-006,Fresh Roots Grocery,2025-06-09T18:55:30,ready_on_time,15.5,0,True
ME-38427,ORD-US-38426,M-005,Corner Table,2025-06-09T19:37:12,ready_on_time,12.2,0,True
ME-38428,ORD-US-38427,M-007,Home & Handy,2025-06-09T19:57:06,ready_on_time,12.1,0,True
ME-38429,ORD-US-38428,M-008,Noodle House,2025-06-09T20:32:54,ready_on_time,12.9,0,True
ME-38430,ORD-US-38429,M-007,Home & Handy,2025-06-09T14:46:00,ready_on_time,16.0,0,True
ME-38431,ORD-US-38430,M-007,Home & Handy,2025-06-09T19:25:18,ready_on_time,10.3,0,True
ME-38432,ORD-US-38431,M-006,Fresh Roots Grocery,2025-06-09T08:32:12,ready_on_time,17.2,0,True
ME-38433,ORD-US-38432,M-005,Corner Table,2025-06-09T14:19:54,ready_on_time,14.9,0,True
ME-38434,ORD-US-38433,M-008,Noodle House,2025-06-09T09:26:36,ready_on_time,16.6,0,True
ME-38435,ORD-US-38434,M-008,Noodle House,2025-06-09T11:34:30,ready_on_time,19.5,0,False
ME-38436,ORD-US-38435,M-005,Corner Table,2025-06-09T14:55:06,ready_on_time,10.1,0,True
ME-38437,ORD-US-38436,M-007,Home & Handy,2025-06-09T15:55:42,ready_on_time,10.7,0,True
ME-38438,ORD-US-38437,M-005,Corner Table,2025-06-09T20:25:42,ready_on_time,15.7,0,True
ME-38439,ORD-US-38438,M-008,Noodle House,2025-06-09T13:38:48,ready_on_time,8.8,0,True
ME-38440,ORD-US-38439,M-006,Fresh Roots Grocery,2025-06-09T20:31:24,ready_on_time,6.4,0,True
ME-38441,ORD-US-38440,M-005,Corner Table,2025-06-09T20:40:00,ready_on_time,15.0,0,True
ME-38442,ORD-US-38441,M-006,Fresh Roots Grocery,2025-06-09T16:45:42,ready_on_time,10.7,0,True
ME-38443,ORD-US-38442,M-006,Fresh Roots Grocery,2025-06-09T16:54:36,ready_on_time,9.6,0,True
ME-38444,ORD-US-38443,M-006,Fresh Roots Grocery,2025-06-09T13:18:54,ready_on_time,13.9,0,True
ME-38445,ORD-US-38444,M-006,Fresh Roots Grocery,2025-06-09T18:17:00,ready_on_time,7.0,0,True
ME-38446,ORD-US-38445,M-006,Fresh Roots Grocery,2025-06-09T10:37:30,ready_on_time,22.5,0,True
ME-38447,ORD-US-38446,M-005,Corner Table,2025-06-09T13:23:06,ready_on_time,18.1,0,True
ME-38448,ORD-US-38447,M-006,Fresh Roots Grocery,2025-06-09T08:55:30,ready_on_time,15.5,0,True
ME-38449,ORD-US-38448,M-005,Corner Table,2025-06-09T15:36:06,ready_on_time,11.1,0,True
ME-38450,ORD-US-38449,M-008,Noodle House,2025-06-09T11:15:54,ready_on_time,15.9,0,True
ME-38451,ORD-US-38450,M-008,Noodle House,2025-06-09T16:07:00,ready_on_time,12.0,0,True
ME-38452,ORD-US-38451,M-007,Home & Handy,2025-06-09T13:44:24,ready_on_time,19.4,0,True
ME-38453,ORD-US-38452,M-007,Home & Handy,2025-06-09T11:41:00,ready_on_time,11.0,0,True
ME-38454,ORD-US-38453,M-005,Corner Table,2025-06-09T19:38:30,ready_on_time,13.5,0,True
ME-38455,ORD-US-38454,M-005,Corner Table,2025-06-09T11:08:48,ready_on_time,23.8,0,True
ME-38456,ORD-US-38455,M-005,Corner Table,2025-06-09T11:37:00,ready_on_time,17.0,0,True
ME-38457,ORD-US-38456,M-006,Fresh Roots Grocery,2025-06-09T13:40:12,ready_on_time,5.2,0,True
ME-38458,ORD-US-38457,M-005,Corner Table,2025-06-09T20:32:06,ready_on_time,12.1,0,True
ME-38459,ORD-US-38458,M-008,Noodle House,2025-06-09T10:05:00,ready_on_time,15.0,0,True
ME-38460,ORD-US-38459,M-007,Home & Handy,2025-06-09T08:06:54,ready_on_time,6.9,0,True
ME-38461,ORD-US-38460,M-011,Wellness Pharmacy,2025-06-09T09:52:42,ready_on_time,12.7,0,True
ME-38462,ORD-US-38461,M-011,Wellness Pharmacy,2025-06-09T16:56:54,ready_on_time,16.9,0,True
ME-38463,ORD-US-38462,M-011,Wellness Pharmacy,2025-06-09T19:21:30,ready_on_time,16.5,0,True
ME-38464,ORD-US-38463,M-011,Wellness Pharmacy,2025-06-09T18:51:30,ready_on_time,11.5,0,True
ME-38465,ORD-US-38464,M-012,Tech Stop,2025-06-09T13:52:12,ready_on_time,12.2,0,True
ME-38466,ORD-US-38465,M-012,Tech Stop,2025-06-09T18:30:36,ready_on_time,15.6,0,True
ME-38467,ORD-US-38466,M-011,Wellness Pharmacy,2025-06-09T09:02:00,ready_on_time,17.0,0,True
ME-38468,ORD-US-38467,M-009,Daily Mart,2025-06-09T21:08:18,ready_on_time,18.3,0,True
ME-38469,ORD-US-38468,M-011,Wellness Pharmacy,2025-06-09T16:24:12,ready_on_time,9.2,0,True
ME-38470,ORD-US-38469,M-010,Burger District,2025-06-09T16:03:48,ready_on_time,13.8,0,True
ME-38471,ORD-US-38470,M-011,Wellness Pharmacy,2025-06-09T16:09:30,ready_on_time,14.5,0,True
ME-38472,ORD-US-38471,M-010,Burger District,2025-06-09T14:32:36,ready_on_time,7.6,0,True
ME-38473,ORD-US-38472,M-010,Burger District,2025-06-09T13:38:12,ready_on_time,8.2,0,True
ME-38474,ORD-US-38473,M-010,Burger District,2025-06-09T18:02:48,ready_on_time,12.8,0,True
ME-38475,ORD-US-38474,M-011,Wellness Pharmacy,2025-06-09T16:22:42,ready_on_time,12.7,0,True
ME-38476,ORD-US-38475,M-009,Daily Mart,2025-06-09T10:39:18,ready_on_time,9.3,0,True
ME-38477,ORD-US-38476,M-011,Wellness Pharmacy,2025-06-09T20:53:54,ready_on_time,13.9,0,True
ME-38478,ORD-US-38477,M-009,Daily Mart,2025-06-09T11:53:06,ready_on_time,8.1,0,True
ME-38479,ORD-US-38478,M-011,Wellness Pharmacy,2025-06-09T20:38:18,ready_on_time,18.3,0,True
ME-38480,ORD-US-38479,M-010,Burger District,2025-06-09T16:14:54,ready_on_time,9.9,0,True
ME-38481,ORD-US-38480,M-010,Burger District,2025-06-09T12:23:12,ready_on_time,13.2,0,True
ME-38482,ORD-US-38481,M-010,Burger District,2025-06-09T20:28:12,ready_on_time,13.2,0,True
ME-38483,ORD-US-38482,M-012,Tech Stop,2025-06-09T19:11:12,ready_on_time,16.2,0,True
ME-38484,ORD-US-38483,M-011,Wellness Pharmacy,2025-06-09T20:48:12,ready_on_time,8.2,0,True
ME-38485,ORD-US-38484,M-009,Daily Mart,2025-06-09T14:30:06,ready_on_time,10.1,0,True
ME-38486,ORD-US-38485,M-011,Wellness Pharmacy,2025-06-09T09:08:48,ready_on_time,18.8,0,True
ME-38487,ORD-US-38486,M-010,Burger District,2025-06-09T17:09:12,ready_on_time,14.2,0,True
ME-38488,ORD-US-38487,M-009,Daily Mart,2025-06-09T16:09:30,ready_on_time,19.5,0,True
ME-38489,ORD-US-38488,M-011,Wellness Pharmacy,2025-06-09T10:10:30,ready_on_time,15.5,0,True
ME-38490,ORD-US-38489,M-011,Wellness Pharmacy,2025-06-09T17:39:00,ready_on_time,14.0,0,True
ME-38491,ORD-US-38490,M-011,Wellness Pharmacy,2025-06-09T16:26:18,ready_on_time,11.3,0,True
ME-38492,ORD-US-38491,M-011,Wellness Pharmacy,2025-06-09T10:49:24,ready_on_time,19.4,0,True
ME-38493,ORD-US-38492,M-012,Tech Stop,2025-06-09T15:53:00,ready_on_time,13.0,0,True
ME-38494,ORD-US-38493,M-012,Tech Stop,2025-06-09T20:32:12,ready_on_time,12.2,0,True
ME-38495,ORD-US-38494,M-009,Daily Mart,2025-06-09T12:09:00,ready_on_time,19.0,0,True
ME-38496,ORD-US-38495,M-010,Burger District,2025-06-09T13:04:00,ready_on_time,14.0,0,True
ME-38497,ORD-US-38496,M-011,Wellness Pharmacy,2025-06-09T10:09:30,ready_on_time,19.5,0,True
ME-38498,ORD-US-38497,M-011,Wellness Pharmacy,2025-06-09T15:57:42,ready_on_time,17.7,0,True
ME-38499,ORD-US-38498,M-011,Wellness Pharmacy,2025-06-09T20:09:00,ready_on_time,9.0,0,True
ME-38500,ORD-US-38499,M-010,Burger District,2025-06-09T14:05:12,ready_on_time,20.2,0,True
ME-38501,ORD-US-38500,M-011,Wellness Pharmacy,2025-06-09T13:27:00,ready_on_time,17.0,0,True
ME-38502,ORD-US-38501,M-010,Burger District,2025-06-09T12:36:48,ready_on_time,16.8,0,True
ME-38503,ORD-US-38502,M-009,Daily Mart,2025-06-09T12:38:18,ready_on_time,13.3,0,True
ME-38504,ORD-US-38503,M-009,Daily Mart,2025-06-09T14:20:30,ready_on_time,10.5,0,True
ME-38505,ORD-US-38504,M-002,Crisp & Co.,2025-06-10T08:39:00,ready_on_time,14.0,0,True
ME-38506,ORD-US-38505,M-003,Pasta Garden,2025-06-10T12:39:30,ready_on_time,14.5,0,True
ME-38507,ORD-US-38506,M-004,QuickCare Pharmacy,2025-06-10T08:30:12,ready_on_time,15.2,0,True
ME-38508,ORD-US-38507,M-002,Crisp & Co.,2025-06-10T09:18:12,ready_on_time,18.2,0,True
ME-38509,ORD-US-38508,M-002,Crisp & Co.,2025-06-10T10:27:12,ready_on_time,17.2,0,True
ME-38510,ORD-US-38509,M-003,Pasta Garden,2025-06-10T17:36:18,ready_on_time,11.3,0,True
ME-38511,ORD-US-38510,M-004,QuickCare Pharmacy,2025-06-10T13:02:06,ready_on_time,17.1,0,True
ME-38512,ORD-US-38511,M-001,Green Basket Market,2025-06-10T11:48:36,ready_on_time,13.6,0,True
ME-38513,ORD-US-38512,M-003,Pasta Garden,2025-06-10T16:51:24,ready_on_time,11.4,0,True
ME-38514,ORD-US-38513,M-002,Crisp & Co.,2025-06-10T12:56:00,ready_on_time,21.0,0,True
ME-38515,ORD-US-38514,M-004,QuickCare Pharmacy,2025-06-10T14:56:36,ready_on_time,16.6,0,True
ME-38516,ORD-US-38515,M-001,Green Basket Market,2025-06-10T09:02:48,ready_on_time,17.8,0,True
ME-38517,ORD-US-38516,M-001,Green Basket Market,2025-06-10T12:28:54,ready_on_time,8.9,0,True
ME-38518,ORD-US-38517,M-002,Crisp & Co.,2025-06-10T20:04:24,ready_on_time,14.4,0,True
ME-38519,ORD-US-38518,M-001,Green Basket Market,2025-06-10T08:42:00,ready_on_time,12.0,0,True
ME-38520,ORD-US-38519,M-002,Crisp & Co.,2025-06-10T17:15:18,ready_on_time,15.3,0,True
ME-38521,ORD-US-38520,M-003,Pasta Garden,2025-06-10T19:12:54,ready_on_time,12.9,0,True
ME-38522,ORD-US-38521,M-001,Green Basket Market,2025-06-10T18:32:48,ready_on_time,12.8,0,True
ME-38523,ORD-US-38522,M-002,Crisp & Co.,2025-06-10T19:29:06,ready_on_time,19.1,0,True
ME-38524,ORD-US-38523,M-002,Crisp & Co.,2025-06-10T14:10:30,ready_on_time,10.5,0,True
ME-38525,ORD-US-38524,M-004,QuickCare Pharmacy,2025-06-10T17:30:18,ready_on_time,15.3,0,True
ME-38526,ORD-US-38525,M-004,QuickCare Pharmacy,2025-06-10T09:20:24,ready_on_time,15.4,0,True
ME-38527,ORD-US-38526,M-002,Crisp & Co.,2025-06-10T13:20:42,ready_on_time,20.7,0,True
ME-38528,ORD-US-38527,M-002,Crisp & Co.,2025-06-10T14:03:30,ready_on_time,13.5,0,True
ME-38529,ORD-US-38528,M-004,QuickCare Pharmacy,2025-06-10T13:19:06,ready_on_time,9.1,0,True
ME-38530,ORD-US-38529,M-001,Green Basket Market,2025-06-10T10:17:54,ready_on_time,17.9,0,True
ME-38531,ORD-US-38530,M-004,QuickCare Pharmacy,2025-06-10T08:12:30,ready_on_time,7.5,0,True
ME-38532,ORD-US-38531,M-003,Pasta Garden,2025-06-10T14:10:06,ready_on_time,10.1,0,True
ME-38533,ORD-US-38532,M-002,Crisp & Co.,2025-06-10T17:53:12,ready_on_time,13.2,0,True
ME-38534,ORD-US-38533,M-003,Pasta Garden,2025-06-10T12:19:42,ready_on_time,4.7,0,True
ME-38535,ORD-US-38534,M-004,QuickCare Pharmacy,2025-06-10T20:04:06,ready_on_time,14.1,0,True
ME-38536,ORD-US-38535,M-002,Crisp & Co.,2025-06-10T14:43:42,ready_on_time,23.7,0,True
ME-38537,ORD-US-38536,M-001,Green Basket Market,2025-06-10T19:13:54,ready_on_time,13.9,0,True
ME-38538,ORD-US-38537,M-004,QuickCare Pharmacy,2025-06-10T15:33:36,ready_on_time,8.6,0,True
ME-38539,ORD-US-38538,M-002,Crisp & Co.,2025-06-10T19:44:06,ready_on_time,19.1,0,True
ME-38540,ORD-US-38539,M-002,Crisp & Co.,2025-06-10T09:38:48,ready_on_time,13.8,0,True
ME-38541,ORD-US-38540,M-002,Crisp & Co.,2025-06-10T15:43:06,ready_on_time,13.1,0,True
ME-38542,ORD-US-38541,M-002,Crisp & Co.,2025-06-10T12:00:24,ready_on_time,15.4,0,True
ME-38543,ORD-US-38542,M-002,Crisp & Co.,2025-06-10T10:53:12,ready_on_time,18.2,0,True
ME-38544,ORD-US-38543,M-004,QuickCare Pharmacy,2025-06-10T12:26:48,ready_on_time,11.8,0,True
ME-38545,ORD-US-38544,M-003,Pasta Garden,2025-06-10T19:59:54,ready_on_time,9.9,0,True
ME-38546,ORD-US-38545,M-004,QuickCare Pharmacy,2025-06-10T14:36:24,ready_on_time,16.4,0,True
ME-38547,ORD-US-38546,M-003,Pasta Garden,2025-06-10T20:46:12,ready_on_time,11.2,0,True
ME-38548,ORD-US-38547,M-001,Green Basket Market,2025-06-10T19:56:12,ready_on_time,6.2,0,True
ME-38549,ORD-US-38548,M-002,Crisp & Co.,2025-06-10T19:44:06,ready_on_time,14.1,0,True
ME-38550,ORD-US-38549,M-008,Noodle House,2025-06-10T12:28:06,ready_on_time,18.1,0,True
ME-38551,ORD-US-38550,M-005,Corner Table,2025-06-10T08:46:06,ready_on_time,6.1,0,True
ME-38552,ORD-US-38551,M-007,Home & Handy,2025-06-10T12:22:36,ready_on_time,7.6,0,True
ME-38553,ORD-US-38552,M-006,Fresh Roots Grocery,2025-06-10T13:59:48,ready_on_time,19.8,0,True
ME-38554,ORD-US-38553,M-008,Noodle House,2025-06-10T11:33:12,ready_on_time,13.2,0,True
ME-38555,ORD-US-38554,M-007,Home & Handy,2025-06-10T08:53:48,ready_on_time,18.8,0,True
ME-38556,ORD-US-38555,M-006,Fresh Roots Grocery,2025-06-10T10:47:36,ready_on_time,22.6,0,True
ME-38557,ORD-US-38556,M-006,Fresh Roots Grocery,2025-06-10T20:57:36,ready_on_time,17.6,0,True
ME-38558,ORD-US-38557,M-008,Noodle House,2025-06-10T12:34:42,ready_on_time,9.7,0,True
ME-38559,ORD-US-38558,M-007,Home & Handy,2025-06-10T18:54:00,ready_on_time,19.0,0,True
ME-38560,ORD-US-38559,M-007,Home & Handy,2025-06-10T11:53:54,ready_on_time,8.9,0,True
ME-38561,ORD-US-38560,M-008,Noodle House,2025-06-10T13:18:18,ready_on_time,13.3,0,True
ME-38562,ORD-US-38561,M-006,Fresh Roots Grocery,2025-06-10T08:50:06,ready_on_time,15.1,0,True
ME-38563,ORD-US-38562,M-007,Home & Handy,2025-06-10T16:22:24,ready_on_time,12.4,0,True
ME-38564,ORD-US-38563,M-007,Home & Handy,2025-06-10T14:10:48,ready_on_time,15.8,0,True
ME-38565,ORD-US-38564,M-008,Noodle House,2025-06-10T19:52:42,ready_on_time,12.7,0,True
ME-38566,ORD-US-38565,M-005,Corner Table,2025-06-10T17:15:30,ready_on_time,15.5,0,True
ME-38567,ORD-US-38566,M-005,Corner Table,2025-06-10T19:41:30,ready_on_time,11.5,0,True
ME-38568,ORD-US-38567,M-005,Corner Table,2025-06-10T13:31:06,ready_on_time,6.1,0,False
ME-38569,ORD-US-38568,M-008,Noodle House,2025-06-10T18:58:18,ready_on_time,13.3,0,True
ME-38570,ORD-US-38569,M-006,Fresh Roots Grocery,2025-06-10T15:54:54,ready_on_time,14.9,0,True
ME-38571,ORD-US-38570,M-006,Fresh Roots Grocery,2025-06-10T11:11:30,ready_on_time,16.5,0,True
ME-38572,ORD-US-38571,M-007,Home & Handy,2025-06-10T13:11:30,ready_on_time,6.5,0,True
ME-38573,ORD-US-38572,M-005,Corner Table,2025-06-10T18:51:18,ready_on_time,16.3,0,True
ME-38574,ORD-US-38573,M-008,Noodle House,2025-06-10T16:15:36,ready_on_time,15.6,0,True
ME-38575,ORD-US-38574,M-008,Noodle House,2025-06-10T15:15:36,ready_on_time,15.6,0,True
ME-38576,ORD-US-38575,M-008,Noodle House,2025-06-10T11:12:06,ready_on_time,12.1,0,True
ME-38577,ORD-US-38576,M-008,Noodle House,2025-06-10T10:45:36,ready_on_time,10.6,0,True
ME-38578,ORD-US-38577,M-008,Noodle House,2025-06-10T18:38:54,ready_on_time,13.9,0,True
ME-38579,ORD-US-38578,M-005,Corner Table,2025-06-10T19:01:18,ready_on_time,11.3,0,True
ME-38580,ORD-US-38579,M-005,Corner Table,2025-06-10T11:19:18,ready_on_time,9.3,0,True
ME-38581,ORD-US-38580,M-008,Noodle House,2025-06-10T18:43:00,ready_on_time,13.0,0,True
ME-38582,ORD-US-38581,M-007,Home & Handy,2025-06-10T08:49:12,ready_on_time,19.2,0,True
ME-38583,ORD-US-38582,M-006,Fresh Roots Grocery,2025-06-10T18:00:48,ready_on_time,15.8,0,True
ME-38584,ORD-US-38583,M-005,Corner Table,2025-06-10T14:51:00,ready_on_time,11.0,0,True
ME-38585,ORD-US-38584,M-006,Fresh Roots Grocery,2025-06-10T19:50:24,ready_on_time,5.4,0,True
ME-38586,ORD-US-38585,M-007,Home & Handy,2025-06-10T19:12:24,ready_on_time,12.4,0,True
ME-38587,ORD-US-38586,M-005,Corner Table,2025-06-10T11:20:18,ready_on_time,15.3,0,True
ME-38588,ORD-US-38587,M-007,Home & Handy,2025-06-10T10:30:18,ready_on_time,10.3,0,True
ME-38589,ORD-US-38588,M-005,Corner Table,2025-06-10T12:36:00,ready_on_time,21.0,0,True
ME-38590,ORD-US-38589,M-005,Corner Table,2025-06-10T16:20:42,ready_on_time,15.7,0,True
ME-38591,ORD-US-38590,M-006,Fresh Roots Grocery,2025-06-10T10:49:42,ready_on_time,9.7,0,True
ME-38592,ORD-US-38591,M-007,Home & Handy,2025-06-10T10:45:00,ready_on_time,15.0,0,True
ME-38593,ORD-US-38592,M-012,Tech Stop,2025-06-10T08:18:06,ready_on_time,8.1,0,True
ME-38594,ORD-US-38593,M-011,Wellness Pharmacy,2025-06-10T19:30:12,ready_on_time,15.2,0,True
ME-38595,ORD-US-38594,M-010,Burger District,2025-06-10T08:34:48,ready_on_time,14.8,0,True
ME-38596,ORD-US-38595,M-010,Burger District,2025-06-10T15:55:12,ready_on_time,10.2,0,True
ME-38597,ORD-US-38596,M-011,Wellness Pharmacy,2025-06-10T17:50:30,ready_on_time,15.5,0,True
ME-38598,ORD-US-38597,M-009,Daily Mart,2025-06-10T17:11:06,ready_on_time,6.1,0,True
ME-38599,ORD-US-38598,M-011,Wellness Pharmacy,2025-06-10T15:07:48,ready_on_time,17.8,0,True
ME-38600,ORD-US-38599,M-010,Burger District,2025-06-10T16:06:24,ready_on_time,6.4,0,True
ME-38601,ORD-US-38600,M-012,Tech Stop,2025-06-10T13:25:12,ready_on_time,15.2,0,True
ME-38602,ORD-US-38601,M-010,Burger District,2025-06-10T13:17:48,ready_on_time,7.8,0,True
ME-38603,ORD-US-38602,M-010,Burger District,2025-06-10T16:59:54,ready_on_time,14.9,0,True
ME-38604,ORD-US-38603,M-011,Wellness Pharmacy,2025-06-10T08:33:36,ready_on_time,8.6,0,True
ME-38605,ORD-US-38604,M-009,Daily Mart,2025-06-10T20:01:42,ready_on_time,16.7,0,True
ME-38606,ORD-US-38605,M-012,Tech Stop,2025-06-10T14:32:18,ready_on_time,7.3,0,True
ME-38607,ORD-US-38606,M-011,Wellness Pharmacy,2025-06-10T13:30:12,ready_on_time,10.2,0,True
ME-38608,ORD-US-38607,M-009,Daily Mart,2025-06-10T08:44:06,ready_on_time,14.1,0,True
ME-38609,ORD-US-38608,M-010,Burger District,2025-06-10T13:26:30,ready_on_time,16.5,0,True
ME-38610,ORD-US-38609,M-011,Wellness Pharmacy,2025-06-10T14:07:54,ready_on_time,17.9,0,True
ME-38611,ORD-US-38610,M-010,Burger District,2025-06-10T17:00:18,ready_on_time,10.3,0,True
ME-38612,ORD-US-38611,M-010,Burger District,2025-06-10T15:51:54,ready_on_time,11.9,0,True
ME-38613,ORD-US-38612,M-011,Wellness Pharmacy,2025-06-10T17:51:54,ready_on_time,16.9,0,True
ME-38614,ORD-US-38613,M-012,Tech Stop,2025-06-10T09:47:06,ready_on_time,12.1,0,True
ME-38615,ORD-US-38614,M-010,Burger District,2025-06-10T17:25:24,ready_on_time,15.4,0,True
ME-38616,ORD-US-38615,M-010,Burger District,2025-06-10T13:35:12,ready_on_time,15.2,0,True
ME-38617,ORD-US-38616,M-012,Tech Stop,2025-06-10T12:18:00,ready_on_time,8.0,0,True
ME-38618,ORD-US-38617,M-011,Wellness Pharmacy,2025-06-10T19:45:06,ready_on_time,20.1,0,True
ME-38619,ORD-US-38618,M-012,Tech Stop,2025-06-10T18:58:18,ready_on_time,13.3,0,True
ME-38620,ORD-US-38619,M-012,Tech Stop,2025-06-10T12:19:12,ready_on_time,14.2,0,True
ME-38621,ORD-US-38620,M-012,Tech Stop,2025-06-10T13:34:00,ready_on_time,9.0,0,True
ME-38622,ORD-US-38621,M-010,Burger District,2025-06-10T12:29:24,ready_on_time,14.4,0,True
ME-38623,ORD-US-38622,M-010,Burger District,2025-06-10T12:39:24,ready_on_time,14.4,0,True
ME-38624,ORD-US-38623,M-010,Burger District,2025-06-10T16:43:30,ready_on_time,13.5,0,True
ME-38625,ORD-US-38624,M-012,Tech Stop,2025-06-10T17:27:48,ready_on_time,12.8,0,True
ME-38626,ORD-US-38625,M-012,Tech Stop,2025-06-10T20:59:06,ready_on_time,14.1,0,True
ME-38627,ORD-US-38626,M-012,Tech Stop,2025-06-10T20:58:48,ready_on_time,13.8,0,True
ME-38628,ORD-US-38627,M-011,Wellness Pharmacy,2025-06-10T10:41:18,ready_on_time,6.3,0,True
ME-38629,ORD-US-38628,M-010,Burger District,2025-06-10T14:48:06,ready_on_time,23.1,0,True
ME-38630,ORD-US-38629,M-012,Tech Stop,2025-06-10T14:43:18,ready_on_time,13.3,0,True
ME-38631,ORD-US-38630,M-012,Tech Stop,2025-06-10T10:57:06,ready_on_time,17.1,0,True
ME-38632,ORD-US-38631,M-012,Tech Stop,2025-06-10T09:47:06,ready_on_time,12.1,0,True
ME-38633,ORD-US-38632,M-010,Burger District,2025-06-10T21:02:36,ready_on_time,17.6,0,True
ME-38634,ORD-US-38633,M-011,Wellness Pharmacy,2025-06-10T17:58:12,ready_on_time,18.2,0,True
ME-38635,ORD-US-38634,M-002,Crisp & Co.,2025-06-11T17:15:30,ready_on_time,10.5,0,True
ME-38636,ORD-US-38635,M-003,Pasta Garden,2025-06-11T16:48:42,ready_on_time,13.7,0,True
ME-38637,ORD-US-38636,M-001,Green Basket Market,2025-06-11T19:14:00,ready_on_time,14.0,0,True
ME-38638,ORD-US-38637,M-004,QuickCare Pharmacy,2025-06-11T09:20:48,ready_on_time,15.8,0,True
ME-38639,ORD-US-38638,M-002,Crisp & Co.,2025-06-11T17:10:54,ready_on_time,15.9,0,True
ME-38640,ORD-US-38639,M-002,Crisp & Co.,2025-06-11T10:54:18,ready_on_time,19.3,0,True
ME-38641,ORD-US-38640,M-001,Green Basket Market,2025-06-11T11:13:36,ready_on_time,13.6,0,True
ME-38642,ORD-US-38641,M-003,Pasta Garden,2025-06-11T13:27:54,ready_on_time,12.9,0,True
ME-38643,ORD-US-38642,M-003,Pasta Garden,2025-06-11T20:37:24,ready_on_time,22.4,0,True
ME-38644,ORD-US-38643,M-002,Crisp & Co.,2025-06-11T09:42:36,ready_on_time,12.6,0,True
ME-38645,ORD-US-38644,M-002,Crisp & Co.,2025-06-11T13:31:36,ready_on_time,6.6,0,True
ME-38646,ORD-US-38645,M-004,QuickCare Pharmacy,2025-06-11T20:40:24,ready_on_time,20.4,0,True
ME-38647,ORD-US-38646,M-003,Pasta Garden,2025-06-11T10:50:36,ready_on_time,10.6,0,True
ME-38648,ORD-US-38647,M-004,QuickCare Pharmacy,2025-06-11T09:31:36,ready_on_time,21.6,0,True
ME-38649,ORD-US-38648,M-002,Crisp & Co.,2025-06-11T11:42:36,ready_on_time,17.6,0,True
ME-38650,ORD-US-38649,M-001,Green Basket Market,2025-06-11T17:48:06,ready_on_time,8.1,0,True
ME-38651,ORD-US-38650,M-002,Crisp & Co.,2025-06-11T15:49:18,ready_on_time,19.3,0,True
ME-38652,ORD-US-38651,M-002,Crisp & Co.,2025-06-11T16:47:00,ready_on_time,12.0,0,True
ME-38653,ORD-US-38652,M-001,Green Basket Market,2025-06-11T18:14:24,ready_on_time,19.4,0,True
ME-38654,ORD-US-38653,M-004,QuickCare Pharmacy,2025-06-11T08:55:12,ready_on_time,15.2,0,True
ME-38655,ORD-US-38654,M-003,Pasta Garden,2025-06-11T08:44:36,ready_on_time,14.6,0,True
ME-38656,ORD-US-38655,M-004,QuickCare Pharmacy,2025-06-11T19:05:36,ready_on_time,10.6,0,True
ME-38657,ORD-US-38656,M-001,Green Basket Market,2025-06-11T08:31:06,ready_on_time,16.1,0,True
ME-38658,ORD-US-38657,M-004,QuickCare Pharmacy,2025-06-11T20:16:06,ready_on_time,11.1,0,True
ME-38659,ORD-US-38658,M-001,Green Basket Market,2025-06-11T16:39:36,ready_on_time,14.6,0,True
ME-38660,ORD-US-38659,M-004,QuickCare Pharmacy,2025-06-11T19:08:12,ready_on_time,18.2,0,True
ME-38661,ORD-US-38660,M-002,Crisp & Co.,2025-06-11T12:42:00,ready_on_time,7.0,0,True
ME-38662,ORD-US-38661,M-003,Pasta Garden,2025-06-11T18:12:30,ready_on_time,17.5,0,True
ME-38663,ORD-US-38662,M-002,Crisp & Co.,2025-06-11T13:03:48,ready_on_time,18.8,0,True
ME-38664,ORD-US-38663,M-003,Pasta Garden,2025-06-11T12:04:36,ready_on_time,14.6,0,True
ME-38665,ORD-US-38664,M-001,Green Basket Market,2025-06-11T09:52:24,ready_on_time,22.4,0,True
ME-38666,ORD-US-38665,M-003,Pasta Garden,2025-06-11T19:56:36,ready_on_time,21.6,0,True
ME-38667,ORD-US-38666,M-004,QuickCare Pharmacy,2025-06-11T21:01:30,ready_on_time,11.5,0,True
ME-38668,ORD-US-38667,M-004,QuickCare Pharmacy,2025-06-11T10:18:12,ready_on_time,13.2,0,True
ME-38669,ORD-US-38668,M-001,Green Basket Market,2025-06-11T18:47:30,ready_on_time,12.5,0,True
ME-38670,ORD-US-38669,M-003,Pasta Garden,2025-06-11T15:04:18,ready_on_time,14.3,0,True
ME-38671,ORD-US-38670,M-004,QuickCare Pharmacy,2025-06-11T14:49:00,ready_on_time,14.0,0,True
ME-38672,ORD-US-38671,M-001,Green Basket Market,2025-06-11T08:19:12,ready_on_time,14.2,0,True
ME-38673,ORD-US-38672,M-002,Crisp & Co.,2025-06-11T20:47:06,ready_on_time,12.1,0,True
ME-38674,ORD-US-38673,M-004,QuickCare Pharmacy,2025-06-11T20:38:30,ready_on_time,13.5,0,True
ME-38675,ORD-US-38674,M-002,Crisp & Co.,2025-06-11T09:09:24,ready_on_time,14.4,0,True
ME-38676,ORD-US-38675,M-001,Green Basket Market,2025-06-11T21:04:24,ready_on_time,14.4,0,True
ME-38677,ORD-US-38676,M-006,Fresh Roots Grocery,2025-06-11T18:04:12,ready_on_time,14.2,0,True
ME-38678,ORD-US-38677,M-005,Corner Table,2025-06-11T14:17:18,ready_on_time,17.3,0,True
ME-38679,ORD-US-38678,M-005,Corner Table,2025-06-11T09:56:30,ready_on_time,11.5,0,True
ME-38680,ORD-US-38679,M-008,Noodle House,2025-06-11T09:29:30,ready_on_time,14.5,0,True
ME-38681,ORD-US-38680,M-005,Corner Table,2025-06-11T12:54:06,ready_on_time,14.1,0,True
ME-38682,ORD-US-38681,M-008,Noodle House,2025-06-11T12:16:48,ready_on_time,16.8,0,True
ME-38683,ORD-US-38682,M-008,Noodle House,2025-06-11T15:13:54,ready_on_time,18.9,0,True
ME-38684,ORD-US-38683,M-006,Fresh Roots Grocery,2025-06-11T12:26:42,ready_on_time,21.7,0,True
ME-38685,ORD-US-38684,M-007,Home & Handy,2025-06-11T12:47:00,ready_on_time,12.0,0,True
ME-38686,ORD-US-38685,M-006,Fresh Roots Grocery,2025-06-11T16:43:54,ready_on_time,13.9,0,True
ME-38687,ORD-US-38686,M-006,Fresh Roots Grocery,2025-06-11T21:04:12,ready_on_time,14.2,0,True
ME-38688,ORD-US-38687,M-006,Fresh Roots Grocery,2025-06-11T11:10:42,ready_on_time,10.7,0,True
ME-38689,ORD-US-38688,M-007,Home & Handy,2025-06-11T15:31:42,ready_on_time,16.7,0,True
ME-38690,ORD-US-38689,M-006,Fresh Roots Grocery,2025-06-11T10:15:54,ready_on_time,10.9,0,True
ME-38691,ORD-US-38690,M-005,Corner Table,2025-06-11T11:11:36,ready_on_time,6.6,0,True
ME-38692,ORD-US-38691,M-006,Fresh Roots Grocery,2025-06-11T14:16:24,ready_on_time,16.4,0,True
ME-38693,ORD-US-38692,M-006,Fresh Roots Grocery,2025-06-11T14:00:18,ready_on_time,10.3,0,True
ME-38694,ORD-US-38693,M-007,Home & Handy,2025-06-11T20:28:30,ready_on_time,18.5,0,True
ME-38695,ORD-US-38694,M-006,Fresh Roots Grocery,2025-06-11T10:59:42,ready_on_time,19.7,0,True
ME-38696,ORD-US-38695,M-006,Fresh Roots Grocery,2025-06-11T17:05:18,ready_on_time,10.3,0,True
ME-38697,ORD-US-38696,M-005,Corner Table,2025-06-11T10:12:48,ready_on_time,12.8,0,True
ME-38698,ORD-US-38697,M-007,Home & Handy,2025-06-11T17:51:36,ready_on_time,11.6,0,True
ME-38699,ORD-US-38698,M-008,Noodle House,2025-06-11T13:17:36,ready_on_time,12.6,0,True
ME-38700,ORD-US-38699,M-005,Corner Table,2025-06-11T18:10:54,ready_on_time,15.9,0,True
ME-38701,ORD-US-38700,M-008,Noodle House,2025-06-11T16:42:36,ready_on_time,17.6,0,True
ME-38702,ORD-US-38701,M-006,Fresh Roots Grocery,2025-06-11T19:05:54,ready_on_time,5.9,0,True
ME-38703,ORD-US-38702,M-006,Fresh Roots Grocery,2025-06-11T10:50:24,ready_on_time,15.4,0,True
ME-38704,ORD-US-38703,M-008,Noodle House,2025-06-11T14:28:42,ready_on_time,8.7,0,True
ME-38705,ORD-US-38704,M-008,Noodle House,2025-06-11T13:04:18,ready_on_time,19.3,0,True
ME-38706,ORD-US-38705,M-005,Corner Table,2025-06-11T18:04:06,ready_on_time,9.1,0,True
ME-38707,ORD-US-38706,M-008,Noodle House,2025-06-11T15:13:42,ready_on_time,13.7,0,True
ME-38708,ORD-US-38707,M-007,Home & Handy,2025-06-11T20:39:12,ready_on_time,19.2,0,True
ME-38709,ORD-US-38708,M-006,Fresh Roots Grocery,2025-06-11T12:45:24,ready_on_time,15.4,0,True
ME-38710,ORD-US-38709,M-006,Fresh Roots Grocery,2025-06-11T11:08:30,ready_on_time,8.5,0,True
ME-38711,ORD-US-38710,M-005,Corner Table,2025-06-11T08:23:36,ready_on_time,13.6,0,True
ME-38712,ORD-US-38711,M-007,Home & Handy,2025-06-11T20:38:12,ready_on_time,18.2,0,True
ME-38713,ORD-US-38712,M-008,Noodle House,2025-06-11T20:42:42,ready_on_time,12.7,0,True
ME-38714,ORD-US-38713,M-005,Corner Table,2025-06-11T09:50:24,ready_on_time,15.4,0,True
ME-38715,ORD-US-38714,M-006,Fresh Roots Grocery,2025-06-11T20:52:36,ready_on_time,17.6,0,True
ME-38716,ORD-US-38715,M-005,Corner Table,2025-06-11T17:07:30,ready_on_time,12.5,0,True
ME-38717,ORD-US-38716,M-006,Fresh Roots Grocery,2025-06-11T20:12:42,ready_on_time,12.7,0,True
ME-38718,ORD-US-38717,M-007,Home & Handy,2025-06-11T13:33:00,ready_on_time,18.0,0,True
ME-38719,ORD-US-38718,M-005,Corner Table,2025-06-11T09:29:24,ready_on_time,14.4,0,True
ME-38720,ORD-US-38719,M-005,Corner Table,2025-06-11T12:12:12,ready_on_time,7.2,0,True
ME-38721,ORD-US-38720,M-008,Noodle House,2025-06-11T16:29:06,ready_on_time,4.1,0,True
ME-38722,ORD-US-38721,M-010,Burger District,2025-06-11T14:50:24,ready_on_time,25.4,0,True
ME-38723,ORD-US-38722,M-012,Tech Stop,2025-06-11T18:50:12,ready_on_time,10.2,0,True
ME-38724,ORD-US-38723,M-010,Burger District,2025-06-11T14:08:54,ready_on_time,18.9,0,True
ME-38725,ORD-US-38724,M-012,Tech Stop,2025-06-11T14:56:00,ready_on_time,11.0,0,True
ME-38726,ORD-US-38725,M-009,Daily Mart,2025-06-11T16:29:06,ready_on_time,14.1,0,True
ME-38727,ORD-US-38726,M-010,Burger District,2025-06-11T18:46:06,ready_on_time,11.1,0,True
ME-38728,ORD-US-38727,M-010,Burger District,2025-06-11T11:44:06,ready_on_time,14.1,0,True
ME-38729,ORD-US-38728,M-011,Wellness Pharmacy,2025-06-11T11:29:06,ready_on_time,19.1,0,True
ME-38730,ORD-US-38729,M-011,Wellness Pharmacy,2025-06-11T14:53:12,ready_on_time,18.2,0,True
ME-38731,ORD-US-38730,M-011,Wellness Pharmacy,2025-06-11T15:11:54,ready_on_time,11.9,0,True
ME-38732,ORD-US-38731,M-009,Daily Mart,2025-06-11T17:35:00,ready_on_time,15.0,0,True
ME-38733,ORD-US-38732,M-009,Daily Mart,2025-06-11T08:45:48,ready_on_time,15.8,0,True
ME-38734,ORD-US-38733,M-009,Daily Mart,2025-06-11T16:23:48,ready_on_time,13.8,0,True
ME-38735,ORD-US-38734,M-010,Burger District,2025-06-11T14:05:48,ready_on_time,10.8,0,True
ME-38736,ORD-US-38735,M-009,Daily Mart,2025-06-11T14:39:42,ready_on_time,14.7,0,True
ME-38737,ORD-US-38736,M-011,Wellness Pharmacy,2025-06-11T10:53:12,ready_on_time,8.2,0,True
ME-38738,ORD-US-38737,M-009,Daily Mart,2025-06-11T11:56:54,ready_on_time,11.9,0,True
ME-38739,ORD-US-38738,M-012,Tech Stop,2025-06-11T08:55:18,ready_on_time,10.3,0,True
ME-38740,ORD-US-38739,M-011,Wellness Pharmacy,2025-06-11T16:47:30,ready_on_time,17.5,0,True
ME-38741,ORD-US-38740,M-012,Tech Stop,2025-06-11T11:13:06,ready_on_time,8.1,0,True
ME-38742,ORD-US-38741,M-011,Wellness Pharmacy,2025-06-11T09:16:18,ready_on_time,11.3,0,True
ME-38743,ORD-US-38742,M-009,Daily Mart,2025-06-11T13:45:06,ready_on_time,10.1,0,True
ME-38744,ORD-US-38743,M-011,Wellness Pharmacy,2025-06-11T11:11:18,ready_on_time,16.3,0,True
ME-38745,ORD-US-38744,M-011,Wellness Pharmacy,2025-06-11T09:23:36,ready_on_time,13.6,0,True
ME-38746,ORD-US-38745,M-010,Burger District,2025-06-11T11:25:12,ready_on_time,15.2,0,True
ME-38747,ORD-US-38746,M-009,Daily Mart,2025-06-11T18:12:18,ready_on_time,17.3,0,True
ME-38748,ORD-US-38747,M-010,Burger District,2025-06-11T12:50:18,ready_on_time,15.3,0,True
ME-38749,ORD-US-38748,M-009,Daily Mart,2025-06-11T12:17:48,ready_on_time,17.8,0,True
ME-38750,ORD-US-38749,M-009,Daily Mart,2025-06-11T09:54:36,ready_on_time,4.6,0,True
ME-38751,ORD-US-38750,M-009,Daily Mart,2025-06-11T09:10:24,ready_on_time,20.4,0,True
ME-38752,ORD-US-38751,M-012,Tech Stop,2025-06-11T12:24:06,ready_on_time,19.1,0,True
ME-38753,ORD-US-38752,M-012,Tech Stop,2025-06-11T19:24:54,ready_on_time,14.9,0,True
ME-38754,ORD-US-38753,M-009,Daily Mart,2025-06-11T15:41:42,ready_on_time,16.7,0,True
ME-38755,ORD-US-38754,M-012,Tech Stop,2025-06-11T14:13:36,ready_on_time,13.6,0,True
ME-38756,ORD-US-38755,M-010,Burger District,2025-06-11T13:03:12,ready_on_time,13.2,0,True
ME-38757,ORD-US-38756,M-009,Daily Mart,2025-06-11T16:37:42,ready_on_time,12.7,0,True
ME-38758,ORD-US-38757,M-012,Tech Stop,2025-06-11T08:51:42,ready_on_time,16.7,0,True
ME-38759,ORD-US-38758,M-010,Burger District,2025-06-11T13:00:48,ready_on_time,15.8,0,True
ME-38760,ORD-US-38759,M-012,Tech Stop,2025-06-11T20:55:54,ready_on_time,15.9,0,False
ME-38761,ORD-US-38760,M-009,Daily Mart,2025-06-11T19:59:00,ready_on_time,14.0,0,True
ME-38762,ORD-US-38761,M-009,Daily Mart,2025-06-11T08:42:24,ready_on_time,17.4,0,True
ME-38763,ORD-US-38762,M-009,Daily Mart,2025-06-11T10:52:42,ready_on_time,17.7,0,True
ME-38764,ORD-US-38763,M-009,Daily Mart,2025-06-11T18:20:54,ready_on_time,5.9,0,True
ME-38765,ORD-US-38764,M-011,Wellness Pharmacy,2025-06-11T16:11:24,ready_on_time,11.4,0,True
ME-38766,ORD-US-38765,M-012,Tech Stop,2025-06-11T10:55:30,ready_on_time,10.5,0,True
ME-38767,ORD-US-38766,M-004,QuickCare Pharmacy,2025-06-12T13:38:06,ready_on_time,8.1,0,True
ME-38768,ORD-US-38767,M-001,Green Basket Market,2025-06-12T17:39:06,ready_on_time,19.1,0,True
ME-38769,ORD-US-38768,M-002,Crisp & Co.,2025-06-12T11:47:18,ready_on_time,12.3,0,True
ME-38770,ORD-US-38769,M-004,QuickCare Pharmacy,2025-06-12T17:06:36,ready_on_time,16.6,0,True
ME-38771,ORD-US-38770,M-002,Crisp & Co.,2025-06-12T11:45:18,ready_on_time,5.3,0,True
ME-38772,ORD-US-38771,M-004,QuickCare Pharmacy,2025-06-12T11:08:42,ready_on_time,18.7,0,True
ME-38773,ORD-US-38772,M-003,Pasta Garden,2025-06-12T10:29:30,ready_on_time,9.5,0,True
ME-38774,ORD-US-38773,M-001,Green Basket Market,2025-06-12T16:10:36,ready_on_time,15.6,0,True
ME-38775,ORD-US-38774,M-003,Pasta Garden,2025-06-12T08:36:24,ready_on_time,6.4,0,True
ME-38776,ORD-US-38775,M-003,Pasta Garden,2025-06-12T12:45:48,ready_on_time,15.8,0,True
ME-38777,ORD-US-38776,M-002,Crisp & Co.,2025-06-12T09:31:42,ready_on_time,11.7,0,True
ME-38778,ORD-US-38777,M-004,QuickCare Pharmacy,2025-06-12T11:41:00,ready_on_time,16.0,0,True
ME-38779,ORD-US-38778,M-001,Green Basket Market,2025-06-12T18:26:30,ready_on_time,21.5,0,True
ME-38780,ORD-US-38779,M-001,Green Basket Market,2025-06-12T19:08:48,ready_on_time,8.8,0,True
ME-38781,ORD-US-38780,M-002,Crisp & Co.,2025-06-12T11:38:18,ready_on_time,13.3,0,True
ME-38782,ORD-US-38781,M-001,Green Basket Market,2025-06-12T15:52:12,ready_on_time,12.2,0,True
ME-38783,ORD-US-38782,M-002,Crisp & Co.,2025-06-12T11:10:48,ready_on_time,15.8,0,True
ME-38784,ORD-US-38783,M-004,QuickCare Pharmacy,2025-06-12T09:51:06,ready_on_time,21.1,0,True
ME-38785,ORD-US-38784,M-002,Crisp & Co.,2025-06-12T09:23:18,ready_on_time,8.3,0,True
ME-38786,ORD-US-38785,M-002,Crisp & Co.,2025-06-12T20:04:54,ready_on_time,9.9,0,True
ME-38787,ORD-US-38786,M-002,Crisp & Co.,2025-06-12T19:10:06,ready_on_time,15.1,0,True
ME-38788,ORD-US-38787,M-001,Green Basket Market,2025-06-12T16:03:30,ready_on_time,8.5,0,True
ME-38789,ORD-US-38788,M-003,Pasta Garden,2025-06-12T19:23:12,ready_on_time,13.2,0,True
ME-38790,ORD-US-38789,M-004,QuickCare Pharmacy,2025-06-12T17:01:30,ready_on_time,16.5,0,True
ME-38791,ORD-US-38790,M-004,QuickCare Pharmacy,2025-06-12T19:57:48,ready_on_time,17.8,0,True
ME-38792,ORD-US-38791,M-002,Crisp & Co.,2025-06-12T16:47:48,ready_on_time,17.8,0,True
ME-38793,ORD-US-38792,M-002,Crisp & Co.,2025-06-12T16:14:00,ready_on_time,9.0,0,True
ME-38794,ORD-US-38793,M-003,Pasta Garden,2025-06-12T15:50:00,ready_on_time,25.0,0,True
ME-38795,ORD-US-38794,M-004,QuickCare Pharmacy,2025-06-12T16:21:24,ready_on_time,16.4,0,True
ME-38796,ORD-US-38795,M-003,Pasta Garden,2025-06-12T14:26:24,ready_on_time,11.4,0,True
ME-38797,ORD-US-38796,M-002,Crisp & Co.,2025-06-12T17:01:48,ready_on_time,11.8,0,True
ME-38798,ORD-US-38797,M-004,QuickCare Pharmacy,2025-06-12T14:51:12,ready_on_time,16.2,0,True
ME-38799,ORD-US-38798,M-003,Pasta Garden,2025-06-12T16:36:12,ready_on_time,16.2,0,True
ME-38800,ORD-US-38799,M-001,Green Basket Market,2025-06-12T18:42:24,ready_on_time,17.4,0,True
ME-38801,ORD-US-38800,M-002,Crisp & Co.,2025-06-12T11:31:06,ready_on_time,16.1,0,True
ME-38802,ORD-US-38801,M-003,Pasta Garden,2025-06-12T14:27:18,ready_on_time,17.3,0,True
ME-38803,ORD-US-38802,M-003,Pasta Garden,2025-06-12T18:12:12,ready_on_time,12.2,0,True
ME-38804,ORD-US-38803,M-001,Green Basket Market,2025-06-12T19:33:36,ready_on_time,18.6,0,True
ME-38805,ORD-US-38804,M-001,Green Basket Market,2025-06-12T16:33:42,ready_on_time,18.7,0,True
ME-38806,ORD-US-38805,M-001,Green Basket Market,2025-06-12T09:48:42,ready_on_time,13.7,0,True
ME-38807,ORD-US-38806,M-004,QuickCare Pharmacy,2025-06-12T10:37:12,ready_on_time,7.2,0,True
ME-38808,ORD-US-38807,M-002,Crisp & Co.,2025-06-12T15:32:48,ready_on_time,17.8,0,True
ME-38809,ORD-US-38808,M-001,Green Basket Market,2025-06-12T08:51:00,ready_on_time,16.0,0,True
ME-38810,ORD-US-38809,M-003,Pasta Garden,2025-06-12T12:36:00,ready_on_time,21.0,0,True
ME-38811,ORD-US-38810,M-003,Pasta Garden,2025-06-12T20:29:42,ready_on_time,14.7,0,True
ME-38812,ORD-US-38811,M-005,Corner Table,2025-06-12T15:04:48,ready_on_time,14.8,0,True
ME-38813,ORD-US-38812,M-005,Corner Table,2025-06-12T19:35:54,ready_on_time,10.9,0,True
ME-38814,ORD-US-38813,M-008,Noodle House,2025-06-12T10:51:36,ready_on_time,11.6,0,True
ME-38815,ORD-US-38814,M-006,Fresh Roots Grocery,2025-06-12T09:32:00,ready_on_time,17.0,0,True
ME-38816,ORD-US-38815,M-006,Fresh Roots Grocery,2025-06-12T11:00:24,ready_on_time,10.4,0,True
ME-38817,ORD-US-38816,M-006,Fresh Roots Grocery,2025-06-12T18:52:24,ready_on_time,17.4,0,True
ME-38818,ORD-US-38817,M-007,Home & Handy,2025-06-12T16:55:24,ready_on_time,10.4,0,True
ME-38819,ORD-US-38818,M-007,Home & Handy,2025-06-12T12:13:30,ready_on_time,18.5,0,True
ME-38820,ORD-US-38819,M-005,Corner Table,2025-06-12T16:29:24,ready_on_time,19.4,0,True
ME-38821,ORD-US-38820,M-007,Home & Handy,2025-06-12T13:35:00,ready_on_time,10.0,0,True
ME-38822,ORD-US-38821,M-008,Noodle House,2025-06-12T14:10:54,ready_on_time,20.9,0,True
ME-38823,ORD-US-38822,M-007,Home & Handy,2025-06-12T20:53:36,ready_on_time,23.6,0,True
ME-38824,ORD-US-38823,M-006,Fresh Roots Grocery,2025-06-12T08:33:42,ready_on_time,23.7,0,True
ME-38825,ORD-US-38824,M-008,Noodle House,2025-06-12T16:11:36,ready_on_time,21.6,0,True
ME-38826,ORD-US-38825,M-005,Corner Table,2025-06-12T15:59:12,ready_on_time,19.2,0,True
ME-38827,ORD-US-38826,M-005,Corner Table,2025-06-12T11:39:06,ready_on_time,14.1,0,True
ME-38828,ORD-US-38827,M-008,Noodle House,2025-06-12T12:23:18,ready_on_time,8.3,0,True
ME-38829,ORD-US-38828,M-006,Fresh Roots Grocery,2025-06-12T10:09:54,ready_on_time,9.9,0,True
ME-38830,ORD-US-38829,M-006,Fresh Roots Grocery,2025-06-12T09:07:30,ready_on_time,12.5,0,True
ME-38831,ORD-US-38830,M-006,Fresh Roots Grocery,2025-06-12T11:58:36,ready_on_time,13.6,0,True
ME-38832,ORD-US-38831,M-008,Noodle House,2025-06-12T17:44:54,ready_on_time,9.9,0,True
ME-38833,ORD-US-38832,M-006,Fresh Roots Grocery,2025-06-12T19:28:30,ready_on_time,13.5,0,True
ME-38834,ORD-US-38833,M-008,Noodle House,2025-06-12T18:14:12,ready_on_time,14.2,0,True
ME-38835,ORD-US-38834,M-008,Noodle House,2025-06-12T19:50:18,ready_on_time,15.3,0,True
ME-38836,ORD-US-38835,M-007,Home & Handy,2025-06-12T16:28:48,ready_on_time,13.8,0,True
ME-38837,ORD-US-38836,M-007,Home & Handy,2025-06-12T18:10:36,ready_on_time,20.6,0,True
ME-38838,ORD-US-38837,M-006,Fresh Roots Grocery,2025-06-12T08:11:36,ready_on_time,11.6,0,True
ME-38839,ORD-US-38838,M-007,Home & Handy,2025-06-12T18:01:00,ready_on_time,11.0,0,True
ME-38840,ORD-US-38839,M-005,Corner Table,2025-06-12T18:09:54,ready_on_time,9.9,0,True
ME-38841,ORD-US-38840,M-008,Noodle House,2025-06-12T18:13:48,ready_on_time,8.8,0,True
ME-38842,ORD-US-38841,M-008,Noodle House,2025-06-12T19:11:54,ready_on_time,16.9,0,True
ME-38843,ORD-US-38842,M-005,Corner Table,2025-06-12T13:38:12,ready_on_time,8.2,0,True
ME-38844,ORD-US-38843,M-005,Corner Table,2025-06-12T12:59:36,ready_on_time,14.6,0,True
ME-38845,ORD-US-38844,M-007,Home & Handy,2025-06-12T18:29:24,ready_on_time,9.4,0,True
ME-38846,ORD-US-38845,M-005,Corner Table,2025-06-12T16:01:42,ready_on_time,11.7,0,True
ME-38847,ORD-US-38846,M-008,Noodle House,2025-06-12T10:54:18,ready_on_time,14.3,0,True
ME-38848,ORD-US-38847,M-006,Fresh Roots Grocery,2025-06-12T12:05:24,ready_on_time,15.4,0,True
ME-38849,ORD-US-38848,M-012,Tech Stop,2025-06-12T14:53:24,ready_on_time,18.4,0,True
ME-38850,ORD-US-38849,M-012,Tech Stop,2025-06-12T10:29:18,ready_on_time,14.3,0,True
ME-38851,ORD-US-38850,M-012,Tech Stop,2025-06-12T10:01:24,ready_on_time,16.4,0,True
ME-38852,ORD-US-38851,M-012,Tech Stop,2025-06-12T08:59:36,ready_on_time,4.6,0,True
ME-38853,ORD-US-38852,M-010,Burger District,2025-06-12T20:09:48,ready_on_time,14.8,0,True
ME-38854,ORD-US-38853,M-011,Wellness Pharmacy,2025-06-12T12:18:18,ready_on_time,13.3,0,True
ME-38855,ORD-US-38854,M-009,Daily Mart,2025-06-12T17:39:24,ready_on_time,14.4,0,True
ME-38856,ORD-US-38855,M-010,Burger District,2025-06-12T18:49:36,ready_on_time,9.6,0,True
ME-38857,ORD-US-38856,M-010,Burger District,2025-06-12T14:11:54,ready_on_time,11.9,0,True
ME-38858,ORD-US-38857,M-012,Tech Stop,2025-06-12T17:01:24,ready_on_time,11.4,0,True
ME-38859,ORD-US-38858,M-011,Wellness Pharmacy,2025-06-12T12:05:54,ready_on_time,10.9,0,True
ME-38860,ORD-US-38859,M-010,Burger District,2025-06-12T13:54:54,ready_on_time,9.9,0,True
ME-38861,ORD-US-38860,M-011,Wellness Pharmacy,2025-06-12T18:31:06,ready_on_time,21.1,0,True
ME-38862,ORD-US-38861,M-009,Daily Mart,2025-06-12T19:51:24,ready_on_time,16.4,0,True
ME-38863,ORD-US-38862,M-011,Wellness Pharmacy,2025-06-12T16:29:48,ready_on_time,9.8,0,True
ME-38864,ORD-US-38863,M-009,Daily Mart,2025-06-12T20:47:54,ready_on_time,12.9,0,True
ME-38865,ORD-US-38864,M-012,Tech Stop,2025-06-12T14:37:36,ready_on_time,17.6,0,True
ME-38866,ORD-US-38865,M-009,Daily Mart,2025-06-12T20:46:54,ready_on_time,11.9,0,True
ME-38867,ORD-US-38866,M-011,Wellness Pharmacy,2025-06-12T21:02:24,ready_on_time,17.4,0,True
ME-38868,ORD-US-38867,M-009,Daily Mart,2025-06-12T10:20:36,ready_on_time,20.6,0,True
ME-38869,ORD-US-38868,M-010,Burger District,2025-06-12T14:21:36,ready_on_time,21.6,0,True
ME-38870,ORD-US-38869,M-010,Burger District,2025-06-12T13:38:30,ready_on_time,18.5,0,True
ME-38871,ORD-US-38870,M-010,Burger District,2025-06-12T13:58:12,ready_on_time,8.2,0,True
ME-38872,ORD-US-38871,M-009,Daily Mart,2025-06-12T13:54:06,ready_on_time,9.1,0,True
ME-38873,ORD-US-38872,M-010,Burger District,2025-06-12T14:08:00,ready_on_time,8.0,0,True
ME-38874,ORD-US-38873,M-009,Daily Mart,2025-06-12T08:40:12,ready_on_time,15.2,0,True
ME-38875,ORD-US-38874,M-011,Wellness Pharmacy,2025-06-12T18:30:24,ready_on_time,15.4,0,True
ME-38876,ORD-US-38875,M-011,Wellness Pharmacy,2025-06-12T18:11:36,ready_on_time,16.6,0,True
ME-38877,ORD-US-38876,M-012,Tech Stop,2025-06-12T20:36:54,ready_on_time,11.9,0,True
ME-38878,ORD-US-38877,M-010,Burger District,2025-06-12T09:46:30,ready_on_time,16.5,0,True
ME-38879,ORD-US-38878,M-012,Tech Stop,2025-06-12T13:59:36,ready_on_time,9.6,0,True
ME-38880,ORD-US-38879,M-011,Wellness Pharmacy,2025-06-12T16:09:06,ready_on_time,9.1,0,True
ME-38881,ORD-US-38880,M-010,Burger District,2025-06-12T09:13:48,ready_on_time,8.8,0,True
ME-38882,ORD-US-38881,M-009,Daily Mart,2025-06-12T08:30:24,ready_on_time,20.4,0,True
ME-38883,ORD-US-38882,M-011,Wellness Pharmacy,2025-06-12T19:24:42,ready_on_time,14.7,0,True
ME-38884,ORD-US-38883,M-009,Daily Mart,2025-06-12T19:57:06,ready_on_time,17.1,0,True
ME-38885,ORD-US-38884,M-011,Wellness Pharmacy,2025-06-12T12:02:42,ready_on_time,17.7,0,True
ME-38886,ORD-US-38885,M-003,Pasta Garden,2025-06-13T08:59:48,ready_on_time,14.8,0,True
ME-38887,ORD-US-38886,M-004,QuickCare Pharmacy,2025-06-13T09:56:06,ready_on_time,16.1,0,True
ME-38888,ORD-US-38887,M-003,Pasta Garden,2025-06-13T11:25:06,ready_on_time,15.1,0,True
ME-38889,ORD-US-38888,M-002,Crisp & Co.,2025-06-13T14:17:54,ready_on_time,7.9,0,True
ME-38890,ORD-US-38889,M-001,Green Basket Market,2025-06-13T12:04:36,ready_on_time,9.6,0,True
ME-38891,ORD-US-38890,M-002,Crisp & Co.,2025-06-13T08:55:30,ready_on_time,15.5,0,True
ME-38892,ORD-US-38891,M-001,Green Basket Market,2025-06-13T12:24:54,ready_on_time,9.9,0,True
ME-38893,ORD-US-38892,M-003,Pasta Garden,2025-06-13T09:00:48,ready_on_time,20.8,0,True
ME-38894,ORD-US-38893,M-003,Pasta Garden,2025-06-13T16:11:06,ready_on_time,16.1,0,True
ME-38895,ORD-US-38894,M-001,Green Basket Market,2025-06-13T09:49:54,ready_on_time,9.9,0,True
ME-38896,ORD-US-38895,M-001,Green Basket Market,2025-06-13T20:02:00,ready_on_time,7.0,0,True
ME-38897,ORD-US-38896,M-004,QuickCare Pharmacy,2025-06-13T11:55:48,ready_on_time,15.8,0,True
ME-38898,ORD-US-38897,M-002,Crisp & Co.,2025-06-13T19:55:36,ready_on_time,10.6,0,True
ME-38899,ORD-US-38898,M-001,Green Basket Market,2025-06-13T16:34:12,ready_on_time,9.2,0,True
ME-38900,ORD-US-38899,M-003,Pasta Garden,2025-06-13T15:51:06,ready_on_time,21.1,0,True
ME-38901,ORD-US-38900,M-004,QuickCare Pharmacy,2025-06-13T19:38:06,ready_on_time,18.1,0,True
ME-38902,ORD-US-38901,M-003,Pasta Garden,2025-06-13T15:06:18,ready_on_time,6.3,0,True
ME-38903,ORD-US-38902,M-004,QuickCare Pharmacy,2025-06-13T11:48:36,ready_on_time,13.6,0,True
ME-38904,ORD-US-38903,M-003,Pasta Garden,2025-06-13T08:47:24,ready_on_time,12.4,0,True
ME-38905,ORD-US-38904,M-004,QuickCare Pharmacy,2025-06-13T16:34:36,ready_on_time,9.6,0,True
ME-38906,ORD-US-38905,M-002,Crisp & Co.,2025-06-13T10:47:30,ready_on_time,12.5,0,True
ME-38907,ORD-US-38906,M-002,Crisp & Co.,2025-06-13T18:13:48,ready_on_time,18.8,0,True
ME-38908,ORD-US-38907,M-003,Pasta Garden,2025-06-13T20:54:54,ready_on_time,14.9,0,True
ME-38909,ORD-US-38908,M-001,Green Basket Market,2025-06-13T12:22:42,ready_on_time,22.7,0,True
ME-38910,ORD-US-38909,M-002,Crisp & Co.,2025-06-13T12:53:48,ready_on_time,23.8,0,True
ME-38911,ORD-US-38910,M-001,Green Basket Market,2025-06-13T19:03:00,ready_on_time,13.0,0,True
ME-38912,ORD-US-38911,M-001,Green Basket Market,2025-06-13T20:12:54,ready_on_time,12.9,0,True
ME-38913,ORD-US-38912,M-004,QuickCare Pharmacy,2025-06-13T16:23:24,ready_on_time,13.4,0,True
ME-38914,ORD-US-38913,M-001,Green Basket Market,2025-06-13T13:38:18,ready_on_time,23.3,0,True
ME-38915,ORD-US-38914,M-003,Pasta Garden,2025-06-13T11:37:36,ready_on_time,12.6,0,True
ME-38916,ORD-US-38915,M-002,Crisp & Co.,2025-06-13T08:14:30,ready_on_time,14.5,0,True
ME-38917,ORD-US-38916,M-003,Pasta Garden,2025-06-13T18:36:42,ready_on_time,6.7,0,True
ME-38918,ORD-US-38917,M-004,QuickCare Pharmacy,2025-06-13T15:24:06,ready_on_time,9.1,0,True
ME-38919,ORD-US-38918,M-003,Pasta Garden,2025-06-13T10:03:36,ready_on_time,18.6,0,True
ME-38920,ORD-US-38919,M-004,QuickCare Pharmacy,2025-06-13T11:23:00,ready_on_time,18.0,0,True
ME-38921,ORD-US-38920,M-003,Pasta Garden,2025-06-13T13:45:42,ready_on_time,15.7,0,True
ME-38922,ORD-US-38921,M-001,Green Basket Market,2025-06-13T20:29:06,ready_on_time,14.1,0,True
ME-38923,ORD-US-38922,M-001,Green Basket Market,2025-06-13T20:55:42,ready_on_time,15.7,0,True
ME-38924,ORD-US-38923,M-001,Green Basket Market,2025-06-13T20:20:42,ready_on_time,10.7,0,True
ME-38925,ORD-US-38924,M-008,Noodle House,2025-06-13T11:29:48,ready_on_time,14.8,0,True
ME-38926,ORD-US-38925,M-008,Noodle House,2025-06-13T20:07:42,ready_on_time,17.7,0,True
ME-38927,ORD-US-38926,M-006,Fresh Roots Grocery,2025-06-13T08:30:00,ready_on_time,20.0,0,True
ME-38928,ORD-US-38927,M-006,Fresh Roots Grocery,2025-06-13T18:08:12,ready_on_time,18.2,0,True
ME-38929,ORD-US-38928,M-005,Corner Table,2025-06-13T15:22:54,ready_on_time,7.9,0,True
ME-38930,ORD-US-38929,M-008,Noodle House,2025-06-13T13:18:12,ready_on_time,18.2,0,True
ME-38931,ORD-US-38930,M-005,Corner Table,2025-06-13T11:51:54,ready_on_time,11.9,0,True
ME-38932,ORD-US-38931,M-008,Noodle House,2025-06-13T14:44:06,ready_on_time,14.1,0,True
ME-38933,ORD-US-38932,M-008,Noodle House,2025-06-13T18:35:36,ready_on_time,10.6,0,True
ME-38934,ORD-US-38933,M-007,Home & Handy,2025-06-13T21:02:36,ready_on_time,17.6,0,True
ME-38935,ORD-US-38934,M-008,Noodle House,2025-06-13T11:03:06,ready_on_time,13.1,0,True
ME-38936,ORD-US-38935,M-005,Corner Table,2025-06-13T16:46:54,ready_on_time,6.9,0,True
ME-38937,ORD-US-38936,M-005,Corner Table,2025-06-13T16:46:18,ready_on_time,11.3,0,True
ME-38938,ORD-US-38937,M-007,Home & Handy,2025-06-13T18:48:18,ready_on_time,13.3,0,True
ME-38939,ORD-US-38938,M-006,Fresh Roots Grocery,2025-06-13T08:15:48,ready_on_time,15.8,0,True
ME-38940,ORD-US-38939,M-005,Corner Table,2025-06-13T20:19:36,ready_on_time,9.6,0,True
ME-38941,ORD-US-38940,M-007,Home & Handy,2025-06-13T15:39:06,ready_on_time,14.1,0,True
ME-38942,ORD-US-38941,M-007,Home & Handy,2025-06-13T20:46:24,ready_on_time,16.4,0,True
ME-38943,ORD-US-38942,M-007,Home & Handy,2025-06-13T12:43:12,ready_on_time,13.2,0,True
ME-38944,ORD-US-38943,M-006,Fresh Roots Grocery,2025-06-13T17:04:12,ready_on_time,19.2,0,True
ME-38945,ORD-US-38944,M-008,Noodle House,2025-06-13T08:14:00,ready_on_time,9.0,0,True
ME-38946,ORD-US-38945,M-008,Noodle House,2025-06-13T19:56:06,ready_on_time,16.1,0,True
ME-38947,ORD-US-38946,M-006,Fresh Roots Grocery,2025-06-13T10:32:18,ready_on_time,7.3,0,True
ME-38948,ORD-US-38947,M-007,Home & Handy,2025-06-13T12:23:18,ready_on_time,18.3,0,True
ME-38949,ORD-US-38948,M-008,Noodle House,2025-06-13T08:16:00,ready_on_time,11.0,0,True
ME-38950,ORD-US-38949,M-006,Fresh Roots Grocery,2025-06-13T10:11:30,ready_on_time,16.5,0,True
ME-38951,ORD-US-38950,M-006,Fresh Roots Grocery,2025-06-13T12:24:42,ready_on_time,9.7,0,True
ME-38952,ORD-US-38951,M-005,Corner Table,2025-06-13T20:09:12,ready_on_time,14.2,0,True
ME-38953,ORD-US-38952,M-008,Noodle House,2025-06-13T16:43:24,ready_on_time,18.4,0,True
ME-38954,ORD-US-38953,M-008,Noodle House,2025-06-13T16:11:36,ready_on_time,16.6,0,True
ME-38955,ORD-US-38954,M-008,Noodle House,2025-06-13T13:44:54,ready_on_time,14.9,0,True
ME-38956,ORD-US-38955,M-007,Home & Handy,2025-06-13T15:12:12,ready_on_time,7.2,0,True
ME-38957,ORD-US-38956,M-006,Fresh Roots Grocery,2025-06-13T08:57:54,ready_on_time,17.9,0,True
ME-38958,ORD-US-38957,M-007,Home & Handy,2025-06-13T18:46:24,ready_on_time,16.4,0,True
ME-38959,ORD-US-38958,M-005,Corner Table,2025-06-13T19:07:18,ready_on_time,17.3,0,True
ME-38960,ORD-US-38959,M-005,Corner Table,2025-06-13T10:37:18,ready_on_time,17.3,0,True
ME-38961,ORD-US-38960,M-005,Corner Table,2025-06-13T10:51:24,ready_on_time,16.4,0,True
ME-38962,ORD-US-38961,M-005,Corner Table,2025-06-13T12:52:48,ready_on_time,17.8,0,True
ME-38963,ORD-US-38962,M-008,Noodle House,2025-06-13T17:41:54,ready_on_time,16.9,0,True
ME-38964,ORD-US-38963,M-011,Wellness Pharmacy,2025-06-13T12:40:24,ready_on_time,10.4,0,True
ME-38965,ORD-US-38964,M-009,Daily Mart,2025-06-13T14:07:48,ready_on_time,17.8,0,True
ME-38966,ORD-US-38965,M-012,Tech Stop,2025-06-13T20:13:42,ready_on_time,13.7,0,True
ME-38967,ORD-US-38966,M-012,Tech Stop,2025-06-13T14:38:00,ready_on_time,18.0,0,True
ME-38968,ORD-US-38967,M-011,Wellness Pharmacy,2025-06-13T11:49:12,ready_on_time,19.2,0,True
ME-38969,ORD-US-38968,M-010,Burger District,2025-06-13T14:08:18,ready_on_time,8.3,0,True
ME-38970,ORD-US-38969,M-012,Tech Stop,2025-06-13T15:23:30,ready_on_time,8.5,0,True
ME-38971,ORD-US-38970,M-009,Daily Mart,2025-06-13T08:15:42,ready_on_time,10.7,0,True
ME-38972,ORD-US-38971,M-011,Wellness Pharmacy,2025-06-13T10:57:48,ready_on_time,7.8,0,True
ME-38973,ORD-US-38972,M-011,Wellness Pharmacy,2025-06-13T20:59:30,ready_on_time,19.5,0,True
ME-38974,ORD-US-38973,M-011,Wellness Pharmacy,2025-06-13T18:06:54,ready_on_time,11.9,0,True
ME-38975,ORD-US-38974,M-009,Daily Mart,2025-06-13T17:48:30,ready_on_time,8.5,0,True
ME-38976,ORD-US-38975,M-011,Wellness Pharmacy,2025-06-13T10:32:24,ready_on_time,17.4,0,True
ME-38977,ORD-US-38976,M-011,Wellness Pharmacy,2025-06-13T11:26:36,ready_on_time,11.6,0,True
ME-38978,ORD-US-38977,M-011,Wellness Pharmacy,2025-06-13T09:27:30,ready_on_time,17.5,0,True
ME-38979,ORD-US-38978,M-012,Tech Stop,2025-06-13T17:13:06,ready_on_time,8.1,0,True
ME-38980,ORD-US-38979,M-009,Daily Mart,2025-06-13T11:39:24,ready_on_time,14.4,0,True
ME-38981,ORD-US-38980,M-012,Tech Stop,2025-06-13T11:08:48,ready_on_time,18.8,0,True
ME-38982,ORD-US-38981,M-011,Wellness Pharmacy,2025-06-13T11:18:36,ready_on_time,13.6,0,True
ME-38983,ORD-US-38982,M-011,Wellness Pharmacy,2025-06-13T08:55:42,ready_on_time,15.7,0,True
ME-38984,ORD-US-38983,M-011,Wellness Pharmacy,2025-06-13T19:55:36,ready_on_time,5.6,0,True
ME-38985,ORD-US-38984,M-009,Daily Mart,2025-06-13T19:47:42,ready_on_time,12.7,0,True
ME-38986,ORD-US-38985,M-010,Burger District,2025-06-13T16:55:54,ready_on_time,15.9,0,True
ME-38987,ORD-US-38986,M-009,Daily Mart,2025-06-13T15:43:24,ready_on_time,18.4,0,True
ME-38988,ORD-US-38987,M-012,Tech Stop,2025-06-13T08:42:36,ready_on_time,7.6,0,True
ME-38989,ORD-US-38988,M-012,Tech Stop,2025-06-13T13:30:48,ready_on_time,15.8,0,True
ME-38990,ORD-US-38989,M-012,Tech Stop,2025-06-13T16:59:30,ready_on_time,14.5,0,True
ME-38991,ORD-US-38990,M-010,Burger District,2025-06-13T08:37:18,ready_on_time,17.3,0,True
ME-38992,ORD-US-38991,M-011,Wellness Pharmacy,2025-06-13T19:50:42,ready_on_time,15.7,0,True
ME-38993,ORD-US-38992,M-012,Tech Stop,2025-06-13T17:47:24,ready_on_time,17.4,0,True
ME-38994,ORD-US-38993,M-012,Tech Stop,2025-06-13T21:01:42,ready_on_time,21.7,0,True
ME-38995,ORD-US-38994,M-011,Wellness Pharmacy,2025-06-13T11:31:12,ready_on_time,16.2,0,True
ME-38996,ORD-US-38995,M-012,Tech Stop,2025-06-13T16:58:42,ready_on_time,13.7,0,True
ME-38997,ORD-US-38996,M-011,Wellness Pharmacy,2025-06-13T09:01:12,ready_on_time,11.2,0,True
ME-38998,ORD-US-38997,M-011,Wellness Pharmacy,2025-06-13T20:37:42,ready_on_time,12.7,0,True
ME-38999,ORD-US-38998,M-012,Tech Stop,2025-06-13T20:08:12,ready_on_time,18.2,0,True
ME-39000,ORD-US-38999,M-011,Wellness Pharmacy,2025-06-13T09:07:54,ready_on_time,12.9,0,True
ME-39001,ORD-US-39000,M-009,Daily Mart,2025-06-13T16:14:24,ready_on_time,24.4,0,True
ME-39002,ORD-US-39001,M-011,Wellness Pharmacy,2025-06-13T18:14:12,ready_on_time,19.2,0,True
ME-39003,ORD-US-39002,M-010,Burger District,2025-06-13T12:18:42,ready_on_time,13.7,0,True
ME-39004,ORD-US-39003,M-012,Tech Stop,2025-06-13T08:18:00,ready_on_time,18.0,0,True
ME-39005,ORD-US-39004,M-010,Burger District,2025-06-13T17:18:36,ready_on_time,18.6,0,True
ME-39006,ORD-US-39005,M-009,Daily Mart,2025-06-13T17:17:48,ready_on_time,17.8,0,True
ME-39007,ORD-US-39006,M-010,Burger District,2025-06-13T18:19:00,ready_on_time,9.0,0,True
ME-39008,ORD-US-39007,M-002,Crisp & Co.,2025-06-14T10:03:00,ready_on_time,8.0,0,True
ME-39009,ORD-US-39008,M-004,QuickCare Pharmacy,2025-06-14T11:13:36,ready_on_time,18.6,0,True
ME-39010,ORD-US-39009,M-004,QuickCare Pharmacy,2025-06-14T20:58:12,ready_on_time,13.2,0,True
ME-39011,ORD-US-39010,M-001,Green Basket Market,2025-06-14T20:18:42,ready_on_time,13.7,0,True
ME-39012,ORD-US-39011,M-002,Crisp & Co.,2025-06-14T20:48:30,ready_on_time,18.5,0,True
ME-39013,ORD-US-39012,M-004,QuickCare Pharmacy,2025-06-14T16:58:42,ready_on_time,8.7,0,True
ME-39014,ORD-US-39013,M-004,QuickCare Pharmacy,2025-06-14T17:08:00,ready_on_time,18.0,0,True
ME-39015,ORD-US-39014,M-001,Green Basket Market,2025-06-14T16:04:06,ready_on_time,19.1,0,True
ME-39016,ORD-US-39015,M-004,QuickCare Pharmacy,2025-06-14T09:56:18,ready_on_time,16.3,0,True
ME-39017,ORD-US-39016,M-004,QuickCare Pharmacy,2025-06-14T12:43:12,ready_on_time,18.2,0,True
ME-39018,ORD-US-39017,M-004,QuickCare Pharmacy,2025-06-14T20:05:18,ready_on_time,20.3,0,True
ME-39019,ORD-US-39018,M-004,QuickCare Pharmacy,2025-06-14T16:41:06,ready_on_time,16.1,0,True
ME-39020,ORD-US-39019,M-003,Pasta Garden,2025-06-14T16:47:36,ready_on_time,17.6,0,True
ME-39021,ORD-US-39020,M-002,Crisp & Co.,2025-06-14T12:26:00,ready_on_time,11.0,0,True
ME-39022,ORD-US-39021,M-001,Green Basket Market,2025-06-14T20:25:54,ready_on_time,15.9,0,True
ME-39023,ORD-US-39022,M-004,QuickCare Pharmacy,2025-06-14T11:48:00,ready_on_time,18.0,0,True
ME-39024,ORD-US-39023,M-003,Pasta Garden,2025-06-14T10:24:00,ready_on_time,9.0,0,True
ME-39025,ORD-US-39024,M-004,QuickCare Pharmacy,2025-06-14T15:01:48,ready_on_time,16.8,0,True
ME-39026,ORD-US-39025,M-003,Pasta Garden,2025-06-14T16:42:42,ready_on_time,17.7,0,True
ME-39027,ORD-US-39026,M-003,Pasta Garden,2025-06-14T19:36:24,ready_on_time,16.4,0,True
ME-39028,ORD-US-39027,M-001,Green Basket Market,2025-06-14T16:48:48,ready_on_time,8.8,0,True
ME-39029,ORD-US-39028,M-004,QuickCare Pharmacy,2025-06-14T17:11:36,ready_on_time,16.6,0,True
ME-39030,ORD-US-39029,M-004,QuickCare Pharmacy,2025-06-14T08:18:06,ready_on_time,13.1,0,True
ME-39031,ORD-US-39030,M-002,Crisp & Co.,2025-06-14T12:54:12,ready_on_time,14.2,0,True
ME-39032,ORD-US-39031,M-001,Green Basket Market,2025-06-14T12:37:54,ready_on_time,12.9,0,True
ME-39033,ORD-US-39032,M-002,Crisp & Co.,2025-06-14T09:48:48,ready_on_time,18.8,0,True
ME-39034,ORD-US-39033,M-004,QuickCare Pharmacy,2025-06-14T10:40:54,ready_on_time,15.9,0,True
ME-39035,ORD-US-39034,M-004,QuickCare Pharmacy,2025-06-14T16:45:06,ready_on_time,15.1,0,True
ME-39036,ORD-US-39035,M-002,Crisp & Co.,2025-06-14T20:54:00,ready_on_time,14.0,0,True
ME-39037,ORD-US-39036,M-004,QuickCare Pharmacy,2025-06-14T13:04:06,ready_on_time,9.1,0,True
ME-39038,ORD-US-39037,M-001,Green Basket Market,2025-06-14T16:34:18,ready_on_time,19.3,0,True
ME-39039,ORD-US-39038,M-004,QuickCare Pharmacy,2025-06-14T08:40:30,ready_on_time,5.5,0,True
ME-39040,ORD-US-39039,M-004,QuickCare Pharmacy,2025-06-14T10:17:42,ready_on_time,17.7,0,True
ME-39041,ORD-US-39040,M-002,Crisp & Co.,2025-06-14T18:12:24,ready_on_time,17.4,0,True
ME-39042,ORD-US-39041,M-001,Green Basket Market,2025-06-14T14:41:18,ready_on_time,11.3,0,True
ME-39043,ORD-US-39042,M-004,QuickCare Pharmacy,2025-06-14T18:08:12,ready_on_time,8.2,0,True
ME-39044,ORD-US-39043,M-004,QuickCare Pharmacy,2025-06-14T16:43:30,ready_on_time,18.5,0,True
ME-39045,ORD-US-39044,M-004,QuickCare Pharmacy,2025-06-14T11:18:24,ready_on_time,23.4,0,True
ME-39046,ORD-US-39045,M-002,Crisp & Co.,2025-06-14T11:57:42,ready_on_time,17.7,0,True
ME-39047,ORD-US-39046,M-004,QuickCare Pharmacy,2025-06-14T13:00:36,ready_on_time,10.6,0,True
ME-39048,ORD-US-39047,M-002,Crisp & Co.,2025-06-14T14:55:42,ready_on_time,10.7,0,True
ME-39049,ORD-US-39048,M-003,Pasta Garden,2025-06-14T13:26:42,ready_on_time,11.7,0,True
ME-39050,ORD-US-39049,M-007,Home & Handy,2025-06-14T17:47:48,ready_on_time,12.8,0,True
ME-39051,ORD-US-39050,M-006,Fresh Roots Grocery,2025-06-14T09:18:48,ready_on_time,8.8,0,True
ME-39052,ORD-US-39051,M-006,Fresh Roots Grocery,2025-06-14T16:06:30,ready_on_time,16.5,0,True
ME-39053,ORD-US-39052,M-008,Noodle House,2025-06-14T09:14:00,ready_on_time,9.0,0,True
ME-39054,ORD-US-39053,M-005,Corner Table,2025-06-14T14:50:18,ready_on_time,15.3,0,True
ME-39055,ORD-US-39054,M-006,Fresh Roots Grocery,2025-06-14T18:48:00,ready_on_time,18.0,0,True
ME-39056,ORD-US-39055,M-006,Fresh Roots Grocery,2025-06-14T16:32:30,ready_on_time,12.5,0,True
ME-39057,ORD-US-39056,M-007,Home & Handy,2025-06-14T19:59:30,ready_on_time,9.5,0,True
ME-39058,ORD-US-39057,M-005,Corner Table,2025-06-14T12:21:30,ready_on_time,11.5,0,True
ME-39059,ORD-US-39058,M-005,Corner Table,2025-06-14T17:51:42,ready_on_time,16.7,0,True
ME-39060,ORD-US-39059,M-008,Noodle House,2025-06-14T09:34:54,ready_on_time,19.9,0,True
ME-39061,ORD-US-39060,M-006,Fresh Roots Grocery,2025-06-14T12:19:06,ready_on_time,9.1,0,True
ME-39062,ORD-US-39061,M-008,Noodle House,2025-06-14T08:55:30,ready_on_time,20.5,0,True
ME-39063,ORD-US-39062,M-006,Fresh Roots Grocery,2025-06-14T10:01:36,ready_on_time,11.6,0,True
ME-39064,ORD-US-39063,M-005,Corner Table,2025-06-14T20:40:00,ready_on_time,10.0,0,True
ME-39065,ORD-US-39064,M-006,Fresh Roots Grocery,2025-06-14T17:56:30,ready_on_time,11.5,0,True
ME-39066,ORD-US-39065,M-006,Fresh Roots Grocery,2025-06-14T17:18:48,ready_on_time,18.8,0,True
ME-39067,ORD-US-39066,M-005,Corner Table,2025-06-14T16:17:48,ready_on_time,22.8,0,True
ME-39068,ORD-US-39067,M-006,Fresh Roots Grocery,2025-06-14T21:06:18,ready_on_time,21.3,0,True
ME-39069,ORD-US-39068,M-007,Home & Handy,2025-06-14T10:12:12,ready_on_time,17.2,0,True
ME-39070,ORD-US-39069,M-006,Fresh Roots Grocery,2025-06-14T17:59:30,ready_on_time,14.5,0,True
ME-39071,ORD-US-39070,M-006,Fresh Roots Grocery,2025-06-14T17:34:42,ready_on_time,14.7,0,True
ME-39072,ORD-US-39071,M-008,Noodle House,2025-06-14T19:48:12,ready_on_time,18.2,0,True
ME-39073,ORD-US-39072,M-005,Corner Table,2025-06-14T10:26:30,ready_on_time,16.5,0,True
ME-39074,ORD-US-39073,M-007,Home & Handy,2025-06-14T19:13:12,ready_on_time,18.2,0,True
ME-39075,ORD-US-39074,M-005,Corner Table,2025-06-14T17:42:00,ready_on_time,17.0,0,True
ME-39076,ORD-US-39075,M-007,Home & Handy,2025-06-14T20:12:12,ready_on_time,12.2,0,True
ME-39077,ORD-US-39076,M-006,Fresh Roots Grocery,2025-06-14T20:54:36,ready_on_time,4.6,0,True
ME-39078,ORD-US-39077,M-007,Home & Handy,2025-06-14T18:00:42,ready_on_time,15.7,0,True
ME-39079,ORD-US-39078,M-007,Home & Handy,2025-06-14T16:04:06,ready_on_time,19.1,0,True
ME-39080,ORD-US-39079,M-007,Home & Handy,2025-06-14T17:24:36,ready_on_time,14.6,0,True
ME-39081,ORD-US-39080,M-005,Corner Table,2025-06-14T13:17:00,ready_on_time,17.0,0,True
ME-39082,ORD-US-39081,M-006,Fresh Roots Grocery,2025-06-14T16:13:42,ready_on_time,13.7,0,True
ME-39083,ORD-US-39082,M-008,Noodle House,2025-06-14T13:12:00,ready_on_time,12.0,0,True
ME-39084,ORD-US-39083,M-006,Fresh Roots Grocery,2025-06-14T14:05:30,ready_on_time,10.5,0,True
ME-39085,ORD-US-39084,M-005,Corner Table,2025-06-14T13:24:48,ready_on_time,19.8,0,True
ME-39086,ORD-US-39085,M-006,Fresh Roots Grocery,2025-06-14T20:40:54,ready_on_time,15.9,0,True
ME-39087,ORD-US-39086,M-006,Fresh Roots Grocery,2025-06-14T20:51:06,ready_on_time,11.1,0,True
ME-39088,ORD-US-39087,M-008,Noodle House,2025-06-14T17:45:18,ready_on_time,15.3,0,True
ME-39089,ORD-US-39088,M-010,Burger District,2025-06-14T11:00:00,ready_on_time,15.0,0,True
ME-39090,ORD-US-39089,M-012,Tech Stop,2025-06-14T15:10:06,ready_on_time,15.1,0,True
ME-39091,ORD-US-39090,M-011,Wellness Pharmacy,2025-06-14T20:07:06,ready_on_time,12.1,0,True
ME-39092,ORD-US-39091,M-012,Tech Stop,2025-06-14T18:25:12,ready_on_time,10.2,0,True
ME-39093,ORD-US-39092,M-010,Burger District,2025-06-14T16:11:12,ready_on_time,16.2,0,True
ME-39094,ORD-US-39093,M-009,Daily Mart,2025-06-14T19:56:18,ready_on_time,11.3,0,True
ME-39095,ORD-US-39094,M-010,Burger District,2025-06-14T12:14:48,ready_on_time,19.8,0,True
ME-39096,ORD-US-39095,M-009,Daily Mart,2025-06-14T19:53:18,ready_on_time,18.3,0,True
ME-39097,ORD-US-39096,M-010,Burger District,2025-06-14T16:44:54,ready_on_time,9.9,0,True
ME-39098,ORD-US-39097,M-009,Daily Mart,2025-06-14T16:46:36,ready_on_time,16.6,0,True
ME-39099,ORD-US-39098,M-011,Wellness Pharmacy,2025-06-14T17:20:30,ready_on_time,25.5,0,True
ME-39100,ORD-US-39099,M-012,Tech Stop,2025-06-14T13:10:36,ready_on_time,15.6,0,True
ME-39101,ORD-US-39100,M-009,Daily Mart,2025-06-14T09:40:30,ready_on_time,15.5,0,True
ME-39102,ORD-US-39101,M-011,Wellness Pharmacy,2025-06-14T11:47:54,ready_on_time,17.9,0,True
ME-39103,ORD-US-39102,M-010,Burger District,2025-06-14T10:06:48,ready_on_time,6.8,0,True
ME-39104,ORD-US-39103,M-010,Burger District,2025-06-14T10:56:24,ready_on_time,11.4,0,True
ME-39105,ORD-US-39104,M-009,Daily Mart,2025-06-14T16:42:06,ready_on_time,12.1,0,True
ME-39106,ORD-US-39105,M-012,Tech Stop,2025-06-14T16:36:06,ready_on_time,11.1,0,True
ME-39107,ORD-US-39106,M-012,Tech Stop,2025-06-14T18:56:06,ready_on_time,16.1,0,True
ME-39108,ORD-US-39107,M-010,Burger District,2025-06-14T10:39:18,ready_on_time,9.3,0,True
ME-39109,ORD-US-39108,M-009,Daily Mart,2025-06-14T09:28:36,ready_on_time,13.6,0,True
ME-39110,ORD-US-39109,M-011,Wellness Pharmacy,2025-06-14T20:13:06,ready_on_time,13.1,0,True
ME-39111,ORD-US-39110,M-011,Wellness Pharmacy,2025-06-14T11:16:00,ready_on_time,16.0,0,True
ME-39112,ORD-US-39111,M-010,Burger District,2025-06-14T08:21:18,ready_on_time,11.3,0,True
ME-39113,ORD-US-39112,M-011,Wellness Pharmacy,2025-06-14T09:19:42,ready_on_time,14.7,0,True
ME-39114,ORD-US-39113,M-011,Wellness Pharmacy,2025-06-14T15:04:48,ready_on_time,19.8,0,True
ME-39115,ORD-US-39114,M-010,Burger District,2025-06-14T20:48:18,ready_on_time,13.3,0,True
ME-39116,ORD-US-39115,M-009,Daily Mart,2025-06-14T14:09:48,ready_on_time,14.8,0,True
ME-39117,ORD-US-39116,M-009,Daily Mart,2025-06-14T15:35:48,ready_on_time,15.8,0,True
ME-39118,ORD-US-39117,M-011,Wellness Pharmacy,2025-06-14T16:31:42,ready_on_time,16.7,0,True
ME-39119,ORD-US-39118,M-010,Burger District,2025-06-14T11:52:00,ready_on_time,22.0,0,True
ME-39120,ORD-US-39119,M-009,Daily Mart,2025-06-14T18:13:42,ready_on_time,8.7,0,True
ME-39121,ORD-US-39120,M-009,Daily Mart,2025-06-14T09:15:18,ready_on_time,10.3,0,True
ME-39122,ORD-US-39121,M-012,Tech Stop,2025-06-14T18:40:30,ready_on_time,10.5,0,True
ME-39123,ORD-US-39122,M-012,Tech Stop,2025-06-14T08:22:42,ready_on_time,12.7,0,True
ME-39124,ORD-US-39123,M-010,Burger District,2025-06-14T14:19:54,ready_on_time,14.9,0,True
ME-39125,ORD-US-39124,M-009,Daily Mart,2025-06-14T12:52:30,ready_on_time,12.5,0,True
ME-39126,ORD-US-39125,M-011,Wellness Pharmacy,2025-06-14T16:53:54,ready_on_time,13.9,0,True
ME-39127,ORD-US-39126,M-002,Crisp & Co.,2025-06-15T19:29:00,ready_on_time,9.0,0,True
ME-39128,ORD-US-39127,M-004,QuickCare Pharmacy,2025-06-15T18:40:30,ready_on_time,10.5,0,True
ME-39129,ORD-US-39128,M-004,QuickCare Pharmacy,2025-06-15T10:35:06,ready_on_time,15.1,0,True
ME-39130,ORD-US-39129,M-002,Crisp & Co.,2025-06-15T13:21:54,ready_on_time,11.9,0,True
ME-39131,ORD-US-39130,M-001,Green Basket Market,2025-06-15T13:18:36,ready_on_time,18.6,0,True
ME-39132,ORD-US-39131,M-003,Pasta Garden,2025-06-15T18:53:06,ready_on_time,18.1,0,True
ME-39133,ORD-US-39132,M-003,Pasta Garden,2025-06-15T12:08:54,ready_on_time,13.9,0,False
ME-39134,ORD-US-39133,M-001,Green Basket Market,2025-06-15T13:59:30,ready_on_time,9.5,0,True
ME-39135,ORD-US-39134,M-003,Pasta Garden,2025-06-15T10:25:00,ready_on_time,20.0,0,True
ME-39136,ORD-US-39135,M-001,Green Basket Market,2025-06-15T11:53:06,ready_on_time,18.1,0,True
ME-39137,ORD-US-39136,M-002,Crisp & Co.,2025-06-15T12:52:12,ready_on_time,17.2,0,True
ME-39138,ORD-US-39137,M-001,Green Basket Market,2025-06-15T20:23:42,ready_on_time,18.7,0,True
ME-39139,ORD-US-39138,M-002,Crisp & Co.,2025-06-15T21:00:00,ready_on_time,20.0,0,True
ME-39140,ORD-US-39139,M-004,QuickCare Pharmacy,2025-06-15T12:59:36,ready_on_time,9.6,0,True
ME-39141,ORD-US-39140,M-002,Crisp & Co.,2025-06-15T12:31:42,ready_on_time,16.7,0,True
ME-39142,ORD-US-39141,M-001,Green Basket Market,2025-06-15T09:54:06,ready_on_time,14.1,0,True
ME-39143,ORD-US-39142,M-004,QuickCare Pharmacy,2025-06-15T08:54:06,ready_on_time,19.1,0,True
ME-39144,ORD-US-39143,M-002,Crisp & Co.,2025-06-15T15:32:30,ready_on_time,12.5,0,True
ME-39145,ORD-US-39144,M-002,Crisp & Co.,2025-06-15T11:55:36,ready_on_time,15.6,0,True
ME-39146,ORD-US-39145,M-001,Green Basket Market,2025-06-15T14:01:30,ready_on_time,16.5,0,True
ME-39147,ORD-US-39146,M-004,QuickCare Pharmacy,2025-06-15T11:57:18,ready_on_time,17.3,0,True
ME-39148,ORD-US-39147,M-002,Crisp & Co.,2025-06-15T17:13:54,ready_on_time,13.9,0,True
ME-39149,ORD-US-39148,M-003,Pasta Garden,2025-06-15T19:59:48,ready_on_time,9.8,0,True
ME-39150,ORD-US-39149,M-003,Pasta Garden,2025-06-15T14:31:24,ready_on_time,16.4,0,True
ME-39151,ORD-US-39150,M-003,Pasta Garden,2025-06-15T11:11:18,ready_on_time,11.3,0,True
ME-39152,ORD-US-39151,M-002,Crisp & Co.,2025-06-15T19:15:42,ready_on_time,10.7,0,True
ME-39153,ORD-US-39152,M-004,QuickCare Pharmacy,2025-06-15T18:11:30,ready_on_time,11.5,0,True
ME-39154,ORD-US-39153,M-003,Pasta Garden,2025-06-15T10:54:24,ready_on_time,19.4,0,True
ME-39155,ORD-US-39154,M-002,Crisp & Co.,2025-06-15T11:22:06,ready_on_time,7.1,0,True
ME-39156,ORD-US-39155,M-001,Green Basket Market,2025-06-15T18:01:30,ready_on_time,6.5,0,True
ME-39157,ORD-US-39156,M-004,QuickCare Pharmacy,2025-06-15T16:37:24,ready_on_time,12.4,0,True
ME-39158,ORD-US-39157,M-004,QuickCare Pharmacy,2025-06-15T08:31:42,ready_on_time,16.7,0,True
ME-39159,ORD-US-39158,M-002,Crisp & Co.,2025-06-15T17:23:24,ready_on_time,8.4,0,True
ME-39160,ORD-US-39159,M-003,Pasta Garden,2025-06-15T18:50:00,ready_on_time,20.0,0,True
ME-39161,ORD-US-39160,M-001,Green Basket Market,2025-06-15T17:13:36,ready_on_time,13.6,0,True
ME-39162,ORD-US-39161,M-003,Pasta Garden,2025-06-15T17:33:24,ready_on_time,23.4,0,True
ME-39163,ORD-US-39162,M-001,Green Basket Market,2025-06-15T08:44:36,ready_on_time,19.6,0,True
ME-39164,ORD-US-39163,M-003,Pasta Garden,2025-06-15T12:57:54,ready_on_time,12.9,0,True
ME-39165,ORD-US-39164,M-001,Green Basket Market,2025-06-15T11:25:36,ready_on_time,5.6,0,True
ME-39166,ORD-US-39165,M-001,Green Basket Market,2025-06-15T18:03:30,ready_on_time,8.5,0,True
ME-39167,ORD-US-39166,M-001,Green Basket Market,2025-06-15T17:02:30,ready_on_time,7.5,0,True
ME-39168,ORD-US-39167,M-003,Pasta Garden,2025-06-15T10:44:00,ready_on_time,19.0,0,True
ME-39169,ORD-US-39168,M-001,Green Basket Market,2025-06-15T13:03:24,ready_on_time,18.4,0,True
ME-39170,ORD-US-39169,M-001,Green Basket Market,2025-06-15T19:42:00,ready_on_time,12.0,0,True
ME-39171,ORD-US-39170,M-008,Noodle House,2025-06-15T11:36:06,ready_on_time,11.1,0,True
ME-39172,ORD-US-39171,M-007,Home & Handy,2025-06-15T10:36:24,ready_on_time,16.4,0,True
ME-39173,ORD-US-39172,M-007,Home & Handy,2025-06-15T19:38:42,ready_on_time,13.7,0,True
ME-39174,ORD-US-39173,M-006,Fresh Roots Grocery,2025-06-15T11:25:12,ready_on_time,15.2,0,True
ME-39175,ORD-US-39174,M-005,Corner Table,2025-06-15T16:04:54,ready_on_time,9.9,0,True
ME-39176,ORD-US-39175,M-006,Fresh Roots Grocery,2025-06-15T16:14:42,ready_on_time,9.7,0,True
ME-39177,ORD-US-39176,M-006,Fresh Roots Grocery,2025-06-15T19:44:54,ready_on_time,14.9,0,True
ME-39178,ORD-US-39177,M-006,Fresh Roots Grocery,2025-06-15T11:02:36,ready_on_time,17.6,0,True
ME-39179,ORD-US-39178,M-007,Home & Handy,2025-06-15T13:44:30,ready_on_time,24.5,0,True
ME-39180,ORD-US-39179,M-007,Home & Handy,2025-06-15T17:57:06,ready_on_time,7.1,0,True
ME-39181,ORD-US-39180,M-007,Home & Handy,2025-06-15T09:21:24,ready_on_time,26.4,0,True
ME-39182,ORD-US-39181,M-006,Fresh Roots Grocery,2025-06-15T11:07:06,ready_on_time,7.1,0,True
ME-39183,ORD-US-39182,M-005,Corner Table,2025-06-15T21:02:48,ready_on_time,17.8,0,True
ME-39184,ORD-US-39183,M-007,Home & Handy,2025-06-15T20:27:42,ready_on_time,22.7,0,True
ME-39185,ORD-US-39184,M-006,Fresh Roots Grocery,2025-06-15T17:24:42,ready_on_time,9.7,0,True
ME-39186,ORD-US-39185,M-005,Corner Table,2025-06-15T13:57:36,ready_on_time,12.6,0,True
ME-39187,ORD-US-39186,M-005,Corner Table,2025-06-15T11:40:54,ready_on_time,10.9,0,True
ME-39188,ORD-US-39187,M-005,Corner Table,2025-06-15T20:00:12,ready_on_time,10.2,0,True
ME-39189,ORD-US-39188,M-008,Noodle House,2025-06-15T17:04:18,ready_on_time,14.3,0,True
ME-39190,ORD-US-39189,M-006,Fresh Roots Grocery,2025-06-15T19:02:06,ready_on_time,12.1,0,True
ME-39191,ORD-US-39190,M-006,Fresh Roots Grocery,2025-06-15T08:43:48,ready_on_time,13.8,0,True
ME-39192,ORD-US-39191,M-008,Noodle House,2025-06-15T09:36:00,ready_on_time,11.0,0,True
ME-39193,ORD-US-39192,M-005,Corner Table,2025-06-15T19:15:06,ready_on_time,20.1,0,True
ME-39194,ORD-US-39193,M-006,Fresh Roots Grocery,2025-06-15T20:13:00,ready_on_time,8.0,0,True
ME-39195,ORD-US-39194,M-008,Noodle House,2025-06-15T15:34:42,ready_on_time,9.7,0,True
ME-39196,ORD-US-39195,M-005,Corner Table,2025-06-15T11:11:24,ready_on_time,16.4,0,True
ME-39197,ORD-US-39196,M-006,Fresh Roots Grocery,2025-06-15T15:58:30,ready_on_time,8.5,0,True
ME-39198,ORD-US-39197,M-005,Corner Table,2025-06-15T21:13:54,ready_on_time,18.9,0,True
ME-39199,ORD-US-39198,M-005,Corner Table,2025-06-15T15:41:06,ready_on_time,11.1,0,True
ME-39200,ORD-US-39199,M-006,Fresh Roots Grocery,2025-06-15T12:53:18,ready_on_time,13.3,0,True
ME-39201,ORD-US-39200,M-007,Home & Handy,2025-06-15T16:40:30,ready_on_time,10.5,0,True
ME-39202,ORD-US-39201,M-007,Home & Handy,2025-06-15T11:50:36,ready_on_time,15.6,0,True
ME-39203,ORD-US-39202,M-005,Corner Table,2025-06-15T18:35:12,ready_on_time,5.2,0,True
ME-39204,ORD-US-39203,M-006,Fresh Roots Grocery,2025-06-15T14:32:36,ready_on_time,12.6,0,True
ME-39205,ORD-US-39204,M-006,Fresh Roots Grocery,2025-06-15T12:36:12,ready_on_time,16.2,0,True
ME-39206,ORD-US-39205,M-006,Fresh Roots Grocery,2025-06-15T18:35:54,ready_on_time,10.9,0,True
ME-39207,ORD-US-39206,M-007,Home & Handy,2025-06-15T15:09:18,ready_on_time,9.3,0,True
ME-39208,ORD-US-39207,M-007,Home & Handy,2025-06-15T18:14:18,ready_on_time,14.3,0,True
ME-39209,ORD-US-39208,M-008,Noodle House,2025-06-15T10:44:24,ready_on_time,14.4,0,True
ME-39210,ORD-US-39209,M-006,Fresh Roots Grocery,2025-06-15T14:46:30,ready_on_time,16.5,0,True
ME-39211,ORD-US-39210,M-008,Noodle House,2025-06-15T20:37:18,ready_on_time,12.3,0,True
ME-39212,ORD-US-39211,M-006,Fresh Roots Grocery,2025-06-15T09:13:24,ready_on_time,13.4,0,True
ME-39213,ORD-US-39212,M-006,Fresh Roots Grocery,2025-06-15T14:02:18,ready_on_time,12.3,0,True
ME-39214,ORD-US-39213,M-010,Burger District,2025-06-15T12:01:24,ready_on_time,16.4,0,True
ME-39215,ORD-US-39214,M-009,Daily Mart,2025-06-15T13:32:42,ready_on_time,12.7,0,True
ME-39216,ORD-US-39215,M-010,Burger District,2025-06-15T08:36:54,ready_on_time,16.9,0,True
ME-39217,ORD-US-39216,M-011,Wellness Pharmacy,2025-06-15T12:07:30,ready_on_time,22.5,0,True
ME-39218,ORD-US-39217,M-009,Daily Mart,2025-06-15T09:10:48,ready_on_time,15.8,0,True
ME-39219,ORD-US-39218,M-009,Daily Mart,2025-06-15T13:47:48,ready_on_time,12.8,0,True
ME-39220,ORD-US-39219,M-009,Daily Mart,2025-06-15T10:11:18,ready_on_time,6.3,0,True
ME-39221,ORD-US-39220,M-009,Daily Mart,2025-06-15T13:11:48,ready_on_time,11.8,0,True
ME-39222,ORD-US-39221,M-011,Wellness Pharmacy,2025-06-15T10:22:00,ready_on_time,17.0,0,True
ME-39223,ORD-US-39222,M-011,Wellness Pharmacy,2025-06-15T13:08:00,ready_on_time,18.0,0,True
ME-39224,ORD-US-39223,M-011,Wellness Pharmacy,2025-06-15T10:26:00,ready_on_time,11.0,0,True
ME-39225,ORD-US-39224,M-010,Burger District,2025-06-15T13:58:54,ready_on_time,13.9,0,True
ME-39226,ORD-US-39225,M-009,Daily Mart,2025-06-15T15:37:30,ready_on_time,12.5,0,True
ME-39227,ORD-US-39226,M-010,Burger District,2025-06-15T16:06:06,ready_on_time,21.1,0,True
ME-39228,ORD-US-39227,M-012,Tech Stop,2025-06-15T09:05:54,ready_on_time,20.9,0,True
ME-39229,ORD-US-39228,M-009,Daily Mart,2025-06-15T18:51:24,ready_on_time,11.4,0,True
ME-39230,ORD-US-39229,M-010,Burger District,2025-06-15T15:29:18,ready_on_time,19.3,0,True
ME-39231,ORD-US-39230,M-012,Tech Stop,2025-06-15T10:46:54,ready_on_time,16.9,0,True
ME-39232,ORD-US-39231,M-010,Burger District,2025-06-15T09:05:12,ready_on_time,20.2,0,True
ME-39233,ORD-US-39232,M-009,Daily Mart,2025-06-15T12:23:06,ready_on_time,8.1,0,True
ME-39234,ORD-US-39233,M-012,Tech Stop,2025-06-15T11:00:36,ready_on_time,10.6,0,True
ME-39235,ORD-US-39234,M-011,Wellness Pharmacy,2025-06-15T20:10:54,ready_on_time,10.9,0,True
ME-39236,ORD-US-39235,M-011,Wellness Pharmacy,2025-06-15T13:26:42,ready_on_time,11.7,0,True
ME-39237,ORD-US-39236,M-012,Tech Stop,2025-06-15T14:38:48,ready_on_time,18.8,0,True
ME-39238,ORD-US-39237,M-012,Tech Stop,2025-06-15T10:17:36,ready_on_time,17.6,0,True
ME-39239,ORD-US-39238,M-011,Wellness Pharmacy,2025-06-15T20:14:12,ready_on_time,14.2,0,True
ME-39240,ORD-US-39239,M-009,Daily Mart,2025-06-15T19:23:42,ready_on_time,8.7,0,True
ME-39241,ORD-US-39240,M-012,Tech Stop,2025-06-15T08:17:54,ready_on_time,17.9,0,True
ME-39242,ORD-US-39241,M-010,Burger District,2025-06-15T13:10:06,ready_on_time,10.1,0,True
ME-39243,ORD-US-39242,M-010,Burger District,2025-06-15T12:15:48,ready_on_time,20.8,0,True
ME-39244,ORD-US-39243,M-011,Wellness Pharmacy,2025-06-15T13:43:18,ready_on_time,13.3,0,True
ME-39245,ORD-US-39244,M-010,Burger District,2025-06-15T10:02:00,ready_on_time,12.0,0,True
ME-39246,ORD-US-39245,M-009,Daily Mart,2025-06-15T12:19:36,ready_on_time,9.6,0,True
ME-39247,ORD-US-39246,M-010,Burger District,2025-06-15T13:18:54,ready_on_time,13.9,0,True
ME-39248,ORD-US-39247,M-010,Burger District,2025-06-15T10:05:48,ready_on_time,10.8,0,True
ME-39249,ORD-US-39248,M-012,Tech Stop,2025-06-15T19:39:24,ready_on_time,9.4,0,True
ME-39250,ORD-US-39249,M-010,Burger District,2025-06-15T13:59:48,ready_on_time,14.8,0,True
ME-39251,ORD-US-39250,M-012,Tech Stop,2025-06-15T15:26:06,ready_on_time,11.1,0,True
ME-39252,ORD-US-39251,M-010,Burger District,2025-06-15T12:43:18,ready_on_time,13.3,0,True
ME-39253,ORD-US-39252,M-010,Burger District,2025-06-15T14:19:18,ready_on_time,19.3,0,True
ME-39254,ORD-US-39253,M-011,Wellness Pharmacy,2025-06-15T16:27:30,ready_on_time,22.5,0,True
ME-39255,ORD-US-39254,M-009,Daily Mart,2025-06-15T21:03:00,ready_on_time,13.0,0,True
ME-39256,ORD-US-39255,M-009,Daily Mart,2025-06-15T08:23:12,ready_on_time,13.2,0,True
ME-39257,ORD-US-39256,M-003,Pasta Garden,2025-06-16T13:16:24,ready_on_time,6.4,0,True
ME-39258,ORD-US-39257,M-001,Green Basket Market,2025-06-16T13:30:12,ready_on_time,20.2,0,True
ME-39259,ORD-US-39258,M-004,QuickCare Pharmacy,2025-06-16T20:53:36,ready_on_time,8.6,0,True
ME-39260,ORD-US-39259,M-001,Green Basket Market,2025-06-16T12:04:12,ready_on_time,14.2,0,True
ME-39261,ORD-US-39260,M-001,Green Basket Market,2025-06-16T20:12:18,ready_on_time,12.3,0,True
ME-39262,ORD-US-39261,M-003,Pasta Garden,2025-06-16T12:15:42,ready_on_time,10.7,0,True
ME-39263,ORD-US-39262,M-001,Green Basket Market,2025-06-16T19:45:18,ready_on_time,15.3,0,True
ME-39264,ORD-US-39263,M-002,Crisp & Co.,2025-06-16T10:49:18,ready_on_time,14.3,0,True
ME-39265,ORD-US-39264,M-002,Crisp & Co.,2025-06-16T14:01:48,ready_on_time,16.8,0,True
ME-39266,ORD-US-39265,M-004,QuickCare Pharmacy,2025-06-16T17:13:24,ready_on_time,18.4,0,True
ME-39267,ORD-US-39266,M-003,Pasta Garden,2025-06-16T08:42:12,ready_on_time,12.2,0,True
ME-39268,ORD-US-39267,M-002,Crisp & Co.,2025-06-16T15:14:48,ready_on_time,9.8,0,True
ME-39269,ORD-US-39268,M-004,QuickCare Pharmacy,2025-06-16T10:29:30,ready_on_time,14.5,0,True
ME-39270,ORD-US-39269,M-001,Green Basket Market,2025-06-16T20:50:06,ready_on_time,10.1,0,True
ME-39271,ORD-US-39270,M-003,Pasta Garden,2025-06-16T18:15:18,ready_on_time,15.3,0,True
ME-39272,ORD-US-39271,M-002,Crisp & Co.,2025-06-16T13:58:06,ready_on_time,28.1,0,True
ME-39273,ORD-US-39272,M-001,Green Basket Market,2025-06-16T21:02:42,ready_on_time,12.7,0,True
ME-39274,ORD-US-39273,M-001,Green Basket Market,2025-06-16T18:18:18,ready_on_time,13.3,0,True
ME-39275,ORD-US-39274,M-004,QuickCare Pharmacy,2025-06-16T21:00:54,ready_on_time,10.9,0,True
ME-39276,ORD-US-39275,M-004,QuickCare Pharmacy,2025-06-16T16:33:06,ready_on_time,8.1,0,True
ME-39277,ORD-US-39276,M-004,QuickCare Pharmacy,2025-06-16T08:48:48,ready_on_time,18.8,0,True
ME-39278,ORD-US-39277,M-001,Green Basket Market,2025-06-16T16:53:54,ready_on_time,18.9,0,True
ME-39279,ORD-US-39278,M-001,Green Basket Market,2025-06-16T11:07:18,ready_on_time,12.3,0,True
ME-39280,ORD-US-39279,M-004,QuickCare Pharmacy,2025-06-16T18:17:12,ready_on_time,12.2,0,True
ME-39281,ORD-US-39280,M-003,Pasta Garden,2025-06-16T18:27:48,ready_on_time,17.8,0,True
ME-39282,ORD-US-39281,M-002,Crisp & Co.,2025-06-16T13:52:24,ready_on_time,7.4,0,True
ME-39283,ORD-US-39282,M-001,Green Basket Market,2025-06-16T12:21:36,ready_on_time,16.6,0,True
ME-39284,ORD-US-39283,M-002,Crisp & Co.,2025-06-16T19:34:24,ready_on_time,9.4,0,True
ME-39285,ORD-US-39284,M-001,Green Basket Market,2025-06-16T09:48:48,ready_on_time,18.8,0,True
ME-39286,ORD-US-39285,M-001,Green Basket Market,2025-06-16T21:00:54,ready_on_time,15.9,0,True
ME-39287,ORD-US-39286,M-001,Green Basket Market,2025-06-16T08:21:54,ready_on_time,11.9,0,True
ME-39288,ORD-US-39287,M-004,QuickCare Pharmacy,2025-06-16T18:55:30,ready_on_time,15.5,0,True
ME-39289,ORD-US-39288,M-002,Crisp & Co.,2025-06-16T09:40:06,ready_on_time,10.1,0,True
ME-39290,ORD-US-39289,M-002,Crisp & Co.,2025-06-16T08:27:12,ready_on_time,17.2,0,True
ME-39291,ORD-US-39290,M-004,QuickCare Pharmacy,2025-06-16T09:24:48,ready_on_time,9.8,0,True
ME-39292,ORD-US-39291,M-004,QuickCare Pharmacy,2025-06-16T10:05:12,ready_on_time,15.2,0,True
ME-39293,ORD-US-39292,M-003,Pasta Garden,2025-06-16T20:32:24,ready_on_time,12.4,0,True
ME-39294,ORD-US-39293,M-001,Green Basket Market,2025-06-16T18:38:00,ready_on_time,18.0,0,True
ME-39295,ORD-US-39294,M-003,Pasta Garden,2025-06-16T10:32:42,ready_on_time,7.7,0,True
ME-39296,ORD-US-39295,M-002,Crisp & Co.,2025-06-16T18:53:36,ready_on_time,8.6,0,False
ME-39297,ORD-US-39296,M-003,Pasta Garden,2025-06-16T15:42:06,ready_on_time,22.1,0,True
ME-39298,ORD-US-39297,M-003,Pasta Garden,2025-06-16T09:11:36,ready_on_time,11.6,0,True
ME-39299,ORD-US-39298,M-004,QuickCare Pharmacy,2025-06-16T19:32:06,ready_on_time,17.1,0,True
ME-39300,ORD-US-39299,M-002,Crisp & Co.,2025-06-16T16:02:30,ready_on_time,7.5,0,True
ME-39301,ORD-US-39300,M-004,QuickCare Pharmacy,2025-06-16T13:33:42,ready_on_time,18.7,0,True
ME-39302,ORD-US-39301,M-008,Noodle House,2025-06-16T11:23:48,ready_on_time,8.8,0,True
ME-39303,ORD-US-39302,M-006,Fresh Roots Grocery,2025-06-16T13:11:18,ready_on_time,16.3,0,True
ME-39304,ORD-US-39303,M-008,Noodle House,2025-06-16T12:54:36,ready_on_time,9.6,0,True
ME-39305,ORD-US-39304,M-006,Fresh Roots Grocery,2025-06-16T18:55:48,ready_on_time,15.8,0,True
ME-39306,ORD-US-39305,M-006,Fresh Roots Grocery,2025-06-16T16:08:36,ready_on_time,13.6,0,True
ME-39307,ORD-US-39306,M-006,Fresh Roots Grocery,2025-06-16T09:57:12,ready_on_time,7.2,0,True
ME-39308,ORD-US-39307,M-008,Noodle House,2025-06-16T13:08:24,ready_on_time,13.4,0,True
ME-39309,ORD-US-39308,M-008,Noodle House,2025-06-16T20:45:36,ready_on_time,10.6,0,True
ME-39310,ORD-US-39309,M-005,Corner Table,2025-06-16T14:40:30,ready_on_time,10.5,0,True
ME-39311,ORD-US-39310,M-008,Noodle House,2025-06-16T15:13:06,ready_on_time,13.1,0,True
ME-39312,ORD-US-39311,M-008,Noodle House,2025-06-16T10:39:06,ready_on_time,14.1,0,True
ME-39313,ORD-US-39312,M-008,Noodle House,2025-06-16T08:41:48,ready_on_time,16.8,0,True
ME-39314,ORD-US-39313,M-008,Noodle House,2025-06-16T13:09:48,ready_on_time,14.8,0,True
ME-39315,ORD-US-39314,M-006,Fresh Roots Grocery,2025-06-16T16:05:36,ready_on_time,15.6,0,True
ME-39316,ORD-US-39315,M-008,Noodle House,2025-06-16T18:37:42,ready_on_time,7.7,0,True
ME-39317,ORD-US-39316,M-008,Noodle House,2025-06-16T11:24:48,ready_on_time,14.8,0,True
ME-39318,ORD-US-39317,M-007,Home & Handy,2025-06-16T10:56:12,ready_on_time,16.2,0,True
ME-39319,ORD-US-39318,M-008,Noodle House,2025-06-16T17:02:54,ready_on_time,12.9,0,True
ME-39320,ORD-US-39319,M-008,Noodle House,2025-06-16T14:35:12,ready_on_time,10.2,0,True
ME-39321,ORD-US-39320,M-007,Home & Handy,2025-06-16T16:16:18,ready_on_time,6.3,0,True
ME-39322,ORD-US-39321,M-007,Home & Handy,2025-06-16T12:27:48,ready_on_time,12.8,0,True
ME-39323,ORD-US-39322,M-005,Corner Table,2025-06-16T16:42:54,ready_on_time,7.9,0,True
ME-39324,ORD-US-39323,M-008,Noodle House,2025-06-16T17:14:12,ready_on_time,19.2,0,True
ME-39325,ORD-US-39324,M-005,Corner Table,2025-06-16T16:57:24,ready_on_time,12.4,0,True
ME-39326,ORD-US-39325,M-008,Noodle House,2025-06-16T14:50:30,ready_on_time,15.5,0,True
ME-39327,ORD-US-39326,M-007,Home & Handy,2025-06-16T10:29:18,ready_on_time,19.3,0,True
ME-39328,ORD-US-39327,M-008,Noodle House,2025-06-16T16:09:54,ready_on_time,4.9,0,True
ME-39329,ORD-US-39328,M-007,Home & Handy,2025-06-16T16:19:12,ready_on_time,24.2,0,True
ME-39330,ORD-US-39329,M-006,Fresh Roots Grocery,2025-06-16T14:51:48,ready_on_time,16.8,0,True
ME-39331,ORD-US-39330,M-005,Corner Table,2025-06-16T20:00:54,ready_on_time,10.9,0,True
ME-39332,ORD-US-39331,M-007,Home & Handy,2025-06-16T13:02:12,ready_on_time,12.2,0,True
ME-39333,ORD-US-39332,M-005,Corner Table,2025-06-16T20:17:06,ready_on_time,17.1,0,True
ME-39334,ORD-US-39333,M-008,Noodle House,2025-06-16T09:36:18,ready_on_time,11.3,0,True
ME-39335,ORD-US-39334,M-007,Home & Handy,2025-06-16T15:23:54,ready_on_time,23.9,0,True
ME-39336,ORD-US-39335,M-005,Corner Table,2025-06-16T19:09:12,ready_on_time,14.2,0,True
ME-39337,ORD-US-39336,M-005,Corner Table,2025-06-16T18:38:36,ready_on_time,13.6,0,True
ME-39338,ORD-US-39337,M-006,Fresh Roots Grocery,2025-06-16T18:47:24,ready_on_time,12.4,0,True
ME-39339,ORD-US-39338,M-005,Corner Table,2025-06-16T19:34:06,ready_on_time,14.1,0,True
ME-39340,ORD-US-39339,M-010,Burger District,2025-06-16T16:19:36,ready_on_time,14.6,0,True
ME-39341,ORD-US-39340,M-011,Wellness Pharmacy,2025-06-16T12:30:18,ready_on_time,15.3,0,True
ME-39342,ORD-US-39341,M-011,Wellness Pharmacy,2025-06-16T10:38:30,ready_on_time,13.5,0,True
ME-39343,ORD-US-39342,M-010,Burger District,2025-06-16T11:40:12,ready_on_time,10.2,0,True
ME-39344,ORD-US-39343,M-009,Daily Mart,2025-06-16T13:10:12,ready_on_time,15.2,0,True
ME-39345,ORD-US-39344,M-009,Daily Mart,2025-06-16T13:05:30,ready_on_time,10.5,0,True
ME-39346,ORD-US-39345,M-011,Wellness Pharmacy,2025-06-16T19:38:00,ready_on_time,18.0,0,True
ME-39347,ORD-US-39346,M-011,Wellness Pharmacy,2025-06-16T11:12:42,ready_on_time,17.7,0,True
ME-39348,ORD-US-39347,M-012,Tech Stop,2025-06-16T14:48:30,ready_on_time,18.5,0,True
ME-39349,ORD-US-39348,M-012,Tech Stop,2025-06-16T16:43:18,ready_on_time,18.3,0,True
ME-39350,ORD-US-39349,M-012,Tech Stop,2025-06-16T09:41:36,ready_on_time,11.6,0,True
ME-39351,ORD-US-39350,M-011,Wellness Pharmacy,2025-06-16T16:56:36,ready_on_time,11.6,0,True
ME-39352,ORD-US-39351,M-010,Burger District,2025-06-16T18:51:48,ready_on_time,11.8,0,True
ME-39353,ORD-US-39352,M-011,Wellness Pharmacy,2025-06-16T18:22:00,ready_on_time,12.0,0,True
ME-39354,ORD-US-39353,M-012,Tech Stop,2025-06-16T09:28:06,ready_on_time,13.1,0,True
ME-39355,ORD-US-39354,M-011,Wellness Pharmacy,2025-06-16T11:26:18,ready_on_time,16.3,0,True
ME-39356,ORD-US-39355,M-012,Tech Stop,2025-06-16T09:19:00,ready_on_time,9.0,0,True
ME-39357,ORD-US-39356,M-012,Tech Stop,2025-06-16T15:27:48,ready_on_time,12.8,0,True
ME-39358,ORD-US-39357,M-010,Burger District,2025-06-16T17:43:18,ready_on_time,13.3,0,True
ME-39359,ORD-US-39358,M-010,Burger District,2025-06-16T15:58:12,ready_on_time,18.2,0,True
ME-39360,ORD-US-39359,M-009,Daily Mart,2025-06-16T14:16:48,ready_on_time,21.8,0,True
ME-39361,ORD-US-39360,M-012,Tech Stop,2025-06-16T14:12:30,ready_on_time,7.5,0,True
ME-39362,ORD-US-39361,M-009,Daily Mart,2025-06-16T14:29:54,ready_on_time,19.9,0,True
ME-39363,ORD-US-39362,M-010,Burger District,2025-06-16T10:18:12,ready_on_time,18.2,0,True
ME-39364,ORD-US-39363,M-009,Daily Mart,2025-06-16T18:54:18,ready_on_time,19.3,0,True
ME-39365,ORD-US-39364,M-010,Burger District,2025-06-16T12:13:00,ready_on_time,8.0,0,True
ME-39366,ORD-US-39365,M-009,Daily Mart,2025-06-16T19:56:18,ready_on_time,16.3,0,True
ME-39367,ORD-US-39366,M-011,Wellness Pharmacy,2025-06-16T18:44:00,ready_on_time,9.0,0,True
ME-39368,ORD-US-39367,M-012,Tech Stop,2025-06-16T14:07:18,ready_on_time,17.3,0,True
ME-39369,ORD-US-39368,M-011,Wellness Pharmacy,2025-06-16T20:18:06,ready_on_time,18.1,0,True
ME-39370,ORD-US-39369,M-010,Burger District,2025-06-16T17:15:12,ready_on_time,20.2,0,True
ME-39371,ORD-US-39370,M-010,Burger District,2025-06-16T11:13:30,ready_on_time,18.5,0,True
ME-39372,ORD-US-39371,M-011,Wellness Pharmacy,2025-06-16T16:42:18,ready_on_time,12.3,0,True
ME-39373,ORD-US-39372,M-010,Burger District,2025-06-16T11:57:54,ready_on_time,7.9,0,True
ME-39374,ORD-US-39373,M-010,Burger District,2025-06-16T13:57:18,ready_on_time,17.3,0,True
ME-39375,ORD-US-39374,M-011,Wellness Pharmacy,2025-06-16T19:48:54,ready_on_time,8.9,0,True
ME-39376,ORD-US-39375,M-009,Daily Mart,2025-06-16T12:04:18,ready_on_time,14.3,0,True
ME-39377,ORD-US-39376,M-011,Wellness Pharmacy,2025-06-16T18:12:36,ready_on_time,17.6,0,True
ME-39378,ORD-US-39377,M-004,QuickCare Pharmacy,2025-06-17T08:26:18,ready_on_time,21.3,0,True
ME-39379,ORD-US-39378,M-003,Pasta Garden,2025-06-17T18:07:12,ready_on_time,12.2,0,True
ME-39380,ORD-US-39379,M-001,Green Basket Market,2025-06-17T15:46:18,ready_on_time,16.3,0,True
ME-39381,ORD-US-39380,M-004,QuickCare Pharmacy,2025-06-17T19:09:06,ready_on_time,9.1,0,True
ME-39382,ORD-US-39381,M-001,Green Basket Market,2025-06-17T13:31:36,ready_on_time,11.6,0,True
ME-39383,ORD-US-39382,M-004,QuickCare Pharmacy,2025-06-17T17:32:42,ready_on_time,22.7,0,True
ME-39384,ORD-US-39383,M-001,Green Basket Market,2025-06-17T15:39:36,ready_on_time,14.6,0,True
ME-39385,ORD-US-39384,M-003,Pasta Garden,2025-06-17T09:03:06,ready_on_time,13.1,0,True
ME-39386,ORD-US-39385,M-002,Crisp & Co.,2025-06-17T10:25:54,ready_on_time,10.9,0,True
ME-39387,ORD-US-39386,M-001,Green Basket Market,2025-06-17T18:07:18,ready_on_time,12.3,0,True
ME-39388,ORD-US-39387,M-002,Crisp & Co.,2025-06-17T12:49:54,ready_on_time,14.9,0,True
ME-39389,ORD-US-39388,M-003,Pasta Garden,2025-06-17T12:19:00,ready_on_time,14.0,0,True
ME-39390,ORD-US-39389,M-004,QuickCare Pharmacy,2025-06-17T16:17:54,ready_on_time,12.9,0,True
ME-39391,ORD-US-39390,M-001,Green Basket Market,2025-06-17T08:36:36,ready_on_time,16.6,0,True
ME-39392,ORD-US-39391,M-004,QuickCare Pharmacy,2025-06-17T12:23:18,ready_on_time,13.3,0,True
ME-39393,ORD-US-39392,M-002,Crisp & Co.,2025-06-17T18:48:12,ready_on_time,13.2,0,True
ME-39394,ORD-US-39393,M-003,Pasta Garden,2025-06-17T14:34:42,ready_on_time,14.7,0,True
ME-39395,ORD-US-39394,M-003,Pasta Garden,2025-06-17T15:29:24,ready_on_time,14.4,0,True
ME-39396,ORD-US-39395,M-003,Pasta Garden,2025-06-17T18:37:12,ready_on_time,12.2,0,True
ME-39397,ORD-US-39396,M-001,Green Basket Market,2025-06-17T17:45:30,ready_on_time,10.5,0,False
ME-39398,ORD-US-39397,M-004,QuickCare Pharmacy,2025-06-17T09:01:54,ready_on_time,6.9,0,True
ME-39399,ORD-US-39398,M-003,Pasta Garden,2025-06-17T09:33:06,ready_on_time,13.1,0,True
ME-39400,ORD-US-39399,M-003,Pasta Garden,2025-06-17T10:15:18,ready_on_time,10.3,0,True
ME-39401,ORD-US-39400,M-002,Crisp & Co.,2025-06-17T20:22:24,ready_on_time,12.4,0,True
ME-39402,ORD-US-39401,M-004,QuickCare Pharmacy,2025-06-17T17:05:36,ready_on_time,20.6,0,True
ME-39403,ORD-US-39402,M-002,Crisp & Co.,2025-06-17T17:12:06,ready_on_time,7.1,0,True
ME-39404,ORD-US-39403,M-004,QuickCare Pharmacy,2025-06-17T09:10:06,ready_on_time,15.1,0,True
ME-39405,ORD-US-39404,M-002,Crisp & Co.,2025-06-17T19:10:00,ready_on_time,10.0,0,True
ME-39406,ORD-US-39405,M-004,QuickCare Pharmacy,2025-06-17T19:58:06,ready_on_time,18.1,0,True
ME-39407,ORD-US-39406,M-001,Green Basket Market,2025-06-17T17:55:24,ready_on_time,10.4,0,True
ME-39408,ORD-US-39407,M-004,QuickCare Pharmacy,2025-06-17T11:13:36,ready_on_time,8.6,0,True
ME-39409,ORD-US-39408,M-001,Green Basket Market,2025-06-17T19:29:48,ready_on_time,14.8,0,True
ME-39410,ORD-US-39409,M-001,Green Basket Market,2025-06-17T14:50:06,ready_on_time,20.1,0,True
ME-39411,ORD-US-39410,M-003,Pasta Garden,2025-06-17T16:02:12,ready_on_time,17.2,0,True
ME-39412,ORD-US-39411,M-003,Pasta Garden,2025-06-17T09:35:48,ready_on_time,10.8,0,True
ME-39413,ORD-US-39412,M-001,Green Basket Market,2025-06-17T12:44:00,ready_on_time,14.0,0,True
ME-39414,ORD-US-39413,M-007,Home & Handy,2025-06-17T16:47:48,ready_on_time,17.8,0,True
ME-39415,ORD-US-39414,M-006,Fresh Roots Grocery,2025-06-17T12:07:24,ready_on_time,7.4,0,True
ME-39416,ORD-US-39415,M-007,Home & Handy,2025-06-17T13:04:24,ready_on_time,14.4,0,True
ME-39417,ORD-US-39416,M-007,Home & Handy,2025-06-17T12:45:06,ready_on_time,20.1,0,True
ME-39418,ORD-US-39417,M-008,Noodle House,2025-06-17T14:02:30,ready_on_time,17.5,0,True
ME-39419,ORD-US-39418,M-007,Home & Handy,2025-06-17T13:46:42,ready_on_time,21.7,0,True
ME-39420,ORD-US-39419,M-008,Noodle House,2025-06-17T11:23:42,ready_on_time,13.7,0,True
ME-39421,ORD-US-39420,M-006,Fresh Roots Grocery,2025-06-17T17:19:30,ready_on_time,14.5,0,True
ME-39422,ORD-US-39421,M-008,Noodle House,2025-06-17T16:11:30,ready_on_time,16.5,0,True
ME-39423,ORD-US-39422,M-005,Corner Table,2025-06-17T16:56:24,ready_on_time,16.4,0,True
ME-39424,ORD-US-39423,M-008,Noodle House,2025-06-17T11:22:00,ready_on_time,17.0,0,True
ME-39425,ORD-US-39424,M-007,Home & Handy,2025-06-17T19:43:06,ready_on_time,13.1,0,True
ME-39426,ORD-US-39425,M-007,Home & Handy,2025-06-17T11:24:24,ready_on_time,14.4,0,True
ME-39427,ORD-US-39426,M-005,Corner Table,2025-06-17T10:57:48,ready_on_time,12.8,0,True
ME-39428,ORD-US-39427,M-007,Home & Handy,2025-06-17T09:33:24,ready_on_time,8.4,0,True
ME-39429,ORD-US-39428,M-008,Noodle House,2025-06-17T19:17:24,ready_on_time,17.4,0,True
ME-39430,ORD-US-39429,M-006,Fresh Roots Grocery,2025-06-17T16:40:12,ready_on_time,10.2,0,True
ME-39431,ORD-US-39430,M-006,Fresh Roots Grocery,2025-06-17T13:05:54,ready_on_time,15.9,0,True
ME-39432,ORD-US-39431,M-007,Home & Handy,2025-06-17T20:27:24,ready_on_time,7.4,0,True
ME-39433,ORD-US-39432,M-006,Fresh Roots Grocery,2025-06-17T17:49:54,ready_on_time,9.9,0,True
ME-39434,ORD-US-39433,M-006,Fresh Roots Grocery,2025-06-17T11:11:48,ready_on_time,16.8,0,True
ME-39435,ORD-US-39434,M-007,Home & Handy,2025-06-17T12:50:12,ready_on_time,10.2,0,True
ME-39436,ORD-US-39435,M-006,Fresh Roots Grocery,2025-06-17T12:05:42,ready_on_time,10.7,0,True
ME-39437,ORD-US-39436,M-006,Fresh Roots Grocery,2025-06-17T15:34:36,ready_on_time,19.6,0,True
ME-39438,ORD-US-39437,M-008,Noodle House,2025-06-17T19:55:36,ready_on_time,15.6,0,True
ME-39439,ORD-US-39438,M-008,Noodle House,2025-06-17T19:07:24,ready_on_time,22.4,0,True
ME-39440,ORD-US-39439,M-007,Home & Handy,2025-06-17T16:19:30,ready_on_time,9.5,0,True
ME-39441,ORD-US-39440,M-007,Home & Handy,2025-06-17T17:56:12,ready_on_time,21.2,0,True
ME-39442,ORD-US-39441,M-007,Home & Handy,2025-06-17T12:38:36,ready_on_time,13.6,0,True
ME-39443,ORD-US-39442,M-006,Fresh Roots Grocery,2025-06-17T15:51:30,ready_on_time,11.5,0,True
ME-39444,ORD-US-39443,M-006,Fresh Roots Grocery,2025-06-17T20:41:12,ready_on_time,11.2,0,True
ME-39445,ORD-US-39444,M-007,Home & Handy,2025-06-17T16:32:18,ready_on_time,22.3,0,True
ME-39446,ORD-US-39445,M-005,Corner Table,2025-06-17T19:29:00,ready_on_time,9.0,0,True
ME-39447,ORD-US-39446,M-007,Home & Handy,2025-06-17T19:00:36,ready_on_time,10.6,0,True
ME-39448,ORD-US-39447,M-005,Corner Table,2025-06-17T12:59:24,ready_on_time,14.4,0,True
ME-39449,ORD-US-39448,M-007,Home & Handy,2025-06-17T20:51:18,ready_on_time,11.3,0,True
ME-39450,ORD-US-39449,M-006,Fresh Roots Grocery,2025-06-17T15:26:30,ready_on_time,11.5,0,True
ME-39451,ORD-US-39450,M-007,Home & Handy,2025-06-17T17:13:06,ready_on_time,13.1,0,True
ME-39452,ORD-US-39451,M-005,Corner Table,2025-06-17T12:29:54,ready_on_time,14.9,0,True
ME-39453,ORD-US-39452,M-011,Wellness Pharmacy,2025-06-17T10:30:18,ready_on_time,15.3,0,True
ME-39454,ORD-US-39453,M-011,Wellness Pharmacy,2025-06-17T20:09:30,ready_on_time,19.5,0,True
ME-39455,ORD-US-39454,M-012,Tech Stop,2025-06-17T09:04:18,ready_on_time,14.3,0,True
ME-39456,ORD-US-39455,M-011,Wellness Pharmacy,2025-06-17T15:40:24,ready_on_time,10.4,0,True
ME-39457,ORD-US-39456,M-011,Wellness Pharmacy,2025-06-17T20:53:48,ready_on_time,8.8,0,True
ME-39458,ORD-US-39457,M-012,Tech Stop,2025-06-17T17:01:30,ready_on_time,16.5,0,True
ME-39459,ORD-US-39458,M-010,Burger District,2025-06-17T19:24:48,ready_on_time,14.8,0,True
ME-39460,ORD-US-39459,M-011,Wellness Pharmacy,2025-06-17T20:36:54,ready_on_time,11.9,0,True
ME-39461,ORD-US-39460,M-010,Burger District,2025-06-17T19:57:48,ready_on_time,17.8,0,True
ME-39462,ORD-US-39461,M-012,Tech Stop,2025-06-17T13:42:24,ready_on_time,17.4,0,True
ME-39463,ORD-US-39462,M-012,Tech Stop,2025-06-17T11:41:00,ready_on_time,11.0,0,True
ME-39464,ORD-US-39463,M-010,Burger District,2025-06-17T13:03:06,ready_on_time,13.1,0,True
ME-39465,ORD-US-39464,M-011,Wellness Pharmacy,2025-06-17T08:22:06,ready_on_time,12.1,0,True
ME-39466,ORD-US-39465,M-010,Burger District,2025-06-17T12:56:00,ready_on_time,11.0,0,True
ME-39467,ORD-US-39466,M-010,Burger District,2025-06-17T09:23:48,ready_on_time,13.8,0,True
ME-39468,ORD-US-39467,M-011,Wellness Pharmacy,2025-06-17T08:42:42,ready_on_time,17.7,0,True
ME-39469,ORD-US-39468,M-009,Daily Mart,2025-06-17T09:28:42,ready_on_time,18.7,0,True
ME-39470,ORD-US-39469,M-012,Tech Stop,2025-06-17T21:00:42,ready_on_time,15.7,0,True
ME-39471,ORD-US-39470,M-012,Tech Stop,2025-06-17T11:53:00,ready_on_time,13.0,0,True
ME-39472,ORD-US-39471,M-010,Burger District,2025-06-17T16:35:06,ready_on_time,15.1,0,True
ME-39473,ORD-US-39472,M-010,Burger District,2025-06-17T09:26:54,ready_on_time,16.9,0,True
ME-39474,ORD-US-39473,M-010,Burger District,2025-06-17T14:31:24,ready_on_time,16.4,0,True
ME-39475,ORD-US-39474,M-010,Burger District,2025-06-17T15:27:24,ready_on_time,12.4,0,True
ME-39476,ORD-US-39475,M-009,Daily Mart,2025-06-17T09:55:42,ready_on_time,20.7,0,True
ME-39477,ORD-US-39476,M-010,Burger District,2025-06-17T15:47:54,ready_on_time,12.9,0,True
ME-39478,ORD-US-39477,M-009,Daily Mart,2025-06-17T08:19:30,ready_on_time,14.5,0,True
ME-39479,ORD-US-39478,M-010,Burger District,2025-06-17T12:14:42,ready_on_time,9.7,0,True
ME-39480,ORD-US-39479,M-011,Wellness Pharmacy,2025-06-17T12:35:12,ready_on_time,15.2,0,True
ME-39481,ORD-US-39480,M-011,Wellness Pharmacy,2025-06-17T12:08:24,ready_on_time,13.4,0,True
ME-39482,ORD-US-39481,M-010,Burger District,2025-06-17T14:59:36,ready_on_time,9.6,0,True
ME-39483,ORD-US-39482,M-012,Tech Stop,2025-06-17T09:33:42,ready_on_time,13.7,0,True
ME-39484,ORD-US-39483,M-012,Tech Stop,2025-06-17T14:04:54,ready_on_time,24.9,0,True
ME-39485,ORD-US-39484,M-012,Tech Stop,2025-06-17T18:03:48,ready_on_time,8.8,0,True
ME-39486,ORD-US-39485,M-011,Wellness Pharmacy,2025-06-17T08:53:42,ready_on_time,13.7,0,True
ME-39487,ORD-US-39486,M-009,Daily Mart,2025-06-17T14:16:06,ready_on_time,11.1,0,True
ME-39488,ORD-US-39487,M-010,Burger District,2025-06-17T17:25:48,ready_on_time,15.8,0,True
ME-39489,ORD-US-39488,M-011,Wellness Pharmacy,2025-06-17T13:36:48,ready_on_time,6.8,0,True
ME-39490,ORD-US-39489,M-012,Tech Stop,2025-06-17T15:16:36,ready_on_time,11.6,0,True
ME-39491,ORD-US-39490,M-012,Tech Stop,2025-06-17T11:55:54,ready_on_time,10.9,0,True
ME-39492,ORD-US-39491,M-012,Tech Stop,2025-06-17T19:30:12,ready_on_time,10.2,0,True
ME-39493,ORD-US-39492,M-001,Green Basket Market,2025-06-18T09:52:00,ready_on_time,17.0,0,True
ME-39494,ORD-US-39493,M-001,Green Basket Market,2025-06-18T12:27:54,ready_on_time,17.9,0,True
ME-39495,ORD-US-39494,M-002,Crisp & Co.,2025-06-18T14:13:12,ready_on_time,18.2,0,True
ME-39496,ORD-US-39495,M-002,Crisp & Co.,2025-06-18T13:01:06,ready_on_time,16.1,0,True
ME-39497,ORD-US-39496,M-003,Pasta Garden,2025-06-18T13:40:24,ready_on_time,15.4,0,True
ME-39498,ORD-US-39497,M-002,Crisp & Co.,2025-06-18T20:35:06,ready_on_time,10.1,0,True
ME-39499,ORD-US-39498,M-003,Pasta Garden,2025-06-18T16:44:00,ready_on_time,9.0,0,True
ME-39500,ORD-US-39499,M-001,Green Basket Market,2025-06-18T13:55:18,ready_on_time,10.3,0,True
ME-39501,ORD-US-39500,M-003,Pasta Garden,2025-06-18T16:32:12,ready_on_time,12.2,0,True
ME-39502,ORD-US-39501,M-003,Pasta Garden,2025-06-18T09:08:54,ready_on_time,13.9,0,True
ME-39503,ORD-US-39502,M-001,Green Basket Market,2025-06-18T12:24:42,ready_on_time,14.7,0,True
ME-39504,ORD-US-39503,M-001,Green Basket Market,2025-06-18T15:46:54,ready_on_time,16.9,0,True
ME-39505,ORD-US-39504,M-003,Pasta Garden,2025-06-18T17:41:48,ready_on_time,11.8,0,True
ME-39506,ORD-US-39505,M-003,Pasta Garden,2025-06-18T16:33:36,ready_on_time,18.6,0,True
ME-39507,ORD-US-39506,M-002,Crisp & Co.,2025-06-18T18:39:54,ready_on_time,14.9,0,True
ME-39508,ORD-US-39507,M-002,Crisp & Co.,2025-06-18T16:03:06,ready_on_time,8.1,0,True
ME-39509,ORD-US-39508,M-002,Crisp & Co.,2025-06-18T08:27:18,ready_on_time,17.3,0,True
ME-39510,ORD-US-39509,M-003,Pasta Garden,2025-06-18T09:41:48,ready_on_time,11.8,0,True
ME-39511,ORD-US-39510,M-003,Pasta Garden,2025-06-18T18:17:00,ready_on_time,17.0,0,True
ME-39512,ORD-US-39511,M-004,QuickCare Pharmacy,2025-06-18T17:03:42,ready_on_time,18.7,0,True
ME-39513,ORD-US-39512,M-001,Green Basket Market,2025-06-18T12:04:30,ready_on_time,19.5,0,True
ME-39514,ORD-US-39513,M-002,Crisp & Co.,2025-06-18T11:22:42,ready_on_time,12.7,0,True
ME-39515,ORD-US-39514,M-002,Crisp & Co.,2025-06-18T13:18:18,ready_on_time,13.3,0,True
ME-39516,ORD-US-39515,M-003,Pasta Garden,2025-06-18T18:35:12,ready_on_time,15.2,0,True
ME-39517,ORD-US-39516,M-003,Pasta Garden,2025-06-18T08:14:30,ready_on_time,14.5,0,True
ME-39518,ORD-US-39517,M-003,Pasta Garden,2025-06-18T16:10:06,ready_on_time,15.1,0,True
ME-39519,ORD-US-39518,M-001,Green Basket Market,2025-06-18T16:19:12,ready_on_time,14.2,0,True
ME-39520,ORD-US-39519,M-002,Crisp & Co.,2025-06-18T12:44:24,ready_on_time,9.4,0,True
ME-39521,ORD-US-39520,M-004,QuickCare Pharmacy,2025-06-18T14:22:48,ready_on_time,17.8,0,True
ME-39522,ORD-US-39521,M-001,Green Basket Market,2025-06-18T08:57:12,ready_on_time,12.2,0,True
ME-39523,ORD-US-39522,M-001,Green Basket Market,2025-06-18T11:31:24,ready_on_time,21.4,0,True
ME-39524,ORD-US-39523,M-004,QuickCare Pharmacy,2025-06-18T11:37:30,ready_on_time,12.5,0,True
ME-39525,ORD-US-39524,M-002,Crisp & Co.,2025-06-18T18:57:48,ready_on_time,7.8,0,True
ME-39526,ORD-US-39525,M-004,QuickCare Pharmacy,2025-06-18T18:23:42,ready_on_time,8.7,0,True
ME-39527,ORD-US-39526,M-004,QuickCare Pharmacy,2025-06-18T08:41:24,ready_on_time,11.4,0,True
ME-39528,ORD-US-39527,M-003,Pasta Garden,2025-06-18T13:39:12,ready_on_time,19.2,0,True
ME-39529,ORD-US-39528,M-001,Green Basket Market,2025-06-18T10:42:30,ready_on_time,22.5,0,True
ME-39530,ORD-US-39529,M-002,Crisp & Co.,2025-06-18T20:08:42,ready_on_time,13.7,0,True
ME-39531,ORD-US-39530,M-004,QuickCare Pharmacy,2025-06-18T11:22:48,ready_on_time,22.8,0,True
ME-39532,ORD-US-39531,M-006,Fresh Roots Grocery,2025-06-18T18:12:24,ready_on_time,7.4,0,True
ME-39533,ORD-US-39532,M-008,Noodle House,2025-06-18T08:38:42,ready_on_time,13.7,0,True
ME-39534,ORD-US-39533,M-008,Noodle House,2025-06-18T19:20:30,ready_on_time,15.5,0,True
ME-39535,ORD-US-39534,M-005,Corner Table,2025-06-18T10:11:36,ready_on_time,16.6,0,True
ME-39536,ORD-US-39535,M-006,Fresh Roots Grocery,2025-06-18T14:14:48,ready_on_time,19.8,0,True
ME-39537,ORD-US-39536,M-007,Home & Handy,2025-06-18T14:25:06,ready_on_time,15.1,0,True
ME-39538,ORD-US-39537,M-005,Corner Table,2025-06-18T15:40:36,ready_on_time,20.6,0,True
ME-39539,ORD-US-39538,M-007,Home & Handy,2025-06-18T17:13:18,ready_on_time,8.3,0,True
ME-39540,ORD-US-39539,M-006,Fresh Roots Grocery,2025-06-18T16:56:30,ready_on_time,16.5,0,True
ME-39541,ORD-US-39540,M-006,Fresh Roots Grocery,2025-06-18T15:33:18,ready_on_time,13.3,0,True
ME-39542,ORD-US-39541,M-007,Home & Handy,2025-06-18T19:14:12,ready_on_time,14.2,0,True
ME-39543,ORD-US-39542,M-008,Noodle House,2025-06-18T15:00:48,ready_on_time,5.8,0,True
ME-39544,ORD-US-39543,M-006,Fresh Roots Grocery,2025-06-18T08:14:36,ready_on_time,9.6,0,True
ME-39545,ORD-US-39544,M-005,Corner Table,2025-06-18T20:25:54,ready_on_time,15.9,0,True
ME-39546,ORD-US-39545,M-005,Corner Table,2025-06-18T10:17:18,ready_on_time,7.3,0,True
ME-39547,ORD-US-39546,M-005,Corner Table,2025-06-18T12:10:48,ready_on_time,20.8,0,True
ME-39548,ORD-US-39547,M-005,Corner Table,2025-06-18T19:00:06,ready_on_time,10.1,0,True
ME-39549,ORD-US-39548,M-006,Fresh Roots Grocery,2025-06-18T18:51:12,ready_on_time,11.2,0,True
ME-39550,ORD-US-39549,M-007,Home & Handy,2025-06-18T10:57:12,ready_on_time,12.2,0,True
ME-39551,ORD-US-39550,M-005,Corner Table,2025-06-18T20:58:42,ready_on_time,8.7,0,True
ME-39552,ORD-US-39551,M-008,Noodle House,2025-06-18T15:15:12,ready_on_time,10.2,0,True
ME-39553,ORD-US-39552,M-005,Corner Table,2025-06-18T17:35:06,ready_on_time,20.1,0,True
ME-39554,ORD-US-39553,M-005,Corner Table,2025-06-18T15:12:12,ready_on_time,12.2,0,True
ME-39555,ORD-US-39554,M-007,Home & Handy,2025-06-18T08:19:06,ready_on_time,14.1,0,True
ME-39556,ORD-US-39555,M-008,Noodle House,2025-06-18T08:55:12,ready_on_time,10.2,0,True
ME-39557,ORD-US-39556,M-008,Noodle House,2025-06-18T19:40:42,ready_on_time,15.7,0,True
ME-39558,ORD-US-39557,M-006,Fresh Roots Grocery,2025-06-18T17:00:06,ready_on_time,10.1,0,True
ME-39559,ORD-US-39558,M-006,Fresh Roots Grocery,2025-06-18T13:48:54,ready_on_time,8.9,0,True
ME-39560,ORD-US-39559,M-008,Noodle House,2025-06-18T15:20:48,ready_on_time,15.8,0,True
ME-39561,ORD-US-39560,M-008,Noodle House,2025-06-18T19:04:12,ready_on_time,19.2,0,True
ME-39562,ORD-US-39561,M-007,Home & Handy,2025-06-18T11:47:42,ready_on_time,7.7,0,True
ME-39563,ORD-US-39562,M-008,Noodle House,2025-06-18T16:44:30,ready_on_time,19.5,0,True
ME-39564,ORD-US-39563,M-007,Home & Handy,2025-06-18T08:54:54,ready_on_time,9.9,0,True
ME-39565,ORD-US-39564,M-006,Fresh Roots Grocery,2025-06-18T10:07:00,ready_on_time,12.0,0,True
ME-39566,ORD-US-39565,M-005,Corner Table,2025-06-18T09:31:12,ready_on_time,6.2,0,True
ME-39567,ORD-US-39566,M-005,Corner Table,2025-06-18T18:30:30,ready_on_time,20.5,0,True
ME-39568,ORD-US-39567,M-005,Corner Table,2025-06-18T11:14:48,ready_on_time,9.8,0,True
ME-39569,ORD-US-39568,M-006,Fresh Roots Grocery,2025-06-18T13:26:00,ready_on_time,16.0,0,True
ME-39570,ORD-US-39569,M-005,Corner Table,2025-06-18T14:52:24,ready_on_time,17.4,0,True
ME-39571,ORD-US-39570,M-006,Fresh Roots Grocery,2025-06-18T18:21:18,ready_on_time,6.3,0,True
ME-39572,ORD-US-39571,M-009,Daily Mart,2025-06-18T20:07:18,ready_on_time,12.3,0,True
ME-39573,ORD-US-39572,M-011,Wellness Pharmacy,2025-06-18T17:51:30,ready_on_time,16.5,0,True
ME-39574,ORD-US-39573,M-012,Tech Stop,2025-06-18T19:56:18,ready_on_time,11.3,0,True
ME-39575,ORD-US-39574,M-010,Burger District,2025-06-18T08:16:06,ready_on_time,16.1,0,True
ME-39576,ORD-US-39575,M-011,Wellness Pharmacy,2025-06-18T16:47:18,ready_on_time,7.3,0,True
ME-39577,ORD-US-39576,M-009,Daily Mart,2025-06-18T08:20:06,ready_on_time,15.1,0,True
ME-39578,ORD-US-39577,M-009,Daily Mart,2025-06-18T16:02:54,ready_on_time,17.9,0,True
ME-39579,ORD-US-39578,M-010,Burger District,2025-06-18T10:50:36,ready_on_time,5.6,0,True
ME-39580,ORD-US-39579,M-011,Wellness Pharmacy,2025-06-18T11:30:06,ready_on_time,20.1,0,True
ME-39581,ORD-US-39580,M-011,Wellness Pharmacy,2025-06-18T20:56:18,ready_on_time,16.3,0,True
ME-39582,ORD-US-39581,M-010,Burger District,2025-06-18T10:51:24,ready_on_time,16.4,0,True
ME-39583,ORD-US-39582,M-010,Burger District,2025-06-18T09:10:48,ready_on_time,15.8,0,True
ME-39584,ORD-US-39583,M-010,Burger District,2025-06-18T15:56:18,ready_on_time,21.3,0,True
ME-39585,ORD-US-39584,M-011,Wellness Pharmacy,2025-06-18T19:43:36,ready_on_time,8.6,0,True
ME-39586,ORD-US-39585,M-012,Tech Stop,2025-06-18T13:52:36,ready_on_time,17.6,0,True
ME-39587,ORD-US-39586,M-010,Burger District,2025-06-18T08:17:00,ready_on_time,17.0,0,True
ME-39588,ORD-US-39587,M-010,Burger District,2025-06-18T13:14:06,ready_on_time,9.1,0,True
ME-39589,ORD-US-39588,M-012,Tech Stop,2025-06-18T08:43:24,ready_on_time,18.4,0,True
ME-39590,ORD-US-39589,M-009,Daily Mart,2025-06-18T09:20:24,ready_on_time,15.4,0,True
ME-39591,ORD-US-39590,M-011,Wellness Pharmacy,2025-06-18T10:16:06,ready_on_time,16.1,0,True
ME-39592,ORD-US-39591,M-009,Daily Mart,2025-06-18T13:14:42,ready_on_time,14.7,0,True
ME-39593,ORD-US-39592,M-012,Tech Stop,2025-06-18T16:21:48,ready_on_time,6.8,0,True
ME-39594,ORD-US-39593,M-009,Daily Mart,2025-06-18T08:57:00,ready_on_time,12.0,0,True
ME-39595,ORD-US-39594,M-009,Daily Mart,2025-06-18T13:28:00,ready_on_time,13.0,0,True
ME-39596,ORD-US-39595,M-011,Wellness Pharmacy,2025-06-18T08:55:30,ready_on_time,15.5,0,True
ME-39597,ORD-US-39596,M-012,Tech Stop,2025-06-18T13:56:06,ready_on_time,16.1,0,True
ME-39598,ORD-US-39597,M-010,Burger District,2025-06-18T08:32:36,ready_on_time,17.6,0,True
ME-39599,ORD-US-39598,M-010,Burger District,2025-06-18T21:01:00,ready_on_time,11.0,0,True
ME-39600,ORD-US-39599,M-011,Wellness Pharmacy,2025-06-18T08:49:42,ready_on_time,14.7,0,True
ME-39601,ORD-US-39600,M-012,Tech Stop,2025-06-18T13:57:54,ready_on_time,7.9,0,True
ME-39602,ORD-US-39601,M-012,Tech Stop,2025-06-18T11:40:12,ready_on_time,15.2,0,True
ME-39603,ORD-US-39602,M-011,Wellness Pharmacy,2025-06-18T21:12:12,ready_on_time,17.2,0,True
ME-39604,ORD-US-39603,M-009,Daily Mart,2025-06-18T17:47:30,ready_on_time,17.5,0,True
ME-39605,ORD-US-39604,M-012,Tech Stop,2025-06-18T11:45:00,ready_on_time,10.0,0,True
ME-39606,ORD-US-39605,M-009,Daily Mart,2025-06-18T10:30:54,ready_on_time,15.9,0,True
ME-39607,ORD-US-39606,M-012,Tech Stop,2025-06-18T18:53:00,ready_on_time,8.0,0,True
ME-39608,ORD-US-39607,M-011,Wellness Pharmacy,2025-06-18T10:54:12,ready_on_time,19.2,0,True
ME-39609,ORD-US-39608,M-010,Burger District,2025-06-18T16:16:30,ready_on_time,11.5,0,True
ME-39610,ORD-US-39609,M-009,Daily Mart,2025-06-18T08:40:00,ready_on_time,15.0,0,True
ME-39611,ORD-US-39610,M-004,QuickCare Pharmacy,2025-06-19T14:45:36,ready_on_time,10.6,0,True
ME-39612,ORD-US-39611,M-004,QuickCare Pharmacy,2025-06-19T10:41:48,ready_on_time,6.8,0,True
ME-39613,ORD-US-39612,M-004,QuickCare Pharmacy,2025-06-19T20:00:36,ready_on_time,10.6,0,True
ME-39614,ORD-US-39613,M-002,Crisp & Co.,2025-06-19T11:30:54,ready_on_time,10.9,0,True
ME-39615,ORD-US-39614,M-003,Pasta Garden,2025-06-19T16:18:18,ready_on_time,18.3,0,True
ME-39616,ORD-US-39615,M-001,Green Basket Market,2025-06-19T18:00:12,ready_on_time,10.2,0,True
ME-39617,ORD-US-39616,M-004,QuickCare Pharmacy,2025-06-19T18:58:24,ready_on_time,3.4,0,True
ME-39618,ORD-US-39617,M-001,Green Basket Market,2025-06-19T11:15:00,ready_on_time,15.0,0,True
ME-39619,ORD-US-39618,M-002,Crisp & Co.,2025-06-19T10:07:12,ready_on_time,22.2,0,True
ME-39620,ORD-US-39619,M-004,QuickCare Pharmacy,2025-06-19T15:53:12,ready_on_time,23.2,0,True
ME-39621,ORD-US-39620,M-003,Pasta Garden,2025-06-19T08:33:24,ready_on_time,13.4,0,True
ME-39622,ORD-US-39621,M-003,Pasta Garden,2025-06-19T17:59:42,ready_on_time,9.7,0,True
ME-39623,ORD-US-39622,M-003,Pasta Garden,2025-06-19T13:16:42,ready_on_time,21.7,0,True
ME-39624,ORD-US-39623,M-001,Green Basket Market,2025-06-19T15:24:06,ready_on_time,14.1,0,True
ME-39625,ORD-US-39624,M-003,Pasta Garden,2025-06-19T17:21:00,ready_on_time,21.0,0,True
ME-39626,ORD-US-39625,M-002,Crisp & Co.,2025-06-19T12:48:30,ready_on_time,13.5,0,True
ME-39627,ORD-US-39626,M-004,QuickCare Pharmacy,2025-06-19T16:29:30,ready_on_time,19.5,0,True
ME-39628,ORD-US-39627,M-002,Crisp & Co.,2025-06-19T20:16:48,ready_on_time,6.8,0,False
ME-39629,ORD-US-39628,M-001,Green Basket Market,2025-06-19T12:38:18,ready_on_time,13.3,0,True
ME-39630,ORD-US-39629,M-001,Green Basket Market,2025-06-19T08:21:42,ready_on_time,21.7,0,True
ME-39631,ORD-US-39630,M-002,Crisp & Co.,2025-06-19T15:14:24,ready_on_time,14.4,0,True
ME-39632,ORD-US-39631,M-001,Green Basket Market,2025-06-19T14:02:24,ready_on_time,12.4,0,True
ME-39633,ORD-US-39632,M-001,Green Basket Market,2025-06-19T19:42:36,ready_on_time,12.6,0,True
ME-39634,ORD-US-39633,M-002,Crisp & Co.,2025-06-19T20:11:42,ready_on_time,11.7,0,True
ME-39635,ORD-US-39634,M-003,Pasta Garden,2025-06-19T10:00:42,ready_on_time,15.7,0,True
ME-39636,ORD-US-39635,M-001,Green Basket Market,2025-06-19T11:49:30,ready_on_time,4.5,0,True
ME-39637,ORD-US-39636,M-004,QuickCare Pharmacy,2025-06-19T13:54:36,ready_on_time,19.6,0,True
ME-39638,ORD-US-39637,M-003,Pasta Garden,2025-06-19T11:08:36,ready_on_time,8.6,0,True
ME-39639,ORD-US-39638,M-003,Pasta Garden,2025-06-19T12:40:06,ready_on_time,15.1,0,True
ME-39640,ORD-US-39639,M-003,Pasta Garden,2025-06-19T12:17:42,ready_on_time,12.7,0,True
ME-39641,ORD-US-39640,M-002,Crisp & Co.,2025-06-19T18:14:12,ready_on_time,19.2,0,True
ME-39642,ORD-US-39641,M-001,Green Basket Market,2025-06-19T14:27:48,ready_on_time,12.8,0,True
ME-39643,ORD-US-39642,M-004,QuickCare Pharmacy,2025-06-19T16:11:06,ready_on_time,16.1,0,True
ME-39644,ORD-US-39643,M-004,QuickCare Pharmacy,2025-06-19T13:58:12,ready_on_time,8.2,0,True
ME-39645,ORD-US-39644,M-003,Pasta Garden,2025-06-19T12:37:42,ready_on_time,12.7,0,True
ME-39646,ORD-US-39645,M-003,Pasta Garden,2025-06-19T10:08:00,ready_on_time,8.0,0,True
ME-39647,ORD-US-39646,M-003,Pasta Garden,2025-06-19T20:42:36,ready_on_time,12.6,0,False
ME-39648,ORD-US-39647,M-005,Corner Table,2025-06-19T13:25:48,ready_on_time,15.8,0,True
ME-39649,ORD-US-39648,M-005,Corner Table,2025-06-19T19:07:54,ready_on_time,17.9,0,True
ME-39650,ORD-US-39649,M-005,Corner Table,2025-06-19T11:18:36,ready_on_time,8.6,0,True
ME-39651,ORD-US-39650,M-005,Corner Table,2025-06-19T19:30:06,ready_on_time,10.1,0,True
ME-39652,ORD-US-39651,M-006,Fresh Roots Grocery,2025-06-19T15:01:36,ready_on_time,16.6,0,True
ME-39653,ORD-US-39652,M-007,Home & Handy,2025-06-19T18:01:18,ready_on_time,11.3,0,True
ME-39654,ORD-US-39653,M-008,Noodle House,2025-06-19T14:37:48,ready_on_time,12.8,0,True
ME-39655,ORD-US-39654,M-005,Corner Table,2025-06-19T19:46:12,ready_on_time,6.2,0,True
ME-39656,ORD-US-39655,M-007,Home & Handy,2025-06-19T13:37:54,ready_on_time,7.9,0,True
ME-39657,ORD-US-39656,M-007,Home & Handy,2025-06-19T11:31:06,ready_on_time,6.1,0,True
ME-39658,ORD-US-39657,M-005,Corner Table,2025-06-19T12:44:36,ready_on_time,19.6,0,True
ME-39659,ORD-US-39658,M-005,Corner Table,2025-06-19T09:59:30,ready_on_time,9.5,0,True
ME-39660,ORD-US-39659,M-008,Noodle House,2025-06-19T15:49:48,ready_on_time,14.8,0,True
ME-39661,ORD-US-39660,M-007,Home & Handy,2025-06-19T15:49:06,ready_on_time,9.1,0,True
ME-39662,ORD-US-39661,M-007,Home & Handy,2025-06-19T09:35:30,ready_on_time,10.5,0,True
ME-39663,ORD-US-39662,M-005,Corner Table,2025-06-19T16:41:12,ready_on_time,16.2,0,True
ME-39664,ORD-US-39663,M-008,Noodle House,2025-06-19T10:58:00,ready_on_time,13.0,0,True
ME-39665,ORD-US-39664,M-008,Noodle House,2025-06-19T13:26:30,ready_on_time,16.5,0,True
ME-39666,ORD-US-39665,M-007,Home & Handy,2025-06-19T15:19:18,ready_on_time,14.3,0,True
ME-39667,ORD-US-39666,M-008,Noodle House,2025-06-19T10:05:48,ready_on_time,15.8,0,True
ME-39668,ORD-US-39667,M-006,Fresh Roots Grocery,2025-06-19T19:41:18,ready_on_time,11.3,0,True
ME-39669,ORD-US-39668,M-006,Fresh Roots Grocery,2025-06-19T20:58:42,ready_on_time,13.7,0,True
ME-39670,ORD-US-39669,M-006,Fresh Roots Grocery,2025-06-19T20:43:18,ready_on_time,8.3,0,False
ME-39671,ORD-US-39670,M-007,Home & Handy,2025-06-19T19:38:12,ready_on_time,18.2,0,True
ME-39672,ORD-US-39671,M-005,Corner Table,2025-06-19T08:17:00,ready_on_time,7.0,0,True
ME-39673,ORD-US-39672,M-007,Home & Handy,2025-06-19T12:49:00,ready_on_time,19.0,0,True
ME-39674,ORD-US-39673,M-007,Home & Handy,2025-06-19T17:04:18,ready_on_time,9.3,0,True
ME-39675,ORD-US-39674,M-006,Fresh Roots Grocery,2025-06-19T16:00:36,ready_on_time,20.6,0,True
ME-39676,ORD-US-39675,M-007,Home & Handy,2025-06-19T20:53:42,ready_on_time,8.7,0,True
ME-39677,ORD-US-39676,M-007,Home & Handy,2025-06-19T16:50:12,ready_on_time,10.2,0,True
ME-39678,ORD-US-39677,M-006,Fresh Roots Grocery,2025-06-19T15:17:36,ready_on_time,7.6,0,True
ME-39679,ORD-US-39678,M-007,Home & Handy,2025-06-19T16:05:00,ready_on_time,20.0,0,True
ME-39680,ORD-US-39679,M-008,Noodle House,2025-06-19T09:21:54,ready_on_time,11.9,0,True
ME-39681,ORD-US-39680,M-006,Fresh Roots Grocery,2025-06-19T09:12:06,ready_on_time,17.1,0,True
ME-39682,ORD-US-39681,M-007,Home & Handy,2025-06-19T19:58:18,ready_on_time,18.3,0,True
ME-39683,ORD-US-39682,M-006,Fresh Roots Grocery,2025-06-19T08:10:54,ready_on_time,10.9,0,True
ME-39684,ORD-US-39683,M-005,Corner Table,2025-06-19T11:35:00,ready_on_time,10.0,0,True
ME-39685,ORD-US-39684,M-007,Home & Handy,2025-06-19T20:37:30,ready_on_time,17.5,0,True
ME-39686,ORD-US-39685,M-006,Fresh Roots Grocery,2025-06-19T19:14:24,ready_on_time,9.4,0,True
ME-39687,ORD-US-39686,M-006,Fresh Roots Grocery,2025-06-19T17:06:18,ready_on_time,11.3,0,True
ME-39688,ORD-US-39687,M-007,Home & Handy,2025-06-19T10:03:24,ready_on_time,8.4,0,True
ME-39689,ORD-US-39688,M-005,Corner Table,2025-06-19T12:41:36,ready_on_time,11.6,0,True
ME-39690,ORD-US-39689,M-008,Noodle House,2025-06-19T08:48:24,ready_on_time,8.4,0,True
ME-39691,ORD-US-39690,M-009,Daily Mart,2025-06-19T19:59:06,ready_on_time,19.1,0,True
ME-39692,ORD-US-39691,M-010,Burger District,2025-06-19T16:52:30,ready_on_time,12.5,0,True
ME-39693,ORD-US-39692,M-012,Tech Stop,2025-06-19T19:30:18,ready_on_time,20.3,0,True
ME-39694,ORD-US-39693,M-011,Wellness Pharmacy,2025-06-19T09:38:48,ready_on_time,13.8,0,True
ME-39695,ORD-US-39694,M-012,Tech Stop,2025-06-19T12:01:54,ready_on_time,6.9,0,True
ME-39696,ORD-US-39695,M-011,Wellness Pharmacy,2025-06-19T11:29:12,ready_on_time,9.2,0,True
ME-39697,ORD-US-39696,M-012,Tech Stop,2025-06-19T09:11:54,ready_on_time,11.9,0,True
ME-39698,ORD-US-39697,M-012,Tech Stop,2025-06-19T08:57:18,ready_on_time,17.3,0,True
ME-39699,ORD-US-39698,M-010,Burger District,2025-06-19T09:36:30,ready_on_time,6.5,0,True
ME-39700,ORD-US-39699,M-010,Burger District,2025-06-19T08:25:36,ready_on_time,10.6,0,True
ME-39701,ORD-US-39700,M-012,Tech Stop,2025-06-19T10:22:12,ready_on_time,17.2,0,True
ME-39702,ORD-US-39701,M-012,Tech Stop,2025-06-19T15:10:48,ready_on_time,10.8,0,True
ME-39703,ORD-US-39702,M-009,Daily Mart,2025-06-19T12:53:18,ready_on_time,13.3,0,True
ME-39704,ORD-US-39703,M-009,Daily Mart,2025-06-19T17:34:06,ready_on_time,19.1,0,True
ME-39705,ORD-US-39704,M-012,Tech Stop,2025-06-19T11:06:48,ready_on_time,11.8,0,True
ME-39706,ORD-US-39705,M-010,Burger District,2025-06-19T09:33:30,ready_on_time,8.5,0,True
ME-39707,ORD-US-39706,M-010,Burger District,2025-06-19T15:58:18,ready_on_time,8.3,0,True
ME-39708,ORD-US-39707,M-012,Tech Stop,2025-06-19T18:10:06,ready_on_time,15.1,0,True
ME-39709,ORD-US-39708,M-010,Burger District,2025-06-19T08:44:42,ready_on_time,9.7,0,True
ME-39710,ORD-US-39709,M-011,Wellness Pharmacy,2025-06-19T20:00:24,ready_on_time,10.4,0,True
ME-39711,ORD-US-39710,M-012,Tech Stop,2025-06-19T11:12:18,ready_on_time,17.3,0,True
ME-39712,ORD-US-39711,M-011,Wellness Pharmacy,2025-06-19T09:43:00,ready_on_time,13.0,0,True
ME-39713,ORD-US-39712,M-011,Wellness Pharmacy,2025-06-19T19:15:42,ready_on_time,10.7,0,True
ME-39714,ORD-US-39713,M-009,Daily Mart,2025-06-19T18:34:12,ready_on_time,14.2,0,True
ME-39715,ORD-US-39714,M-009,Daily Mart,2025-06-19T09:21:30,ready_on_time,16.5,0,True
ME-39716,ORD-US-39715,M-010,Burger District,2025-06-19T19:38:18,ready_on_time,13.3,0,True
ME-39717,ORD-US-39716,M-009,Daily Mart,2025-06-19T13:30:48,ready_on_time,20.8,0,True
ME-39718,ORD-US-39717,M-009,Daily Mart,2025-06-19T20:20:18,ready_on_time,20.3,0,True
ME-39719,ORD-US-39718,M-011,Wellness Pharmacy,2025-06-19T18:54:12,ready_on_time,14.2,0,True
ME-39720,ORD-US-39719,M-012,Tech Stop,2025-06-19T20:15:00,ready_on_time,15.0,0,True
ME-39721,ORD-US-39720,M-010,Burger District,2025-06-19T19:32:54,ready_on_time,12.9,0,True
ME-39722,ORD-US-39721,M-009,Daily Mart,2025-06-19T20:01:06,ready_on_time,16.1,0,True
ME-39723,ORD-US-39722,M-012,Tech Stop,2025-06-19T18:41:36,ready_on_time,11.6,0,True
ME-39724,ORD-US-39723,M-010,Burger District,2025-06-19T19:18:00,ready_on_time,8.0,0,True
ME-39725,ORD-US-39724,M-009,Daily Mart,2025-06-19T08:28:30,ready_on_time,3.5,0,True
ME-39726,ORD-US-39725,M-012,Tech Stop,2025-06-19T17:13:12,ready_on_time,8.2,0,True
ME-39727,ORD-US-39726,M-010,Burger District,2025-06-19T11:24:00,ready_on_time,14.0,0,True
ME-39728,ORD-US-39727,M-010,Burger District,2025-06-19T17:42:30,ready_on_time,7.5,0,True
ME-39729,ORD-US-39728,M-010,Burger District,2025-06-19T19:48:48,ready_on_time,13.8,0,True
ME-39730,ORD-US-39729,M-012,Tech Stop,2025-06-19T18:31:48,ready_on_time,16.8,0,True
ME-39731,ORD-US-39730,M-004,QuickCare Pharmacy,2025-06-20T16:22:48,ready_on_time,12.8,0,True
ME-39732,ORD-US-39731,M-004,QuickCare Pharmacy,2025-06-20T18:55:18,ready_on_time,5.3,0,True
ME-39733,ORD-US-39732,M-001,Green Basket Market,2025-06-20T20:21:12,ready_on_time,11.2,0,True
ME-39734,ORD-US-39733,M-004,QuickCare Pharmacy,2025-06-20T16:30:54,ready_on_time,5.9,0,True
ME-39735,ORD-US-39734,M-003,Pasta Garden,2025-06-20T20:53:12,ready_on_time,18.2,0,True
ME-39736,ORD-US-39735,M-003,Pasta Garden,2025-06-20T19:01:12,ready_on_time,11.2,0,True
ME-39737,ORD-US-39736,M-003,Pasta Garden,2025-06-20T09:53:18,ready_on_time,13.3,0,False
ME-39738,ORD-US-39737,M-004,QuickCare Pharmacy,2025-06-20T16:03:42,ready_on_time,23.7,0,True
ME-39739,ORD-US-39738,M-004,QuickCare Pharmacy,2025-06-20T13:20:06,ready_on_time,10.1,0,True
ME-39740,ORD-US-39739,M-003,Pasta Garden,2025-06-20T17:27:48,ready_on_time,17.8,0,True
ME-39741,ORD-US-39740,M-004,QuickCare Pharmacy,2025-06-20T14:14:00,ready_on_time,9.0,0,True
ME-39742,ORD-US-39741,M-003,Pasta Garden,2025-06-20T08:46:24,ready_on_time,11.4,0,True
ME-39743,ORD-US-39742,M-002,Crisp & Co.,2025-06-20T20:03:00,ready_on_time,3,0,True
ME-39744,ORD-US-39743,M-003,Pasta Garden,2025-06-20T09:45:18,ready_on_time,10.3,0,True
ME-39745,ORD-US-39744,M-003,Pasta Garden,2025-06-20T10:13:24,ready_on_time,13.4,0,True
ME-39746,ORD-US-39745,M-003,Pasta Garden,2025-06-20T15:07:00,ready_on_time,12.0,0,True
ME-39747,ORD-US-39746,M-001,Green Basket Market,2025-06-20T18:30:24,ready_on_time,10.4,0,True
ME-39748,ORD-US-39747,M-002,Crisp & Co.,2025-06-20T14:45:36,ready_on_time,15.6,0,True
ME-39749,ORD-US-39748,M-004,QuickCare Pharmacy,2025-06-20T10:41:06,ready_on_time,11.1,0,True
ME-39750,ORD-US-39749,M-003,Pasta Garden,2025-06-20T18:39:48,ready_on_time,19.8,0,True
ME-39751,ORD-US-39750,M-003,Pasta Garden,2025-06-20T20:07:54,ready_on_time,17.9,0,True
ME-39752,ORD-US-39751,M-002,Crisp & Co.,2025-06-20T19:50:24,ready_on_time,20.4,0,True
ME-39753,ORD-US-39752,M-002,Crisp & Co.,2025-06-20T10:01:54,ready_on_time,11.9,0,True
ME-39754,ORD-US-39753,M-001,Green Basket Market,2025-06-20T11:03:12,ready_on_time,18.2,0,True
ME-39755,ORD-US-39754,M-001,Green Basket Market,2025-06-20T11:51:54,ready_on_time,6.9,0,True
ME-39756,ORD-US-39755,M-003,Pasta Garden,2025-06-20T09:26:00,ready_on_time,16.0,0,True
ME-39757,ORD-US-39756,M-003,Pasta Garden,2025-06-20T08:51:36,ready_on_time,6.6,0,True
ME-39758,ORD-US-39757,M-004,QuickCare Pharmacy,2025-06-20T12:21:18,ready_on_time,11.3,0,True
ME-39759,ORD-US-39758,M-004,QuickCare Pharmacy,2025-06-20T16:08:30,ready_on_time,13.5,0,True
ME-39760,ORD-US-39759,M-004,QuickCare Pharmacy,2025-06-20T19:36:24,ready_on_time,11.4,0,True
ME-39761,ORD-US-39760,M-004,QuickCare Pharmacy,2025-06-20T16:00:36,ready_on_time,15.6,0,True
ME-39762,ORD-US-39761,M-002,Crisp & Co.,2025-06-20T15:03:18,ready_on_time,13.3,0,True
ME-39763,ORD-US-39762,M-002,Crisp & Co.,2025-06-20T10:23:12,ready_on_time,13.2,0,True
ME-39764,ORD-US-39763,M-004,QuickCare Pharmacy,2025-06-20T15:02:00,ready_on_time,12.0,0,True
ME-39765,ORD-US-39764,M-002,Crisp & Co.,2025-06-20T14:55:30,ready_on_time,15.5,0,True
ME-39766,ORD-US-39765,M-002,Crisp & Co.,2025-06-20T18:28:30,ready_on_time,8.5,0,True
ME-39767,ORD-US-39766,M-004,QuickCare Pharmacy,2025-06-20T12:26:42,ready_on_time,16.7,0,True
ME-39768,ORD-US-39767,M-002,Crisp & Co.,2025-06-20T21:04:06,ready_on_time,9.1,0,True
ME-39769,ORD-US-39768,M-004,QuickCare Pharmacy,2025-06-20T11:50:00,ready_on_time,20.0,0,True
ME-39770,ORD-US-39769,M-002,Crisp & Co.,2025-06-20T16:49:18,ready_on_time,19.3,0,True
ME-39771,ORD-US-39770,M-003,Pasta Garden,2025-06-20T10:27:06,ready_on_time,12.1,0,True
ME-39772,ORD-US-39771,M-001,Green Basket Market,2025-06-20T21:02:18,ready_on_time,12.3,0,True
ME-39773,ORD-US-39772,M-001,Green Basket Market,2025-06-20T17:09:54,ready_on_time,14.9,0,True
ME-39774,ORD-US-39773,M-007,Home & Handy,2025-06-20T14:29:36,ready_on_time,14.6,0,True
ME-39775,ORD-US-39774,M-007,Home & Handy,2025-06-20T17:56:12,ready_on_time,16.2,0,True
ME-39776,ORD-US-39775,M-005,Corner Table,2025-06-20T20:09:30,ready_on_time,14.5,0,True
ME-39777,ORD-US-39776,M-005,Corner Table,2025-06-20T13:20:30,ready_on_time,10.5,0,True
ME-39778,ORD-US-39777,M-007,Home & Handy,2025-06-20T12:57:06,ready_on_time,12.1,0,True
ME-39779,ORD-US-39778,M-006,Fresh Roots Grocery,2025-06-20T09:44:30,ready_on_time,14.5,0,True
ME-39780,ORD-US-39779,M-005,Corner Table,2025-06-20T10:42:42,ready_on_time,12.7,0,True
ME-39781,ORD-US-39780,M-008,Noodle House,2025-06-20T15:26:12,ready_on_time,16.2,0,True
ME-39782,ORD-US-39781,M-008,Noodle House,2025-06-20T10:14:48,ready_on_time,9.8,0,True
ME-39783,ORD-US-39782,M-006,Fresh Roots Grocery,2025-06-20T18:29:00,ready_on_time,9.0,0,True
ME-39784,ORD-US-39783,M-006,Fresh Roots Grocery,2025-06-20T10:15:30,ready_on_time,15.5,0,True
ME-39785,ORD-US-39784,M-007,Home & Handy,2025-06-20T08:24:12,ready_on_time,9.2,0,True
ME-39786,ORD-US-39785,M-008,Noodle House,2025-06-20T14:43:00,ready_on_time,8.0,0,True
ME-39787,ORD-US-39786,M-006,Fresh Roots Grocery,2025-06-20T20:01:36,ready_on_time,11.6,0,True
ME-39788,ORD-US-39787,M-008,Noodle House,2025-06-20T10:50:06,ready_on_time,10.1,0,True
ME-39789,ORD-US-39788,M-007,Home & Handy,2025-06-20T10:00:18,ready_on_time,30.3,0,True
ME-39790,ORD-US-39789,M-007,Home & Handy,2025-06-20T09:44:24,ready_on_time,19.4,0,True
ME-39791,ORD-US-39790,M-008,Noodle House,2025-06-20T13:03:54,ready_on_time,8.9,0,True
ME-39792,ORD-US-39791,M-006,Fresh Roots Grocery,2025-06-20T09:06:42,ready_on_time,21.7,0,True
ME-39793,ORD-US-39792,M-006,Fresh Roots Grocery,2025-06-20T11:53:30,ready_on_time,13.5,0,True
ME-39794,ORD-US-39793,M-005,Corner Table,2025-06-20T17:13:18,ready_on_time,18.3,0,True
ME-39795,ORD-US-39794,M-006,Fresh Roots Grocery,2025-06-20T17:22:30,ready_on_time,17.5,0,True
ME-39796,ORD-US-39795,M-005,Corner Table,2025-06-20T19:21:30,ready_on_time,16.5,0,True
ME-39797,ORD-US-39796,M-006,Fresh Roots Grocery,2025-06-20T20:06:18,ready_on_time,16.3,0,True
ME-39798,ORD-US-39797,M-007,Home & Handy,2025-06-20T10:15:30,ready_on_time,15.5,0,True
ME-39799,ORD-US-39798,M-007,Home & Handy,2025-06-20T19:21:36,ready_on_time,16.6,0,True
ME-39800,ORD-US-39799,M-005,Corner Table,2025-06-20T14:32:18,ready_on_time,17.3,0,True
ME-39801,ORD-US-39800,M-007,Home & Handy,2025-06-20T16:32:54,ready_on_time,17.9,0,True
ME-39802,ORD-US-39801,M-006,Fresh Roots Grocery,2025-06-20T18:18:06,ready_on_time,13.1,0,True
ME-39803,ORD-US-39802,M-007,Home & Handy,2025-06-20T20:01:24,ready_on_time,11.4,0,True
ME-39804,ORD-US-39803,M-005,Corner Table,2025-06-20T16:49:48,ready_on_time,19.8,0,True
ME-39805,ORD-US-39804,M-005,Corner Table,2025-06-20T20:24:18,ready_on_time,14.3,0,True
ME-39806,ORD-US-39805,M-006,Fresh Roots Grocery,2025-06-20T14:12:36,ready_on_time,12.6,0,True
ME-39807,ORD-US-39806,M-007,Home & Handy,2025-06-20T14:48:18,ready_on_time,8.3,0,True
ME-39808,ORD-US-39807,M-005,Corner Table,2025-06-20T13:17:54,ready_on_time,17.9,0,True
ME-39809,ORD-US-39808,M-005,Corner Table,2025-06-20T15:40:42,ready_on_time,15.7,0,True
ME-39810,ORD-US-39809,M-008,Noodle House,2025-06-20T20:31:30,ready_on_time,11.5,0,True
ME-39811,ORD-US-39810,M-005,Corner Table,2025-06-20T11:00:30,ready_on_time,15.5,0,True
ME-39812,ORD-US-39811,M-007,Home & Handy,2025-06-20T09:39:30,ready_on_time,9.5,0,True
ME-39813,ORD-US-39812,M-008,Noodle House,2025-06-20T13:03:30,ready_on_time,8.5,0,True
ME-39814,ORD-US-39813,M-005,Corner Table,2025-06-20T17:18:12,ready_on_time,13.2,0,True
ME-39815,ORD-US-39814,M-006,Fresh Roots Grocery,2025-06-20T09:54:18,ready_on_time,9.3,0,True
ME-39816,ORD-US-39815,M-010,Burger District,2025-06-20T18:41:36,ready_on_time,11.6,0,True
ME-39817,ORD-US-39816,M-011,Wellness Pharmacy,2025-06-20T12:20:00,ready_on_time,15.0,0,True
ME-39818,ORD-US-39817,M-011,Wellness Pharmacy,2025-06-20T17:57:06,ready_on_time,12.1,0,True
ME-39819,ORD-US-39818,M-011,Wellness Pharmacy,2025-06-20T15:19:18,ready_on_time,14.3,0,True
ME-39820,ORD-US-39819,M-012,Tech Stop,2025-06-20T11:48:00,ready_on_time,18.0,0,True
ME-39821,ORD-US-39820,M-012,Tech Stop,2025-06-20T20:45:12,ready_on_time,15.2,0,True
ME-39822,ORD-US-39821,M-009,Daily Mart,2025-06-20T10:06:12,ready_on_time,6.2,0,True
ME-39823,ORD-US-39822,M-010,Burger District,2025-06-20T10:39:42,ready_on_time,9.7,0,True
ME-39824,ORD-US-39823,M-009,Daily Mart,2025-06-20T14:02:18,ready_on_time,12.3,0,True
ME-39825,ORD-US-39824,M-009,Daily Mart,2025-06-20T09:30:06,ready_on_time,10.1,0,True
ME-39826,ORD-US-39825,M-012,Tech Stop,2025-06-20T19:44:00,ready_on_time,19.0,0,True
ME-39827,ORD-US-39826,M-012,Tech Stop,2025-06-20T09:07:00,ready_on_time,17.0,0,True
ME-39828,ORD-US-39827,M-010,Burger District,2025-06-20T12:44:36,ready_on_time,14.6,0,True
ME-39829,ORD-US-39828,M-010,Burger District,2025-06-20T08:50:18,ready_on_time,15.3,0,True
ME-39830,ORD-US-39829,M-010,Burger District,2025-06-20T20:06:12,ready_on_time,16.2,0,True
ME-39831,ORD-US-39830,M-012,Tech Stop,2025-06-20T13:00:48,ready_on_time,10.8,0,True
ME-39832,ORD-US-39831,M-010,Burger District,2025-06-20T17:51:06,ready_on_time,16.1,0,True
ME-39833,ORD-US-39832,M-010,Burger District,2025-06-20T17:01:30,ready_on_time,16.5,0,True
ME-39834,ORD-US-39833,M-011,Wellness Pharmacy,2025-06-20T12:29:30,ready_on_time,9.5,0,True
ME-39835,ORD-US-39834,M-010,Burger District,2025-06-20T16:17:36,ready_on_time,7.6,0,True
ME-39836,ORD-US-39835,M-009,Daily Mart,2025-06-20T19:01:36,ready_on_time,11.6,0,True
ME-39837,ORD-US-39836,M-009,Daily Mart,2025-06-20T14:52:06,ready_on_time,12.1,0,True
ME-39838,ORD-US-39837,M-009,Daily Mart,2025-06-20T13:05:42,ready_on_time,10.7,0,True
ME-39839,ORD-US-39838,M-012,Tech Stop,2025-06-20T14:42:24,ready_on_time,12.4,0,True
ME-39840,ORD-US-39839,M-012,Tech Stop,2025-06-20T13:24:54,ready_on_time,14.9,0,True
ME-39841,ORD-US-39840,M-012,Tech Stop,2025-06-20T13:24:36,ready_on_time,19.6,0,True
ME-39842,ORD-US-39841,M-009,Daily Mart,2025-06-20T14:07:06,ready_on_time,12.1,0,True
ME-39843,ORD-US-39842,M-011,Wellness Pharmacy,2025-06-20T19:16:24,ready_on_time,21.4,0,True
ME-39844,ORD-US-39843,M-009,Daily Mart,2025-06-20T20:46:18,ready_on_time,16.3,0,True
ME-39845,ORD-US-39844,M-010,Burger District,2025-06-20T11:59:36,ready_on_time,14.6,0,True
ME-39846,ORD-US-39845,M-011,Wellness Pharmacy,2025-06-20T12:40:18,ready_on_time,20.3,0,True
ME-39847,ORD-US-39846,M-011,Wellness Pharmacy,2025-06-20T13:05:24,ready_on_time,15.4,0,True
ME-39848,ORD-US-39847,M-012,Tech Stop,2025-06-20T17:44:48,ready_on_time,14.8,0,True
ME-39849,ORD-US-39848,M-011,Wellness Pharmacy,2025-06-20T09:35:18,ready_on_time,15.3,0,True
ME-39850,ORD-US-39849,M-011,Wellness Pharmacy,2025-06-20T17:46:18,ready_on_time,11.3,0,True
ME-39851,ORD-US-39850,M-011,Wellness Pharmacy,2025-06-20T18:22:30,ready_on_time,17.5,0,True
ME-39852,ORD-US-39851,M-009,Daily Mart,2025-06-20T21:15:24,ready_on_time,20.4,0,True
ME-39853,ORD-US-39852,M-010,Burger District,2025-06-20T14:42:42,ready_on_time,12.7,0,True
ME-39854,ORD-US-39853,M-009,Daily Mart,2025-06-20T20:56:00,ready_on_time,16.0,0,True
ME-39855,ORD-US-39854,M-011,Wellness Pharmacy,2025-06-20T18:35:06,ready_on_time,20.1,0,True
ME-39856,ORD-US-39855,M-011,Wellness Pharmacy,2025-06-20T17:44:48,ready_on_time,4.8,0,True
ME-39857,ORD-US-39856,M-010,Burger District,2025-06-20T11:56:42,ready_on_time,11.7,0,True
ME-39858,ORD-US-39857,M-002,Crisp & Co.,2025-06-21T21:09:18,ready_on_time,19.3,0,True
ME-39859,ORD-US-39858,M-004,QuickCare Pharmacy,2025-06-21T17:44:18,ready_on_time,14.3,0,True
ME-39860,ORD-US-39859,M-003,Pasta Garden,2025-06-21T20:05:06,ready_on_time,15.1,0,True
ME-39861,ORD-US-39860,M-004,QuickCare Pharmacy,2025-06-21T12:50:48,ready_on_time,10.8,0,True
ME-39862,ORD-US-39861,M-001,Green Basket Market,2025-06-21T16:59:48,ready_on_time,14.8,0,True
ME-39863,ORD-US-39862,M-002,Crisp & Co.,2025-06-21T12:00:42,ready_on_time,15.7,0,True
ME-39864,ORD-US-39863,M-004,QuickCare Pharmacy,2025-06-21T12:34:24,ready_on_time,14.4,0,True
ME-39865,ORD-US-39864,M-004,QuickCare Pharmacy,2025-06-21T18:13:36,ready_on_time,13.6,0,True
ME-39866,ORD-US-39865,M-003,Pasta Garden,2025-06-21T14:34:18,ready_on_time,19.3,0,True
ME-39867,ORD-US-39866,M-004,QuickCare Pharmacy,2025-06-21T12:05:12,ready_on_time,15.2,0,True
ME-39868,ORD-US-39867,M-003,Pasta Garden,2025-06-21T16:19:12,ready_on_time,9.2,0,True
ME-39869,ORD-US-39868,M-002,Crisp & Co.,2025-06-21T16:00:36,ready_on_time,15.6,0,True
ME-39870,ORD-US-39869,M-002,Crisp & Co.,2025-06-21T13:58:12,ready_on_time,18.2,0,True
ME-39871,ORD-US-39870,M-001,Green Basket Market,2025-06-21T19:55:48,ready_on_time,10.8,0,True
ME-39872,ORD-US-39871,M-002,Crisp & Co.,2025-06-21T10:42:30,ready_on_time,12.5,0,True
ME-39873,ORD-US-39872,M-001,Green Basket Market,2025-06-21T20:17:42,ready_on_time,12.7,0,True
ME-39874,ORD-US-39873,M-003,Pasta Garden,2025-06-21T18:40:54,ready_on_time,15.9,0,True
ME-39875,ORD-US-39874,M-001,Green Basket Market,2025-06-21T17:26:18,ready_on_time,11.3,0,True
ME-39876,ORD-US-39875,M-002,Crisp & Co.,2025-06-21T20:54:00,ready_on_time,19.0,0,True
ME-39877,ORD-US-39876,M-001,Green Basket Market,2025-06-21T11:53:54,ready_on_time,18.9,0,True
ME-39878,ORD-US-39877,M-003,Pasta Garden,2025-06-21T20:58:36,ready_on_time,8.6,0,True
ME-39879,ORD-US-39878,M-003,Pasta Garden,2025-06-21T08:19:18,ready_on_time,9.3,0,True
ME-39880,ORD-US-39879,M-004,QuickCare Pharmacy,2025-06-21T20:16:00,ready_on_time,16.0,0,True
ME-39881,ORD-US-39880,M-001,Green Basket Market,2025-06-21T14:30:30,ready_on_time,15.5,0,True
ME-39882,ORD-US-39881,M-001,Green Basket Market,2025-06-21T15:00:30,ready_on_time,5.5,0,True
ME-39883,ORD-US-39882,M-004,QuickCare Pharmacy,2025-06-21T19:47:48,ready_on_time,12.8,0,True
ME-39884,ORD-US-39883,M-004,QuickCare Pharmacy,2025-06-21T18:09:06,ready_on_time,19.1,0,True
ME-39885,ORD-US-39884,M-002,Crisp & Co.,2025-06-21T16:34:12,ready_on_time,14.2,0,True
ME-39886,ORD-US-39885,M-002,Crisp & Co.,2025-06-21T18:41:00,ready_on_time,11.0,0,True
ME-39887,ORD-US-39886,M-004,QuickCare Pharmacy,2025-06-21T14:41:48,ready_on_time,6.8,0,True
ME-39888,ORD-US-39887,M-003,Pasta Garden,2025-06-21T17:27:42,ready_on_time,12.7,0,True
ME-39889,ORD-US-39888,M-001,Green Basket Market,2025-06-21T20:13:42,ready_on_time,8.7,0,True
ME-39890,ORD-US-39889,M-002,Crisp & Co.,2025-06-21T13:21:54,ready_on_time,16.9,0,True
ME-39891,ORD-US-39890,M-002,Crisp & Co.,2025-06-21T12:18:36,ready_on_time,18.6,0,True
ME-39892,ORD-US-39891,M-004,QuickCare Pharmacy,2025-06-21T09:42:42,ready_on_time,12.7,0,True
ME-39893,ORD-US-39892,M-003,Pasta Garden,2025-06-21T13:56:12,ready_on_time,21.2,0,True
ME-39894,ORD-US-39893,M-002,Crisp & Co.,2025-06-21T17:11:24,ready_on_time,16.4,0,True
ME-39895,ORD-US-39894,M-002,Crisp & Co.,2025-06-21T13:35:00,ready_on_time,15.0,0,True
ME-39896,ORD-US-39895,M-006,Fresh Roots Grocery,2025-06-21T10:12:06,ready_on_time,12.1,0,True
ME-39897,ORD-US-39896,M-005,Corner Table,2025-06-21T11:18:30,ready_on_time,8.5,0,True
ME-39898,ORD-US-39897,M-007,Home & Handy,2025-06-21T11:58:36,ready_on_time,18.6,0,True
ME-39899,ORD-US-39898,M-005,Corner Table,2025-06-21T13:17:12,ready_on_time,17.2,0,True
ME-39900,ORD-US-39899,M-006,Fresh Roots Grocery,2025-06-21T15:42:30,ready_on_time,12.5,0,True
ME-39901,ORD-US-39900,M-005,Corner Table,2025-06-21T16:53:36,ready_on_time,8.6,0,True
ME-39902,ORD-US-39901,M-007,Home & Handy,2025-06-21T09:46:30,ready_on_time,6.5,0,True
ME-39903,ORD-US-39902,M-008,Noodle House,2025-06-21T13:41:18,ready_on_time,16.3,0,True
ME-39904,ORD-US-39903,M-007,Home & Handy,2025-06-21T14:23:48,ready_on_time,13.8,0,True
ME-39905,ORD-US-39904,M-007,Home & Handy,2025-06-21T13:55:06,ready_on_time,10.1,0,True
ME-39906,ORD-US-39905,M-008,Noodle House,2025-06-21T11:34:18,ready_on_time,9.3,0,True
ME-39907,ORD-US-39906,M-008,Noodle House,2025-06-21T17:32:36,ready_on_time,12.6,0,True
ME-39908,ORD-US-39907,M-006,Fresh Roots Grocery,2025-06-21T12:53:00,ready_on_time,13.0,0,True
ME-39909,ORD-US-39908,M-005,Corner Table,2025-06-21T19:37:12,ready_on_time,17.2,0,True
ME-39910,ORD-US-39909,M-006,Fresh Roots Grocery,2025-06-21T16:48:24,ready_on_time,13.4,0,True
ME-39911,ORD-US-39910,M-006,Fresh Roots Grocery,2025-06-21T08:56:12,ready_on_time,21.2,0,True
ME-39912,ORD-US-39911,M-005,Corner Table,2025-06-21T21:07:06,ready_on_time,17.1,0,True
ME-39913,ORD-US-39912,M-008,Noodle House,2025-06-21T12:42:06,ready_on_time,7.1,0,True
ME-39914,ORD-US-39913,M-005,Corner Table,2025-06-21T18:36:06,ready_on_time,11.1,0,True
ME-39915,ORD-US-39914,M-007,Home & Handy,2025-06-21T11:01:30,ready_on_time,11.5,0,True
ME-39916,ORD-US-39915,M-007,Home & Handy,2025-06-21T10:13:42,ready_on_time,18.7,0,True
ME-39917,ORD-US-39916,M-008,Noodle House,2025-06-21T19:21:06,ready_on_time,16.1,0,False
ME-39918,ORD-US-39917,M-006,Fresh Roots Grocery,2025-06-21T17:28:24,ready_on_time,13.4,0,True
ME-39919,ORD-US-39918,M-008,Noodle House,2025-06-21T15:02:30,ready_on_time,7.5,0,True
ME-39920,ORD-US-39919,M-008,Noodle House,2025-06-21T11:15:36,ready_on_time,15.6,0,True
ME-39921,ORD-US-39920,M-007,Home & Handy,2025-06-21T13:56:36,ready_on_time,11.6,0,True
ME-39922,ORD-US-39921,M-005,Corner Table,2025-06-21T09:35:54,ready_on_time,15.9,0,True
ME-39923,ORD-US-39922,M-006,Fresh Roots Grocery,2025-06-21T12:36:48,ready_on_time,11.8,0,True
ME-39924,ORD-US-39923,M-008,Noodle House,2025-06-21T08:13:36,ready_on_time,8.6,0,True
ME-39925,ORD-US-39924,M-006,Fresh Roots Grocery,2025-06-21T19:01:42,ready_on_time,11.7,0,True
ME-39926,ORD-US-39925,M-005,Corner Table,2025-06-21T15:34:18,ready_on_time,19.3,0,True
ME-39927,ORD-US-39926,M-008,Noodle House,2025-06-21T09:05:12,ready_on_time,10.2,0,True
ME-39928,ORD-US-39927,M-007,Home & Handy,2025-06-21T19:09:12,ready_on_time,14.2,0,True
ME-39929,ORD-US-39928,M-008,Noodle House,2025-06-21T09:43:36,ready_on_time,18.6,0,True
ME-39930,ORD-US-39929,M-007,Home & Handy,2025-06-21T18:57:18,ready_on_time,17.3,0,True
ME-39931,ORD-US-39930,M-007,Home & Handy,2025-06-21T20:33:12,ready_on_time,8.2,0,True
ME-39932,ORD-US-39931,M-006,Fresh Roots Grocery,2025-06-21T09:11:06,ready_on_time,16.1,0,True
ME-39933,ORD-US-39932,M-007,Home & Handy,2025-06-21T17:56:36,ready_on_time,11.6,0,True
ME-39934,ORD-US-39933,M-011,Wellness Pharmacy,2025-06-21T17:32:24,ready_on_time,7.4,0,True
ME-39935,ORD-US-39934,M-012,Tech Stop,2025-06-21T09:39:18,ready_on_time,9.3,0,True
ME-39936,ORD-US-39935,M-009,Daily Mart,2025-06-21T16:30:06,ready_on_time,15.1,0,True
ME-39937,ORD-US-39936,M-011,Wellness Pharmacy,2025-06-21T19:15:36,ready_on_time,5.6,0,True
ME-39938,ORD-US-39937,M-010,Burger District,2025-06-21T18:35:48,ready_on_time,20.8,0,True
ME-39939,ORD-US-39938,M-010,Burger District,2025-06-21T12:29:24,ready_on_time,9.4,0,True
ME-39940,ORD-US-39939,M-012,Tech Stop,2025-06-21T16:11:24,ready_on_time,11.4,0,True
ME-39941,ORD-US-39940,M-011,Wellness Pharmacy,2025-06-21T19:56:06,ready_on_time,6.1,0,True
ME-39942,ORD-US-39941,M-010,Burger District,2025-06-21T12:38:48,ready_on_time,8.8,0,True
ME-39943,ORD-US-39942,M-011,Wellness Pharmacy,2025-06-21T19:09:54,ready_on_time,9.9,0,True
ME-39944,ORD-US-39943,M-012,Tech Stop,2025-06-21T16:18:18,ready_on_time,8.3,0,True
ME-39945,ORD-US-39944,M-011,Wellness Pharmacy,2025-06-21T13:36:24,ready_on_time,11.4,0,True
ME-39946,ORD-US-39945,M-011,Wellness Pharmacy,2025-06-21T14:40:42,ready_on_time,15.7,0,True
ME-39947,ORD-US-39946,M-010,Burger District,2025-06-21T10:20:36,ready_on_time,15.6,0,True
ME-39948,ORD-US-39947,M-010,Burger District,2025-06-21T13:44:00,ready_on_time,9.0,0,True
ME-39949,ORD-US-39948,M-010,Burger District,2025-06-21T11:43:18,ready_on_time,13.3,0,True
ME-39950,ORD-US-39949,M-010,Burger District,2025-06-21T17:23:12,ready_on_time,18.2,0,True
ME-39951,ORD-US-39950,M-012,Tech Stop,2025-06-21T12:07:06,ready_on_time,12.1,0,True
ME-39952,ORD-US-39951,M-011,Wellness Pharmacy,2025-06-21T11:46:48,ready_on_time,11.8,0,True
ME-39953,ORD-US-39952,M-010,Burger District,2025-06-21T14:28:24,ready_on_time,18.4,0,True
ME-39954,ORD-US-39953,M-011,Wellness Pharmacy,2025-06-21T13:05:48,ready_on_time,10.8,0,True
ME-39955,ORD-US-39954,M-009,Daily Mart,2025-06-21T13:54:36,ready_on_time,9.6,0,True
ME-39956,ORD-US-39955,M-009,Daily Mart,2025-06-21T18:20:30,ready_on_time,10.5,0,True
ME-39957,ORD-US-39956,M-011,Wellness Pharmacy,2025-06-21T10:45:42,ready_on_time,5.7,0,True
ME-39958,ORD-US-39957,M-010,Burger District,2025-06-21T16:30:00,ready_on_time,10.0,0,True
ME-39959,ORD-US-39958,M-012,Tech Stop,2025-06-21T19:18:48,ready_on_time,18.8,0,True
ME-39960,ORD-US-39959,M-011,Wellness Pharmacy,2025-06-21T11:29:36,ready_on_time,4.6,0,True
ME-39961,ORD-US-39960,M-011,Wellness Pharmacy,2025-06-21T13:02:48,ready_on_time,17.8,0,True
ME-39962,ORD-US-39961,M-011,Wellness Pharmacy,2025-06-21T19:57:42,ready_on_time,17.7,0,True
ME-39963,ORD-US-39962,M-010,Burger District,2025-06-21T20:17:48,ready_on_time,7.8,0,True
ME-39964,ORD-US-39963,M-011,Wellness Pharmacy,2025-06-21T19:02:36,ready_on_time,12.6,0,True
ME-39965,ORD-US-39964,M-011,Wellness Pharmacy,2025-06-21T18:27:48,ready_on_time,12.8,0,True
ME-39966,ORD-US-39965,M-009,Daily Mart,2025-06-21T17:03:24,ready_on_time,13.4,0,True
ME-39967,ORD-US-39966,M-011,Wellness Pharmacy,2025-06-21T19:11:00,ready_on_time,16.0,0,True
ME-39968,ORD-US-39967,M-009,Daily Mart,2025-06-21T20:07:18,ready_on_time,12.3,0,True
ME-39969,ORD-US-39968,M-010,Burger District,2025-06-21T18:16:24,ready_on_time,16.4,0,True
ME-39970,ORD-US-39969,M-009,Daily Mart,2025-06-21T18:36:12,ready_on_time,11.2,0,True
ME-39971,ORD-US-39970,M-010,Burger District,2025-06-21T15:31:18,ready_on_time,16.3,0,True
ME-39972,ORD-US-39971,M-012,Tech Stop,2025-06-21T13:26:42,ready_on_time,11.7,0,True
ME-39973,ORD-US-39972,M-009,Daily Mart,2025-06-21T14:50:36,ready_on_time,15.6,0,True
ME-39974,ORD-US-39973,M-012,Tech Stop,2025-06-21T19:47:24,ready_on_time,17.4,0,True
ME-39975,ORD-US-39974,M-012,Tech Stop,2025-06-21T15:59:42,ready_on_time,9.7,0,True
ME-39976,ORD-US-39975,M-010,Burger District,2025-06-21T12:31:42,ready_on_time,16.7,0,True
ME-39977,ORD-US-39976,M-001,Green Basket Market,2025-06-22T12:44:30,ready_on_time,9.5,0,True
ME-39978,ORD-US-39977,M-002,Crisp & Co.,2025-06-22T14:51:24,ready_on_time,11.4,0,True
ME-39979,ORD-US-39978,M-002,Crisp & Co.,2025-06-22T14:46:36,ready_on_time,16.6,0,True
ME-39980,ORD-US-39979,M-002,Crisp & Co.,2025-06-22T08:59:42,ready_on_time,24.7,0,True
ME-39981,ORD-US-39980,M-004,QuickCare Pharmacy,2025-06-22T14:20:06,ready_on_time,5.1,0,True
ME-39982,ORD-US-39981,M-002,Crisp & Co.,2025-06-22T17:21:48,ready_on_time,11.8,0,True
ME-39983,ORD-US-39982,M-002,Crisp & Co.,2025-06-22T20:08:18,ready_on_time,18.3,0,True
ME-39984,ORD-US-39983,M-001,Green Basket Market,2025-06-22T13:43:48,ready_on_time,23.8,0,True
ME-39985,ORD-US-39984,M-001,Green Basket Market,2025-06-22T08:31:06,ready_on_time,11.1,0,True
ME-39986,ORD-US-39985,M-002,Crisp & Co.,2025-06-22T11:41:30,ready_on_time,16.5,0,True
ME-39987,ORD-US-39986,M-004,QuickCare Pharmacy,2025-06-22T17:07:18,ready_on_time,12.3,0,True
ME-39988,ORD-US-39987,M-001,Green Basket Market,2025-06-22T11:36:18,ready_on_time,11.3,0,True
ME-39989,ORD-US-39988,M-003,Pasta Garden,2025-06-22T12:56:12,ready_on_time,16.2,0,True
ME-39990,ORD-US-39989,M-002,Crisp & Co.,2025-06-22T18:05:12,ready_on_time,10.2,0,True
ME-39991,ORD-US-39990,M-003,Pasta Garden,2025-06-22T17:20:00,ready_on_time,15.0,0,True
ME-39992,ORD-US-39991,M-001,Green Basket Market,2025-06-22T11:26:54,ready_on_time,6.9,0,True
ME-39993,ORD-US-39992,M-001,Green Basket Market,2025-06-22T10:51:48,ready_on_time,16.8,0,True
ME-39994,ORD-US-39993,M-001,Green Basket Market,2025-06-22T09:43:12,ready_on_time,18.2,0,True
ME-39995,ORD-US-39994,M-004,QuickCare Pharmacy,2025-06-22T17:20:06,ready_on_time,15.1,0,True
ME-39996,ORD-US-39995,M-001,Green Basket Market,2025-06-22T15:23:42,ready_on_time,13.7,0,True
ME-39997,ORD-US-39996,M-004,QuickCare Pharmacy,2025-06-22T15:39:30,ready_on_time,9.5,0,True
ME-39998,ORD-US-39997,M-001,Green Basket Market,2025-06-22T13:12:00,ready_on_time,12.0,0,True
ME-39999,ORD-US-39998,M-004,QuickCare Pharmacy,2025-06-22T20:42:18,ready_on_time,17.3,0,True
ME-40000,ORD-US-39999,M-002,Crisp & Co.,2025-06-22T10:03:42,ready_on_time,8.7,0,True
ME-40001,ORD-US-40000,M-003,Pasta Garden,2025-06-22T13:42:12,ready_on_time,12.2,0,True
ME-40002,ORD-US-40001,M-003,Pasta Garden,2025-06-22T20:52:06,ready_on_time,17.1,0,True
ME-40003,ORD-US-40002,M-002,Crisp & Co.,2025-06-22T08:26:54,ready_on_time,16.9,0,True
ME-40004,ORD-US-40003,M-004,QuickCare Pharmacy,2025-06-22T18:31:54,ready_on_time,11.9,0,True
ME-40005,ORD-US-40004,M-002,Crisp & Co.,2025-06-22T20:02:42,ready_on_time,12.7,0,True
ME-40006,ORD-US-40005,M-003,Pasta Garden,2025-06-22T16:12:00,ready_on_time,17.0,0,True
ME-40007,ORD-US-40006,M-002,Crisp & Co.,2025-06-22T15:54:06,ready_on_time,14.1,0,True
ME-40008,ORD-US-40007,M-001,Green Basket Market,2025-06-22T20:50:36,ready_on_time,10.6,0,True
ME-40009,ORD-US-40008,M-002,Crisp & Co.,2025-06-22T08:14:12,ready_on_time,14.2,0,True
ME-40010,ORD-US-40009,M-004,QuickCare Pharmacy,2025-06-22T09:49:30,ready_on_time,14.5,0,True
ME-40011,ORD-US-40010,M-004,QuickCare Pharmacy,2025-06-22T16:44:12,ready_on_time,14.2,0,True
ME-40012,ORD-US-40011,M-001,Green Basket Market,2025-06-22T13:49:18,ready_on_time,19.3,0,True
ME-40013,ORD-US-40012,M-004,QuickCare Pharmacy,2025-06-22T21:00:30,ready_on_time,5.5,0,True
ME-40014,ORD-US-40013,M-004,QuickCare Pharmacy,2025-06-22T17:10:06,ready_on_time,20.1,0,True
ME-40015,ORD-US-40014,M-002,Crisp & Co.,2025-06-22T14:09:18,ready_on_time,14.3,0,True
ME-40016,ORD-US-40015,M-002,Crisp & Co.,2025-06-22T13:04:48,ready_on_time,14.8,0,True
ME-40017,ORD-US-40016,M-003,Pasta Garden,2025-06-22T15:51:12,ready_on_time,16.2,0,True
ME-40018,ORD-US-40017,M-003,Pasta Garden,2025-06-22T13:45:18,ready_on_time,10.3,0,True
ME-40019,ORD-US-40018,M-001,Green Basket Market,2025-06-22T08:12:00,ready_on_time,7.0,0,True
ME-40020,ORD-US-40019,M-006,Fresh Roots Grocery,2025-06-22T12:10:00,ready_on_time,10.0,0,False
ME-40021,ORD-US-40020,M-005,Corner Table,2025-06-22T18:33:18,ready_on_time,18.3,0,True
ME-40022,ORD-US-40021,M-008,Noodle House,2025-06-22T17:04:36,ready_on_time,14.6,0,True
ME-40023,ORD-US-40022,M-006,Fresh Roots Grocery,2025-06-22T14:42:12,ready_on_time,22.2,0,True
ME-40024,ORD-US-40023,M-008,Noodle House,2025-06-22T15:11:48,ready_on_time,11.8,0,True
ME-40025,ORD-US-40024,M-008,Noodle House,2025-06-22T10:03:54,ready_on_time,13.9,0,True
ME-40026,ORD-US-40025,M-006,Fresh Roots Grocery,2025-06-22T14:07:36,ready_on_time,17.6,0,True
ME-40027,ORD-US-40026,M-008,Noodle House,2025-06-22T20:46:12,ready_on_time,11.2,0,True
ME-40028,ORD-US-40027,M-008,Noodle House,2025-06-22T17:10:12,ready_on_time,10.2,0,True
ME-40029,ORD-US-40028,M-006,Fresh Roots Grocery,2025-06-22T12:26:48,ready_on_time,16.8,0,True
ME-40030,ORD-US-40029,M-007,Home & Handy,2025-06-22T11:39:36,ready_on_time,19.6,0,True
ME-40031,ORD-US-40030,M-007,Home & Handy,2025-06-22T19:23:06,ready_on_time,8.1,0,True
ME-40032,ORD-US-40031,M-008,Noodle House,2025-06-22T15:00:00,ready_on_time,15.0,0,True
ME-40033,ORD-US-40032,M-008,Noodle House,2025-06-22T17:46:48,ready_on_time,21.8,0,True
ME-40034,ORD-US-40033,M-007,Home & Handy,2025-06-22T14:52:54,ready_on_time,12.9,0,True
ME-40035,ORD-US-40034,M-007,Home & Handy,2025-06-22T18:53:36,ready_on_time,13.6,0,True
ME-40036,ORD-US-40035,M-006,Fresh Roots Grocery,2025-06-22T08:26:12,ready_on_time,6.2,0,True
ME-40037,ORD-US-40036,M-007,Home & Handy,2025-06-22T11:49:24,ready_on_time,14.4,0,True
ME-40038,ORD-US-40037,M-006,Fresh Roots Grocery,2025-06-22T16:40:00,ready_on_time,10.0,0,True
ME-40039,ORD-US-40038,M-007,Home & Handy,2025-06-22T16:05:42,ready_on_time,20.7,0,True
ME-40040,ORD-US-40039,M-007,Home & Handy,2025-06-22T10:53:24,ready_on_time,18.4,0,True
ME-40041,ORD-US-40040,M-006,Fresh Roots Grocery,2025-06-22T09:53:06,ready_on_time,13.1,0,True
ME-40042,ORD-US-40041,M-007,Home & Handy,2025-06-22T11:43:30,ready_on_time,13.5,0,True
ME-40043,ORD-US-40042,M-008,Noodle House,2025-06-22T10:51:48,ready_on_time,6.8,0,True
ME-40044,ORD-US-40043,M-005,Corner Table,2025-06-22T11:24:00,ready_on_time,19.0,0,True
ME-40045,ORD-US-40044,M-006,Fresh Roots Grocery,2025-06-22T20:29:18,ready_on_time,9.3,0,True
ME-40046,ORD-US-40045,M-005,Corner Table,2025-06-22T15:50:36,ready_on_time,15.6,0,True
ME-40047,ORD-US-40046,M-005,Corner Table,2025-06-22T11:38:00,ready_on_time,13.0,0,True
ME-40048,ORD-US-40047,M-005,Corner Table,2025-06-22T17:42:12,ready_on_time,17.2,0,True
ME-40049,ORD-US-40048,M-006,Fresh Roots Grocery,2025-06-22T08:33:54,ready_on_time,8.9,0,True
ME-40050,ORD-US-40049,M-006,Fresh Roots Grocery,2025-06-22T19:35:06,ready_on_time,15.1,0,True
ME-40051,ORD-US-40050,M-007,Home & Handy,2025-06-22T16:57:24,ready_on_time,12.4,0,True
ME-40052,ORD-US-40051,M-006,Fresh Roots Grocery,2025-06-22T18:45:06,ready_on_time,15.1,0,True
ME-40053,ORD-US-40052,M-005,Corner Table,2025-06-22T20:39:00,ready_on_time,14.0,0,True
ME-40054,ORD-US-40053,M-007,Home & Handy,2025-06-22T19:13:42,ready_on_time,13.7,0,True
ME-40055,ORD-US-40054,M-006,Fresh Roots Grocery,2025-06-22T19:22:36,ready_on_time,17.6,0,True
ME-40056,ORD-US-40055,M-008,Noodle House,2025-06-22T15:39:06,ready_on_time,19.1,0,True
ME-40057,ORD-US-40056,M-007,Home & Handy,2025-06-22T09:13:12,ready_on_time,8.2,0,True
ME-40058,ORD-US-40057,M-005,Corner Table,2025-06-22T20:13:30,ready_on_time,8.5,0,True
ME-40059,ORD-US-40058,M-007,Home & Handy,2025-06-22T14:38:18,ready_on_time,13.3,0,True
ME-40060,ORD-US-40059,M-008,Noodle House,2025-06-22T14:34:12,ready_on_time,14.2,0,True
ME-40061,ORD-US-40060,M-005,Corner Table,2025-06-22T14:39:06,ready_on_time,9.1,0,True
ME-40062,ORD-US-40061,M-012,Tech Stop,2025-06-22T15:13:06,ready_on_time,13.1,0,True
ME-40063,ORD-US-40062,M-012,Tech Stop,2025-06-22T16:45:24,ready_on_time,20.4,0,True
ME-40064,ORD-US-40063,M-012,Tech Stop,2025-06-22T09:25:12,ready_on_time,20.2,0,True
ME-40065,ORD-US-40064,M-010,Burger District,2025-06-22T16:10:18,ready_on_time,15.3,0,True
ME-40066,ORD-US-40065,M-011,Wellness Pharmacy,2025-06-22T14:30:24,ready_on_time,10.4,0,True
ME-40067,ORD-US-40066,M-010,Burger District,2025-06-22T20:15:12,ready_on_time,20.2,0,True
ME-40068,ORD-US-40067,M-010,Burger District,2025-06-22T10:41:42,ready_on_time,11.7,0,True
ME-40069,ORD-US-40068,M-011,Wellness Pharmacy,2025-06-22T11:20:30,ready_on_time,20.5,0,True
ME-40070,ORD-US-40069,M-011,Wellness Pharmacy,2025-06-22T08:40:24,ready_on_time,15.4,0,True
ME-40071,ORD-US-40070,M-012,Tech Stop,2025-06-22T16:05:42,ready_on_time,20.7,0,True
ME-40072,ORD-US-40071,M-010,Burger District,2025-06-22T18:56:30,ready_on_time,16.5,0,True
ME-40073,ORD-US-40072,M-010,Burger District,2025-06-22T09:32:06,ready_on_time,12.1,0,True
ME-40074,ORD-US-40073,M-011,Wellness Pharmacy,2025-06-22T16:43:54,ready_on_time,8.9,0,True
ME-40075,ORD-US-40074,M-009,Daily Mart,2025-06-22T16:32:18,ready_on_time,12.3,0,True
ME-40076,ORD-US-40075,M-009,Daily Mart,2025-06-22T17:41:00,ready_on_time,6.0,0,True
ME-40077,ORD-US-40076,M-010,Burger District,2025-06-22T12:45:54,ready_on_time,15.9,0,True
ME-40078,ORD-US-40077,M-011,Wellness Pharmacy,2025-06-22T09:33:00,ready_on_time,13.0,0,True
ME-40079,ORD-US-40078,M-009,Daily Mart,2025-06-22T11:46:12,ready_on_time,21.2,0,True
ME-40080,ORD-US-40079,M-011,Wellness Pharmacy,2025-06-22T17:35:42,ready_on_time,15.7,0,True
ME-40081,ORD-US-40080,M-011,Wellness Pharmacy,2025-06-22T20:57:24,ready_on_time,17.4,0,True
ME-40082,ORD-US-40081,M-012,Tech Stop,2025-06-22T08:54:12,ready_on_time,14.2,0,True
ME-40083,ORD-US-40082,M-009,Daily Mart,2025-06-22T16:12:36,ready_on_time,17.6,0,True
ME-40084,ORD-US-40083,M-011,Wellness Pharmacy,2025-06-22T17:34:48,ready_on_time,14.8,0,True
ME-40085,ORD-US-40084,M-012,Tech Stop,2025-06-22T15:27:48,ready_on_time,17.8,0,True
ME-40086,ORD-US-40085,M-009,Daily Mart,2025-06-22T08:48:18,ready_on_time,18.3,0,True
ME-40087,ORD-US-40086,M-012,Tech Stop,2025-06-22T12:54:36,ready_on_time,14.6,0,True
ME-40088,ORD-US-40087,M-012,Tech Stop,2025-06-22T11:02:48,ready_on_time,17.8,0,True
ME-40089,ORD-US-40088,M-012,Tech Stop,2025-06-22T10:57:06,ready_on_time,12.1,0,True
ME-40090,ORD-US-40089,M-009,Daily Mart,2025-06-22T18:15:36,ready_on_time,10.6,0,True
ME-40091,ORD-US-40090,M-011,Wellness Pharmacy,2025-06-22T08:58:42,ready_on_time,13.7,0,True
ME-40092,ORD-US-40091,M-010,Burger District,2025-06-22T20:39:06,ready_on_time,14.1,0,True
ME-40093,ORD-US-40092,M-012,Tech Stop,2025-06-22T14:29:48,ready_on_time,14.8,0,True
ME-40094,ORD-US-40093,M-009,Daily Mart,2025-06-22T14:08:00,ready_on_time,13.0,0,True
ME-40095,ORD-US-40094,M-010,Burger District,2025-06-22T19:43:42,ready_on_time,13.7,0,True
ME-40096,ORD-US-40095,M-010,Burger District,2025-06-22T13:22:18,ready_on_time,17.3,0,True
ME-40097,ORD-US-40096,M-012,Tech Stop,2025-06-22T17:54:06,ready_on_time,14.1,0,True
ME-40098,ORD-US-40097,M-011,Wellness Pharmacy,2025-06-22T20:01:36,ready_on_time,16.6,0,True
ME-40099,ORD-US-40098,M-011,Wellness Pharmacy,2025-06-22T11:30:36,ready_on_time,15.6,0,True
ME-40100,ORD-US-40099,M-010,Burger District,2025-06-22T09:30:30,ready_on_time,20.5,0,True
ME-40101,ORD-US-40100,M-011,Wellness Pharmacy,2025-06-22T09:13:42,ready_on_time,18.7,0,True
ME-40102,ORD-US-40101,M-009,Daily Mart,2025-06-22T10:04:00,ready_on_time,14.0,0,True
ME-40103,ORD-US-40102,M-012,Tech Stop,2025-06-22T19:04:48,ready_on_time,19.8,0,True
ME-40104,ORD-US-40103,M-010,Burger District,2025-06-22T12:41:18,ready_on_time,16.3,0,True
ME-40105,ORD-US-40104,M-002,Crisp & Co.,2025-06-23T13:44:36,ready_on_time,19.6,0,True
ME-40106,ORD-US-40105,M-001,Green Basket Market,2025-06-23T18:33:24,ready_on_time,13.4,0,True
ME-40107,ORD-US-40106,M-002,Crisp & Co.,2025-06-23T14:20:48,ready_on_time,10.8,0,True
ME-40108,ORD-US-40107,M-002,Crisp & Co.,2025-06-23T17:04:54,ready_on_time,9.9,0,True
ME-40109,ORD-US-40108,M-002,Crisp & Co.,2025-06-23T18:42:54,ready_on_time,22.9,0,True
ME-40110,ORD-US-40109,M-003,Pasta Garden,2025-06-23T20:48:30,ready_on_time,18.5,0,True
ME-40111,ORD-US-40110,M-004,QuickCare Pharmacy,2025-06-23T12:29:36,ready_on_time,19.6,0,True
ME-40112,ORD-US-40111,M-004,QuickCare Pharmacy,2025-06-23T15:25:24,ready_on_time,15.4,0,True
ME-40113,ORD-US-40112,M-002,Crisp & Co.,2025-06-23T20:59:18,ready_on_time,9.3,0,True
ME-40114,ORD-US-40113,M-004,QuickCare Pharmacy,2025-06-23T20:50:30,ready_on_time,15.5,0,True
ME-40115,ORD-US-40114,M-003,Pasta Garden,2025-06-23T15:45:54,ready_on_time,15.9,0,True
ME-40116,ORD-US-40115,M-003,Pasta Garden,2025-06-23T13:25:00,ready_on_time,10.0,0,True
ME-40117,ORD-US-40116,M-004,QuickCare Pharmacy,2025-06-23T21:06:24,ready_on_time,16.4,0,True
ME-40118,ORD-US-40117,M-004,QuickCare Pharmacy,2025-06-23T14:39:54,ready_on_time,14.9,0,True
ME-40119,ORD-US-40118,M-002,Crisp & Co.,2025-06-23T08:33:00,ready_on_time,13.0,0,True
ME-40120,ORD-US-40119,M-003,Pasta Garden,2025-06-23T12:24:00,ready_on_time,14.0,0,True
ME-40121,ORD-US-40120,M-002,Crisp & Co.,2025-06-23T12:11:24,ready_on_time,11.4,0,True
ME-40122,ORD-US-40121,M-001,Green Basket Market,2025-06-23T19:20:00,ready_on_time,15.0,0,True
ME-40123,ORD-US-40122,M-004,QuickCare Pharmacy,2025-06-23T12:23:00,ready_on_time,13.0,0,True
ME-40124,ORD-US-40123,M-004,QuickCare Pharmacy,2025-06-23T17:38:30,ready_on_time,13.5,0,True
ME-40125,ORD-US-40124,M-002,Crisp & Co.,2025-06-23T13:30:12,ready_on_time,15.2,0,True
ME-40126,ORD-US-40125,M-004,QuickCare Pharmacy,2025-06-23T20:29:24,ready_on_time,9.4,0,True
ME-40127,ORD-US-40126,M-001,Green Basket Market,2025-06-23T09:38:54,ready_on_time,13.9,0,True
ME-40128,ORD-US-40127,M-001,Green Basket Market,2025-06-23T20:08:00,ready_on_time,8.0,0,True
ME-40129,ORD-US-40128,M-002,Crisp & Co.,2025-06-23T14:26:30,ready_on_time,6.5,0,True
ME-40130,ORD-US-40129,M-001,Green Basket Market,2025-06-23T17:28:12,ready_on_time,13.2,0,True
ME-40131,ORD-US-40130,M-002,Crisp & Co.,2025-06-23T09:19:06,ready_on_time,14.1,0,True
ME-40132,ORD-US-40131,M-002,Crisp & Co.,2025-06-23T15:03:30,ready_on_time,18.5,0,True
ME-40133,ORD-US-40132,M-001,Green Basket Market,2025-06-23T20:59:00,ready_on_time,14.0,0,True
ME-40134,ORD-US-40133,M-003,Pasta Garden,2025-06-23T09:50:30,ready_on_time,10.5,0,True
ME-40135,ORD-US-40134,M-001,Green Basket Market,2025-06-23T18:32:30,ready_on_time,12.5,0,True
ME-40136,ORD-US-40135,M-003,Pasta Garden,2025-06-23T09:32:30,ready_on_time,17.5,0,True
ME-40137,ORD-US-40136,M-001,Green Basket Market,2025-06-23T10:38:30,ready_on_time,18.5,0,True
ME-40138,ORD-US-40137,M-004,QuickCare Pharmacy,2025-06-23T20:06:30,ready_on_time,11.5,0,True
ME-40139,ORD-US-40138,M-002,Crisp & Co.,2025-06-23T15:44:12,ready_on_time,9.2,0,True
ME-40140,ORD-US-40139,M-004,QuickCare Pharmacy,2025-06-23T11:14:12,ready_on_time,19.2,0,True
ME-40141,ORD-US-40140,M-004,QuickCare Pharmacy,2025-06-23T14:53:18,ready_on_time,13.3,0,True
ME-40142,ORD-US-40141,M-002,Crisp & Co.,2025-06-23T09:01:00,ready_on_time,11.0,0,True
ME-40143,ORD-US-40142,M-003,Pasta Garden,2025-06-23T12:43:42,ready_on_time,23.7,0,True
ME-40144,ORD-US-40143,M-001,Green Basket Market,2025-06-23T11:15:54,ready_on_time,15.9,0,True
ME-40145,ORD-US-40144,M-001,Green Basket Market,2025-06-23T10:56:06,ready_on_time,11.1,0,True
ME-40146,ORD-US-40145,M-004,QuickCare Pharmacy,2025-06-23T15:14:36,ready_on_time,9.6,0,True
ME-40147,ORD-US-40146,M-005,Corner Table,2025-06-23T12:48:42,ready_on_time,13.7,0,True
ME-40148,ORD-US-40147,M-006,Fresh Roots Grocery,2025-06-23T08:48:18,ready_on_time,3.3,0,True
ME-40149,ORD-US-40148,M-007,Home & Handy,2025-06-23T16:05:12,ready_on_time,20.2,0,True
ME-40150,ORD-US-40149,M-005,Corner Table,2025-06-23T10:30:48,ready_on_time,10.8,0,True
ME-40151,ORD-US-40150,M-006,Fresh Roots Grocery,2025-06-23T19:51:48,ready_on_time,6.8,0,True
ME-40152,ORD-US-40151,M-006,Fresh Roots Grocery,2025-06-23T19:43:48,ready_on_time,18.8,0,True
ME-40153,ORD-US-40152,M-008,Noodle House,2025-06-23T08:52:30,ready_on_time,17.5,0,True
ME-40154,ORD-US-40153,M-007,Home & Handy,2025-06-23T09:33:00,ready_on_time,18.0,0,True
ME-40155,ORD-US-40154,M-008,Noodle House,2025-06-23T11:31:36,ready_on_time,11.6,0,True
ME-40156,ORD-US-40155,M-005,Corner Table,2025-06-23T20:39:36,ready_on_time,9.6,0,True
ME-40157,ORD-US-40156,M-006,Fresh Roots Grocery,2025-06-23T15:51:00,ready_on_time,16.0,0,True
ME-40158,ORD-US-40157,M-006,Fresh Roots Grocery,2025-06-23T14:16:06,ready_on_time,16.1,0,True
ME-40159,ORD-US-40158,M-005,Corner Table,2025-06-23T14:33:30,ready_on_time,18.5,0,True
ME-40160,ORD-US-40159,M-007,Home & Handy,2025-06-23T10:17:18,ready_on_time,17.3,0,True
ME-40161,ORD-US-40160,M-006,Fresh Roots Grocery,2025-06-23T16:09:42,ready_on_time,14.7,0,True
ME-40162,ORD-US-40161,M-005,Corner Table,2025-06-23T11:02:18,ready_on_time,17.3,0,True
ME-40163,ORD-US-40162,M-008,Noodle House,2025-06-23T17:23:18,ready_on_time,8.3,0,True
ME-40164,ORD-US-40163,M-006,Fresh Roots Grocery,2025-06-23T13:27:54,ready_on_time,12.9,0,True
ME-40165,ORD-US-40164,M-007,Home & Handy,2025-06-23T17:20:12,ready_on_time,10.2,0,True
ME-40166,ORD-US-40165,M-005,Corner Table,2025-06-23T18:04:36,ready_on_time,9.6,0,True
ME-40167,ORD-US-40166,M-007,Home & Handy,2025-06-23T09:39:36,ready_on_time,14.6,0,True
ME-40168,ORD-US-40167,M-007,Home & Handy,2025-06-23T20:54:24,ready_on_time,24.4,0,True
ME-40169,ORD-US-40168,M-008,Noodle House,2025-06-23T17:46:18,ready_on_time,11.3,0,True
ME-40170,ORD-US-40169,M-006,Fresh Roots Grocery,2025-06-23T08:27:00,ready_on_time,22.0,0,True
ME-40171,ORD-US-40170,M-007,Home & Handy,2025-06-23T13:48:42,ready_on_time,18.7,0,True
ME-40172,ORD-US-40171,M-007,Home & Handy,2025-06-23T09:58:54,ready_on_time,8.9,0,True
ME-40173,ORD-US-40172,M-007,Home & Handy,2025-06-23T19:32:06,ready_on_time,7.1,0,True
ME-40174,ORD-US-40173,M-007,Home & Handy,2025-06-23T18:40:42,ready_on_time,10.7,0,True
ME-40175,ORD-US-40174,M-007,Home & Handy,2025-06-23T18:17:06,ready_on_time,17.1,0,True
ME-40176,ORD-US-40175,M-008,Noodle House,2025-06-23T20:25:36,ready_on_time,20.6,0,True
ME-40177,ORD-US-40176,M-007,Home & Handy,2025-06-23T08:11:12,ready_on_time,11.2,0,True
ME-40178,ORD-US-40177,M-005,Corner Table,2025-06-23T20:31:24,ready_on_time,21.4,0,True
ME-40179,ORD-US-40178,M-007,Home & Handy,2025-06-23T09:52:30,ready_on_time,12.5,0,True
ME-40180,ORD-US-40179,M-008,Noodle House,2025-06-23T08:48:48,ready_on_time,13.8,0,True
ME-40181,ORD-US-40180,M-006,Fresh Roots Grocery,2025-06-23T12:03:18,ready_on_time,18.3,0,True
ME-40182,ORD-US-40181,M-006,Fresh Roots Grocery,2025-06-23T09:12:24,ready_on_time,17.4,0,True
ME-40183,ORD-US-40182,M-008,Noodle House,2025-06-23T19:55:18,ready_on_time,10.3,0,True
ME-40184,ORD-US-40183,M-008,Noodle House,2025-06-23T13:12:06,ready_on_time,17.1,0,True
ME-40185,ORD-US-40184,M-008,Noodle House,2025-06-23T14:47:30,ready_on_time,7.5,0,True
ME-40186,ORD-US-40185,M-007,Home & Handy,2025-06-23T19:18:18,ready_on_time,18.3,0,True
ME-40187,ORD-US-40186,M-005,Corner Table,2025-06-23T16:44:48,ready_on_time,14.8,0,True
ME-40188,ORD-US-40187,M-007,Home & Handy,2025-06-23T08:52:30,ready_on_time,17.5,0,True
ME-40189,ORD-US-40188,M-007,Home & Handy,2025-06-23T12:14:42,ready_on_time,9.7,0,True
ME-40190,ORD-US-40189,M-005,Corner Table,2025-06-23T17:16:54,ready_on_time,16.9,0,True
ME-40191,ORD-US-40190,M-005,Corner Table,2025-06-23T11:37:42,ready_on_time,7.7,0,False
ME-40192,ORD-US-40191,M-010,Burger District,2025-06-23T15:12:24,ready_on_time,12.4,0,True
ME-40193,ORD-US-40192,M-010,Burger District,2025-06-23T14:00:24,ready_on_time,15.4,0,True
ME-40194,ORD-US-40193,M-010,Burger District,2025-06-23T11:04:54,ready_on_time,14.9,0,True
ME-40195,ORD-US-40194,M-012,Tech Stop,2025-06-23T13:24:12,ready_on_time,14.2,0,True
ME-40196,ORD-US-40195,M-010,Burger District,2025-06-23T19:24:48,ready_on_time,9.8,0,True
ME-40197,ORD-US-40196,M-011,Wellness Pharmacy,2025-06-23T20:59:42,ready_on_time,9.7,0,True
ME-40198,ORD-US-40197,M-010,Burger District,2025-06-23T19:37:00,ready_on_time,22.0,0,True
ME-40199,ORD-US-40198,M-012,Tech Stop,2025-06-23T11:57:06,ready_on_time,17.1,0,True
ME-40200,ORD-US-40199,M-011,Wellness Pharmacy,2025-06-23T12:15:54,ready_on_time,15.9,0,True
ME-40201,ORD-US-40200,M-012,Tech Stop,2025-06-23T09:41:06,ready_on_time,11.1,0,True
ME-40202,ORD-US-40201,M-012,Tech Stop,2025-06-23T17:30:00,ready_on_time,20.0,0,True
ME-40203,ORD-US-40202,M-009,Daily Mart,2025-06-23T20:20:18,ready_on_time,10.3,0,True
ME-40204,ORD-US-40203,M-009,Daily Mart,2025-06-23T19:28:12,ready_on_time,8.2,0,True
ME-40205,ORD-US-40204,M-010,Burger District,2025-06-23T13:31:00,ready_on_time,16.0,0,True
ME-40206,ORD-US-40205,M-012,Tech Stop,2025-06-23T13:25:42,ready_on_time,15.7,0,True
ME-40207,ORD-US-40206,M-009,Daily Mart,2025-06-23T17:20:48,ready_on_time,20.8,0,False
ME-40208,ORD-US-40207,M-012,Tech Stop,2025-06-23T16:55:06,ready_on_time,10.1,0,True
ME-40209,ORD-US-40208,M-009,Daily Mart,2025-06-23T20:15:30,ready_on_time,10.5,0,True
ME-40210,ORD-US-40209,M-010,Burger District,2025-06-23T12:47:00,ready_on_time,17.0,0,True
ME-40211,ORD-US-40210,M-011,Wellness Pharmacy,2025-06-23T12:11:24,ready_on_time,16.4,0,True
ME-40212,ORD-US-40211,M-009,Daily Mart,2025-06-23T19:23:24,ready_on_time,13.4,0,True
ME-40213,ORD-US-40212,M-011,Wellness Pharmacy,2025-06-23T16:23:48,ready_on_time,8.8,0,True
ME-40214,ORD-US-40213,M-012,Tech Stop,2025-06-23T18:40:48,ready_on_time,5.8,0,True
ME-40215,ORD-US-40214,M-009,Daily Mart,2025-06-23T20:34:48,ready_on_time,4.8,0,True
ME-40216,ORD-US-40215,M-012,Tech Stop,2025-06-23T14:28:24,ready_on_time,18.4,0,True
ME-40217,ORD-US-40216,M-010,Burger District,2025-06-23T16:47:48,ready_on_time,12.8,0,True
ME-40218,ORD-US-40217,M-009,Daily Mart,2025-06-23T14:26:18,ready_on_time,6.3,0,True
ME-40219,ORD-US-40218,M-009,Daily Mart,2025-06-23T11:18:00,ready_on_time,23.0,0,True
ME-40220,ORD-US-40219,M-009,Daily Mart,2025-06-23T15:51:18,ready_on_time,11.3,0,True
ME-40221,ORD-US-40220,M-011,Wellness Pharmacy,2025-06-23T16:23:12,ready_on_time,13.2,0,True
ME-40222,ORD-US-40221,M-009,Daily Mart,2025-06-23T20:44:54,ready_on_time,19.9,0,True
ME-40223,ORD-US-40222,M-012,Tech Stop,2025-06-23T15:21:24,ready_on_time,16.4,0,True
ME-40224,ORD-US-40223,M-012,Tech Stop,2025-06-23T08:58:18,ready_on_time,13.3,0,True
ME-40225,ORD-US-40224,M-010,Burger District,2025-06-23T12:53:36,ready_on_time,8.6,0,True
ME-40226,ORD-US-40225,M-012,Tech Stop,2025-06-23T18:52:24,ready_on_time,17.4,0,True
ME-40227,ORD-US-40226,M-009,Daily Mart,2025-06-23T18:01:42,ready_on_time,11.7,0,True
ME-40228,ORD-US-40227,M-010,Burger District,2025-06-23T13:45:30,ready_on_time,10.5,0,True
ME-40229,ORD-US-40228,M-004,QuickCare Pharmacy,2025-06-24T20:48:30,ready_on_time,18.5,0,True
ME-40230,ORD-US-40229,M-001,Green Basket Market,2025-06-24T16:45:00,ready_on_time,15.0,0,True
ME-40231,ORD-US-40230,M-001,Green Basket Market,2025-06-24T15:43:18,ready_on_time,13.3,0,True
ME-40232,ORD-US-40231,M-001,Green Basket Market,2025-06-24T19:33:12,ready_on_time,13.2,0,True
ME-40233,ORD-US-40232,M-003,Pasta Garden,2025-06-24T15:46:48,ready_on_time,16.8,0,True
ME-40234,ORD-US-40233,M-001,Green Basket Market,2025-06-24T13:36:18,ready_on_time,11.3,0,True
ME-40235,ORD-US-40234,M-002,Crisp & Co.,2025-06-24T16:09:24,ready_on_time,9.4,0,True
ME-40236,ORD-US-40235,M-003,Pasta Garden,2025-06-24T10:20:24,ready_on_time,15.4,0,True
ME-40237,ORD-US-40236,M-002,Crisp & Co.,2025-06-24T09:14:18,ready_on_time,14.3,0,True
ME-40238,ORD-US-40237,M-004,QuickCare Pharmacy,2025-06-24T18:50:36,ready_on_time,15.6,0,True
ME-40239,ORD-US-40238,M-001,Green Basket Market,2025-06-24T12:34:36,ready_on_time,9.6,0,True
ME-40240,ORD-US-40239,M-001,Green Basket Market,2025-06-24T12:15:30,ready_on_time,15.5,0,True
ME-40241,ORD-US-40240,M-001,Green Basket Market,2025-06-24T09:43:48,ready_on_time,13.8,0,True
ME-40242,ORD-US-40241,M-001,Green Basket Market,2025-06-24T15:17:24,ready_on_time,12.4,0,True
ME-40243,ORD-US-40242,M-003,Pasta Garden,2025-06-24T18:08:54,ready_on_time,13.9,0,True
ME-40244,ORD-US-40243,M-001,Green Basket Market,2025-06-24T09:36:18,ready_on_time,21.3,0,True
ME-40245,ORD-US-40244,M-001,Green Basket Market,2025-06-24T13:23:30,ready_on_time,13.5,0,True
ME-40246,ORD-US-40245,M-001,Green Basket Market,2025-06-24T18:54:06,ready_on_time,14.1,0,True
ME-40247,ORD-US-40246,M-004,QuickCare Pharmacy,2025-06-24T09:17:12,ready_on_time,12.2,0,True
ME-40248,ORD-US-40247,M-002,Crisp & Co.,2025-06-24T12:20:18,ready_on_time,10.3,0,True
ME-40249,ORD-US-40248,M-004,QuickCare Pharmacy,2025-06-24T14:09:36,ready_on_time,9.6,0,True
ME-40250,ORD-US-40249,M-001,Green Basket Market,2025-06-24T16:17:00,ready_on_time,12.0,0,True
ME-40251,ORD-US-40250,M-001,Green Basket Market,2025-06-24T14:22:54,ready_on_time,12.9,0,True
ME-40252,ORD-US-40251,M-003,Pasta Garden,2025-06-24T20:14:06,ready_on_time,14.1,0,True
ME-40253,ORD-US-40252,M-001,Green Basket Market,2025-06-24T11:44:18,ready_on_time,19.3,0,True
ME-40254,ORD-US-40253,M-002,Crisp & Co.,2025-06-24T15:19:30,ready_on_time,14.5,0,True
ME-40255,ORD-US-40254,M-004,QuickCare Pharmacy,2025-06-24T12:00:00,ready_on_time,15.0,0,True
ME-40256,ORD-US-40255,M-002,Crisp & Co.,2025-06-24T10:26:36,ready_on_time,11.6,0,True
ME-40257,ORD-US-40256,M-003,Pasta Garden,2025-06-24T14:14:12,ready_on_time,19.2,0,True
ME-40258,ORD-US-40257,M-004,QuickCare Pharmacy,2025-06-24T14:43:54,ready_on_time,8.9,0,True
ME-40259,ORD-US-40258,M-003,Pasta Garden,2025-06-24T14:47:42,ready_on_time,12.7,0,True
ME-40260,ORD-US-40259,M-003,Pasta Garden,2025-06-24T19:03:36,ready_on_time,8.6,0,True
ME-40261,ORD-US-40260,M-001,Green Basket Market,2025-06-24T17:47:00,ready_on_time,17.0,0,True
ME-40262,ORD-US-40261,M-002,Crisp & Co.,2025-06-24T18:43:12,ready_on_time,18.2,0,True
ME-40263,ORD-US-40262,M-001,Green Basket Market,2025-06-24T20:16:18,ready_on_time,21.3,0,True
ME-40264,ORD-US-40263,M-003,Pasta Garden,2025-06-24T14:05:30,ready_on_time,15.5,0,True
ME-40265,ORD-US-40264,M-004,QuickCare Pharmacy,2025-06-24T14:03:06,ready_on_time,18.1,0,True
ME-40266,ORD-US-40265,M-002,Crisp & Co.,2025-06-24T21:07:24,ready_on_time,17.4,0,True
ME-40267,ORD-US-40266,M-004,QuickCare Pharmacy,2025-06-24T12:08:30,ready_on_time,8.5,0,True
ME-40268,ORD-US-40267,M-004,QuickCare Pharmacy,2025-06-24T16:29:18,ready_on_time,9.3,0,True
ME-40269,ORD-US-40268,M-004,QuickCare Pharmacy,2025-06-24T17:59:24,ready_on_time,9.4,0,True
ME-40270,ORD-US-40269,M-001,Green Basket Market,2025-06-24T15:20:18,ready_on_time,10.3,0,True
ME-40271,ORD-US-40270,M-004,QuickCare Pharmacy,2025-06-24T11:41:24,ready_on_time,6.4,0,True
ME-40272,ORD-US-40271,M-004,QuickCare Pharmacy,2025-06-24T11:34:48,ready_on_time,14.8,0,True
ME-40273,ORD-US-40272,M-003,Pasta Garden,2025-06-24T18:02:30,ready_on_time,22.5,0,True
ME-40274,ORD-US-40273,M-008,Noodle House,2025-06-24T18:03:00,ready_on_time,18.0,0,True
ME-40275,ORD-US-40274,M-006,Fresh Roots Grocery,2025-06-24T08:25:54,ready_on_time,10.9,0,True
ME-40276,ORD-US-40275,M-005,Corner Table,2025-06-24T20:04:06,ready_on_time,19.1,0,True
ME-40277,ORD-US-40276,M-008,Noodle House,2025-06-24T11:23:00,ready_on_time,13.0,0,True
ME-40278,ORD-US-40277,M-005,Corner Table,2025-06-24T10:43:42,ready_on_time,13.7,0,True
ME-40279,ORD-US-40278,M-006,Fresh Roots Grocery,2025-06-24T17:26:42,ready_on_time,11.7,0,True
ME-40280,ORD-US-40279,M-006,Fresh Roots Grocery,2025-06-24T10:47:12,ready_on_time,17.2,0,True
ME-40281,ORD-US-40280,M-007,Home & Handy,2025-06-24T12:25:00,ready_on_time,20.0,0,True
ME-40282,ORD-US-40281,M-005,Corner Table,2025-06-24T09:39:36,ready_on_time,14.6,0,True
ME-40283,ORD-US-40282,M-005,Corner Table,2025-06-24T17:14:18,ready_on_time,14.3,0,True
ME-40284,ORD-US-40283,M-008,Noodle House,2025-06-24T13:49:42,ready_on_time,14.7,0,True
ME-40285,ORD-US-40284,M-006,Fresh Roots Grocery,2025-06-24T19:43:54,ready_on_time,18.9,0,True
ME-40286,ORD-US-40285,M-005,Corner Table,2025-06-24T09:10:48,ready_on_time,20.8,0,True
ME-40287,ORD-US-40286,M-007,Home & Handy,2025-06-24T11:08:12,ready_on_time,13.2,0,True
ME-40288,ORD-US-40287,M-006,Fresh Roots Grocery,2025-06-24T20:52:06,ready_on_time,12.1,0,True
ME-40289,ORD-US-40288,M-007,Home & Handy,2025-06-24T09:30:36,ready_on_time,15.6,0,True
ME-40290,ORD-US-40289,M-008,Noodle House,2025-06-24T12:23:12,ready_on_time,18.2,0,True
ME-40291,ORD-US-40290,M-008,Noodle House,2025-06-24T09:04:36,ready_on_time,14.6,0,True
ME-40292,ORD-US-40291,M-008,Noodle House,2025-06-24T09:38:00,ready_on_time,13.0,0,True
ME-40293,ORD-US-40292,M-005,Corner Table,2025-06-24T09:51:42,ready_on_time,11.7,0,True
ME-40294,ORD-US-40293,M-008,Noodle House,2025-06-24T12:51:48,ready_on_time,11.8,0,True
ME-40295,ORD-US-40294,M-006,Fresh Roots Grocery,2025-06-24T15:23:06,ready_on_time,23.1,0,True
ME-40296,ORD-US-40295,M-005,Corner Table,2025-06-24T17:39:12,ready_on_time,9.2,0,True
ME-40297,ORD-US-40296,M-006,Fresh Roots Grocery,2025-06-24T14:09:48,ready_on_time,14.8,0,True
ME-40298,ORD-US-40297,M-006,Fresh Roots Grocery,2025-06-24T20:10:12,ready_on_time,15.2,0,True
ME-40299,ORD-US-40298,M-007,Home & Handy,2025-06-24T10:45:24,ready_on_time,10.4,0,True
ME-40300,ORD-US-40299,M-005,Corner Table,2025-06-24T13:56:06,ready_on_time,16.1,0,True
ME-40301,ORD-US-40300,M-006,Fresh Roots Grocery,2025-06-24T11:41:24,ready_on_time,11.4,0,True
ME-40302,ORD-US-40301,M-006,Fresh Roots Grocery,2025-06-24T08:47:30,ready_on_time,7.5,0,True
ME-40303,ORD-US-40302,M-006,Fresh Roots Grocery,2025-06-24T20:52:30,ready_on_time,12.5,0,True
ME-40304,ORD-US-40303,M-007,Home & Handy,2025-06-24T15:37:24,ready_on_time,17.4,0,True
ME-40305,ORD-US-40304,M-005,Corner Table,2025-06-24T16:22:54,ready_on_time,7.9,0,True
ME-40306,ORD-US-40305,M-005,Corner Table,2025-06-24T12:43:00,ready_on_time,18.0,0,True
ME-40307,ORD-US-40306,M-008,Noodle House,2025-06-24T12:06:18,ready_on_time,11.3,0,True
ME-40308,ORD-US-40307,M-005,Corner Table,2025-06-24T11:11:24,ready_on_time,11.4,0,True
ME-40309,ORD-US-40308,M-006,Fresh Roots Grocery,2025-06-24T12:01:06,ready_on_time,16.1,0,True
ME-40310,ORD-US-40309,M-008,Noodle House,2025-06-24T15:01:18,ready_on_time,6.3,0,True
ME-40311,ORD-US-40310,M-007,Home & Handy,2025-06-24T13:25:00,ready_on_time,20.0,0,True
ME-40312,ORD-US-40311,M-008,Noodle House,2025-06-24T20:58:36,ready_on_time,13.6,0,True
ME-40313,ORD-US-40312,M-007,Home & Handy,2025-06-24T16:14:54,ready_on_time,14.9,0,True
ME-40314,ORD-US-40313,M-011,Wellness Pharmacy,2025-06-24T10:25:24,ready_on_time,10.4,0,True
ME-40315,ORD-US-40314,M-012,Tech Stop,2025-06-24T18:08:42,ready_on_time,18.7,0,True
ME-40316,ORD-US-40315,M-012,Tech Stop,2025-06-24T20:51:12,ready_on_time,16.2,0,True
ME-40317,ORD-US-40316,M-011,Wellness Pharmacy,2025-06-24T15:51:12,ready_on_time,21.2,0,True
ME-40318,ORD-US-40317,M-012,Tech Stop,2025-06-24T20:11:30,ready_on_time,16.5,0,True
ME-40319,ORD-US-40318,M-009,Daily Mart,2025-06-24T14:46:30,ready_on_time,11.5,0,True
ME-40320,ORD-US-40319,M-009,Daily Mart,2025-06-24T12:22:48,ready_on_time,7.8,0,True
ME-40321,ORD-US-40320,M-012,Tech Stop,2025-06-24T19:04:42,ready_on_time,9.7,0,True
ME-40322,ORD-US-40321,M-011,Wellness Pharmacy,2025-06-24T11:57:24,ready_on_time,17.4,0,True
ME-40323,ORD-US-40322,M-010,Burger District,2025-06-24T10:27:30,ready_on_time,17.5,0,True
ME-40324,ORD-US-40323,M-011,Wellness Pharmacy,2025-06-24T16:38:18,ready_on_time,13.3,0,True
ME-40325,ORD-US-40324,M-012,Tech Stop,2025-06-24T08:07:30,ready_on_time,7.5,0,True
ME-40326,ORD-US-40325,M-011,Wellness Pharmacy,2025-06-24T11:09:36,ready_on_time,9.6,0,True
ME-40327,ORD-US-40326,M-011,Wellness Pharmacy,2025-06-24T11:32:24,ready_on_time,12.4,0,False
ME-40328,ORD-US-40327,M-009,Daily Mart,2025-06-24T19:51:12,ready_on_time,21.2,0,True
ME-40329,ORD-US-40328,M-011,Wellness Pharmacy,2025-06-24T20:19:12,ready_on_time,24.2,0,True
ME-40330,ORD-US-40329,M-011,Wellness Pharmacy,2025-06-24T08:21:48,ready_on_time,16.8,0,True
ME-40331,ORD-US-40330,M-011,Wellness Pharmacy,2025-06-24T20:50:12,ready_on_time,5.2,0,True
ME-40332,ORD-US-40331,M-010,Burger District,2025-06-24T08:20:30,ready_on_time,10.5,0,True
ME-40333,ORD-US-40332,M-010,Burger District,2025-06-24T17:45:24,ready_on_time,10.4,0,True
ME-40334,ORD-US-40333,M-012,Tech Stop,2025-06-24T13:28:24,ready_on_time,13.4,0,True
ME-40335,ORD-US-40334,M-009,Daily Mart,2025-06-24T08:53:12,ready_on_time,18.2,0,True
ME-40336,ORD-US-40335,M-011,Wellness Pharmacy,2025-06-24T08:17:42,ready_on_time,12.7,0,True
ME-40337,ORD-US-40336,M-010,Burger District,2025-06-24T16:39:54,ready_on_time,14.9,0,True
ME-40338,ORD-US-40337,M-009,Daily Mart,2025-06-24T15:13:36,ready_on_time,8.6,0,True
ME-40339,ORD-US-40338,M-012,Tech Stop,2025-06-24T17:34:36,ready_on_time,19.6,0,False
ME-40340,ORD-US-40339,M-009,Daily Mart,2025-06-24T18:37:54,ready_on_time,17.9,0,True
ME-40341,ORD-US-40340,M-010,Burger District,2025-06-24T18:25:42,ready_on_time,15.7,0,True
ME-40342,ORD-US-40341,M-009,Daily Mart,2025-06-24T13:03:18,ready_on_time,8.3,0,True
ME-40343,ORD-US-40342,M-009,Daily Mart,2025-06-24T10:52:30,ready_on_time,12.5,0,True
ME-40344,ORD-US-40343,M-012,Tech Stop,2025-06-24T08:10:00,ready_on_time,10.0,0,True
ME-40345,ORD-US-40344,M-009,Daily Mart,2025-06-24T16:42:24,ready_on_time,17.4,0,True
ME-40346,ORD-US-40345,M-011,Wellness Pharmacy,2025-06-24T12:25:00,ready_on_time,15.0,0,True
ME-40347,ORD-US-40346,M-009,Daily Mart,2025-06-24T17:17:36,ready_on_time,12.6,0,True
ME-40348,ORD-US-40347,M-009,Daily Mart,2025-06-24T18:31:42,ready_on_time,16.7,0,True
ME-40349,ORD-US-40348,M-010,Burger District,2025-06-24T21:05:18,ready_on_time,10.3,0,True
ME-40350,ORD-US-40349,M-011,Wellness Pharmacy,2025-06-24T10:52:18,ready_on_time,12.3,0,True
ME-40351,ORD-US-40350,M-002,Crisp & Co.,2025-06-25T17:02:06,ready_on_time,12.1,0,True
ME-40352,ORD-US-40351,M-002,Crisp & Co.,2025-06-25T09:32:12,ready_on_time,17.2,0,True
ME-40353,ORD-US-40352,M-004,QuickCare Pharmacy,2025-06-25T17:47:54,ready_on_time,17.9,0,True
ME-40354,ORD-US-40353,M-003,Pasta Garden,2025-06-25T18:04:12,ready_on_time,14.2,0,True
ME-40355,ORD-US-40354,M-001,Green Basket Market,2025-06-25T17:36:00,ready_on_time,11.0,0,True
ME-40356,ORD-US-40355,M-003,Pasta Garden,2025-06-25T08:57:30,ready_on_time,17.5,0,True
ME-40357,ORD-US-40356,M-003,Pasta Garden,2025-06-25T13:09:42,ready_on_time,14.7,0,True
ME-40358,ORD-US-40357,M-004,QuickCare Pharmacy,2025-06-25T10:21:54,ready_on_time,21.9,0,True
ME-40359,ORD-US-40358,M-004,QuickCare Pharmacy,2025-06-25T10:22:24,ready_on_time,17.4,0,True
ME-40360,ORD-US-40359,M-002,Crisp & Co.,2025-06-25T09:41:42,ready_on_time,11.7,0,True
ME-40361,ORD-US-40360,M-001,Green Basket Market,2025-06-25T19:40:12,ready_on_time,10.2,0,True
ME-40362,ORD-US-40361,M-002,Crisp & Co.,2025-06-25T18:14:00,ready_on_time,19.0,0,True
ME-40363,ORD-US-40362,M-003,Pasta Garden,2025-06-25T17:20:30,ready_on_time,15.5,0,True
ME-40364,ORD-US-40363,M-002,Crisp & Co.,2025-06-25T17:08:06,ready_on_time,8.1,0,True
ME-40365,ORD-US-40364,M-001,Green Basket Market,2025-06-25T13:41:54,ready_on_time,16.9,0,True
ME-40366,ORD-US-40365,M-002,Crisp & Co.,2025-06-25T17:36:30,ready_on_time,16.5,0,True
ME-40367,ORD-US-40366,M-002,Crisp & Co.,2025-06-25T17:04:48,ready_on_time,9.8,0,True
ME-40368,ORD-US-40367,M-002,Crisp & Co.,2025-06-25T16:37:06,ready_on_time,7.1,0,True
ME-40369,ORD-US-40368,M-003,Pasta Garden,2025-06-25T18:20:30,ready_on_time,15.5,0,True
ME-40370,ORD-US-40369,M-001,Green Basket Market,2025-06-25T11:17:06,ready_on_time,17.1,0,True
ME-40371,ORD-US-40370,M-002,Crisp & Co.,2025-06-25T12:55:06,ready_on_time,20.1,0,True
ME-40372,ORD-US-40371,M-001,Green Basket Market,2025-06-25T13:21:48,ready_on_time,11.8,0,True
ME-40373,ORD-US-40372,M-002,Crisp & Co.,2025-06-25T08:33:00,ready_on_time,23.0,0,True
ME-40374,ORD-US-40373,M-003,Pasta Garden,2025-06-25T17:02:24,ready_on_time,17.4,0,True
ME-40375,ORD-US-40374,M-001,Green Basket Market,2025-06-25T17:19:48,ready_on_time,9.8,0,True
ME-40376,ORD-US-40375,M-002,Crisp & Co.,2025-06-25T18:58:36,ready_on_time,18.6,0,True
ME-40377,ORD-US-40376,M-001,Green Basket Market,2025-06-25T11:12:42,ready_on_time,12.7,0,True
ME-40378,ORD-US-40377,M-003,Pasta Garden,2025-06-25T14:04:36,ready_on_time,9.6,0,True
ME-40379,ORD-US-40378,M-003,Pasta Garden,2025-06-25T20:01:06,ready_on_time,11.1,0,True
ME-40380,ORD-US-40379,M-002,Crisp & Co.,2025-06-25T12:12:18,ready_on_time,17.3,0,True
ME-40381,ORD-US-40380,M-001,Green Basket Market,2025-06-25T18:49:12,ready_on_time,4.2,0,True
ME-40382,ORD-US-40381,M-004,QuickCare Pharmacy,2025-06-25T12:16:06,ready_on_time,11.1,0,True
ME-40383,ORD-US-40382,M-002,Crisp & Co.,2025-06-25T15:42:18,ready_on_time,12.3,0,True
ME-40384,ORD-US-40383,M-004,QuickCare Pharmacy,2025-06-25T17:25:12,ready_on_time,20.2,0,True
ME-40385,ORD-US-40384,M-002,Crisp & Co.,2025-06-25T17:25:42,ready_on_time,15.7,0,True
ME-40386,ORD-US-40385,M-001,Green Basket Market,2025-06-25T09:28:18,ready_on_time,18.3,0,True
ME-40387,ORD-US-40386,M-001,Green Basket Market,2025-06-25T13:18:12,ready_on_time,18.2,0,False
ME-40388,ORD-US-40387,M-001,Green Basket Market,2025-06-25T17:22:36,ready_on_time,12.6,0,True
ME-40389,ORD-US-40388,M-001,Green Basket Market,2025-06-25T20:07:06,ready_on_time,12.1,0,True
ME-40390,ORD-US-40389,M-002,Crisp & Co.,2025-06-25T19:00:48,ready_on_time,10.8,0,True
ME-40391,ORD-US-40390,M-004,QuickCare Pharmacy,2025-06-25T13:16:24,ready_on_time,11.4,0,True
ME-40392,ORD-US-40391,M-006,Fresh Roots Grocery,2025-06-25T11:10:24,ready_on_time,25.4,0,True
ME-40393,ORD-US-40392,M-006,Fresh Roots Grocery,2025-06-25T10:16:42,ready_on_time,21.7,0,True
ME-40394,ORD-US-40393,M-008,Noodle House,2025-06-25T09:53:42,ready_on_time,13.7,0,True
ME-40395,ORD-US-40394,M-005,Corner Table,2025-06-25T08:42:48,ready_on_time,12.8,0,True
ME-40396,ORD-US-40395,M-008,Noodle House,2025-06-25T14:02:24,ready_on_time,12.4,0,True
ME-40397,ORD-US-40396,M-005,Corner Table,2025-06-25T12:24:48,ready_on_time,9.8,0,True
ME-40398,ORD-US-40397,M-005,Corner Table,2025-06-25T08:50:00,ready_on_time,15.0,0,True
ME-40399,ORD-US-40398,M-007,Home & Handy,2025-06-25T17:54:12,ready_on_time,14.2,0,True
ME-40400,ORD-US-40399,M-008,Noodle House,2025-06-25T15:14:24,ready_on_time,9.4,0,True
ME-40401,ORD-US-40400,M-008,Noodle House,2025-06-25T19:26:00,ready_on_time,21.0,0,True
ME-40402,ORD-US-40401,M-006,Fresh Roots Grocery,2025-06-25T10:32:48,ready_on_time,12.8,0,True
ME-40403,ORD-US-40402,M-005,Corner Table,2025-06-25T13:27:30,ready_on_time,12.5,0,True
ME-40404,ORD-US-40403,M-007,Home & Handy,2025-06-25T20:54:48,ready_on_time,14.8,0,True
ME-40405,ORD-US-40404,M-005,Corner Table,2025-06-25T16:33:06,ready_on_time,18.1,0,True
ME-40406,ORD-US-40405,M-008,Noodle House,2025-06-25T20:37:06,ready_on_time,12.1,0,True
ME-40407,ORD-US-40406,M-005,Corner Table,2025-06-25T17:53:12,ready_on_time,23.2,0,True
ME-40408,ORD-US-40407,M-007,Home & Handy,2025-06-25T14:41:12,ready_on_time,11.2,0,True
ME-40409,ORD-US-40408,M-006,Fresh Roots Grocery,2025-06-25T09:19:30,ready_on_time,9.5,0,True
ME-40410,ORD-US-40409,M-006,Fresh Roots Grocery,2025-06-25T11:02:00,ready_on_time,17.0,0,True
ME-40411,ORD-US-40410,M-008,Noodle House,2025-06-25T10:34:48,ready_on_time,14.8,0,True
ME-40412,ORD-US-40411,M-006,Fresh Roots Grocery,2025-06-25T12:14:30,ready_on_time,14.5,0,True
ME-40413,ORD-US-40412,M-007,Home & Handy,2025-06-25T13:35:36,ready_on_time,10.6,0,True
ME-40414,ORD-US-40413,M-005,Corner Table,2025-06-25T11:06:24,ready_on_time,11.4,0,True
ME-40415,ORD-US-40414,M-006,Fresh Roots Grocery,2025-06-25T16:46:42,ready_on_time,16.7,0,True
ME-40416,ORD-US-40415,M-007,Home & Handy,2025-06-25T13:31:06,ready_on_time,11.1,0,True
ME-40417,ORD-US-40416,M-006,Fresh Roots Grocery,2025-06-25T15:27:36,ready_on_time,22.6,0,True
ME-40418,ORD-US-40417,M-008,Noodle House,2025-06-25T08:40:42,ready_on_time,10.7,0,True
ME-40419,ORD-US-40418,M-006,Fresh Roots Grocery,2025-06-25T13:54:00,ready_on_time,14.0,0,True
ME-40420,ORD-US-40419,M-005,Corner Table,2025-06-25T11:17:36,ready_on_time,12.6,0,True
ME-40421,ORD-US-40420,M-008,Noodle House,2025-06-25T08:25:36,ready_on_time,10.6,0,True
ME-40422,ORD-US-40421,M-006,Fresh Roots Grocery,2025-06-25T12:38:00,ready_on_time,13.0,0,True
ME-40423,ORD-US-40422,M-006,Fresh Roots Grocery,2025-06-25T20:45:30,ready_on_time,10.5,0,True
ME-40424,ORD-US-40423,M-006,Fresh Roots Grocery,2025-06-25T17:37:36,ready_on_time,12.6,0,True
ME-40425,ORD-US-40424,M-006,Fresh Roots Grocery,2025-06-25T20:50:36,ready_on_time,10.6,0,True
ME-40426,ORD-US-40425,M-007,Home & Handy,2025-06-25T17:00:24,ready_on_time,10.4,0,True
ME-40427,ORD-US-40426,M-008,Noodle House,2025-06-25T14:23:54,ready_on_time,8.9,0,True
ME-40428,ORD-US-40427,M-005,Corner Table,2025-06-25T13:11:30,ready_on_time,21.5,0,True
ME-40429,ORD-US-40428,M-008,Noodle House,2025-06-25T16:04:36,ready_on_time,9.6,0,True
ME-40430,ORD-US-40429,M-006,Fresh Roots Grocery,2025-06-25T18:54:00,ready_on_time,14.0,0,True
ME-40431,ORD-US-40430,M-006,Fresh Roots Grocery,2025-06-25T14:35:24,ready_on_time,10.4,0,True
ME-40432,ORD-US-40431,M-005,Corner Table,2025-06-25T14:49:30,ready_on_time,14.5,0,True
ME-40433,ORD-US-40432,M-008,Noodle House,2025-06-25T17:25:12,ready_on_time,15.2,0,True
ME-40434,ORD-US-40433,M-008,Noodle House,2025-06-25T12:31:12,ready_on_time,11.2,0,True
ME-40435,ORD-US-40434,M-011,Wellness Pharmacy,2025-06-25T09:32:48,ready_on_time,12.8,0,True
ME-40436,ORD-US-40435,M-010,Burger District,2025-06-25T10:08:48,ready_on_time,18.8,0,True
ME-40437,ORD-US-40436,M-009,Daily Mart,2025-06-25T18:05:00,ready_on_time,15.0,0,True
ME-40438,ORD-US-40437,M-012,Tech Stop,2025-06-25T09:29:30,ready_on_time,9.5,0,True
ME-40439,ORD-US-40438,M-011,Wellness Pharmacy,2025-06-25T14:45:18,ready_on_time,10.3,0,True
ME-40440,ORD-US-40439,M-012,Tech Stop,2025-06-25T19:47:54,ready_on_time,17.9,0,True
ME-40441,ORD-US-40440,M-011,Wellness Pharmacy,2025-06-25T13:38:24,ready_on_time,18.4,0,True
ME-40442,ORD-US-40441,M-011,Wellness Pharmacy,2025-06-25T14:59:06,ready_on_time,14.1,0,True
ME-40443,ORD-US-40442,M-010,Burger District,2025-06-25T08:16:36,ready_on_time,11.6,0,True
ME-40444,ORD-US-40443,M-009,Daily Mart,2025-06-25T15:31:54,ready_on_time,16.9,0,True
ME-40445,ORD-US-40444,M-012,Tech Stop,2025-06-25T11:50:30,ready_on_time,10.5,0,True
ME-40446,ORD-US-40445,M-010,Burger District,2025-06-25T20:42:18,ready_on_time,12.3,0,True
ME-40447,ORD-US-40446,M-009,Daily Mart,2025-06-25T14:28:18,ready_on_time,18.3,0,True
ME-40448,ORD-US-40447,M-010,Burger District,2025-06-25T12:54:30,ready_on_time,14.5,0,True
ME-40449,ORD-US-40448,M-009,Daily Mart,2025-06-25T20:54:24,ready_on_time,14.4,0,True
ME-40450,ORD-US-40449,M-011,Wellness Pharmacy,2025-06-25T17:01:48,ready_on_time,11.8,0,True
ME-40451,ORD-US-40450,M-011,Wellness Pharmacy,2025-06-25T12:55:00,ready_on_time,15.0,0,True
ME-40452,ORD-US-40451,M-012,Tech Stop,2025-06-25T09:41:36,ready_on_time,16.6,0,True
ME-40453,ORD-US-40452,M-012,Tech Stop,2025-06-25T08:36:30,ready_on_time,16.5,0,True
ME-40454,ORD-US-40453,M-010,Burger District,2025-06-25T11:00:36,ready_on_time,15.6,0,True
ME-40455,ORD-US-40454,M-011,Wellness Pharmacy,2025-06-25T11:26:12,ready_on_time,16.2,0,True
ME-40456,ORD-US-40455,M-012,Tech Stop,2025-06-25T16:30:00,ready_on_time,15.0,0,True
ME-40457,ORD-US-40456,M-010,Burger District,2025-06-25T11:40:54,ready_on_time,10.9,0,True
ME-40458,ORD-US-40457,M-012,Tech Stop,2025-06-25T19:30:54,ready_on_time,15.9,0,True
ME-40459,ORD-US-40458,M-009,Daily Mart,2025-06-25T18:40:24,ready_on_time,15.4,0,True
ME-40460,ORD-US-40459,M-010,Burger District,2025-06-25T12:02:42,ready_on_time,12.7,0,True
ME-40461,ORD-US-40460,M-009,Daily Mart,2025-06-25T16:19:24,ready_on_time,9.4,0,True
ME-40462,ORD-US-40461,M-011,Wellness Pharmacy,2025-06-25T16:16:30,ready_on_time,21.5,0,True
ME-40463,ORD-US-40462,M-010,Burger District,2025-06-25T16:03:24,ready_on_time,18.4,0,True
ME-40464,ORD-US-40463,M-011,Wellness Pharmacy,2025-06-25T13:31:12,ready_on_time,21.2,0,True
ME-40465,ORD-US-40464,M-010,Burger District,2025-06-25T12:59:30,ready_on_time,9.5,0,True
ME-40466,ORD-US-40465,M-009,Daily Mart,2025-06-25T15:20:54,ready_on_time,15.9,0,True
ME-40467,ORD-US-40466,M-012,Tech Stop,2025-06-25T13:22:06,ready_on_time,17.1,0,True
ME-40468,ORD-US-40467,M-010,Burger District,2025-06-25T13:46:54,ready_on_time,6.9,0,True
ME-40469,ORD-US-40468,M-009,Daily Mart,2025-06-25T11:14:48,ready_on_time,19.8,0,True
ME-40470,ORD-US-40469,M-011,Wellness Pharmacy,2025-06-25T16:40:36,ready_on_time,15.6,0,True
ME-40471,ORD-US-40470,M-011,Wellness Pharmacy,2025-06-25T16:22:48,ready_on_time,7.8,0,True
ME-40472,ORD-US-40471,M-009,Daily Mart,2025-06-25T10:11:42,ready_on_time,16.7,0,True
ME-40473,ORD-US-40472,M-010,Burger District,2025-06-25T08:18:12,ready_on_time,18.2,0,True
ME-40474,ORD-US-40473,M-009,Daily Mart,2025-06-25T18:10:24,ready_on_time,10.4,0,True
ME-40475,ORD-US-40474,M-004,QuickCare Pharmacy,2025-06-26T14:58:12,ready_on_time,18.2,0,True
ME-40476,ORD-US-40475,M-003,Pasta Garden,2025-06-26T09:40:18,ready_on_time,10.3,0,True
ME-40477,ORD-US-40476,M-001,Green Basket Market,2025-06-26T17:30:42,ready_on_time,15.7,0,True
ME-40478,ORD-US-40477,M-002,Crisp & Co.,2025-06-26T10:10:24,ready_on_time,10.4,0,True
ME-40479,ORD-US-40478,M-004,QuickCare Pharmacy,2025-06-26T18:38:36,ready_on_time,13.6,0,True
ME-40480,ORD-US-40479,M-004,QuickCare Pharmacy,2025-06-26T10:03:12,ready_on_time,18.2,0,True
ME-40481,ORD-US-40480,M-001,Green Basket Market,2025-06-26T10:56:18,ready_on_time,11.3,0,True
ME-40482,ORD-US-40481,M-002,Crisp & Co.,2025-06-26T16:14:12,ready_on_time,19.2,0,True
ME-40483,ORD-US-40482,M-002,Crisp & Co.,2025-06-26T08:45:18,ready_on_time,20.3,0,True
ME-40484,ORD-US-40483,M-001,Green Basket Market,2025-06-26T14:16:30,ready_on_time,11.5,0,True
ME-40485,ORD-US-40484,M-004,QuickCare Pharmacy,2025-06-26T13:26:24,ready_on_time,16.4,0,True
ME-40486,ORD-US-40485,M-004,QuickCare Pharmacy,2025-06-26T12:48:00,ready_on_time,18.0,0,True
ME-40487,ORD-US-40486,M-002,Crisp & Co.,2025-06-26T18:14:06,ready_on_time,14.1,0,True
ME-40488,ORD-US-40487,M-003,Pasta Garden,2025-06-26T08:27:18,ready_on_time,12.3,0,True
ME-40489,ORD-US-40488,M-004,QuickCare Pharmacy,2025-06-26T14:34:00,ready_on_time,19.0,0,True
ME-40490,ORD-US-40489,M-002,Crisp & Co.,2025-06-26T09:57:30,ready_on_time,7.5,0,True
ME-40491,ORD-US-40490,M-002,Crisp & Co.,2025-06-26T14:57:36,ready_on_time,12.6,0,True
ME-40492,ORD-US-40491,M-004,QuickCare Pharmacy,2025-06-26T10:07:30,ready_on_time,7.5,0,True
ME-40493,ORD-US-40492,M-003,Pasta Garden,2025-06-26T11:24:18,ready_on_time,14.3,0,True
ME-40494,ORD-US-40493,M-001,Green Basket Market,2025-06-26T16:41:24,ready_on_time,16.4,0,True
ME-40495,ORD-US-40494,M-002,Crisp & Co.,2025-06-26T18:23:12,ready_on_time,13.2,0,True
ME-40496,ORD-US-40495,M-003,Pasta Garden,2025-06-26T15:33:18,ready_on_time,13.3,0,True
ME-40497,ORD-US-40496,M-001,Green Basket Market,2025-06-26T18:22:18,ready_on_time,17.3,0,True
ME-40498,ORD-US-40497,M-001,Green Basket Market,2025-06-26T16:13:36,ready_on_time,13.6,0,True
ME-40499,ORD-US-40498,M-001,Green Basket Market,2025-06-26T16:44:36,ready_on_time,9.6,0,True
ME-40500,ORD-US-40499,M-004,QuickCare Pharmacy,2025-06-26T20:46:42,ready_on_time,11.7,0,True
ME-40501,ORD-US-40500,M-003,Pasta Garden,2025-06-26T18:06:06,ready_on_time,16.1,0,True
ME-40502,ORD-US-40501,M-003,Pasta Garden,2025-06-26T19:40:30,ready_on_time,15.5,0,True
ME-40503,ORD-US-40502,M-002,Crisp & Co.,2025-06-26T10:30:06,ready_on_time,25.1,0,True
ME-40504,ORD-US-40503,M-003,Pasta Garden,2025-06-26T10:39:36,ready_on_time,24.6,0,True
ME-40505,ORD-US-40504,M-002,Crisp & Co.,2025-06-26T12:36:54,ready_on_time,6.9,0,True
ME-40506,ORD-US-40505,M-001,Green Basket Market,2025-06-26T11:17:30,ready_on_time,17.5,0,True
ME-40507,ORD-US-40506,M-002,Crisp & Co.,2025-06-26T12:24:30,ready_on_time,19.5,0,True
ME-40508,ORD-US-40507,M-002,Crisp & Co.,2025-06-26T12:38:06,ready_on_time,13.1,0,True
ME-40509,ORD-US-40508,M-003,Pasta Garden,2025-06-26T10:55:06,ready_on_time,10.1,0,True
ME-40510,ORD-US-40509,M-002,Crisp & Co.,2025-06-26T17:07:06,ready_on_time,12.1,0,True
ME-40511,ORD-US-40510,M-007,Home & Handy,2025-06-26T20:46:00,ready_on_time,16.0,0,True
ME-40512,ORD-US-40511,M-005,Corner Table,2025-06-26T20:41:36,ready_on_time,11.6,0,True
ME-40513,ORD-US-40512,M-006,Fresh Roots Grocery,2025-06-26T13:56:24,ready_on_time,21.4,0,True
ME-40514,ORD-US-40513,M-006,Fresh Roots Grocery,2025-06-26T10:35:18,ready_on_time,15.3,0,True
ME-40515,ORD-US-40514,M-006,Fresh Roots Grocery,2025-06-26T09:31:00,ready_on_time,11.0,0,True
ME-40516,ORD-US-40515,M-006,Fresh Roots Grocery,2025-06-26T09:10:54,ready_on_time,10.9,0,True
ME-40517,ORD-US-40516,M-008,Noodle House,2025-06-26T13:20:36,ready_on_time,20.6,0,True
ME-40518,ORD-US-40517,M-005,Corner Table,2025-06-26T09:20:24,ready_on_time,10.4,0,True
ME-40519,ORD-US-40518,M-006,Fresh Roots Grocery,2025-06-26T09:38:12,ready_on_time,18.2,0,True
ME-40520,ORD-US-40519,M-005,Corner Table,2025-06-26T16:21:48,ready_on_time,11.8,0,True
ME-40521,ORD-US-40520,M-008,Noodle House,2025-06-26T12:18:06,ready_on_time,18.1,0,True
ME-40522,ORD-US-40521,M-005,Corner Table,2025-06-26T16:15:54,ready_on_time,15.9,0,True
ME-40523,ORD-US-40522,M-005,Corner Table,2025-06-26T11:57:48,ready_on_time,7.8,0,True
ME-40524,ORD-US-40523,M-005,Corner Table,2025-06-26T20:27:36,ready_on_time,12.6,0,True
ME-40525,ORD-US-40524,M-007,Home & Handy,2025-06-26T17:46:00,ready_on_time,16.0,0,True
ME-40526,ORD-US-40525,M-007,Home & Handy,2025-06-26T11:20:24,ready_on_time,10.4,0,True
ME-40527,ORD-US-40526,M-008,Noodle House,2025-06-26T19:43:54,ready_on_time,8.9,0,True
ME-40528,ORD-US-40527,M-008,Noodle House,2025-06-26T08:30:30,ready_on_time,15.5,0,True
ME-40529,ORD-US-40528,M-007,Home & Handy,2025-06-26T10:42:48,ready_on_time,7.8,0,True
ME-40530,ORD-US-40529,M-006,Fresh Roots Grocery,2025-06-26T12:06:54,ready_on_time,6.9,0,True
ME-40531,ORD-US-40530,M-008,Noodle House,2025-06-26T16:31:00,ready_on_time,16.0,0,True
ME-40532,ORD-US-40531,M-006,Fresh Roots Grocery,2025-06-26T10:10:54,ready_on_time,20.9,0,False
ME-40533,ORD-US-40532,M-007,Home & Handy,2025-06-26T17:35:12,ready_on_time,15.2,0,True
ME-40534,ORD-US-40533,M-005,Corner Table,2025-06-26T08:42:06,ready_on_time,12.1,0,True
ME-40535,ORD-US-40534,M-005,Corner Table,2025-06-26T18:03:54,ready_on_time,13.9,0,True
ME-40536,ORD-US-40535,M-006,Fresh Roots Grocery,2025-06-26T15:39:48,ready_on_time,19.8,0,True
ME-40537,ORD-US-40536,M-005,Corner Table,2025-06-26T19:12:12,ready_on_time,12.2,0,True
ME-40538,ORD-US-40537,M-008,Noodle House,2025-06-26T10:52:30,ready_on_time,7.5,0,True
ME-40539,ORD-US-40538,M-006,Fresh Roots Grocery,2025-06-26T11:29:54,ready_on_time,19.9,0,True
ME-40540,ORD-US-40539,M-007,Home & Handy,2025-06-26T18:40:18,ready_on_time,10.3,0,True
ME-40541,ORD-US-40540,M-007,Home & Handy,2025-06-26T12:13:12,ready_on_time,18.2,0,True
ME-40542,ORD-US-40541,M-006,Fresh Roots Grocery,2025-06-26T14:54:42,ready_on_time,14.7,0,True
ME-40543,ORD-US-40542,M-006,Fresh Roots Grocery,2025-06-26T11:36:24,ready_on_time,11.4,0,True
ME-40544,ORD-US-40543,M-008,Noodle House,2025-06-26T15:45:06,ready_on_time,15.1,0,True
ME-40545,ORD-US-40544,M-005,Corner Table,2025-06-26T20:42:00,ready_on_time,7.0,0,True
ME-40546,ORD-US-40545,M-007,Home & Handy,2025-06-26T20:32:48,ready_on_time,17.8,0,True
ME-40547,ORD-US-40546,M-006,Fresh Roots Grocery,2025-06-26T10:19:12,ready_on_time,19.2,0,True
ME-40548,ORD-US-40547,M-005,Corner Table,2025-06-26T10:42:06,ready_on_time,17.1,0,True
ME-40549,ORD-US-40548,M-007,Home & Handy,2025-06-26T10:52:42,ready_on_time,17.7,0,True
ME-40550,ORD-US-40549,M-011,Wellness Pharmacy,2025-06-26T20:10:24,ready_on_time,15.4,0,True
ME-40551,ORD-US-40550,M-011,Wellness Pharmacy,2025-06-26T18:35:12,ready_on_time,20.2,0,True
ME-40552,ORD-US-40551,M-010,Burger District,2025-06-26T19:01:36,ready_on_time,21.6,0,True
ME-40553,ORD-US-40552,M-011,Wellness Pharmacy,2025-06-26T16:22:18,ready_on_time,7.3,0,True
ME-40554,ORD-US-40553,M-012,Tech Stop,2025-06-26T14:31:30,ready_on_time,16.5,0,True
ME-40555,ORD-US-40554,M-012,Tech Stop,2025-06-26T09:33:06,ready_on_time,18.1,0,True
ME-40556,ORD-US-40555,M-012,Tech Stop,2025-06-26T16:03:42,ready_on_time,13.7,0,True
ME-40557,ORD-US-40556,M-012,Tech Stop,2025-06-26T10:24:42,ready_on_time,14.7,0,True
ME-40558,ORD-US-40557,M-009,Daily Mart,2025-06-26T12:48:12,ready_on_time,8.2,0,True
ME-40559,ORD-US-40558,M-012,Tech Stop,2025-06-26T09:19:24,ready_on_time,19.4,0,True
ME-40560,ORD-US-40559,M-012,Tech Stop,2025-06-26T10:36:36,ready_on_time,6.6,0,True
ME-40561,ORD-US-40560,M-012,Tech Stop,2025-06-26T15:39:24,ready_on_time,14.4,0,True
ME-40562,ORD-US-40561,M-011,Wellness Pharmacy,2025-06-26T19:56:42,ready_on_time,11.7,0,True
ME-40563,ORD-US-40562,M-012,Tech Stop,2025-06-26T14:19:42,ready_on_time,14.7,0,True
ME-40564,ORD-US-40563,M-012,Tech Stop,2025-06-26T10:52:00,ready_on_time,17.0,0,True
ME-40565,ORD-US-40564,M-009,Daily Mart,2025-06-26T20:02:42,ready_on_time,12.7,0,True
ME-40566,ORD-US-40565,M-010,Burger District,2025-06-26T20:22:06,ready_on_time,17.1,0,True
ME-40567,ORD-US-40566,M-009,Daily Mart,2025-06-26T18:03:54,ready_on_time,13.9,0,True
ME-40568,ORD-US-40567,M-012,Tech Stop,2025-06-26T11:02:12,ready_on_time,17.2,0,True
ME-40569,ORD-US-40568,M-011,Wellness Pharmacy,2025-06-26T15:29:42,ready_on_time,19.7,0,True
ME-40570,ORD-US-40569,M-011,Wellness Pharmacy,2025-06-26T18:31:18,ready_on_time,16.3,0,True
ME-40571,ORD-US-40570,M-012,Tech Stop,2025-06-26T13:59:06,ready_on_time,9.1,0,True
ME-40572,ORD-US-40571,M-010,Burger District,2025-06-26T18:19:12,ready_on_time,14.2,0,True
ME-40573,ORD-US-40572,M-009,Daily Mart,2025-06-26T16:27:54,ready_on_time,17.9,0,True
ME-40574,ORD-US-40573,M-009,Daily Mart,2025-06-26T11:51:18,ready_on_time,6.3,0,True
ME-40575,ORD-US-40574,M-009,Daily Mart,2025-06-26T20:21:54,ready_on_time,11.9,0,True
ME-40576,ORD-US-40575,M-009,Daily Mart,2025-06-26T09:04:48,ready_on_time,19.8,0,True
ME-40577,ORD-US-40576,M-012,Tech Stop,2025-06-26T19:14:00,ready_on_time,9.0,0,True
ME-40578,ORD-US-40577,M-012,Tech Stop,2025-06-26T18:24:36,ready_on_time,9.6,0,True
ME-40579,ORD-US-40578,M-010,Burger District,2025-06-26T13:41:30,ready_on_time,11.5,0,True
ME-40580,ORD-US-40579,M-010,Burger District,2025-06-26T13:10:48,ready_on_time,15.8,0,True
ME-40581,ORD-US-40580,M-010,Burger District,2025-06-26T10:54:54,ready_on_time,14.9,0,True
ME-40582,ORD-US-40581,M-011,Wellness Pharmacy,2025-06-26T10:51:24,ready_on_time,16.4,0,True
ME-40583,ORD-US-40582,M-012,Tech Stop,2025-06-26T16:33:54,ready_on_time,13.9,0,True
ME-40584,ORD-US-40583,M-012,Tech Stop,2025-06-26T08:24:54,ready_on_time,9.9,0,True
ME-40585,ORD-US-40584,M-010,Burger District,2025-06-26T17:04:24,ready_on_time,14.4,0,True
ME-40586,ORD-US-40585,M-011,Wellness Pharmacy,2025-06-26T11:10:54,ready_on_time,20.9,0,True
ME-40587,ORD-US-40586,M-012,Tech Stop,2025-06-26T20:49:42,ready_on_time,9.7,0,True
ME-40588,ORD-US-40587,M-010,Burger District,2025-06-26T18:24:00,ready_on_time,14.0,0,True
ME-40589,ORD-US-40588,M-009,Daily Mart,2025-06-26T10:14:12,ready_on_time,14.2,0,True
ME-40590,ORD-US-40589,M-009,Daily Mart,2025-06-26T10:51:36,ready_on_time,11.6,0,True
ME-40591,ORD-US-40590,M-012,Tech Stop,2025-06-26T08:28:06,ready_on_time,18.1,0,True
ME-40592,ORD-US-40591,M-011,Wellness Pharmacy,2025-06-26T09:42:12,ready_on_time,7.2,0,True
ME-40593,ORD-US-40592,M-009,Daily Mart,2025-06-26T20:33:36,ready_on_time,13.6,0,True
ME-40594,ORD-US-40593,M-010,Burger District,2025-06-26T17:32:12,ready_on_time,12.2,0,True
ME-40595,ORD-US-40594,M-003,Pasta Garden,2025-06-27T19:50:18,ready_on_time,15.3,0,True
ME-40596,ORD-US-40595,M-001,Green Basket Market,2025-06-27T11:41:36,ready_on_time,16.6,0,True
ME-40597,ORD-US-40596,M-002,Crisp & Co.,2025-06-27T12:01:00,ready_on_time,11.0,0,False
ME-40598,ORD-US-40597,M-001,Green Basket Market,2025-06-27T15:14:30,ready_on_time,14.5,0,True
ME-40599,ORD-US-40598,M-003,Pasta Garden,2025-06-27T09:25:36,ready_on_time,10.6,0,True
ME-40600,ORD-US-40599,M-002,Crisp & Co.,2025-06-27T11:33:30,ready_on_time,13.5,0,True
ME-40601,ORD-US-40600,M-001,Green Basket Market,2025-06-27T13:00:42,ready_on_time,10.7,0,True
ME-40602,ORD-US-40601,M-003,Pasta Garden,2025-06-27T20:13:12,ready_on_time,13.2,0,True
ME-40603,ORD-US-40602,M-002,Crisp & Co.,2025-06-27T18:33:48,ready_on_time,8.8,0,True
ME-40604,ORD-US-40603,M-001,Green Basket Market,2025-06-27T18:29:06,ready_on_time,19.1,0,True
ME-40605,ORD-US-40604,M-002,Crisp & Co.,2025-06-27T20:03:12,ready_on_time,13.2,0,True
ME-40606,ORD-US-40605,M-001,Green Basket Market,2025-06-27T19:56:24,ready_on_time,11.4,0,True
ME-40607,ORD-US-40606,M-001,Green Basket Market,2025-06-27T14:01:36,ready_on_time,11.6,0,True
ME-40608,ORD-US-40607,M-002,Crisp & Co.,2025-06-27T19:07:24,ready_on_time,7.4,0,True
ME-40609,ORD-US-40608,M-001,Green Basket Market,2025-06-27T15:15:06,ready_on_time,20.1,0,True
ME-40610,ORD-US-40609,M-001,Green Basket Market,2025-06-27T13:34:06,ready_on_time,19.1,0,True
ME-40611,ORD-US-40610,M-003,Pasta Garden,2025-06-27T11:52:54,ready_on_time,17.9,0,True
ME-40612,ORD-US-40611,M-001,Green Basket Market,2025-06-27T18:58:48,ready_on_time,18.8,0,True
ME-40613,ORD-US-40612,M-004,QuickCare Pharmacy,2025-06-27T12:09:00,ready_on_time,4.0,0,True
ME-40614,ORD-US-40613,M-003,Pasta Garden,2025-06-27T20:02:00,ready_on_time,12.0,0,True
ME-40615,ORD-US-40614,M-004,QuickCare Pharmacy,2025-06-27T19:11:30,ready_on_time,11.5,0,True
ME-40616,ORD-US-40615,M-004,QuickCare Pharmacy,2025-06-27T13:04:42,ready_on_time,14.7,0,True
ME-40617,ORD-US-40616,M-004,QuickCare Pharmacy,2025-06-27T12:23:18,ready_on_time,18.3,0,True
ME-40618,ORD-US-40617,M-001,Green Basket Market,2025-06-27T14:55:30,ready_on_time,15.5,0,True
ME-40619,ORD-US-40618,M-002,Crisp & Co.,2025-06-27T10:26:18,ready_on_time,11.3,0,True
ME-40620,ORD-US-40619,M-001,Green Basket Market,2025-06-27T11:19:12,ready_on_time,19.2,0,True
ME-40621,ORD-US-40620,M-002,Crisp & Co.,2025-06-27T12:37:00,ready_on_time,12.0,0,True
ME-40622,ORD-US-40621,M-001,Green Basket Market,2025-06-27T14:34:12,ready_on_time,9.2,0,True
ME-40623,ORD-US-40622,M-001,Green Basket Market,2025-06-27T10:50:54,ready_on_time,10.9,0,True
ME-40624,ORD-US-40623,M-001,Green Basket Market,2025-06-27T14:49:36,ready_on_time,9.6,0,True
ME-40625,ORD-US-40624,M-004,QuickCare Pharmacy,2025-06-27T14:34:24,ready_on_time,9.4,0,True
ME-40626,ORD-US-40625,M-001,Green Basket Market,2025-06-27T13:46:00,ready_on_time,21.0,0,True
ME-40627,ORD-US-40626,M-001,Green Basket Market,2025-06-27T14:58:36,ready_on_time,13.6,0,True
ME-40628,ORD-US-40627,M-003,Pasta Garden,2025-06-27T11:58:12,ready_on_time,13.2,0,True
ME-40629,ORD-US-40628,M-002,Crisp & Co.,2025-06-27T18:07:12,ready_on_time,12.2,0,True
ME-40630,ORD-US-40629,M-004,QuickCare Pharmacy,2025-06-27T09:37:06,ready_on_time,12.1,0,True
ME-40631,ORD-US-40630,M-001,Green Basket Market,2025-06-27T18:36:48,ready_on_time,16.8,0,True
ME-40632,ORD-US-40631,M-001,Green Basket Market,2025-06-27T20:19:42,ready_on_time,19.7,0,True
ME-40633,ORD-US-40632,M-003,Pasta Garden,2025-06-27T13:35:48,ready_on_time,10.8,0,True
ME-40634,ORD-US-40633,M-001,Green Basket Market,2025-06-27T11:08:24,ready_on_time,13.4,0,True
ME-40635,ORD-US-40634,M-002,Crisp & Co.,2025-06-27T20:16:48,ready_on_time,16.8,0,True
ME-40636,ORD-US-40635,M-002,Crisp & Co.,2025-06-27T08:40:24,ready_on_time,15.4,0,True
ME-40637,ORD-US-40636,M-007,Home & Handy,2025-06-27T21:12:48,ready_on_time,17.8,0,True
ME-40638,ORD-US-40637,M-005,Corner Table,2025-06-27T15:58:12,ready_on_time,18.2,0,True
ME-40639,ORD-US-40638,M-005,Corner Table,2025-06-27T17:24:36,ready_on_time,14.6,0,True
ME-40640,ORD-US-40639,M-005,Corner Table,2025-06-27T18:43:06,ready_on_time,13.1,0,True
ME-40641,ORD-US-40640,M-005,Corner Table,2025-06-27T20:16:48,ready_on_time,6.8,0,True
ME-40642,ORD-US-40641,M-005,Corner Table,2025-06-27T13:58:06,ready_on_time,13.1,0,False
ME-40643,ORD-US-40642,M-006,Fresh Roots Grocery,2025-06-27T13:38:24,ready_on_time,8.4,0,True
ME-40644,ORD-US-40643,M-008,Noodle House,2025-06-27T20:09:42,ready_on_time,9.7,0,True
ME-40645,ORD-US-40644,M-008,Noodle House,2025-06-27T13:59:18,ready_on_time,9.3,0,True
ME-40646,ORD-US-40645,M-006,Fresh Roots Grocery,2025-06-27T08:06:54,ready_on_time,6.9,0,True
ME-40647,ORD-US-40646,M-008,Noodle House,2025-06-27T18:04:12,ready_on_time,9.2,0,True
ME-40648,ORD-US-40647,M-005,Corner Table,2025-06-27T13:37:24,ready_on_time,22.4,0,True
ME-40649,ORD-US-40648,M-007,Home & Handy,2025-06-27T17:51:48,ready_on_time,11.8,0,True
ME-40650,ORD-US-40649,M-007,Home & Handy,2025-06-27T17:41:48,ready_on_time,16.8,0,True
ME-40651,ORD-US-40650,M-005,Corner Table,2025-06-27T13:58:36,ready_on_time,13.6,0,True
ME-40652,ORD-US-40651,M-007,Home & Handy,2025-06-27T12:15:06,ready_on_time,15.1,0,True
ME-40653,ORD-US-40652,M-007,Home & Handy,2025-06-27T09:16:48,ready_on_time,16.8,0,True
ME-40654,ORD-US-40653,M-005,Corner Table,2025-06-27T19:31:54,ready_on_time,11.9,0,True
ME-40655,ORD-US-40654,M-007,Home & Handy,2025-06-27T13:12:00,ready_on_time,17.0,0,True
ME-40656,ORD-US-40655,M-008,Noodle House,2025-06-27T21:14:12,ready_on_time,19.2,0,True
ME-40657,ORD-US-40656,M-008,Noodle House,2025-06-27T10:00:36,ready_on_time,10.6,0,True
ME-40658,ORD-US-40657,M-006,Fresh Roots Grocery,2025-06-27T16:46:30,ready_on_time,6.5,0,True
ME-40659,ORD-US-40658,M-008,Noodle House,2025-06-27T17:57:06,ready_on_time,17.1,0,True
ME-40660,ORD-US-40659,M-007,Home & Handy,2025-06-27T08:58:30,ready_on_time,13.5,0,True
ME-40661,ORD-US-40660,M-005,Corner Table,2025-06-27T19:04:42,ready_on_time,14.7,0,True
ME-40662,ORD-US-40661,M-005,Corner Table,2025-06-27T14:59:24,ready_on_time,14.4,0,True
ME-40663,ORD-US-40662,M-008,Noodle House,2025-06-27T19:37:54,ready_on_time,17.9,0,True
ME-40664,ORD-US-40663,M-005,Corner Table,2025-06-27T13:22:36,ready_on_time,22.6,0,True
ME-40665,ORD-US-40664,M-007,Home & Handy,2025-06-27T10:08:42,ready_on_time,8.7,0,True
ME-40666,ORD-US-40665,M-007,Home & Handy,2025-06-27T09:40:36,ready_on_time,20.6,0,True
ME-40667,ORD-US-40666,M-005,Corner Table,2025-06-27T08:19:36,ready_on_time,14.6,0,True
ME-40668,ORD-US-40667,M-005,Corner Table,2025-06-27T15:49:36,ready_on_time,9.6,0,True
ME-40669,ORD-US-40668,M-007,Home & Handy,2025-06-27T09:45:54,ready_on_time,10.9,0,True
ME-40670,ORD-US-40669,M-007,Home & Handy,2025-06-27T12:25:06,ready_on_time,10.1,0,True
ME-40671,ORD-US-40670,M-008,Noodle House,2025-06-27T18:27:30,ready_on_time,17.5,0,True
ME-40672,ORD-US-40671,M-007,Home & Handy,2025-06-27T11:21:24,ready_on_time,21.4,0,True
ME-40673,ORD-US-40672,M-007,Home & Handy,2025-06-27T09:24:18,ready_on_time,9.3,0,True
ME-40674,ORD-US-40673,M-011,Wellness Pharmacy,2025-06-27T08:31:24,ready_on_time,11.4,0,True
ME-40675,ORD-US-40674,M-010,Burger District,2025-06-27T11:13:06,ready_on_time,18.1,0,True
ME-40676,ORD-US-40675,M-009,Daily Mart,2025-06-27T20:43:12,ready_on_time,18.2,0,True
ME-40677,ORD-US-40676,M-009,Daily Mart,2025-06-27T11:40:36,ready_on_time,10.6,0,True
ME-40678,ORD-US-40677,M-010,Burger District,2025-06-27T16:14:06,ready_on_time,19.1,0,True
ME-40679,ORD-US-40678,M-009,Daily Mart,2025-06-27T16:36:00,ready_on_time,6.0,0,True
ME-40680,ORD-US-40679,M-010,Burger District,2025-06-27T09:45:36,ready_on_time,15.6,0,True
ME-40681,ORD-US-40680,M-010,Burger District,2025-06-27T17:02:42,ready_on_time,7.7,0,True
ME-40682,ORD-US-40681,M-009,Daily Mart,2025-06-27T19:30:00,ready_on_time,15.0,0,True
ME-40683,ORD-US-40682,M-012,Tech Stop,2025-06-27T11:56:12,ready_on_time,21.2,0,True
ME-40684,ORD-US-40683,M-009,Daily Mart,2025-06-27T20:12:12,ready_on_time,17.2,0,True
ME-40685,ORD-US-40684,M-012,Tech Stop,2025-06-27T10:44:54,ready_on_time,9.9,0,True
ME-40686,ORD-US-40685,M-009,Daily Mart,2025-06-27T18:15:48,ready_on_time,20.8,0,True
ME-40687,ORD-US-40686,M-011,Wellness Pharmacy,2025-06-27T15:10:48,ready_on_time,20.8,0,True
ME-40688,ORD-US-40687,M-012,Tech Stop,2025-06-27T08:26:06,ready_on_time,6.1,0,True
ME-40689,ORD-US-40688,M-010,Burger District,2025-06-27T20:03:06,ready_on_time,8.1,0,True
ME-40690,ORD-US-40689,M-011,Wellness Pharmacy,2025-06-27T13:32:42,ready_on_time,7.7,0,True
ME-40691,ORD-US-40690,M-010,Burger District,2025-06-27T19:40:00,ready_on_time,15.0,0,True
ME-40692,ORD-US-40691,M-012,Tech Stop,2025-06-27T14:33:54,ready_on_time,13.9,0,True
ME-40693,ORD-US-40692,M-009,Daily Mart,2025-06-27T13:33:12,ready_on_time,13.2,0,True
ME-40694,ORD-US-40693,M-011,Wellness Pharmacy,2025-06-27T16:52:42,ready_on_time,12.7,0,True
ME-40695,ORD-US-40694,M-011,Wellness Pharmacy,2025-06-27T14:12:06,ready_on_time,12.1,0,True
ME-40696,ORD-US-40695,M-012,Tech Stop,2025-06-27T12:56:24,ready_on_time,16.4,0,True
ME-40697,ORD-US-40696,M-010,Burger District,2025-06-27T11:25:42,ready_on_time,5.7,0,True
ME-40698,ORD-US-40697,M-011,Wellness Pharmacy,2025-06-27T20:48:24,ready_on_time,13.4,0,True
ME-40699,ORD-US-40698,M-009,Daily Mart,2025-06-27T10:15:36,ready_on_time,20.6,0,True
ME-40700,ORD-US-40699,M-009,Daily Mart,2025-06-27T13:50:18,ready_on_time,15.3,0,True
ME-40701,ORD-US-40700,M-010,Burger District,2025-06-27T13:39:18,ready_on_time,14.3,0,True
ME-40702,ORD-US-40701,M-011,Wellness Pharmacy,2025-06-27T11:54:18,ready_on_time,9.3,0,True
ME-40703,ORD-US-40702,M-012,Tech Stop,2025-06-27T14:12:06,ready_on_time,7.1,0,True
ME-40704,ORD-US-40703,M-009,Daily Mart,2025-06-27T11:33:42,ready_on_time,18.7,0,True
ME-40705,ORD-US-40704,M-011,Wellness Pharmacy,2025-06-27T13:11:06,ready_on_time,11.1,0,True
ME-40706,ORD-US-40705,M-011,Wellness Pharmacy,2025-06-27T08:55:06,ready_on_time,20.1,0,True
ME-40707,ORD-US-40706,M-009,Daily Mart,2025-06-27T14:57:00,ready_on_time,12.0,0,True
ME-40708,ORD-US-40707,M-009,Daily Mart,2025-06-27T16:26:06,ready_on_time,11.1,0,True
ME-40709,ORD-US-40708,M-010,Burger District,2025-06-27T19:04:36,ready_on_time,9.6,0,True
ME-40710,ORD-US-40709,M-012,Tech Stop,2025-06-27T13:12:12,ready_on_time,22.2,0,True
ME-40711,ORD-US-40710,M-003,Pasta Garden,2025-06-28T08:41:48,ready_on_time,11.8,0,True
ME-40712,ORD-US-40711,M-002,Crisp & Co.,2025-06-28T17:21:00,ready_on_time,11.0,0,True
ME-40713,ORD-US-40712,M-003,Pasta Garden,2025-06-28T19:33:06,ready_on_time,13.1,0,True
ME-40714,ORD-US-40713,M-002,Crisp & Co.,2025-06-28T14:40:36,ready_on_time,15.6,0,True
ME-40715,ORD-US-40714,M-001,Green Basket Market,2025-06-28T11:41:00,ready_on_time,16.0,0,True
ME-40716,ORD-US-40715,M-003,Pasta Garden,2025-06-28T10:09:24,ready_on_time,14.4,0,True
ME-40717,ORD-US-40716,M-004,QuickCare Pharmacy,2025-06-28T18:01:48,ready_on_time,21.8,0,True
ME-40718,ORD-US-40717,M-001,Green Basket Market,2025-06-28T13:14:48,ready_on_time,14.8,0,True
ME-40719,ORD-US-40718,M-002,Crisp & Co.,2025-06-28T17:10:48,ready_on_time,15.8,0,True
ME-40720,ORD-US-40719,M-004,QuickCare Pharmacy,2025-06-28T15:17:06,ready_on_time,17.1,0,True
ME-40721,ORD-US-40720,M-002,Crisp & Co.,2025-06-28T18:58:00,ready_on_time,18.0,0,True
ME-40722,ORD-US-40721,M-003,Pasta Garden,2025-06-28T17:46:30,ready_on_time,16.5,0,True
ME-40723,ORD-US-40722,M-004,QuickCare Pharmacy,2025-06-28T15:18:36,ready_on_time,18.6,0,True
ME-40724,ORD-US-40723,M-002,Crisp & Co.,2025-06-28T11:21:30,ready_on_time,6.5,0,True
ME-40725,ORD-US-40724,M-003,Pasta Garden,2025-06-28T13:46:24,ready_on_time,16.4,0,True
ME-40726,ORD-US-40725,M-003,Pasta Garden,2025-06-28T14:50:00,ready_on_time,15.0,0,True
ME-40727,ORD-US-40726,M-004,QuickCare Pharmacy,2025-06-28T12:17:36,ready_on_time,12.6,0,True
ME-40728,ORD-US-40727,M-003,Pasta Garden,2025-06-28T18:57:30,ready_on_time,17.5,0,True
ME-40729,ORD-US-40728,M-003,Pasta Garden,2025-06-28T11:45:48,ready_on_time,10.8,0,True
ME-40730,ORD-US-40729,M-003,Pasta Garden,2025-06-28T11:59:12,ready_on_time,14.2,0,True
ME-40731,ORD-US-40730,M-001,Green Basket Market,2025-06-28T17:59:42,ready_on_time,19.7,0,True
ME-40732,ORD-US-40731,M-002,Crisp & Co.,2025-06-28T09:01:12,ready_on_time,21.2,0,True
ME-40733,ORD-US-40732,M-001,Green Basket Market,2025-06-28T12:25:00,ready_on_time,10.0,0,True
ME-40734,ORD-US-40733,M-001,Green Basket Market,2025-06-28T08:34:30,ready_on_time,9.5,0,True
ME-40735,ORD-US-40734,M-001,Green Basket Market,2025-06-28T11:46:06,ready_on_time,11.1,0,True
ME-40736,ORD-US-40735,M-004,QuickCare Pharmacy,2025-06-28T08:15:18,ready_on_time,10.3,0,True
ME-40737,ORD-US-40736,M-002,Crisp & Co.,2025-06-28T12:33:00,ready_on_time,18.0,0,True
ME-40738,ORD-US-40737,M-003,Pasta Garden,2025-06-28T13:09:30,ready_on_time,24.5,0,True
ME-40739,ORD-US-40738,M-001,Green Basket Market,2025-06-28T11:48:24,ready_on_time,13.4,0,True
ME-40740,ORD-US-40739,M-003,Pasta Garden,2025-06-28T09:19:06,ready_on_time,9.1,0,True
ME-40741,ORD-US-40740,M-002,Crisp & Co.,2025-06-28T12:49:00,ready_on_time,4.0,0,True
ME-40742,ORD-US-40741,M-001,Green Basket Market,2025-06-28T14:32:24,ready_on_time,17.4,0,True
ME-40743,ORD-US-40742,M-003,Pasta Garden,2025-06-28T20:45:06,ready_on_time,20.1,0,True
ME-40744,ORD-US-40743,M-004,QuickCare Pharmacy,2025-06-28T19:31:42,ready_on_time,16.7,0,True
ME-40745,ORD-US-40744,M-001,Green Basket Market,2025-06-28T17:18:54,ready_on_time,13.9,0,True
ME-40746,ORD-US-40745,M-001,Green Basket Market,2025-06-28T19:45:12,ready_on_time,10.2,0,True
ME-40747,ORD-US-40746,M-002,Crisp & Co.,2025-06-28T19:47:12,ready_on_time,7.2,0,True
ME-40748,ORD-US-40747,M-003,Pasta Garden,2025-06-28T17:53:12,ready_on_time,23.2,0,True
ME-40749,ORD-US-40748,M-004,QuickCare Pharmacy,2025-06-28T10:59:06,ready_on_time,19.1,0,True
ME-40750,ORD-US-40749,M-004,QuickCare Pharmacy,2025-06-28T10:13:24,ready_on_time,18.4,0,True
ME-40751,ORD-US-40750,M-001,Green Basket Market,2025-06-28T13:16:30,ready_on_time,11.5,0,True
ME-40752,ORD-US-40751,M-001,Green Basket Market,2025-06-28T15:29:12,ready_on_time,14.2,0,True
ME-40753,ORD-US-40752,M-001,Green Basket Market,2025-06-28T20:35:06,ready_on_time,15.1,0,True
ME-40754,ORD-US-40753,M-008,Noodle House,2025-06-28T19:46:24,ready_on_time,16.4,0,True
ME-40755,ORD-US-40754,M-006,Fresh Roots Grocery,2025-06-28T12:40:24,ready_on_time,10.4,0,True
ME-40756,ORD-US-40755,M-008,Noodle House,2025-06-28T21:04:36,ready_on_time,19.6,0,True
ME-40757,ORD-US-40756,M-007,Home & Handy,2025-06-28T10:40:06,ready_on_time,10.1,0,True
ME-40758,ORD-US-40757,M-006,Fresh Roots Grocery,2025-06-28T10:59:42,ready_on_time,19.7,0,True
ME-40759,ORD-US-40758,M-008,Noodle House,2025-06-28T11:36:48,ready_on_time,16.8,0,True
ME-40760,ORD-US-40759,M-007,Home & Handy,2025-06-28T09:04:30,ready_on_time,14.5,0,True
ME-40761,ORD-US-40760,M-006,Fresh Roots Grocery,2025-06-28T08:14:54,ready_on_time,14.9,0,True
ME-40762,ORD-US-40761,M-005,Corner Table,2025-06-28T20:50:30,ready_on_time,10.5,0,True
ME-40763,ORD-US-40762,M-008,Noodle House,2025-06-28T18:38:24,ready_on_time,18.4,0,True
ME-40764,ORD-US-40763,M-006,Fresh Roots Grocery,2025-06-28T17:29:06,ready_on_time,14.1,0,True
ME-40765,ORD-US-40764,M-008,Noodle House,2025-06-28T12:37:00,ready_on_time,17.0,0,True
ME-40766,ORD-US-40765,M-007,Home & Handy,2025-06-28T16:27:48,ready_on_time,12.8,0,True
ME-40767,ORD-US-40766,M-008,Noodle House,2025-06-28T09:05:30,ready_on_time,15.5,0,True
ME-40768,ORD-US-40767,M-007,Home & Handy,2025-06-28T17:07:12,ready_on_time,12.2,0,True
ME-40769,ORD-US-40768,M-008,Noodle House,2025-06-28T19:12:18,ready_on_time,7.3,0,True
ME-40770,ORD-US-40769,M-006,Fresh Roots Grocery,2025-06-28T09:26:30,ready_on_time,11.5,0,True
ME-40771,ORD-US-40770,M-006,Fresh Roots Grocery,2025-06-28T18:39:24,ready_on_time,14.4,0,True
ME-40772,ORD-US-40771,M-005,Corner Table,2025-06-28T09:20:42,ready_on_time,20.7,0,True
ME-40773,ORD-US-40772,M-007,Home & Handy,2025-06-28T11:43:36,ready_on_time,13.6,0,True
ME-40774,ORD-US-40773,M-006,Fresh Roots Grocery,2025-06-28T10:29:12,ready_on_time,19.2,0,True
ME-40775,ORD-US-40774,M-008,Noodle House,2025-06-28T08:21:12,ready_on_time,11.2,0,True
ME-40776,ORD-US-40775,M-007,Home & Handy,2025-06-28T16:01:12,ready_on_time,11.2,0,True
ME-40777,ORD-US-40776,M-007,Home & Handy,2025-06-28T14:55:48,ready_on_time,10.8,0,True
ME-40778,ORD-US-40777,M-005,Corner Table,2025-06-28T16:51:00,ready_on_time,16.0,0,True
ME-40779,ORD-US-40778,M-006,Fresh Roots Grocery,2025-06-28T11:04:54,ready_on_time,14.9,0,True
ME-40780,ORD-US-40779,M-006,Fresh Roots Grocery,2025-06-28T09:49:42,ready_on_time,14.7,0,True
ME-40781,ORD-US-40780,M-007,Home & Handy,2025-06-28T12:32:54,ready_on_time,17.9,0,True
ME-40782,ORD-US-40781,M-008,Noodle House,2025-06-28T11:36:54,ready_on_time,16.9,0,True
ME-40783,ORD-US-40782,M-006,Fresh Roots Grocery,2025-06-28T18:59:18,ready_on_time,14.3,0,True
ME-40784,ORD-US-40783,M-008,Noodle House,2025-06-28T10:42:18,ready_on_time,12.3,0,True
ME-40785,ORD-US-40784,M-008,Noodle House,2025-06-28T16:06:48,ready_on_time,6.8,0,True
ME-40786,ORD-US-40785,M-007,Home & Handy,2025-06-28T09:26:42,ready_on_time,16.7,0,True
ME-40787,ORD-US-40786,M-007,Home & Handy,2025-06-28T18:42:36,ready_on_time,7.6,0,True
ME-40788,ORD-US-40787,M-008,Noodle House,2025-06-28T18:54:12,ready_on_time,9.2,0,True
ME-40789,ORD-US-40788,M-008,Noodle House,2025-06-28T11:34:30,ready_on_time,14.5,0,True
ME-40790,ORD-US-40789,M-006,Fresh Roots Grocery,2025-06-28T08:46:12,ready_on_time,16.2,0,True
ME-40791,ORD-US-40790,M-008,Noodle House,2025-06-28T09:19:48,ready_on_time,14.8,0,True
ME-40792,ORD-US-40791,M-005,Corner Table,2025-06-28T10:10:36,ready_on_time,15.6,0,True
ME-40793,ORD-US-40792,M-008,Noodle House,2025-06-28T17:56:48,ready_on_time,16.8,0,True
ME-40794,ORD-US-40793,M-005,Corner Table,2025-06-28T20:56:54,ready_on_time,11.9,0,True
ME-40795,ORD-US-40794,M-006,Fresh Roots Grocery,2025-06-28T17:09:12,ready_on_time,14.2,0,True
ME-40796,ORD-US-40795,M-006,Fresh Roots Grocery,2025-06-28T09:44:06,ready_on_time,14.1,0,True
ME-40797,ORD-US-40796,M-006,Fresh Roots Grocery,2025-06-28T19:25:48,ready_on_time,15.8,0,True
ME-40798,ORD-US-40797,M-006,Fresh Roots Grocery,2025-06-28T08:32:30,ready_on_time,22.5,0,True
ME-40799,ORD-US-40798,M-011,Wellness Pharmacy,2025-06-28T20:25:42,ready_on_time,15.7,0,True
ME-40800,ORD-US-40799,M-011,Wellness Pharmacy,2025-06-28T12:14:54,ready_on_time,9.9,0,True
ME-40801,ORD-US-40800,M-009,Daily Mart,2025-06-28T17:25:12,ready_on_time,15.2,0,True
ME-40802,ORD-US-40801,M-012,Tech Stop,2025-06-28T19:26:00,ready_on_time,16.0,0,True
ME-40803,ORD-US-40802,M-011,Wellness Pharmacy,2025-06-28T13:53:24,ready_on_time,13.4,0,True
ME-40804,ORD-US-40803,M-010,Burger District,2025-06-28T18:44:54,ready_on_time,14.9,0,True
ME-40805,ORD-US-40804,M-009,Daily Mart,2025-06-28T20:33:00,ready_on_time,13.0,0,True
ME-40806,ORD-US-40805,M-010,Burger District,2025-06-28T19:53:48,ready_on_time,18.8,0,True
ME-40807,ORD-US-40806,M-009,Daily Mart,2025-06-28T09:40:12,ready_on_time,15.2,0,True
ME-40808,ORD-US-40807,M-009,Daily Mart,2025-06-28T16:15:12,ready_on_time,15.2,0,True
ME-40809,ORD-US-40808,M-012,Tech Stop,2025-06-28T13:55:54,ready_on_time,15.9,0,True
ME-40810,ORD-US-40809,M-011,Wellness Pharmacy,2025-06-28T12:08:54,ready_on_time,13.9,0,True
ME-40811,ORD-US-40810,M-009,Daily Mart,2025-06-28T18:37:06,ready_on_time,12.1,0,True
ME-40812,ORD-US-40811,M-011,Wellness Pharmacy,2025-06-28T20:58:42,ready_on_time,13.7,0,True
ME-40813,ORD-US-40812,M-011,Wellness Pharmacy,2025-06-28T16:24:30,ready_on_time,9.5,0,True
ME-40814,ORD-US-40813,M-011,Wellness Pharmacy,2025-06-28T20:22:42,ready_on_time,17.7,0,True
ME-40815,ORD-US-40814,M-010,Burger District,2025-06-28T13:32:12,ready_on_time,12.2,0,True
ME-40816,ORD-US-40815,M-009,Daily Mart,2025-06-28T08:38:24,ready_on_time,18.4,0,True
ME-40817,ORD-US-40816,M-010,Burger District,2025-06-28T09:19:06,ready_on_time,9.1,0,True
ME-40818,ORD-US-40817,M-010,Burger District,2025-06-28T20:18:06,ready_on_time,13.1,0,True
ME-40819,ORD-US-40818,M-011,Wellness Pharmacy,2025-06-28T10:27:36,ready_on_time,12.6,0,True
ME-40820,ORD-US-40819,M-009,Daily Mart,2025-06-28T15:32:24,ready_on_time,17.4,0,True
ME-40821,ORD-US-40820,M-009,Daily Mart,2025-06-28T13:08:06,ready_on_time,18.1,0,True
ME-40822,ORD-US-40821,M-010,Burger District,2025-06-28T19:56:12,ready_on_time,16.2,0,True
ME-40823,ORD-US-40822,M-009,Daily Mart,2025-06-28T12:53:42,ready_on_time,18.7,0,True
ME-40824,ORD-US-40823,M-012,Tech Stop,2025-06-28T14:14:42,ready_on_time,14.7,0,True
ME-40825,ORD-US-40824,M-012,Tech Stop,2025-06-28T16:53:48,ready_on_time,13.8,0,True
ME-40826,ORD-US-40825,M-010,Burger District,2025-06-28T16:34:00,ready_on_time,9.0,0,True
ME-40827,ORD-US-40826,M-011,Wellness Pharmacy,2025-06-28T12:22:18,ready_on_time,12.3,0,True
ME-40828,ORD-US-40827,M-010,Burger District,2025-06-28T12:48:36,ready_on_time,13.6,0,True
ME-40829,ORD-US-40828,M-009,Daily Mart,2025-06-28T20:19:30,ready_on_time,19.5,0,True
ME-40830,ORD-US-40829,M-010,Burger District,2025-06-28T13:58:54,ready_on_time,18.9,0,True
ME-40831,ORD-US-40830,M-012,Tech Stop,2025-06-28T14:10:54,ready_on_time,5.9,0,True
ME-40832,ORD-US-40831,M-011,Wellness Pharmacy,2025-06-28T20:43:12,ready_on_time,13.2,0,True
ME-40833,ORD-US-40832,M-011,Wellness Pharmacy,2025-06-28T11:30:42,ready_on_time,15.7,0,True
ME-40834,ORD-US-40833,M-009,Daily Mart,2025-06-28T13:42:00,ready_on_time,12.0,0,True
ME-40835,ORD-US-40834,M-009,Daily Mart,2025-06-28T12:27:00,ready_on_time,22.0,0,True
ME-40836,ORD-US-40835,M-004,QuickCare Pharmacy,2025-06-29T08:21:18,ready_on_time,11.3,0,True
ME-40837,ORD-US-40836,M-002,Crisp & Co.,2025-06-29T08:58:30,ready_on_time,18.5,0,True
ME-40838,ORD-US-40837,M-002,Crisp & Co.,2025-06-29T10:00:48,ready_on_time,15.8,0,True
ME-40839,ORD-US-40838,M-004,QuickCare Pharmacy,2025-06-29T16:34:36,ready_on_time,14.6,0,True
ME-40840,ORD-US-40839,M-004,QuickCare Pharmacy,2025-06-29T19:34:30,ready_on_time,14.5,0,True
ME-40841,ORD-US-40840,M-002,Crisp & Co.,2025-06-29T16:33:48,ready_on_time,18.8,0,True
ME-40842,ORD-US-40841,M-003,Pasta Garden,2025-06-29T16:47:06,ready_on_time,17.1,0,True
ME-40843,ORD-US-40842,M-004,QuickCare Pharmacy,2025-06-29T14:05:24,ready_on_time,15.4,0,True
ME-40844,ORD-US-40843,M-004,QuickCare Pharmacy,2025-06-29T13:19:54,ready_on_time,9.9,0,True
ME-40845,ORD-US-40844,M-003,Pasta Garden,2025-06-29T17:25:30,ready_on_time,20.5,0,True
ME-40846,ORD-US-40845,M-004,QuickCare Pharmacy,2025-06-29T16:00:54,ready_on_time,10.9,0,True
ME-40847,ORD-US-40846,M-003,Pasta Garden,2025-06-29T20:06:30,ready_on_time,16.5,0,True
ME-40848,ORD-US-40847,M-004,QuickCare Pharmacy,2025-06-29T13:27:48,ready_on_time,7.8,0,True
ME-40849,ORD-US-40848,M-004,QuickCare Pharmacy,2025-06-29T16:03:18,ready_on_time,13.3,0,True
ME-40850,ORD-US-40849,M-003,Pasta Garden,2025-06-29T18:07:42,ready_on_time,7.7,0,True
ME-40851,ORD-US-40850,M-004,QuickCare Pharmacy,2025-06-29T10:17:42,ready_on_time,12.7,0,True
ME-40852,ORD-US-40851,M-003,Pasta Garden,2025-06-29T14:28:30,ready_on_time,13.5,0,True
ME-40853,ORD-US-40852,M-001,Green Basket Market,2025-06-29T11:31:18,ready_on_time,11.3,0,True
ME-40854,ORD-US-40853,M-001,Green Basket Market,2025-06-29T17:11:48,ready_on_time,16.8,0,True
ME-40855,ORD-US-40854,M-003,Pasta Garden,2025-06-29T08:35:54,ready_on_time,10.9,0,True
ME-40856,ORD-US-40855,M-002,Crisp & Co.,2025-06-29T20:23:00,ready_on_time,18.0,0,True
ME-40857,ORD-US-40856,M-003,Pasta Garden,2025-06-29T18:18:12,ready_on_time,8.2,0,True
ME-40858,ORD-US-40857,M-002,Crisp & Co.,2025-06-29T08:27:00,ready_on_time,22.0,0,True
ME-40859,ORD-US-40858,M-003,Pasta Garden,2025-06-29T20:01:06,ready_on_time,21.1,0,True
ME-40860,ORD-US-40859,M-004,QuickCare Pharmacy,2025-06-29T12:58:18,ready_on_time,18.3,0,True
ME-40861,ORD-US-40860,M-002,Crisp & Co.,2025-06-29T15:06:24,ready_on_time,21.4,0,True
ME-40862,ORD-US-40861,M-001,Green Basket Market,2025-06-29T17:47:24,ready_on_time,12.4,0,True
ME-40863,ORD-US-40862,M-001,Green Basket Market,2025-06-29T11:56:24,ready_on_time,11.4,0,True
ME-40864,ORD-US-40863,M-002,Crisp & Co.,2025-06-29T16:35:36,ready_on_time,15.6,0,True
ME-40865,ORD-US-40864,M-004,QuickCare Pharmacy,2025-06-29T14:28:24,ready_on_time,13.4,0,True
ME-40866,ORD-US-40865,M-001,Green Basket Market,2025-06-29T14:25:18,ready_on_time,15.3,0,True
ME-40867,ORD-US-40866,M-004,QuickCare Pharmacy,2025-06-29T12:54:42,ready_on_time,9.7,0,True
ME-40868,ORD-US-40867,M-003,Pasta Garden,2025-06-29T15:07:30,ready_on_time,12.5,0,True
ME-40869,ORD-US-40868,M-003,Pasta Garden,2025-06-29T12:28:36,ready_on_time,18.6,0,True
ME-40870,ORD-US-40869,M-003,Pasta Garden,2025-06-29T10:35:12,ready_on_time,20.2,0,True
ME-40871,ORD-US-40870,M-003,Pasta Garden,2025-06-29T13:06:54,ready_on_time,21.9,0,True
ME-40872,ORD-US-40871,M-004,QuickCare Pharmacy,2025-06-29T20:59:48,ready_on_time,9.8,0,True
ME-40873,ORD-US-40872,M-003,Pasta Garden,2025-06-29T12:13:30,ready_on_time,13.5,0,True
ME-40874,ORD-US-40873,M-001,Green Basket Market,2025-06-29T18:30:12,ready_on_time,10.2,0,True
ME-40875,ORD-US-40874,M-001,Green Basket Market,2025-06-29T08:17:42,ready_on_time,17.7,0,True
ME-40876,ORD-US-40875,M-008,Noodle House,2025-06-29T15:01:12,ready_on_time,16.2,0,True
ME-40877,ORD-US-40876,M-006,Fresh Roots Grocery,2025-06-29T15:30:06,ready_on_time,10.1,0,True
ME-40878,ORD-US-40877,M-006,Fresh Roots Grocery,2025-06-29T10:33:12,ready_on_time,23.2,0,True
ME-40879,ORD-US-40878,M-007,Home & Handy,2025-06-29T11:33:00,ready_on_time,18.0,0,True
ME-40880,ORD-US-40879,M-006,Fresh Roots Grocery,2025-06-29T15:23:42,ready_on_time,8.7,0,True
ME-40881,ORD-US-40880,M-005,Corner Table,2025-06-29T10:58:06,ready_on_time,18.1,0,True
ME-40882,ORD-US-40881,M-005,Corner Table,2025-06-29T16:00:42,ready_on_time,15.7,0,True
ME-40883,ORD-US-40882,M-007,Home & Handy,2025-06-29T18:05:30,ready_on_time,10.5,0,True
ME-40884,ORD-US-40883,M-008,Noodle House,2025-06-29T12:05:48,ready_on_time,10.8,0,True
ME-40885,ORD-US-40884,M-007,Home & Handy,2025-06-29T12:06:48,ready_on_time,6.8,0,True
ME-40886,ORD-US-40885,M-008,Noodle House,2025-06-29T16:36:24,ready_on_time,21.4,0,True
ME-40887,ORD-US-40886,M-006,Fresh Roots Grocery,2025-06-29T19:14:12,ready_on_time,9.2,0,True
ME-40888,ORD-US-40887,M-008,Noodle House,2025-06-29T17:23:48,ready_on_time,13.8,0,True
ME-40889,ORD-US-40888,M-006,Fresh Roots Grocery,2025-06-29T17:19:30,ready_on_time,14.5,0,True
ME-40890,ORD-US-40889,M-006,Fresh Roots Grocery,2025-06-29T09:04:42,ready_on_time,14.7,0,True
ME-40891,ORD-US-40890,M-006,Fresh Roots Grocery,2025-06-29T13:06:18,ready_on_time,11.3,0,True
ME-40892,ORD-US-40891,M-006,Fresh Roots Grocery,2025-06-29T10:02:06,ready_on_time,12.1,0,True
ME-40893,ORD-US-40892,M-007,Home & Handy,2025-06-29T11:01:00,ready_on_time,11.0,0,True
ME-40894,ORD-US-40893,M-006,Fresh Roots Grocery,2025-06-29T10:54:06,ready_on_time,14.1,0,True
ME-40895,ORD-US-40894,M-007,Home & Handy,2025-06-29T09:26:30,ready_on_time,11.5,0,True
ME-40896,ORD-US-40895,M-008,Noodle House,2025-06-29T08:34:36,ready_on_time,14.6,0,True
ME-40897,ORD-US-40896,M-008,Noodle House,2025-06-29T20:15:12,ready_on_time,10.2,0,True
ME-40898,ORD-US-40897,M-007,Home & Handy,2025-06-29T09:33:36,ready_on_time,13.6,0,True
ME-40899,ORD-US-40898,M-006,Fresh Roots Grocery,2025-06-29T19:53:54,ready_on_time,18.9,0,True
ME-40900,ORD-US-40899,M-006,Fresh Roots Grocery,2025-06-29T12:31:18,ready_on_time,16.3,0,True
ME-40901,ORD-US-40900,M-008,Noodle House,2025-06-29T12:11:18,ready_on_time,16.3,0,True
ME-40902,ORD-US-40901,M-005,Corner Table,2025-06-29T15:50:00,ready_on_time,10.0,0,True
ME-40903,ORD-US-40902,M-006,Fresh Roots Grocery,2025-06-29T11:15:12,ready_on_time,15.2,0,True
ME-40904,ORD-US-40903,M-005,Corner Table,2025-06-29T20:31:48,ready_on_time,11.8,0,True
ME-40905,ORD-US-40904,M-005,Corner Table,2025-06-29T20:47:30,ready_on_time,7.5,0,True
ME-40906,ORD-US-40905,M-008,Noodle House,2025-06-29T20:10:42,ready_on_time,15.7,0,True
ME-40907,ORD-US-40906,M-006,Fresh Roots Grocery,2025-06-29T10:37:24,ready_on_time,17.4,0,True
ME-40908,ORD-US-40907,M-008,Noodle House,2025-06-29T16:58:36,ready_on_time,18.6,0,True
ME-40909,ORD-US-40908,M-005,Corner Table,2025-06-29T10:11:24,ready_on_time,16.4,0,True
ME-40910,ORD-US-40909,M-005,Corner Table,2025-06-29T17:18:12,ready_on_time,13.2,0,True
ME-40911,ORD-US-40910,M-008,Noodle House,2025-06-29T12:47:18,ready_on_time,12.3,0,True
ME-40912,ORD-US-40911,M-007,Home & Handy,2025-06-29T20:45:18,ready_on_time,20.3,0,True
ME-40913,ORD-US-40912,M-005,Corner Table,2025-06-29T12:53:00,ready_on_time,18.0,0,True
ME-40914,ORD-US-40913,M-006,Fresh Roots Grocery,2025-06-29T17:07:06,ready_on_time,17.1,0,True
ME-40915,ORD-US-40914,M-009,Daily Mart,2025-06-29T15:03:24,ready_on_time,18.4,0,True
ME-40916,ORD-US-40915,M-010,Burger District,2025-06-29T12:39:06,ready_on_time,14.1,0,True
ME-40917,ORD-US-40916,M-010,Burger District,2025-06-29T11:11:42,ready_on_time,11.7,0,True
ME-40918,ORD-US-40917,M-012,Tech Stop,2025-06-29T09:35:06,ready_on_time,20.1,0,True
ME-40919,ORD-US-40918,M-010,Burger District,2025-06-29T10:40:18,ready_on_time,15.3,0,True
ME-40920,ORD-US-40919,M-010,Burger District,2025-06-29T19:04:06,ready_on_time,14.1,0,True
ME-40921,ORD-US-40920,M-009,Daily Mart,2025-06-29T20:25:06,ready_on_time,15.1,0,True
ME-40922,ORD-US-40921,M-010,Burger District,2025-06-29T12:31:12,ready_on_time,16.2,0,True
ME-40923,ORD-US-40922,M-012,Tech Stop,2025-06-29T14:43:12,ready_on_time,8.2,0,True
ME-40924,ORD-US-40923,M-010,Burger District,2025-06-29T13:10:06,ready_on_time,10.1,0,True
ME-40925,ORD-US-40924,M-009,Daily Mart,2025-06-29T20:02:36,ready_on_time,12.6,0,True
ME-40926,ORD-US-40925,M-011,Wellness Pharmacy,2025-06-29T15:52:42,ready_on_time,12.7,0,True
ME-40927,ORD-US-40926,M-010,Burger District,2025-06-29T15:58:24,ready_on_time,13.4,0,True
ME-40928,ORD-US-40927,M-010,Burger District,2025-06-29T17:29:30,ready_on_time,14.5,0,True
ME-40929,ORD-US-40928,M-010,Burger District,2025-06-29T17:11:54,ready_on_time,11.9,0,True
ME-40930,ORD-US-40929,M-012,Tech Stop,2025-06-29T15:36:30,ready_on_time,16.5,0,True
ME-40931,ORD-US-40930,M-009,Daily Mart,2025-06-29T08:51:12,ready_on_time,11.2,0,True
ME-40932,ORD-US-40931,M-011,Wellness Pharmacy,2025-06-29T12:20:12,ready_on_time,15.2,0,True
ME-40933,ORD-US-40932,M-010,Burger District,2025-06-29T09:27:24,ready_on_time,22.4,0,True
ME-40934,ORD-US-40933,M-010,Burger District,2025-06-29T12:02:00,ready_on_time,12.0,0,True
ME-40935,ORD-US-40934,M-009,Daily Mart,2025-06-29T14:00:36,ready_on_time,20.6,0,True
ME-40936,ORD-US-40935,M-011,Wellness Pharmacy,2025-06-29T11:16:24,ready_on_time,16.4,0,True
ME-40937,ORD-US-40936,M-011,Wellness Pharmacy,2025-06-29T11:13:00,ready_on_time,13.0,0,True
ME-40938,ORD-US-40937,M-012,Tech Stop,2025-06-29T11:43:36,ready_on_time,18.6,0,True
ME-40939,ORD-US-40938,M-011,Wellness Pharmacy,2025-06-29T15:21:48,ready_on_time,11.8,0,True
ME-40940,ORD-US-40939,M-010,Burger District,2025-06-29T12:44:00,ready_on_time,19.0,0,True
ME-40941,ORD-US-40940,M-009,Daily Mart,2025-06-29T17:56:42,ready_on_time,11.7,0,True
ME-40942,ORD-US-40941,M-009,Daily Mart,2025-06-29T17:44:42,ready_on_time,9.7,0,True
ME-40943,ORD-US-40942,M-009,Daily Mart,2025-06-29T17:09:18,ready_on_time,9.3,0,True
ME-40944,ORD-US-40943,M-010,Burger District,2025-06-29T19:43:24,ready_on_time,18.4,0,True
ME-40945,ORD-US-40944,M-011,Wellness Pharmacy,2025-06-29T15:10:00,ready_on_time,10.0,0,True
ME-40946,ORD-US-40945,M-012,Tech Stop,2025-06-29T09:52:06,ready_on_time,17.1,0,True
ME-40947,ORD-US-40946,M-012,Tech Stop,2025-06-29T08:15:42,ready_on_time,15.7,0,True
ME-40948,ORD-US-40947,M-010,Burger District,2025-06-29T09:12:06,ready_on_time,17.1,0,True
ME-40949,ORD-US-40948,M-010,Burger District,2025-06-29T21:06:18,ready_on_time,16.3,0,True
ME-40950,ORD-US-40949,M-011,Wellness Pharmacy,2025-06-29T18:46:36,ready_on_time,11.6,0,True
ME-40951,ORD-US-40950,M-009,Daily Mart,2025-06-29T19:00:00,ready_on_time,20.0,0,True
ME-40952,ORD-US-40951,M-011,Wellness Pharmacy,2025-06-29T08:14:24,ready_on_time,9.4,0,True
ME-40953,ORD-US-40952,M-012,Tech Stop,2025-06-29T09:15:12,ready_on_time,10.2,0,False
ME-40954,ORD-US-40953,M-012,Tech Stop,2025-06-29T20:31:54,ready_on_time,21.9,0,True
ME-40955,ORD-US-40954,M-010,Burger District,2025-06-29T21:03:48,ready_on_time,13.8,0,True
ME-40956,ORD-US-40955,M-012,Tech Stop,2025-06-29T12:51:48,ready_on_time,11.8,0,True
ME-40957,ORD-US-40956,M-010,Burger District,2025-06-29T08:57:36,ready_on_time,17.6,0,True
