observed_at,fulfillment_site,wind_speed_kph,wind_gust_kph,precipitation_mm,temperature_c,visibility_km,operating_condition
2025-04-01T00:00:00,Northside_Fulfillment,9.7,13.6,0,11.4,16.5,normal
2025-04-01T01:00:00,Northside_Fulfillment,10.5,18.2,0,13.8,15.6,normal
2025-04-01T02:00:00,Northside_Fulfillment,11.1,16.0,0,12.4,16.8,normal
2025-04-01T03:00:00,Northside_Fulfillment,4.7,8.6,0,11.9,17.3,normal
2025-04-01T04:00:00,Northside_Fulfillment,5.4,11.9,0,13.5,15.3,normal
2025-04-01T05:00:00,Northside_Fulfillment,9.2,17.3,0,13.7,16.5,normal
2025-04-01T06:00:00,Northside_Fulfillment,9.5,13.0,0,15.9,16.5,normal
2025-04-01T07:00:00,Northside_Fulfillment,10.1,17.2,0,18.4,17.9,normal
2025-04-01T08:00:00,Northside_Fulfillment,10.4,19.2,0,20.9,15.4,normal
2025-04-01T09:00:00,Northside_Fulfillment,11.3,19.6,0,21.8,15.2,normal
2025-04-01T10:00:00,Northside_Fulfillment,6.9,12.1,0,22.9,16.3,normal
2025-04-01T11:00:00,Northside_Fulfillment,8.4,13.8,0,24.0,15.9,normal
2025-04-01T12:00:00,Northside_Fulfillment,8.7,11.4,0,24.8,16.5,normal
2025-04-01T13:00:00,Northside_Fulfillment,9.4,14.9,0,24.8,17.9,normal
2025-04-01T14:00:00,Northside_Fulfillment,13.0,19.1,0,25.4,16.1,normal
2025-04-01T15:00:00,Northside_Fulfillment,14.3,18.3,0,23.8,16.6,normal
2025-04-01T16:00:00,Northside_Fulfillment,18.8,21.5,0,23.1,15.6,normal
2025-04-01T17:00:00,Northside_Fulfillment,18.2,27.2,0,21.4,15.3,normal
2025-04-01T18:00:00,Northside_Fulfillment,13.2,21.6,0,20.2,17.4,normal
2025-04-01T19:00:00,Northside_Fulfillment,17.3,20.4,0,17.4,15.0,normal
2025-04-01T20:00:00,Northside_Fulfillment,15.4,19.7,0,14.9,16.1,normal
2025-04-01T21:00:00,Northside_Fulfillment,14.3,20.5,0,15.1,13.8,normal
2025-04-01T22:00:00,Northside_Fulfillment,8.0,14.6,0,13.7,16.5,normal
2025-04-01T23:00:00,Northside_Fulfillment,11.8,18.9,0,12.3,16.0,normal
2025-04-01T00:00:00,Central_Fulfillment,9.4,12.2,0,11.8,14.4,normal
2025-04-01T01:00:00,Central_Fulfillment,8.9,13.7,0,12.4,16.4,normal
2025-04-01T02:00:00,Central_Fulfillment,9.3,11.5,0,9.4,15.7,normal
2025-04-01T03:00:00,Central_Fulfillment,8.5,16.8,0,12.4,15.3,normal
2025-04-01T04:00:00,Central_Fulfillment,6.7,10.4,0,12.7,16.5,normal
2025-04-01T05:00:00,Central_Fulfillment,6.0,8.1,0,14.5,15.9,normal
2025-04-01T06:00:00,Central_Fulfillment,10.0,18.5,0,15.9,15.2,normal
2025-04-01T07:00:00,Central_Fulfillment,8.7,11.0,0,18.6,16.2,normal
2025-04-01T08:00:00,Central_Fulfillment,11.2,19.1,0,20.0,15.9,normal
2025-04-01T09:00:00,Central_Fulfillment,7.4,14.2,0,22.6,16.1,normal
2025-04-01T10:00:00,Central_Fulfillment,11.8,20.6,0,22.0,17.2,normal
2025-04-01T11:00:00,Central_Fulfillment,10.4,19.3,0,23.3,16.2,normal
2025-04-01T12:00:00,Central_Fulfillment,8.2,11.7,0,23.6,16.0,normal
2025-04-01T13:00:00,Central_Fulfillment,11.7,16.9,0,26.1,15.2,normal
2025-04-01T14:00:00,Central_Fulfillment,13.2,16.2,0,23.6,16.5,normal
2025-04-01T15:00:00,Central_Fulfillment,14.7,20.9,0,23.8,16.8,normal
2025-04-01T16:00:00,Central_Fulfillment,11.9,20.1,0,21.6,17.2,normal
2025-04-01T17:00:00,Central_Fulfillment,16.9,22.4,0,21.3,16.1,normal
2025-04-01T18:00:00,Central_Fulfillment,15.6,22.3,0,18.9,16.9,normal
2025-04-01T19:00:00,Central_Fulfillment,12.9,17.4,0,18.4,17.3,normal
2025-04-01T20:00:00,Central_Fulfillment,11.2,19.6,0,15.8,16.9,normal
2025-04-01T21:00:00,Central_Fulfillment,10.0,16.2,0,14.5,16.4,normal
2025-04-01T22:00:00,Central_Fulfillment,13.1,18.1,0,12.4,16.0,normal
2025-04-01T23:00:00,Central_Fulfillment,6.7,8.9,0,13.9,16.3,normal
2025-04-01T00:00:00,Eastside_Fulfillment,12.0,14.7,0,10.0,16.3,normal
2025-04-01T01:00:00,Eastside_Fulfillment,8.8,17.0,0,12.7,17.1,normal
2025-04-01T02:00:00,Eastside_Fulfillment,6.3,13.8,0,12.0,16.3,normal
2025-04-01T03:00:00,Eastside_Fulfillment,5.1,12.1,0,11.8,16.4,normal
2025-04-01T04:00:00,Eastside_Fulfillment,7.5,10.4,0,13.7,17.8,normal
2025-04-01T05:00:00,Eastside_Fulfillment,10.2,18.8,0,14.5,16.4,normal
2025-04-01T06:00:00,Eastside_Fulfillment,7.3,14.4,0,16.0,15.9,normal
2025-04-01T07:00:00,Eastside_Fulfillment,4.7,10.4,0,18.3,18,normal
2025-04-01T08:00:00,Eastside_Fulfillment,7.9,14.5,0,19.7,18,normal
2025-04-01T09:00:00,Eastside_Fulfillment,7.5,13.9,0,20.9,15.9,normal
2025-04-01T10:00:00,Eastside_Fulfillment,10.7,19.5,0,23.0,17.0,normal
2025-04-01T11:00:00,Eastside_Fulfillment,13.7,20.3,0,24.5,16.0,normal
2025-04-01T12:00:00,Eastside_Fulfillment,10.0,15.6,0,24.9,15.6,normal
2025-04-01T13:00:00,Eastside_Fulfillment,13.4,22.1,0,25.6,16.0,normal
2025-04-01T14:00:00,Eastside_Fulfillment,13.6,16.0,0,25.0,15.2,normal
2025-04-01T15:00:00,Eastside_Fulfillment,14.1,19.5,0,22.1,15.9,normal
2025-04-01T16:00:00,Eastside_Fulfillment,16.8,25.6,0,23.3,15.1,normal
2025-04-01T17:00:00,Eastside_Fulfillment,16.2,21.3,0,21.8,15.2,normal
2025-04-01T18:00:00,Eastside_Fulfillment,14.0,17.5,0,20.8,15.1,normal
2025-04-01T19:00:00,Eastside_Fulfillment,14.6,20.0,0,18.4,16.6,normal
2025-04-01T20:00:00,Eastside_Fulfillment,16.2,23.7,0,17.7,16.7,normal
2025-04-01T21:00:00,Eastside_Fulfillment,12.8,21.0,0,15.2,15.9,normal
2025-04-01T22:00:00,Eastside_Fulfillment,8.8,13.2,0,15.2,15.2,normal
2025-04-01T23:00:00,Eastside_Fulfillment,12.0,16.9,0,11.6,14.3,normal
2025-04-02T00:00:00,Northside_Fulfillment,10.7,19.1,0,11.6,14.5,normal
2025-04-02T01:00:00,Northside_Fulfillment,9.0,15.1,0,11.7,15.9,normal
2025-04-02T02:00:00,Northside_Fulfillment,5.1,12.5,0,10.9,15.7,normal
2025-04-02T03:00:00,Northside_Fulfillment,7.9,13.3,0,10.3,16.2,normal
2025-04-02T04:00:00,Northside_Fulfillment,5.3,7.3,0,12.9,17.2,normal
2025-04-02T05:00:00,Northside_Fulfillment,8.5,11.4,0,14.2,16.2,normal
2025-04-02T06:00:00,Northside_Fulfillment,8.5,11.9,0,15.8,14.9,normal
2025-04-02T07:00:00,Northside_Fulfillment,10.0,15.5,0,18.2,16.1,normal
2025-04-02T08:00:00,Northside_Fulfillment,6.9,15.2,0,19.7,16.0,normal
2025-04-02T09:00:00,Northside_Fulfillment,10.3,19.1,0,22.5,16.4,normal
2025-04-02T10:00:00,Northside_Fulfillment,13.7,17.3,0,23.6,14.8,normal
2025-04-02T11:00:00,Northside_Fulfillment,12.7,20.5,0,25.3,16.6,normal
2025-04-02T12:00:00,Northside_Fulfillment,12.5,16.2,0,25.2,16.2,normal
2025-04-02T13:00:00,Northside_Fulfillment,15.4,22.8,0,24.3,15.0,normal
2025-04-02T14:00:00,Northside_Fulfillment,11.4,16.8,0,24.9,16.6,normal
2025-04-02T15:00:00,Northside_Fulfillment,18.5,22.5,0,22.9,15.6,normal
2025-04-02T16:00:00,Northside_Fulfillment,14.6,20.5,0,22.5,15.8,normal
2025-04-02T17:00:00,Northside_Fulfillment,16.0,18.7,0,20.7,17.1,normal
2025-04-02T18:00:00,Northside_Fulfillment,15.6,24.5,0,20.6,15.8,normal
2025-04-02T19:00:00,Northside_Fulfillment,15.4,22.4,0,17.6,18.0,normal
2025-04-02T20:00:00,Northside_Fulfillment,12.3,17.4,0,15.9,17.0,normal
2025-04-02T21:00:00,Northside_Fulfillment,14.0,22.1,0,14.4,16.5,normal
2025-04-02T22:00:00,Northside_Fulfillment,8.5,11.9,0,12.8,15.0,normal
2025-04-02T23:00:00,Northside_Fulfillment,10.8,13.8,0,12.5,17.8,normal
2025-04-02T00:00:00,Central_Fulfillment,9.4,15.0,0,11.3,16.2,normal
2025-04-02T01:00:00,Central_Fulfillment,7.9,10.2,0,11.2,14.4,normal
2025-04-02T02:00:00,Central_Fulfillment,9.1,16.8,0,11.6,15.6,normal
2025-04-02T03:00:00,Central_Fulfillment,9.1,16.8,0,11.9,15.0,normal
2025-04-02T04:00:00,Central_Fulfillment,7.8,9.9,0,12.3,16.2,normal
2025-04-02T05:00:00,Central_Fulfillment,7.4,11.8,0,14.1,17.1,normal
2025-04-02T06:00:00,Central_Fulfillment,9.1,12.1,0,18.1,16.2,normal
2025-04-02T07:00:00,Central_Fulfillment,7.2,10.3,0,18.8,16.8,normal
2025-04-02T08:00:00,Central_Fulfillment,9.8,13.9,0,19.6,14.2,normal
2025-04-02T09:00:00,Central_Fulfillment,9.8,15.9,0,21.2,16.4,normal
2025-04-02T10:00:00,Central_Fulfillment,9.5,16.1,0,22.9,16.6,normal
2025-04-02T11:00:00,Central_Fulfillment,11.6,17.3,0,22.4,16.3,normal
2025-04-02T12:00:00,Central_Fulfillment,10.7,17.6,0,24.1,14.9,normal
2025-04-02T13:00:00,Central_Fulfillment,13.5,17.2,0,25.7,16.1,normal
2025-04-02T14:00:00,Central_Fulfillment,12.8,20.9,0,24.7,16.4,normal
2025-04-02T15:00:00,Central_Fulfillment,13.8,19.9,0,25.9,17.3,normal
2025-04-02T16:00:00,Central_Fulfillment,16.8,18.9,0,22.6,14.9,normal
2025-04-02T17:00:00,Central_Fulfillment,18.0,24.3,0,21.7,12.7,normal
2025-04-02T18:00:00,Central_Fulfillment,14.5,20.5,0,20.3,15.9,normal
2025-04-02T19:00:00,Central_Fulfillment,14.7,21.6,0,18.0,14.7,normal
2025-04-02T20:00:00,Central_Fulfillment,16.4,23.2,0,16.1,15.8,normal
2025-04-02T21:00:00,Central_Fulfillment,15.4,21.0,0,16.1,16.8,normal
2025-04-02T22:00:00,Central_Fulfillment,11.6,15.6,0,13.4,15.6,normal
2025-04-02T23:00:00,Central_Fulfillment,13.7,20.0,0,13.5,15.7,normal
2025-04-02T00:00:00,Eastside_Fulfillment,10.9,16.9,0,11.0,14.8,normal
2025-04-02T01:00:00,Eastside_Fulfillment,10.8,18.5,0,10.6,16.4,normal
2025-04-02T02:00:00,Eastside_Fulfillment,8.1,13.0,0,11.4,16.8,normal
2025-04-02T03:00:00,Eastside_Fulfillment,10.1,16.2,0,11.4,16.4,normal
2025-04-02T04:00:00,Eastside_Fulfillment,6.8,13.4,0,12.4,15.4,normal
2025-04-02T05:00:00,Eastside_Fulfillment,3.2,10.6,0,14.7,15.7,normal
2025-04-02T06:00:00,Eastside_Fulfillment,8.9,17.4,0,17.0,15.9,normal
2025-04-02T07:00:00,Eastside_Fulfillment,4.8,12.0,0,17.4,15.0,normal
2025-04-02T08:00:00,Eastside_Fulfillment,8.4,15.0,0,19.7,15.7,normal
2025-04-02T09:00:00,Eastside_Fulfillment,10.1,13.6,0,21.4,15.6,normal
2025-04-02T10:00:00,Eastside_Fulfillment,11.1,13.7,0,24.1,16.1,normal
2025-04-02T11:00:00,Eastside_Fulfillment,9.3,13.5,0,23.6,14.8,normal
2025-04-02T12:00:00,Eastside_Fulfillment,12.2,20.8,0,24.3,16.4,normal
2025-04-02T13:00:00,Eastside_Fulfillment,12.2,20.2,0,24.0,15.4,normal
2025-04-02T14:00:00,Eastside_Fulfillment,12.0,19.8,0,25.8,16.1,normal
2025-04-02T15:00:00,Eastside_Fulfillment,15.6,18.2,0,24.4,15.2,normal
2025-04-02T16:00:00,Eastside_Fulfillment,16.6,22.2,0,21.9,16.0,normal
2025-04-02T17:00:00,Eastside_Fulfillment,14.2,18.1,0,20.7,17.2,normal
2025-04-02T18:00:00,Eastside_Fulfillment,17.3,24.1,0,19.3,16.7,normal
2025-04-02T19:00:00,Eastside_Fulfillment,16.3,22.3,0,18.4,15.1,normal
2025-04-02T20:00:00,Eastside_Fulfillment,15.1,20.9,0,16.5,16.8,normal
2025-04-02T21:00:00,Eastside_Fulfillment,14.7,19.9,0,15.5,16.2,normal
2025-04-02T22:00:00,Eastside_Fulfillment,14.3,16.8,0,13.2,16.6,normal
2025-04-02T23:00:00,Eastside_Fulfillment,9.6,17.6,0,12.1,16.5,normal
2025-04-03T00:00:00,Northside_Fulfillment,11.7,16.6,0,12.4,15.7,normal
2025-04-03T01:00:00,Northside_Fulfillment,6.8,14.7,0,12.4,16.8,normal
2025-04-03T02:00:00,Northside_Fulfillment,4.9,7.7,0,11.1,14.8,normal
2025-04-03T03:00:00,Northside_Fulfillment,7.3,11.5,0,13.4,15.0,normal
2025-04-03T04:00:00,Northside_Fulfillment,3.7,9.2,0,13.6,16.7,normal
2025-04-03T05:00:00,Northside_Fulfillment,7.5,14.0,0,14.4,17.1,normal
2025-04-03T06:00:00,Northside_Fulfillment,10.1,17.9,0,17.6,15.9,normal
2025-04-03T07:00:00,Northside_Fulfillment,8.9,15.3,0,17.4,15.5,normal
2025-04-03T08:00:00,Northside_Fulfillment,6.5,11.2,0,20.9,14.8,normal
2025-04-03T09:00:00,Northside_Fulfillment,8.4,15.9,0,20.7,14.3,normal
2025-04-03T10:00:00,Northside_Fulfillment,11.2,17.7,0,22.1,15.6,normal
2025-04-03T11:00:00,Northside_Fulfillment,11.4,16.7,0,24.4,18,normal
2025-04-03T12:00:00,Northside_Fulfillment,13.3,19.5,0,24.7,15.8,normal
2025-04-03T13:00:00,Northside_Fulfillment,10.1,13.4,0,24.6,16.0,normal
2025-04-03T14:00:00,Northside_Fulfillment,14.4,19.0,0,23.8,16.0,normal
2025-04-03T15:00:00,Northside_Fulfillment,15.1,17.7,0,24.2,16.7,normal
2025-04-03T16:00:00,Northside_Fulfillment,14.0,17.8,0,22.9,14.8,normal
2025-04-03T17:00:00,Northside_Fulfillment,15.5,21.0,0,21.9,16.8,normal
2025-04-03T18:00:00,Northside_Fulfillment,14.2,22.4,0,20.5,16.6,normal
2025-04-03T19:00:00,Northside_Fulfillment,12.6,15.5,0,17.4,15.8,normal
2025-04-03T20:00:00,Northside_Fulfillment,11.1,19.1,0,16.0,15.7,normal
2025-04-03T21:00:00,Northside_Fulfillment,18.2,20.9,0,14.1,14.2,normal
2025-04-03T22:00:00,Northside_Fulfillment,13.1,20.2,0,13.5,16.8,normal
2025-04-03T23:00:00,Northside_Fulfillment,9.2,11.5,0,11.4,16.3,normal
2025-04-03T00:00:00,Central_Fulfillment,11.0,16.6,0,10.2,15.2,normal
2025-04-03T01:00:00,Central_Fulfillment,5.0,13.0,0,9.9,16.0,normal
2025-04-03T02:00:00,Central_Fulfillment,7.1,13.8,0,11.4,16.2,normal
2025-04-03T03:00:00,Central_Fulfillment,6.8,11.7,0,12.3,16.2,normal
2025-04-03T04:00:00,Central_Fulfillment,6.2,14.6,0,12.9,17.0,normal
2025-04-03T05:00:00,Central_Fulfillment,6.4,8.9,0,15.4,17.6,normal
2025-04-03T06:00:00,Central_Fulfillment,9.4,13.0,0,16.3,15.6,normal
2025-04-03T07:00:00,Central_Fulfillment,7.7,15.2,0,18.6,15.4,normal
2025-04-03T08:00:00,Central_Fulfillment,11.3,18.2,0,20.5,15.5,normal
2025-04-03T09:00:00,Central_Fulfillment,11.1,14.5,0,21.5,16.3,normal
2025-04-03T10:00:00,Central_Fulfillment,10.3,14.1,0,23.4,15.1,normal
2025-04-03T11:00:00,Central_Fulfillment,9.6,13.1,0,22.8,14.2,normal
2025-04-03T12:00:00,Central_Fulfillment,12.6,15.6,0,23.8,16.9,normal
2025-04-03T13:00:00,Central_Fulfillment,17.2,25.1,0,24.7,15.0,normal
2025-04-03T14:00:00,Central_Fulfillment,14.3,16.9,0,26.7,17.5,normal
2025-04-03T15:00:00,Central_Fulfillment,14.8,17.2,0,23.3,16.1,normal
2025-04-03T16:00:00,Central_Fulfillment,12.0,16.6,0,23.2,15.5,normal
2025-04-03T17:00:00,Central_Fulfillment,13.8,22.3,0,21.6,15.7,normal
2025-04-03T18:00:00,Central_Fulfillment,15.9,24.5,0,19.6,16.1,normal
2025-04-03T19:00:00,Central_Fulfillment,15.8,18.3,0,19.9,17.4,normal
2025-04-03T20:00:00,Central_Fulfillment,14.1,21.2,0,15.4,13.6,normal
2025-04-03T21:00:00,Central_Fulfillment,12.4,17.8,0,13.6,15.3,normal
2025-04-03T22:00:00,Central_Fulfillment,12.4,18.0,0,13.1,15.4,normal
2025-04-03T23:00:00,Central_Fulfillment,15.9,18.6,0,11.3,16.1,normal
2025-04-03T00:00:00,Eastside_Fulfillment,6.7,9.4,0,10.0,17.1,normal
2025-04-03T01:00:00,Eastside_Fulfillment,7.5,11.4,0,9.8,16.7,normal
2025-04-03T02:00:00,Eastside_Fulfillment,6.7,10.2,0,11.6,15.4,normal
2025-04-03T03:00:00,Eastside_Fulfillment,6.8,11.9,0,11.2,16.2,normal
2025-04-03T04:00:00,Eastside_Fulfillment,6.6,9.9,0,14.0,16.8,normal
2025-04-03T05:00:00,Eastside_Fulfillment,3.4,6.2,0,16.1,15.8,normal
2025-04-03T06:00:00,Eastside_Fulfillment,9.2,13.5,0,16.2,16.4,normal
2025-04-03T07:00:00,Eastside_Fulfillment,5.7,9.4,0,18.8,14.4,normal
2025-04-03T08:00:00,Eastside_Fulfillment,7.9,12.0,0,19.7,14.9,normal
2025-04-03T09:00:00,Eastside_Fulfillment,11.4,14.1,0,22.2,15.8,normal
2025-04-03T10:00:00,Eastside_Fulfillment,8.1,15.2,0,24.0,15.1,normal
2025-04-03T11:00:00,Eastside_Fulfillment,11.9,20.1,0,24.1,15.5,normal
2025-04-03T12:00:00,Eastside_Fulfillment,10.0,18.3,0,24.0,15.4,normal
2025-04-03T13:00:00,Eastside_Fulfillment,14.0,17.5,0,24.7,15.2,normal
2025-04-03T14:00:00,Eastside_Fulfillment,16.4,18.9,0,24.1,15.6,normal
2025-04-03T15:00:00,Eastside_Fulfillment,17.1,21.0,0,24.8,16.1,normal
2025-04-03T16:00:00,Eastside_Fulfillment,19.1,22.1,0,21.8,17.3,normal
2025-04-03T17:00:00,Eastside_Fulfillment,10.5,15.5,0,21.1,15.6,normal
2025-04-03T18:00:00,Eastside_Fulfillment,16.3,23.3,0,20.1,15.4,normal
2025-04-03T19:00:00,Eastside_Fulfillment,13.1,16.3,0,18.9,16.4,normal
2025-04-03T20:00:00,Eastside_Fulfillment,13.7,17.3,0,16.1,15.6,normal
2025-04-03T21:00:00,Eastside_Fulfillment,15.2,23.8,0,14.7,17.8,normal
2025-04-03T22:00:00,Eastside_Fulfillment,9.7,13.1,0,13.9,15.3,normal
2025-04-03T23:00:00,Eastside_Fulfillment,8.4,16.6,0,11.6,16.8,normal
2025-04-04T00:00:00,Northside_Fulfillment,10.1,15.9,0,11.0,15.6,normal
2025-04-04T01:00:00,Northside_Fulfillment,13.3,18.9,0,11.7,16.3,normal
2025-04-04T02:00:00,Northside_Fulfillment,12.2,19.1,0,11.1,15.9,normal
2025-04-04T03:00:00,Northside_Fulfillment,8.1,15.8,0,12.5,15.1,normal
2025-04-04T04:00:00,Northside_Fulfillment,9.1,11.9,0,13.2,17.3,normal
2025-04-04T05:00:00,Northside_Fulfillment,9.2,17.4,0,15.7,16.2,normal
2025-04-04T06:00:00,Northside_Fulfillment,7.4,11.5,0,15.6,15.9,normal
2025-04-04T07:00:00,Northside_Fulfillment,8.2,16.8,0,17.8,15.8,normal
2025-04-04T08:00:00,Northside_Fulfillment,5.8,11.5,0,19.9,15.4,normal
2025-04-04T09:00:00,Northside_Fulfillment,9.8,14.8,0,22.1,16.7,normal
2025-04-04T10:00:00,Northside_Fulfillment,9.7,12.7,0,22.3,14.4,normal
2025-04-04T11:00:00,Northside_Fulfillment,9.8,14.5,0,24.6,17.5,normal
2025-04-04T12:00:00,Northside_Fulfillment,16.6,19.1,0,25.0,16.5,normal
2025-04-04T13:00:00,Northside_Fulfillment,12.8,16.5,0,25.4,14.8,normal
2025-04-04T14:00:00,Northside_Fulfillment,12.9,17.2,0,25.7,14.3,normal
2025-04-04T15:00:00,Northside_Fulfillment,12.7,21.6,0,23.3,15.8,normal
2025-04-04T16:00:00,Northside_Fulfillment,13.4,21.5,0,22.7,15.5,normal
2025-04-04T17:00:00,Northside_Fulfillment,18.4,26.7,0,20.8,16.7,normal
2025-04-04T18:00:00,Northside_Fulfillment,14.3,16.7,0,20.4,15.9,normal
2025-04-04T19:00:00,Northside_Fulfillment,12.7,19.9,0,17.2,15.9,normal
2025-04-04T20:00:00,Northside_Fulfillment,13.6,20.7,0,15.1,15.6,normal
2025-04-04T21:00:00,Northside_Fulfillment,13.0,19.4,0,16.2,17.1,normal
2025-04-04T22:00:00,Northside_Fulfillment,9.0,13.1,0,14.3,16.0,normal
2025-04-04T23:00:00,Northside_Fulfillment,12.8,18.5,0,12.4,16.3,normal
2025-04-04T00:00:00,Central_Fulfillment,11.5,19.0,0,12.3,15.6,normal
2025-04-04T01:00:00,Central_Fulfillment,9.5,15.5,0,10.9,14.3,normal
2025-04-04T02:00:00,Central_Fulfillment,6.4,14.8,0,11.3,17.9,normal
2025-04-04T03:00:00,Central_Fulfillment,10.0,15.4,0,12.2,16.5,normal
2025-04-04T04:00:00,Central_Fulfillment,7.4,13.8,0,13.5,14.4,normal
2025-04-04T05:00:00,Central_Fulfillment,6.3,10.4,0,15.4,15.7,normal
2025-04-04T06:00:00,Central_Fulfillment,6.7,14.5,0,16.1,16.1,normal
2025-04-04T07:00:00,Central_Fulfillment,7.3,12.6,0,17.8,16.2,normal
2025-04-04T08:00:00,Central_Fulfillment,8.0,13.0,0,19.4,16.3,normal
2025-04-04T09:00:00,Central_Fulfillment,8.2,15.2,0,22.1,15.8,normal
2025-04-04T10:00:00,Central_Fulfillment,6.4,9.0,0,22.8,16.3,normal
2025-04-04T11:00:00,Central_Fulfillment,9.0,16.4,0,24.9,14.9,normal
2025-04-04T12:00:00,Central_Fulfillment,11.4,13.8,0,24.9,15.4,normal
2025-04-04T13:00:00,Central_Fulfillment,15.4,22.2,0,24.0,15.9,normal
2025-04-04T14:00:00,Central_Fulfillment,13.6,21.4,0,24.8,14.4,normal
2025-04-04T15:00:00,Central_Fulfillment,12.7,16.8,0,24.0,17.0,normal
2025-04-04T16:00:00,Central_Fulfillment,14.8,19.3,0,24.9,15.0,normal
2025-04-04T17:00:00,Central_Fulfillment,10.9,13.4,0,23.0,16.3,normal
2025-04-04T18:00:00,Central_Fulfillment,12.1,20.0,0,20.8,16.9,normal
2025-04-04T19:00:00,Central_Fulfillment,14.8,21.2,0,18.6,18,normal
2025-04-04T20:00:00,Central_Fulfillment,13.0,17.1,0,16.4,15.2,normal
2025-04-04T21:00:00,Central_Fulfillment,11.6,20.5,0,13.9,16.9,normal
2025-04-04T22:00:00,Central_Fulfillment,12.9,17.2,0,13.2,16.6,normal
2025-04-04T23:00:00,Central_Fulfillment,13.5,20.8,0,11.1,16.3,normal
2025-04-04T00:00:00,Eastside_Fulfillment,8.7,17.1,0,9.2,16.8,normal
2025-04-04T01:00:00,Eastside_Fulfillment,9.0,13.8,0,10.3,15.6,normal
2025-04-04T02:00:00,Eastside_Fulfillment,10.6,14.2,0,10.3,15.9,normal
2025-04-04T03:00:00,Eastside_Fulfillment,9.8,14.9,0,11.8,14.6,normal
2025-04-04T04:00:00,Eastside_Fulfillment,3.8,7.6,0,12.6,15.8,normal
2025-04-04T05:00:00,Eastside_Fulfillment,4.7,7.3,0,14.6,16.5,normal
2025-04-04T06:00:00,Eastside_Fulfillment,7.5,11.7,0,15.9,15.6,normal
2025-04-04T07:00:00,Eastside_Fulfillment,7.2,9.8,0,18.1,15.4,normal
2025-04-04T08:00:00,Eastside_Fulfillment,8.7,14.0,0,19.4,16.6,normal
2025-04-04T09:00:00,Eastside_Fulfillment,5.1,9.5,0,22.1,15.8,normal
2025-04-04T10:00:00,Eastside_Fulfillment,9.0,17.6,0,21.4,15.8,normal
2025-04-04T11:00:00,Eastside_Fulfillment,6.9,11.8,0,24.1,15.1,normal
2025-04-04T12:00:00,Eastside_Fulfillment,11.8,16.0,0,22.7,15.7,normal
2025-04-04T13:00:00,Eastside_Fulfillment,15.4,21.9,0,26.0,16.2,normal
2025-04-04T14:00:00,Eastside_Fulfillment,10.5,12.8,0,25.5,16.5,normal
2025-04-04T15:00:00,Eastside_Fulfillment,10.3,15.2,0,23.3,15.4,normal
2025-04-04T16:00:00,Eastside_Fulfillment,16.5,21.0,0,25.2,17.0,normal
2025-04-04T17:00:00,Eastside_Fulfillment,16.0,19.0,0,19.7,16.7,normal
2025-04-04T18:00:00,Eastside_Fulfillment,16.4,23.8,0,19.6,16.2,normal
2025-04-04T19:00:00,Eastside_Fulfillment,16.6,24.1,0,18.2,16.3,normal
2025-04-04T20:00:00,Eastside_Fulfillment,13.2,18.6,0,15.3,16.1,normal
2025-04-04T21:00:00,Eastside_Fulfillment,12.3,21.3,0,13.9,16.5,normal
2025-04-04T22:00:00,Eastside_Fulfillment,10.6,19.3,0,13.0,16.3,normal
2025-04-04T23:00:00,Eastside_Fulfillment,10.1,14.6,0,12.8,15.0,normal
2025-04-05T00:00:00,Northside_Fulfillment,9.4,13.0,0,11.4,16.5,normal
2025-04-05T01:00:00,Northside_Fulfillment,7.3,15.9,0,9.6,14.7,normal
2025-04-05T02:00:00,Northside_Fulfillment,10.2,15.3,0,10.9,17.9,normal
2025-04-05T03:00:00,Northside_Fulfillment,2.4,5.8,0,13.6,16.3,normal
2025-04-05T04:00:00,Northside_Fulfillment,6.4,10.1,0,13.3,16.3,normal
2025-04-05T05:00:00,Northside_Fulfillment,7.6,16.4,0,16.7,15.4,normal
2025-04-05T06:00:00,Northside_Fulfillment,9.9,12.1,0,16.3,17.1,normal
2025-04-05T07:00:00,Northside_Fulfillment,8.3,16.0,0,18.7,16.6,normal
2025-04-05T08:00:00,Northside_Fulfillment,5.5,9.3,0,19.7,17.0,normal
2025-04-05T09:00:00,Northside_Fulfillment,11.2,18.6,0,22.2,16.7,normal
2025-04-05T10:00:00,Northside_Fulfillment,11.5,20.1,0,22.3,16.5,normal
2025-04-05T11:00:00,Northside_Fulfillment,10.1,17.6,0,24.3,16.3,normal
2025-04-05T12:00:00,Northside_Fulfillment,13.4,20.4,0,24.9,17.6,normal
2025-04-05T13:00:00,Northside_Fulfillment,15.8,20.4,0,24.8,15.6,normal
2025-04-05T14:00:00,Northside_Fulfillment,14.8,18.8,0,24.0,16.2,normal
2025-04-05T15:00:00,Northside_Fulfillment,13.3,19.7,0,23.7,13.7,normal
2025-04-05T16:00:00,Northside_Fulfillment,14.1,20.3,0,23.7,15.1,normal
2025-04-05T17:00:00,Northside_Fulfillment,15.4,19.1,0,22.0,15.9,normal
2025-04-05T18:00:00,Northside_Fulfillment,12.3,16.3,0,20.1,14.8,normal
2025-04-05T19:00:00,Northside_Fulfillment,16.6,19.2,0,17.6,16.6,normal
2025-04-05T20:00:00,Northside_Fulfillment,17.7,22.5,0,15.4,15.2,normal
2025-04-05T21:00:00,Northside_Fulfillment,14.6,21.9,0,14.8,17.9,normal
2025-04-05T22:00:00,Northside_Fulfillment,8.1,12.2,0,13.1,16.2,normal
2025-04-05T23:00:00,Northside_Fulfillment,10.7,13.5,0,11.0,15.4,normal
2025-04-05T00:00:00,Central_Fulfillment,11.1,18.1,0,11.7,16.0,normal
2025-04-05T01:00:00,Central_Fulfillment,10.9,19.1,0,8.6,18,normal
2025-04-05T02:00:00,Central_Fulfillment,6.9,11.1,0,11.3,16.4,normal
2025-04-05T03:00:00,Central_Fulfillment,7.1,9.9,0,11.6,18,normal
2025-04-05T04:00:00,Central_Fulfillment,7.8,13.7,0,13.4,16.0,normal
2025-04-05T05:00:00,Central_Fulfillment,6.8,13.0,0,14.3,16.6,normal
2025-04-05T06:00:00,Central_Fulfillment,5.8,8.4,0,15.6,15.5,normal
2025-04-05T07:00:00,Central_Fulfillment,7.6,10.4,0,18.3,15.8,normal
2025-04-05T08:00:00,Central_Fulfillment,6.8,10.8,0,20.3,15.7,normal
2025-04-05T09:00:00,Central_Fulfillment,10.4,18.1,0,21.1,15.6,normal
2025-04-05T10:00:00,Central_Fulfillment,11.6,19.8,0,23.3,17.9,normal
2025-04-05T11:00:00,Central_Fulfillment,12.1,16.9,0,25.3,16.6,normal
2025-04-05T12:00:00,Central_Fulfillment,11.4,18.5,0,25.0,15.6,normal
2025-04-05T13:00:00,Central_Fulfillment,11.6,16.2,0,24.4,17.9,normal
2025-04-05T14:00:00,Central_Fulfillment,11.4,20.3,0,26.2,15.9,normal
2025-04-05T15:00:00,Central_Fulfillment,14.2,20.9,0,24.7,15.9,normal
2025-04-05T16:00:00,Central_Fulfillment,14.9,21.0,0,21.9,17.3,normal
2025-04-05T17:00:00,Central_Fulfillment,11.1,17.9,0,20.2,17.1,normal
2025-04-05T18:00:00,Central_Fulfillment,13.3,18.5,0,20.2,15.2,normal
2025-04-05T19:00:00,Central_Fulfillment,16.4,19.9,0,16.7,14.4,normal
2025-04-05T20:00:00,Central_Fulfillment,14.4,22.0,0,15.8,16.1,normal
2025-04-05T21:00:00,Central_Fulfillment,15.0,19.8,0,14.8,15.3,normal
2025-04-05T22:00:00,Central_Fulfillment,9.2,14.2,0,12.7,16.0,normal
2025-04-05T23:00:00,Central_Fulfillment,13.8,19.3,0,11.1,14.1,normal
2025-04-05T00:00:00,Eastside_Fulfillment,8.9,17.0,0,12.1,16.0,normal
2025-04-05T01:00:00,Eastside_Fulfillment,8.8,13.0,0,11.1,14.4,normal
2025-04-05T02:00:00,Eastside_Fulfillment,7.8,16.2,0,12.2,15.8,normal
2025-04-05T03:00:00,Eastside_Fulfillment,4.3,8.5,0,11.1,15.7,normal
2025-04-05T04:00:00,Eastside_Fulfillment,6.8,14.7,0,13.1,16.0,normal
2025-04-05T05:00:00,Eastside_Fulfillment,8.1,12.1,0,14.6,16.7,normal
2025-04-05T06:00:00,Eastside_Fulfillment,9.9,13.8,0,17.2,15.9,normal
2025-04-05T07:00:00,Eastside_Fulfillment,7.7,15.0,0,17.1,17.0,normal
2025-04-05T08:00:00,Eastside_Fulfillment,11.0,17.3,0,21.2,15.6,normal
2025-04-05T09:00:00,Eastside_Fulfillment,7.1,11.1,0,21.9,16.0,normal
2025-04-05T10:00:00,Eastside_Fulfillment,8.9,17.6,0,22.7,14.9,normal
2025-04-05T11:00:00,Eastside_Fulfillment,10.0,18.8,0,23.9,15.6,normal
2025-04-05T12:00:00,Eastside_Fulfillment,14.5,20.0,0,25.8,14.1,normal
2025-04-05T13:00:00,Eastside_Fulfillment,14.9,20.2,0,25.2,16.3,normal
2025-04-05T14:00:00,Eastside_Fulfillment,14.9,22.5,0,24.5,14.6,normal
2025-04-05T15:00:00,Eastside_Fulfillment,16.2,22.8,0,23.6,14.8,normal
2025-04-05T16:00:00,Eastside_Fulfillment,9.0,16.2,0,24.5,17.1,normal
2025-04-05T17:00:00,Eastside_Fulfillment,17.1,24.1,0,20.5,15.3,normal
2025-04-05T18:00:00,Eastside_Fulfillment,13.5,18.5,0,19.4,16.9,normal
2025-04-05T19:00:00,Eastside_Fulfillment,13.8,17.3,0,17.4,16.2,normal
2025-04-05T20:00:00,Eastside_Fulfillment,16.8,22.0,0,16.3,15.6,normal
2025-04-05T21:00:00,Eastside_Fulfillment,15.0,20.0,0,13.7,14.8,normal
2025-04-05T22:00:00,Eastside_Fulfillment,11.1,19.2,0,12.7,18,normal
2025-04-05T23:00:00,Eastside_Fulfillment,9.8,12.7,0,11.6,16.4,normal
2025-04-06T00:00:00,Northside_Fulfillment,7.2,13.7,0,11.6,17.2,normal
2025-04-06T01:00:00,Northside_Fulfillment,10.5,18.4,0,11.6,13.8,normal
2025-04-06T02:00:00,Northside_Fulfillment,9.6,17.4,0,10.7,15.2,normal
2025-04-06T03:00:00,Northside_Fulfillment,8.6,14.1,0,10.9,14.7,normal
2025-04-06T04:00:00,Northside_Fulfillment,6.3,9.6,0,13.9,17.4,normal
2025-04-06T05:00:00,Northside_Fulfillment,6.5,10.6,0,14.1,15.6,normal
2025-04-06T06:00:00,Northside_Fulfillment,4.3,6.5,0,16.1,15.5,normal
2025-04-06T07:00:00,Northside_Fulfillment,4.6,9.0,0,18.5,15.9,normal
2025-04-06T08:00:00,Northside_Fulfillment,13.2,20.4,0,20.7,17.4,normal
2025-04-06T09:00:00,Northside_Fulfillment,8.3,10.5,0,21.2,15.8,normal
2025-04-06T10:00:00,Northside_Fulfillment,6.5,15.1,0,23.7,18,normal
2025-04-06T11:00:00,Northside_Fulfillment,13.2,18.4,0,24.7,15.6,normal
2025-04-06T12:00:00,Northside_Fulfillment,11.2,17.8,0,24.6,16.8,normal
2025-04-06T13:00:00,Northside_Fulfillment,9.1,12.1,0,24.4,16.3,normal
2025-04-06T14:00:00,Northside_Fulfillment,16.1,20.8,0,24.0,15.4,normal
2025-04-06T15:00:00,Northside_Fulfillment,16.5,24.6,0,23.9,16.9,normal
2025-04-06T16:00:00,Northside_Fulfillment,15.7,21.7,0,22.9,16.6,normal
2025-04-06T17:00:00,Northside_Fulfillment,13.3,22.1,0,21.5,16.1,normal
2025-04-06T18:00:00,Northside_Fulfillment,10.9,13.0,0,20.2,17.9,normal
2025-04-06T19:00:00,Northside_Fulfillment,13.7,19.8,0,17.6,15.1,normal
2025-04-06T20:00:00,Northside_Fulfillment,12.8,17.5,0,15.4,14.3,normal
2025-04-06T21:00:00,Northside_Fulfillment,9.6,17.2,0,13.5,17.0,normal
2025-04-06T22:00:00,Northside_Fulfillment,11.7,15.7,0,12.9,15.6,normal
2025-04-06T23:00:00,Northside_Fulfillment,8.9,11.1,0,12.0,16.9,normal
2025-04-06T00:00:00,Central_Fulfillment,6.5,13.2,0,11.4,15.2,normal
2025-04-06T01:00:00,Central_Fulfillment,11.4,15.3,0,10.9,16.2,normal
2025-04-06T02:00:00,Central_Fulfillment,7.5,10.4,0,11.5,15.6,normal
2025-04-06T03:00:00,Central_Fulfillment,10.5,17.2,0,12.4,17.2,normal
2025-04-06T04:00:00,Central_Fulfillment,4.3,11.3,0,11.8,17.3,normal
2025-04-06T05:00:00,Central_Fulfillment,6.7,13.1,0,14.4,15.1,normal
2025-04-06T06:00:00,Central_Fulfillment,8.9,15.2,0,16.7,15.0,normal
2025-04-06T07:00:00,Central_Fulfillment,10.6,12.9,0,18.3,16.2,normal
2025-04-06T08:00:00,Central_Fulfillment,10.2,17.7,0,19.6,15.8,normal
2025-04-06T09:00:00,Central_Fulfillment,9.8,17.8,0,20.0,15.2,normal
2025-04-06T10:00:00,Central_Fulfillment,9.2,15.7,0,23.1,16.2,normal
2025-04-06T11:00:00,Central_Fulfillment,8.3,10.8,0,24.9,15.8,normal
2025-04-06T12:00:00,Central_Fulfillment,9.9,13.6,0,24.3,17.1,normal
2025-04-06T13:00:00,Central_Fulfillment,16.1,21.9,0,24.6,15.7,normal
2025-04-06T14:00:00,Central_Fulfillment,15.3,21.7,0,24.5,15.1,normal
2025-04-06T15:00:00,Central_Fulfillment,12.1,18.9,0,23.4,15.3,normal
2025-04-06T16:00:00,Central_Fulfillment,16.2,21.3,0,22.6,15.8,normal
2025-04-06T17:00:00,Central_Fulfillment,15.4,20.5,0,20.1,15.7,normal
2025-04-06T18:00:00,Central_Fulfillment,12.4,19.9,0,20.2,16.9,normal
2025-04-06T19:00:00,Central_Fulfillment,14.5,16.7,0,18.4,13.9,normal
2025-04-06T20:00:00,Central_Fulfillment,12.0,16.4,0,15.5,17.4,normal
2025-04-06T21:00:00,Central_Fulfillment,13.4,16.0,0,15.4,15.8,normal
2025-04-06T22:00:00,Central_Fulfillment,9.1,12.4,0,13.1,14.1,normal
2025-04-06T23:00:00,Central_Fulfillment,10.7,14.9,0,13.1,14.4,normal
2025-04-06T00:00:00,Eastside_Fulfillment,6.3,12.5,0,12.4,15.0,normal
2025-04-06T01:00:00,Eastside_Fulfillment,6.7,14.9,0,9.6,16.2,normal
2025-04-06T02:00:00,Eastside_Fulfillment,9.1,15.7,0,10.1,18,normal
2025-04-06T03:00:00,Eastside_Fulfillment,5.8,12.5,0,11.7,18,normal
2025-04-06T04:00:00,Eastside_Fulfillment,11.6,14.7,0,12.3,17.8,normal
2025-04-06T05:00:00,Eastside_Fulfillment,9.7,16.0,0,14.1,17.4,normal
2025-04-06T06:00:00,Eastside_Fulfillment,6.1,9.3,0,16.8,14.1,normal
2025-04-06T07:00:00,Eastside_Fulfillment,10.7,17.6,0,17.7,17.0,normal
2025-04-06T08:00:00,Eastside_Fulfillment,5.4,11.7,0,19.2,16.3,normal
2025-04-06T09:00:00,Eastside_Fulfillment,8.1,11.0,0,21.5,16.5,normal
2025-04-06T10:00:00,Eastside_Fulfillment,8.6,11.1,0,22.6,17.5,normal
2025-04-06T11:00:00,Eastside_Fulfillment,11.2,16.3,0,23.9,15.0,normal
2025-04-06T12:00:00,Eastside_Fulfillment,11.8,16.6,0,24.4,15.1,normal
2025-04-06T13:00:00,Eastside_Fulfillment,14.3,21.2,0,25.4,15.3,normal
2025-04-06T14:00:00,Eastside_Fulfillment,14.1,20.1,0,25.6,16.5,normal
2025-04-06T15:00:00,Eastside_Fulfillment,14.7,23.1,0,24.9,15.9,normal
2025-04-06T16:00:00,Eastside_Fulfillment,14.7,22.0,0,22.7,16.1,normal
2025-04-06T17:00:00,Eastside_Fulfillment,17.0,24.4,0,21.9,16.9,normal
2025-04-06T18:00:00,Eastside_Fulfillment,16.6,22.5,0,20.1,15.5,normal
2025-04-06T19:00:00,Eastside_Fulfillment,16.6,20.5,0,15.8,18,normal
2025-04-06T20:00:00,Eastside_Fulfillment,12.1,18.7,0,14.7,16.3,normal
2025-04-06T21:00:00,Eastside_Fulfillment,10.4,13.2,0,14.5,15.6,normal
2025-04-06T22:00:00,Eastside_Fulfillment,14.0,19.5,0,12.6,17.6,normal
2025-04-06T23:00:00,Eastside_Fulfillment,10.9,15.8,0,12.0,17.7,normal
2025-04-07T00:00:00,Northside_Fulfillment,12.5,20.0,0,10.3,17.3,normal
2025-04-07T01:00:00,Northside_Fulfillment,9.9,13.8,0,11.2,16.3,normal
2025-04-07T02:00:00,Northside_Fulfillment,8.5,10.8,0,12.3,16.4,normal
2025-04-07T03:00:00,Northside_Fulfillment,7.4,14.1,0,12.4,15.8,normal
2025-04-07T04:00:00,Northside_Fulfillment,7.0,13.8,0,12.2,16.5,normal
2025-04-07T05:00:00,Northside_Fulfillment,3.0,11.3,0,14.3,13.8,normal
2025-04-07T06:00:00,Northside_Fulfillment,5.3,8.4,0,15.7,16.2,normal
2025-04-07T07:00:00,Northside_Fulfillment,8.3,14.8,0,17.9,16.2,normal
2025-04-07T08:00:00,Northside_Fulfillment,11.2,17.8,0,18.6,16.5,normal
2025-04-07T09:00:00,Northside_Fulfillment,8.3,13.8,0,21.5,16.1,normal
2025-04-07T10:00:00,Northside_Fulfillment,9.4,13.1,0,21.5,16.1,normal
2025-04-07T11:00:00,Northside_Fulfillment,12.4,14.6,0,23.9,14.6,normal
2025-04-07T12:00:00,Northside_Fulfillment,9.7,17.2,0,23.4,16.8,normal
2025-04-07T13:00:00,Northside_Fulfillment,13.0,21.4,0,25.2,15.7,normal
2025-04-07T14:00:00,Northside_Fulfillment,10.2,17.4,0,24.8,18,normal
2025-04-07T15:00:00,Northside_Fulfillment,9.4,18.3,0,24.9,16.8,normal
2025-04-07T16:00:00,Northside_Fulfillment,11.4,15.9,0,23.2,15.7,normal
2025-04-07T17:00:00,Northside_Fulfillment,12.8,17.7,0,20.2,15.4,normal
2025-04-07T18:00:00,Northside_Fulfillment,14.6,22.9,0,21.5,17.1,normal
2025-04-07T19:00:00,Northside_Fulfillment,15.5,20.1,0,18.3,16.4,normal
2025-04-07T20:00:00,Northside_Fulfillment,19.1,21.3,0,16.7,17.5,normal
2025-04-07T21:00:00,Northside_Fulfillment,9.5,16.7,0,15.0,15.3,normal
2025-04-07T22:00:00,Northside_Fulfillment,13.6,19.2,0,11.6,16.7,normal
2025-04-07T23:00:00,Northside_Fulfillment,9.1,15.7,0,13.8,16.5,normal
2025-04-07T00:00:00,Central_Fulfillment,7.8,14.3,0,12.8,14.3,normal
2025-04-07T01:00:00,Central_Fulfillment,9.2,17.3,0,10.9,15.3,normal
2025-04-07T02:00:00,Central_Fulfillment,9.3,17.6,0,11.1,16.4,normal
2025-04-07T03:00:00,Central_Fulfillment,8.2,11.1,0,13.1,16.2,normal
2025-04-07T04:00:00,Central_Fulfillment,6.9,14.5,0,12.5,15.3,normal
2025-04-07T05:00:00,Central_Fulfillment,11.8,19.8,0,12.8,14.7,normal
2025-04-07T06:00:00,Central_Fulfillment,5.6,11.0,0,14.4,16.3,normal
2025-04-07T07:00:00,Central_Fulfillment,3.4,6.5,0,18.0,16.9,normal
2025-04-07T08:00:00,Central_Fulfillment,8.9,16.7,0,19.3,18.0,normal
2025-04-07T09:00:00,Central_Fulfillment,8.7,17.7,0,20.6,14.6,normal
2025-04-07T10:00:00,Central_Fulfillment,6.4,13.8,0,22.7,15.7,normal
2025-04-07T11:00:00,Central_Fulfillment,12.2,16.3,0,25.0,15.6,normal
2025-04-07T12:00:00,Central_Fulfillment,11.6,14.6,0,24.4,17.0,normal
2025-04-07T13:00:00,Central_Fulfillment,15.0,19.7,0,24.5,16.4,normal
2025-04-07T14:00:00,Central_Fulfillment,11.6,13.7,0,24.6,15.4,normal
2025-04-07T15:00:00,Central_Fulfillment,17.4,24.3,0,23.4,14.8,normal
2025-04-07T16:00:00,Central_Fulfillment,12.1,18.5,0,23.3,15.5,normal
2025-04-07T17:00:00,Central_Fulfillment,16.4,23.4,0,22.2,15.0,normal
2025-04-07T18:00:00,Central_Fulfillment,11.1,16.4,0,19.8,16.2,normal
2025-04-07T19:00:00,Central_Fulfillment,12.2,21.1,0,18.8,15.4,normal
2025-04-07T20:00:00,Central_Fulfillment,16.0,21.6,0,15.8,16.2,normal
2025-04-07T21:00:00,Central_Fulfillment,11.3,14.0,0,12.8,15.9,normal
2025-04-07T22:00:00,Central_Fulfillment,9.2,12.3,0,13.6,16.1,normal
2025-04-07T23:00:00,Central_Fulfillment,5.9,14.6,0,11.4,15.3,normal
2025-04-07T00:00:00,Eastside_Fulfillment,11.9,15.9,0,11.2,16.4,normal
2025-04-07T01:00:00,Eastside_Fulfillment,8.0,11.5,0,10.0,16.2,normal
2025-04-07T02:00:00,Eastside_Fulfillment,10.1,17.6,0,10.7,16.1,normal
2025-04-07T03:00:00,Eastside_Fulfillment,9.6,13.6,0,10.9,14.8,normal
2025-04-07T04:00:00,Eastside_Fulfillment,9.9,15.5,0,13.5,16.1,normal
2025-04-07T05:00:00,Eastside_Fulfillment,6.8,15.3,0,14.2,16.1,normal
2025-04-07T06:00:00,Eastside_Fulfillment,8.6,14.7,0,16.0,16.9,normal
2025-04-07T07:00:00,Eastside_Fulfillment,8.9,13.4,0,17.1,15.9,normal
2025-04-07T08:00:00,Eastside_Fulfillment,11.1,13.6,0,20.3,14.4,normal
2025-04-07T09:00:00,Eastside_Fulfillment,5.6,11.4,0,21.6,15.5,normal
2025-04-07T10:00:00,Eastside_Fulfillment,8.9,15.9,0,22.8,17.2,normal
2025-04-07T11:00:00,Eastside_Fulfillment,13.6,18.7,0,23.1,14.1,normal
2025-04-07T12:00:00,Eastside_Fulfillment,12.4,16.5,0,24.7,16.4,normal
2025-04-07T13:00:00,Eastside_Fulfillment,14.7,17.3,0,24.2,15.5,normal
2025-04-07T14:00:00,Eastside_Fulfillment,12.1,16.1,0,22.5,16.5,normal
2025-04-07T15:00:00,Eastside_Fulfillment,12.2,16.3,0,24.2,16.5,normal
2025-04-07T16:00:00,Eastside_Fulfillment,13.8,17.8,0,23.5,16.2,normal
2025-04-07T17:00:00,Eastside_Fulfillment,18.6,26.5,0,23.0,16.8,normal
2025-04-07T18:00:00,Eastside_Fulfillment,17.0,20.9,0,19.9,14.5,normal
2025-04-07T19:00:00,Eastside_Fulfillment,17.5,20.7,0,17.4,13.5,normal
2025-04-07T20:00:00,Eastside_Fulfillment,14.8,18.4,0,16.4,14.7,normal
2025-04-07T21:00:00,Eastside_Fulfillment,15.5,22.9,0,13.7,16.2,normal
2025-04-07T22:00:00,Eastside_Fulfillment,13.9,16.5,0,14.0,16.3,normal
2025-04-07T23:00:00,Eastside_Fulfillment,12.2,15.4,0,11.8,17.0,normal
2025-04-08T00:00:00,Northside_Fulfillment,13.1,16.8,0,11.3,14.8,normal
2025-04-08T01:00:00,Northside_Fulfillment,6.5,13.2,0,12.1,16.6,normal
2025-04-08T02:00:00,Northside_Fulfillment,9.1,18.1,0,11.0,14.4,normal
2025-04-08T03:00:00,Northside_Fulfillment,6.0,10.8,0,11.1,15.0,normal
2025-04-08T04:00:00,Northside_Fulfillment,5.5,8.5,0,11.9,15.1,normal
2025-04-08T05:00:00,Northside_Fulfillment,9.9,15.8,0,15.4,15.0,normal
2025-04-08T06:00:00,Northside_Fulfillment,5.6,11.1,0,17.3,16.0,normal
2025-04-08T07:00:00,Northside_Fulfillment,7.8,12.7,0,17.8,17.0,normal
2025-04-08T08:00:00,Northside_Fulfillment,6.6,9.7,0,18.7,15.5,normal
2025-04-08T09:00:00,Northside_Fulfillment,8.2,12.6,0,20.9,15.6,normal
2025-04-08T10:00:00,Northside_Fulfillment,9.1,17.1,0,22.6,18,normal
2025-04-08T11:00:00,Northside_Fulfillment,11.3,13.8,0,25.0,15.5,normal
2025-04-08T12:00:00,Northside_Fulfillment,13.0,16.5,0,24.3,18,normal
2025-04-08T13:00:00,Northside_Fulfillment,9.4,15.0,0,25.4,15.9,normal
2025-04-08T14:00:00,Northside_Fulfillment,11.1,20.1,0,25.8,13.7,normal
2025-04-08T15:00:00,Northside_Fulfillment,15.2,24.2,0,24.9,15.0,normal
2025-04-08T16:00:00,Northside_Fulfillment,22.0,28.4,0,22.5,15.2,normal
2025-04-08T17:00:00,Northside_Fulfillment,14.9,19.8,0,21.8,17.0,normal
2025-04-08T18:00:00,Northside_Fulfillment,15.2,22.8,0,19.9,15.9,normal
2025-04-08T19:00:00,Northside_Fulfillment,12.5,16.9,0,18.8,17.0,normal
2025-04-08T20:00:00,Northside_Fulfillment,13.7,20.5,0,14.6,16.6,normal
2025-04-08T21:00:00,Northside_Fulfillment,13.7,19.9,0,13.9,16.1,normal
2025-04-08T22:00:00,Northside_Fulfillment,10.4,17.2,0,13.6,14.2,normal
2025-04-08T23:00:00,Northside_Fulfillment,10.6,18.5,0,12.4,17.7,normal
2025-04-08T00:00:00,Central_Fulfillment,10.2,13.1,0,11.0,15.3,normal
2025-04-08T01:00:00,Central_Fulfillment,10.3,18.7,0,12.3,16.0,normal
2025-04-08T02:00:00,Central_Fulfillment,6.6,12.4,0,11.9,16.4,normal
2025-04-08T03:00:00,Central_Fulfillment,4.7,10.1,0,12.3,16.8,normal
2025-04-08T04:00:00,Central_Fulfillment,4.9,9.6,0,13.1,16.5,normal
2025-04-08T05:00:00,Central_Fulfillment,4.9,11.5,0,15.4,14.1,normal
2025-04-08T06:00:00,Central_Fulfillment,4.2,9.5,0,15.6,15.7,normal
2025-04-08T07:00:00,Central_Fulfillment,6.5,9.7,0,17.5,15.5,normal
2025-04-08T08:00:00,Central_Fulfillment,8.2,11.1,0,19.0,16.7,normal
2025-04-08T09:00:00,Central_Fulfillment,10.7,13.4,0,22.0,14.2,normal
2025-04-08T10:00:00,Central_Fulfillment,7.3,9.7,0,23.5,14.2,normal
2025-04-08T11:00:00,Central_Fulfillment,15.4,21.9,0,24.9,16.1,normal
2025-04-08T12:00:00,Central_Fulfillment,9.3,13.8,0,26.2,17.4,normal
2025-04-08T13:00:00,Central_Fulfillment,13.3,20.0,0,24.4,17.7,normal
2025-04-08T14:00:00,Central_Fulfillment,15.7,20.0,0,24.0,16.6,normal
2025-04-08T15:00:00,Central_Fulfillment,13.9,18.2,0,23.7,16.9,normal
2025-04-08T16:00:00,Central_Fulfillment,14.0,20.2,0,22.3,15.8,normal
2025-04-08T17:00:00,Central_Fulfillment,14.3,16.8,0,21.1,16.2,normal
2025-04-08T18:00:00,Central_Fulfillment,19.4,25.9,0,19.1,17.0,normal
2025-04-08T19:00:00,Central_Fulfillment,15.7,21.9,0,18.5,15.8,normal
2025-04-08T20:00:00,Central_Fulfillment,11.1,15.1,0,16.0,16.8,normal
2025-04-08T21:00:00,Central_Fulfillment,12.5,20.7,0,15.1,16.1,normal
2025-04-08T22:00:00,Central_Fulfillment,15.0,23.8,0,12.6,14.6,normal
2025-04-08T23:00:00,Central_Fulfillment,12.8,19.6,0,10.2,14.3,normal
2025-04-08T00:00:00,Eastside_Fulfillment,10.4,19.0,0,10.5,16.2,normal
2025-04-08T01:00:00,Eastside_Fulfillment,9.9,16.7,0,10.9,16.7,normal
2025-04-08T02:00:00,Eastside_Fulfillment,5.7,14.7,0,10.6,17.0,normal
2025-04-08T03:00:00,Eastside_Fulfillment,8.6,12.0,0,11.3,16.9,normal
2025-04-08T04:00:00,Eastside_Fulfillment,6.8,9.0,0,13.8,16.1,normal
2025-04-08T05:00:00,Eastside_Fulfillment,7.5,15.5,0,13.9,16.0,normal
2025-04-08T06:00:00,Eastside_Fulfillment,5.8,13.4,0,16.5,15.6,normal
2025-04-08T07:00:00,Eastside_Fulfillment,7.1,9.3,0,17.4,16.4,normal
2025-04-08T08:00:00,Eastside_Fulfillment,9.2,13.2,0,21.7,16.3,normal
2025-04-08T09:00:00,Eastside_Fulfillment,9.3,14.1,0,21.4,14.9,normal
2025-04-08T10:00:00,Eastside_Fulfillment,7.1,11.9,0,21.8,17.1,normal
2025-04-08T11:00:00,Eastside_Fulfillment,6.6,12.3,0,24.5,15.8,normal
2025-04-08T12:00:00,Eastside_Fulfillment,10.7,15.3,0,24.4,16.0,normal
2025-04-08T13:00:00,Eastside_Fulfillment,15.6,18.4,0,25.0,14.9,normal
2025-04-08T14:00:00,Eastside_Fulfillment,14.1,19.5,0,24.8,15.1,normal
2025-04-08T15:00:00,Eastside_Fulfillment,12.2,15.0,0,23.8,17.9,normal
2025-04-08T16:00:00,Eastside_Fulfillment,16.0,21.6,0,23.0,14.7,normal
2025-04-08T17:00:00,Eastside_Fulfillment,11.4,14.3,0,22.9,17.3,normal
2025-04-08T18:00:00,Eastside_Fulfillment,15.5,22.3,0,20.2,15.9,normal
2025-04-08T19:00:00,Eastside_Fulfillment,13.6,17.9,0,17.0,16.0,normal
2025-04-08T20:00:00,Eastside_Fulfillment,13.0,20.1,0,16.4,15.6,normal
2025-04-08T21:00:00,Eastside_Fulfillment,11.5,15.4,0,14.1,16.6,normal
2025-04-08T22:00:00,Eastside_Fulfillment,11.2,16.3,0,12.9,15.3,normal
2025-04-08T23:00:00,Eastside_Fulfillment,13.3,20.5,0,12.0,15.2,normal
2025-04-09T00:00:00,Northside_Fulfillment,9.1,16.3,0,11.6,16.6,normal
2025-04-09T01:00:00,Northside_Fulfillment,10.1,18.1,0,11.3,16.9,normal
2025-04-09T02:00:00,Northside_Fulfillment,3.5,5.7,0,10.5,15.3,normal
2025-04-09T03:00:00,Northside_Fulfillment,3.6,12.1,0,11.5,16.6,normal
2025-04-09T04:00:00,Northside_Fulfillment,7.7,12.2,0,12.4,16.7,normal
2025-04-09T05:00:00,Northside_Fulfillment,7.1,9.9,0,13.8,17.5,normal
2025-04-09T06:00:00,Northside_Fulfillment,5.9,9.6,0,16.9,15.4,normal
2025-04-09T07:00:00,Northside_Fulfillment,10.1,15.7,0,16.4,15.6,normal
2025-04-09T08:00:00,Northside_Fulfillment,12.3,15.4,0,20.9,16.8,normal
2025-04-09T09:00:00,Northside_Fulfillment,9.3,15.0,0,22.1,16.7,normal
2025-04-09T10:00:00,Northside_Fulfillment,8.8,15.6,0,23.4,16.3,normal
2025-04-09T11:00:00,Northside_Fulfillment,8.5,13.5,0,24.5,17.2,normal
2025-04-09T12:00:00,Northside_Fulfillment,12.8,20.8,0,25.3,16.7,normal
2025-04-09T13:00:00,Northside_Fulfillment,14.8,17.3,0,24.9,15.3,normal
2025-04-09T14:00:00,Northside_Fulfillment,15.1,22.9,0,25.9,14.5,normal
2025-04-09T15:00:00,Northside_Fulfillment,14.1,19.3,0,25.2,16.6,normal
2025-04-09T16:00:00,Northside_Fulfillment,15.2,17.5,0,23.5,15.5,normal
2025-04-09T17:00:00,Northside_Fulfillment,15.7,23.9,0,20.5,16.1,normal
2025-04-09T18:00:00,Northside_Fulfillment,15.3,21.2,0,20.0,15.8,normal
2025-04-09T19:00:00,Northside_Fulfillment,12.0,17.3,0,18.9,15.5,normal
2025-04-09T20:00:00,Northside_Fulfillment,11.2,15.4,0,16.1,16.7,normal
2025-04-09T21:00:00,Northside_Fulfillment,11.8,18.7,0,14.1,15.7,normal
2025-04-09T22:00:00,Northside_Fulfillment,11.5,19.7,0,13.1,15.0,normal
2025-04-09T23:00:00,Northside_Fulfillment,12.4,20.0,0,13.1,16.5,normal
2025-04-09T00:00:00,Central_Fulfillment,13.3,16.5,0,11.0,17.3,normal
2025-04-09T01:00:00,Central_Fulfillment,10.9,13.9,0,11.1,15.9,normal
2025-04-09T02:00:00,Central_Fulfillment,5.2,7.5,0,11.1,16.4,normal
2025-04-09T03:00:00,Central_Fulfillment,7.3,15.9,0,11.1,14.1,normal
2025-04-09T04:00:00,Central_Fulfillment,6.7,14.1,0,12.2,17.3,normal
2025-04-09T05:00:00,Central_Fulfillment,7.7,11.4,0,14.5,16.9,normal
2025-04-09T06:00:00,Central_Fulfillment,7.3,12.7,0,16.5,17.8,normal
2025-04-09T07:00:00,Central_Fulfillment,9.5,13.8,0,18.8,14.3,normal
2025-04-09T08:00:00,Central_Fulfillment,9.1,12.3,0,19.4,15.8,normal
2025-04-09T09:00:00,Central_Fulfillment,5.4,11.9,0,20.5,17.6,normal
2025-04-09T10:00:00,Central_Fulfillment,10.9,18.5,0,23.3,15.9,normal
2025-04-09T11:00:00,Central_Fulfillment,8.0,10.7,0,24.8,17.1,normal
2025-04-09T12:00:00,Central_Fulfillment,12.5,15.2,0,25.9,15.5,normal
2025-04-09T13:00:00,Central_Fulfillment,10.8,14.6,0,25.0,16.1,normal
2025-04-09T14:00:00,Central_Fulfillment,13.3,16.1,0,25.5,16.9,normal
2025-04-09T15:00:00,Central_Fulfillment,13.9,19.3,0,24.2,16.7,normal
2025-04-09T16:00:00,Central_Fulfillment,15.3,21.7,0,22.5,16.6,normal
2025-04-09T17:00:00,Central_Fulfillment,14.5,23.3,0,21.6,16.7,normal
2025-04-09T18:00:00,Central_Fulfillment,13.9,18.8,0,18.7,14.8,normal
2025-04-09T19:00:00,Central_Fulfillment,15.5,23.3,0,18.1,17.2,normal
2025-04-09T20:00:00,Central_Fulfillment,14.9,20.2,0,15.9,16.2,normal
2025-04-09T21:00:00,Central_Fulfillment,10.3,17.4,0,13.6,15.9,normal
2025-04-09T22:00:00,Central_Fulfillment,4.8,10.0,0,11.7,15.5,normal
2025-04-09T23:00:00,Central_Fulfillment,13.3,16.0,0,11.2,14.2,normal
2025-04-09T00:00:00,Eastside_Fulfillment,11.4,14.7,0,11.0,14.8,normal
2025-04-09T01:00:00,Eastside_Fulfillment,7.2,16.1,0,10.2,16.5,normal
2025-04-09T02:00:00,Eastside_Fulfillment,9.9,13.7,0,10.8,15.8,normal
2025-04-09T03:00:00,Eastside_Fulfillment,4.6,10.2,0,12.6,18,normal
2025-04-09T04:00:00,Eastside_Fulfillment,7.5,11.3,0,14.0,15.6,normal
2025-04-09T05:00:00,Eastside_Fulfillment,7.5,13.0,0,15.3,16.6,normal
2025-04-09T06:00:00,Eastside_Fulfillment,8.6,17.4,0,15.8,17.3,normal
2025-04-09T07:00:00,Eastside_Fulfillment,7.6,12.0,0,19.4,16.5,normal
2025-04-09T08:00:00,Eastside_Fulfillment,8.6,11.8,0,19.4,14.2,normal
2025-04-09T09:00:00,Eastside_Fulfillment,7.3,15.3,0,21.0,16.5,normal
2025-04-09T10:00:00,Eastside_Fulfillment,11.3,17.7,0,23.8,16.4,normal
2025-04-09T11:00:00,Eastside_Fulfillment,14.4,16.6,0,23.9,15.4,normal
2025-04-09T12:00:00,Eastside_Fulfillment,5.8,9.8,0,24.4,16.2,normal
2025-04-09T13:00:00,Eastside_Fulfillment,10.0,15.2,0,25.9,15.0,normal
2025-04-09T14:00:00,Eastside_Fulfillment,18.5,23.7,0,24.8,16.6,normal
2025-04-09T15:00:00,Eastside_Fulfillment,10.9,13.2,0,24.0,17.0,normal
2025-04-09T16:00:00,Eastside_Fulfillment,13.8,16.3,0,24.0,15.7,normal
2025-04-09T17:00:00,Eastside_Fulfillment,13.3,22.0,0,21.1,14.3,normal
2025-04-09T18:00:00,Eastside_Fulfillment,19.2,24.4,0,18.2,18,normal
2025-04-09T19:00:00,Eastside_Fulfillment,14.6,23.4,0,16.5,13.4,normal
2025-04-09T20:00:00,Eastside_Fulfillment,15.7,22.2,0,15.4,16.5,normal
2025-04-09T21:00:00,Eastside_Fulfillment,15.0,20.4,0,14.4,15.5,normal
2025-04-09T22:00:00,Eastside_Fulfillment,14.3,22.7,0,13.1,16.5,normal
2025-04-09T23:00:00,Eastside_Fulfillment,9.1,12.8,0,11.0,15.9,normal
2025-04-10T00:00:00,Northside_Fulfillment,11.4,15.5,0,10.2,16.7,normal
2025-04-10T01:00:00,Northside_Fulfillment,6.5,13.5,0,11.5,15.8,normal
2025-04-10T02:00:00,Northside_Fulfillment,8.3,14.9,0,12.1,16.1,normal
2025-04-10T03:00:00,Northside_Fulfillment,5.5,10.0,0,11.3,15.9,normal
2025-04-10T04:00:00,Northside_Fulfillment,9.7,17.7,0,13.5,16.0,normal
2025-04-10T05:00:00,Northside_Fulfillment,5.2,7.8,0,14.3,15.7,normal
2025-04-10T06:00:00,Northside_Fulfillment,6.7,13.9,0,15.9,15.7,normal
2025-04-10T07:00:00,Northside_Fulfillment,7.6,16.1,0,17.5,14.6,normal
2025-04-10T08:00:00,Northside_Fulfillment,6.5,8.8,0,19.2,14.3,normal
2025-04-10T09:00:00,Northside_Fulfillment,7.1,12.8,0,20.7,15.9,normal
2025-04-10T10:00:00,Northside_Fulfillment,6.7,9.4,0,23.7,17.3,normal
2025-04-10T11:00:00,Northside_Fulfillment,8.6,11.4,0,24.6,15.6,normal
2025-04-10T12:00:00,Northside_Fulfillment,14.9,22.1,0,25.2,17.3,normal
2025-04-10T13:00:00,Northside_Fulfillment,14.0,16.9,0,25.5,16.4,normal
2025-04-10T14:00:00,Northside_Fulfillment,14.4,17.2,0,25.7,15.6,normal
2025-04-10T15:00:00,Northside_Fulfillment,17.8,20.3,0,24.1,15.2,normal
2025-04-10T16:00:00,Northside_Fulfillment,14.9,23.1,0,22.2,15.5,normal
2025-04-10T17:00:00,Northside_Fulfillment,14.4,17.1,0,22.2,16.7,normal
2025-04-10T18:00:00,Northside_Fulfillment,14.9,18.9,0,19.4,16.8,normal
2025-04-10T19:00:00,Northside_Fulfillment,15.4,17.8,0,18.0,16.4,normal
2025-04-10T20:00:00,Northside_Fulfillment,12.8,19.8,0,15.9,16.2,normal
2025-04-10T21:00:00,Northside_Fulfillment,16.5,24.5,0,13.8,16.2,normal
2025-04-10T22:00:00,Northside_Fulfillment,15.2,23.4,0,12.6,17.2,normal
2025-04-10T23:00:00,Northside_Fulfillment,11.6,16.6,0,10.7,16.1,normal
2025-04-10T00:00:00,Central_Fulfillment,12.9,17.4,0,11.3,17.4,normal
2025-04-10T01:00:00,Central_Fulfillment,6.1,13.4,0,10.9,18,normal
2025-04-10T02:00:00,Central_Fulfillment,7.3,10.4,0,11.1,16.2,normal
2025-04-10T03:00:00,Central_Fulfillment,9.5,13.8,0,12.7,14.9,normal
2025-04-10T04:00:00,Central_Fulfillment,5.9,9.2,0,13.5,15.9,normal
2025-04-10T05:00:00,Central_Fulfillment,8.6,15.7,0,15.3,17.2,normal
2025-04-10T06:00:00,Central_Fulfillment,10.3,16.1,0,16.3,17.2,normal
2025-04-10T07:00:00,Central_Fulfillment,4.1,11.2,0,16.9,14.2,normal
2025-04-10T08:00:00,Central_Fulfillment,8.8,16.1,0,20.8,15.4,normal
2025-04-10T09:00:00,Central_Fulfillment,6.6,14.6,0,21.0,17.2,normal
2025-04-10T10:00:00,Central_Fulfillment,11.5,15.0,0,22.6,14.7,normal
2025-04-10T11:00:00,Central_Fulfillment,11.7,15.8,0,23.6,14.3,normal
2025-04-10T12:00:00,Central_Fulfillment,12.5,20.4,0,23.7,15.8,normal
2025-04-10T13:00:00,Central_Fulfillment,17.3,23.2,0,25.7,15.0,normal
2025-04-10T14:00:00,Central_Fulfillment,13.4,17.0,0,23.7,16.4,normal
2025-04-10T15:00:00,Central_Fulfillment,13.9,19.4,0,24.7,14.2,normal
2025-04-10T16:00:00,Central_Fulfillment,12.2,15.3,0,22.6,15.5,normal
2025-04-10T17:00:00,Central_Fulfillment,11.4,14.9,0,21.9,17.1,normal
2025-04-10T18:00:00,Central_Fulfillment,16.0,19.1,0,19.9,16.4,normal
2025-04-10T19:00:00,Central_Fulfillment,16.9,22.8,0,16.7,16.1,normal
2025-04-10T20:00:00,Central_Fulfillment,12.9,20.8,0,16.3,15.2,normal
2025-04-10T21:00:00,Central_Fulfillment,13.6,21.3,0,15.2,16.1,normal
2025-04-10T22:00:00,Central_Fulfillment,13.6,17.9,0,13.5,14.6,normal
2025-04-10T23:00:00,Central_Fulfillment,8.8,11.3,0,10.1,16.5,normal
2025-04-10T00:00:00,Eastside_Fulfillment,8.7,12.4,0,11.0,15.1,normal
2025-04-10T01:00:00,Eastside_Fulfillment,12.5,19.7,0,11.3,15.4,normal
2025-04-10T02:00:00,Eastside_Fulfillment,9.1,13.6,0,10.3,16.8,normal
2025-04-10T03:00:00,Eastside_Fulfillment,4.9,9.4,0,11.4,14.6,normal
2025-04-10T04:00:00,Eastside_Fulfillment,11.1,16.5,0,12.9,15.8,normal
2025-04-10T05:00:00,Eastside_Fulfillment,2.8,8.4,0,15.9,13.3,normal
2025-04-10T06:00:00,Eastside_Fulfillment,7.3,10.6,0,17.1,16.0,normal
2025-04-10T07:00:00,Eastside_Fulfillment,7.6,14.4,0,17.1,16.1,normal
2025-04-10T08:00:00,Eastside_Fulfillment,7.1,14.4,0,20.6,17.4,normal
2025-04-10T09:00:00,Eastside_Fulfillment,12.0,16.9,0,21.0,16.2,normal
2025-04-10T10:00:00,Eastside_Fulfillment,11.2,20.1,0,21.9,14.4,normal
2025-04-10T11:00:00,Eastside_Fulfillment,11.7,15.8,0,25.7,16.3,normal
2025-04-10T12:00:00,Eastside_Fulfillment,15.0,20.5,0,23.5,17.3,normal
2025-04-10T13:00:00,Eastside_Fulfillment,15.0,20.3,0,25.4,16.5,normal
2025-04-10T14:00:00,Eastside_Fulfillment,10.4,18.7,0,24.8,15.1,normal
2025-04-10T15:00:00,Eastside_Fulfillment,13.4,16.3,0,23.7,15.8,normal
2025-04-10T16:00:00,Eastside_Fulfillment,15.2,19.3,0,22.4,15.2,normal
2025-04-10T17:00:00,Eastside_Fulfillment,14.7,23.2,0,22.4,16.6,normal
2025-04-10T18:00:00,Eastside_Fulfillment,15.8,22.5,0,20.4,16.0,normal
2025-04-10T19:00:00,Eastside_Fulfillment,10.4,16.4,0,17.9,18,normal
2025-04-10T20:00:00,Eastside_Fulfillment,11.0,15.8,0,16.9,16.1,normal
2025-04-10T21:00:00,Eastside_Fulfillment,13.3,18.9,0,14.0,13.5,normal
2025-04-10T22:00:00,Eastside_Fulfillment,9.4,18.0,0,13.6,16.7,normal
2025-04-10T23:00:00,Eastside_Fulfillment,15.3,17.7,0,12.3,15.7,normal
2025-04-11T00:00:00,Northside_Fulfillment,9.8,12.0,0,11.6,16.0,normal
2025-04-11T01:00:00,Northside_Fulfillment,8.8,12.8,0,11.6,16.0,normal
2025-04-11T02:00:00,Northside_Fulfillment,9.1,15.7,0,10.4,17.8,normal
2025-04-11T03:00:00,Northside_Fulfillment,7.4,15.8,0,11.4,15.5,normal
2025-04-11T04:00:00,Northside_Fulfillment,8.6,14.8,0,13.4,15.3,normal
2025-04-11T05:00:00,Northside_Fulfillment,7.3,9.8,0,14.3,15.6,normal
2025-04-11T06:00:00,Northside_Fulfillment,9.7,12.9,0,16.4,16.4,normal
2025-04-11T07:00:00,Northside_Fulfillment,5.9,10.0,0,17.8,16.3,normal
2025-04-11T08:00:00,Northside_Fulfillment,7.7,9.7,0,19.2,16.8,normal
2025-04-11T09:00:00,Northside_Fulfillment,9.7,14.2,0,20.8,15.5,normal
2025-04-11T10:00:00,Northside_Fulfillment,11.2,19.5,0,22.6,16.1,normal
2025-04-11T11:00:00,Northside_Fulfillment,8.5,13.0,0,25.2,15.3,normal
2025-04-11T12:00:00,Northside_Fulfillment,12.3,16.3,0,24.4,15.3,normal
2025-04-11T13:00:00,Northside_Fulfillment,10.5,16.3,0,25.2,17.0,normal
2025-04-11T14:00:00,Northside_Fulfillment,19.0,27.0,0,24.8,15.9,normal
2025-04-11T15:00:00,Northside_Fulfillment,14.4,19.4,0,23.1,16.2,normal
2025-04-11T16:00:00,Northside_Fulfillment,12.7,15.0,0,23.2,15.0,normal
2025-04-11T17:00:00,Northside_Fulfillment,13.7,18.7,0,20.2,15.7,normal
2025-04-11T18:00:00,Northside_Fulfillment,17.7,21.4,0,18.2,15.2,normal
2025-04-11T19:00:00,Northside_Fulfillment,13.1,17.9,0,18.3,16.9,normal
2025-04-11T20:00:00,Northside_Fulfillment,12.6,14.9,0,16.1,17.2,normal
2025-04-11T21:00:00,Northside_Fulfillment,11.8,16.8,0,15.2,17.3,normal
2025-04-11T22:00:00,Northside_Fulfillment,16.8,22.6,0,13.1,16.9,normal
2025-04-11T23:00:00,Northside_Fulfillment,11.2,14.1,0,12.5,16.0,normal
2025-04-11T00:00:00,Central_Fulfillment,8.2,15.0,0,10.9,16.0,normal
2025-04-11T01:00:00,Central_Fulfillment,13.8,22.2,0,10.8,16.2,normal
2025-04-11T02:00:00,Central_Fulfillment,7.6,10.0,0,10.1,16.1,normal
2025-04-11T03:00:00,Central_Fulfillment,7.2,15.3,0,12.4,15.4,normal
2025-04-11T04:00:00,Central_Fulfillment,7.1,10.9,0,12.6,14.6,normal
2025-04-11T05:00:00,Central_Fulfillment,7.2,16.1,0,14.0,14.9,normal
2025-04-11T06:00:00,Central_Fulfillment,7.6,16.4,0,16.8,15.6,normal
2025-04-11T07:00:00,Central_Fulfillment,7.3,10.1,0,18.7,15.3,normal
2025-04-11T08:00:00,Central_Fulfillment,5.2,8.7,0,20.1,17.0,normal
2025-04-11T09:00:00,Central_Fulfillment,11.4,15.1,0,22.5,16.1,normal
2025-04-11T10:00:00,Central_Fulfillment,7.5,13.8,0,23.9,16.4,normal
2025-04-11T11:00:00,Central_Fulfillment,13.1,20.6,0,23.3,15.4,normal
2025-04-11T12:00:00,Central_Fulfillment,13.4,20.4,0,24.6,15.0,normal
2025-04-11T13:00:00,Central_Fulfillment,11.0,15.7,0,25.8,16.4,normal
2025-04-11T14:00:00,Central_Fulfillment,14.9,22.0,0,24.9,17.2,normal
2025-04-11T15:00:00,Central_Fulfillment,17.6,23.6,0,24.7,15.6,normal
2025-04-11T16:00:00,Central_Fulfillment,9.1,14.5,0,24.6,15.1,normal
2025-04-11T17:00:00,Central_Fulfillment,14.9,20.4,0,22.1,15.2,normal
2025-04-11T18:00:00,Central_Fulfillment,14.4,18.9,0,18.9,14.6,normal
2025-04-11T19:00:00,Central_Fulfillment,17.6,21.8,0,17.2,15.4,normal
2025-04-11T20:00:00,Central_Fulfillment,15.6,23.1,0,16.3,17.6,normal
2025-04-11T21:00:00,Central_Fulfillment,14.6,20.2,0,14.5,14.4,normal
2025-04-11T22:00:00,Central_Fulfillment,12.6,15.4,0,12.6,16.7,normal
2025-04-11T23:00:00,Central_Fulfillment,11.8,17.4,0,12.2,16.1,normal
2025-04-11T00:00:00,Eastside_Fulfillment,11.7,13.9,0,11.6,14.2,normal
2025-04-11T01:00:00,Eastside_Fulfillment,10.7,17.0,0,12.3,17.3,normal
2025-04-11T02:00:00,Eastside_Fulfillment,6.9,12.7,0,12.2,16.8,normal
2025-04-11T03:00:00,Eastside_Fulfillment,5.0,9.7,0,12.2,17.2,normal
2025-04-11T04:00:00,Eastside_Fulfillment,11.8,18.2,0,12.7,14.2,normal
2025-04-11T05:00:00,Eastside_Fulfillment,6.2,10.7,0,15.3,18,normal
2025-04-11T06:00:00,Eastside_Fulfillment,5.8,10.2,0,16.3,15.7,normal
2025-04-11T07:00:00,Eastside_Fulfillment,8.7,13.4,0,17.1,17.2,normal
2025-04-11T08:00:00,Eastside_Fulfillment,9.0,11.2,0,20.5,15.8,normal
2025-04-11T09:00:00,Eastside_Fulfillment,12.8,21.1,0,21.9,15.5,normal
2025-04-11T10:00:00,Eastside_Fulfillment,11.8,20.3,0,22.9,14.0,normal
2025-04-11T11:00:00,Eastside_Fulfillment,9.9,14.7,0,24.2,17.1,normal
2025-04-11T12:00:00,Eastside_Fulfillment,10.4,14.5,0,25.4,15.4,normal
2025-04-11T13:00:00,Eastside_Fulfillment,10.2,18.4,0,25.0,16.3,normal
2025-04-11T14:00:00,Eastside_Fulfillment,11.1,14.8,0,24.4,16.3,normal
2025-04-11T15:00:00,Eastside_Fulfillment,11.2,13.7,0,24.4,16.7,normal
2025-04-11T16:00:00,Eastside_Fulfillment,16.1,20.1,0,22.8,15.2,normal
2025-04-11T17:00:00,Eastside_Fulfillment,13.9,20.9,0,21.8,16.6,normal
2025-04-11T18:00:00,Eastside_Fulfillment,15.5,22.1,0,20.5,16.1,normal
2025-04-11T19:00:00,Eastside_Fulfillment,15.4,21.0,0,18.1,17.1,normal
2025-04-11T20:00:00,Eastside_Fulfillment,14.3,16.7,0,17.6,16.0,normal
2025-04-11T21:00:00,Eastside_Fulfillment,12.2,16.9,0,14.5,16.5,normal
2025-04-11T22:00:00,Eastside_Fulfillment,12.0,15.0,0,11.7,14.7,normal
2025-04-11T23:00:00,Eastside_Fulfillment,9.3,16.0,0,10.9,16.3,normal
2025-04-12T00:00:00,Northside_Fulfillment,12.4,17.0,0,11.7,16.1,normal
2025-04-12T01:00:00,Northside_Fulfillment,9.7,16.9,0,10.9,16.1,normal
2025-04-12T02:00:00,Northside_Fulfillment,8.9,15.2,0,11.2,16.9,normal
2025-04-12T03:00:00,Northside_Fulfillment,4.6,9.8,0,11.9,14.3,normal
2025-04-12T04:00:00,Northside_Fulfillment,6.5,10.3,0,13.7,15.7,normal
2025-04-12T05:00:00,Northside_Fulfillment,8.5,15.2,0,14.3,17.8,normal
2025-04-12T06:00:00,Northside_Fulfillment,8.5,15.7,0,15.9,13.9,normal
2025-04-12T07:00:00,Northside_Fulfillment,10.4,12.7,0,16.9,14.8,normal
2025-04-12T08:00:00,Northside_Fulfillment,6.1,12.2,0,18.7,13.9,normal
2025-04-12T09:00:00,Northside_Fulfillment,7.5,14.0,0,22.0,15.7,normal
2025-04-12T10:00:00,Northside_Fulfillment,12.3,18.6,0,22.3,16.6,normal
2025-04-12T11:00:00,Northside_Fulfillment,13.3,17.4,0,25.4,15.6,normal
2025-04-12T12:00:00,Northside_Fulfillment,12.7,17.0,0,23.4,16.1,normal
2025-04-12T13:00:00,Northside_Fulfillment,12.4,14.8,0,25.0,16.8,normal
2025-04-12T14:00:00,Northside_Fulfillment,11.3,17.5,0,25.1,15.1,normal
2025-04-12T15:00:00,Northside_Fulfillment,15.7,21.0,0,23.2,16.6,normal
2025-04-12T16:00:00,Northside_Fulfillment,15.3,21.3,0,22.8,17.0,normal
2025-04-12T17:00:00,Northside_Fulfillment,17.7,19.7,0,21.9,17.1,normal
2025-04-12T18:00:00,Northside_Fulfillment,16.2,21.4,0,19.6,16.2,normal
2025-04-12T19:00:00,Northside_Fulfillment,17.3,21.8,0,18.3,14.9,normal
2025-04-12T20:00:00,Northside_Fulfillment,15.1,22.2,0,15.4,13.8,normal
2025-04-12T21:00:00,Northside_Fulfillment,14.3,20.7,0,15.2,16.4,normal
2025-04-12T22:00:00,Northside_Fulfillment,11.6,13.9,0,13.3,15.8,normal
2025-04-12T23:00:00,Northside_Fulfillment,11.0,14.0,0,11.7,17.1,normal
2025-04-12T00:00:00,Central_Fulfillment,9.9,13.2,0,11.5,14.9,normal
2025-04-12T01:00:00,Central_Fulfillment,9.1,11.3,0,11.3,16.3,normal
2025-04-12T02:00:00,Central_Fulfillment,8.6,12.9,0,11.1,16.2,normal
2025-04-12T03:00:00,Central_Fulfillment,9.4,12.6,0,10.9,16.0,normal
2025-04-12T04:00:00,Central_Fulfillment,9.1,11.9,0,13.3,15.8,normal
2025-04-12T05:00:00,Central_Fulfillment,5.3,7.6,0,14.6,18,normal
2025-04-12T06:00:00,Central_Fulfillment,5.7,8.6,0,15.9,18,normal
2025-04-12T07:00:00,Central_Fulfillment,6.9,9.4,0,17.8,16.4,normal
2025-04-12T08:00:00,Central_Fulfillment,9.5,16.3,0,19.3,16.4,normal
2025-04-12T09:00:00,Central_Fulfillment,7.4,15.2,0,22.2,16.0,normal
2025-04-12T10:00:00,Central_Fulfillment,9.2,17.5,0,24.0,15.3,normal
2025-04-12T11:00:00,Central_Fulfillment,8.4,12.6,0,23.6,17.2,normal
2025-04-12T12:00:00,Central_Fulfillment,13.1,17.1,0,24.4,17.1,normal
2025-04-12T13:00:00,Central_Fulfillment,13.1,21.8,0,25.0,15.4,normal
2025-04-12T14:00:00,Central_Fulfillment,12.9,20.6,0,24.4,17.2,normal
2025-04-12T15:00:00,Central_Fulfillment,15.1,20.8,0,24.0,14.8,normal
2025-04-12T16:00:00,Central_Fulfillment,15.9,18.3,0,22.9,14.7,normal
2025-04-12T17:00:00,Central_Fulfillment,14.7,19.6,0,20.5,16.9,normal
2025-04-12T18:00:00,Central_Fulfillment,13.9,20.1,0,20.1,15.2,normal
2025-04-12T19:00:00,Central_Fulfillment,15.3,22.5,0,17.9,14.2,normal
2025-04-12T20:00:00,Central_Fulfillment,17.0,20.7,0,16.7,14.5,normal
2025-04-12T21:00:00,Central_Fulfillment,13.3,16.2,0,13.6,16.2,normal
2025-04-12T22:00:00,Central_Fulfillment,5.7,10.2,0,11.9,16.0,normal
2025-04-12T23:00:00,Central_Fulfillment,9.5,14.0,0,12.7,17.2,normal
2025-04-12T00:00:00,Eastside_Fulfillment,9.7,16.8,0,11.6,16.5,normal
2025-04-12T01:00:00,Eastside_Fulfillment,12.3,17.7,0,10.8,16.2,normal
2025-04-12T02:00:00,Eastside_Fulfillment,7.4,15.6,0,12.5,16.1,normal
2025-04-12T03:00:00,Eastside_Fulfillment,4.5,8.8,0,13.0,16.5,normal
2025-04-12T04:00:00,Eastside_Fulfillment,2.5,11.3,0,13.3,15.8,normal
2025-04-12T05:00:00,Eastside_Fulfillment,7.1,11.8,0,14.3,16.1,normal
2025-04-12T06:00:00,Eastside_Fulfillment,6.1,10.6,0,17.6,14.9,normal
2025-04-12T07:00:00,Eastside_Fulfillment,9.2,16.7,0,18.0,16.6,normal
2025-04-12T08:00:00,Eastside_Fulfillment,7.5,11.7,0,19.7,17.0,normal
2025-04-12T09:00:00,Eastside_Fulfillment,9.9,18.7,0,22.0,15.3,normal
2025-04-12T10:00:00,Eastside_Fulfillment,7.2,13.1,0,22.3,17.6,normal
2025-04-12T11:00:00,Eastside_Fulfillment,14.2,22.0,0,23.9,16.3,normal
2025-04-12T12:00:00,Eastside_Fulfillment,11.8,14.0,0,25.0,15.7,normal
2025-04-12T13:00:00,Eastside_Fulfillment,12.3,14.7,0,25.5,17.2,normal
2025-04-12T14:00:00,Eastside_Fulfillment,12.3,15.1,0,23.7,16.6,normal
2025-04-12T15:00:00,Eastside_Fulfillment,14.2,22.2,0,24.1,15.9,normal
2025-04-12T16:00:00,Eastside_Fulfillment,14.4,16.8,0,21.8,16.3,normal
2025-04-12T17:00:00,Eastside_Fulfillment,15.4,19.6,0,21.0,14.3,normal
2025-04-12T18:00:00,Eastside_Fulfillment,16.0,21.8,0,19.9,15.7,normal
2025-04-12T19:00:00,Eastside_Fulfillment,10.5,17.5,0,17.9,15.7,normal
2025-04-12T20:00:00,Eastside_Fulfillment,10.1,12.7,0,15.5,15.1,normal
2025-04-12T21:00:00,Eastside_Fulfillment,15.7,22.4,0,14.2,16.4,normal
2025-04-12T22:00:00,Eastside_Fulfillment,10.6,19.6,0,12.8,16.3,normal
2025-04-12T23:00:00,Eastside_Fulfillment,11.2,16.9,0,10.7,15.0,normal
2025-04-13T00:00:00,Northside_Fulfillment,14.7,18.0,0,12.5,16.4,normal
2025-04-13T01:00:00,Northside_Fulfillment,12.4,15.6,0,11.1,17.3,normal
2025-04-13T02:00:00,Northside_Fulfillment,11.8,17.4,0,11.5,16.6,normal
2025-04-13T03:00:00,Northside_Fulfillment,7.9,13.5,0,12.2,17.7,normal
2025-04-13T04:00:00,Northside_Fulfillment,7.9,14.9,0,13.7,15.1,normal
2025-04-13T05:00:00,Northside_Fulfillment,9.9,17.6,0,14.7,17.1,normal
2025-04-13T06:00:00,Northside_Fulfillment,8.1,12.2,0,15.7,16.2,normal
2025-04-13T07:00:00,Northside_Fulfillment,7.3,13.1,0,17.2,14.7,normal
2025-04-13T08:00:00,Northside_Fulfillment,5.4,12.8,0,20.4,15.7,normal
2025-04-13T09:00:00,Northside_Fulfillment,9.5,15.1,0,22.5,16.3,normal
2025-04-13T10:00:00,Northside_Fulfillment,13.8,19.7,0,23.3,15.8,normal
2025-04-13T11:00:00,Northside_Fulfillment,11.2,15.5,0,23.6,15.6,normal
2025-04-13T12:00:00,Northside_Fulfillment,13.8,22.0,0,24.1,16.3,normal
2025-04-13T13:00:00,Northside_Fulfillment,8.6,15.6,0,26.1,15.4,normal
2025-04-13T14:00:00,Northside_Fulfillment,15.6,23.7,0,24.8,15.8,normal
2025-04-13T15:00:00,Northside_Fulfillment,14.5,20.5,0,24.2,16.0,normal
2025-04-13T16:00:00,Northside_Fulfillment,14.1,17.6,0,23.9,15.5,normal
2025-04-13T17:00:00,Northside_Fulfillment,16.0,18.8,0,22.6,15.5,normal
2025-04-13T18:00:00,Northside_Fulfillment,16.3,19.1,0,19.2,16.6,normal
2025-04-13T19:00:00,Northside_Fulfillment,15.9,24.4,0,18.8,15.7,normal
2025-04-13T20:00:00,Northside_Fulfillment,11.9,18.3,0,16.2,15.9,normal
2025-04-13T21:00:00,Northside_Fulfillment,12.1,16.4,0,14.4,16.9,normal
2025-04-13T22:00:00,Northside_Fulfillment,11.9,17.9,0,13.3,17.9,normal
2025-04-13T23:00:00,Northside_Fulfillment,7.8,12.0,0,12.7,15.3,normal
2025-04-13T00:00:00,Central_Fulfillment,6.4,9.8,0,12.3,16.7,normal
2025-04-13T01:00:00,Central_Fulfillment,11.4,14.6,0,12.2,16.4,normal
2025-04-13T02:00:00,Central_Fulfillment,6.3,11.9,0,11.4,16.6,normal
2025-04-13T03:00:00,Central_Fulfillment,5.4,10.3,0,12.8,16.5,normal
2025-04-13T04:00:00,Central_Fulfillment,8.5,12.4,0,12.2,15.5,normal
2025-04-13T05:00:00,Central_Fulfillment,6.6,12.7,0,14.5,14.3,normal
2025-04-13T06:00:00,Central_Fulfillment,6.7,12.8,0,15.3,16.6,normal
2025-04-13T07:00:00,Central_Fulfillment,5.6,13.1,0,18.5,15.4,normal
2025-04-13T08:00:00,Central_Fulfillment,10.6,14.5,0,19.1,17.3,normal
2025-04-13T09:00:00,Central_Fulfillment,10.7,18.5,0,21.5,16.4,normal
2025-04-13T10:00:00,Central_Fulfillment,8.8,15.9,0,23.1,16.8,normal
2025-04-13T11:00:00,Central_Fulfillment,13.7,16.2,0,23.3,15.0,normal
2025-04-13T12:00:00,Central_Fulfillment,11.9,19.0,0,24.7,14.3,normal
2025-04-13T13:00:00,Central_Fulfillment,14.3,22.4,0,25.3,13.7,normal
2025-04-13T14:00:00,Central_Fulfillment,14.1,20.2,0,24.7,15.3,normal
2025-04-13T15:00:00,Central_Fulfillment,10.8,18.9,0,23.4,15.2,normal
2025-04-13T16:00:00,Central_Fulfillment,12.6,17.4,0,24.9,16.2,normal
2025-04-13T17:00:00,Central_Fulfillment,16.0,21.9,0,21.6,15.5,normal
2025-04-13T18:00:00,Central_Fulfillment,17.1,19.5,0,20.2,16.4,normal
2025-04-13T19:00:00,Central_Fulfillment,12.9,18.0,0,19.2,16.9,normal
2025-04-13T20:00:00,Central_Fulfillment,12.0,19.1,0,15.3,15.2,normal
2025-04-13T21:00:00,Central_Fulfillment,12.3,18.7,0,14.9,16.8,normal
2025-04-13T22:00:00,Central_Fulfillment,9.1,15.5,0,12.6,16.3,normal
2025-04-13T23:00:00,Central_Fulfillment,13.8,22.8,0,11.0,16.9,normal
2025-04-13T00:00:00,Eastside_Fulfillment,8.3,16.0,0,10.5,15.0,normal
2025-04-13T01:00:00,Eastside_Fulfillment,9.4,11.4,0,10.8,17.9,normal
2025-04-13T02:00:00,Eastside_Fulfillment,9.8,17.8,0,10.5,15.6,normal
2025-04-13T03:00:00,Eastside_Fulfillment,6.3,9.5,0,12.4,17.9,normal
2025-04-13T04:00:00,Eastside_Fulfillment,8.0,12.7,0,14.0,16.4,normal
2025-04-13T05:00:00,Eastside_Fulfillment,2,8.0,0,14.9,16.8,normal
2025-04-13T06:00:00,Eastside_Fulfillment,7.6,10.0,0,16.1,14.1,normal
2025-04-13T07:00:00,Eastside_Fulfillment,8.4,13.9,0,17.8,15.0,normal
2025-04-13T08:00:00,Eastside_Fulfillment,6.1,9.9,0,20.3,16.6,normal
2025-04-13T09:00:00,Eastside_Fulfillment,7.9,14.8,0,22.2,15.0,normal
2025-04-13T10:00:00,Eastside_Fulfillment,11.1,19.9,0,22.2,15.9,normal
2025-04-13T11:00:00,Eastside_Fulfillment,7.1,14.5,0,24.0,17.7,normal
2025-04-13T12:00:00,Eastside_Fulfillment,9.4,11.6,0,25.4,16.8,normal
2025-04-13T13:00:00,Eastside_Fulfillment,12.4,19.2,0,25.6,16.3,normal
2025-04-13T14:00:00,Eastside_Fulfillment,15.3,24.0,0,24.4,13.9,normal
2025-04-13T15:00:00,Eastside_Fulfillment,14.1,17.7,0,23.4,15.8,normal
2025-04-13T16:00:00,Eastside_Fulfillment,15.5,17.7,0,23.5,16.6,normal
2025-04-13T17:00:00,Eastside_Fulfillment,16.1,18.6,0,21.1,15.9,normal
2025-04-13T18:00:00,Eastside_Fulfillment,13.4,20.1,0,19.5,16.2,normal
2025-04-13T19:00:00,Eastside_Fulfillment,15.7,18.0,0,18.7,15.2,normal
2025-04-13T20:00:00,Eastside_Fulfillment,14.7,21.1,0,17.5,16.6,normal
2025-04-13T21:00:00,Eastside_Fulfillment,12.7,17.1,0,15.2,16.3,normal
2025-04-13T22:00:00,Eastside_Fulfillment,15.0,23.9,0,13.9,15.9,normal
2025-04-13T23:00:00,Eastside_Fulfillment,12.5,16.7,0,12.2,16.3,normal
2025-04-14T00:00:00,Northside_Fulfillment,9.1,16.0,0,10.5,15.7,normal
2025-04-14T01:00:00,Northside_Fulfillment,7.0,13.7,0,9.6,13.8,normal
2025-04-14T02:00:00,Northside_Fulfillment,6.4,8.6,0,11.9,14.8,normal
2025-04-14T03:00:00,Northside_Fulfillment,9.7,16.2,0,10.9,15.7,normal
2025-04-14T04:00:00,Northside_Fulfillment,8.9,17.1,0,13.1,18,normal
2025-04-14T05:00:00,Northside_Fulfillment,6.8,15.6,0,15.0,16.9,normal
2025-04-14T06:00:00,Northside_Fulfillment,6.3,8.7,0,15.8,16.9,normal
2025-04-14T07:00:00,Northside_Fulfillment,6.8,11.3,0,19.2,14.8,normal
2025-04-14T08:00:00,Northside_Fulfillment,7.8,12.0,0,19.5,15.9,normal
2025-04-14T09:00:00,Northside_Fulfillment,7.5,11.6,0,20.6,14.7,normal
2025-04-14T10:00:00,Northside_Fulfillment,8.7,17.0,0,22.3,16.4,normal
2025-04-14T11:00:00,Northside_Fulfillment,11.5,14.1,0,24.6,15.6,normal
2025-04-14T12:00:00,Northside_Fulfillment,9.3,17.0,0,27.1,14.6,normal
2025-04-14T13:00:00,Northside_Fulfillment,10.2,15.8,0,26.5,16.0,normal
2025-04-14T14:00:00,Northside_Fulfillment,10.2,14.3,0,24.9,15.8,normal
2025-04-14T15:00:00,Northside_Fulfillment,13.8,16.5,0,25.0,16.0,normal
2025-04-14T16:00:00,Northside_Fulfillment,13.2,21.4,0,22.8,16.4,normal
2025-04-14T17:00:00,Northside_Fulfillment,13.9,20.4,0,21.1,15.4,normal
2025-04-14T18:00:00,Northside_Fulfillment,12.3,16.8,0,20.9,14.0,normal
2025-04-14T19:00:00,Northside_Fulfillment,13.6,21.3,0,17.6,15.7,normal
2025-04-14T20:00:00,Northside_Fulfillment,10.9,16.1,0,16.3,16.0,normal
2025-04-14T21:00:00,Northside_Fulfillment,15.2,19.0,0,14.7,15.0,normal
2025-04-14T22:00:00,Northside_Fulfillment,12.0,17.7,0,12.6,14.0,normal
2025-04-14T23:00:00,Northside_Fulfillment,10.5,15.4,0,12.5,16.0,normal
2025-04-14T00:00:00,Central_Fulfillment,11.5,17.2,0,11.8,14.8,normal
2025-04-14T01:00:00,Central_Fulfillment,7.4,11.5,0,10.6,16.0,normal
2025-04-14T02:00:00,Central_Fulfillment,9.8,18.0,0,11.0,15.9,normal
2025-04-14T03:00:00,Central_Fulfillment,9.0,13.4,0,12.4,15.8,normal
2025-04-14T04:00:00,Central_Fulfillment,3.7,7.9,0,13.0,16.7,normal
2025-04-14T05:00:00,Central_Fulfillment,6.0,12.4,0,15.6,16.2,normal
2025-04-14T06:00:00,Central_Fulfillment,7.7,11.9,0,16.0,13.5,normal
2025-04-14T07:00:00,Central_Fulfillment,5.4,10.6,0,18.0,15.2,normal
2025-04-14T08:00:00,Central_Fulfillment,8.9,12.8,0,19.2,16.0,normal
2025-04-14T09:00:00,Central_Fulfillment,10.5,14.5,0,19.7,15.6,normal
2025-04-14T10:00:00,Central_Fulfillment,12.0,15.5,0,23.8,16.8,normal
2025-04-14T11:00:00,Central_Fulfillment,6.7,10.8,0,23.8,15.9,normal
2025-04-14T12:00:00,Central_Fulfillment,9.9,17.2,0,24.4,17.0,normal
2025-04-14T13:00:00,Central_Fulfillment,13.6,20.3,0,24.1,14.8,normal
2025-04-14T14:00:00,Central_Fulfillment,12.7,19.0,0,24.4,16.2,normal
2025-04-14T15:00:00,Central_Fulfillment,18.9,24.0,0,22.9,15.9,normal
2025-04-14T16:00:00,Central_Fulfillment,16.9,24.9,0,21.8,13.5,normal
2025-04-14T17:00:00,Central_Fulfillment,16.1,23.8,0,21.2,15.1,normal
2025-04-14T18:00:00,Central_Fulfillment,12.7,17.1,0,20.6,15.7,normal
2025-04-14T19:00:00,Central_Fulfillment,14.8,17.2,0,16.3,14.4,normal
2025-04-14T20:00:00,Central_Fulfillment,14.1,22.8,0,17.5,15.7,normal
2025-04-14T21:00:00,Central_Fulfillment,15.7,18.1,0,14.2,16.6,normal
2025-04-14T22:00:00,Central_Fulfillment,13.6,15.8,0,14.3,15.4,normal
2025-04-14T23:00:00,Central_Fulfillment,9.2,18.1,0,12.3,13.8,normal
2025-04-14T00:00:00,Eastside_Fulfillment,7.3,10.3,0,12.0,15.5,normal
2025-04-14T01:00:00,Eastside_Fulfillment,7.8,10.6,0,10.4,17.0,normal
2025-04-14T02:00:00,Eastside_Fulfillment,6.2,11.9,0,10.6,17.9,normal
2025-04-14T03:00:00,Eastside_Fulfillment,8.3,12.8,0,11.9,15.7,normal
2025-04-14T04:00:00,Eastside_Fulfillment,12.3,20.1,0,14.1,16.6,normal
2025-04-14T05:00:00,Eastside_Fulfillment,6.3,13.1,0,14.6,16.4,normal
2025-04-14T06:00:00,Eastside_Fulfillment,7.2,9.5,0,16.2,16.2,normal
2025-04-14T07:00:00,Eastside_Fulfillment,7.0,9.8,0,17.4,15.2,normal
2025-04-14T08:00:00,Eastside_Fulfillment,4.6,8.6,0,20.9,15.2,normal
2025-04-14T09:00:00,Eastside_Fulfillment,11.2,16.7,0,22.1,16.7,normal
2025-04-14T10:00:00,Eastside_Fulfillment,12.8,21.2,0,22.5,16.7,normal
2025-04-14T11:00:00,Eastside_Fulfillment,10.5,19.1,0,23.5,17.0,normal
2025-04-14T12:00:00,Eastside_Fulfillment,15.3,18.6,0,25.6,17.4,normal
2025-04-14T13:00:00,Eastside_Fulfillment,13.3,20.1,0,25.2,15.6,normal
2025-04-14T14:00:00,Eastside_Fulfillment,15.1,20.1,0,24.2,17.1,normal
2025-04-14T15:00:00,Eastside_Fulfillment,13.4,21.7,0,24.0,17.8,normal
2025-04-14T16:00:00,Eastside_Fulfillment,15.8,20.0,0,24.1,17.0,normal
2025-04-14T17:00:00,Eastside_Fulfillment,16.0,20.8,0,21.7,16.0,normal
2025-04-14T18:00:00,Eastside_Fulfillment,17.2,25.7,0,21.0,17.4,normal
2025-04-14T19:00:00,Eastside_Fulfillment,15.0,20.7,0,17.1,16.6,normal
2025-04-14T20:00:00,Eastside_Fulfillment,12.7,17.4,0,16.9,15.2,normal
2025-04-14T21:00:00,Eastside_Fulfillment,12.0,16.8,0,15.0,15.3,normal
2025-04-14T22:00:00,Eastside_Fulfillment,11.1,20.0,0,13.5,17.4,normal
2025-04-14T23:00:00,Eastside_Fulfillment,11.1,13.5,0,13.1,15.7,normal
2025-04-15T00:00:00,Northside_Fulfillment,10.7,16.0,0,9.7,15.1,normal
2025-04-15T01:00:00,Northside_Fulfillment,8.9,16.5,0,9.1,16.3,normal
2025-04-15T02:00:00,Northside_Fulfillment,5.7,13.8,0,9.7,15.7,normal
2025-04-15T03:00:00,Northside_Fulfillment,8.6,13.5,0,12.7,16.8,normal
2025-04-15T04:00:00,Northside_Fulfillment,6.6,8.7,0,12.5,16.3,normal
2025-04-15T05:00:00,Northside_Fulfillment,5.5,14.4,0,14.0,17.1,normal
2025-04-15T06:00:00,Northside_Fulfillment,8.9,15.1,0,15.6,16.8,normal
2025-04-15T07:00:00,Northside_Fulfillment,7.6,15.8,0,17.4,16.5,normal
2025-04-15T08:00:00,Northside_Fulfillment,6.7,10.1,0,19.6,14.5,normal
2025-04-15T09:00:00,Northside_Fulfillment,8.9,17.2,0,21.7,14.3,normal
2025-04-15T10:00:00,Northside_Fulfillment,11.1,17.4,0,23.3,14.0,normal
2025-04-15T11:00:00,Northside_Fulfillment,16.3,18.7,0,22.4,16.2,normal
2025-04-15T12:00:00,Northside_Fulfillment,10.6,17.1,0,25.0,17.1,normal
2025-04-15T13:00:00,Northside_Fulfillment,14.6,17.8,0,23.9,16.3,normal
2025-04-15T14:00:00,Northside_Fulfillment,16.2,20.9,0,24.6,15.4,normal
2025-04-15T15:00:00,Northside_Fulfillment,18.4,23.3,0,24.2,15.7,normal
2025-04-15T16:00:00,Northside_Fulfillment,15.5,21.0,0,21.2,16.1,normal
2025-04-15T17:00:00,Northside_Fulfillment,16.0,18.7,0,22.5,15.4,normal
2025-04-15T18:00:00,Northside_Fulfillment,13.9,21.3,0,19.3,16.0,normal
2025-04-15T19:00:00,Northside_Fulfillment,16.0,22.2,0,18.4,15.4,normal
2025-04-15T20:00:00,Northside_Fulfillment,16.3,19.7,0,15.5,16.2,normal
2025-04-15T21:00:00,Northside_Fulfillment,12.2,18.9,0,12.9,15.8,normal
2025-04-15T22:00:00,Northside_Fulfillment,10.3,14.1,0,12.8,14.3,normal
2025-04-15T23:00:00,Northside_Fulfillment,14.4,19.2,0,11.5,15.4,normal
2025-04-15T00:00:00,Central_Fulfillment,11.5,19.3,0,12.4,18.0,normal
2025-04-15T01:00:00,Central_Fulfillment,11.3,16.2,0,11.9,14.8,normal
2025-04-15T02:00:00,Central_Fulfillment,6.2,10.5,0,12.5,16.5,normal
2025-04-15T03:00:00,Central_Fulfillment,4.7,7.2,0,12.3,14.7,normal
2025-04-15T04:00:00,Central_Fulfillment,9.7,14.4,0,12.8,16.4,normal
2025-04-15T05:00:00,Central_Fulfillment,4.7,7.3,0,15.1,16.3,normal
2025-04-15T06:00:00,Central_Fulfillment,7.0,11.9,0,15.4,17.6,normal
2025-04-15T07:00:00,Central_Fulfillment,6.2,11.6,0,17.5,16.4,normal
2025-04-15T08:00:00,Central_Fulfillment,6.9,9.7,0,19.7,16.2,normal
2025-04-15T09:00:00,Central_Fulfillment,7.6,16.5,0,21.4,15.6,normal
2025-04-15T10:00:00,Central_Fulfillment,11.0,17.2,0,22.8,15.2,normal
2025-04-15T11:00:00,Central_Fulfillment,6.4,14.6,0,23.4,17.3,normal
2025-04-15T12:00:00,Central_Fulfillment,12.9,19.7,0,24.5,17.9,normal
2025-04-15T13:00:00,Central_Fulfillment,13.4,20.7,0,25.6,15.3,normal
2025-04-15T14:00:00,Central_Fulfillment,13.2,15.2,0,24.4,16.6,normal
2025-04-15T15:00:00,Central_Fulfillment,12.3,18.9,0,24.1,15.5,normal
2025-04-15T16:00:00,Central_Fulfillment,12.0,17.5,0,22.0,15.3,normal
2025-04-15T17:00:00,Central_Fulfillment,9.8,18.4,0,20.8,16.3,normal
2025-04-15T18:00:00,Central_Fulfillment,14.6,18.1,0,19.5,14.3,normal
2025-04-15T19:00:00,Central_Fulfillment,18.0,23.4,0,18.8,15.5,normal
2025-04-15T20:00:00,Central_Fulfillment,11.7,17.4,0,16.2,15.6,normal
2025-04-15T21:00:00,Central_Fulfillment,13.0,21.4,0,14.0,14.1,normal
2025-04-15T22:00:00,Central_Fulfillment,12.2,17.3,0,11.9,16.4,normal
2025-04-15T23:00:00,Central_Fulfillment,9.8,18.7,0,13.7,16.3,normal
2025-04-15T00:00:00,Eastside_Fulfillment,9.9,16.7,0,9.5,18.0,normal
2025-04-15T01:00:00,Eastside_Fulfillment,10.4,14.2,0,12.1,13.8,normal
2025-04-15T02:00:00,Eastside_Fulfillment,4.4,11.9,0,12.2,16.0,normal
2025-04-15T03:00:00,Eastside_Fulfillment,5.4,12.3,0,13.6,16.1,normal
2025-04-15T04:00:00,Eastside_Fulfillment,5.9,8.6,0,13.8,17.0,normal
2025-04-15T05:00:00,Eastside_Fulfillment,7.9,10.3,0,15.0,15.6,normal
2025-04-15T06:00:00,Eastside_Fulfillment,6.2,13.8,0,15.5,14.9,normal
2025-04-15T07:00:00,Eastside_Fulfillment,11.2,17.3,0,17.4,15.9,normal
2025-04-15T08:00:00,Eastside_Fulfillment,10.9,14.8,0,18.9,15.4,normal
2025-04-15T09:00:00,Eastside_Fulfillment,9.7,11.9,0,21.3,16.8,normal
2025-04-15T10:00:00,Eastside_Fulfillment,12.5,18.3,0,23.1,15.8,normal
2025-04-15T11:00:00,Eastside_Fulfillment,10.5,14.2,0,24.2,16.5,normal
2025-04-15T12:00:00,Eastside_Fulfillment,12.4,17.8,0,24.3,16.0,normal
2025-04-15T13:00:00,Eastside_Fulfillment,17.7,21.0,0,23.3,15.1,normal
2025-04-15T14:00:00,Eastside_Fulfillment,17.3,25.6,0,26.0,15.3,normal
2025-04-15T15:00:00,Eastside_Fulfillment,16.9,23.6,0,24.1,15.6,normal
2025-04-15T16:00:00,Eastside_Fulfillment,13.5,20.4,0,23.5,17.6,normal
2025-04-15T17:00:00,Eastside_Fulfillment,15.8,20.4,0,19.9,16.3,normal
2025-04-15T18:00:00,Eastside_Fulfillment,13.7,20.8,0,19.5,15.5,normal
2025-04-15T19:00:00,Eastside_Fulfillment,18.3,25.3,0,18.9,18,normal
2025-04-15T20:00:00,Eastside_Fulfillment,13.6,18.3,0,16.2,15.9,normal
2025-04-15T21:00:00,Eastside_Fulfillment,14.0,18.5,0,14.6,15.4,normal
2025-04-15T22:00:00,Eastside_Fulfillment,13.8,17.3,0,13.4,15.9,normal
2025-04-15T23:00:00,Eastside_Fulfillment,12.3,18.1,0,11.7,15.7,normal
2025-04-16T00:00:00,Northside_Fulfillment,12.3,18.4,0,12.2,16.1,normal
2025-04-16T01:00:00,Northside_Fulfillment,9.8,14.1,0,10.7,15.5,normal
2025-04-16T02:00:00,Northside_Fulfillment,9.7,14.9,0,9.8,16.4,normal
2025-04-16T03:00:00,Northside_Fulfillment,8.4,12.6,0,14.0,15.8,normal
2025-04-16T04:00:00,Northside_Fulfillment,7.4,12.2,0,13.7,16.3,normal
2025-04-16T05:00:00,Northside_Fulfillment,10.5,13.3,0,14.8,17.7,normal
2025-04-16T06:00:00,Northside_Fulfillment,6.3,9.8,0,15.9,16.0,normal
2025-04-16T07:00:00,Northside_Fulfillment,8.7,16.9,0,17.5,16.1,normal
2025-04-16T08:00:00,Northside_Fulfillment,5.6,10.5,0,19.8,16.0,normal
2025-04-16T09:00:00,Northside_Fulfillment,3.8,8.3,0,22.4,15.7,normal
2025-04-16T10:00:00,Northside_Fulfillment,12.1,18.2,0,24.1,14.9,normal
2025-04-16T11:00:00,Northside_Fulfillment,11.0,17.3,0,24.9,16.1,normal
2025-04-16T12:00:00,Northside_Fulfillment,11.2,14.2,0,25.1,16.0,normal
2025-04-16T13:00:00,Northside_Fulfillment,11.4,14.4,0,24.4,16.2,normal
2025-04-16T14:00:00,Northside_Fulfillment,10.9,18.0,0,25.8,17.3,normal
2025-04-16T15:00:00,Northside_Fulfillment,11.3,16.9,0,24.9,15.7,normal
2025-04-16T16:00:00,Northside_Fulfillment,14.1,17.6,0,22.8,16.7,normal
2025-04-16T17:00:00,Northside_Fulfillment,12.6,17.5,0,21.0,14.5,normal
2025-04-16T18:00:00,Northside_Fulfillment,16.9,24.9,0,20.5,16.8,normal
2025-04-16T19:00:00,Northside_Fulfillment,17.1,19.6,0,17.8,18,normal
2025-04-16T20:00:00,Northside_Fulfillment,14.7,21.1,0,15.3,14.9,normal
2025-04-16T21:00:00,Northside_Fulfillment,12.9,19.7,0,14.1,15.2,normal
2025-04-16T22:00:00,Northside_Fulfillment,11.2,19.5,0,13.4,16.9,normal
2025-04-16T23:00:00,Northside_Fulfillment,13.8,16.8,0,12.0,17.1,normal
2025-04-16T00:00:00,Central_Fulfillment,10.0,16.8,0,10.7,16.4,normal
2025-04-16T01:00:00,Central_Fulfillment,10.8,15.8,0,10.8,16.0,normal
2025-04-16T02:00:00,Central_Fulfillment,11.3,16.7,0,11.2,15.3,normal
2025-04-16T03:00:00,Central_Fulfillment,6.7,13.3,0,13.1,15.7,normal
2025-04-16T04:00:00,Central_Fulfillment,10.9,13.7,0,13.5,17.1,normal
2025-04-16T05:00:00,Central_Fulfillment,7.1,15.1,0,13.9,16.3,normal
2025-04-16T06:00:00,Central_Fulfillment,2,9.7,0,15.5,16.0,normal
2025-04-16T07:00:00,Central_Fulfillment,6.5,10.4,0,18.5,15.4,normal
2025-04-16T08:00:00,Central_Fulfillment,6.1,11.1,0,20.4,15.4,normal
2025-04-16T09:00:00,Central_Fulfillment,10.8,13.5,0,21.3,18,normal
2025-04-16T10:00:00,Central_Fulfillment,7.6,15.6,0,23.0,17.4,normal
2025-04-16T11:00:00,Central_Fulfillment,11.6,18.3,0,24.4,14.8,normal
2025-04-16T12:00:00,Central_Fulfillment,11.3,17.2,0,23.5,14.2,normal
2025-04-16T13:00:00,Central_Fulfillment,8.8,14.9,0,24.5,14.9,normal
2025-04-16T14:00:00,Central_Fulfillment,14.0,20.9,0,23.6,15.1,normal
2025-04-16T15:00:00,Central_Fulfillment,16.2,23.6,0,23.8,16.9,normal
2025-04-16T16:00:00,Central_Fulfillment,12.3,17.5,0,23.6,17.4,normal
2025-04-16T17:00:00,Central_Fulfillment,13.9,18.8,0,21.3,14.3,normal
2025-04-16T18:00:00,Central_Fulfillment,16.7,22.6,0,19.6,17.0,normal
2025-04-16T19:00:00,Central_Fulfillment,14.8,22.7,0,19.7,15.7,normal
2025-04-16T20:00:00,Central_Fulfillment,13.6,21.4,0,17.1,14.5,normal
2025-04-16T21:00:00,Central_Fulfillment,12.3,15.8,0,15.1,16.2,normal
2025-04-16T22:00:00,Central_Fulfillment,12.0,16.6,0,12.4,15.8,normal
2025-04-16T23:00:00,Central_Fulfillment,12.7,20.6,0,12.1,17.2,normal
2025-04-16T00:00:00,Eastside_Fulfillment,12.8,20.8,0,13.0,14.3,normal
2025-04-16T01:00:00,Eastside_Fulfillment,9.2,15.1,0,11.9,16.9,normal
2025-04-16T02:00:00,Eastside_Fulfillment,12.5,18.6,0,11.6,16.2,normal
2025-04-16T03:00:00,Eastside_Fulfillment,6.9,14.4,0,12.1,15.8,normal
2025-04-16T04:00:00,Eastside_Fulfillment,4.4,12.0,0,12.6,15.5,normal
2025-04-16T05:00:00,Eastside_Fulfillment,8.1,16.7,0,15.2,15.7,normal
2025-04-16T06:00:00,Eastside_Fulfillment,8.2,13.7,0,16.5,16.7,normal
2025-04-16T07:00:00,Eastside_Fulfillment,7.7,15.4,0,17.4,17.0,normal
2025-04-16T08:00:00,Eastside_Fulfillment,9.6,17.5,0,21.4,14.7,normal
2025-04-16T09:00:00,Eastside_Fulfillment,5.9,14.8,0,21.6,15.8,normal
2025-04-16T10:00:00,Eastside_Fulfillment,9.8,18.6,0,23.5,14.9,normal
2025-04-16T11:00:00,Eastside_Fulfillment,13.8,20.1,0,24.1,15.5,normal
2025-04-16T12:00:00,Eastside_Fulfillment,10.8,13.6,0,24.3,17.0,normal
2025-04-16T13:00:00,Eastside_Fulfillment,14.8,16.8,0,25.0,15.6,normal
2025-04-16T14:00:00,Eastside_Fulfillment,12.7,14.9,0,24.3,15.5,normal
2025-04-16T15:00:00,Eastside_Fulfillment,14.5,17.0,0,25.4,15.1,normal
2025-04-16T16:00:00,Eastside_Fulfillment,15.3,21.6,0,21.9,14.5,normal
2025-04-16T17:00:00,Eastside_Fulfillment,15.3,22.4,0,20.9,16.9,normal
2025-04-16T18:00:00,Eastside_Fulfillment,12.2,20.3,0,19.4,17.4,normal
2025-04-16T19:00:00,Eastside_Fulfillment,16.8,23.1,0,17.4,16.2,normal
2025-04-16T20:00:00,Eastside_Fulfillment,15.2,20.4,0,15.6,15.1,normal
2025-04-16T21:00:00,Eastside_Fulfillment,13.4,16.2,0,15.3,15.3,normal
2025-04-16T22:00:00,Eastside_Fulfillment,10.5,17.5,0,11.5,16.1,normal
2025-04-16T23:00:00,Eastside_Fulfillment,12.0,18.3,0,10.7,15.1,normal
2025-04-17T00:00:00,Northside_Fulfillment,13.6,16.8,0,10.9,14.2,normal
2025-04-17T01:00:00,Northside_Fulfillment,10.3,17.3,0,12.6,17.4,normal
2025-04-17T02:00:00,Northside_Fulfillment,10.2,18.7,0,10.3,15.8,normal
2025-04-17T03:00:00,Northside_Fulfillment,9.6,15.7,0,11.6,14.9,normal
2025-04-17T04:00:00,Northside_Fulfillment,10.7,15.5,0,12.6,16.5,normal
2025-04-17T05:00:00,Northside_Fulfillment,8.2,12.8,0,13.3,14.0,normal
2025-04-17T06:00:00,Northside_Fulfillment,7.5,14.7,0,14.8,16.5,normal
2025-04-17T07:00:00,Northside_Fulfillment,7.5,15.2,0,18.9,17.4,normal
2025-04-17T08:00:00,Northside_Fulfillment,5.3,12.2,0,21.1,15.7,normal
2025-04-17T09:00:00,Northside_Fulfillment,7.7,13.7,0,21.9,14.8,normal
2025-04-17T10:00:00,Northside_Fulfillment,8.5,15.7,0,22.5,16.0,normal
2025-04-17T11:00:00,Northside_Fulfillment,8.5,13.5,0,23.9,15.9,normal
2025-04-17T12:00:00,Northside_Fulfillment,15.9,23.1,0,25.1,16.7,normal
2025-04-17T13:00:00,Northside_Fulfillment,10.9,17.6,0,25.7,17.1,normal
2025-04-17T14:00:00,Northside_Fulfillment,15.6,17.9,0,24.7,13.7,normal
2025-04-17T15:00:00,Northside_Fulfillment,14.3,21.9,0,23.5,16.8,normal
2025-04-17T16:00:00,Northside_Fulfillment,13.9,18.2,0,24.7,16.3,normal
2025-04-17T17:00:00,Northside_Fulfillment,15.1,22.1,0,22.2,15.3,normal
2025-04-17T18:00:00,Northside_Fulfillment,15.5,18.3,0,20.1,17.1,normal
2025-04-17T19:00:00,Northside_Fulfillment,15.3,24.0,0,18.1,16.0,normal
2025-04-17T20:00:00,Northside_Fulfillment,15.7,21.5,0,16.3,15.6,normal
2025-04-17T21:00:00,Northside_Fulfillment,14.7,17.6,0,14.5,15.2,normal
2025-04-17T22:00:00,Northside_Fulfillment,11.6,19.8,0,14.1,15.6,normal
2025-04-17T23:00:00,Northside_Fulfillment,9.7,15.2,0,11.6,15.6,normal
2025-04-17T00:00:00,Central_Fulfillment,9.7,12.8,0,11.6,16.3,normal
2025-04-17T01:00:00,Central_Fulfillment,8.5,11.1,0,10.2,15.7,normal
2025-04-17T02:00:00,Central_Fulfillment,8.1,11.7,0,10.6,16.1,normal
2025-04-17T03:00:00,Central_Fulfillment,10.8,16.6,0,10.4,16.3,normal
2025-04-17T04:00:00,Central_Fulfillment,8.9,11.2,0,13.5,16.4,normal
2025-04-17T05:00:00,Central_Fulfillment,6.4,10.6,0,15.0,14.1,normal
2025-04-17T06:00:00,Central_Fulfillment,8.4,13.8,0,17.0,16.1,normal
2025-04-17T07:00:00,Central_Fulfillment,4.3,13.1,0,17.4,15.6,normal
2025-04-17T08:00:00,Central_Fulfillment,9.1,11.2,0,18.3,16.4,normal
2025-04-17T09:00:00,Central_Fulfillment,7.3,12.1,0,21.8,13.9,normal
2025-04-17T10:00:00,Central_Fulfillment,12.8,20.5,0,22.2,16.0,normal
2025-04-17T11:00:00,Central_Fulfillment,15.0,18.8,0,24.1,16.5,normal
2025-04-17T12:00:00,Central_Fulfillment,14.4,21.2,0,25.1,14.8,normal
2025-04-17T13:00:00,Central_Fulfillment,13.1,21.3,0,25.1,16.9,normal
2025-04-17T14:00:00,Central_Fulfillment,16.1,25.0,0,24.3,16.5,normal
2025-04-17T15:00:00,Central_Fulfillment,11.0,14.0,0,22.6,15.0,normal
2025-04-17T16:00:00,Central_Fulfillment,11.1,18.0,0,22.5,16.1,normal
2025-04-17T17:00:00,Central_Fulfillment,13.7,18.8,0,21.3,14.9,normal
2025-04-17T18:00:00,Central_Fulfillment,20.0,23.9,0,19.4,15.8,normal
2025-04-17T19:00:00,Central_Fulfillment,15.3,22.0,0,18.0,14.6,normal
2025-04-17T20:00:00,Central_Fulfillment,15.3,17.3,0,15.0,15.4,normal
2025-04-17T21:00:00,Central_Fulfillment,12.3,18.3,0,14.8,16.1,normal
2025-04-17T22:00:00,Central_Fulfillment,12.4,14.9,0,13.2,14.5,normal
2025-04-17T23:00:00,Central_Fulfillment,14.0,21.8,0,12.5,16.1,normal
2025-04-17T00:00:00,Eastside_Fulfillment,11.6,17.1,0,11.6,15.9,normal
2025-04-17T01:00:00,Eastside_Fulfillment,11.4,15.7,0,10.5,15.3,normal
2025-04-17T02:00:00,Eastside_Fulfillment,6.1,13.4,0,12.2,15.9,normal
2025-04-17T03:00:00,Eastside_Fulfillment,8.9,16.8,0,11.9,17.3,normal
2025-04-17T04:00:00,Eastside_Fulfillment,3.3,8.8,0,13.8,15.1,normal
2025-04-17T05:00:00,Eastside_Fulfillment,5.5,12.9,0,16.1,16.4,normal
2025-04-17T06:00:00,Eastside_Fulfillment,6.7,9.1,0,15.2,15.9,normal
2025-04-17T07:00:00,Eastside_Fulfillment,7.0,11.7,0,17.6,17.0,normal
2025-04-17T08:00:00,Eastside_Fulfillment,10.3,13.8,0,19.5,14.9,normal
2025-04-17T09:00:00,Eastside_Fulfillment,8.9,11.5,0,22.6,16.4,normal
2025-04-17T10:00:00,Eastside_Fulfillment,9.1,11.5,0,22.3,14.9,normal
2025-04-17T11:00:00,Eastside_Fulfillment,11.4,18.3,0,24.8,15.3,normal
2025-04-17T12:00:00,Eastside_Fulfillment,11.2,14.1,0,25.2,16.4,normal
2025-04-17T13:00:00,Eastside_Fulfillment,13.9,16.0,0,25.1,16.0,normal
2025-04-17T14:00:00,Eastside_Fulfillment,12.0,14.8,0,24.2,15.6,normal
2025-04-17T15:00:00,Eastside_Fulfillment,17.3,20.7,0,24.3,14.8,normal
2025-04-17T16:00:00,Eastside_Fulfillment,12.8,14.8,0,22.3,15.7,normal
2025-04-17T17:00:00,Eastside_Fulfillment,15.0,18.2,0,20.3,17.2,normal
2025-04-17T18:00:00,Eastside_Fulfillment,10.8,18.1,0,19.2,16.6,normal
2025-04-17T19:00:00,Eastside_Fulfillment,16.3,18.8,0,18.0,15.1,normal
2025-04-17T20:00:00,Eastside_Fulfillment,13.7,20.7,0,17.3,16.6,normal
2025-04-17T21:00:00,Eastside_Fulfillment,14.0,22.6,0,14.0,15.1,normal
2025-04-17T22:00:00,Eastside_Fulfillment,11.9,16.8,0,11.1,18,normal
2025-04-17T23:00:00,Eastside_Fulfillment,7.8,16.5,0,12.0,17.1,normal
2025-04-18T00:00:00,Northside_Fulfillment,9.5,18.1,0,11.6,15.9,normal
2025-04-18T01:00:00,Northside_Fulfillment,5.8,14.6,0,10.6,16.3,normal
2025-04-18T02:00:00,Northside_Fulfillment,9.0,12.7,0,12.6,16.3,normal
2025-04-18T03:00:00,Northside_Fulfillment,6.0,12.6,0,12.1,15.1,normal
2025-04-18T04:00:00,Northside_Fulfillment,12.0,17.2,0,12.4,15.5,normal
2025-04-18T05:00:00,Northside_Fulfillment,11.0,15.6,0,14.2,15.9,normal
2025-04-18T06:00:00,Northside_Fulfillment,3.5,7.5,0,15.8,15.9,normal
2025-04-18T07:00:00,Northside_Fulfillment,8.8,13.7,0,19.2,16.2,normal
2025-04-18T08:00:00,Northside_Fulfillment,9.6,18.6,0,20.3,16.9,normal
2025-04-18T09:00:00,Northside_Fulfillment,7.9,12.6,0,20.1,15.4,normal
2025-04-18T10:00:00,Northside_Fulfillment,11.2,16.6,0,21.6,16.5,normal
2025-04-18T11:00:00,Northside_Fulfillment,9.3,14.8,0,25.4,14.1,normal
2025-04-18T12:00:00,Northside_Fulfillment,13.4,21.7,0,25.2,17.6,normal
2025-04-18T13:00:00,Northside_Fulfillment,14.0,17.0,0,24.9,17.1,normal
2025-04-18T14:00:00,Northside_Fulfillment,12.0,20.3,0,24.5,15.2,normal
2025-04-18T15:00:00,Northside_Fulfillment,15.3,17.4,0,23.4,16.6,normal
2025-04-18T16:00:00,Northside_Fulfillment,14.5,21.0,0,24.1,14.0,normal
2025-04-18T17:00:00,Northside_Fulfillment,14.2,20.1,0,21.1,13.7,normal
2025-04-18T18:00:00,Northside_Fulfillment,13.5,21.1,0,19.9,16.3,normal
2025-04-18T19:00:00,Northside_Fulfillment,12.7,16.9,0,18.6,15.5,normal
2025-04-18T20:00:00,Northside_Fulfillment,11.8,18.2,0,18.2,17.5,normal
2025-04-18T21:00:00,Northside_Fulfillment,13.2,21.5,0,13.5,15.5,normal
2025-04-18T22:00:00,Northside_Fulfillment,10.8,17.9,0,13.9,14.7,normal
2025-04-18T23:00:00,Northside_Fulfillment,13.8,16.1,0,12.9,16.1,normal
2025-04-18T00:00:00,Central_Fulfillment,10.2,13.5,0,11.1,17.1,normal
2025-04-18T01:00:00,Central_Fulfillment,6.8,10.1,0,11.0,15.8,normal
2025-04-18T02:00:00,Central_Fulfillment,8.2,16.6,0,12.0,15.7,normal
2025-04-18T03:00:00,Central_Fulfillment,7.0,14.6,0,12.6,14.6,normal
2025-04-18T04:00:00,Central_Fulfillment,7.8,14.1,0,10.6,14.9,normal
2025-04-18T05:00:00,Central_Fulfillment,7.1,11.1,0,13.9,18,normal
2025-04-18T06:00:00,Central_Fulfillment,3.4,7.6,0,15.9,17.1,normal
2025-04-18T07:00:00,Central_Fulfillment,11.0,18.6,0,18.4,15.9,normal
2025-04-18T08:00:00,Central_Fulfillment,7.6,11.1,0,19.5,16.6,normal
2025-04-18T09:00:00,Central_Fulfillment,11.6,16.9,0,21.7,14.1,normal
2025-04-18T10:00:00,Central_Fulfillment,10.6,13.8,0,23.2,14.8,normal
2025-04-18T11:00:00,Central_Fulfillment,11.4,20.4,0,23.8,13.9,normal
2025-04-18T12:00:00,Central_Fulfillment,13.7,17.7,0,24.8,16.1,normal
2025-04-18T13:00:00,Central_Fulfillment,14.3,23.0,0,26.1,17.0,normal
2025-04-18T14:00:00,Central_Fulfillment,17.1,22.0,0,24.6,17.6,normal
2025-04-18T15:00:00,Central_Fulfillment,14.2,22.3,0,24.0,15.7,normal
2025-04-18T16:00:00,Central_Fulfillment,14.2,18.5,0,22.8,16.5,normal
2025-04-18T17:00:00,Central_Fulfillment,14.8,20.6,0,20.6,13.9,normal
2025-04-18T18:00:00,Central_Fulfillment,17.5,22.6,0,19.6,17.5,normal
2025-04-18T19:00:00,Central_Fulfillment,18.5,24.3,0,18.7,16.1,normal
2025-04-18T20:00:00,Central_Fulfillment,12.9,21.2,0,16.0,18,normal
2025-04-18T21:00:00,Central_Fulfillment,14.0,20.6,0,15.3,16.6,normal
2025-04-18T22:00:00,Central_Fulfillment,15.3,23.2,0,14.1,15.7,normal
2025-04-18T23:00:00,Central_Fulfillment,14.2,21.0,0,12.1,15.6,normal
2025-04-18T00:00:00,Eastside_Fulfillment,10.3,17.9,0,10.2,15.8,normal
2025-04-18T01:00:00,Eastside_Fulfillment,11.3,14.6,0,11.2,15.2,normal
2025-04-18T02:00:00,Eastside_Fulfillment,7.7,15.9,0,10.8,16.1,normal
2025-04-18T03:00:00,Eastside_Fulfillment,5.3,11.2,0,10.4,15.8,normal
2025-04-18T04:00:00,Eastside_Fulfillment,7.0,12.0,0,13.4,15.7,normal
2025-04-18T05:00:00,Eastside_Fulfillment,5.9,9.2,0,13.6,17.4,normal
2025-04-18T06:00:00,Eastside_Fulfillment,4.6,7.9,0,17.3,17.7,normal
2025-04-18T07:00:00,Eastside_Fulfillment,6.5,15.3,0,18.2,16.2,normal
2025-04-18T08:00:00,Eastside_Fulfillment,8.2,14.0,0,19.4,16.4,normal
2025-04-18T09:00:00,Eastside_Fulfillment,6.4,14.3,0,21.5,16.6,normal
2025-04-18T10:00:00,Eastside_Fulfillment,9.1,16.1,0,23.8,17.2,normal
2025-04-18T11:00:00,Eastside_Fulfillment,11.0,15.6,0,24.0,15.2,normal
2025-04-18T12:00:00,Eastside_Fulfillment,12.1,16.2,0,23.7,17.3,normal
2025-04-18T13:00:00,Eastside_Fulfillment,10.6,14.2,0,25.5,15.7,normal
2025-04-18T14:00:00,Eastside_Fulfillment,12.7,15.8,0,26.1,16.2,normal
2025-04-18T15:00:00,Eastside_Fulfillment,13.2,18.2,0,23.9,17.0,normal
2025-04-18T16:00:00,Eastside_Fulfillment,13.7,18.5,0,22.9,16.5,normal
2025-04-18T17:00:00,Eastside_Fulfillment,15.5,22.8,0,21.9,14.2,normal
2025-04-18T18:00:00,Eastside_Fulfillment,19.5,25.3,0,20.5,16.2,normal
2025-04-18T19:00:00,Eastside_Fulfillment,12.0,19.8,0,17.7,16.8,normal
2025-04-18T20:00:00,Eastside_Fulfillment,15.9,21.9,0,15.4,16.5,normal
2025-04-18T21:00:00,Eastside_Fulfillment,13.1,18.8,0,15.5,16.5,normal
2025-04-18T22:00:00,Eastside_Fulfillment,12.4,20.0,0,12.5,16.5,normal
2025-04-18T23:00:00,Eastside_Fulfillment,12.5,16.2,0,10.9,16.3,normal
2025-04-19T00:00:00,Northside_Fulfillment,15.4,19.7,0,11.1,15.3,normal
2025-04-19T01:00:00,Northside_Fulfillment,10.6,14.3,0,11.4,14.2,normal
2025-04-19T02:00:00,Northside_Fulfillment,10.2,15.1,0,11.3,15.0,normal
2025-04-19T03:00:00,Northside_Fulfillment,9.6,13.0,0,10.7,15.7,normal
2025-04-19T04:00:00,Northside_Fulfillment,7.2,14.3,0,11.9,14.9,normal
2025-04-19T05:00:00,Northside_Fulfillment,6.9,11.4,0,14.0,17.0,normal
2025-04-19T06:00:00,Northside_Fulfillment,8.0,10.4,0,15.6,14.8,normal
2025-04-19T07:00:00,Northside_Fulfillment,5.4,7.7,0,17.3,16.6,normal
2025-04-19T08:00:00,Northside_Fulfillment,7.4,14.1,0,20.9,15.6,normal
2025-04-19T09:00:00,Northside_Fulfillment,10.2,16.4,0,22.3,16.5,normal
2025-04-19T10:00:00,Northside_Fulfillment,9.5,12.4,0,23.2,16.5,normal
2025-04-19T11:00:00,Northside_Fulfillment,9.6,18.3,0,24.0,12.6,normal
2025-04-19T12:00:00,Northside_Fulfillment,11.6,16.6,0,24.1,15.1,normal
2025-04-19T13:00:00,Northside_Fulfillment,10.5,17.4,0,23.4,15.2,normal
2025-04-19T14:00:00,Northside_Fulfillment,12.9,19.4,0,24.5,16.3,normal
2025-04-19T15:00:00,Northside_Fulfillment,16.6,25.1,0,24.9,15.6,normal
2025-04-19T16:00:00,Northside_Fulfillment,15.4,23.9,0,23.3,15.9,normal
2025-04-19T17:00:00,Northside_Fulfillment,17.8,25.3,0,21.0,17.1,normal
2025-04-19T18:00:00,Northside_Fulfillment,14.6,23.1,0,22.0,17.8,normal
2025-04-19T19:00:00,Northside_Fulfillment,15.1,20.5,0,19.0,16.0,normal
2025-04-19T20:00:00,Northside_Fulfillment,11.9,16.8,0,15.7,14.8,normal
2025-04-19T21:00:00,Northside_Fulfillment,16.9,19.8,0,14.5,15.5,normal
2025-04-19T22:00:00,Northside_Fulfillment,14.0,20.5,0,12.9,16.4,normal
2025-04-19T23:00:00,Northside_Fulfillment,9.2,13.9,0,11.7,16.1,normal
2025-04-19T00:00:00,Central_Fulfillment,9.0,16.9,0,12.6,16.0,normal
2025-04-19T01:00:00,Central_Fulfillment,9.8,14.7,0,9.0,13.5,normal
2025-04-19T02:00:00,Central_Fulfillment,6.9,13.6,0,10.4,14.5,normal
2025-04-19T03:00:00,Central_Fulfillment,4.7,8.6,0,12.4,15.5,normal
2025-04-19T04:00:00,Central_Fulfillment,6.8,15.5,0,13.6,15.0,normal
2025-04-19T05:00:00,Central_Fulfillment,7.5,10.1,0,15.9,16.9,normal
2025-04-19T06:00:00,Central_Fulfillment,7.6,14.3,0,16.2,16.7,normal
2025-04-19T07:00:00,Central_Fulfillment,5.5,13.1,0,17.4,16.4,normal
2025-04-19T08:00:00,Central_Fulfillment,11.4,14.4,0,17.8,17.7,normal
2025-04-19T09:00:00,Central_Fulfillment,8.7,15.3,0,22.1,14.5,normal
2025-04-19T10:00:00,Central_Fulfillment,8.7,11.2,0,23.7,15.0,normal
2025-04-19T11:00:00,Central_Fulfillment,9.3,16.6,0,23.0,16.1,normal
2025-04-19T12:00:00,Central_Fulfillment,10.2,14.7,0,24.3,16.4,normal
2025-04-19T13:00:00,Central_Fulfillment,14.1,21.6,0,24.8,16.3,normal
2025-04-19T14:00:00,Central_Fulfillment,15.3,21.8,0,23.6,15.9,normal
2025-04-19T15:00:00,Central_Fulfillment,12.0,16.4,0,24.0,14.0,normal
2025-04-19T16:00:00,Central_Fulfillment,13.1,20.4,0,23.8,15.8,normal
2025-04-19T17:00:00,Central_Fulfillment,13.3,20.8,0,21.2,15.8,normal
2025-04-19T18:00:00,Central_Fulfillment,13.8,17.5,0,20.8,14.7,normal
2025-04-19T19:00:00,Central_Fulfillment,15.5,18.3,0,18.8,16.2,normal
2025-04-19T20:00:00,Central_Fulfillment,11.7,17.1,0,17.0,16.3,normal
2025-04-19T21:00:00,Central_Fulfillment,14.9,22.8,0,14.2,16.1,normal
2025-04-19T22:00:00,Central_Fulfillment,10.0,16.1,0,12.3,16.1,normal
2025-04-19T23:00:00,Central_Fulfillment,10.2,18.4,0,11.8,16.7,normal
2025-04-19T00:00:00,Eastside_Fulfillment,9.4,12.8,0,12.3,17.0,normal
2025-04-19T01:00:00,Eastside_Fulfillment,8.3,12.2,0,11.8,17.4,normal
2025-04-19T02:00:00,Eastside_Fulfillment,6.3,10.5,0,9.7,16.2,normal
2025-04-19T03:00:00,Eastside_Fulfillment,8.9,15.0,0,11.8,16.3,normal
2025-04-19T04:00:00,Eastside_Fulfillment,6.9,15.3,0,13.3,16.3,normal
2025-04-19T05:00:00,Eastside_Fulfillment,6.6,14.5,0,14.1,15.5,normal
2025-04-19T06:00:00,Eastside_Fulfillment,3.3,8.5,0,16.8,14.1,normal
2025-04-19T07:00:00,Eastside_Fulfillment,10.6,14.5,0,16.5,15.2,normal
2025-04-19T08:00:00,Eastside_Fulfillment,9.3,11.9,0,21.3,15.3,normal
2025-04-19T09:00:00,Eastside_Fulfillment,10.0,18.3,0,21.7,15.0,normal
2025-04-19T10:00:00,Eastside_Fulfillment,10.4,17.8,0,22.8,16.7,normal
2025-04-19T11:00:00,Eastside_Fulfillment,10.7,14.9,0,25.7,16.9,normal
2025-04-19T12:00:00,Eastside_Fulfillment,12.5,15.2,0,24.9,17.5,normal
2025-04-19T13:00:00,Eastside_Fulfillment,12.3,19.7,0,26.5,15.2,normal
2025-04-19T14:00:00,Eastside_Fulfillment,16.7,18.9,0,25.6,16.6,normal
2025-04-19T15:00:00,Eastside_Fulfillment,14.3,22.5,0,24.1,15.9,normal
2025-04-19T16:00:00,Eastside_Fulfillment,13.7,21.7,0,21.2,17.8,normal
2025-04-19T17:00:00,Eastside_Fulfillment,14.0,21.8,0,21.9,15.7,normal
2025-04-19T18:00:00,Eastside_Fulfillment,22.2,27.8,0,20.5,16.5,normal
2025-04-19T19:00:00,Eastside_Fulfillment,15.2,21.6,0,18.8,16.2,normal
2025-04-19T20:00:00,Eastside_Fulfillment,15.8,22.1,0,15.1,16.6,normal
2025-04-19T21:00:00,Eastside_Fulfillment,13.1,17.9,0,13.9,15.7,normal
2025-04-19T22:00:00,Eastside_Fulfillment,10.8,15.0,0,13.5,15.7,normal
2025-04-19T23:00:00,Eastside_Fulfillment,9.1,11.9,0,11.3,14.2,normal
2025-04-20T00:00:00,Northside_Fulfillment,9.8,13.7,0,10.8,17.0,normal
2025-04-20T01:00:00,Northside_Fulfillment,12.0,14.7,0,12.2,14.1,normal
2025-04-20T02:00:00,Northside_Fulfillment,7.7,12.5,0,10.8,16.3,normal
2025-04-20T03:00:00,Northside_Fulfillment,9.1,16.4,0,11.6,15.8,normal
2025-04-20T04:00:00,Northside_Fulfillment,6.5,10.1,0,13.9,16.4,normal
2025-04-20T05:00:00,Northside_Fulfillment,6.6,15.2,0,15.8,16.8,normal
2025-04-20T06:00:00,Northside_Fulfillment,9.7,11.7,0,16.3,15.7,normal
2025-04-20T07:00:00,Northside_Fulfillment,9.5,17.0,0,16.5,15.0,normal
2025-04-20T08:00:00,Northside_Fulfillment,6.5,9.6,0,20.8,15.4,normal
2025-04-20T09:00:00,Northside_Fulfillment,12.8,15.7,0,21.6,18,normal
2025-04-20T10:00:00,Northside_Fulfillment,13.4,15.8,0,23.4,16.4,normal
2025-04-20T11:00:00,Northside_Fulfillment,10.7,18.2,0,23.4,15.6,normal
2025-04-20T12:00:00,Northside_Fulfillment,11.3,14.0,0,23.9,17.1,normal
2025-04-20T13:00:00,Northside_Fulfillment,11.9,13.9,0,24.5,16.0,normal
2025-04-20T14:00:00,Northside_Fulfillment,14.3,19.7,0,24.2,15.7,normal
2025-04-20T15:00:00,Northside_Fulfillment,14.9,23.1,0,24.5,15.8,normal
2025-04-20T16:00:00,Northside_Fulfillment,18.4,25.3,0,23.9,17.1,normal
2025-04-20T17:00:00,Northside_Fulfillment,15.9,20.6,0,21.0,17.0,normal
2025-04-20T18:00:00,Northside_Fulfillment,17.5,23.4,0,19.7,14.7,normal
2025-04-20T19:00:00,Northside_Fulfillment,13.3,20.8,0,17.1,18,normal
2025-04-20T20:00:00,Northside_Fulfillment,14.0,18.8,0,16.2,15.8,normal
2025-04-20T21:00:00,Northside_Fulfillment,12.6,20.5,0,15.1,15.4,normal
2025-04-20T22:00:00,Northside_Fulfillment,12.7,19.6,0,13.6,17.5,normal
2025-04-20T23:00:00,Northside_Fulfillment,7.0,12.5,0,11.2,16.0,normal
2025-04-20T00:00:00,Central_Fulfillment,10.0,13.7,0,10.4,15.3,normal
2025-04-20T01:00:00,Central_Fulfillment,8.4,15.7,0,10.0,15.0,normal
2025-04-20T02:00:00,Central_Fulfillment,8.7,12.8,0,12.2,16.4,normal
2025-04-20T03:00:00,Central_Fulfillment,7.5,10.5,0,11.3,15.6,normal
2025-04-20T04:00:00,Central_Fulfillment,4.1,11.3,0,12.1,18,normal
2025-04-20T05:00:00,Central_Fulfillment,9.6,12.9,0,14.8,15.5,normal
2025-04-20T06:00:00,Central_Fulfillment,6.6,14.9,0,17.2,16.2,normal
2025-04-20T07:00:00,Central_Fulfillment,6.7,13.3,0,17.0,17.5,normal
2025-04-20T08:00:00,Central_Fulfillment,7.2,13.7,0,17.6,17.2,normal
2025-04-20T09:00:00,Central_Fulfillment,13.3,15.4,0,22.6,14.1,normal
2025-04-20T10:00:00,Central_Fulfillment,10.0,16.8,0,23.6,15.1,normal
2025-04-20T11:00:00,Central_Fulfillment,11.6,15.0,0,23.5,14.8,normal
2025-04-20T12:00:00,Central_Fulfillment,9.2,13.5,0,24.9,16.6,normal
2025-04-20T13:00:00,Central_Fulfillment,12.2,16.8,0,25.8,14.9,normal
2025-04-20T14:00:00,Central_Fulfillment,13.1,17.1,0,24.5,15.6,normal
2025-04-20T15:00:00,Central_Fulfillment,15.1,17.3,0,24.0,16.1,normal
2025-04-20T16:00:00,Central_Fulfillment,12.6,17.9,0,22.4,15.8,normal
2025-04-20T17:00:00,Central_Fulfillment,15.9,19.3,0,21.2,14.9,normal
2025-04-20T18:00:00,Central_Fulfillment,13.8,20.7,0,18.9,15.3,normal
2025-04-20T19:00:00,Central_Fulfillment,10.7,19.3,0,17.9,18,normal
2025-04-20T20:00:00,Central_Fulfillment,12.2,18.4,0,17.2,16.7,normal
2025-04-20T21:00:00,Central_Fulfillment,12.3,18.7,0,15.4,14.3,normal
2025-04-20T22:00:00,Central_Fulfillment,10.6,16.3,0,11.7,16.2,normal
2025-04-20T23:00:00,Central_Fulfillment,14.7,16.9,0,12.3,15.2,normal
2025-04-20T00:00:00,Eastside_Fulfillment,8.1,11.9,0,12.1,15.2,normal
2025-04-20T01:00:00,Eastside_Fulfillment,9.6,15.5,0,11.4,17.0,normal
2025-04-20T02:00:00,Eastside_Fulfillment,3.3,10.6,0,11.4,16.1,normal
2025-04-20T03:00:00,Eastside_Fulfillment,7.7,11.4,0,10.7,17.5,normal
2025-04-20T04:00:00,Eastside_Fulfillment,8.5,11.1,0,13.7,17.6,normal
2025-04-20T05:00:00,Eastside_Fulfillment,10.4,18.7,0,14.3,15.8,normal
2025-04-20T06:00:00,Eastside_Fulfillment,8.1,15.4,0,17.0,15.7,normal
2025-04-20T07:00:00,Eastside_Fulfillment,9.8,15.7,0,17.3,16.6,normal
2025-04-20T08:00:00,Eastside_Fulfillment,8.3,11.6,0,19.7,15.5,normal
2025-04-20T09:00:00,Eastside_Fulfillment,6.8,12.2,0,22.3,14.9,normal
2025-04-20T10:00:00,Eastside_Fulfillment,9.3,16.6,0,23.1,15.9,normal
2025-04-20T11:00:00,Eastside_Fulfillment,11.3,16.5,0,24.5,17.3,normal
2025-04-20T12:00:00,Eastside_Fulfillment,14.6,22.8,0,24.0,15.1,normal
2025-04-20T13:00:00,Eastside_Fulfillment,11.2,18.3,0,24.1,15.3,normal
2025-04-20T14:00:00,Eastside_Fulfillment,14.8,22.6,0,25.5,16.1,normal
2025-04-20T15:00:00,Eastside_Fulfillment,15.1,22.0,0,24.8,16.3,normal
2025-04-20T16:00:00,Eastside_Fulfillment,14.3,18.3,0,22.5,17.8,normal
2025-04-20T17:00:00,Eastside_Fulfillment,12.4,16.5,0,22.2,15.5,normal
2025-04-20T18:00:00,Eastside_Fulfillment,10.5,18.5,0,20.7,16.3,normal
2025-04-20T19:00:00,Eastside_Fulfillment,16.5,23.6,0,17.2,15.3,normal
2025-04-20T20:00:00,Eastside_Fulfillment,14.6,20.0,0,15.6,17.0,normal
2025-04-20T21:00:00,Eastside_Fulfillment,15.6,18.3,0,13.6,17.0,normal
2025-04-20T22:00:00,Eastside_Fulfillment,11.7,18.3,0,13.9,14.7,normal
2025-04-20T23:00:00,Eastside_Fulfillment,5.9,11.4,0,11.8,16.2,normal
2025-04-21T00:00:00,Northside_Fulfillment,7.2,14.0,0,13.8,15.7,normal
2025-04-21T01:00:00,Northside_Fulfillment,9.5,15.3,0,11.8,16.4,normal
2025-04-21T02:00:00,Northside_Fulfillment,4.7,9.7,0,10.7,16.7,normal
2025-04-21T03:00:00,Northside_Fulfillment,9.8,12.3,0,13.4,15.4,normal
2025-04-21T04:00:00,Northside_Fulfillment,8.8,11.5,0,13.4,15.3,normal
2025-04-21T05:00:00,Northside_Fulfillment,9.5,16.7,0,15.0,14.2,normal
2025-04-21T06:00:00,Northside_Fulfillment,8.9,15.3,0,15.9,15.8,normal
2025-04-21T07:00:00,Northside_Fulfillment,5.5,8.2,0,18.0,18,normal
2025-04-21T08:00:00,Northside_Fulfillment,5.6,13.5,0,19.0,17.0,normal
2025-04-21T09:00:00,Northside_Fulfillment,12.1,15.1,0,22.6,17.9,normal
2025-04-21T10:00:00,Northside_Fulfillment,10.6,12.8,0,23.4,16.7,normal
2025-04-21T11:00:00,Northside_Fulfillment,11.3,18.6,0,23.0,15.3,normal
2025-04-21T12:00:00,Northside_Fulfillment,12.3,19.8,0,24.9,17.1,normal
2025-04-21T13:00:00,Northside_Fulfillment,12.4,18.5,0,23.6,14.4,normal
2025-04-21T14:00:00,Northside_Fulfillment,13.1,22.0,0,24.7,15.9,normal
2025-04-21T15:00:00,Northside_Fulfillment,14.8,23.7,0,23.8,16.6,normal
2025-04-21T16:00:00,Northside_Fulfillment,12.7,19.4,0,23.5,15.7,normal
2025-04-21T17:00:00,Northside_Fulfillment,13.7,17.5,0,21.0,16.5,normal
2025-04-21T18:00:00,Northside_Fulfillment,16.2,22.1,0,19.8,14.4,normal
2025-04-21T19:00:00,Northside_Fulfillment,14.6,21.9,0,17.8,15.3,normal
2025-04-21T20:00:00,Northside_Fulfillment,13.4,19.3,0,16.8,16.2,normal
2025-04-21T21:00:00,Northside_Fulfillment,11.7,19.0,0,14.6,14.8,normal
2025-04-21T22:00:00,Northside_Fulfillment,12.7,18.9,0,11.9,15.9,normal
2025-04-21T23:00:00,Northside_Fulfillment,11.2,16.5,0,11.5,15.6,normal
2025-04-21T00:00:00,Central_Fulfillment,9.3,15.6,0,10.9,15.0,normal
2025-04-21T01:00:00,Central_Fulfillment,7.2,14.7,0,10.5,15.6,normal
2025-04-21T02:00:00,Central_Fulfillment,11.3,15.7,0,11.3,14.6,normal
2025-04-21T03:00:00,Central_Fulfillment,8.3,15.7,0,10.8,16.4,normal
2025-04-21T04:00:00,Central_Fulfillment,6.2,9.9,0,11.7,15.6,normal
2025-04-21T05:00:00,Central_Fulfillment,7.5,12.9,0,15.9,16.4,normal
2025-04-21T06:00:00,Central_Fulfillment,6.1,12.7,0,15.7,16.0,normal
2025-04-21T07:00:00,Central_Fulfillment,6.5,9.8,0,18.1,17.5,normal
2025-04-21T08:00:00,Central_Fulfillment,8.5,16.8,0,19.7,14.6,normal
2025-04-21T09:00:00,Central_Fulfillment,8.1,13.0,0,21.0,16.2,normal
2025-04-21T10:00:00,Central_Fulfillment,9.4,15.6,0,23.1,14.8,normal
2025-04-21T11:00:00,Central_Fulfillment,15.0,22.1,0,23.4,17.3,normal
2025-04-21T12:00:00,Central_Fulfillment,8.4,15.1,0,24.5,16.5,normal
2025-04-21T13:00:00,Central_Fulfillment,14.7,19.8,0,25.5,16.4,normal
2025-04-21T14:00:00,Central_Fulfillment,12.6,17.4,0,24.5,16.8,normal
2025-04-21T15:00:00,Central_Fulfillment,12.8,17.9,0,24.3,16.9,normal
2025-04-21T16:00:00,Central_Fulfillment,13.3,21.3,0,22.8,14.8,normal
2025-04-21T17:00:00,Central_Fulfillment,17.2,23.1,0,20.8,16.3,normal
2025-04-21T18:00:00,Central_Fulfillment,11.2,16.3,0,19.4,15.7,normal
2025-04-21T19:00:00,Central_Fulfillment,16.0,24.7,0,17.5,15.9,normal
2025-04-21T20:00:00,Central_Fulfillment,14.3,19.8,0,17.2,16.4,normal
2025-04-21T21:00:00,Central_Fulfillment,14.1,16.7,0,13.8,14.1,normal
2025-04-21T22:00:00,Central_Fulfillment,12.3,21.0,0,12.9,14.4,normal
2025-04-21T23:00:00,Central_Fulfillment,11.0,19.2,0,12.3,15.8,normal
2025-04-21T00:00:00,Eastside_Fulfillment,9.6,12.0,0,13.0,13.9,normal
2025-04-21T01:00:00,Eastside_Fulfillment,9.7,11.9,0,12.2,17.2,normal
2025-04-21T02:00:00,Eastside_Fulfillment,8.7,11.6,0,10.0,16.7,normal
2025-04-21T03:00:00,Eastside_Fulfillment,7.1,10.9,0,10.7,17.1,normal
2025-04-21T04:00:00,Eastside_Fulfillment,9.2,13.5,0,13.4,17.5,normal
2025-04-21T05:00:00,Eastside_Fulfillment,6.5,15.1,0,14.0,16.9,normal
2025-04-21T06:00:00,Eastside_Fulfillment,7.5,10.1,0,17.4,15.1,normal
2025-04-21T07:00:00,Eastside_Fulfillment,2,4.1,0,17.2,14.8,normal
2025-04-21T08:00:00,Eastside_Fulfillment,10.4,13.6,0,21.1,15.5,normal
2025-04-21T09:00:00,Eastside_Fulfillment,8.6,14.7,0,20.7,17.4,normal
2025-04-21T10:00:00,Eastside_Fulfillment,6.6,10.2,0,22.8,17.3,normal
2025-04-21T11:00:00,Eastside_Fulfillment,9.8,13.0,0,23.4,16.9,normal
2025-04-21T12:00:00,Eastside_Fulfillment,14.7,18.0,0,25.9,15.9,normal
2025-04-21T13:00:00,Eastside_Fulfillment,12.0,20.4,0,25.0,14.3,normal
2025-04-21T14:00:00,Eastside_Fulfillment,10.9,15.5,0,25.1,13.9,normal
2025-04-21T15:00:00,Eastside_Fulfillment,13.0,16.9,0,22.9,16.7,normal
2025-04-21T16:00:00,Eastside_Fulfillment,17.5,19.8,0,22.8,17.6,normal
2025-04-21T17:00:00,Eastside_Fulfillment,13.8,20.0,0,20.8,16.3,normal
2025-04-21T18:00:00,Eastside_Fulfillment,16.8,25.4,0,20.1,14.4,normal
2025-04-21T19:00:00,Eastside_Fulfillment,13.8,20.7,0,17.6,15.1,normal
2025-04-21T20:00:00,Eastside_Fulfillment,14.7,23.1,0,15.9,14.8,normal
2025-04-21T21:00:00,Eastside_Fulfillment,9.1,12.9,0,14.1,15.4,normal
2025-04-21T22:00:00,Eastside_Fulfillment,12.3,18.2,0,12.5,16.4,normal
2025-04-21T23:00:00,Eastside_Fulfillment,13.2,22.0,0,13.6,16.9,normal
2025-04-22T00:00:00,Northside_Fulfillment,9.3,16.1,0,10.5,17.9,normal
2025-04-22T01:00:00,Northside_Fulfillment,7.2,10.4,0,10.2,16.4,normal
2025-04-22T02:00:00,Northside_Fulfillment,10.8,15.4,0,10.7,15.3,normal
2025-04-22T03:00:00,Northside_Fulfillment,8.6,15.5,0,12.7,15.4,normal
2025-04-22T04:00:00,Northside_Fulfillment,8.1,16.6,0,14.4,15.9,normal
2025-04-22T05:00:00,Northside_Fulfillment,5.4,13.7,0,13.8,14.4,normal
2025-04-22T06:00:00,Northside_Fulfillment,8.0,10.2,0,17.5,15.8,normal
2025-04-22T07:00:00,Northside_Fulfillment,7.3,10.6,0,19.4,17.7,normal
2025-04-22T08:00:00,Northside_Fulfillment,10.4,18.7,0,19.5,16.4,normal
2025-04-22T09:00:00,Northside_Fulfillment,8.8,17.4,0,21.1,15.0,normal
2025-04-22T10:00:00,Northside_Fulfillment,11.9,14.6,0,21.8,16.5,normal
2025-04-22T11:00:00,Northside_Fulfillment,13.2,18.9,0,24.2,16.4,normal
2025-04-22T12:00:00,Northside_Fulfillment,13.0,21.8,0,25.0,16.8,normal
2025-04-22T13:00:00,Northside_Fulfillment,11.6,13.7,0,24.2,15.9,normal
2025-04-22T14:00:00,Northside_Fulfillment,14.3,18.5,0,24.9,15.9,normal
2025-04-22T15:00:00,Northside_Fulfillment,14.1,21.6,0,23.2,15.2,normal
2025-04-22T16:00:00,Northside_Fulfillment,13.3,18.3,0,22.7,17.8,normal
2025-04-22T17:00:00,Northside_Fulfillment,14.8,21.7,0,21.5,15.9,normal
2025-04-22T18:00:00,Northside_Fulfillment,14.2,16.8,0,19.1,16.6,normal
2025-04-22T19:00:00,Northside_Fulfillment,14.3,20.6,0,18.4,14.6,normal
2025-04-22T20:00:00,Northside_Fulfillment,12.2,16.7,0,16.2,15.2,normal
2025-04-22T21:00:00,Northside_Fulfillment,12.0,17.6,0,15.1,17.0,normal
2025-04-22T22:00:00,Northside_Fulfillment,14.4,20.8,0,12.7,16.6,normal
2025-04-22T23:00:00,Northside_Fulfillment,12.4,19.8,0,12.4,16.4,normal
2025-04-22T00:00:00,Central_Fulfillment,11.1,15.9,0,11.6,16.2,normal
2025-04-22T01:00:00,Central_Fulfillment,8.8,15.1,0,10.8,14.7,normal
2025-04-22T02:00:00,Central_Fulfillment,7.7,12.7,0,11.8,15.6,normal
2025-04-22T03:00:00,Central_Fulfillment,4.0,7.9,0,12.8,17.0,normal
2025-04-22T04:00:00,Central_Fulfillment,5.9,13.6,0,11.6,14.7,normal
2025-04-22T05:00:00,Central_Fulfillment,6.8,10.0,0,14.7,15.1,normal
2025-04-22T06:00:00,Central_Fulfillment,7.0,14.0,0,15.3,15.8,normal
2025-04-22T07:00:00,Central_Fulfillment,7.0,12.5,0,19.7,15.8,normal
2025-04-22T08:00:00,Central_Fulfillment,7.7,14.9,0,20.2,17.1,normal
2025-04-22T09:00:00,Central_Fulfillment,10.0,18.8,0,21.2,17.0,normal
2025-04-22T10:00:00,Central_Fulfillment,10.5,18.3,0,23.0,16.2,normal
2025-04-22T11:00:00,Central_Fulfillment,9.3,17.0,0,24.6,16.9,normal
2025-04-22T12:00:00,Central_Fulfillment,11.5,18.1,0,24.9,13.6,normal
2025-04-22T13:00:00,Central_Fulfillment,11.6,19.0,0,23.9,14.6,normal
2025-04-22T14:00:00,Central_Fulfillment,14.1,22.7,0,24.2,15.2,normal
2025-04-22T15:00:00,Central_Fulfillment,17.2,23.0,0,24.9,16.0,normal
2025-04-22T16:00:00,Central_Fulfillment,14.5,21.2,0,22.4,16.5,normal
2025-04-22T17:00:00,Central_Fulfillment,13.8,22.5,0,21.7,16.2,normal
2025-04-22T18:00:00,Central_Fulfillment,11.0,18.9,0,19.0,17.4,normal
2025-04-22T19:00:00,Central_Fulfillment,13.0,15.5,0,18.5,16.9,normal
2025-04-22T20:00:00,Central_Fulfillment,12.7,20.6,0,16.3,14.4,normal
2025-04-22T21:00:00,Central_Fulfillment,13.6,17.4,0,14.1,13.6,normal
2025-04-22T22:00:00,Central_Fulfillment,9.9,13.5,0,12.4,17.5,normal
2025-04-22T23:00:00,Central_Fulfillment,9.2,13.8,0,10.4,14.8,normal
2025-04-22T00:00:00,Eastside_Fulfillment,10.9,16.4,0,11.4,17.3,normal
2025-04-22T01:00:00,Eastside_Fulfillment,9.8,16.5,0,10.5,16.9,normal
2025-04-22T02:00:00,Eastside_Fulfillment,6.6,14.8,0,12.6,15.3,normal
2025-04-22T03:00:00,Eastside_Fulfillment,7.0,12.7,0,12.5,16.7,normal
2025-04-22T04:00:00,Eastside_Fulfillment,9.9,16.3,0,11.9,16.5,normal
2025-04-22T05:00:00,Eastside_Fulfillment,6.0,8.8,0,14.3,15.0,normal
2025-04-22T06:00:00,Eastside_Fulfillment,6.5,11.9,0,16.5,16.3,normal
2025-04-22T07:00:00,Eastside_Fulfillment,4.7,9.4,0,18.4,14.8,normal
2025-04-22T08:00:00,Eastside_Fulfillment,5.1,9.9,0,19.1,15.3,normal
2025-04-22T09:00:00,Eastside_Fulfillment,12.1,20.7,0,20.3,15.9,normal
2025-04-22T10:00:00,Eastside_Fulfillment,14.4,21.6,0,22.3,16.2,normal
2025-04-22T11:00:00,Eastside_Fulfillment,8.4,11.1,0,25.3,15.2,normal
2025-04-22T12:00:00,Eastside_Fulfillment,10.5,15.5,0,25.5,13.6,normal
2025-04-22T13:00:00,Eastside_Fulfillment,9.5,18.0,0,24.3,16.6,normal
2025-04-22T14:00:00,Eastside_Fulfillment,15.2,20.4,0,24.5,16.3,normal
2025-04-22T15:00:00,Eastside_Fulfillment,15.6,18.1,0,23.8,15.9,normal
2025-04-22T16:00:00,Eastside_Fulfillment,14.2,16.2,0,22.3,16.1,normal
2025-04-22T17:00:00,Eastside_Fulfillment,16.5,22.6,0,22.5,17.1,normal
2025-04-22T18:00:00,Eastside_Fulfillment,15.3,19.8,0,21.0,15.7,normal
2025-04-22T19:00:00,Eastside_Fulfillment,14.4,19.7,0,17.9,15.9,normal
2025-04-22T20:00:00,Eastside_Fulfillment,14.8,23.3,0,17.9,16.3,normal
2025-04-22T21:00:00,Eastside_Fulfillment,11.9,17.0,0,14.5,16.1,normal
2025-04-22T22:00:00,Eastside_Fulfillment,11.4,17.9,0,12.5,16.0,normal
2025-04-22T23:00:00,Eastside_Fulfillment,10.9,16.5,0,12.4,15.8,normal
2025-04-23T00:00:00,Northside_Fulfillment,9.5,11.5,0,11.7,15.2,normal
2025-04-23T01:00:00,Northside_Fulfillment,8.4,16.3,0,10.6,17.0,normal
2025-04-23T02:00:00,Northside_Fulfillment,6.8,13.4,0,10.9,14.4,normal
2025-04-23T03:00:00,Northside_Fulfillment,2.7,5.8,0,12.6,14.3,normal
2025-04-23T04:00:00,Northside_Fulfillment,5.9,13.3,0,12.5,16.6,normal
2025-04-23T05:00:00,Northside_Fulfillment,7.5,15.8,0,15.7,15.3,normal
2025-04-23T06:00:00,Northside_Fulfillment,8.8,14.7,0,17.1,16.0,normal
2025-04-23T07:00:00,Northside_Fulfillment,7.1,12.2,0,18.1,16.6,normal
2025-04-23T08:00:00,Northside_Fulfillment,7.2,11.9,0,20.1,16.4,normal
2025-04-23T09:00:00,Northside_Fulfillment,10.0,16.4,0,20.9,15.9,normal
2025-04-23T10:00:00,Northside_Fulfillment,11.2,19.9,0,22.4,16.3,normal
2025-04-23T11:00:00,Northside_Fulfillment,9.8,13.5,0,23.7,18,normal
2025-04-23T12:00:00,Northside_Fulfillment,13.7,19.9,0,24.6,17.8,normal
2025-04-23T13:00:00,Northside_Fulfillment,11.3,14.3,0,24.5,13.6,normal
2025-04-23T14:00:00,Northside_Fulfillment,13.8,16.9,0,25.6,16.0,normal
2025-04-23T15:00:00,Northside_Fulfillment,14.3,17.8,0,23.9,17.7,normal
2025-04-23T16:00:00,Northside_Fulfillment,12.9,18.4,0,23.5,16.8,normal
2025-04-23T17:00:00,Northside_Fulfillment,16.2,24.1,0,21.0,15.5,normal
2025-04-23T18:00:00,Northside_Fulfillment,13.2,16.5,0,20.1,15.4,normal
2025-04-23T19:00:00,Northside_Fulfillment,12.8,21.2,0,17.0,14.8,normal
2025-04-23T20:00:00,Northside_Fulfillment,16.3,20.8,0,15.8,16.0,normal
2025-04-23T21:00:00,Northside_Fulfillment,15.0,17.4,0,15.3,17.4,normal
2025-04-23T22:00:00,Northside_Fulfillment,11.0,16.1,0,11.5,16.6,normal
2025-04-23T23:00:00,Northside_Fulfillment,9.0,14.4,0,12.8,15.8,normal
2025-04-23T00:00:00,Central_Fulfillment,10.1,16.4,0,10.7,14.3,normal
2025-04-23T01:00:00,Central_Fulfillment,10.7,13.2,0,11.7,14.3,normal
2025-04-23T02:00:00,Central_Fulfillment,6.5,13.3,0,10.3,16.8,normal
2025-04-23T03:00:00,Central_Fulfillment,10.1,15.6,0,12.3,15.9,normal
2025-04-23T04:00:00,Central_Fulfillment,10.0,16.9,0,12.6,15.7,normal
2025-04-23T05:00:00,Central_Fulfillment,6.0,9.1,0,15.2,17.3,normal
2025-04-23T06:00:00,Central_Fulfillment,7.1,13.0,0,15.6,16.1,normal
2025-04-23T07:00:00,Central_Fulfillment,8.9,14.0,0,17.7,14.4,normal
2025-04-23T08:00:00,Central_Fulfillment,7.2,11.4,0,19.4,15.1,normal
2025-04-23T09:00:00,Central_Fulfillment,10.0,17.0,0,22.0,16.6,normal
2025-04-23T10:00:00,Central_Fulfillment,10.3,14.4,0,22.8,15.7,normal
2025-04-23T11:00:00,Central_Fulfillment,11.2,16.2,0,24.0,16.0,normal
2025-04-23T12:00:00,Central_Fulfillment,14.4,18.6,0,26.3,16.4,normal
2025-04-23T13:00:00,Central_Fulfillment,12.7,21.5,0,26.3,15.1,normal
2025-04-23T14:00:00,Central_Fulfillment,13.5,20.5,0,24.6,14.9,normal
2025-04-23T15:00:00,Central_Fulfillment,13.5,21.5,0,24.8,15.5,normal
2025-04-23T16:00:00,Central_Fulfillment,12.8,19.3,0,23.9,18,normal
2025-04-23T17:00:00,Central_Fulfillment,13.2,20.9,0,20.9,16.4,normal
2025-04-23T18:00:00,Central_Fulfillment,18.1,20.9,0,20.3,15.5,normal
2025-04-23T19:00:00,Central_Fulfillment,9.8,15.4,0,18.6,14.1,normal
2025-04-23T20:00:00,Central_Fulfillment,16.4,23.2,0,16.2,16.2,normal
2025-04-23T21:00:00,Central_Fulfillment,14.1,21.0,0,13.9,17.3,normal
2025-04-23T22:00:00,Central_Fulfillment,14.9,21.4,0,13.3,14.4,normal
2025-04-23T23:00:00,Central_Fulfillment,12.5,19.8,0,12.9,16.3,normal
2025-04-23T00:00:00,Eastside_Fulfillment,9.9,12.7,0,11.5,18,normal
2025-04-23T01:00:00,Eastside_Fulfillment,11.4,16.9,0,10.3,16.4,normal
2025-04-23T02:00:00,Eastside_Fulfillment,7.1,9.6,0,11.5,16.0,normal
2025-04-23T03:00:00,Eastside_Fulfillment,9.2,13.5,0,12.5,16.3,normal
2025-04-23T04:00:00,Eastside_Fulfillment,6.7,10.1,0,13.8,16.7,normal
2025-04-23T05:00:00,Eastside_Fulfillment,5.9,11.1,0,15.1,16.9,normal
2025-04-23T06:00:00,Eastside_Fulfillment,7.9,16.2,0,18.2,15.5,normal
2025-04-23T07:00:00,Eastside_Fulfillment,8.1,16.9,0,18.2,15.3,normal
2025-04-23T08:00:00,Eastside_Fulfillment,9.0,11.9,0,19.5,16.0,normal
2025-04-23T09:00:00,Eastside_Fulfillment,9.7,14.7,0,21.1,15.9,normal
2025-04-23T10:00:00,Eastside_Fulfillment,10.7,17.2,0,22.8,15.7,normal
2025-04-23T11:00:00,Eastside_Fulfillment,9.0,15.1,0,24.2,16.0,normal
2025-04-23T12:00:00,Eastside_Fulfillment,11.1,15.0,0,25.4,17.3,normal
2025-04-23T13:00:00,Eastside_Fulfillment,15.1,19.6,0,24.1,16.3,normal
2025-04-23T14:00:00,Eastside_Fulfillment,14.3,17.2,0,24.4,16.3,normal
2025-04-23T15:00:00,Eastside_Fulfillment,13.2,21.1,0,24.9,14.7,normal
2025-04-23T16:00:00,Eastside_Fulfillment,14.0,22.0,0,23.1,16.6,normal
2025-04-23T17:00:00,Eastside_Fulfillment,14.0,16.7,0,22.7,16.9,normal
2025-04-23T18:00:00,Eastside_Fulfillment,16.5,24.6,0,20.4,15.8,normal
2025-04-23T19:00:00,Eastside_Fulfillment,12.0,15.9,0,17.0,15.6,normal
2025-04-23T20:00:00,Eastside_Fulfillment,15.5,20.8,0,16.7,16.4,normal
2025-04-23T21:00:00,Eastside_Fulfillment,10.3,17.1,0,15.9,15.8,normal
2025-04-23T22:00:00,Eastside_Fulfillment,11.3,13.9,0,13.3,15.0,normal
2025-04-23T23:00:00,Eastside_Fulfillment,12.2,21.0,0,12.3,15.3,normal
2025-04-24T00:00:00,Northside_Fulfillment,8.0,12.0,0,9.5,17.2,normal
2025-04-24T01:00:00,Northside_Fulfillment,7.3,15.8,0,11.5,16.2,normal
2025-04-24T02:00:00,Northside_Fulfillment,8.0,12.3,0,11.4,15.8,normal
2025-04-24T03:00:00,Northside_Fulfillment,8.5,10.9,0,12.3,15.3,normal
2025-04-24T04:00:00,Northside_Fulfillment,10.0,12.3,0,12.8,16.6,normal
2025-04-24T05:00:00,Northside_Fulfillment,6.1,13.9,0,15.1,15.0,normal
2025-04-24T06:00:00,Northside_Fulfillment,2.6,7.9,0,16.0,15.8,normal
2025-04-24T07:00:00,Northside_Fulfillment,8.5,15.6,0,18.3,15.3,normal
2025-04-24T08:00:00,Northside_Fulfillment,5.5,10.9,0,20.2,16.5,normal
2025-04-24T09:00:00,Northside_Fulfillment,5.1,7.9,0,22.2,14.8,normal
2025-04-24T10:00:00,Northside_Fulfillment,13.0,15.2,0,23.5,14.7,normal
2025-04-24T11:00:00,Northside_Fulfillment,10.2,16.7,0,23.0,17.6,normal
2025-04-24T12:00:00,Northside_Fulfillment,9.1,13.6,0,24.7,15.7,normal
2025-04-24T13:00:00,Northside_Fulfillment,12.5,17.9,0,24.9,15.4,normal
2025-04-24T14:00:00,Northside_Fulfillment,14.8,16.8,0,25.4,17.3,normal
2025-04-24T15:00:00,Northside_Fulfillment,14.7,20.4,0,24.3,15.8,normal
2025-04-24T16:00:00,Northside_Fulfillment,17.6,22.0,0,24.0,17.2,normal
2025-04-24T17:00:00,Northside_Fulfillment,17.5,25.7,0,21.4,15.8,normal
2025-04-24T18:00:00,Northside_Fulfillment,14.5,19.2,0,20.1,18,normal
2025-04-24T19:00:00,Northside_Fulfillment,13.5,18.2,0,17.7,15.2,normal
2025-04-24T20:00:00,Northside_Fulfillment,15.6,22.8,0,17.0,14.4,normal
2025-04-24T21:00:00,Northside_Fulfillment,11.1,14.4,0,13.8,15.9,normal
2025-04-24T22:00:00,Northside_Fulfillment,10.1,17.8,0,12.4,17.1,normal
2025-04-24T23:00:00,Northside_Fulfillment,9.3,14.2,0,12.5,16.0,normal
2025-04-24T00:00:00,Central_Fulfillment,9.6,17.6,0,10.7,15.2,normal
2025-04-24T01:00:00,Central_Fulfillment,8.5,14.0,0,10.7,16.5,normal
2025-04-24T02:00:00,Central_Fulfillment,3.7,7.8,0,11.4,17.6,normal
2025-04-24T03:00:00,Central_Fulfillment,9.7,15.2,0,12.2,15.9,normal
2025-04-24T04:00:00,Central_Fulfillment,7.7,15.2,0,12.7,16.5,normal
2025-04-24T05:00:00,Central_Fulfillment,11.4,17.0,0,16.0,18,normal
2025-04-24T06:00:00,Central_Fulfillment,10.8,13.3,0,14.5,17.3,normal
2025-04-24T07:00:00,Central_Fulfillment,4.7,11.9,0,19.0,15.6,normal
2025-04-24T08:00:00,Central_Fulfillment,11.0,19.4,0,19.8,16.5,normal
2025-04-24T09:00:00,Central_Fulfillment,7.7,16.1,0,21.5,16.5,normal
2025-04-24T10:00:00,Central_Fulfillment,8.7,13.6,0,23.3,15.0,normal
2025-04-24T11:00:00,Central_Fulfillment,11.5,16.3,0,24.9,17.2,normal
2025-04-24T12:00:00,Central_Fulfillment,13.1,19.1,0,24.6,14.7,normal
2025-04-24T13:00:00,Central_Fulfillment,14.2,18.9,0,24.8,16.0,normal
2025-04-24T14:00:00,Central_Fulfillment,12.8,21.2,0,24.9,15.4,normal
2025-04-24T15:00:00,Central_Fulfillment,17.2,24.8,0,24.1,16.6,normal
2025-04-24T16:00:00,Central_Fulfillment,16.7,22.9,0,22.7,16.8,normal
2025-04-24T17:00:00,Central_Fulfillment,13.5,21.4,0,22.5,18,normal
2025-04-24T18:00:00,Central_Fulfillment,17.3,22.7,0,19.3,15.3,normal
2025-04-24T19:00:00,Central_Fulfillment,12.4,20.5,0,18.6,14.5,normal
2025-04-24T20:00:00,Central_Fulfillment,13.7,21.0,0,16.5,14.1,normal
2025-04-24T21:00:00,Central_Fulfillment,14.5,22.4,0,14.8,17.0,normal
2025-04-24T22:00:00,Central_Fulfillment,13.3,17.5,0,13.2,16.2,normal
2025-04-24T23:00:00,Central_Fulfillment,13.3,15.9,0,12.8,17.1,normal
2025-04-24T00:00:00,Eastside_Fulfillment,9.6,15.0,0,11.8,17.0,normal
2025-04-24T01:00:00,Eastside_Fulfillment,10.4,18.1,0,11.2,15.1,normal
2025-04-24T02:00:00,Eastside_Fulfillment,7.0,12.5,0,10.5,15.4,normal
2025-04-24T03:00:00,Eastside_Fulfillment,7.8,10.0,0,12.2,15.7,normal
2025-04-24T04:00:00,Eastside_Fulfillment,5.8,10.5,0,13.1,14.2,normal
2025-04-24T05:00:00,Eastside_Fulfillment,7.4,13.4,0,14.1,16.6,normal
2025-04-24T06:00:00,Eastside_Fulfillment,10.9,16.6,0,15.6,15.7,normal
2025-04-24T07:00:00,Eastside_Fulfillment,7.9,15.0,0,17.4,16.7,normal
2025-04-24T08:00:00,Eastside_Fulfillment,9.1,13.2,0,20.3,16.1,normal
2025-04-24T09:00:00,Eastside_Fulfillment,9.5,13.6,0,22.8,16.1,normal
2025-04-24T10:00:00,Eastside_Fulfillment,9.6,14.0,0,23.9,17.0,normal
2025-04-24T11:00:00,Eastside_Fulfillment,12.0,19.3,0,25.3,16.0,normal
2025-04-24T12:00:00,Eastside_Fulfillment,11.4,19.5,0,23.8,13.7,normal
2025-04-24T13:00:00,Eastside_Fulfillment,12.5,15.5,0,25.4,16.9,normal
2025-04-24T14:00:00,Eastside_Fulfillment,18.0,26.0,0,24.8,16.3,normal
2025-04-24T15:00:00,Eastside_Fulfillment,15.0,17.0,0,22.4,16.6,normal
2025-04-24T16:00:00,Eastside_Fulfillment,12.7,16.4,0,23.7,14.8,normal
2025-04-24T17:00:00,Eastside_Fulfillment,14.9,17.4,0,22.4,15.9,normal
2025-04-24T18:00:00,Eastside_Fulfillment,13.3,21.4,0,19.1,16.7,normal
2025-04-24T19:00:00,Eastside_Fulfillment,14.5,20.3,0,17.7,16.4,normal
2025-04-24T20:00:00,Eastside_Fulfillment,10.8,16.4,0,17.3,17.6,normal
2025-04-24T21:00:00,Eastside_Fulfillment,11.4,14.2,0,15.0,15.4,normal
2025-04-24T22:00:00,Eastside_Fulfillment,8.4,17.3,0,13.3,16.5,normal
2025-04-24T23:00:00,Eastside_Fulfillment,10.1,15.7,0,12.4,15.6,normal
2025-04-25T00:00:00,Northside_Fulfillment,9.8,16.5,0,12.4,15.9,normal
2025-04-25T01:00:00,Northside_Fulfillment,6.2,14.1,0,10.7,15.5,normal
2025-04-25T02:00:00,Northside_Fulfillment,8.8,16.9,0,12.4,17.1,normal
2025-04-25T03:00:00,Northside_Fulfillment,6.3,12.0,0,13.0,16.3,normal
2025-04-25T04:00:00,Northside_Fulfillment,7.7,10.0,0,14.0,16.0,normal
2025-04-25T05:00:00,Northside_Fulfillment,9.0,12.6,0,13.5,14.7,normal
2025-04-25T06:00:00,Northside_Fulfillment,5.7,10.4,0,16.3,16.2,normal
2025-04-25T07:00:00,Northside_Fulfillment,4.0,7.9,0,19.0,15.3,normal
2025-04-25T08:00:00,Northside_Fulfillment,9.6,16.9,0,20.0,15.5,normal
2025-04-25T09:00:00,Northside_Fulfillment,8.9,16.7,0,22.1,14.0,normal
2025-04-25T10:00:00,Northside_Fulfillment,9.9,15.5,0,23.5,15.8,normal
2025-04-25T11:00:00,Northside_Fulfillment,12.3,15.0,0,24.9,14.7,normal
2025-04-25T12:00:00,Northside_Fulfillment,11.1,20.1,0,24.5,14.7,normal
2025-04-25T13:00:00,Northside_Fulfillment,10.7,16.9,0,25.7,15.4,normal
2025-04-25T14:00:00,Northside_Fulfillment,11.7,13.9,0,25.7,15.8,normal
2025-04-25T15:00:00,Northside_Fulfillment,19.0,24.3,0,24.6,16.7,normal
2025-04-25T16:00:00,Northside_Fulfillment,15.3,21.5,0,21.6,15.2,normal
2025-04-25T17:00:00,Northside_Fulfillment,15.9,19.7,0,21.4,16.4,normal
2025-04-25T18:00:00,Northside_Fulfillment,14.0,16.9,0,20.0,16.5,normal
2025-04-25T19:00:00,Northside_Fulfillment,18.4,25.5,0,17.4,15.0,normal
2025-04-25T20:00:00,Northside_Fulfillment,12.2,21.1,0,18.1,15.3,normal
2025-04-25T21:00:00,Northside_Fulfillment,12.5,19.7,0,13.3,16.0,normal
2025-04-25T22:00:00,Northside_Fulfillment,13.8,17.5,0,13.0,15.4,normal
2025-04-25T23:00:00,Northside_Fulfillment,10.2,13.1,0,12.8,14.8,normal
2025-04-25T00:00:00,Central_Fulfillment,13.1,19.9,0,10.1,17.1,normal
2025-04-25T01:00:00,Central_Fulfillment,10.5,14.7,0,10.9,15.4,normal
2025-04-25T02:00:00,Central_Fulfillment,9.3,13.9,0,10.2,17.3,normal
2025-04-25T03:00:00,Central_Fulfillment,8.3,13.0,0,10.8,15.1,normal
2025-04-25T04:00:00,Central_Fulfillment,4.3,12.8,0,14.1,16.9,normal
2025-04-25T05:00:00,Central_Fulfillment,7.8,13.4,0,14.5,14.9,normal
2025-04-25T06:00:00,Central_Fulfillment,7.6,11.1,0,16.7,16.2,normal
2025-04-25T07:00:00,Central_Fulfillment,7.4,9.7,0,18.0,17.5,normal
2025-04-25T08:00:00,Central_Fulfillment,14.1,20.3,0,19.3,15.6,normal
2025-04-25T09:00:00,Central_Fulfillment,11.0,17.3,0,21.0,14.5,normal
2025-04-25T10:00:00,Central_Fulfillment,8.7,13.1,0,22.6,16.8,normal
2025-04-25T11:00:00,Central_Fulfillment,12.9,17.4,0,23.0,14.7,normal
2025-04-25T12:00:00,Central_Fulfillment,15.0,23.8,0,24.8,17.3,normal
2025-04-25T13:00:00,Central_Fulfillment,16.2,22.3,0,26.3,15.3,normal
2025-04-25T14:00:00,Central_Fulfillment,15.2,21.6,0,25.7,15.7,normal
2025-04-25T15:00:00,Central_Fulfillment,15.1,18.4,0,24.5,15.9,normal
2025-04-25T16:00:00,Central_Fulfillment,13.4,19.4,0,22.5,13.6,normal
2025-04-25T17:00:00,Central_Fulfillment,13.9,18.3,0,21.3,15.0,normal
2025-04-25T18:00:00,Central_Fulfillment,13.5,21.5,0,19.4,17.0,normal
2025-04-25T19:00:00,Central_Fulfillment,11.7,15.5,0,19.3,16.5,normal
2025-04-25T20:00:00,Central_Fulfillment,15.7,17.9,0,17.3,15.9,normal
2025-04-25T21:00:00,Central_Fulfillment,10.8,13.0,0,14.0,15.6,normal
2025-04-25T22:00:00,Central_Fulfillment,15.3,18.5,0,13.1,15.6,normal
2025-04-25T23:00:00,Central_Fulfillment,12.1,16.0,0,12.0,14.9,normal
2025-04-25T00:00:00,Eastside_Fulfillment,8.7,17.2,0,11.5,14.8,normal
2025-04-25T01:00:00,Eastside_Fulfillment,10.7,17.1,0,10.5,16.4,normal
2025-04-25T02:00:00,Eastside_Fulfillment,6.9,12.9,0,11.4,14.6,normal
2025-04-25T03:00:00,Eastside_Fulfillment,6.5,10.0,0,11.4,16.2,normal
2025-04-25T04:00:00,Eastside_Fulfillment,6.1,13.7,0,13.3,16.5,normal
2025-04-25T05:00:00,Eastside_Fulfillment,9.2,15.4,0,14.0,18,normal
2025-04-25T06:00:00,Eastside_Fulfillment,9.5,12.5,0,17.5,15.2,normal
2025-04-25T07:00:00,Eastside_Fulfillment,5.2,10.8,0,18.5,15.1,normal
2025-04-25T08:00:00,Eastside_Fulfillment,6.8,12.2,0,20.3,17.1,normal
2025-04-25T09:00:00,Eastside_Fulfillment,9.2,11.3,0,20.6,15.6,normal
2025-04-25T10:00:00,Eastside_Fulfillment,12.0,17.2,0,22.7,17.0,normal
2025-04-25T11:00:00,Eastside_Fulfillment,11.8,13.9,0,23.9,16.5,normal
2025-04-25T12:00:00,Eastside_Fulfillment,12.7,17.7,0,24.7,15.4,normal
2025-04-25T13:00:00,Eastside_Fulfillment,14.8,19.1,0,25.3,16.8,normal
2025-04-25T14:00:00,Eastside_Fulfillment,15.4,19.2,0,23.8,17.8,normal
2025-04-25T15:00:00,Eastside_Fulfillment,15.5,20.6,0,24.8,16.3,normal
2025-04-25T16:00:00,Eastside_Fulfillment,11.9,13.9,0,24.2,15.1,normal
2025-04-25T17:00:00,Eastside_Fulfillment,17.5,20.5,0,20.9,15.2,normal
2025-04-25T18:00:00,Eastside_Fulfillment,17.1,24.6,0,19.1,16.4,normal
2025-04-25T19:00:00,Eastside_Fulfillment,14.9,19.0,0,18.1,16.5,normal
2025-04-25T20:00:00,Eastside_Fulfillment,15.2,18.6,0,16.6,15.8,normal
2025-04-25T21:00:00,Eastside_Fulfillment,14.2,22.7,0,13.7,16.6,normal
2025-04-25T22:00:00,Eastside_Fulfillment,10.5,15.4,0,12.0,16.2,normal
2025-04-25T23:00:00,Eastside_Fulfillment,9.2,17.4,0,10.5,16.9,normal
2025-04-26T00:00:00,Northside_Fulfillment,10.5,14.7,0,11.3,16.7,normal
2025-04-26T01:00:00,Northside_Fulfillment,7.2,12.1,0,11.2,15.2,normal
2025-04-26T02:00:00,Northside_Fulfillment,9.0,15.9,0,11.8,16.3,normal
2025-04-26T03:00:00,Northside_Fulfillment,3.2,6.2,0,11.7,15.7,normal
2025-04-26T04:00:00,Northside_Fulfillment,8.9,11.6,0,14.3,14.9,normal
2025-04-26T05:00:00,Northside_Fulfillment,4.4,8.1,0,14.3,16.1,normal
2025-04-26T06:00:00,Northside_Fulfillment,7.1,9.4,0,15.8,15.1,normal
2025-04-26T07:00:00,Northside_Fulfillment,8.1,11.7,0,18.4,18,normal
2025-04-26T08:00:00,Northside_Fulfillment,7.2,15.2,0,18.5,17.0,normal
2025-04-26T09:00:00,Northside_Fulfillment,9.4,13.5,0,21.8,15.1,normal
2025-04-26T10:00:00,Northside_Fulfillment,8.0,13.9,0,21.9,15.6,normal
2025-04-26T11:00:00,Northside_Fulfillment,11.7,15.0,0,23.2,15.2,normal
2025-04-26T12:00:00,Northside_Fulfillment,10.4,18.1,0,24.5,16.5,normal
2025-04-26T13:00:00,Northside_Fulfillment,15.0,22.8,0,24.2,15.9,normal
2025-04-26T14:00:00,Northside_Fulfillment,10.5,14.0,0,24.9,15.7,normal
2025-04-26T15:00:00,Northside_Fulfillment,16.2,22.3,0,23.6,16.0,normal
2025-04-26T16:00:00,Northside_Fulfillment,12.2,16.7,0,22.6,16.7,normal
2025-04-26T17:00:00,Northside_Fulfillment,15.1,21.0,0,22.5,16.0,normal
2025-04-26T18:00:00,Northside_Fulfillment,18.7,27.3,0,20.0,17.1,normal
2025-04-26T19:00:00,Northside_Fulfillment,13.1,21.9,0,17.9,17.9,normal
2025-04-26T20:00:00,Northside_Fulfillment,11.6,16.7,0,17.1,18,normal
2025-04-26T21:00:00,Northside_Fulfillment,13.3,16.7,0,15.3,15.5,normal
2025-04-26T22:00:00,Northside_Fulfillment,12.4,21.0,0,13.5,16.4,normal
2025-04-26T23:00:00,Northside_Fulfillment,12.9,14.9,0,11.3,15.6,normal
2025-04-26T00:00:00,Central_Fulfillment,9.1,14.8,0,10.4,16.6,normal
2025-04-26T01:00:00,Central_Fulfillment,13.0,15.7,0,10.1,15.6,normal
2025-04-26T02:00:00,Central_Fulfillment,7.0,12.8,0,10.3,16.9,normal
2025-04-26T03:00:00,Central_Fulfillment,8.8,11.6,0,12.0,16.1,normal
2025-04-26T04:00:00,Central_Fulfillment,4.2,11.6,0,12.6,16.7,normal
2025-04-26T05:00:00,Central_Fulfillment,4.7,12.0,0,15.6,16.4,normal
2025-04-26T06:00:00,Central_Fulfillment,6.7,10.3,0,16.6,16.3,normal
2025-04-26T07:00:00,Central_Fulfillment,8.2,13.8,0,17.7,16.9,normal
2025-04-26T08:00:00,Central_Fulfillment,12.7,16.9,0,19.5,14.5,normal
2025-04-26T09:00:00,Central_Fulfillment,10.4,15.9,0,20.5,17.1,normal
2025-04-26T10:00:00,Central_Fulfillment,12.2,19.5,0,22.3,16.4,normal
2025-04-26T11:00:00,Central_Fulfillment,16.1,22.7,0,24.0,15.5,normal
2025-04-26T12:00:00,Central_Fulfillment,12.1,17.3,0,24.2,17.4,normal
2025-04-26T13:00:00,Central_Fulfillment,11.1,16.2,0,24.5,16.8,normal
2025-04-26T14:00:00,Central_Fulfillment,15.6,18.3,0,24.5,17.1,normal
2025-04-26T15:00:00,Central_Fulfillment,13.9,20.3,0,24.7,14.4,normal
2025-04-26T16:00:00,Central_Fulfillment,13.3,16.0,0,24.3,17.1,normal
2025-04-26T17:00:00,Central_Fulfillment,16.4,22.4,0,20.3,17.5,normal
2025-04-26T18:00:00,Central_Fulfillment,14.5,23.2,0,19.9,17.3,normal
2025-04-26T19:00:00,Central_Fulfillment,14.2,18.3,0,18.4,16.4,normal
2025-04-26T20:00:00,Central_Fulfillment,13.8,19.8,0,16.7,16.3,normal
2025-04-26T21:00:00,Central_Fulfillment,11.8,20.7,0,15.3,16.3,normal
2025-04-26T22:00:00,Central_Fulfillment,11.0,17.1,0,14.3,16.8,normal
2025-04-26T23:00:00,Central_Fulfillment,12.6,16.2,0,11.2,16.9,normal
2025-04-26T00:00:00,Eastside_Fulfillment,9.1,13.2,0,11.7,17.1,normal
2025-04-26T01:00:00,Eastside_Fulfillment,14.1,20.9,0,10.2,16.5,normal
2025-04-26T02:00:00,Eastside_Fulfillment,11.7,16.9,0,13.1,17.3,normal
2025-04-26T03:00:00,Eastside_Fulfillment,2.9,8.0,0,11.3,16.6,normal
2025-04-26T04:00:00,Eastside_Fulfillment,10.4,15.0,0,12.2,16.6,normal
2025-04-26T05:00:00,Eastside_Fulfillment,7.6,14.4,0,13.1,15.3,normal
2025-04-26T06:00:00,Eastside_Fulfillment,2,4.7,0,16.8,15.1,normal
2025-04-26T07:00:00,Eastside_Fulfillment,7.5,13.1,0,18.4,15.0,normal
2025-04-26T08:00:00,Eastside_Fulfillment,6.0,11.7,0,20.0,15.2,normal
2025-04-26T09:00:00,Eastside_Fulfillment,11.1,14.6,0,21.6,17.1,normal
2025-04-26T10:00:00,Eastside_Fulfillment,11.2,17.2,0,22.8,15.6,normal
2025-04-26T11:00:00,Eastside_Fulfillment,10.2,13.0,0,24.4,16.7,normal
2025-04-26T12:00:00,Eastside_Fulfillment,13.6,21.6,0,24.0,14.2,normal
2025-04-26T13:00:00,Eastside_Fulfillment,11.9,16.0,0,25.1,16.9,normal
2025-04-26T14:00:00,Eastside_Fulfillment,15.2,22.6,0,24.1,17.2,normal
2025-04-26T15:00:00,Eastside_Fulfillment,15.8,24.1,0,24.8,15.7,normal
2025-04-26T16:00:00,Eastside_Fulfillment,14.0,20.1,0,23.6,15.2,normal
2025-04-26T17:00:00,Eastside_Fulfillment,15.8,22.1,0,21.6,16.2,normal
2025-04-26T18:00:00,Eastside_Fulfillment,14.7,17.4,0,19.6,15.6,normal
2025-04-26T19:00:00,Eastside_Fulfillment,10.8,15.7,0,19.3,15.6,normal
2025-04-26T20:00:00,Eastside_Fulfillment,16.0,18.3,0,18.8,16.7,normal
2025-04-26T21:00:00,Eastside_Fulfillment,15.2,17.7,0,15.8,16.6,normal
2025-04-26T22:00:00,Eastside_Fulfillment,10.6,19.2,0,13.0,16.2,normal
2025-04-26T23:00:00,Eastside_Fulfillment,13.3,16.9,0,11.3,17.8,normal
2025-04-27T00:00:00,Northside_Fulfillment,10.7,12.8,0,11.8,17.3,normal
2025-04-27T01:00:00,Northside_Fulfillment,9.5,16.4,0,10.9,13.1,normal
2025-04-27T02:00:00,Northside_Fulfillment,6.7,15.6,0,10.2,16.2,normal
2025-04-27T03:00:00,Northside_Fulfillment,5.4,7.9,0,12.2,14.7,normal
2025-04-27T04:00:00,Northside_Fulfillment,7.2,13.7,0,13.9,14.7,normal
2025-04-27T05:00:00,Northside_Fulfillment,5.5,7.9,0,14.5,15.8,normal
2025-04-27T06:00:00,Northside_Fulfillment,6.6,13.7,0,13.8,15.5,normal
2025-04-27T07:00:00,Northside_Fulfillment,4.0,9.9,0,17.7,15.9,normal
2025-04-27T08:00:00,Northside_Fulfillment,6.8,12.3,0,20.7,18,normal
2025-04-27T09:00:00,Northside_Fulfillment,11.7,17.9,0,21.5,17.4,normal
2025-04-27T10:00:00,Northside_Fulfillment,11.0,14.6,0,23.5,15.9,normal
2025-04-27T11:00:00,Northside_Fulfillment,11.0,14.9,0,24.0,14.8,normal
2025-04-27T12:00:00,Northside_Fulfillment,14.2,22.6,0,24.9,17.7,normal
2025-04-27T13:00:00,Northside_Fulfillment,14.9,20.6,0,26.2,14.9,normal
2025-04-27T14:00:00,Northside_Fulfillment,13.7,15.9,0,24.9,15.6,normal
2025-04-27T15:00:00,Northside_Fulfillment,16.5,20.5,0,22.7,15.8,normal
2025-04-27T16:00:00,Northside_Fulfillment,10.4,14.2,0,22.7,15.6,normal
2025-04-27T17:00:00,Northside_Fulfillment,13.0,19.6,0,21.6,16.3,normal
2025-04-27T18:00:00,Northside_Fulfillment,17.5,24.6,0,19.6,15.9,normal
2025-04-27T19:00:00,Northside_Fulfillment,13.8,19.2,0,18.6,15.5,normal
2025-04-27T20:00:00,Northside_Fulfillment,12.0,16.9,0,15.7,18,normal
2025-04-27T21:00:00,Northside_Fulfillment,18.0,20.9,0,13.5,16.0,normal
2025-04-27T22:00:00,Northside_Fulfillment,11.5,16.7,0,13.6,16.4,normal
2025-04-27T23:00:00,Northside_Fulfillment,15.6,22.8,0,12.4,15.0,normal
2025-04-27T00:00:00,Central_Fulfillment,11.3,18.4,0,12.1,17.6,normal
2025-04-27T01:00:00,Central_Fulfillment,7.7,15.4,0,11.3,15.9,normal
2025-04-27T02:00:00,Central_Fulfillment,7.5,16.3,0,11.6,17.1,normal
2025-04-27T03:00:00,Central_Fulfillment,8.1,14.8,0,12.8,15.9,normal
2025-04-27T04:00:00,Central_Fulfillment,6.0,13.4,0,11.8,16.9,normal
2025-04-27T05:00:00,Central_Fulfillment,9.1,13.8,0,15.2,17.8,normal
2025-04-27T06:00:00,Central_Fulfillment,8.9,12.0,0,14.9,14.0,normal
2025-04-27T07:00:00,Central_Fulfillment,7.1,9.2,0,17.9,17.2,normal
2025-04-27T08:00:00,Central_Fulfillment,9.5,17.9,0,20.2,16.5,normal
2025-04-27T09:00:00,Central_Fulfillment,10.0,18.8,0,22.3,18,normal
2025-04-27T10:00:00,Central_Fulfillment,6.5,11.3,0,24.0,15.7,normal
2025-04-27T11:00:00,Central_Fulfillment,7.3,16.1,0,23.6,16.0,normal
2025-04-27T12:00:00,Central_Fulfillment,14.0,21.6,0,24.2,14.2,normal
2025-04-27T13:00:00,Central_Fulfillment,13.8,21.1,0,25.7,15.4,normal
2025-04-27T14:00:00,Central_Fulfillment,16.1,24.7,0,24.9,17.1,normal
2025-04-27T15:00:00,Central_Fulfillment,16.4,22.4,0,22.7,16.0,normal
2025-04-27T16:00:00,Central_Fulfillment,10.4,19.3,0,23.7,16.6,normal
2025-04-27T17:00:00,Central_Fulfillment,13.4,20.0,0,20.8,15.5,normal
2025-04-27T18:00:00,Central_Fulfillment,15.3,19.8,0,19.3,14.8,normal
2025-04-27T19:00:00,Central_Fulfillment,15.1,18.2,0,17.9,16.0,normal
2025-04-27T20:00:00,Central_Fulfillment,11.3,18.7,0,16.3,16.4,normal
2025-04-27T21:00:00,Central_Fulfillment,9.0,14.5,0,15.0,17.1,normal
2025-04-27T22:00:00,Central_Fulfillment,11.1,19.4,0,12.2,14.9,normal
2025-04-27T23:00:00,Central_Fulfillment,9.8,15.6,0,10.7,16.5,normal
2025-04-27T00:00:00,Eastside_Fulfillment,14.6,19.2,0,10.6,16.5,normal
2025-04-27T01:00:00,Eastside_Fulfillment,11.7,18.0,0,11.4,16.1,normal
2025-04-27T02:00:00,Eastside_Fulfillment,6.1,11.2,0,12.3,16.0,normal
2025-04-27T03:00:00,Eastside_Fulfillment,6.7,10.7,0,12.8,16.3,normal
2025-04-27T04:00:00,Eastside_Fulfillment,7.2,13.0,0,12.3,16.4,normal
2025-04-27T05:00:00,Eastside_Fulfillment,6.6,9.2,0,14.2,16.4,normal
2025-04-27T06:00:00,Eastside_Fulfillment,4.2,10.2,0,17.9,15.6,normal
2025-04-27T07:00:00,Eastside_Fulfillment,6.3,11.4,0,16.4,15.8,normal
2025-04-27T08:00:00,Eastside_Fulfillment,5.0,8.9,0,20.0,15.6,normal
2025-04-27T09:00:00,Eastside_Fulfillment,8.5,13.9,0,20.0,16.7,normal
2025-04-27T10:00:00,Eastside_Fulfillment,8.3,16.0,0,23.6,15.0,normal
2025-04-27T11:00:00,Eastside_Fulfillment,11.8,17.0,0,24.1,17.7,normal
2025-04-27T12:00:00,Eastside_Fulfillment,10.9,16.7,0,24.1,14.7,normal
2025-04-27T13:00:00,Eastside_Fulfillment,14.1,21.2,0,24.9,16.2,normal
2025-04-27T14:00:00,Eastside_Fulfillment,13.1,16.4,0,24.3,16.5,normal
2025-04-27T15:00:00,Eastside_Fulfillment,11.4,16.4,0,24.9,17.9,normal
2025-04-27T16:00:00,Eastside_Fulfillment,13.8,16.8,0,23.8,16.1,normal
2025-04-27T17:00:00,Eastside_Fulfillment,19.4,24.7,0,21.4,15.4,normal
2025-04-27T18:00:00,Eastside_Fulfillment,12.6,18.0,0,18.9,14.5,normal
2025-04-27T19:00:00,Eastside_Fulfillment,13.9,19.4,0,18.3,17.3,normal
2025-04-27T20:00:00,Eastside_Fulfillment,13.4,17.1,0,15.7,17.6,normal
2025-04-27T21:00:00,Eastside_Fulfillment,13.9,21.7,0,15.0,18,normal
2025-04-27T22:00:00,Eastside_Fulfillment,11.7,15.2,0,11.7,17.6,normal
2025-04-27T23:00:00,Eastside_Fulfillment,11.6,14.7,0,12.5,17.3,normal
2025-04-28T00:00:00,Northside_Fulfillment,13.1,22.0,0,10.9,16.5,normal
2025-04-28T01:00:00,Northside_Fulfillment,5.2,7.4,0,11.1,14.6,normal
2025-04-28T02:00:00,Northside_Fulfillment,6.6,8.9,0,11.1,15.9,normal
2025-04-28T03:00:00,Northside_Fulfillment,6.7,11.5,0,12.1,15.9,normal
2025-04-28T04:00:00,Northside_Fulfillment,12.0,19.8,0,11.6,17.3,normal
2025-04-28T05:00:00,Northside_Fulfillment,6.4,12.9,0,14.6,16.0,normal
2025-04-28T06:00:00,Northside_Fulfillment,2.6,9.0,0,16.4,15.6,normal
2025-04-28T07:00:00,Northside_Fulfillment,4.9,7.1,0,17.4,16.1,normal
2025-04-28T08:00:00,Northside_Fulfillment,7.4,10.0,0,20.7,15.9,normal
2025-04-28T09:00:00,Northside_Fulfillment,7.4,15.7,0,21.3,16.6,normal
2025-04-28T10:00:00,Northside_Fulfillment,8.3,17.0,0,22.1,15.2,normal
2025-04-28T11:00:00,Northside_Fulfillment,11.5,14.7,0,24.7,15.9,normal
2025-04-28T12:00:00,Northside_Fulfillment,12.6,20.0,0,24.5,13.5,normal
2025-04-28T13:00:00,Northside_Fulfillment,12.5,17.9,0,26.0,14.7,normal
2025-04-28T14:00:00,Northside_Fulfillment,16.3,23.1,0,23.9,17.3,normal
2025-04-28T15:00:00,Northside_Fulfillment,17.6,22.8,0,23.8,15.9,normal
2025-04-28T16:00:00,Northside_Fulfillment,15.4,20.0,0,23.6,15.0,normal
2025-04-28T17:00:00,Northside_Fulfillment,11.4,14.8,0,21.4,15.9,normal
2025-04-28T18:00:00,Northside_Fulfillment,14.1,21.5,0,19.8,16.9,normal
2025-04-28T19:00:00,Northside_Fulfillment,13.0,18.2,0,19.4,15.3,normal
2025-04-28T20:00:00,Northside_Fulfillment,13.6,17.1,0,14.6,17.0,normal
2025-04-28T21:00:00,Northside_Fulfillment,14.5,18.6,0,14.5,16.0,normal
2025-04-28T22:00:00,Northside_Fulfillment,12.0,17.3,0,12.4,15.1,normal
2025-04-28T23:00:00,Northside_Fulfillment,10.3,16.9,0,12.8,16.3,normal
2025-04-28T00:00:00,Central_Fulfillment,11.7,14.3,0,11.4,15.3,normal
2025-04-28T01:00:00,Central_Fulfillment,7.3,14.0,0,11.1,14.8,normal
2025-04-28T02:00:00,Central_Fulfillment,8.6,11.6,0,11.3,16.9,normal
2025-04-28T03:00:00,Central_Fulfillment,6.0,12.8,0,13.7,16.8,normal
2025-04-28T04:00:00,Central_Fulfillment,5.3,11.7,0,14.7,15.6,normal
2025-04-28T05:00:00,Central_Fulfillment,7.8,16.0,0,13.7,16.5,normal
2025-04-28T06:00:00,Central_Fulfillment,10.1,15.7,0,17.2,16.0,normal
2025-04-28T07:00:00,Central_Fulfillment,5.9,11.3,0,19.3,16.6,normal
2025-04-28T08:00:00,Central_Fulfillment,9.4,14.1,0,18.4,16.2,normal
2025-04-28T09:00:00,Central_Fulfillment,10.7,15.0,0,20.2,15.7,normal
2025-04-28T10:00:00,Central_Fulfillment,7.7,11.2,0,23.5,16.9,normal
2025-04-28T11:00:00,Central_Fulfillment,4.9,12.3,0,25.0,16.9,normal
2025-04-28T12:00:00,Central_Fulfillment,12.4,20.4,0,26.5,16.2,normal
2025-04-28T13:00:00,Central_Fulfillment,14.1,20.4,0,24.0,15.3,normal
2025-04-28T14:00:00,Central_Fulfillment,14.2,22.6,0,23.0,15.2,normal
2025-04-28T15:00:00,Central_Fulfillment,12.8,19.7,0,25.4,16.6,normal
2025-04-28T16:00:00,Central_Fulfillment,14.9,19.4,0,23.3,16.3,normal
2025-04-28T17:00:00,Central_Fulfillment,17.1,23.1,0,21.9,16.0,normal
2025-04-28T18:00:00,Central_Fulfillment,13.9,17.8,0,17.7,15.9,normal
2025-04-28T19:00:00,Central_Fulfillment,15.7,19.5,0,17.6,16.5,normal
2025-04-28T20:00:00,Central_Fulfillment,11.6,16.9,0,15.2,16.0,normal
2025-04-28T21:00:00,Central_Fulfillment,11.5,19.1,0,14.8,15.9,normal
2025-04-28T22:00:00,Central_Fulfillment,9.9,17.0,0,12.6,15.3,normal
2025-04-28T23:00:00,Central_Fulfillment,12.7,15.7,0,12.6,16.5,normal
2025-04-28T00:00:00,Eastside_Fulfillment,10.0,18.0,0,10.1,16.3,normal
2025-04-28T01:00:00,Eastside_Fulfillment,7.3,14.2,0,12.3,14.9,normal
2025-04-28T02:00:00,Eastside_Fulfillment,6.6,13.6,0,10.7,15.4,normal
2025-04-28T03:00:00,Eastside_Fulfillment,8.0,14.8,0,10.3,15.9,normal
2025-04-28T04:00:00,Eastside_Fulfillment,7.8,10.7,0,13.3,14.5,normal
2025-04-28T05:00:00,Eastside_Fulfillment,5.8,12.6,0,12.8,15.1,normal
2025-04-28T06:00:00,Eastside_Fulfillment,6.1,12.4,0,15.9,14.7,normal
2025-04-28T07:00:00,Eastside_Fulfillment,6.3,12.0,0,19.1,14.1,normal
2025-04-28T08:00:00,Eastside_Fulfillment,8.4,15.6,0,19.9,16.4,normal
2025-04-28T09:00:00,Eastside_Fulfillment,10.7,13.6,0,21.1,17.4,normal
2025-04-28T10:00:00,Eastside_Fulfillment,14.1,18.4,0,22.8,16.9,normal
2025-04-28T11:00:00,Eastside_Fulfillment,12.5,15.5,0,24.7,17.2,normal
2025-04-28T12:00:00,Eastside_Fulfillment,10.3,14.7,0,25.8,17.0,normal
2025-04-28T13:00:00,Eastside_Fulfillment,15.1,19.8,0,25.9,15.8,normal
2025-04-28T14:00:00,Eastside_Fulfillment,17.9,22.8,0,25.2,17.3,normal
2025-04-28T15:00:00,Eastside_Fulfillment,10.2,15.9,0,24.8,15.7,normal
2025-04-28T16:00:00,Eastside_Fulfillment,15.6,21.9,0,23.0,18,normal
2025-04-28T17:00:00,Eastside_Fulfillment,14.6,16.7,0,21.4,16.1,normal
2025-04-28T18:00:00,Eastside_Fulfillment,20.0,24.8,0,19.5,15.6,normal
2025-04-28T19:00:00,Eastside_Fulfillment,14.6,17.3,0,17.9,15.9,normal
2025-04-28T20:00:00,Eastside_Fulfillment,14.9,18.3,0,15.5,15.0,normal
2025-04-28T21:00:00,Eastside_Fulfillment,13.1,21.8,0,15.3,15.9,normal
2025-04-28T22:00:00,Eastside_Fulfillment,15.4,20.5,0,13.3,15.5,normal
2025-04-28T23:00:00,Eastside_Fulfillment,11.3,14.3,0,13.2,16.5,normal
2025-04-29T00:00:00,Northside_Fulfillment,6.0,9.0,0,10.0,14.7,normal
2025-04-29T01:00:00,Northside_Fulfillment,5.6,13.1,0,11.1,17.3,normal
2025-04-29T02:00:00,Northside_Fulfillment,14.5,20.3,0,10.4,14.3,normal
2025-04-29T03:00:00,Northside_Fulfillment,8.7,15.8,0,13.3,14.2,normal
2025-04-29T04:00:00,Northside_Fulfillment,7.8,12.4,0,14.2,14.9,normal
2025-04-29T05:00:00,Northside_Fulfillment,8.5,11.8,0,14.7,16.4,normal
2025-04-29T06:00:00,Northside_Fulfillment,8.6,15.0,0,16.2,14.5,normal
2025-04-29T07:00:00,Northside_Fulfillment,7.3,10.4,0,18.8,15.9,normal
2025-04-29T08:00:00,Northside_Fulfillment,5.5,9.3,0,19.1,14.6,normal
2025-04-29T09:00:00,Northside_Fulfillment,9.1,12.7,0,22.2,14.8,normal
2025-04-29T10:00:00,Northside_Fulfillment,6.7,13.1,0,22.1,15.5,normal
2025-04-29T11:00:00,Northside_Fulfillment,13.8,21.1,0,24.2,15.0,normal
2025-04-29T12:00:00,Northside_Fulfillment,12.3,16.9,0,25.1,17.6,normal
2025-04-29T13:00:00,Northside_Fulfillment,10.9,15.0,0,24.7,16.5,normal
2025-04-29T14:00:00,Northside_Fulfillment,14.9,17.5,0,24.9,16.0,normal
2025-04-29T15:00:00,Northside_Fulfillment,13.6,16.8,0,23.5,17.4,normal
2025-04-29T16:00:00,Northside_Fulfillment,14.1,18.0,0,23.7,15.0,normal
2025-04-29T17:00:00,Northside_Fulfillment,16.1,24.5,0,22.0,17.6,normal
2025-04-29T18:00:00,Northside_Fulfillment,14.3,22.0,0,20.7,14.2,normal
2025-04-29T19:00:00,Northside_Fulfillment,13.0,15.3,0,17.2,15.4,normal
2025-04-29T20:00:00,Northside_Fulfillment,14.2,18.9,0,15.7,15.7,normal
2025-04-29T21:00:00,Northside_Fulfillment,10.0,16.2,0,14.6,16.2,normal
2025-04-29T22:00:00,Northside_Fulfillment,13.1,18.5,0,11.8,15.6,normal
2025-04-29T23:00:00,Northside_Fulfillment,7.5,11.9,0,12.2,15.4,normal
2025-04-29T00:00:00,Central_Fulfillment,8.1,16.8,0,10.0,16.3,normal
2025-04-29T01:00:00,Central_Fulfillment,9.4,16.2,0,12.0,15.8,normal
2025-04-29T02:00:00,Central_Fulfillment,9.7,13.8,0,11.2,15.1,normal
2025-04-29T03:00:00,Central_Fulfillment,7.9,11.4,0,12.4,17.1,normal
2025-04-29T04:00:00,Central_Fulfillment,4.0,12.5,0,12.8,15.3,normal
2025-04-29T05:00:00,Central_Fulfillment,5.2,10.1,0,13.8,16.3,normal
2025-04-29T06:00:00,Central_Fulfillment,6.2,11.3,0,16.2,13.9,normal
2025-04-29T07:00:00,Central_Fulfillment,7.4,9.4,0,18.9,16.5,normal
2025-04-29T08:00:00,Central_Fulfillment,8.4,11.5,0,19.6,15.9,normal
2025-04-29T09:00:00,Central_Fulfillment,10.5,18.6,0,20.4,16.7,normal
2025-04-29T10:00:00,Central_Fulfillment,10.8,18.7,0,23.3,15.5,normal
2025-04-29T11:00:00,Central_Fulfillment,11.8,17.8,0,23.3,17.0,normal
2025-04-29T12:00:00,Central_Fulfillment,9.1,17.3,0,24.3,14.5,normal
2025-04-29T13:00:00,Central_Fulfillment,14.1,19.0,0,23.8,15.2,normal
2025-04-29T14:00:00,Central_Fulfillment,17.0,25.5,0,24.3,17.4,normal
2025-04-29T15:00:00,Central_Fulfillment,10.2,18.0,0,24.0,15.2,normal
2025-04-29T16:00:00,Central_Fulfillment,15.7,23.2,0,22.9,17.0,normal
2025-04-29T17:00:00,Central_Fulfillment,10.5,16.5,0,21.8,15.8,normal
2025-04-29T18:00:00,Central_Fulfillment,15.1,18.1,0,19.8,16.9,normal
2025-04-29T19:00:00,Central_Fulfillment,15.4,24.4,0,19.2,16.5,normal
2025-04-29T20:00:00,Central_Fulfillment,13.1,16.0,0,15.6,16.0,normal
2025-04-29T21:00:00,Central_Fulfillment,12.7,15.7,0,16.2,15.7,normal
2025-04-29T22:00:00,Central_Fulfillment,14.1,16.8,0,12.6,17.5,normal
2025-04-29T23:00:00,Central_Fulfillment,10.3,15.7,0,12.2,15.4,normal
2025-04-29T00:00:00,Eastside_Fulfillment,9.2,14.9,0,10.1,14.4,normal
2025-04-29T01:00:00,Eastside_Fulfillment,12.5,17.2,0,11.3,16.3,normal
2025-04-29T02:00:00,Eastside_Fulfillment,8.3,11.1,0,10.9,16.5,normal
2025-04-29T03:00:00,Eastside_Fulfillment,5.5,10.9,0,11.8,17.4,normal
2025-04-29T04:00:00,Eastside_Fulfillment,5.3,10.0,0,13.7,15.9,normal
2025-04-29T05:00:00,Eastside_Fulfillment,8.0,15.4,0,13.0,14.1,normal
2025-04-29T06:00:00,Eastside_Fulfillment,5.2,12.3,0,16.2,15.7,normal
2025-04-29T07:00:00,Eastside_Fulfillment,8.2,15.2,0,16.6,16.6,normal
2025-04-29T08:00:00,Eastside_Fulfillment,7.5,11.6,0,20.0,16.6,normal
2025-04-29T09:00:00,Eastside_Fulfillment,5.0,11.7,0,21.5,17.5,normal
2025-04-29T10:00:00,Eastside_Fulfillment,8.2,12.7,0,22.6,15.1,normal
2025-04-29T11:00:00,Eastside_Fulfillment,9.2,17.4,0,25.9,14.6,normal
2025-04-29T12:00:00,Eastside_Fulfillment,10.5,18.5,0,25.1,15.7,normal
2025-04-29T13:00:00,Eastside_Fulfillment,13.0,21.4,0,24.2,16.3,normal
2025-04-29T14:00:00,Eastside_Fulfillment,13.2,16.8,0,23.5,15.8,normal
2025-04-29T15:00:00,Eastside_Fulfillment,15.5,23.0,0,24.1,15.4,normal
2025-04-29T16:00:00,Eastside_Fulfillment,16.9,20.5,0,23.6,14.8,normal
2025-04-29T17:00:00,Eastside_Fulfillment,15.3,18.9,0,21.8,15.5,normal
2025-04-29T18:00:00,Eastside_Fulfillment,13.4,19.1,0,21.2,16.2,normal
2025-04-29T19:00:00,Eastside_Fulfillment,15.5,18.7,0,16.9,15.4,normal
2025-04-29T20:00:00,Eastside_Fulfillment,14.1,22.2,0,15.6,17.0,normal
2025-04-29T21:00:00,Eastside_Fulfillment,16.0,24.7,0,13.8,17.1,normal
2025-04-29T22:00:00,Eastside_Fulfillment,13.8,22.7,0,13.7,15.8,normal
2025-04-29T23:00:00,Eastside_Fulfillment,11.8,17.1,0,10.5,15.8,normal
2025-04-30T00:00:00,Northside_Fulfillment,11.4,19.8,0,12.0,15.6,normal
2025-04-30T01:00:00,Northside_Fulfillment,8.9,14.4,0,11.6,14.7,normal
2025-04-30T02:00:00,Northside_Fulfillment,11.5,16.8,0,10.9,14.3,normal
2025-04-30T03:00:00,Northside_Fulfillment,7.5,9.6,0,12.9,15.6,normal
2025-04-30T04:00:00,Northside_Fulfillment,5.8,11.7,0,14.0,15.9,normal
2025-04-30T05:00:00,Northside_Fulfillment,5.0,13.2,0,14.1,15.9,normal
2025-04-30T06:00:00,Northside_Fulfillment,5.8,10.6,0,15.4,16.2,normal
2025-04-30T07:00:00,Northside_Fulfillment,6.6,12.9,0,18.5,16.0,normal
2025-04-30T08:00:00,Northside_Fulfillment,11.6,19.6,0,19.3,14.4,normal
2025-04-30T09:00:00,Northside_Fulfillment,9.7,15.5,0,22.2,15.7,normal
2025-04-30T10:00:00,Northside_Fulfillment,7.4,13.5,0,23.8,16.3,normal
2025-04-30T11:00:00,Northside_Fulfillment,12.9,17.7,0,23.8,15.0,normal
2025-04-30T12:00:00,Northside_Fulfillment,12.1,15.9,0,26.0,15.6,normal
2025-04-30T13:00:00,Northside_Fulfillment,11.9,15.8,0,24.4,15.6,normal
2025-04-30T14:00:00,Northside_Fulfillment,12.2,16.8,0,26.5,17.7,normal
2025-04-30T15:00:00,Northside_Fulfillment,11.4,14.0,0,23.8,16.1,normal
2025-04-30T16:00:00,Northside_Fulfillment,12.7,18.2,0,23.4,16.8,normal
2025-04-30T17:00:00,Northside_Fulfillment,15.0,20.9,0,21.6,15.5,normal
2025-04-30T18:00:00,Northside_Fulfillment,11.8,19.7,0,19.6,14.6,normal
2025-04-30T19:00:00,Northside_Fulfillment,11.7,16.8,0,18.2,15.9,normal
2025-04-30T20:00:00,Northside_Fulfillment,13.1,17.6,0,15.3,15.8,normal
2025-04-30T21:00:00,Northside_Fulfillment,17.5,25.8,0,14.3,14.4,normal
2025-04-30T22:00:00,Northside_Fulfillment,12.2,20.7,0,12.8,15.5,normal
2025-04-30T23:00:00,Northside_Fulfillment,11.2,13.3,0,11.2,17.3,normal
2025-04-30T00:00:00,Central_Fulfillment,7.9,15.6,0,10.9,16.1,normal
2025-04-30T01:00:00,Central_Fulfillment,8.7,12.6,0,11.8,16.0,normal
2025-04-30T02:00:00,Central_Fulfillment,10.0,17.7,0,11.2,17.4,normal
2025-04-30T03:00:00,Central_Fulfillment,3.1,9.8,0,12.5,17.4,normal
2025-04-30T04:00:00,Central_Fulfillment,4.3,10.2,0,13.9,16.2,normal
2025-04-30T05:00:00,Central_Fulfillment,6.4,12.3,0,14.6,15.5,normal
2025-04-30T06:00:00,Central_Fulfillment,7.0,14.2,0,15.2,16.1,normal
2025-04-30T07:00:00,Central_Fulfillment,4.8,13.4,0,16.9,16.1,normal
2025-04-30T08:00:00,Central_Fulfillment,9.0,18.0,0,19.4,18,normal
2025-04-30T09:00:00,Central_Fulfillment,10.6,13.3,0,21.5,17.5,normal
2025-04-30T10:00:00,Central_Fulfillment,8.9,15.6,0,22.9,16.5,normal
2025-04-30T11:00:00,Central_Fulfillment,12.4,15.9,0,25.0,14.0,normal
2025-04-30T12:00:00,Central_Fulfillment,13.0,15.6,0,23.8,17.8,normal
2025-04-30T13:00:00,Central_Fulfillment,15.8,21.8,0,25.2,17.0,normal
2025-04-30T14:00:00,Central_Fulfillment,12.7,20.2,0,24.8,16.7,normal
2025-04-30T15:00:00,Central_Fulfillment,16.3,20.7,0,23.7,15.8,normal
2025-04-30T16:00:00,Central_Fulfillment,13.7,19.8,0,22.6,16.3,normal
2025-04-30T17:00:00,Central_Fulfillment,12.1,20.1,0,20.7,16.8,normal
2025-04-30T18:00:00,Central_Fulfillment,12.3,17.2,0,19.7,15.1,normal
2025-04-30T19:00:00,Central_Fulfillment,12.7,19.8,0,17.5,16.1,normal
2025-04-30T20:00:00,Central_Fulfillment,13.2,19.0,0,15.4,16.3,normal
2025-04-30T21:00:00,Central_Fulfillment,14.0,22.6,0,14.4,16.9,normal
2025-04-30T22:00:00,Central_Fulfillment,12.0,15.3,0,12.1,16.5,normal
2025-04-30T23:00:00,Central_Fulfillment,12.9,19.7,0,12.6,15.7,normal
2025-04-30T00:00:00,Eastside_Fulfillment,11.0,19.4,0,12.0,16.7,normal
2025-04-30T01:00:00,Eastside_Fulfillment,7.6,10.9,0,11.2,15.8,normal
2025-04-30T02:00:00,Eastside_Fulfillment,8.8,16.8,0,11.8,17.4,normal
2025-04-30T03:00:00,Eastside_Fulfillment,6.8,11.5,0,12.0,17.5,normal
2025-04-30T04:00:00,Eastside_Fulfillment,7.9,16.2,0,13.5,17.0,normal
2025-04-30T05:00:00,Eastside_Fulfillment,9.1,14.4,0,12.7,16.5,normal
2025-04-30T06:00:00,Eastside_Fulfillment,4.4,12.2,0,15.9,15.5,normal
2025-04-30T07:00:00,Eastside_Fulfillment,7.9,10.6,0,19.9,16.0,normal
2025-04-30T08:00:00,Eastside_Fulfillment,8.9,13.7,0,20.4,16.5,normal
2025-04-30T09:00:00,Eastside_Fulfillment,7.5,10.1,0,21.4,15.2,normal
2025-04-30T10:00:00,Eastside_Fulfillment,6.1,14.6,0,24.1,16.0,normal
2025-04-30T11:00:00,Eastside_Fulfillment,11.5,19.1,0,24.6,13.9,normal
2025-04-30T12:00:00,Eastside_Fulfillment,12.3,18.9,0,25.2,15.7,normal
2025-04-30T13:00:00,Eastside_Fulfillment,15.0,21.7,0,25.3,15.3,normal
2025-04-30T14:00:00,Eastside_Fulfillment,11.4,19.7,0,24.9,16.9,normal
2025-04-30T15:00:00,Eastside_Fulfillment,14.9,23.5,0,22.6,16.1,normal
2025-04-30T16:00:00,Eastside_Fulfillment,14.1,17.2,0,23.1,14.4,normal
2025-04-30T17:00:00,Eastside_Fulfillment,15.8,19.4,0,20.5,17.1,normal
2025-04-30T18:00:00,Eastside_Fulfillment,13.0,18.4,0,19.2,18,normal
2025-04-30T19:00:00,Eastside_Fulfillment,13.4,18.3,0,17.5,16.6,normal
2025-04-30T20:00:00,Eastside_Fulfillment,13.6,16.1,0,15.7,17.8,normal
2025-04-30T21:00:00,Eastside_Fulfillment,14.2,16.2,0,14.4,16.3,normal
2025-04-30T22:00:00,Eastside_Fulfillment,7.7,15.2,0,13.1,16.4,normal
2025-04-30T23:00:00,Eastside_Fulfillment,8.9,11.5,0,12.5,16.5,normal
2025-05-01T00:00:00,Northside_Fulfillment,11.5,13.8,0,12.3,15.3,normal
2025-05-01T01:00:00,Northside_Fulfillment,9.0,15.2,0,10.7,15.9,normal
2025-05-01T02:00:00,Northside_Fulfillment,7.0,15.8,0,10.9,15.6,normal
2025-05-01T03:00:00,Northside_Fulfillment,6.2,14.4,0,12.9,17.8,normal
2025-05-01T04:00:00,Northside_Fulfillment,6.8,10.3,0,14.3,16.9,normal
2025-05-01T05:00:00,Northside_Fulfillment,6.8,11.7,0,14.7,17.5,normal
2025-05-01T06:00:00,Northside_Fulfillment,3.2,8.4,0,16.1,15.1,normal
2025-05-01T07:00:00,Northside_Fulfillment,9.2,16.7,0,17.7,16.7,normal
2025-05-01T08:00:00,Northside_Fulfillment,7.0,12.4,0,21.0,16.0,normal
2025-05-01T09:00:00,Northside_Fulfillment,11.3,19.3,0,22.2,16.4,normal
2025-05-01T10:00:00,Northside_Fulfillment,10.4,18.4,0,22.6,16.9,normal
2025-05-01T11:00:00,Northside_Fulfillment,9.2,17.8,0,25.7,15.8,normal
2025-05-01T12:00:00,Northside_Fulfillment,10.4,16.5,0,24.3,17.0,normal
2025-05-01T13:00:00,Northside_Fulfillment,14.7,18.4,0,25.6,16.5,normal
2025-05-01T14:00:00,Northside_Fulfillment,11.9,18.2,0,24.3,15.6,normal
2025-05-01T15:00:00,Northside_Fulfillment,10.8,19.3,0,24.8,16.6,normal
2025-05-01T16:00:00,Northside_Fulfillment,14.0,20.0,0,23.4,16.1,normal
2025-05-01T17:00:00,Northside_Fulfillment,17.7,21.9,0,21.4,16.6,normal
2025-05-01T18:00:00,Northside_Fulfillment,12.6,16.7,0,19.4,16.8,normal
2025-05-01T19:00:00,Northside_Fulfillment,16.2,23.1,0,17.1,16.9,normal
2025-05-01T20:00:00,Northside_Fulfillment,13.0,21.6,0,16.5,15.6,normal
2025-05-01T21:00:00,Northside_Fulfillment,16.1,22.3,0,15.7,18,normal
2025-05-01T22:00:00,Northside_Fulfillment,11.4,18.6,0,13.6,17.3,normal
2025-05-01T23:00:00,Northside_Fulfillment,7.3,10.7,0,13.5,16.9,normal
2025-05-01T00:00:00,Central_Fulfillment,11.9,20.7,0,10.9,16.9,normal
2025-05-01T01:00:00,Central_Fulfillment,6.6,11.2,0,10.6,16.5,normal
2025-05-01T02:00:00,Central_Fulfillment,7.0,15.2,0,11.2,16.1,normal
2025-05-01T03:00:00,Central_Fulfillment,4.8,12.6,0,11.5,15.9,normal
2025-05-01T04:00:00,Central_Fulfillment,9.0,15.8,0,13.5,15.7,normal
2025-05-01T05:00:00,Central_Fulfillment,9.3,14.9,0,13.4,15.8,normal
2025-05-01T06:00:00,Central_Fulfillment,5.5,13.1,0,17.9,16.2,normal
2025-05-01T07:00:00,Central_Fulfillment,8.1,15.6,0,16.5,16.2,normal
2025-05-01T08:00:00,Central_Fulfillment,8.1,12.0,0,19.4,15.8,normal
2025-05-01T09:00:00,Central_Fulfillment,10.7,15.4,0,22.4,14.5,normal
2025-05-01T10:00:00,Central_Fulfillment,13.1,20.4,0,23.6,16.3,normal
2025-05-01T11:00:00,Central_Fulfillment,12.3,20.1,0,24.2,16.8,normal
2025-05-01T12:00:00,Central_Fulfillment,11.3,14.6,0,25.4,16.3,normal
2025-05-01T13:00:00,Central_Fulfillment,17.7,20.4,0,23.9,15.9,normal
2025-05-01T14:00:00,Central_Fulfillment,11.7,17.4,0,23.0,15.9,normal
2025-05-01T15:00:00,Central_Fulfillment,13.8,21.0,0,24.4,17.4,normal
2025-05-01T16:00:00,Central_Fulfillment,17.5,23.5,0,23.4,18,normal
2025-05-01T17:00:00,Central_Fulfillment,16.7,19.5,0,22.7,15.7,normal
2025-05-01T18:00:00,Central_Fulfillment,12.6,16.0,0,19.6,17.3,normal
2025-05-01T19:00:00,Central_Fulfillment,15.5,17.6,0,18.5,15.4,normal
2025-05-01T20:00:00,Central_Fulfillment,15.8,21.4,0,17.2,16.3,normal
2025-05-01T21:00:00,Central_Fulfillment,13.2,15.3,0,14.8,16.7,normal
2025-05-01T22:00:00,Central_Fulfillment,8.8,15.1,0,14.7,15.4,normal
2025-05-01T23:00:00,Central_Fulfillment,12.4,21.3,0,11.9,16.5,normal
2025-05-01T00:00:00,Eastside_Fulfillment,11.8,19.0,0,11.9,16.5,normal
2025-05-01T01:00:00,Eastside_Fulfillment,8.5,14.4,0,10.9,16.5,normal
2025-05-01T02:00:00,Eastside_Fulfillment,6.3,14.7,0,12.2,17.0,normal
2025-05-01T03:00:00,Eastside_Fulfillment,9.8,14.5,0,11.4,16.1,normal
2025-05-01T04:00:00,Eastside_Fulfillment,9.4,12.3,0,12.5,16.1,normal
2025-05-01T05:00:00,Eastside_Fulfillment,8.4,14.2,0,14.2,15.3,normal
2025-05-01T06:00:00,Eastside_Fulfillment,10.1,17.1,0,15.3,15.6,normal
2025-05-01T07:00:00,Eastside_Fulfillment,7.8,14.0,0,19.3,16.4,normal
2025-05-01T08:00:00,Eastside_Fulfillment,9.9,13.9,0,19.3,17.6,normal
2025-05-01T09:00:00,Eastside_Fulfillment,8.6,16.5,0,20.8,15.6,normal
2025-05-01T10:00:00,Eastside_Fulfillment,8.5,13.7,0,23.6,15.9,normal
2025-05-01T11:00:00,Eastside_Fulfillment,12.3,17.0,0,24.3,15.4,normal
2025-05-01T12:00:00,Eastside_Fulfillment,16.5,21.2,0,23.4,16.6,normal
2025-05-01T13:00:00,Eastside_Fulfillment,17.5,22.4,0,24.1,17.0,normal
2025-05-01T14:00:00,Eastside_Fulfillment,13.3,19.9,0,24.0,14.4,normal
2025-05-01T15:00:00,Eastside_Fulfillment,17.5,21.5,0,22.6,18,normal
2025-05-01T16:00:00,Eastside_Fulfillment,12.4,19.4,0,22.6,16.6,normal
2025-05-01T17:00:00,Eastside_Fulfillment,15.1,19.9,0,21.9,16.3,normal
2025-05-01T18:00:00,Eastside_Fulfillment,15.7,24.4,0,19.8,15.4,normal
2025-05-01T19:00:00,Eastside_Fulfillment,11.7,19.8,0,17.9,17.3,normal
2025-05-01T20:00:00,Eastside_Fulfillment,12.5,15.5,0,16.8,16.1,normal
2025-05-01T21:00:00,Eastside_Fulfillment,13.2,17.0,0,14.5,18,normal
2025-05-01T22:00:00,Eastside_Fulfillment,11.9,17.8,0,13.6,16.6,normal
2025-05-01T23:00:00,Eastside_Fulfillment,12.3,16.9,0,13.5,14.5,normal
2025-05-02T00:00:00,Northside_Fulfillment,8.0,11.1,0,12.0,15.8,normal
2025-05-02T01:00:00,Northside_Fulfillment,7.7,13.0,0,12.4,15.5,normal
2025-05-02T02:00:00,Northside_Fulfillment,6.4,10.3,0,11.5,13.4,normal
2025-05-02T03:00:00,Northside_Fulfillment,6.5,12.8,0,13.5,16.5,normal
2025-05-02T04:00:00,Northside_Fulfillment,8.5,16.5,0,12.3,14.8,normal
2025-05-02T05:00:00,Northside_Fulfillment,6.9,12.2,0,13.8,17.8,normal
2025-05-02T06:00:00,Northside_Fulfillment,7.6,16.3,0,16.9,16.6,normal
2025-05-02T07:00:00,Northside_Fulfillment,5.2,8.2,0,18.6,16.6,normal
2025-05-02T08:00:00,Northside_Fulfillment,10.2,17.0,0,20.1,15.1,normal
2025-05-02T09:00:00,Northside_Fulfillment,10.5,13.2,0,20.5,16.0,normal
2025-05-02T10:00:00,Northside_Fulfillment,11.1,20.0,0,21.9,16.3,normal
2025-05-02T11:00:00,Northside_Fulfillment,12.9,16.9,0,22.5,14.9,normal
2025-05-02T12:00:00,Northside_Fulfillment,12.9,19.4,0,24.6,16.2,normal
2025-05-02T13:00:00,Northside_Fulfillment,14.1,20.0,0,26.3,14.8,normal
2025-05-02T14:00:00,Northside_Fulfillment,15.3,23.9,0,25.1,15.7,normal
2025-05-02T15:00:00,Northside_Fulfillment,15.1,20.7,0,24.0,16.5,normal
2025-05-02T16:00:00,Northside_Fulfillment,13.1,17.6,0,22.9,14.8,normal
2025-05-02T17:00:00,Northside_Fulfillment,16.3,24.5,0,22.1,16.1,normal
2025-05-02T18:00:00,Northside_Fulfillment,16.2,23.4,0,20.4,16.3,normal
2025-05-02T19:00:00,Northside_Fulfillment,15.0,22.0,0,16.9,14.7,normal
2025-05-02T20:00:00,Northside_Fulfillment,14.6,20.7,0,16.1,16.4,normal
2025-05-02T21:00:00,Northside_Fulfillment,15.0,18.2,0,13.9,15.4,normal
2025-05-02T22:00:00,Northside_Fulfillment,12.4,15.7,0,12.8,17.1,normal
2025-05-02T23:00:00,Northside_Fulfillment,12.0,18.4,0,11.5,15.9,normal
2025-05-02T00:00:00,Central_Fulfillment,4.3,9.8,0,9.9,15.0,normal
2025-05-02T01:00:00,Central_Fulfillment,8.4,12.9,0,11.8,17.5,normal
2025-05-02T02:00:00,Central_Fulfillment,7.1,11.1,0,11.0,16.8,normal
2025-05-02T03:00:00,Central_Fulfillment,10.5,16.3,0,12.5,16.6,normal
2025-05-02T04:00:00,Central_Fulfillment,2,4.1,0,12.1,15.5,normal
2025-05-02T05:00:00,Central_Fulfillment,9.6,18.1,0,15.2,15.6,normal
2025-05-02T06:00:00,Central_Fulfillment,6.8,15.0,0,15.7,17.8,normal
2025-05-02T07:00:00,Central_Fulfillment,12.3,17.8,0,15.4,18,normal
2025-05-02T08:00:00,Central_Fulfillment,11.8,15.6,0,20.4,15.2,normal
2025-05-02T09:00:00,Central_Fulfillment,6.0,8.2,0,21.9,16.4,normal
2025-05-02T10:00:00,Central_Fulfillment,9.0,14.5,0,22.7,16.0,normal
2025-05-02T11:00:00,Central_Fulfillment,8.6,16.3,0,25.0,14.0,normal
2025-05-02T12:00:00,Central_Fulfillment,12.3,18.9,0,24.6,16.6,normal
2025-05-02T13:00:00,Central_Fulfillment,8.7,14.9,0,25.9,15.6,normal
2025-05-02T14:00:00,Central_Fulfillment,14.1,18.5,0,24.3,15.2,normal
2025-05-02T15:00:00,Central_Fulfillment,14.3,18.8,0,23.7,16.2,normal
2025-05-02T16:00:00,Central_Fulfillment,16.0,23.9,0,22.8,15.7,normal
2025-05-02T17:00:00,Central_Fulfillment,16.3,22.5,0,22.2,15.0,normal
2025-05-02T18:00:00,Central_Fulfillment,17.9,21.7,0,19.7,15.4,normal
2025-05-02T19:00:00,Central_Fulfillment,15.0,18.4,0,18.5,15.1,normal
2025-05-02T20:00:00,Central_Fulfillment,13.1,21.4,0,15.2,16.6,normal
2025-05-02T21:00:00,Central_Fulfillment,9.7,17.1,0,14.5,15.4,normal
2025-05-02T22:00:00,Central_Fulfillment,11.7,14.8,0,13.0,15.0,normal
2025-05-02T23:00:00,Central_Fulfillment,14.7,20.9,0,12.3,15.6,normal
2025-05-02T00:00:00,Eastside_Fulfillment,9.8,18.5,0,11.8,15.5,normal
2025-05-02T01:00:00,Eastside_Fulfillment,9.9,17.3,0,10.0,16.3,normal
2025-05-02T02:00:00,Eastside_Fulfillment,8.7,17.0,0,10.5,15.2,normal
2025-05-02T03:00:00,Eastside_Fulfillment,8.2,14.4,0,12.0,16.6,normal
2025-05-02T04:00:00,Eastside_Fulfillment,5.5,11.1,0,14.1,18,normal
2025-05-02T05:00:00,Eastside_Fulfillment,10.5,14.0,0,12.7,15.6,normal
2025-05-02T06:00:00,Eastside_Fulfillment,5.3,12.3,0,16.8,15.1,normal
2025-05-02T07:00:00,Eastside_Fulfillment,7.4,9.7,0,17.6,16.5,normal
2025-05-02T08:00:00,Eastside_Fulfillment,7.0,12.8,0,21.3,17.1,normal
2025-05-02T09:00:00,Eastside_Fulfillment,10.0,18.6,0,21.2,16.3,normal
2025-05-02T10:00:00,Eastside_Fulfillment,11.0,18.1,0,22.4,15.5,normal
2025-05-02T11:00:00,Eastside_Fulfillment,10.1,15.6,0,23.0,16.0,normal
2025-05-02T12:00:00,Eastside_Fulfillment,10.5,13.0,0,25.3,15.4,normal
2025-05-02T13:00:00,Eastside_Fulfillment,14.0,17.9,0,25.9,17.0,normal
2025-05-02T14:00:00,Eastside_Fulfillment,15.9,18.7,0,24.4,14.2,normal
2025-05-02T15:00:00,Eastside_Fulfillment,12.7,17.7,0,24.5,15.6,normal
2025-05-02T16:00:00,Eastside_Fulfillment,16.6,23.4,0,21.9,14.2,normal
2025-05-02T17:00:00,Eastside_Fulfillment,10.8,15.1,0,20.1,17.0,normal
2025-05-02T18:00:00,Eastside_Fulfillment,15.2,18.7,0,18.6,14.5,normal
2025-05-02T19:00:00,Eastside_Fulfillment,13.4,21.6,0,18.9,16.5,normal
2025-05-02T20:00:00,Eastside_Fulfillment,12.4,21.3,0,15.4,15.0,normal
2025-05-02T21:00:00,Eastside_Fulfillment,10.4,12.6,0,14.4,14.9,normal
2025-05-02T22:00:00,Eastside_Fulfillment,9.8,18.4,0,13.6,15.4,normal
2025-05-02T23:00:00,Eastside_Fulfillment,10.2,16.7,0,12.5,17.0,normal
2025-05-03T00:00:00,Northside_Fulfillment,8.2,14.9,0,9.9,18,normal
2025-05-03T01:00:00,Northside_Fulfillment,13.6,16.2,0,11.1,15.4,normal
2025-05-03T02:00:00,Northside_Fulfillment,6.7,9.4,0,10.0,16.1,normal
2025-05-03T03:00:00,Northside_Fulfillment,6.9,10.6,0,11.9,16.3,normal
2025-05-03T04:00:00,Northside_Fulfillment,11.4,19.6,0,14.6,16.4,normal
2025-05-03T05:00:00,Northside_Fulfillment,2,9.0,0,14.6,15.8,normal
2025-05-03T06:00:00,Northside_Fulfillment,4.2,6.9,0,16.0,15.9,normal
2025-05-03T07:00:00,Northside_Fulfillment,5.1,9.6,0,16.4,18.0,normal
2025-05-03T08:00:00,Northside_Fulfillment,9.3,15.4,0,19.6,16.4,normal
2025-05-03T09:00:00,Northside_Fulfillment,8.1,14.6,0,20.9,15.8,normal
2025-05-03T10:00:00,Northside_Fulfillment,8.1,10.2,0,23.3,17.8,normal
2025-05-03T11:00:00,Northside_Fulfillment,13.8,20.8,0,22.6,15.1,normal
2025-05-03T12:00:00,Northside_Fulfillment,12.8,16.9,0,25.8,17.4,normal
2025-05-03T13:00:00,Northside_Fulfillment,12.9,18.3,0,25.2,15.3,normal
2025-05-03T14:00:00,Northside_Fulfillment,13.6,19.6,0,24.9,15.3,normal
2025-05-03T15:00:00,Northside_Fulfillment,13.2,21.5,0,23.4,16.3,normal
2025-05-03T16:00:00,Northside_Fulfillment,13.8,16.7,0,23.2,15.4,normal
2025-05-03T17:00:00,Northside_Fulfillment,15.5,19.9,0,23.1,16.2,normal
2025-05-03T18:00:00,Northside_Fulfillment,13.9,20.2,0,18.9,15.8,normal
2025-05-03T19:00:00,Northside_Fulfillment,14.0,21.6,0,18.2,17.4,normal
2025-05-03T20:00:00,Northside_Fulfillment,12.8,20.4,0,16.0,17.2,normal
2025-05-03T21:00:00,Northside_Fulfillment,13.4,19.0,0,15.1,16.0,normal
2025-05-03T22:00:00,Northside_Fulfillment,9.1,15.7,0,13.3,15.3,normal
2025-05-03T23:00:00,Northside_Fulfillment,9.8,13.7,0,11.4,14.4,normal
2025-05-03T00:00:00,Central_Fulfillment,7.4,12.3,0,10.7,15.8,normal
2025-05-03T01:00:00,Central_Fulfillment,10.1,16.2,0,11.4,15.4,normal
2025-05-03T02:00:00,Central_Fulfillment,8.3,17.2,0,11.0,17.0,normal
2025-05-03T03:00:00,Central_Fulfillment,5.2,12.2,0,12.2,13.9,normal
2025-05-03T04:00:00,Central_Fulfillment,8.4,10.8,0,12.6,16.4,normal
2025-05-03T05:00:00,Central_Fulfillment,7.6,11.4,0,15.3,16.7,normal
2025-05-03T06:00:00,Central_Fulfillment,5.9,9.9,0,16.0,14.9,normal
2025-05-03T07:00:00,Central_Fulfillment,8.2,12.6,0,18.1,16.4,normal
2025-05-03T08:00:00,Central_Fulfillment,10.4,13.0,0,19.5,15.1,normal
2025-05-03T09:00:00,Central_Fulfillment,4.8,9.7,0,21.4,17.7,normal
2025-05-03T10:00:00,Central_Fulfillment,11.3,13.4,0,22.0,17.0,normal
2025-05-03T11:00:00,Central_Fulfillment,12.1,19.2,0,24.6,17.1,normal
2025-05-03T12:00:00,Central_Fulfillment,11.5,19.5,0,25.9,15.8,normal
2025-05-03T13:00:00,Central_Fulfillment,12.0,16.6,0,25.2,16.4,normal
2025-05-03T14:00:00,Central_Fulfillment,17.0,21.4,0,25.6,15.9,normal
2025-05-03T15:00:00,Central_Fulfillment,16.2,21.0,0,23.3,17.0,normal
2025-05-03T16:00:00,Central_Fulfillment,12.2,20.2,0,21.7,16.1,normal
2025-05-03T17:00:00,Central_Fulfillment,17.4,22.6,0,21.1,16.8,normal
2025-05-03T18:00:00,Central_Fulfillment,13.0,17.1,0,19.3,16.3,normal
2025-05-03T19:00:00,Central_Fulfillment,14.7,19.9,0,17.9,15.2,normal
2025-05-03T20:00:00,Central_Fulfillment,10.4,18.8,0,16.4,17.1,normal
2025-05-03T21:00:00,Central_Fulfillment,12.2,17.7,0,14.2,16.1,normal
2025-05-03T22:00:00,Central_Fulfillment,11.8,19.4,0,12.5,15.9,normal
2025-05-03T23:00:00,Central_Fulfillment,13.1,21.7,0,11.7,16.2,normal
2025-05-03T00:00:00,Eastside_Fulfillment,9.5,17.4,0,12.4,16.3,normal
2025-05-03T01:00:00,Eastside_Fulfillment,5.9,14.9,0,11.7,17.2,normal
2025-05-03T02:00:00,Eastside_Fulfillment,7.6,15.5,0,11.6,15.4,normal
2025-05-03T03:00:00,Eastside_Fulfillment,5.3,9.9,0,11.1,18,normal
2025-05-03T04:00:00,Eastside_Fulfillment,5.1,8.5,0,13.3,15.9,normal
2025-05-03T05:00:00,Eastside_Fulfillment,9.3,18.0,0,13.2,16.5,normal
2025-05-03T06:00:00,Eastside_Fulfillment,6.5,15.3,0,17.0,16.3,normal
2025-05-03T07:00:00,Eastside_Fulfillment,7.0,14.2,0,17.1,17.2,normal
2025-05-03T08:00:00,Eastside_Fulfillment,9.2,12.8,0,20.6,15.9,normal
2025-05-03T09:00:00,Eastside_Fulfillment,6.5,12.1,0,21.3,15.7,normal
2025-05-03T10:00:00,Eastside_Fulfillment,9.6,15.4,0,23.1,15.6,normal
2025-05-03T11:00:00,Eastside_Fulfillment,11.8,17.9,0,23.7,17.0,normal
2025-05-03T12:00:00,Eastside_Fulfillment,10.3,15.0,0,26.3,16.1,normal
2025-05-03T13:00:00,Eastside_Fulfillment,9.8,17.5,0,24.8,17.2,normal
2025-05-03T14:00:00,Eastside_Fulfillment,12.1,16.3,0,24.2,14.3,normal
2025-05-03T15:00:00,Eastside_Fulfillment,13.0,16.0,0,23.9,16.6,normal
2025-05-03T16:00:00,Eastside_Fulfillment,18.2,25.8,0,23.8,15.9,normal
2025-05-03T17:00:00,Eastside_Fulfillment,12.4,17.5,0,22.1,15.8,normal
2025-05-03T18:00:00,Eastside_Fulfillment,14.6,22.1,0,20.8,16.9,normal
2025-05-03T19:00:00,Eastside_Fulfillment,18.1,23.5,0,17.3,18,normal
2025-05-03T20:00:00,Eastside_Fulfillment,13.7,19.7,0,16.5,16.2,normal
2025-05-03T21:00:00,Eastside_Fulfillment,11.8,17.0,0,16.1,15.2,normal
2025-05-03T22:00:00,Eastside_Fulfillment,15.9,23.1,0,12.5,15.1,normal
2025-05-03T23:00:00,Eastside_Fulfillment,8.8,10.8,0,12.0,17.2,normal
2025-05-04T00:00:00,Northside_Fulfillment,11.9,17.9,0,12.2,16.4,normal
2025-05-04T01:00:00,Northside_Fulfillment,8.1,14.7,0,11.8,16.6,normal
2025-05-04T02:00:00,Northside_Fulfillment,7.1,11.7,0,11.8,15.8,normal
2025-05-04T03:00:00,Northside_Fulfillment,9.6,12.4,0,12.4,15.8,normal
2025-05-04T04:00:00,Northside_Fulfillment,7.6,11.7,0,13.0,16.1,normal
2025-05-04T05:00:00,Northside_Fulfillment,7.5,10.9,0,14.0,15.3,normal
2025-05-04T06:00:00,Northside_Fulfillment,9.1,16.2,0,15.8,16.5,normal
2025-05-04T07:00:00,Northside_Fulfillment,7.4,11.6,0,17.8,16.1,normal
2025-05-04T08:00:00,Northside_Fulfillment,7.8,16.5,0,18.4,17.0,normal
2025-05-04T09:00:00,Northside_Fulfillment,11.5,17.9,0,20.3,15.4,normal
2025-05-04T10:00:00,Northside_Fulfillment,9.1,11.8,0,23.9,15.4,normal
2025-05-04T11:00:00,Northside_Fulfillment,14.9,17.8,0,24.1,16.0,normal
2025-05-04T12:00:00,Northside_Fulfillment,13.0,17.1,0,25.7,16.3,normal
2025-05-04T13:00:00,Northside_Fulfillment,17.1,21.2,0,25.6,14.6,normal
2025-05-04T14:00:00,Northside_Fulfillment,12.0,19.7,0,24.0,16.4,normal
2025-05-04T15:00:00,Northside_Fulfillment,14.4,17.2,0,23.2,17.6,normal
2025-05-04T16:00:00,Northside_Fulfillment,14.3,19.3,0,23.2,15.7,normal
2025-05-04T17:00:00,Northside_Fulfillment,13.0,20.5,0,21.4,16.4,normal
2025-05-04T18:00:00,Northside_Fulfillment,14.6,21.4,0,19.2,15.4,normal
2025-05-04T19:00:00,Northside_Fulfillment,15.6,17.8,0,17.7,15.3,normal
2025-05-04T20:00:00,Northside_Fulfillment,13.5,18.5,0,15.3,15.5,normal
2025-05-04T21:00:00,Northside_Fulfillment,11.4,16.8,0,15.0,16.1,normal
2025-05-04T22:00:00,Northside_Fulfillment,9.9,18.1,0,13.5,16.0,normal
2025-05-04T23:00:00,Northside_Fulfillment,9.9,17.7,0,11.3,17.4,normal
2025-05-04T00:00:00,Central_Fulfillment,10.7,15.3,0,11.2,16.9,normal
2025-05-04T01:00:00,Central_Fulfillment,10.4,17.1,0,9.4,15.8,normal
2025-05-04T02:00:00,Central_Fulfillment,5.6,8.4,0,12.9,15.9,normal
2025-05-04T03:00:00,Central_Fulfillment,7.3,13.7,0,10.9,15.5,normal
2025-05-04T04:00:00,Central_Fulfillment,4.6,7.7,0,13.8,15.6,normal
2025-05-04T05:00:00,Central_Fulfillment,9.4,12.1,0,15.4,16.0,normal
2025-05-04T06:00:00,Central_Fulfillment,4.3,11.6,0,17.3,14.7,normal
2025-05-04T07:00:00,Central_Fulfillment,9.6,16.1,0,18.5,16.2,normal
2025-05-04T08:00:00,Central_Fulfillment,6.6,8.8,0,19.6,14.9,normal
2025-05-04T09:00:00,Central_Fulfillment,7.8,10.5,0,23.0,17.5,normal
2025-05-04T10:00:00,Central_Fulfillment,6.7,13.8,0,22.8,16.6,normal
2025-05-04T11:00:00,Central_Fulfillment,13.2,16.3,0,23.6,15.1,normal
2025-05-04T12:00:00,Central_Fulfillment,10.7,16.9,0,25.7,16.2,normal
2025-05-04T13:00:00,Central_Fulfillment,13.4,20.6,0,24.9,16.9,normal
2025-05-04T14:00:00,Central_Fulfillment,14.1,18.7,0,25.2,15.0,normal
2025-05-04T15:00:00,Central_Fulfillment,13.4,22.0,0,25.7,14.0,normal
2025-05-04T16:00:00,Central_Fulfillment,12.9,16.7,0,21.8,17.8,normal
2025-05-04T17:00:00,Central_Fulfillment,16.7,19.2,0,22.3,16.3,normal
2025-05-04T18:00:00,Central_Fulfillment,13.8,16.6,0,19.8,16.5,normal
2025-05-04T19:00:00,Central_Fulfillment,11.9,15.5,0,18.2,17.6,normal
2025-05-04T20:00:00,Central_Fulfillment,12.5,15.4,0,15.5,14.6,normal
2025-05-04T21:00:00,Central_Fulfillment,15.8,20.6,0,15.2,16.9,normal
2025-05-04T22:00:00,Central_Fulfillment,12.6,15.4,0,13.4,16.4,normal
2025-05-04T23:00:00,Central_Fulfillment,8.5,10.9,0,13.0,16.7,normal
2025-05-04T00:00:00,Eastside_Fulfillment,6.5,14.6,0,11.5,16.4,normal
2025-05-04T01:00:00,Eastside_Fulfillment,10.8,13.3,0,12.2,16.1,normal
2025-05-04T02:00:00,Eastside_Fulfillment,4.8,10.4,0,10.2,14.7,normal
2025-05-04T03:00:00,Eastside_Fulfillment,7.0,15.1,0,12.7,15.8,normal
2025-05-04T04:00:00,Eastside_Fulfillment,7.8,10.4,0,12.6,16.6,normal
2025-05-04T05:00:00,Eastside_Fulfillment,4.0,12.3,0,15.0,15.4,normal
2025-05-04T06:00:00,Eastside_Fulfillment,5.7,10.3,0,16.2,14.1,normal
2025-05-04T07:00:00,Eastside_Fulfillment,8.0,12.6,0,17.5,15.7,normal
2025-05-04T08:00:00,Eastside_Fulfillment,5.9,8.3,0,20.3,15.8,normal
2025-05-04T09:00:00,Eastside_Fulfillment,9.4,13.3,0,21.8,15.5,normal
2025-05-04T10:00:00,Eastside_Fulfillment,7.5,12.8,0,23.0,16.3,normal
2025-05-04T11:00:00,Eastside_Fulfillment,11.0,19.6,0,24.5,16.1,normal
2025-05-04T12:00:00,Eastside_Fulfillment,12.2,19.9,0,24.4,17.4,normal
2025-05-04T13:00:00,Eastside_Fulfillment,17.5,22.0,0,25.4,15.1,normal
2025-05-04T14:00:00,Eastside_Fulfillment,17.4,23.4,0,25.0,16.1,normal
2025-05-04T15:00:00,Eastside_Fulfillment,17.3,19.3,0,23.5,13.9,normal
2025-05-04T16:00:00,Eastside_Fulfillment,18.5,23.5,0,24.0,16.2,normal
2025-05-04T17:00:00,Eastside_Fulfillment,14.2,22.0,0,21.3,16.4,normal
2025-05-04T18:00:00,Eastside_Fulfillment,12.4,19.7,0,19.7,15.6,normal
2025-05-04T19:00:00,Eastside_Fulfillment,15.3,22.4,0,18.4,15.6,normal
2025-05-04T20:00:00,Eastside_Fulfillment,12.3,15.6,0,16.0,16.4,normal
2025-05-04T21:00:00,Eastside_Fulfillment,11.6,19.4,0,14.8,16.8,normal
2025-05-04T22:00:00,Eastside_Fulfillment,11.8,16.1,0,12.9,15.9,normal
2025-05-04T23:00:00,Eastside_Fulfillment,9.0,14.7,0,11.1,15.5,normal
2025-05-05T00:00:00,Northside_Fulfillment,7.0,10.7,0,10.3,17.1,normal
2025-05-05T01:00:00,Northside_Fulfillment,10.4,14.0,0,10.9,15.6,normal
2025-05-05T02:00:00,Northside_Fulfillment,11.1,16.7,0,12.7,16.2,normal
2025-05-05T03:00:00,Northside_Fulfillment,9.2,11.7,0,11.7,16.1,normal
2025-05-05T04:00:00,Northside_Fulfillment,9.3,14.8,0,13.0,16.9,normal
2025-05-05T05:00:00,Northside_Fulfillment,6.4,13.4,0,14.4,15.9,normal
2025-05-05T06:00:00,Northside_Fulfillment,4.5,13.2,0,16.5,15.9,normal
2025-05-05T07:00:00,Northside_Fulfillment,3.1,10.7,0,18.4,16.3,normal
2025-05-05T08:00:00,Northside_Fulfillment,10.8,17.9,0,21.2,16.6,normal
2025-05-05T09:00:00,Northside_Fulfillment,7.8,14.3,0,21.0,16.6,normal
2025-05-05T10:00:00,Northside_Fulfillment,7.6,13.2,0,22.8,17.3,normal
2025-05-05T11:00:00,Northside_Fulfillment,10.7,17.9,0,23.5,15.8,normal
2025-05-05T12:00:00,Northside_Fulfillment,12.8,17.6,0,25.9,16.0,normal
2025-05-05T13:00:00,Northside_Fulfillment,12.5,15.2,0,23.8,16.2,normal
2025-05-05T14:00:00,Northside_Fulfillment,18.1,25.1,0,26.5,16.4,normal
2025-05-05T15:00:00,Northside_Fulfillment,12.0,18.0,0,23.7,16.0,normal
2025-05-05T16:00:00,Northside_Fulfillment,17.8,19.9,0,22.4,15.2,normal
2025-05-05T17:00:00,Northside_Fulfillment,17.8,22.6,0,21.0,16.0,normal
2025-05-05T18:00:00,Northside_Fulfillment,13.4,21.4,0,19.3,14.5,normal
2025-05-05T19:00:00,Northside_Fulfillment,18.3,23.6,0,18.1,17.5,normal
2025-05-05T20:00:00,Northside_Fulfillment,14.1,21.8,0,15.2,15.7,normal
2025-05-05T21:00:00,Northside_Fulfillment,13.7,18.7,0,14.5,16.0,normal
2025-05-05T22:00:00,Northside_Fulfillment,10.1,12.2,0,13.9,17.2,normal
2025-05-05T23:00:00,Northside_Fulfillment,12.4,17.0,0,12.5,15.7,normal
2025-05-05T00:00:00,Central_Fulfillment,13.7,18.2,0,13.2,15.7,normal
2025-05-05T01:00:00,Central_Fulfillment,9.6,14.7,0,12.1,16.9,normal
2025-05-05T02:00:00,Central_Fulfillment,6.9,13.7,0,11.0,16.1,normal
2025-05-05T03:00:00,Central_Fulfillment,6.2,11.6,0,13.0,15.8,normal
2025-05-05T04:00:00,Central_Fulfillment,6.6,9.3,0,14.0,16.2,normal
2025-05-05T05:00:00,Central_Fulfillment,7.2,12.1,0,13.0,15.3,normal
2025-05-05T06:00:00,Central_Fulfillment,6.8,9.9,0,15.8,14.1,normal
2025-05-05T07:00:00,Central_Fulfillment,6.9,13.3,0,16.2,14.9,normal
2025-05-05T08:00:00,Central_Fulfillment,7.2,10.7,0,19.8,16.4,normal
2025-05-05T09:00:00,Central_Fulfillment,10.4,12.6,0,21.0,15.5,normal
2025-05-05T10:00:00,Central_Fulfillment,10.1,17.2,0,22.8,15.8,normal
2025-05-05T11:00:00,Central_Fulfillment,7.3,16.2,0,22.8,15.7,normal
2025-05-05T12:00:00,Central_Fulfillment,12.7,17.8,0,23.4,16.0,normal
2025-05-05T13:00:00,Central_Fulfillment,13.0,15.9,0,24.9,17.0,normal
2025-05-05T14:00:00,Central_Fulfillment,12.6,18.0,0,23.9,15.1,normal
2025-05-05T15:00:00,Central_Fulfillment,14.9,17.1,0,25.6,15.6,normal
2025-05-05T16:00:00,Central_Fulfillment,17.1,25.2,0,21.5,15.6,normal
2025-05-05T17:00:00,Central_Fulfillment,14.3,21.0,0,21.0,16.1,normal
2025-05-05T18:00:00,Central_Fulfillment,13.8,17.1,0,19.2,15.8,normal
2025-05-05T19:00:00,Central_Fulfillment,14.4,16.7,0,17.6,14.7,normal
2025-05-05T20:00:00,Central_Fulfillment,6.8,11.0,0,15.8,17.0,normal
2025-05-05T21:00:00,Central_Fulfillment,11.6,19.3,0,13.8,16.2,normal
2025-05-05T22:00:00,Central_Fulfillment,12.1,15.7,0,12.2,16.7,normal
2025-05-05T23:00:00,Central_Fulfillment,12.7,17.3,0,12.1,15.8,normal
2025-05-05T00:00:00,Eastside_Fulfillment,12.5,16.8,0,11.6,17.3,normal
2025-05-05T01:00:00,Eastside_Fulfillment,12.4,14.9,0,10.0,17.0,normal
2025-05-05T02:00:00,Eastside_Fulfillment,8.3,12.3,0,11.8,16.4,normal
2025-05-05T03:00:00,Eastside_Fulfillment,4.4,12.9,0,12.4,17.4,normal
2025-05-05T04:00:00,Eastside_Fulfillment,6.4,13.3,0,14.7,18.0,normal
2025-05-05T05:00:00,Eastside_Fulfillment,3.7,12.2,0,13.8,14.9,normal
2025-05-05T06:00:00,Eastside_Fulfillment,4.1,11.9,0,15.5,15.5,normal
2025-05-05T07:00:00,Eastside_Fulfillment,7.8,15.6,0,17.3,17.2,normal
2025-05-05T08:00:00,Eastside_Fulfillment,6.8,13.4,0,18.9,17.0,normal
2025-05-05T09:00:00,Eastside_Fulfillment,11.8,16.3,0,22.3,14.6,normal
2025-05-05T10:00:00,Eastside_Fulfillment,9.8,17.0,0,23.3,15.5,normal
2025-05-05T11:00:00,Eastside_Fulfillment,9.9,16.0,0,25.0,15.7,normal
2025-05-05T12:00:00,Eastside_Fulfillment,13.1,21.7,0,23.8,17.2,normal
2025-05-05T13:00:00,Eastside_Fulfillment,9.3,18.1,0,24.2,16.0,normal
2025-05-05T14:00:00,Eastside_Fulfillment,17.3,22.5,0,25.7,17.2,normal
2025-05-05T15:00:00,Eastside_Fulfillment,12.8,15.4,0,23.6,18,normal
2025-05-05T16:00:00,Eastside_Fulfillment,16.8,20.2,0,23.8,16.3,normal
2025-05-05T17:00:00,Eastside_Fulfillment,16.9,18.9,0,21.4,17.2,normal
2025-05-05T18:00:00,Eastside_Fulfillment,17.6,20.8,0,20.3,15.3,normal
2025-05-05T19:00:00,Eastside_Fulfillment,17.3,22.0,0,18.4,16.6,normal
2025-05-05T20:00:00,Eastside_Fulfillment,11.0,15.5,0,16.8,15.6,normal
2025-05-05T21:00:00,Eastside_Fulfillment,10.0,14.4,0,14.0,16.1,normal
2025-05-05T22:00:00,Eastside_Fulfillment,14.9,17.9,0,13.6,18,normal
2025-05-05T23:00:00,Eastside_Fulfillment,11.6,15.0,0,11.9,14.5,normal
2025-05-06T00:00:00,Northside_Fulfillment,10.7,15.9,0,12.9,17.6,normal
2025-05-06T01:00:00,Northside_Fulfillment,8.9,12.6,0,11.3,15.5,normal
2025-05-06T02:00:00,Northside_Fulfillment,6.5,14.8,0,10.5,17.7,normal
2025-05-06T03:00:00,Northside_Fulfillment,7.7,11.5,0,12.1,16.0,normal
2025-05-06T04:00:00,Northside_Fulfillment,7.7,13.9,0,13.1,17.4,normal
2025-05-06T05:00:00,Northside_Fulfillment,9.5,16.4,0,14.5,17.3,normal
2025-05-06T06:00:00,Northside_Fulfillment,7.3,11.3,0,15.9,14.6,normal
2025-05-06T07:00:00,Northside_Fulfillment,8.3,17.0,0,17.2,15.5,normal
2025-05-06T08:00:00,Northside_Fulfillment,6.9,9.3,0,19.0,17.1,normal
2025-05-06T09:00:00,Northside_Fulfillment,7.7,11.6,0,21.7,16.7,normal
2025-05-06T10:00:00,Northside_Fulfillment,11.6,20.1,0,22.4,14.4,normal
2025-05-06T11:00:00,Northside_Fulfillment,11.9,18.2,0,24.4,15.4,normal
2025-05-06T12:00:00,Northside_Fulfillment,10.2,12.9,0,24.4,16.5,normal
2025-05-06T13:00:00,Northside_Fulfillment,10.6,17.4,0,24.2,16.2,normal
2025-05-06T14:00:00,Northside_Fulfillment,13.2,20.0,0,24.8,14.8,normal
2025-05-06T15:00:00,Northside_Fulfillment,16.9,20.6,0,23.3,15.6,normal
2025-05-06T16:00:00,Northside_Fulfillment,14.4,19.9,0,22.3,15.3,normal
2025-05-06T17:00:00,Northside_Fulfillment,13.7,21.8,0,21.4,16.7,normal
2025-05-06T18:00:00,Northside_Fulfillment,17.5,24.2,0,20.6,16.5,normal
2025-05-06T19:00:00,Northside_Fulfillment,18.3,21.5,0,18.2,17.7,normal
2025-05-06T20:00:00,Northside_Fulfillment,14.0,16.2,0,15.8,15.4,normal
2025-05-06T21:00:00,Northside_Fulfillment,13.2,18.3,0,14.3,16.6,normal
2025-05-06T22:00:00,Northside_Fulfillment,13.4,19.3,0,13.4,17.2,normal
2025-05-06T23:00:00,Northside_Fulfillment,12.6,19.6,0,11.7,15.4,normal
2025-05-06T00:00:00,Central_Fulfillment,8.4,16.2,0,11.7,15.4,normal
2025-05-06T01:00:00,Central_Fulfillment,10.3,15.6,0,11.9,14.8,normal
2025-05-06T02:00:00,Central_Fulfillment,9.4,17.9,0,10.7,15.3,normal
2025-05-06T03:00:00,Central_Fulfillment,8.5,13.0,0,12.3,16.3,normal
2025-05-06T04:00:00,Central_Fulfillment,5.9,13.0,0,11.8,15.6,normal
2025-05-06T05:00:00,Central_Fulfillment,10.1,12.3,0,14.5,16.9,normal
2025-05-06T06:00:00,Central_Fulfillment,7.8,11.5,0,17.3,15.7,normal
2025-05-06T07:00:00,Central_Fulfillment,5.9,14.9,0,18.9,16.2,normal
2025-05-06T08:00:00,Central_Fulfillment,8.1,12.4,0,21.8,18,normal
2025-05-06T09:00:00,Central_Fulfillment,6.1,10.5,0,20.3,16.3,normal
2025-05-06T10:00:00,Central_Fulfillment,11.0,18.2,0,23.4,15.7,normal
2025-05-06T11:00:00,Central_Fulfillment,8.7,14.0,0,24.9,16.5,normal
2025-05-06T12:00:00,Central_Fulfillment,12.8,16.9,0,25.8,16.8,normal
2025-05-06T13:00:00,Central_Fulfillment,11.7,15.3,0,24.8,15.6,normal
2025-05-06T14:00:00,Central_Fulfillment,13.2,19.8,0,24.8,16.7,normal
2025-05-06T15:00:00,Central_Fulfillment,17.1,21.5,0,23.5,14.6,normal
2025-05-06T16:00:00,Central_Fulfillment,11.0,13.8,0,23.7,16.2,normal
2025-05-06T17:00:00,Central_Fulfillment,15.0,18.5,0,20.6,15.4,normal
2025-05-06T18:00:00,Central_Fulfillment,15.2,20.5,0,19.5,17.1,normal
2025-05-06T19:00:00,Central_Fulfillment,13.0,16.9,0,18.7,15.4,normal
2025-05-06T20:00:00,Central_Fulfillment,14.6,18.0,0,18.1,16.3,normal
2025-05-06T21:00:00,Central_Fulfillment,14.0,21.7,0,15.6,16.6,normal
2025-05-06T22:00:00,Central_Fulfillment,11.5,20.1,0,12.9,16.0,normal
2025-05-06T23:00:00,Central_Fulfillment,12.0,19.5,0,13.2,16.1,normal
2025-05-06T00:00:00,Eastside_Fulfillment,9.2,16.1,0,10.2,16.0,normal
2025-05-06T01:00:00,Eastside_Fulfillment,10.8,14.7,0,10.7,17.0,normal
2025-05-06T02:00:00,Eastside_Fulfillment,8.0,11.7,0,10.6,16.7,normal
2025-05-06T03:00:00,Eastside_Fulfillment,6.3,15.2,0,12.8,16.9,normal
2025-05-06T04:00:00,Eastside_Fulfillment,8.7,16.5,0,14.0,14.8,normal
2025-05-06T05:00:00,Eastside_Fulfillment,4.3,7.0,0,15.8,15.9,normal
2025-05-06T06:00:00,Eastside_Fulfillment,9.2,11.3,0,15.9,15.0,normal
2025-05-06T07:00:00,Eastside_Fulfillment,6.9,13.4,0,18.0,17.4,normal
2025-05-06T08:00:00,Eastside_Fulfillment,9.0,14.5,0,20.6,17.8,normal
2025-05-06T09:00:00,Eastside_Fulfillment,9.9,14.2,0,22.7,15.5,normal
2025-05-06T10:00:00,Eastside_Fulfillment,7.7,13.9,0,21.2,14.6,normal
2025-05-06T11:00:00,Eastside_Fulfillment,18.1,21.9,0,23.6,16.2,normal
2025-05-06T12:00:00,Eastside_Fulfillment,12.5,15.8,0,25.1,16.7,normal
2025-05-06T13:00:00,Eastside_Fulfillment,14.5,19.0,0,26.2,14.3,normal
2025-05-06T14:00:00,Eastside_Fulfillment,29.6,39.8,1.25,24.2,13.6,caution
2025-05-06T15:00:00,Eastside_Fulfillment,31.4,38.5,0.92,24.3,13.3,caution
2025-05-06T16:00:00,Eastside_Fulfillment,31.8,39.6,0.86,23.8,12.2,caution
2025-05-06T17:00:00,Eastside_Fulfillment,34.7,46.0,1.35,21.7,11.4,hold
2025-05-06T18:00:00,Eastside_Fulfillment,31.0,36.7,1.22,19.9,11.3,caution
2025-05-06T19:00:00,Eastside_Fulfillment,12.6,20.9,0,17.9,15.5,normal
2025-05-06T20:00:00,Eastside_Fulfillment,15.1,22.6,0,16.0,16.5,normal
2025-05-06T21:00:00,Eastside_Fulfillment,14.6,19.5,0,13.5,15.3,normal
2025-05-06T22:00:00,Eastside_Fulfillment,13.8,21.2,0,12.3,16.0,normal
2025-05-06T23:00:00,Eastside_Fulfillment,6.9,14.4,0,13.0,17.0,normal
2025-05-07T00:00:00,Northside_Fulfillment,9.0,13.9,0,11.0,15.9,normal
2025-05-07T01:00:00,Northside_Fulfillment,6.7,10.2,0,11.7,15.3,normal
2025-05-07T02:00:00,Northside_Fulfillment,10.0,15.2,0,10.0,18.0,normal
2025-05-07T03:00:00,Northside_Fulfillment,8.4,15.4,0,13.1,14.9,normal
2025-05-07T04:00:00,Northside_Fulfillment,8.5,14.2,0,12.3,16.0,normal
2025-05-07T05:00:00,Northside_Fulfillment,2.5,9.7,0,14.7,16.0,normal
2025-05-07T06:00:00,Northside_Fulfillment,10.1,17.4,0,15.8,16.2,normal
2025-05-07T07:00:00,Northside_Fulfillment,10.2,17.3,0,18.9,16.8,normal
2025-05-07T08:00:00,Northside_Fulfillment,5.0,11.8,0,20.0,15.7,normal
2025-05-07T09:00:00,Northside_Fulfillment,10.0,12.3,0,20.9,15.2,normal
2025-05-07T10:00:00,Northside_Fulfillment,14.3,17.9,0,23.1,16.4,normal
2025-05-07T11:00:00,Northside_Fulfillment,12.9,17.8,0,24.3,15.0,normal
2025-05-07T12:00:00,Northside_Fulfillment,12.1,18.1,0,25.9,16.4,normal
2025-05-07T13:00:00,Northside_Fulfillment,14.9,19.7,0,26.0,16.7,normal
2025-05-07T14:00:00,Northside_Fulfillment,14.0,19.6,0,26.3,15.3,normal
2025-05-07T15:00:00,Northside_Fulfillment,13.5,17.1,0,24.4,15.3,normal
2025-05-07T16:00:00,Northside_Fulfillment,14.4,19.5,0,23.1,15.7,normal
2025-05-07T17:00:00,Northside_Fulfillment,15.9,24.0,0,21.3,16.9,normal
2025-05-07T18:00:00,Northside_Fulfillment,16.9,24.6,0,19.8,14.6,normal
2025-05-07T19:00:00,Northside_Fulfillment,15.0,19.8,0,18.7,13.8,normal
2025-05-07T20:00:00,Northside_Fulfillment,11.1,18.3,0,15.9,16.9,normal
2025-05-07T21:00:00,Northside_Fulfillment,14.8,23.1,0,14.7,14.9,normal
2025-05-07T22:00:00,Northside_Fulfillment,15.5,20.0,0,13.6,17.1,normal
2025-05-07T23:00:00,Northside_Fulfillment,8.7,11.1,0,13.0,15.0,normal
2025-05-07T00:00:00,Central_Fulfillment,9.1,13.4,0,10.5,17.1,normal
2025-05-07T01:00:00,Central_Fulfillment,7.5,12.0,0,10.9,15.4,normal
2025-05-07T02:00:00,Central_Fulfillment,8.0,14.9,0,12.1,16.9,normal
2025-05-07T03:00:00,Central_Fulfillment,7.2,14.9,0,12.1,16.9,normal
2025-05-07T04:00:00,Central_Fulfillment,10.2,18.2,0,12.9,17.5,normal
2025-05-07T05:00:00,Central_Fulfillment,7.1,9.2,0,14.6,17.8,normal
2025-05-07T06:00:00,Central_Fulfillment,6.0,14.4,0,16.8,14.9,normal
2025-05-07T07:00:00,Central_Fulfillment,5.1,12.3,0,19.3,16.2,normal
2025-05-07T08:00:00,Central_Fulfillment,9.1,17.7,0,19.9,17.2,normal
2025-05-07T09:00:00,Central_Fulfillment,8.6,12.4,0,21.1,16.4,normal
2025-05-07T10:00:00,Central_Fulfillment,4.7,12.3,0,23.2,16.6,normal
2025-05-07T11:00:00,Central_Fulfillment,12.5,19.0,0,23.3,15.8,normal
2025-05-07T12:00:00,Central_Fulfillment,14.5,22.0,0,25.3,15.8,normal
2025-05-07T13:00:00,Central_Fulfillment,15.4,22.7,0,25.5,17.3,normal
2025-05-07T14:00:00,Central_Fulfillment,14.1,17.1,0,24.9,16.1,normal
2025-05-07T15:00:00,Central_Fulfillment,16.3,20.3,0,24.2,16.7,normal
2025-05-07T16:00:00,Central_Fulfillment,15.8,21.3,0,23.8,17.1,normal
2025-05-07T17:00:00,Central_Fulfillment,13.5,20.9,0,20.8,17.1,normal
2025-05-07T18:00:00,Central_Fulfillment,11.2,17.0,0,19.8,17.0,normal
2025-05-07T19:00:00,Central_Fulfillment,13.0,21.5,0,18.4,14.9,normal
2025-05-07T20:00:00,Central_Fulfillment,12.3,14.4,0,15.6,15.6,normal
2025-05-07T21:00:00,Central_Fulfillment,10.1,15.1,0,13.6,14.6,normal
2025-05-07T22:00:00,Central_Fulfillment,11.5,19.7,0,14.4,16.0,normal
2025-05-07T23:00:00,Central_Fulfillment,11.7,16.1,0,12.1,14.6,normal
2025-05-07T00:00:00,Eastside_Fulfillment,13.5,18.1,0,10.1,16.7,normal
2025-05-07T01:00:00,Eastside_Fulfillment,9.2,16.1,0,11.7,13.8,normal
2025-05-07T02:00:00,Eastside_Fulfillment,6.8,9.5,0,10.8,14.9,normal
2025-05-07T03:00:00,Eastside_Fulfillment,4.5,9.4,0,14.0,14.5,normal
2025-05-07T04:00:00,Eastside_Fulfillment,3.6,10.8,0,11.5,16.8,normal
2025-05-07T05:00:00,Eastside_Fulfillment,8.8,15.4,0,13.9,16.4,normal
2025-05-07T06:00:00,Eastside_Fulfillment,5.6,8.6,0,17.6,15.7,normal
2025-05-07T07:00:00,Eastside_Fulfillment,6.0,13.6,0,17.9,15.9,normal
2025-05-07T08:00:00,Eastside_Fulfillment,11.5,14.7,0,20.0,17.0,normal
2025-05-07T09:00:00,Eastside_Fulfillment,7.0,9.7,0,21.5,16.1,normal
2025-05-07T10:00:00,Eastside_Fulfillment,7.7,16.3,0,23.5,17.2,normal
2025-05-07T11:00:00,Eastside_Fulfillment,11.5,17.7,0,24.6,16.3,normal
2025-05-07T12:00:00,Eastside_Fulfillment,10.4,14.4,0,25.3,16.8,normal
2025-05-07T13:00:00,Eastside_Fulfillment,12.8,17.5,0,24.4,15.7,normal
2025-05-07T14:00:00,Eastside_Fulfillment,14.4,22.0,0,24.8,15.8,normal
2025-05-07T15:00:00,Eastside_Fulfillment,13.0,16.7,0,24.5,16.4,normal
2025-05-07T16:00:00,Eastside_Fulfillment,13.3,15.9,0,22.9,15.8,normal
2025-05-07T17:00:00,Eastside_Fulfillment,16.4,23.7,0,22.5,15.2,normal
2025-05-07T18:00:00,Eastside_Fulfillment,11.5,13.8,0,21.3,17.1,normal
2025-05-07T19:00:00,Eastside_Fulfillment,15.4,22.7,0,17.8,14.4,normal
2025-05-07T20:00:00,Eastside_Fulfillment,15.5,22.9,0,15.4,16.9,normal
2025-05-07T21:00:00,Eastside_Fulfillment,14.4,21.9,0,15.1,16.9,normal
2025-05-07T22:00:00,Eastside_Fulfillment,14.0,18.3,0,12.7,16.9,normal
2025-05-07T23:00:00,Eastside_Fulfillment,8.3,13.9,0,12.2,14.8,normal
2025-05-08T00:00:00,Northside_Fulfillment,10.6,18.7,0,11.4,15.8,normal
2025-05-08T01:00:00,Northside_Fulfillment,8.3,13.9,0,11.2,16.0,normal
2025-05-08T02:00:00,Northside_Fulfillment,10.3,17.1,0,12.5,17.9,normal
2025-05-08T03:00:00,Northside_Fulfillment,6.0,11.1,0,11.6,15.9,normal
2025-05-08T04:00:00,Northside_Fulfillment,3.9,11.0,0,12.3,14.7,normal
2025-05-08T05:00:00,Northside_Fulfillment,6.0,13.9,0,15.6,15.3,normal
2025-05-08T06:00:00,Northside_Fulfillment,6.8,14.9,0,17.3,16.0,normal
2025-05-08T07:00:00,Northside_Fulfillment,4.3,10.5,0,18.1,16.1,normal
2025-05-08T08:00:00,Northside_Fulfillment,9.1,17.6,0,20.2,18,normal
2025-05-08T09:00:00,Northside_Fulfillment,9.1,11.6,0,19.7,14.9,normal
2025-05-08T10:00:00,Northside_Fulfillment,8.8,14.1,0,22.8,16.0,normal
2025-05-08T11:00:00,Northside_Fulfillment,8.1,15.3,0,24.0,16.6,normal
2025-05-08T12:00:00,Northside_Fulfillment,10.1,16.5,0,25.5,14.3,normal
2025-05-08T13:00:00,Northside_Fulfillment,13.5,22.2,0,25.9,15.5,normal
2025-05-08T14:00:00,Northside_Fulfillment,12.7,19.1,0,26.4,15.9,normal
2025-05-08T15:00:00,Northside_Fulfillment,18.4,24.2,0,24.3,16.8,normal
2025-05-08T16:00:00,Northside_Fulfillment,15.3,18.2,0,22.9,12.8,normal
2025-05-08T17:00:00,Northside_Fulfillment,14.8,19.7,0,21.6,16.1,normal
2025-05-08T18:00:00,Northside_Fulfillment,15.2,21.2,0,19.3,16.7,normal
2025-05-08T19:00:00,Northside_Fulfillment,16.2,22.8,0,18.1,15.8,normal
2025-05-08T20:00:00,Northside_Fulfillment,14.3,18.9,0,15.8,16.0,normal
2025-05-08T21:00:00,Northside_Fulfillment,7.9,11.1,0,15.7,18,normal
2025-05-08T22:00:00,Northside_Fulfillment,11.7,17.8,0,13.4,17.0,normal
2025-05-08T23:00:00,Northside_Fulfillment,13.1,21.6,0,12.3,15.5,normal
2025-05-08T00:00:00,Central_Fulfillment,11.0,14.3,0,12.1,15.9,normal
2025-05-08T01:00:00,Central_Fulfillment,11.0,18.5,0,10.3,16.3,normal
2025-05-08T02:00:00,Central_Fulfillment,8.1,11.1,0,12.2,15.9,normal
2025-05-08T03:00:00,Central_Fulfillment,9.8,12.9,0,11.7,15.3,normal
2025-05-08T04:00:00,Central_Fulfillment,6.2,11.9,0,12.3,14.8,normal
2025-05-08T05:00:00,Central_Fulfillment,7.5,10.1,0,13.5,15.4,normal
2025-05-08T06:00:00,Central_Fulfillment,7.9,12.4,0,16.4,15.1,normal
2025-05-08T07:00:00,Central_Fulfillment,9.2,13.3,0,18.4,15.2,normal
2025-05-08T08:00:00,Central_Fulfillment,8.4,15.2,0,21.0,17.1,normal
2025-05-08T09:00:00,Central_Fulfillment,8.3,15.6,0,22.9,16.1,normal
2025-05-08T10:00:00,Central_Fulfillment,13.5,19.7,0,21.3,16.5,normal
2025-05-08T11:00:00,Central_Fulfillment,8.8,15.0,0,24.0,17.2,normal
2025-05-08T12:00:00,Central_Fulfillment,11.8,14.9,0,24.7,16.4,normal
2025-05-08T13:00:00,Central_Fulfillment,13.3,16.6,0,24.3,16.1,normal
2025-05-08T14:00:00,Central_Fulfillment,16.5,24.4,0,23.9,13.9,normal
2025-05-08T15:00:00,Central_Fulfillment,11.5,14.1,0,24.5,15.7,normal
2025-05-08T16:00:00,Central_Fulfillment,14.4,17.5,0,23.0,17.8,normal
2025-05-08T17:00:00,Central_Fulfillment,14.9,18.8,0,19.6,15.0,normal
2025-05-08T18:00:00,Central_Fulfillment,14.8,23.2,0,19.5,15.4,normal
2025-05-08T19:00:00,Central_Fulfillment,14.9,18.9,0,18.1,16.2,normal
2025-05-08T20:00:00,Central_Fulfillment,11.9,18.5,0,16.2,16.9,normal
2025-05-08T21:00:00,Central_Fulfillment,13.4,17.1,0,14.0,14.4,normal
2025-05-08T22:00:00,Central_Fulfillment,16.3,24.8,0,13.8,16.8,normal
2025-05-08T23:00:00,Central_Fulfillment,13.9,19.4,0,12.8,15.6,normal
2025-05-08T00:00:00,Eastside_Fulfillment,8.6,15.7,0,11.5,17.3,normal
2025-05-08T01:00:00,Eastside_Fulfillment,6.2,10.5,0,9.9,16.9,normal
2025-05-08T02:00:00,Eastside_Fulfillment,10.3,14.0,0,11.0,14.5,normal
2025-05-08T03:00:00,Eastside_Fulfillment,4.9,8.4,0,12.6,16.4,normal
2025-05-08T04:00:00,Eastside_Fulfillment,10.2,15.5,0,13.3,14.3,normal
2025-05-08T05:00:00,Eastside_Fulfillment,8.0,12.3,0,13.9,16.3,normal
2025-05-08T06:00:00,Eastside_Fulfillment,7.3,16.2,0,15.2,15.4,normal
2025-05-08T07:00:00,Eastside_Fulfillment,7.8,10.5,0,18.5,16.2,normal
2025-05-08T08:00:00,Eastside_Fulfillment,8.8,13.2,0,18.6,17.5,normal
2025-05-08T09:00:00,Eastside_Fulfillment,7.5,13.6,0,22.1,16.5,normal
2025-05-08T10:00:00,Eastside_Fulfillment,16.3,24.0,0,22.3,14.2,normal
2025-05-08T11:00:00,Eastside_Fulfillment,10.7,14.7,0,23.8,16.7,normal
2025-05-08T12:00:00,Eastside_Fulfillment,10.8,15.7,0,26.7,14.9,normal
2025-05-08T13:00:00,Eastside_Fulfillment,12.0,19.1,0,23.9,15.4,normal
2025-05-08T14:00:00,Eastside_Fulfillment,12.9,18.9,0,24.9,16.7,normal
2025-05-08T15:00:00,Eastside_Fulfillment,12.6,15.2,0,24.8,15.6,normal
2025-05-08T16:00:00,Eastside_Fulfillment,16.7,21.4,0,22.1,15.5,normal
2025-05-08T17:00:00,Eastside_Fulfillment,14.8,18.5,0,22.8,14.5,normal
2025-05-08T18:00:00,Eastside_Fulfillment,16.4,23.3,0,20.8,15.3,normal
2025-05-08T19:00:00,Eastside_Fulfillment,18.6,23.4,0,19.0,15.5,normal
2025-05-08T20:00:00,Eastside_Fulfillment,10.8,16.6,0,17.1,17.6,normal
2025-05-08T21:00:00,Eastside_Fulfillment,14.9,21.7,0,14.3,18.0,normal
2025-05-08T22:00:00,Eastside_Fulfillment,10.7,16.2,0,13.5,15.6,normal
2025-05-08T23:00:00,Eastside_Fulfillment,9.6,17.1,0,11.0,16.0,normal
2025-05-09T00:00:00,Northside_Fulfillment,11.7,13.7,0,11.5,15.4,normal
2025-05-09T01:00:00,Northside_Fulfillment,10.6,17.5,0,12.7,18,normal
2025-05-09T02:00:00,Northside_Fulfillment,8.7,16.4,0,11.6,15.8,normal
2025-05-09T03:00:00,Northside_Fulfillment,4.3,6.8,0,12.6,17.0,normal
2025-05-09T04:00:00,Northside_Fulfillment,6.6,10.3,0,13.1,15.4,normal
2025-05-09T05:00:00,Northside_Fulfillment,8.4,12.2,0,14.9,16.3,normal
2025-05-09T06:00:00,Northside_Fulfillment,9.1,14.3,0,15.8,16.7,normal
2025-05-09T07:00:00,Northside_Fulfillment,8.3,15.7,0,17.5,16.6,normal
2025-05-09T08:00:00,Northside_Fulfillment,7.9,14.2,0,19.5,16.8,normal
2025-05-09T09:00:00,Northside_Fulfillment,7.2,9.5,0,22.9,13.8,normal
2025-05-09T10:00:00,Northside_Fulfillment,8.8,12.7,0,22.9,15.7,normal
2025-05-09T11:00:00,Northside_Fulfillment,10.8,15.4,0,22.1,16.5,normal
2025-05-09T12:00:00,Northside_Fulfillment,10.4,15.7,0,24.6,15.8,normal
2025-05-09T13:00:00,Northside_Fulfillment,12.1,15.7,0,25.1,16.8,normal
2025-05-09T14:00:00,Northside_Fulfillment,12.9,20.9,0,26.2,16.0,normal
2025-05-09T15:00:00,Northside_Fulfillment,17.0,21.4,0,24.1,15.7,normal
2025-05-09T16:00:00,Northside_Fulfillment,15.3,24.2,0,22.6,16.7,normal
2025-05-09T17:00:00,Northside_Fulfillment,19.0,24.1,0,21.5,16.2,normal
2025-05-09T18:00:00,Northside_Fulfillment,11.9,16.9,0,19.1,15.1,normal
2025-05-09T19:00:00,Northside_Fulfillment,17.7,24.5,0,17.8,16.5,normal
2025-05-09T20:00:00,Northside_Fulfillment,13.6,18.0,0,17.0,17.0,normal
2025-05-09T21:00:00,Northside_Fulfillment,16.6,19.7,0,13.9,16.7,normal
2025-05-09T22:00:00,Northside_Fulfillment,13.2,19.0,0,11.7,16.1,normal
2025-05-09T23:00:00,Northside_Fulfillment,10.6,13.3,0,10.5,16.0,normal
2025-05-09T00:00:00,Central_Fulfillment,12.5,19.1,0,11.3,15.9,normal
2025-05-09T01:00:00,Central_Fulfillment,9.2,16.8,0,11.7,17.6,normal
2025-05-09T02:00:00,Central_Fulfillment,9.3,16.8,0,10.9,14.6,normal
2025-05-09T03:00:00,Central_Fulfillment,8.2,11.5,0,12.1,16.9,normal
2025-05-09T04:00:00,Central_Fulfillment,9.2,15.8,0,12.9,16.5,normal
2025-05-09T05:00:00,Central_Fulfillment,6.3,14.1,0,14.2,17.7,normal
2025-05-09T06:00:00,Central_Fulfillment,10.7,13.4,0,15.3,16.4,normal
2025-05-09T07:00:00,Central_Fulfillment,6.5,9.6,0,17.4,15.7,normal
2025-05-09T08:00:00,Central_Fulfillment,10.3,13.0,0,18.7,16.1,normal
2025-05-09T09:00:00,Central_Fulfillment,10.4,16.3,0,21.7,16.9,normal
2025-05-09T10:00:00,Central_Fulfillment,13.9,16.5,0,23.6,16.3,normal
2025-05-09T11:00:00,Central_Fulfillment,11.4,16.3,0,24.8,14.6,normal
2025-05-09T12:00:00,Central_Fulfillment,11.5,19.4,0,24.5,15.8,normal
2025-05-09T13:00:00,Central_Fulfillment,11.3,19.6,0,26.1,16.3,normal
2025-05-09T14:00:00,Central_Fulfillment,13.6,20.2,0,23.4,14.9,normal
2025-05-09T15:00:00,Central_Fulfillment,16.5,23.0,0,23.7,16.5,normal
2025-05-09T16:00:00,Central_Fulfillment,15.9,22.4,0,23.8,15.4,normal
2025-05-09T17:00:00,Central_Fulfillment,15.8,18.2,0,22.1,17.8,normal
2025-05-09T18:00:00,Central_Fulfillment,14.9,20.6,0,19.4,17.1,normal
2025-05-09T19:00:00,Central_Fulfillment,13.7,17.2,0,18.3,15.5,normal
2025-05-09T20:00:00,Central_Fulfillment,13.8,16.1,0,17.8,15.5,normal
2025-05-09T21:00:00,Central_Fulfillment,15.1,23.7,0,13.4,15.3,normal
2025-05-09T22:00:00,Central_Fulfillment,11.1,20.1,0,12.8,15.4,normal
2025-05-09T23:00:00,Central_Fulfillment,12.2,17.4,0,11.2,16.6,normal
2025-05-09T00:00:00,Eastside_Fulfillment,9.2,11.4,0,11.2,16.5,normal
2025-05-09T01:00:00,Eastside_Fulfillment,5.3,12.6,0,12.4,15.4,normal
2025-05-09T02:00:00,Eastside_Fulfillment,12.2,14.6,0,9.9,16.9,normal
2025-05-09T03:00:00,Eastside_Fulfillment,9.5,13.3,0,12.8,14.3,normal
2025-05-09T04:00:00,Eastside_Fulfillment,8.5,15.8,0,12.7,14.3,normal
2025-05-09T05:00:00,Eastside_Fulfillment,5.1,7.4,0,13.4,14.9,normal
2025-05-09T06:00:00,Eastside_Fulfillment,5.3,10.7,0,16.7,15.3,normal
2025-05-09T07:00:00,Eastside_Fulfillment,8.3,10.8,0,20.0,16.8,normal
2025-05-09T08:00:00,Eastside_Fulfillment,9.2,15.2,0,18.1,16.0,normal
2025-05-09T09:00:00,Eastside_Fulfillment,9.4,16.9,0,21.5,15.2,normal
2025-05-09T10:00:00,Eastside_Fulfillment,8.2,12.3,0,22.8,15.8,normal
2025-05-09T11:00:00,Eastside_Fulfillment,12.8,19.8,0,24.5,15.5,normal
2025-05-09T12:00:00,Eastside_Fulfillment,12.3,15.2,0,24.1,17.1,normal
2025-05-09T13:00:00,Eastside_Fulfillment,14.1,22.7,0,23.8,15.9,normal
2025-05-09T14:00:00,Eastside_Fulfillment,13.0,20.7,0,24.4,15.0,normal
2025-05-09T15:00:00,Eastside_Fulfillment,16.0,19.7,0,23.4,14.5,normal
2025-05-09T16:00:00,Eastside_Fulfillment,15.7,20.8,0,21.7,17.8,normal
2025-05-09T17:00:00,Eastside_Fulfillment,12.6,15.4,0,21.5,16.4,normal
2025-05-09T18:00:00,Eastside_Fulfillment,18.0,23.7,0,20.8,15.6,normal
2025-05-09T19:00:00,Eastside_Fulfillment,13.9,20.1,0,17.3,16.2,normal
2025-05-09T20:00:00,Eastside_Fulfillment,12.3,18.0,0,16.1,15.8,normal
2025-05-09T21:00:00,Eastside_Fulfillment,14.6,19.5,0,14.2,14.3,normal
2025-05-09T22:00:00,Eastside_Fulfillment,12.8,18.5,0,13.0,14.3,normal
2025-05-09T23:00:00,Eastside_Fulfillment,8.9,14.8,0,11.7,14.7,normal
2025-05-10T00:00:00,Northside_Fulfillment,6.9,9.1,0,11.6,15.9,normal
2025-05-10T01:00:00,Northside_Fulfillment,12.0,19.4,0,11.8,15.4,normal
2025-05-10T02:00:00,Northside_Fulfillment,7.5,14.9,0,10.3,16.5,normal
2025-05-10T03:00:00,Northside_Fulfillment,11.2,18.1,0,12.4,17.0,normal
2025-05-10T04:00:00,Northside_Fulfillment,9.6,17.6,0,13.2,13.8,normal
2025-05-10T05:00:00,Northside_Fulfillment,4.0,9.8,0,14.4,16.4,normal
2025-05-10T06:00:00,Northside_Fulfillment,6.6,9.2,0,16.8,17.1,normal
2025-05-10T07:00:00,Northside_Fulfillment,9.1,11.4,0,18.0,14.9,normal
2025-05-10T08:00:00,Northside_Fulfillment,12.0,17.2,0,20.8,14.9,normal
2025-05-10T09:00:00,Northside_Fulfillment,4.5,11.5,0,21.8,15.5,normal
2025-05-10T10:00:00,Northside_Fulfillment,8.5,15.5,0,22.9,15.3,normal
2025-05-10T11:00:00,Northside_Fulfillment,13.8,19.6,0,23.5,16.9,normal
2025-05-10T12:00:00,Northside_Fulfillment,11.0,15.6,0,24.4,14.2,normal
2025-05-10T13:00:00,Northside_Fulfillment,14.6,20.4,0,25.4,16.4,normal
2025-05-10T14:00:00,Northside_Fulfillment,16.8,24.7,0,24.9,16.2,normal
2025-05-10T15:00:00,Northside_Fulfillment,16.3,20.9,0,25.3,15.7,normal
2025-05-10T16:00:00,Northside_Fulfillment,13.4,22.2,0,22.8,17.3,normal
2025-05-10T17:00:00,Northside_Fulfillment,15.5,20.5,0,21.7,16.4,normal
2025-05-10T18:00:00,Northside_Fulfillment,16.5,21.2,0,19.8,15.6,normal
2025-05-10T19:00:00,Northside_Fulfillment,14.9,19.2,0,18.4,15.4,normal
2025-05-10T20:00:00,Northside_Fulfillment,13.4,18.2,0,16.0,17.7,normal
2025-05-10T21:00:00,Northside_Fulfillment,15.2,23.0,0,14.5,15.2,normal
2025-05-10T22:00:00,Northside_Fulfillment,18.2,22.0,0,11.3,17.1,normal
2025-05-10T23:00:00,Northside_Fulfillment,13.2,21.1,0,11.4,16.3,normal
2025-05-10T00:00:00,Central_Fulfillment,7.3,9.3,0,9.8,14.8,normal
2025-05-10T01:00:00,Central_Fulfillment,11.4,19.8,0,10.6,16.3,normal
2025-05-10T02:00:00,Central_Fulfillment,9.8,15.2,0,10.9,14.9,normal
2025-05-10T03:00:00,Central_Fulfillment,8.2,11.2,0,12.7,14.4,normal
2025-05-10T04:00:00,Central_Fulfillment,8.8,14.0,0,13.0,15.4,normal
2025-05-10T05:00:00,Central_Fulfillment,9.8,16.3,0,13.7,15.1,normal
2025-05-10T06:00:00,Central_Fulfillment,6.3,10.6,0,15.3,17.5,normal
2025-05-10T07:00:00,Central_Fulfillment,10.8,19.1,0,19.1,16.3,normal
2025-05-10T08:00:00,Central_Fulfillment,10.6,16.0,0,20.5,15.0,normal
2025-05-10T09:00:00,Central_Fulfillment,11.5,18.1,0,22.0,15.9,normal
2025-05-10T10:00:00,Central_Fulfillment,11.3,16.6,0,21.3,15.8,normal
2025-05-10T11:00:00,Central_Fulfillment,8.1,10.3,0,24.4,15.6,normal
2025-05-10T12:00:00,Central_Fulfillment,11.7,14.6,0,25.5,14.6,normal
2025-05-10T13:00:00,Central_Fulfillment,14.8,20.2,0,22.1,16.9,normal
2025-05-10T14:00:00,Central_Fulfillment,14.6,17.5,0,25.0,16.0,normal
2025-05-10T15:00:00,Central_Fulfillment,13.3,22.0,0,23.4,16.0,normal
2025-05-10T16:00:00,Central_Fulfillment,14.2,16.7,0,21.7,15.8,normal
2025-05-10T17:00:00,Central_Fulfillment,18.5,21.8,0,23.2,14.7,normal
2025-05-10T18:00:00,Central_Fulfillment,17.0,24.6,0,19.6,16.1,normal
2025-05-10T19:00:00,Central_Fulfillment,14.9,20.0,0,19.4,15.3,normal
2025-05-10T20:00:00,Central_Fulfillment,16.1,24.4,0,16.3,15.3,normal
2025-05-10T21:00:00,Central_Fulfillment,10.4,14.1,0,14.3,16.3,normal
2025-05-10T22:00:00,Central_Fulfillment,14.9,20.3,0,12.6,15.7,normal
2025-05-10T23:00:00,Central_Fulfillment,13.0,21.1,0,13.6,17.2,normal
2025-05-10T00:00:00,Eastside_Fulfillment,8.9,13.5,0,10.7,16.7,normal
2025-05-10T01:00:00,Eastside_Fulfillment,6.7,13.9,0,12.1,14.1,normal
2025-05-10T02:00:00,Eastside_Fulfillment,13.9,20.3,0,11.0,15.1,normal
2025-05-10T03:00:00,Eastside_Fulfillment,4.9,10.9,0,11.5,16.5,normal
2025-05-10T04:00:00,Eastside_Fulfillment,5.5,11.9,0,15.6,15.3,normal
2025-05-10T05:00:00,Eastside_Fulfillment,5.5,8.0,0,15.5,16.1,normal
2025-05-10T06:00:00,Eastside_Fulfillment,4.5,6.8,0,15.5,15.1,normal
2025-05-10T07:00:00,Eastside_Fulfillment,7.4,15.4,0,17.9,16.4,normal
2025-05-10T08:00:00,Eastside_Fulfillment,9.2,17.3,0,19.6,16.2,normal
2025-05-10T09:00:00,Eastside_Fulfillment,9.0,13.0,0,21.9,16.2,normal
2025-05-10T10:00:00,Eastside_Fulfillment,10.1,16.4,0,22.9,15.4,normal
2025-05-10T11:00:00,Eastside_Fulfillment,10.6,16.9,0,23.7,14.8,normal
2025-05-10T12:00:00,Eastside_Fulfillment,10.9,18.3,0,25.6,14.9,normal
2025-05-10T13:00:00,Eastside_Fulfillment,14.1,18.2,0,25.1,15.1,normal
2025-05-10T14:00:00,Eastside_Fulfillment,16.0,21.8,0,25.0,16.5,normal
2025-05-10T15:00:00,Eastside_Fulfillment,13.9,21.1,0,23.5,15.3,normal
2025-05-10T16:00:00,Eastside_Fulfillment,15.0,19.4,0,21.9,15.7,normal
2025-05-10T17:00:00,Eastside_Fulfillment,14.7,20.5,0,21.4,15.1,normal
2025-05-10T18:00:00,Eastside_Fulfillment,12.7,15.8,0,19.2,17.1,normal
2025-05-10T19:00:00,Eastside_Fulfillment,9.8,13.3,0,18.8,15.5,normal
2025-05-10T20:00:00,Eastside_Fulfillment,11.5,19.5,0,17.3,17.0,normal
2025-05-10T21:00:00,Eastside_Fulfillment,9.2,13.6,0,12.9,15.3,normal
2025-05-10T22:00:00,Eastside_Fulfillment,11.7,14.8,0,12.9,16.8,normal
2025-05-10T23:00:00,Eastside_Fulfillment,14.1,21.8,0,11.0,16.1,normal
2025-05-11T00:00:00,Northside_Fulfillment,10.3,15.1,0,10.7,16.1,normal
2025-05-11T01:00:00,Northside_Fulfillment,8.0,12.5,0,11.1,16.8,normal
2025-05-11T02:00:00,Northside_Fulfillment,7.8,10.7,0,11.7,16.6,normal
2025-05-11T03:00:00,Northside_Fulfillment,6.7,12.1,0,11.9,16.9,normal
2025-05-11T04:00:00,Northside_Fulfillment,4.7,13.2,0,13.9,17.3,normal
2025-05-11T05:00:00,Northside_Fulfillment,4.1,12.1,0,14.3,15.6,normal
2025-05-11T06:00:00,Northside_Fulfillment,5.6,10.1,0,16.0,15.5,normal
2025-05-11T07:00:00,Northside_Fulfillment,9.8,17.4,0,19.0,17.6,normal
2025-05-11T08:00:00,Northside_Fulfillment,10.8,14.5,0,20.5,15.3,normal
2025-05-11T09:00:00,Northside_Fulfillment,10.0,14.9,0,21.1,14.5,normal
2025-05-11T10:00:00,Northside_Fulfillment,8.9,12.5,0,23.9,14.6,normal
2025-05-11T11:00:00,Northside_Fulfillment,11.2,19.3,0,24.4,13.7,normal
2025-05-11T12:00:00,Northside_Fulfillment,9.3,15.0,0,24.9,18,normal
2025-05-11T13:00:00,Northside_Fulfillment,16.0,21.9,0,25.0,16.1,normal
2025-05-11T14:00:00,Northside_Fulfillment,14.0,22.6,0,25.6,16.9,normal
2025-05-11T15:00:00,Northside_Fulfillment,17.5,22.9,0,23.2,16.0,normal
2025-05-11T16:00:00,Northside_Fulfillment,16.6,21.6,0,22.6,14.6,normal
2025-05-11T17:00:00,Northside_Fulfillment,14.8,23.0,0,20.5,16.3,normal
2025-05-11T18:00:00,Northside_Fulfillment,11.2,19.1,0,20.9,14.4,normal
2025-05-11T19:00:00,Northside_Fulfillment,14.4,17.4,0,18.5,16.1,normal
2025-05-11T20:00:00,Northside_Fulfillment,14.6,17.0,0,15.2,17.7,normal
2025-05-11T21:00:00,Northside_Fulfillment,11.9,20.5,0,14.0,15.4,normal
2025-05-11T22:00:00,Northside_Fulfillment,14.0,17.4,0,13.6,15.8,normal
2025-05-11T23:00:00,Northside_Fulfillment,9.3,15.1,0,12.2,15.4,normal
2025-05-11T00:00:00,Central_Fulfillment,12.9,15.4,0,10.4,16.9,normal
2025-05-11T01:00:00,Central_Fulfillment,13.6,19.9,0,10.8,14.1,normal
2025-05-11T02:00:00,Central_Fulfillment,6.1,12.8,0,11.5,17.1,normal
2025-05-11T03:00:00,Central_Fulfillment,6.7,14.3,0,11.5,17.8,normal
2025-05-11T04:00:00,Central_Fulfillment,4.2,7.0,0,13.2,16.0,normal
2025-05-11T05:00:00,Central_Fulfillment,2.4,10.4,0,15.2,18,normal
2025-05-11T06:00:00,Central_Fulfillment,3.8,9.5,0,15.2,15.8,normal
2025-05-11T07:00:00,Central_Fulfillment,5.6,8.8,0,18.6,16.1,normal
2025-05-11T08:00:00,Central_Fulfillment,6.8,14.9,0,18.9,14.7,normal
2025-05-11T09:00:00,Central_Fulfillment,7.0,13.6,0,21.8,16.6,normal
2025-05-11T10:00:00,Central_Fulfillment,9.5,15.7,0,23.6,15.9,normal
2025-05-11T11:00:00,Central_Fulfillment,7.8,13.7,0,24.4,16.5,normal
2025-05-11T12:00:00,Central_Fulfillment,11.0,13.2,0,23.9,15.3,normal
2025-05-11T13:00:00,Central_Fulfillment,14.8,20.4,0,24.6,17.0,normal
2025-05-11T14:00:00,Central_Fulfillment,12.2,16.2,0,24.1,15.0,normal
2025-05-11T15:00:00,Central_Fulfillment,16.5,19.1,0,23.9,15.8,normal
2025-05-11T16:00:00,Central_Fulfillment,18.8,24.8,0,24.9,17.0,normal
2025-05-11T17:00:00,Central_Fulfillment,11.9,15.3,0,23.2,16.5,normal
2025-05-11T18:00:00,Central_Fulfillment,17.2,20.9,0,20.9,16.8,normal
2025-05-11T19:00:00,Central_Fulfillment,16.1,24.4,0,17.8,15.8,normal
2025-05-11T20:00:00,Central_Fulfillment,14.3,22.4,0,16.3,16.4,normal
2025-05-11T21:00:00,Central_Fulfillment,14.3,20.5,0,15.3,15.9,normal
2025-05-11T22:00:00,Central_Fulfillment,11.9,19.7,0,11.9,14.8,normal
2025-05-11T23:00:00,Central_Fulfillment,12.7,19.4,0,11.9,17.6,normal
2025-05-11T00:00:00,Eastside_Fulfillment,9.1,18.0,0,10.7,15.5,normal
2025-05-11T01:00:00,Eastside_Fulfillment,8.1,16.4,0,11.6,14.2,normal
2025-05-11T02:00:00,Eastside_Fulfillment,10.1,16.1,0,12.7,16.0,normal
2025-05-11T03:00:00,Eastside_Fulfillment,8.1,11.6,0,12.1,16.2,normal
2025-05-11T04:00:00,Eastside_Fulfillment,8.1,13.6,0,14.7,16.5,normal
2025-05-11T05:00:00,Eastside_Fulfillment,5.8,8.0,0,14.4,15.0,normal
2025-05-11T06:00:00,Eastside_Fulfillment,9.2,16.3,0,15.4,16.7,normal
2025-05-11T07:00:00,Eastside_Fulfillment,9.1,16.7,0,17.8,15.7,normal
2025-05-11T08:00:00,Eastside_Fulfillment,10.1,16.8,0,19.6,14.4,normal
2025-05-11T09:00:00,Eastside_Fulfillment,9.3,16.9,0,22.5,16.9,normal
2025-05-11T10:00:00,Eastside_Fulfillment,8.2,14.2,0,22.3,17.3,normal
2025-05-11T11:00:00,Eastside_Fulfillment,12.5,20.6,0,24.5,15.9,normal
2025-05-11T12:00:00,Eastside_Fulfillment,11.9,15.5,0,25.7,15.4,normal
2025-05-11T13:00:00,Eastside_Fulfillment,11.9,14.4,0,25.2,15.8,normal
2025-05-11T14:00:00,Eastside_Fulfillment,15.8,19.1,0,24.4,15.5,normal
2025-05-11T15:00:00,Eastside_Fulfillment,15.9,21.7,0,23.7,14.8,normal
2025-05-11T16:00:00,Eastside_Fulfillment,14.3,21.1,0,23.9,16.6,normal
2025-05-11T17:00:00,Eastside_Fulfillment,15.7,22.9,0,21.1,16.0,normal
2025-05-11T18:00:00,Eastside_Fulfillment,17.2,24.3,0,20.5,16.4,normal
2025-05-11T19:00:00,Eastside_Fulfillment,13.8,16.9,0,19.2,15.4,normal
2025-05-11T20:00:00,Eastside_Fulfillment,15.0,20.1,0,15.8,15.6,normal
2025-05-11T21:00:00,Eastside_Fulfillment,14.9,21.6,0,14.6,15.1,normal
2025-05-11T22:00:00,Eastside_Fulfillment,13.5,19.3,0,13.0,15.6,normal
2025-05-11T23:00:00,Eastside_Fulfillment,10.4,13.3,0,10.7,14.1,normal
2025-05-12T00:00:00,Northside_Fulfillment,9.0,14.6,0,10.8,16.9,normal
2025-05-12T01:00:00,Northside_Fulfillment,8.8,17.1,0,10.4,14.8,normal
2025-05-12T02:00:00,Northside_Fulfillment,9.0,15.0,0,12.0,16.4,normal
2025-05-12T03:00:00,Northside_Fulfillment,13.2,18.5,0,10.2,15.9,normal
2025-05-12T04:00:00,Northside_Fulfillment,7.4,11.3,0,14.7,16.2,normal
2025-05-12T05:00:00,Northside_Fulfillment,4.6,12.6,0,13.7,15.9,normal
2025-05-12T06:00:00,Northside_Fulfillment,6.4,8.9,0,16.5,15.6,normal
2025-05-12T07:00:00,Northside_Fulfillment,5.3,10.1,0,16.9,16.6,normal
2025-05-12T08:00:00,Northside_Fulfillment,10.6,17.7,0,19.8,16.9,normal
2025-05-12T09:00:00,Northside_Fulfillment,7.6,14.6,0,22.2,15.1,normal
2025-05-12T10:00:00,Northside_Fulfillment,7.9,16.7,0,22.6,14.8,normal
2025-05-12T11:00:00,Northside_Fulfillment,12.9,21.6,0,26.0,18,normal
2025-05-12T12:00:00,Northside_Fulfillment,10.2,16.9,0,23.7,16.0,normal
2025-05-12T13:00:00,Northside_Fulfillment,11.8,14.7,0,24.3,14.5,normal
2025-05-12T14:00:00,Northside_Fulfillment,12.2,16.6,0,24.4,16.8,normal
2025-05-12T15:00:00,Northside_Fulfillment,16.3,20.9,0,23.4,15.7,normal
2025-05-12T16:00:00,Northside_Fulfillment,9.9,18.8,0,22.6,17.2,normal
2025-05-12T17:00:00,Northside_Fulfillment,13.7,20.3,0,21.6,15.8,normal
2025-05-12T18:00:00,Northside_Fulfillment,14.3,18.7,0,19.6,15.9,normal
2025-05-12T19:00:00,Northside_Fulfillment,13.2,17.8,0,18.8,17.5,normal
2025-05-12T20:00:00,Northside_Fulfillment,11.3,16.4,0,15.2,16.2,normal
2025-05-12T21:00:00,Northside_Fulfillment,12.6,17.2,0,13.2,16.0,normal
2025-05-12T22:00:00,Northside_Fulfillment,13.0,15.1,0,12.7,15.4,normal
2025-05-12T23:00:00,Northside_Fulfillment,8.9,12.8,0,11.7,14.6,normal
2025-05-12T00:00:00,Central_Fulfillment,13.1,18.1,0,10.9,15.7,normal
2025-05-12T01:00:00,Central_Fulfillment,8.0,10.8,0,9.8,16.4,normal
2025-05-12T02:00:00,Central_Fulfillment,8.5,13.9,0,11.4,16.1,normal
2025-05-12T03:00:00,Central_Fulfillment,8.3,16.7,0,11.5,16.3,normal
2025-05-12T04:00:00,Central_Fulfillment,3.8,8.6,0,13.7,16.4,normal
2025-05-12T05:00:00,Central_Fulfillment,10.4,19.1,0,14.0,15.5,normal
2025-05-12T06:00:00,Central_Fulfillment,8.4,13.0,0,16.7,17.0,normal
2025-05-12T07:00:00,Central_Fulfillment,5.0,13.9,0,17.6,15.3,normal
2025-05-12T08:00:00,Central_Fulfillment,11.5,17.3,0,19.5,15.2,normal
2025-05-12T09:00:00,Central_Fulfillment,8.5,11.3,0,20.7,16.9,normal
2025-05-12T10:00:00,Central_Fulfillment,9.0,16.8,0,23.3,14.6,normal
2025-05-12T11:00:00,Central_Fulfillment,11.5,14.7,0,23.5,14.1,normal
2025-05-12T12:00:00,Central_Fulfillment,11.3,19.3,0,23.7,15.3,normal
2025-05-12T13:00:00,Central_Fulfillment,14.6,17.9,0,26.0,17.1,normal
2025-05-12T14:00:00,Central_Fulfillment,10.8,17.0,0,23.3,15.4,normal
2025-05-12T15:00:00,Central_Fulfillment,13.0,18.6,0,24.3,17.9,normal
2025-05-12T16:00:00,Central_Fulfillment,16.1,19.3,0,23.7,15.7,normal
2025-05-12T17:00:00,Central_Fulfillment,12.6,16.8,0,20.1,15.6,normal
2025-05-12T18:00:00,Central_Fulfillment,14.4,23.0,0,19.4,18,normal
2025-05-12T19:00:00,Central_Fulfillment,12.4,16.2,0,17.6,15.1,normal
2025-05-12T20:00:00,Central_Fulfillment,11.7,20.4,0,16.6,17.4,normal
2025-05-12T21:00:00,Central_Fulfillment,11.4,19.0,0,15.0,16.0,normal
2025-05-12T22:00:00,Central_Fulfillment,11.8,16.5,0,13.8,14.7,normal
2025-05-12T23:00:00,Central_Fulfillment,8.5,12.3,0,10.7,14.9,normal
2025-05-12T00:00:00,Eastside_Fulfillment,6.7,9.6,0,12.8,17.5,normal
2025-05-12T01:00:00,Eastside_Fulfillment,4.8,9.3,0,11.6,14.1,normal
2025-05-12T02:00:00,Eastside_Fulfillment,6.4,13.6,0,11.6,16.2,normal
2025-05-12T03:00:00,Eastside_Fulfillment,6.3,12.6,0,11.4,16.5,normal
2025-05-12T04:00:00,Eastside_Fulfillment,5.9,9.5,0,13.4,15.7,normal
2025-05-12T05:00:00,Eastside_Fulfillment,6.2,11.9,0,14.9,15.8,normal
2025-05-12T06:00:00,Eastside_Fulfillment,6.3,14.2,0,17.7,14.9,normal
2025-05-12T07:00:00,Eastside_Fulfillment,10.6,13.5,0,17.3,17.0,normal
2025-05-12T08:00:00,Eastside_Fulfillment,6.9,14.7,0,20.4,15.9,normal
2025-05-12T09:00:00,Eastside_Fulfillment,8.0,10.2,0,21.3,14.6,normal
2025-05-12T10:00:00,Eastside_Fulfillment,13.0,16.4,0,22.3,16.2,normal
2025-05-12T11:00:00,Eastside_Fulfillment,11.5,16.9,0,24.7,14.9,normal
2025-05-12T12:00:00,Eastside_Fulfillment,10.9,14.4,0,24.6,16.4,normal
2025-05-12T13:00:00,Eastside_Fulfillment,10.9,19.2,0,25.9,17.4,normal
2025-05-12T14:00:00,Eastside_Fulfillment,13.3,19.3,0,24.8,15.2,normal
2025-05-12T15:00:00,Eastside_Fulfillment,15.5,20.1,0,22.9,17.7,normal
2025-05-12T16:00:00,Eastside_Fulfillment,12.3,19.8,0,22.1,16.8,normal
2025-05-12T17:00:00,Eastside_Fulfillment,15.7,23.1,0,22.3,12.8,normal
2025-05-12T18:00:00,Eastside_Fulfillment,13.0,21.9,0,20.1,13.9,normal
2025-05-12T19:00:00,Eastside_Fulfillment,14.9,19.7,0,18.6,16.2,normal
2025-05-12T20:00:00,Eastside_Fulfillment,15.0,23.2,0,16.0,17.2,normal
2025-05-12T21:00:00,Eastside_Fulfillment,12.2,20.4,0,14.3,15.9,normal
2025-05-12T22:00:00,Eastside_Fulfillment,13.8,22.7,0,13.0,13.7,normal
2025-05-12T23:00:00,Eastside_Fulfillment,8.7,12.4,0,11.8,18,normal
2025-05-13T00:00:00,Northside_Fulfillment,9.6,13.0,0,9.8,15.4,normal
2025-05-13T01:00:00,Northside_Fulfillment,5.5,13.6,0,11.0,16.4,normal
2025-05-13T02:00:00,Northside_Fulfillment,9.4,17.3,0,10.8,17.5,normal
2025-05-13T03:00:00,Northside_Fulfillment,5.2,11.7,0,11.9,16.9,normal
2025-05-13T04:00:00,Northside_Fulfillment,10.4,18.8,0,13.6,16.3,normal
2025-05-13T05:00:00,Northside_Fulfillment,8.3,10.3,0,16.2,15.9,normal
2025-05-13T06:00:00,Northside_Fulfillment,7.7,9.8,0,16.1,14.9,normal
2025-05-13T07:00:00,Northside_Fulfillment,6.2,9.9,0,19.1,16.3,normal
2025-05-13T08:00:00,Northside_Fulfillment,5.9,10.3,0,20.2,14.0,normal
2025-05-13T09:00:00,Northside_Fulfillment,11.5,20.2,0,22.2,16.2,normal
2025-05-13T10:00:00,Northside_Fulfillment,9.2,11.3,0,22.8,17.0,normal
2025-05-13T11:00:00,Northside_Fulfillment,13.0,20.6,0,24.9,15.1,normal
2025-05-13T12:00:00,Northside_Fulfillment,12.4,17.3,0,23.8,15.7,normal
2025-05-13T13:00:00,Northside_Fulfillment,11.8,15.0,0,25.4,15.9,normal
2025-05-13T14:00:00,Northside_Fulfillment,15.0,23.2,0,24.7,16.7,normal
2025-05-13T15:00:00,Northside_Fulfillment,17.1,19.9,0,24.0,16.1,normal
2025-05-13T16:00:00,Northside_Fulfillment,16.5,21.3,0,24.0,15.2,normal
2025-05-13T17:00:00,Northside_Fulfillment,18.4,22.6,0,22.3,15.0,normal
2025-05-13T18:00:00,Northside_Fulfillment,16.6,22.2,0,19.6,17.0,normal
2025-05-13T19:00:00,Northside_Fulfillment,13.1,18.0,0,17.3,15.1,normal
2025-05-13T20:00:00,Northside_Fulfillment,13.1,17.3,0,14.7,17.2,normal
2025-05-13T21:00:00,Northside_Fulfillment,12.9,21.7,0,12.8,15.4,normal
2025-05-13T22:00:00,Northside_Fulfillment,12.0,19.5,0,12.2,13.4,normal
2025-05-13T23:00:00,Northside_Fulfillment,10.3,16.1,0,12.4,15.6,normal
2025-05-13T00:00:00,Central_Fulfillment,10.0,17.7,0,11.2,14.2,normal
2025-05-13T01:00:00,Central_Fulfillment,3.2,11.3,0,10.6,14.7,normal
2025-05-13T02:00:00,Central_Fulfillment,5.3,11.4,0,10.6,17.8,normal
2025-05-13T03:00:00,Central_Fulfillment,7.1,15.7,0,11.9,13.8,normal
2025-05-13T04:00:00,Central_Fulfillment,3.0,6.0,0,14.5,17.0,normal
2025-05-13T05:00:00,Central_Fulfillment,5.6,13.8,0,15.0,16.3,normal
2025-05-13T06:00:00,Central_Fulfillment,7.9,11.8,0,17.3,16.2,normal
2025-05-13T07:00:00,Central_Fulfillment,5.0,9.4,0,16.6,14.8,normal
2025-05-13T08:00:00,Central_Fulfillment,6.8,12.0,0,19.3,14.7,normal
2025-05-13T09:00:00,Central_Fulfillment,9.8,12.3,0,21.3,17.0,normal
2025-05-13T10:00:00,Central_Fulfillment,9.3,11.3,0,22.4,15.1,normal
2025-05-13T11:00:00,Central_Fulfillment,12.3,18.8,0,25.0,16.4,normal
2025-05-13T12:00:00,Central_Fulfillment,10.9,13.5,0,24.7,14.7,normal
2025-05-13T13:00:00,Central_Fulfillment,11.3,14.5,0,25.4,16.9,normal
2025-05-13T14:00:00,Central_Fulfillment,15.1,23.3,0,25.3,16.0,normal
2025-05-13T15:00:00,Central_Fulfillment,14.8,21.6,0,25.1,15.1,normal
2025-05-13T16:00:00,Central_Fulfillment,14.8,20.5,0,22.1,15.0,normal
2025-05-13T17:00:00,Central_Fulfillment,13.5,18.6,0,21.9,16.3,normal
2025-05-13T18:00:00,Central_Fulfillment,15.0,20.1,0,17.9,16.3,normal
2025-05-13T19:00:00,Central_Fulfillment,13.3,18.8,0,19.1,14.0,normal
2025-05-13T20:00:00,Central_Fulfillment,13.3,20.2,0,16.2,16.1,normal
2025-05-13T21:00:00,Central_Fulfillment,12.3,20.6,0,13.7,14.9,normal
2025-05-13T22:00:00,Central_Fulfillment,11.0,13.8,0,13.0,15.1,normal
2025-05-13T23:00:00,Central_Fulfillment,9.6,13.6,0,12.2,15.8,normal
2025-05-13T00:00:00,Eastside_Fulfillment,10.0,12.2,0,11.2,15.7,normal
2025-05-13T01:00:00,Eastside_Fulfillment,6.2,10.7,0,11.0,16.1,normal
2025-05-13T02:00:00,Eastside_Fulfillment,11.6,15.3,0,11.6,13.4,normal
2025-05-13T03:00:00,Eastside_Fulfillment,7.2,14.6,0,12.0,16.6,normal
2025-05-13T04:00:00,Eastside_Fulfillment,6.2,10.7,0,12.4,16.5,normal
2025-05-13T05:00:00,Eastside_Fulfillment,4.9,9.1,0,13.5,16.2,normal
2025-05-13T06:00:00,Eastside_Fulfillment,6.4,14.8,0,18.1,15.2,normal
2025-05-13T07:00:00,Eastside_Fulfillment,7.1,14.6,0,17.8,15.8,normal
2025-05-13T08:00:00,Eastside_Fulfillment,9.5,12.0,0,19.9,14.5,normal
2025-05-13T09:00:00,Eastside_Fulfillment,10.1,15.4,0,22.6,15.6,normal
2025-05-13T10:00:00,Eastside_Fulfillment,10.8,14.6,0,22.3,15.1,normal
2025-05-13T11:00:00,Eastside_Fulfillment,8.3,12.5,0,23.8,17.2,normal
2025-05-13T12:00:00,Eastside_Fulfillment,11.4,20.3,0,24.4,16.3,normal
2025-05-13T13:00:00,Eastside_Fulfillment,8.4,16.6,0,24.1,17.2,normal
2025-05-13T14:00:00,Eastside_Fulfillment,16.2,20.4,0,24.3,15.4,normal
2025-05-13T15:00:00,Eastside_Fulfillment,17.0,21.9,0,24.1,16.1,normal
2025-05-13T16:00:00,Eastside_Fulfillment,18.5,23.6,0,22.6,15.2,normal
2025-05-13T17:00:00,Eastside_Fulfillment,15.1,20.3,0,20.4,16.0,normal
2025-05-13T18:00:00,Eastside_Fulfillment,17.6,19.9,0,20.3,16.3,normal
2025-05-13T19:00:00,Eastside_Fulfillment,17.7,21.3,0,17.9,15.6,normal
2025-05-13T20:00:00,Eastside_Fulfillment,11.2,16.0,0,16.4,15.7,normal
2025-05-13T21:00:00,Eastside_Fulfillment,12.3,18.3,0,14.6,17.9,normal
2025-05-13T22:00:00,Eastside_Fulfillment,10.8,16.2,0,13.5,13.7,normal
2025-05-13T23:00:00,Eastside_Fulfillment,13.2,15.8,0,11.2,14.7,normal
2025-05-14T00:00:00,Northside_Fulfillment,6.3,14.4,0,11.4,15.2,normal
2025-05-14T01:00:00,Northside_Fulfillment,5.8,8.1,0,11.5,15.6,normal
2025-05-14T02:00:00,Northside_Fulfillment,10.5,15.0,0,10.0,14.9,normal
2025-05-14T03:00:00,Northside_Fulfillment,6.3,9.1,0,11.9,16.0,normal
2025-05-14T04:00:00,Northside_Fulfillment,7.0,14.1,0,12.7,16.4,normal
2025-05-14T05:00:00,Northside_Fulfillment,7.0,11.7,0,15.4,16.4,normal
2025-05-14T06:00:00,Northside_Fulfillment,9.3,15.2,0,16.8,17.8,normal
2025-05-14T07:00:00,Northside_Fulfillment,8.3,14.8,0,17.4,16.7,normal
2025-05-14T08:00:00,Northside_Fulfillment,9.7,14.6,0,20.1,15.9,normal
2025-05-14T09:00:00,Northside_Fulfillment,10.3,13.7,0,21.5,15.3,normal
2025-05-14T10:00:00,Northside_Fulfillment,6.8,15.1,0,23.7,15.3,normal
2025-05-14T11:00:00,Northside_Fulfillment,11.0,16.5,0,24.8,15.8,normal
2025-05-14T12:00:00,Northside_Fulfillment,10.2,13.8,0,24.1,14.9,normal
2025-05-14T13:00:00,Northside_Fulfillment,14.3,22.8,0,24.1,17.2,normal
2025-05-14T14:00:00,Northside_Fulfillment,16.7,19.0,0,24.3,15.1,normal
2025-05-14T15:00:00,Northside_Fulfillment,11.0,17.2,0,24.3,15.4,normal
2025-05-14T16:00:00,Northside_Fulfillment,12.2,16.3,0,23.1,15.6,normal
2025-05-14T17:00:00,Northside_Fulfillment,15.7,22.1,0,20.5,14.9,normal
2025-05-14T18:00:00,Northside_Fulfillment,16.2,21.4,0,20.7,17.0,normal
2025-05-14T19:00:00,Northside_Fulfillment,16.5,25.3,0,17.6,16.7,normal
2025-05-14T20:00:00,Northside_Fulfillment,15.4,20.6,0,15.4,14.9,normal
2025-05-14T21:00:00,Northside_Fulfillment,13.8,16.9,0,16.1,14.5,normal
2025-05-14T22:00:00,Northside_Fulfillment,11.5,13.9,0,12.5,15.6,normal
2025-05-14T23:00:00,Northside_Fulfillment,12.2,16.1,0,11.4,15.3,normal
2025-05-14T00:00:00,Central_Fulfillment,11.9,18.1,0,10.2,17.6,normal
2025-05-14T01:00:00,Central_Fulfillment,8.2,16.6,0,10.9,16.8,normal
2025-05-14T02:00:00,Central_Fulfillment,5.8,13.9,0,10.1,15.0,normal
2025-05-14T03:00:00,Central_Fulfillment,5.3,12.5,0,13.0,14.8,normal
2025-05-14T04:00:00,Central_Fulfillment,5.6,13.8,0,11.7,16.7,normal
2025-05-14T05:00:00,Central_Fulfillment,6.4,13.9,0,14.3,16.2,normal
2025-05-14T06:00:00,Central_Fulfillment,3.6,8.9,0,15.8,17.0,normal
2025-05-14T07:00:00,Central_Fulfillment,7.0,15.4,0,17.2,15.8,normal
2025-05-14T08:00:00,Central_Fulfillment,8.2,10.3,0,20.6,15.9,normal
2025-05-14T09:00:00,Central_Fulfillment,6.1,11.4,0,21.3,17.2,normal
2025-05-14T10:00:00,Central_Fulfillment,9.2,12.5,0,24.1,15.5,normal
2025-05-14T11:00:00,Central_Fulfillment,10.2,17.6,0,24.2,14.3,normal
2025-05-14T12:00:00,Central_Fulfillment,15.4,17.9,0,25.1,17.4,normal
2025-05-14T13:00:00,Central_Fulfillment,12.3,14.3,0,24.5,16.7,normal
2025-05-14T14:00:00,Central_Fulfillment,14.0,16.0,0,23.6,14.6,normal
2025-05-14T15:00:00,Central_Fulfillment,14.2,22.9,0,24.2,17.1,normal
2025-05-14T16:00:00,Central_Fulfillment,15.0,19.7,0,23.1,15.3,normal
2025-05-14T17:00:00,Central_Fulfillment,12.5,15.7,0,21.6,15.6,normal
2025-05-14T18:00:00,Central_Fulfillment,17.2,26.0,0,18.5,16.5,normal
2025-05-14T19:00:00,Central_Fulfillment,13.8,16.6,0,19.8,14.3,normal
2025-05-14T20:00:00,Central_Fulfillment,14.0,18.6,0,16.3,17.2,normal
2025-05-14T21:00:00,Central_Fulfillment,11.6,13.6,0,15.8,17.8,normal
2025-05-14T22:00:00,Central_Fulfillment,12.4,20.9,0,13.6,17.7,normal
2025-05-14T23:00:00,Central_Fulfillment,9.7,18.5,0,12.3,15.9,normal
2025-05-14T00:00:00,Eastside_Fulfillment,12.4,18.7,0,11.1,16.8,normal
2025-05-14T01:00:00,Eastside_Fulfillment,6.4,11.8,0,10.3,13.3,normal
2025-05-14T02:00:00,Eastside_Fulfillment,8.1,15.6,0,12.2,16.4,normal
2025-05-14T03:00:00,Eastside_Fulfillment,6.5,12.9,0,11.2,14.9,normal
2025-05-14T04:00:00,Eastside_Fulfillment,9.2,13.0,0,11.5,15.3,normal
2025-05-14T05:00:00,Eastside_Fulfillment,4.7,8.0,0,14.3,15.9,normal
2025-05-14T06:00:00,Eastside_Fulfillment,5.6,13.1,0,15.1,15.1,normal
2025-05-14T07:00:00,Eastside_Fulfillment,9.4,14.9,0,18.3,16.5,normal
2025-05-14T08:00:00,Eastside_Fulfillment,11.7,14.9,0,19.6,15.8,normal
2025-05-14T09:00:00,Eastside_Fulfillment,7.1,9.2,0,21.7,15.2,normal
2025-05-14T10:00:00,Eastside_Fulfillment,12.1,19.4,0,23.1,14.8,normal
2025-05-14T11:00:00,Eastside_Fulfillment,14.5,19.4,0,23.3,16.4,normal
2025-05-14T12:00:00,Eastside_Fulfillment,12.6,19.3,0,25.5,16.1,normal
2025-05-14T13:00:00,Eastside_Fulfillment,14.1,18.3,0,25.0,16.3,normal
2025-05-14T14:00:00,Eastside_Fulfillment,16.2,19.8,0,25.0,14.0,normal
2025-05-14T15:00:00,Eastside_Fulfillment,11.0,13.1,0,23.7,14.5,normal
2025-05-14T16:00:00,Eastside_Fulfillment,13.6,18.8,0,22.6,15.7,normal
2025-05-14T17:00:00,Eastside_Fulfillment,14.7,21.6,0,21.5,16.8,normal
2025-05-14T18:00:00,Eastside_Fulfillment,14.5,19.5,0,21.2,15.7,normal
2025-05-14T19:00:00,Eastside_Fulfillment,15.5,19.1,0,19.0,15.8,normal
2025-05-14T20:00:00,Eastside_Fulfillment,13.3,21.3,0,17.1,16.8,normal
2025-05-14T21:00:00,Eastside_Fulfillment,13.0,18.8,0,14.8,15.6,normal
2025-05-14T22:00:00,Eastside_Fulfillment,13.1,20.6,0,12.6,13.1,normal
2025-05-14T23:00:00,Eastside_Fulfillment,8.8,11.4,0,10.8,16.1,normal
2025-05-15T00:00:00,Northside_Fulfillment,12.3,15.9,0,11.7,15.4,normal
2025-05-15T01:00:00,Northside_Fulfillment,8.8,15.1,0,11.0,17.6,normal
2025-05-15T02:00:00,Northside_Fulfillment,9.5,13.2,0,11.5,15.6,normal
2025-05-15T03:00:00,Northside_Fulfillment,10.4,18.3,0,12.2,16.5,normal
2025-05-15T04:00:00,Northside_Fulfillment,6.3,13.6,0,13.2,16.5,normal
2025-05-15T05:00:00,Northside_Fulfillment,7.8,13.9,0,14.6,16.1,normal
2025-05-15T06:00:00,Northside_Fulfillment,6.7,10.1,0,14.7,16.1,normal
2025-05-15T07:00:00,Northside_Fulfillment,12.4,18.5,0,16.8,17.9,normal
2025-05-15T08:00:00,Northside_Fulfillment,11.6,15.8,0,20.8,16.8,normal
2025-05-15T09:00:00,Northside_Fulfillment,8.7,16.2,0,21.4,15.3,normal
2025-05-15T10:00:00,Northside_Fulfillment,6.0,10.1,0,22.9,15.1,normal
2025-05-15T11:00:00,Northside_Fulfillment,11.0,14.9,0,23.4,16.3,normal
2025-05-15T12:00:00,Northside_Fulfillment,9.7,13.6,0,23.5,15.3,normal
2025-05-15T13:00:00,Northside_Fulfillment,15.1,20.5,0,25.1,14.1,normal
2025-05-15T14:00:00,Northside_Fulfillment,16.2,23.3,0,26.0,17.2,normal
2025-05-15T15:00:00,Northside_Fulfillment,16.4,24.2,0,24.7,16.9,normal
2025-05-15T16:00:00,Northside_Fulfillment,12.7,15.5,0,23.4,16.4,normal
2025-05-15T17:00:00,Northside_Fulfillment,15.9,19.6,0,21.5,14.8,normal
2025-05-15T18:00:00,Northside_Fulfillment,14.5,19.4,0,19.8,18,normal
2025-05-15T19:00:00,Northside_Fulfillment,15.2,20.0,0,17.7,16.1,normal
2025-05-15T20:00:00,Northside_Fulfillment,12.1,20.1,0,17.0,16.4,normal
2025-05-15T21:00:00,Northside_Fulfillment,12.3,20.3,0,13.7,15.9,normal
2025-05-15T22:00:00,Northside_Fulfillment,12.9,21.4,0,14.4,15.8,normal
2025-05-15T23:00:00,Northside_Fulfillment,11.2,18.8,0,12.7,17.5,normal
2025-05-15T00:00:00,Central_Fulfillment,8.2,15.9,0,10.9,15.8,normal
2025-05-15T01:00:00,Central_Fulfillment,12.1,17.1,0,11.2,16.8,normal
2025-05-15T02:00:00,Central_Fulfillment,7.6,14.1,0,12.3,13.8,normal
2025-05-15T03:00:00,Central_Fulfillment,8.8,15.5,0,12.6,17.6,normal
2025-05-15T04:00:00,Central_Fulfillment,8.5,13.2,0,13.1,16.7,normal
2025-05-15T05:00:00,Central_Fulfillment,4.8,12.6,0,14.8,16.0,normal
2025-05-15T06:00:00,Central_Fulfillment,9.1,11.4,0,16.7,16.8,normal
2025-05-15T07:00:00,Central_Fulfillment,6.6,9.7,0,17.6,17.5,normal
2025-05-15T08:00:00,Central_Fulfillment,9.1,11.3,0,19.9,17.2,normal
2025-05-15T09:00:00,Central_Fulfillment,6.3,13.1,0,21.4,16.2,normal
2025-05-15T10:00:00,Central_Fulfillment,9.7,12.9,0,24.2,16.9,normal
2025-05-15T11:00:00,Central_Fulfillment,12.0,20.1,0,24.4,14.2,normal
2025-05-15T12:00:00,Central_Fulfillment,10.1,17.8,0,24.3,15.7,normal
2025-05-15T13:00:00,Central_Fulfillment,14.4,20.9,0,25.3,16.1,normal
2025-05-15T14:00:00,Central_Fulfillment,17.1,22.7,0,25.2,16.4,normal
2025-05-15T15:00:00,Central_Fulfillment,12.2,15.9,0,24.9,15.7,normal
2025-05-15T16:00:00,Central_Fulfillment,15.5,23.6,0,21.9,16.9,normal
2025-05-15T17:00:00,Central_Fulfillment,14.6,20.0,0,22.0,16.3,normal
2025-05-15T18:00:00,Central_Fulfillment,15.4,23.8,0,21.0,16.0,normal
2025-05-15T19:00:00,Central_Fulfillment,19.5,25.6,0,17.4,14.9,normal
2025-05-15T20:00:00,Central_Fulfillment,16.6,18.8,0,17.0,16.3,normal
2025-05-15T21:00:00,Central_Fulfillment,12.0,19.2,0,15.8,15.1,normal
2025-05-15T22:00:00,Central_Fulfillment,12.1,15.7,0,13.8,15.9,normal
2025-05-15T23:00:00,Central_Fulfillment,8.3,15.8,0,9.3,17.8,normal
2025-05-15T00:00:00,Eastside_Fulfillment,9.7,14.2,0,11.0,18,normal
2025-05-15T01:00:00,Eastside_Fulfillment,12.2,15.2,0,11.0,15.9,normal
2025-05-15T02:00:00,Eastside_Fulfillment,6.4,13.6,0,11.4,14.5,normal
2025-05-15T03:00:00,Eastside_Fulfillment,10.1,13.1,0,11.6,17.1,normal
2025-05-15T04:00:00,Eastside_Fulfillment,10.4,16.4,0,12.3,16.4,normal
2025-05-15T05:00:00,Eastside_Fulfillment,9.5,15.2,0,14.9,15.3,normal
2025-05-15T06:00:00,Eastside_Fulfillment,9.4,13.8,0,15.9,16.4,normal
2025-05-15T07:00:00,Eastside_Fulfillment,9.0,15.3,0,17.1,16.1,normal
2025-05-15T08:00:00,Eastside_Fulfillment,5.3,11.1,0,21.9,16.2,normal
2025-05-15T09:00:00,Eastside_Fulfillment,5.7,12.6,0,21.3,16.2,normal
2025-05-15T10:00:00,Eastside_Fulfillment,12.5,14.7,0,23.4,14.9,normal
2025-05-15T11:00:00,Eastside_Fulfillment,12.3,17.0,0,23.9,15.3,normal
2025-05-15T12:00:00,Eastside_Fulfillment,11.6,19.9,0,23.3,15.1,normal
2025-05-15T13:00:00,Eastside_Fulfillment,10.9,16.8,0,25.1,18,normal
2025-05-15T14:00:00,Eastside_Fulfillment,10.0,15.9,0,24.5,16.2,normal
2025-05-15T15:00:00,Eastside_Fulfillment,14.7,23.2,0,24.1,16.9,normal
2025-05-15T16:00:00,Eastside_Fulfillment,13.8,20.4,0,22.0,17.7,normal
2025-05-15T17:00:00,Eastside_Fulfillment,15.3,24.3,0,20.1,14.4,normal
2025-05-15T18:00:00,Eastside_Fulfillment,13.6,17.5,0,19.1,15.2,normal
2025-05-15T19:00:00,Eastside_Fulfillment,14.3,21.7,0,17.6,17.2,normal
2025-05-15T20:00:00,Eastside_Fulfillment,13.6,19.0,0,17.2,17.1,normal
2025-05-15T21:00:00,Eastside_Fulfillment,14.0,16.9,0,15.0,15.7,normal
2025-05-15T22:00:00,Eastside_Fulfillment,8.7,14.0,0,12.8,16.7,normal
2025-05-15T23:00:00,Eastside_Fulfillment,10.3,17.8,0,11.5,15.9,normal
2025-05-16T00:00:00,Northside_Fulfillment,10.4,17.5,0,11.7,16.4,normal
2025-05-16T01:00:00,Northside_Fulfillment,10.2,14.7,0,9.4,14.6,normal
2025-05-16T02:00:00,Northside_Fulfillment,9.7,15.4,0,10.1,17.5,normal
2025-05-16T03:00:00,Northside_Fulfillment,5.2,9.4,0,11.8,16.7,normal
2025-05-16T04:00:00,Northside_Fulfillment,8.1,16.6,0,13.3,15.3,normal
2025-05-16T05:00:00,Northside_Fulfillment,6.0,8.0,0,14.7,15.0,normal
2025-05-16T06:00:00,Northside_Fulfillment,9.2,16.1,0,16.4,15.3,normal
2025-05-16T07:00:00,Northside_Fulfillment,7.6,13.7,0,18.8,15.7,normal
2025-05-16T08:00:00,Northside_Fulfillment,5.8,14.3,0,20.6,15.1,normal
2025-05-16T09:00:00,Northside_Fulfillment,7.8,15.2,0,20.7,16.7,normal
2025-05-16T10:00:00,Northside_Fulfillment,7.2,12.6,0,22.6,15.4,normal
2025-05-16T11:00:00,Northside_Fulfillment,13.7,15.8,0,24.3,13.9,normal
2025-05-16T12:00:00,Northside_Fulfillment,13.7,20.4,0,25.6,16.8,normal
2025-05-16T13:00:00,Northside_Fulfillment,12.9,15.9,0,24.7,18,normal
2025-05-16T14:00:00,Northside_Fulfillment,11.9,18.9,0,26.5,16.3,normal
2025-05-16T15:00:00,Northside_Fulfillment,16.9,22.0,0,24.3,13.8,normal
2025-05-16T16:00:00,Northside_Fulfillment,18.8,25.8,0,22.5,16.2,normal
2025-05-16T17:00:00,Northside_Fulfillment,17.5,22.5,0,21.5,16.2,normal
2025-05-16T18:00:00,Northside_Fulfillment,15.6,21.3,0,19.7,16.8,normal
2025-05-16T19:00:00,Northside_Fulfillment,14.9,18.3,0,19.0,15.0,normal
2025-05-16T20:00:00,Northside_Fulfillment,12.3,18.8,0,16.4,16.6,normal
2025-05-16T21:00:00,Northside_Fulfillment,8.7,11.4,0,13.7,15.2,normal
2025-05-16T22:00:00,Northside_Fulfillment,16.3,18.8,0,10.2,15.5,normal
2025-05-16T23:00:00,Northside_Fulfillment,13.6,20.9,0,11.9,16.2,normal
2025-05-16T00:00:00,Central_Fulfillment,10.1,15.5,0,11.4,17.1,normal
2025-05-16T01:00:00,Central_Fulfillment,7.4,14.3,0,11.5,16.3,normal
2025-05-16T02:00:00,Central_Fulfillment,9.5,15.2,0,11.7,16.4,normal
2025-05-16T03:00:00,Central_Fulfillment,9.6,17.3,0,11.3,16.9,normal
2025-05-16T04:00:00,Central_Fulfillment,8.6,15.8,0,12.1,16.7,normal
2025-05-16T05:00:00,Central_Fulfillment,7.9,16.8,0,14.3,16.0,normal
2025-05-16T06:00:00,Central_Fulfillment,3.0,10.1,0,16.6,14.5,normal
2025-05-16T07:00:00,Central_Fulfillment,8.2,10.6,0,17.0,16.2,normal
2025-05-16T08:00:00,Central_Fulfillment,7.1,10.2,0,20.4,17.0,normal
2025-05-16T09:00:00,Central_Fulfillment,11.9,18.9,0,21.8,15.4,normal
2025-05-16T10:00:00,Central_Fulfillment,8.2,12.1,0,23.0,14.2,normal
2025-05-16T11:00:00,Central_Fulfillment,12.0,16.9,0,24.6,15.6,normal
2025-05-16T12:00:00,Central_Fulfillment,15.1,21.9,0,24.9,17.4,normal
2025-05-16T13:00:00,Central_Fulfillment,13.8,20.2,0,25.3,16.4,normal
2025-05-16T14:00:00,Central_Fulfillment,9.0,14.2,0,26.1,15.7,normal
2025-05-16T15:00:00,Central_Fulfillment,11.6,14.4,0,23.3,17.8,normal
2025-05-16T16:00:00,Central_Fulfillment,17.9,26.7,0,23.2,14.8,normal
2025-05-16T17:00:00,Central_Fulfillment,18.2,23.4,0,22.6,16.4,normal
2025-05-16T18:00:00,Central_Fulfillment,14.6,18.6,0,19.8,17.7,normal
2025-05-16T19:00:00,Central_Fulfillment,14.8,19.7,0,18.4,14.7,normal
2025-05-16T20:00:00,Central_Fulfillment,15.5,21.3,0,16.4,16.8,normal
2025-05-16T21:00:00,Central_Fulfillment,12.8,16.3,0,14.6,15.7,normal
2025-05-16T22:00:00,Central_Fulfillment,11.3,15.7,0,12.3,14.9,normal
2025-05-16T23:00:00,Central_Fulfillment,9.9,17.2,0,12.8,14.8,normal
2025-05-16T00:00:00,Eastside_Fulfillment,10.9,15.5,0,11.2,14.4,normal
2025-05-16T01:00:00,Eastside_Fulfillment,10.0,15.1,0,11.3,14.2,normal
2025-05-16T02:00:00,Eastside_Fulfillment,7.8,15.9,0,11.9,15.9,normal
2025-05-16T03:00:00,Eastside_Fulfillment,6.7,13.3,0,10.8,16.5,normal
2025-05-16T04:00:00,Eastside_Fulfillment,5.8,9.0,0,14.3,15.7,normal
2025-05-16T05:00:00,Eastside_Fulfillment,10.9,17.5,0,13.9,14.4,normal
2025-05-16T06:00:00,Eastside_Fulfillment,5.6,8.8,0,16.0,16.1,normal
2025-05-16T07:00:00,Eastside_Fulfillment,7.9,15.6,0,17.9,14.9,normal
2025-05-16T08:00:00,Eastside_Fulfillment,4.8,9.0,0,20.2,16.8,normal
2025-05-16T09:00:00,Eastside_Fulfillment,11.6,17.7,0,21.7,14.4,normal
2025-05-16T10:00:00,Eastside_Fulfillment,10.0,16.6,0,23.1,15.7,normal
2025-05-16T11:00:00,Eastside_Fulfillment,9.9,15.6,0,24.4,16.9,normal
2025-05-16T12:00:00,Eastside_Fulfillment,13.7,18.6,0,26.0,17.3,normal
2025-05-16T13:00:00,Eastside_Fulfillment,13.0,18.2,0,24.9,16.1,normal
2025-05-16T14:00:00,Eastside_Fulfillment,14.0,21.1,0,24.4,17.6,normal
2025-05-16T15:00:00,Eastside_Fulfillment,17.4,19.5,0,25.0,15.2,normal
2025-05-16T16:00:00,Eastside_Fulfillment,13.3,16.8,0,24.7,13.6,normal
2025-05-16T17:00:00,Eastside_Fulfillment,14.3,17.5,0,20.1,16.7,normal
2025-05-16T18:00:00,Eastside_Fulfillment,12.9,15.7,0,19.8,15.1,normal
2025-05-16T19:00:00,Eastside_Fulfillment,11.6,19.7,0,18.1,15.8,normal
2025-05-16T20:00:00,Eastside_Fulfillment,14.0,20.8,0,14.7,15.2,normal
2025-05-16T21:00:00,Eastside_Fulfillment,14.1,17.0,0,14.0,15.4,normal
2025-05-16T22:00:00,Eastside_Fulfillment,14.2,17.7,0,13.4,16.5,normal
2025-05-16T23:00:00,Eastside_Fulfillment,12.3,18.9,0,11.7,15.5,normal
2025-05-17T00:00:00,Northside_Fulfillment,8.6,15.1,0,9.9,17.0,normal
2025-05-17T01:00:00,Northside_Fulfillment,13.5,22.0,0,11.2,14.4,normal
2025-05-17T02:00:00,Northside_Fulfillment,6.0,12.3,0,12.7,14.3,normal
2025-05-17T03:00:00,Northside_Fulfillment,8.3,12.8,0,12.4,16.1,normal
2025-05-17T04:00:00,Northside_Fulfillment,9.3,12.9,0,12.7,15.9,normal
2025-05-17T05:00:00,Northside_Fulfillment,7.2,14.4,0,14.7,16.9,normal
2025-05-17T06:00:00,Northside_Fulfillment,8.3,14.3,0,16.4,17.3,normal
2025-05-17T07:00:00,Northside_Fulfillment,7.1,14.5,0,20.2,15.2,normal
2025-05-17T08:00:00,Northside_Fulfillment,7.6,14.0,0,20.1,15.4,normal
2025-05-17T09:00:00,Northside_Fulfillment,8.8,15.8,0,21.0,18.0,normal
2025-05-17T10:00:00,Northside_Fulfillment,12.8,15.4,0,23.4,17.1,normal
2025-05-17T11:00:00,Northside_Fulfillment,10.6,14.4,0,24.7,16.2,normal
2025-05-17T12:00:00,Northside_Fulfillment,12.4,17.2,0,24.3,14.9,normal
2025-05-17T13:00:00,Northside_Fulfillment,13.8,17.1,0,25.7,15.6,normal
2025-05-17T14:00:00,Northside_Fulfillment,16.3,24.7,0,24.6,15.3,normal
2025-05-17T15:00:00,Northside_Fulfillment,14.4,18.5,0,24.2,15.4,normal
2025-05-17T16:00:00,Northside_Fulfillment,16.2,21.5,0,23.5,16.2,normal
2025-05-17T17:00:00,Northside_Fulfillment,16.9,20.6,0,22.0,18,normal
2025-05-17T18:00:00,Northside_Fulfillment,10.5,13.4,0,19.7,16.4,normal
2025-05-17T19:00:00,Northside_Fulfillment,14.5,22.7,0,17.1,17.0,normal
2025-05-17T20:00:00,Northside_Fulfillment,13.2,16.7,0,16.4,16.8,normal
2025-05-17T21:00:00,Northside_Fulfillment,12.5,18.5,0,14.8,16.5,normal
2025-05-17T22:00:00,Northside_Fulfillment,12.7,20.5,0,12.1,16.7,normal
2025-05-17T23:00:00,Northside_Fulfillment,11.0,19.2,0,11.2,16.6,normal
2025-05-17T00:00:00,Central_Fulfillment,9.7,12.5,0,11.9,17.9,normal
2025-05-17T01:00:00,Central_Fulfillment,7.4,13.9,0,10.9,15.6,normal
2025-05-17T02:00:00,Central_Fulfillment,7.1,9.9,0,11.9,15.0,normal
2025-05-17T03:00:00,Central_Fulfillment,5.7,13.5,0,11.4,16.8,normal
2025-05-17T04:00:00,Central_Fulfillment,9.4,12.1,0,12.8,17.5,normal
2025-05-17T05:00:00,Central_Fulfillment,4.6,6.8,0,15.2,16.8,normal
2025-05-17T06:00:00,Central_Fulfillment,8.6,13.6,0,17.1,16.1,normal
2025-05-17T07:00:00,Central_Fulfillment,7.0,14.5,0,18.2,15.8,normal
2025-05-17T08:00:00,Central_Fulfillment,5.7,11.9,0,18.3,16.2,normal
2025-05-17T09:00:00,Central_Fulfillment,8.5,16.1,0,20.6,15.2,normal
2025-05-17T10:00:00,Central_Fulfillment,9.9,13.3,0,23.9,14.9,normal
2025-05-17T11:00:00,Central_Fulfillment,9.0,14.3,0,23.9,17.2,normal
2025-05-17T12:00:00,Central_Fulfillment,11.0,15.4,0,24.2,14.5,normal
2025-05-17T13:00:00,Central_Fulfillment,14.1,16.6,0,25.6,15.4,normal
2025-05-17T14:00:00,Central_Fulfillment,15.4,21.1,0,24.1,15.9,normal
2025-05-17T15:00:00,Central_Fulfillment,13.8,18.0,0,24.9,14.0,normal
2025-05-17T16:00:00,Central_Fulfillment,15.0,17.7,0,23.5,16.5,normal
2025-05-17T17:00:00,Central_Fulfillment,16.9,20.5,0,22.0,15.9,normal
2025-05-17T18:00:00,Central_Fulfillment,13.5,20.1,0,20.2,15.4,normal
2025-05-17T19:00:00,Central_Fulfillment,13.1,20.8,0,19.0,15.8,normal
2025-05-17T20:00:00,Central_Fulfillment,14.8,21.4,0,15.9,16.0,normal
2025-05-17T21:00:00,Central_Fulfillment,13.6,18.2,0,14.8,15.7,normal
2025-05-17T22:00:00,Central_Fulfillment,11.6,19.1,0,13.7,16.3,normal
2025-05-17T23:00:00,Central_Fulfillment,9.9,12.6,0,11.6,15.0,normal
2025-05-17T00:00:00,Eastside_Fulfillment,14.9,17.7,0,13.0,16.4,normal
2025-05-17T01:00:00,Eastside_Fulfillment,8.5,16.4,0,10.7,14.9,normal
2025-05-17T02:00:00,Eastside_Fulfillment,11.2,14.7,0,13.1,18,normal
2025-05-17T03:00:00,Eastside_Fulfillment,8.0,15.2,0,11.8,14.7,normal
2025-05-17T04:00:00,Eastside_Fulfillment,2.3,5.9,0,12.8,16.7,normal
2025-05-17T05:00:00,Eastside_Fulfillment,7.4,11.1,0,14.9,17.5,normal
2025-05-17T06:00:00,Eastside_Fulfillment,5.7,8.9,0,16.6,15.5,normal
2025-05-17T07:00:00,Eastside_Fulfillment,4.9,12.6,0,17.5,16.6,normal
2025-05-17T08:00:00,Eastside_Fulfillment,10.9,18.1,0,18.8,16.4,normal
2025-05-17T09:00:00,Eastside_Fulfillment,7.4,10.5,0,21.3,14.5,normal
2025-05-17T10:00:00,Eastside_Fulfillment,9.6,18.4,0,22.6,15.9,normal
2025-05-17T11:00:00,Eastside_Fulfillment,13.6,19.7,0,23.4,17.2,normal
2025-05-17T12:00:00,Eastside_Fulfillment,12.5,19.9,0,25.5,15.7,normal
2025-05-17T13:00:00,Eastside_Fulfillment,16.1,19.5,0,25.9,18,normal
2025-05-17T14:00:00,Eastside_Fulfillment,14.1,21.8,0,24.0,16.9,normal
2025-05-17T15:00:00,Eastside_Fulfillment,14.9,21.7,0,24.6,15.4,normal
2025-05-17T16:00:00,Eastside_Fulfillment,15.0,23.7,0,23.6,16.2,normal
2025-05-17T17:00:00,Eastside_Fulfillment,16.3,24.1,0,22.6,15.4,normal
2025-05-17T18:00:00,Eastside_Fulfillment,14.8,17.7,0,20.1,15.7,normal
2025-05-17T19:00:00,Eastside_Fulfillment,11.2,18.7,0,17.6,14.7,normal
2025-05-17T20:00:00,Eastside_Fulfillment,10.9,16.2,0,16.6,15.7,normal
2025-05-17T21:00:00,Eastside_Fulfillment,11.6,19.4,0,16.0,16.0,normal
2025-05-17T22:00:00,Eastside_Fulfillment,13.0,19.8,0,13.0,16.8,normal
2025-05-17T23:00:00,Eastside_Fulfillment,9.1,12.1,0,10.7,16.1,normal
2025-05-18T00:00:00,Northside_Fulfillment,9.5,18.0,0,11.2,17.0,normal
2025-05-18T01:00:00,Northside_Fulfillment,10.7,16.0,0,10.1,16.0,normal
2025-05-18T02:00:00,Northside_Fulfillment,5.3,11.1,0,10.8,16.2,normal
2025-05-18T03:00:00,Northside_Fulfillment,13.8,21.4,0,10.5,17.7,normal
2025-05-18T04:00:00,Northside_Fulfillment,6.4,9.4,0,12.2,14.0,normal
2025-05-18T05:00:00,Northside_Fulfillment,7.2,9.4,0,15.2,15.5,normal
2025-05-18T06:00:00,Northside_Fulfillment,7.7,13.0,0,18.1,16.2,normal
2025-05-18T07:00:00,Northside_Fulfillment,8.3,13.6,0,18.7,16.4,normal
2025-05-18T08:00:00,Northside_Fulfillment,9.2,12.0,0,19.6,16.8,normal
2025-05-18T09:00:00,Northside_Fulfillment,11.0,18.0,0,22.2,17.1,normal
2025-05-18T10:00:00,Northside_Fulfillment,9.9,17.5,0,23.6,14.6,normal
2025-05-18T11:00:00,Northside_Fulfillment,7.6,11.2,0,23.8,15.2,normal
2025-05-18T12:00:00,Northside_Fulfillment,13.6,22.6,0,26.1,17.2,normal
2025-05-18T13:00:00,Northside_Fulfillment,12.2,18.2,0,26.0,15.6,normal
2025-05-18T14:00:00,Northside_Fulfillment,17.2,21.8,0,25.7,16.4,normal
2025-05-18T15:00:00,Northside_Fulfillment,15.3,18.0,0,24.0,14.1,normal
2025-05-18T16:00:00,Northside_Fulfillment,16.9,19.5,0,21.5,14.5,normal
2025-05-18T17:00:00,Northside_Fulfillment,13.9,18.2,0,23.0,17.1,normal
2025-05-18T18:00:00,Northside_Fulfillment,10.8,14.7,0,20.9,15.9,normal
2025-05-18T19:00:00,Northside_Fulfillment,15.2,21.9,0,19.0,14.6,normal
2025-05-18T20:00:00,Northside_Fulfillment,15.6,22.6,0,17.7,14.6,normal
2025-05-18T21:00:00,Northside_Fulfillment,15.1,20.2,0,15.3,16.5,normal
2025-05-18T22:00:00,Northside_Fulfillment,11.8,14.1,0,12.3,15.8,normal
2025-05-18T23:00:00,Northside_Fulfillment,10.6,19.1,0,10.9,15.6,normal
2025-05-18T00:00:00,Central_Fulfillment,8.5,15.1,0,11.3,15.5,normal
2025-05-18T01:00:00,Central_Fulfillment,9.0,18.0,0,12.3,16.0,normal
2025-05-18T02:00:00,Central_Fulfillment,9.8,15.3,0,11.9,16.0,normal
2025-05-18T03:00:00,Central_Fulfillment,7.0,10.7,0,11.9,15.1,normal
2025-05-18T04:00:00,Central_Fulfillment,6.8,13.8,0,12.6,13.0,normal
2025-05-18T05:00:00,Central_Fulfillment,6.1,9.8,0,13.4,16.3,normal
2025-05-18T06:00:00,Central_Fulfillment,12.3,19.0,0,16.8,16.9,normal
2025-05-18T07:00:00,Central_Fulfillment,6.0,11.0,0,17.9,14.7,normal
2025-05-18T08:00:00,Central_Fulfillment,5.5,14.5,0,19.0,16.1,normal
2025-05-18T09:00:00,Central_Fulfillment,9.8,17.3,0,22.3,16.7,normal
2025-05-18T10:00:00,Central_Fulfillment,12.6,15.3,0,24.2,15.1,normal
2025-05-18T11:00:00,Central_Fulfillment,12.7,20.2,0,24.0,16.3,normal
2025-05-18T12:00:00,Central_Fulfillment,14.8,20.6,0,23.8,16.3,normal
2025-05-18T13:00:00,Central_Fulfillment,14.1,17.8,0,25.0,15.3,normal
2025-05-18T14:00:00,Central_Fulfillment,12.9,15.5,0,24.2,15.3,normal
2025-05-18T15:00:00,Central_Fulfillment,14.3,21.1,0,24.5,16.6,normal
2025-05-18T16:00:00,Central_Fulfillment,15.3,19.7,0,23.3,16.0,normal
2025-05-18T17:00:00,Central_Fulfillment,16.4,21.6,0,21.2,15.6,normal
2025-05-18T18:00:00,Central_Fulfillment,18.1,20.6,0,19.2,17.1,normal
2025-05-18T19:00:00,Central_Fulfillment,13.2,21.1,0,17.6,14.6,normal
2025-05-18T20:00:00,Central_Fulfillment,14.1,21.1,0,17.5,17.7,normal
2025-05-18T21:00:00,Central_Fulfillment,16.2,21.2,0,15.1,16.2,normal
2025-05-18T22:00:00,Central_Fulfillment,11.8,14.6,0,13.8,18,normal
2025-05-18T23:00:00,Central_Fulfillment,12.5,20.0,0,13.5,15.7,normal
2025-05-18T00:00:00,Eastside_Fulfillment,8.9,14.7,0,11.4,16.1,normal
2025-05-18T01:00:00,Eastside_Fulfillment,10.1,18.5,0,10.8,17.9,normal
2025-05-18T02:00:00,Eastside_Fulfillment,6.2,8.8,0,11.7,15.2,normal
2025-05-18T03:00:00,Eastside_Fulfillment,6.4,13.8,0,13.6,16.2,normal
2025-05-18T04:00:00,Eastside_Fulfillment,6.9,11.1,0,12.5,14.7,normal
2025-05-18T05:00:00,Eastside_Fulfillment,5.6,11.0,0,14.9,18,normal
2025-05-18T06:00:00,Eastside_Fulfillment,7.1,9.9,0,16.6,17.1,normal
2025-05-18T07:00:00,Eastside_Fulfillment,5.1,9.4,0,18.0,16.1,normal
2025-05-18T08:00:00,Eastside_Fulfillment,11.1,19.6,0,20.1,14.9,normal
2025-05-18T09:00:00,Eastside_Fulfillment,8.9,12.0,0,21.1,17.1,normal
2025-05-18T10:00:00,Eastside_Fulfillment,11.5,13.7,0,22.6,16.0,normal
2025-05-18T11:00:00,Eastside_Fulfillment,10.0,14.3,0,23.8,17.1,normal
2025-05-18T12:00:00,Eastside_Fulfillment,12.6,15.1,0,24.8,17.3,normal
2025-05-18T13:00:00,Eastside_Fulfillment,14.3,20.1,0,23.7,17.8,normal
2025-05-18T14:00:00,Eastside_Fulfillment,13.4,19.1,0,22.8,16.1,normal
2025-05-18T15:00:00,Eastside_Fulfillment,15.9,23.3,0,24.8,15.9,normal
2025-05-18T16:00:00,Eastside_Fulfillment,15.4,20.5,0,23.7,15.4,normal
2025-05-18T17:00:00,Eastside_Fulfillment,14.5,22.6,0,21.4,16.0,normal
2025-05-18T18:00:00,Eastside_Fulfillment,13.5,17.4,0,19.9,16.4,normal
2025-05-18T19:00:00,Eastside_Fulfillment,11.1,19.6,0,16.8,16.0,normal
2025-05-18T20:00:00,Eastside_Fulfillment,14.5,22.9,0,16.1,17.6,normal
2025-05-18T21:00:00,Eastside_Fulfillment,8.2,16.2,0,14.8,16.5,normal
2025-05-18T22:00:00,Eastside_Fulfillment,14.2,21.8,0,12.8,18.0,normal
2025-05-18T23:00:00,Eastside_Fulfillment,9.5,17.2,0,11.1,17.3,normal
2025-05-19T00:00:00,Northside_Fulfillment,7.7,15.4,0,12.2,14.5,normal
2025-05-19T01:00:00,Northside_Fulfillment,8.0,14.9,0,10.8,15.0,normal
2025-05-19T02:00:00,Northside_Fulfillment,6.3,9.8,0,10.8,15.9,normal
2025-05-19T03:00:00,Northside_Fulfillment,12.5,16.2,0,12.4,15.3,normal
2025-05-19T04:00:00,Northside_Fulfillment,6.0,14.4,0,12.0,14.5,normal
2025-05-19T05:00:00,Northside_Fulfillment,9.8,16.7,0,15.8,15.5,normal
2025-05-19T06:00:00,Northside_Fulfillment,4.8,13.6,0,15.7,15.5,normal
2025-05-19T07:00:00,Northside_Fulfillment,8.0,10.0,0,17.6,15.3,normal
2025-05-19T08:00:00,Northside_Fulfillment,4.9,9.8,0,19.8,16.1,normal
2025-05-19T09:00:00,Northside_Fulfillment,11.8,15.2,0,22.7,17.4,normal
2025-05-19T10:00:00,Northside_Fulfillment,10.0,19.0,0,23.4,18,normal
2025-05-19T11:00:00,Northside_Fulfillment,9.6,12.9,0,24.1,14.8,normal
2025-05-19T12:00:00,Northside_Fulfillment,13.8,20.0,0,24.4,18,normal
2025-05-19T13:00:00,Northside_Fulfillment,11.5,17.0,0,22.7,15.7,normal
2025-05-19T14:00:00,Northside_Fulfillment,16.7,24.3,0,25.2,17.5,normal
2025-05-19T15:00:00,Northside_Fulfillment,16.8,23.3,0,23.4,15.8,normal
2025-05-19T16:00:00,Northside_Fulfillment,15.3,21.8,0,23.0,16.4,normal
2025-05-19T17:00:00,Northside_Fulfillment,14.0,21.1,0,21.3,15.0,normal
2025-05-19T18:00:00,Northside_Fulfillment,14.6,16.9,0,19.8,17.7,normal
2025-05-19T19:00:00,Northside_Fulfillment,15.8,20.6,0,16.6,16.4,normal
2025-05-19T20:00:00,Northside_Fulfillment,12.4,17.2,0,15.7,16.3,normal
2025-05-19T21:00:00,Northside_Fulfillment,13.3,22.2,0,15.4,16.0,normal
2025-05-19T22:00:00,Northside_Fulfillment,10.0,13.0,0,13.1,17.3,normal
2025-05-19T23:00:00,Northside_Fulfillment,12.2,20.0,0,11.5,16.1,normal
2025-05-19T00:00:00,Central_Fulfillment,9.2,17.5,0,11.3,18,normal
2025-05-19T01:00:00,Central_Fulfillment,6.5,12.0,0,10.4,16.2,normal
2025-05-19T02:00:00,Central_Fulfillment,9.4,15.5,0,11.5,17.1,normal
2025-05-19T03:00:00,Central_Fulfillment,5.8,13.6,0,13.4,15.0,normal
2025-05-19T04:00:00,Central_Fulfillment,9.8,14.1,0,13.9,15.5,normal
2025-05-19T05:00:00,Central_Fulfillment,5.6,9.2,0,15.2,14.9,normal
2025-05-19T06:00:00,Central_Fulfillment,6.2,14.2,0,17.2,14.8,normal
2025-05-19T07:00:00,Central_Fulfillment,6.7,10.4,0,17.1,15.6,normal
2025-05-19T08:00:00,Central_Fulfillment,5.4,13.3,0,20.4,16.2,normal
2025-05-19T09:00:00,Central_Fulfillment,8.7,17.1,0,21.4,16.5,normal
2025-05-19T10:00:00,Central_Fulfillment,8.7,13.8,0,23.2,15.6,normal
2025-05-19T11:00:00,Central_Fulfillment,12.5,17.7,0,22.7,16.9,normal
2025-05-19T12:00:00,Central_Fulfillment,13.2,21.3,0,25.7,17.1,normal
2025-05-19T13:00:00,Central_Fulfillment,11.7,14.3,0,23.7,14.9,normal
2025-05-19T14:00:00,Central_Fulfillment,14.3,17.8,0,24.5,14.3,normal
2025-05-19T15:00:00,Central_Fulfillment,15.7,23.4,0,23.5,15.6,normal
2025-05-19T16:00:00,Central_Fulfillment,13.8,19.3,0,23.8,16.6,normal
2025-05-19T17:00:00,Central_Fulfillment,16.8,19.9,0,22.3,13.3,normal
2025-05-19T18:00:00,Central_Fulfillment,11.6,19.6,0,19.6,15.6,normal
2025-05-19T19:00:00,Central_Fulfillment,15.1,19.0,0,17.8,16.2,normal
2025-05-19T20:00:00,Central_Fulfillment,16.6,24.2,0,15.8,16.3,normal
2025-05-19T21:00:00,Central_Fulfillment,15.3,21.1,0,14.4,17.9,normal
2025-05-19T22:00:00,Central_Fulfillment,15.1,22.6,0,13.1,15.9,normal
2025-05-19T23:00:00,Central_Fulfillment,10.5,18.3,0,12.4,15.5,normal
2025-05-19T00:00:00,Eastside_Fulfillment,8.4,15.2,0,11.6,14.3,normal
2025-05-19T01:00:00,Eastside_Fulfillment,5.0,10.6,0,12.2,15.6,normal
2025-05-19T02:00:00,Eastside_Fulfillment,7.0,9.4,0,11.6,17.5,normal
2025-05-19T03:00:00,Eastside_Fulfillment,5.7,11.8,0,11.1,17.2,normal
2025-05-19T04:00:00,Eastside_Fulfillment,5.1,7.9,0,13.1,14.9,normal
2025-05-19T05:00:00,Eastside_Fulfillment,5.8,8.3,0,13.2,15.7,normal
2025-05-19T06:00:00,Eastside_Fulfillment,3.8,10.3,0,15.8,14.7,normal
2025-05-19T07:00:00,Eastside_Fulfillment,4.9,13.8,0,18.0,16.1,normal
2025-05-19T08:00:00,Eastside_Fulfillment,10.4,17.9,0,21.3,17.1,normal
2025-05-19T09:00:00,Eastside_Fulfillment,10.7,16.8,0,21.1,15.0,normal
2025-05-19T10:00:00,Eastside_Fulfillment,7.6,11.5,0,23.5,15.5,normal
2025-05-19T11:00:00,Eastside_Fulfillment,9.9,16.9,0,23.5,16.7,normal
2025-05-19T12:00:00,Eastside_Fulfillment,12.9,21.6,0,24.1,16.3,normal
2025-05-19T13:00:00,Eastside_Fulfillment,11.5,17.1,0,24.2,17.4,normal
2025-05-19T14:00:00,Eastside_Fulfillment,16.1,23.2,0,25.3,16.2,normal
2025-05-19T15:00:00,Eastside_Fulfillment,13.3,18.3,0,23.7,16.1,normal
2025-05-19T16:00:00,Eastside_Fulfillment,16.7,23.6,0,24.5,18,normal
2025-05-19T17:00:00,Eastside_Fulfillment,17.5,23.5,0,21.3,16.7,normal
2025-05-19T18:00:00,Eastside_Fulfillment,11.8,20.4,0,20.1,16.9,normal
2025-05-19T19:00:00,Eastside_Fulfillment,14.9,21.6,0,18.1,16.0,normal
2025-05-19T20:00:00,Eastside_Fulfillment,17.3,23.1,0,15.5,14.9,normal
2025-05-19T21:00:00,Eastside_Fulfillment,13.2,20.2,0,14.2,15.1,normal
2025-05-19T22:00:00,Eastside_Fulfillment,9.4,17.4,0,13.0,16.4,normal
2025-05-19T23:00:00,Eastside_Fulfillment,11.8,17.3,0,12.3,15.4,normal
2025-05-20T00:00:00,Northside_Fulfillment,11.3,15.2,0,11.7,17.5,normal
2025-05-20T01:00:00,Northside_Fulfillment,11.1,18.2,0,10.9,16.2,normal
2025-05-20T02:00:00,Northside_Fulfillment,7.0,11.0,0,11.8,16.2,normal
2025-05-20T03:00:00,Northside_Fulfillment,8.7,13.0,0,12.9,14.9,normal
2025-05-20T04:00:00,Northside_Fulfillment,8.0,13.1,0,14.7,17.4,normal
2025-05-20T05:00:00,Northside_Fulfillment,5.0,7.1,0,15.2,16.2,normal
2025-05-20T06:00:00,Northside_Fulfillment,9.2,16.8,0,15.0,14.9,normal
2025-05-20T07:00:00,Northside_Fulfillment,8.8,12.0,0,18.3,15.3,normal
2025-05-20T08:00:00,Northside_Fulfillment,6.3,12.0,0,19.8,16.1,normal
2025-05-20T09:00:00,Northside_Fulfillment,11.9,20.3,0,21.3,16.0,normal
2025-05-20T10:00:00,Northside_Fulfillment,7.0,13.1,0,23.0,16.3,normal
2025-05-20T11:00:00,Northside_Fulfillment,10.5,12.7,0,23.9,16.2,normal
2025-05-20T12:00:00,Northside_Fulfillment,8.4,13.1,0,24.3,15.6,normal
2025-05-20T13:00:00,Northside_Fulfillment,13.8,18.3,0,25.4,15.9,normal
2025-05-20T14:00:00,Northside_Fulfillment,16.1,24.9,0,24.3,14.8,normal
2025-05-20T15:00:00,Northside_Fulfillment,15.7,18.9,0,23.2,15.3,normal
2025-05-20T16:00:00,Northside_Fulfillment,12.9,21.0,0,20.7,15.2,normal
2025-05-20T17:00:00,Northside_Fulfillment,17.3,24.6,0,21.8,16.3,normal
2025-05-20T18:00:00,Northside_Fulfillment,14.6,17.3,0,21.6,14.2,normal
2025-05-20T19:00:00,Northside_Fulfillment,13.5,19.5,0,17.9,14.9,normal
2025-05-20T20:00:00,Northside_Fulfillment,13.9,16.2,0,17.1,15.6,normal
2025-05-20T21:00:00,Northside_Fulfillment,14.0,22.3,0,13.3,17.0,normal
2025-05-20T22:00:00,Northside_Fulfillment,14.1,20.5,0,13.9,14.2,normal
2025-05-20T23:00:00,Northside_Fulfillment,11.8,20.8,0,10.4,16.0,normal
2025-05-20T00:00:00,Central_Fulfillment,11.7,17.5,0,11.1,16.8,normal
2025-05-20T01:00:00,Central_Fulfillment,9.2,17.4,0,12.4,14.9,normal
2025-05-20T02:00:00,Central_Fulfillment,6.6,11.0,0,11.9,18,normal
2025-05-20T03:00:00,Central_Fulfillment,6.5,10.6,0,11.2,15.8,normal
2025-05-20T04:00:00,Central_Fulfillment,5.3,9.8,0,12.8,16.1,normal
2025-05-20T05:00:00,Central_Fulfillment,7.7,15.7,0,14.8,16.3,normal
2025-05-20T06:00:00,Central_Fulfillment,3.1,8.3,0,16.3,16.3,normal
2025-05-20T07:00:00,Central_Fulfillment,8.5,16.5,0,17.7,16.0,normal
2025-05-20T08:00:00,Central_Fulfillment,6.0,13.4,0,20.2,15.8,normal
2025-05-20T09:00:00,Central_Fulfillment,9.9,13.2,0,20.5,14.3,normal
2025-05-20T10:00:00,Central_Fulfillment,7.5,12.3,0,22.6,14.8,normal
2025-05-20T11:00:00,Central_Fulfillment,11.9,16.0,0,23.6,16.4,normal
2025-05-20T12:00:00,Central_Fulfillment,14.2,19.7,0,23.5,17.1,normal
2025-05-20T13:00:00,Central_Fulfillment,12.6,20.2,0,25.6,15.1,normal
2025-05-20T14:00:00,Central_Fulfillment,12.4,19.4,0,24.2,15.1,normal
2025-05-20T15:00:00,Central_Fulfillment,13.3,16.7,0,23.6,16.8,normal
2025-05-20T16:00:00,Central_Fulfillment,14.2,21.4,0,22.5,14.3,normal
2025-05-20T17:00:00,Central_Fulfillment,14.6,22.1,0,21.2,17.5,normal
2025-05-20T18:00:00,Central_Fulfillment,16.9,21.2,0,20.3,16.1,normal
2025-05-20T19:00:00,Central_Fulfillment,17.6,24.4,0,18.5,15.8,normal
2025-05-20T20:00:00,Central_Fulfillment,16.8,20.9,0,15.4,15.4,normal
2025-05-20T21:00:00,Central_Fulfillment,14.1,21.0,0,13.8,15.8,normal
2025-05-20T22:00:00,Central_Fulfillment,14.2,22.3,0,14.2,16.1,normal
2025-05-20T23:00:00,Central_Fulfillment,10.9,19.8,0,12.3,15.2,normal
2025-05-20T00:00:00,Eastside_Fulfillment,9.6,17.3,0,12.0,17.0,normal
2025-05-20T01:00:00,Eastside_Fulfillment,8.3,16.5,0,10.7,16.9,normal
2025-05-20T02:00:00,Eastside_Fulfillment,7.1,13.2,0,11.6,17.3,normal
2025-05-20T03:00:00,Eastside_Fulfillment,5.7,10.7,0,12.1,18,normal
2025-05-20T04:00:00,Eastside_Fulfillment,8.7,15.5,0,14.0,16.3,normal
2025-05-20T05:00:00,Eastside_Fulfillment,9.4,16.3,0,14.4,15.8,normal
2025-05-20T06:00:00,Eastside_Fulfillment,4.2,11.3,0,16.0,15.6,normal
2025-05-20T07:00:00,Eastside_Fulfillment,10.1,15.2,0,18.1,15.1,normal
2025-05-20T08:00:00,Eastside_Fulfillment,13.1,21.1,0,20.4,16.1,normal
2025-05-20T09:00:00,Eastside_Fulfillment,8.5,12.3,0,22.4,17.6,normal
2025-05-20T10:00:00,Eastside_Fulfillment,11.6,17.1,0,24.6,16.9,normal
2025-05-20T11:00:00,Eastside_Fulfillment,10.7,13.3,0,25.1,15.2,normal
2025-05-20T12:00:00,Eastside_Fulfillment,11.0,16.0,0,25.1,16.9,normal
2025-05-20T13:00:00,Eastside_Fulfillment,12.4,15.3,0,25.7,15.7,normal
2025-05-20T14:00:00,Eastside_Fulfillment,17.6,22.8,0,25.0,15.6,normal
2025-05-20T15:00:00,Eastside_Fulfillment,14.4,22.6,0,23.7,15.4,normal
2025-05-20T16:00:00,Eastside_Fulfillment,12.7,20.5,0,22.1,15.4,normal
2025-05-20T17:00:00,Eastside_Fulfillment,18.2,26.5,0,22.2,16.8,normal
2025-05-20T18:00:00,Eastside_Fulfillment,14.0,20.9,0,19.6,17.3,normal
2025-05-20T19:00:00,Eastside_Fulfillment,14.9,17.8,0,17.5,14.9,normal
2025-05-20T20:00:00,Eastside_Fulfillment,14.2,19.6,0,17.0,15.5,normal
2025-05-20T21:00:00,Eastside_Fulfillment,14.0,18.2,0,13.5,15.6,normal
2025-05-20T22:00:00,Eastside_Fulfillment,12.0,19.6,0,13.0,16.6,normal
2025-05-20T23:00:00,Eastside_Fulfillment,11.1,15.4,0,11.9,17.0,normal
2025-05-21T00:00:00,Northside_Fulfillment,10.4,17.4,0,11.3,17.2,normal
2025-05-21T01:00:00,Northside_Fulfillment,7.8,11.9,0,10.5,15.8,normal
2025-05-21T02:00:00,Northside_Fulfillment,10.5,18.3,0,12.8,15.2,normal
2025-05-21T03:00:00,Northside_Fulfillment,7.7,12.6,0,9.6,17.3,normal
2025-05-21T04:00:00,Northside_Fulfillment,6.8,9.8,0,14.6,17.5,normal
2025-05-21T05:00:00,Northside_Fulfillment,6.7,13.1,0,13.4,15.5,normal
2025-05-21T06:00:00,Northside_Fulfillment,5.7,10.1,0,16.6,16.0,normal
2025-05-21T07:00:00,Northside_Fulfillment,8.1,15.3,0,18.4,15.5,normal
2025-05-21T08:00:00,Northside_Fulfillment,9.2,17.2,0,18.7,15.7,normal
2025-05-21T09:00:00,Northside_Fulfillment,14.9,21.3,0,22.6,17.1,normal
2025-05-21T10:00:00,Northside_Fulfillment,11.4,14.5,0,23.5,17.0,normal
2025-05-21T11:00:00,Northside_Fulfillment,12.2,20.9,0,24.5,15.8,normal
2025-05-21T12:00:00,Northside_Fulfillment,11.8,18.9,0,25.0,16.8,normal
2025-05-21T13:00:00,Northside_Fulfillment,17.6,23.1,0,26.0,16.1,normal
2025-05-21T14:00:00,Northside_Fulfillment,14.5,21.6,0,25.1,16.9,normal
2025-05-21T15:00:00,Northside_Fulfillment,12.3,18.1,0,24.6,16.3,normal
2025-05-21T16:00:00,Northside_Fulfillment,12.4,17.0,0,21.9,17.3,normal
2025-05-21T17:00:00,Northside_Fulfillment,19.5,26.7,0,21.9,16.3,normal
2025-05-21T18:00:00,Northside_Fulfillment,14.6,21.5,0,21.2,15.4,normal
2025-05-21T19:00:00,Northside_Fulfillment,18.5,21.9,0,17.2,15.7,normal
2025-05-21T20:00:00,Northside_Fulfillment,13.0,19.2,0,16.6,16.5,normal
2025-05-21T21:00:00,Northside_Fulfillment,14.2,23.2,0,14.5,16.2,normal
2025-05-21T22:00:00,Northside_Fulfillment,10.8,19.4,0,12.9,16.6,normal
2025-05-21T23:00:00,Northside_Fulfillment,9.4,18.0,0,12.7,13.9,normal
2025-05-21T00:00:00,Central_Fulfillment,11.0,16.1,0,10.2,17.7,normal
2025-05-21T01:00:00,Central_Fulfillment,8.9,15.7,0,10.6,16.7,normal
2025-05-21T02:00:00,Central_Fulfillment,9.4,11.6,0,10.2,17.2,normal
2025-05-21T03:00:00,Central_Fulfillment,9.5,14.7,0,11.7,16.9,normal
2025-05-21T04:00:00,Central_Fulfillment,10.0,16.6,0,13.2,17.3,normal
2025-05-21T05:00:00,Central_Fulfillment,9.0,14.7,0,14.8,15.1,normal
2025-05-21T06:00:00,Central_Fulfillment,10.3,17.6,0,16.0,17.1,normal
2025-05-21T07:00:00,Central_Fulfillment,5.0,13.2,0,17.9,16.8,normal
2025-05-21T08:00:00,Central_Fulfillment,9.1,11.7,0,19.8,16.5,normal
2025-05-21T09:00:00,Central_Fulfillment,7.9,11.0,0,22.4,14.6,normal
2025-05-21T10:00:00,Central_Fulfillment,10.1,15.9,0,24.5,18,normal
2025-05-21T11:00:00,Central_Fulfillment,10.6,19.1,0,23.7,17.2,normal
2025-05-21T12:00:00,Central_Fulfillment,10.0,12.3,0,24.3,16.0,normal
2025-05-21T13:00:00,Central_Fulfillment,11.8,19.6,0,25.1,15.7,normal
2025-05-21T14:00:00,Central_Fulfillment,13.0,20.9,0,23.7,16.2,normal
2025-05-21T15:00:00,Central_Fulfillment,13.9,22.0,0,23.8,15.2,normal
2025-05-21T16:00:00,Central_Fulfillment,15.2,19.8,0,22.3,15.5,normal
2025-05-21T17:00:00,Central_Fulfillment,15.4,20.1,0,22.3,17.3,normal
2025-05-21T18:00:00,Central_Fulfillment,14.4,22.4,0,20.2,14.8,normal
2025-05-21T19:00:00,Central_Fulfillment,13.7,18.0,0,17.8,15.0,normal
2025-05-21T20:00:00,Central_Fulfillment,17.2,24.3,0,16.9,15.1,normal
2025-05-21T21:00:00,Central_Fulfillment,12.3,19.0,0,15.3,16.6,normal
2025-05-21T22:00:00,Central_Fulfillment,7.7,10.1,0,12.7,17.1,normal
2025-05-21T23:00:00,Central_Fulfillment,9.9,14.9,0,11.4,15.6,normal
2025-05-21T00:00:00,Eastside_Fulfillment,11.3,14.8,0,11.3,14.3,normal
2025-05-21T01:00:00,Eastside_Fulfillment,10.0,16.0,0,10.4,16.3,normal
2025-05-21T02:00:00,Eastside_Fulfillment,6.3,11.0,0,10.9,17.1,normal
2025-05-21T03:00:00,Eastside_Fulfillment,7.8,11.7,0,11.6,15.5,normal
2025-05-21T04:00:00,Eastside_Fulfillment,7.0,10.7,0,15.0,15.2,normal
2025-05-21T05:00:00,Eastside_Fulfillment,11.7,19.3,0,15.0,17.1,normal
2025-05-21T06:00:00,Eastside_Fulfillment,7.6,11.3,0,16.3,17.8,normal
2025-05-21T07:00:00,Eastside_Fulfillment,7.9,11.6,0,17.8,15.0,normal
2025-05-21T08:00:00,Eastside_Fulfillment,8.2,10.4,0,20.4,15.1,normal
2025-05-21T09:00:00,Eastside_Fulfillment,10.3,14.5,0,22.1,16.1,normal
2025-05-21T10:00:00,Eastside_Fulfillment,8.5,11.9,0,23.6,16.3,normal
2025-05-21T11:00:00,Eastside_Fulfillment,10.4,18.3,0,25.2,15.6,normal
2025-05-21T12:00:00,Eastside_Fulfillment,11.9,18.9,0,25.7,16.4,normal
2025-05-21T13:00:00,Eastside_Fulfillment,12.1,15.3,0,25.0,15.6,normal
2025-05-21T14:00:00,Eastside_Fulfillment,16.0,24.8,0,25.5,14.9,normal
2025-05-21T15:00:00,Eastside_Fulfillment,15.3,18.1,0,23.1,16.6,normal
2025-05-21T16:00:00,Eastside_Fulfillment,13.4,19.5,0,22.8,16.9,normal
2025-05-21T17:00:00,Eastside_Fulfillment,15.4,18.7,0,20.9,17.7,normal
2025-05-21T18:00:00,Eastside_Fulfillment,15.2,19.0,0,19.7,16.6,normal
2025-05-21T19:00:00,Eastside_Fulfillment,14.6,20.1,0,17.3,16.1,normal
2025-05-21T20:00:00,Eastside_Fulfillment,12.4,19.6,0,15.4,18.0,normal
2025-05-21T21:00:00,Eastside_Fulfillment,12.6,20.1,0,14.6,15.8,normal
2025-05-21T22:00:00,Eastside_Fulfillment,11.8,16.8,0,12.9,16.4,normal
2025-05-21T23:00:00,Eastside_Fulfillment,6.9,9.4,0,11.6,15.8,normal
2025-05-22T00:00:00,Northside_Fulfillment,8.7,15.7,0,11.0,14.5,normal
2025-05-22T01:00:00,Northside_Fulfillment,13.5,16.1,0,12.6,15.4,normal
2025-05-22T02:00:00,Northside_Fulfillment,9.0,15.5,0,10.8,15.1,normal
2025-05-22T03:00:00,Northside_Fulfillment,8.0,10.2,0,12.3,16.2,normal
2025-05-22T04:00:00,Northside_Fulfillment,8.6,11.6,0,12.3,15.0,normal
2025-05-22T05:00:00,Northside_Fulfillment,6.5,14.5,0,15.7,16.2,normal
2025-05-22T06:00:00,Northside_Fulfillment,6.9,9.6,0,16.4,16.5,normal
2025-05-22T07:00:00,Northside_Fulfillment,8.0,11.9,0,17.8,16.0,normal
2025-05-22T08:00:00,Northside_Fulfillment,11.6,19.6,0,20.1,15.9,normal
2025-05-22T09:00:00,Northside_Fulfillment,9.9,13.4,0,22.6,15.2,normal
2025-05-22T10:00:00,Northside_Fulfillment,9.5,17.5,0,23.1,15.6,normal
2025-05-22T11:00:00,Northside_Fulfillment,13.8,19.9,0,22.2,16.2,normal
2025-05-22T12:00:00,Northside_Fulfillment,13.4,18.2,0,24.6,16.0,normal
2025-05-22T13:00:00,Northside_Fulfillment,13.1,15.7,0,25.6,16.3,normal
2025-05-22T14:00:00,Northside_Fulfillment,15.6,22.7,0,27.1,16.3,normal
2025-05-22T15:00:00,Northside_Fulfillment,16.4,20.3,0,24.6,15.4,normal
2025-05-22T16:00:00,Northside_Fulfillment,11.3,16.0,0,22.8,15.3,normal
2025-05-22T17:00:00,Northside_Fulfillment,13.8,20.9,0,21.0,14.2,normal
2025-05-22T18:00:00,Northside_Fulfillment,12.6,20.9,0,18.5,15.7,normal
2025-05-22T19:00:00,Northside_Fulfillment,14.9,18.1,0,16.2,15.8,normal
2025-05-22T20:00:00,Northside_Fulfillment,13.3,15.4,0,16.1,15.4,normal
2025-05-22T21:00:00,Northside_Fulfillment,12.8,15.3,0,14.3,15.4,normal
2025-05-22T22:00:00,Northside_Fulfillment,13.4,22.3,0,12.7,14.6,normal
2025-05-22T23:00:00,Northside_Fulfillment,11.5,17.0,0,11.5,16.5,normal
2025-05-22T00:00:00,Central_Fulfillment,9.9,12.8,0,10.6,16.7,normal
2025-05-22T01:00:00,Central_Fulfillment,9.1,13.0,0,11.2,15.9,normal
2025-05-22T02:00:00,Central_Fulfillment,9.9,16.2,0,11.1,15.5,normal
2025-05-22T03:00:00,Central_Fulfillment,9.7,18.3,0,12.1,16.2,normal
2025-05-22T04:00:00,Central_Fulfillment,8.7,12.7,0,13.3,14.5,normal
2025-05-22T05:00:00,Central_Fulfillment,4.9,7.1,0,13.4,14.3,normal
2025-05-22T06:00:00,Central_Fulfillment,6.0,9.7,0,16.3,16.4,normal
2025-05-22T07:00:00,Central_Fulfillment,5.6,8.2,0,18.5,16.6,normal
2025-05-22T08:00:00,Central_Fulfillment,10.8,14.1,0,20.0,16.3,normal
2025-05-22T09:00:00,Central_Fulfillment,12.1,20.9,0,20.8,16.3,normal
2025-05-22T10:00:00,Central_Fulfillment,10.9,15.2,0,23.5,16.9,normal
2025-05-22T11:00:00,Central_Fulfillment,10.6,14.3,0,23.6,15.5,normal
2025-05-22T12:00:00,Central_Fulfillment,9.4,14.9,0,24.9,17.0,normal
2025-05-22T13:00:00,Central_Fulfillment,12.8,17.1,0,23.8,15.9,normal
2025-05-22T14:00:00,Central_Fulfillment,13.0,19.3,0,26.0,15.0,normal
2025-05-22T15:00:00,Central_Fulfillment,14.9,22.8,0,25.4,15.1,normal
2025-05-22T16:00:00,Central_Fulfillment,14.7,16.8,0,22.4,16.0,normal
2025-05-22T17:00:00,Central_Fulfillment,11.9,17.2,0,21.9,16.5,normal
2025-05-22T18:00:00,Central_Fulfillment,18.9,23.7,0,21.1,15.1,normal
2025-05-22T19:00:00,Central_Fulfillment,11.9,16.9,0,18.3,17.8,normal
2025-05-22T20:00:00,Central_Fulfillment,14.2,16.8,0,16.4,14.8,normal
2025-05-22T21:00:00,Central_Fulfillment,16.4,23.9,0,16.2,16.4,normal
2025-05-22T22:00:00,Central_Fulfillment,9.4,11.5,0,14.3,16.0,normal
2025-05-22T23:00:00,Central_Fulfillment,9.4,17.2,0,12.1,17.3,normal
2025-05-22T00:00:00,Eastside_Fulfillment,12.2,15.1,0,11.6,16.6,normal
2025-05-22T01:00:00,Eastside_Fulfillment,12.8,20.6,0,12.1,16.9,normal
2025-05-22T02:00:00,Eastside_Fulfillment,6.9,12.3,0,11.9,15.9,normal
2025-05-22T03:00:00,Eastside_Fulfillment,5.3,10.5,0,12.8,14.9,normal
2025-05-22T04:00:00,Eastside_Fulfillment,4.1,11.0,0,13.7,16.7,normal
2025-05-22T05:00:00,Eastside_Fulfillment,7.2,10.1,0,14.9,17.3,normal
2025-05-22T06:00:00,Eastside_Fulfillment,7.5,11.8,0,15.5,16.3,normal
2025-05-22T07:00:00,Eastside_Fulfillment,8.0,16.6,0,18.3,14.7,normal
2025-05-22T08:00:00,Eastside_Fulfillment,8.3,10.4,0,19.7,16.4,normal
2025-05-22T09:00:00,Eastside_Fulfillment,8.0,13.1,0,20.1,16.0,normal
2025-05-22T10:00:00,Eastside_Fulfillment,9.8,17.8,0,21.1,17.7,normal
2025-05-22T11:00:00,Eastside_Fulfillment,7.5,15.9,0,23.6,17.7,normal
2025-05-22T12:00:00,Eastside_Fulfillment,11.6,13.6,0,27.0,14.9,normal
2025-05-22T13:00:00,Eastside_Fulfillment,12.8,17.9,0,24.2,16.7,normal
2025-05-22T14:00:00,Eastside_Fulfillment,15.3,18.4,0,25.3,16.4,normal
2025-05-22T15:00:00,Eastside_Fulfillment,13.7,18.6,0,24.2,16.7,normal
2025-05-22T16:00:00,Eastside_Fulfillment,15.8,21.6,0,22.9,15.9,normal
2025-05-22T17:00:00,Eastside_Fulfillment,14.1,18.7,0,22.0,16.0,normal
2025-05-22T18:00:00,Eastside_Fulfillment,19.2,21.9,0,21.3,17.1,normal
2025-05-22T19:00:00,Eastside_Fulfillment,16.1,22.7,0,18.3,16.6,normal
2025-05-22T20:00:00,Eastside_Fulfillment,16.3,20.8,0,18.6,14.5,normal
2025-05-22T21:00:00,Eastside_Fulfillment,14.8,20.7,0,12.9,17.2,normal
2025-05-22T22:00:00,Eastside_Fulfillment,12.4,19.5,0,13.6,17.0,normal
2025-05-22T23:00:00,Eastside_Fulfillment,13.6,17.3,0,10.8,14.2,normal
2025-05-23T00:00:00,Northside_Fulfillment,10.3,14.0,0,10.4,16.3,normal
2025-05-23T01:00:00,Northside_Fulfillment,6.6,14.8,0,10.8,15.5,normal
2025-05-23T02:00:00,Northside_Fulfillment,12.3,19.3,0,12.3,14.6,normal
2025-05-23T03:00:00,Northside_Fulfillment,9.5,11.9,0,10.5,17.8,normal
2025-05-23T04:00:00,Northside_Fulfillment,6.7,9.4,0,14.8,16.5,normal
2025-05-23T05:00:00,Northside_Fulfillment,6.3,8.7,0,13.0,13.3,normal
2025-05-23T06:00:00,Northside_Fulfillment,8.7,12.8,0,14.9,14.9,normal
2025-05-23T07:00:00,Northside_Fulfillment,6.0,8.3,0,16.9,15.6,normal
2025-05-23T08:00:00,Northside_Fulfillment,5.9,9.5,0,19.4,16.9,normal
2025-05-23T09:00:00,Northside_Fulfillment,9.3,17.2,0,21.4,15.7,normal
2025-05-23T10:00:00,Northside_Fulfillment,10.5,19.4,0,22.7,16.4,normal
2025-05-23T11:00:00,Northside_Fulfillment,11.2,20.0,0,24.1,15.0,normal
2025-05-23T12:00:00,Northside_Fulfillment,11.3,15.6,0,25.3,15.5,normal
2025-05-23T13:00:00,Northside_Fulfillment,15.3,21.1,0,26.9,15.8,normal
2025-05-23T14:00:00,Northside_Fulfillment,11.6,15.0,0,24.6,16.1,normal
2025-05-23T15:00:00,Northside_Fulfillment,14.6,18.7,0,23.9,16.2,normal
2025-05-23T16:00:00,Northside_Fulfillment,16.9,21.5,0,23.3,14.7,normal
2025-05-23T17:00:00,Northside_Fulfillment,14.6,21.3,0,20.8,14.8,normal
2025-05-23T18:00:00,Northside_Fulfillment,16.7,24.5,0,19.1,14.8,normal
2025-05-23T19:00:00,Northside_Fulfillment,13.5,21.8,0,18.0,16.0,normal
2025-05-23T20:00:00,Northside_Fulfillment,14.1,19.8,0,16.2,16.5,normal
2025-05-23T21:00:00,Northside_Fulfillment,13.2,21.3,0,14.6,15.9,normal
2025-05-23T22:00:00,Northside_Fulfillment,14.1,18.6,0,12.9,17.0,normal
2025-05-23T23:00:00,Northside_Fulfillment,11.4,20.1,0,11.4,16.5,normal
2025-05-23T00:00:00,Central_Fulfillment,10.9,15.4,0,10.0,16.1,normal
2025-05-23T01:00:00,Central_Fulfillment,6.7,11.5,0,12.2,15.7,normal
2025-05-23T02:00:00,Central_Fulfillment,7.4,11.1,0,10.8,15.3,normal
2025-05-23T03:00:00,Central_Fulfillment,9.8,15.1,0,11.7,15.2,normal
2025-05-23T04:00:00,Central_Fulfillment,7.2,11.0,0,12.5,15.2,normal
2025-05-23T05:00:00,Central_Fulfillment,5.0,10.7,0,13.6,15.1,normal
2025-05-23T06:00:00,Central_Fulfillment,6.9,13.7,0,16.4,14.9,normal
2025-05-23T07:00:00,Central_Fulfillment,6.2,14.1,0,17.9,15.6,normal
2025-05-23T08:00:00,Central_Fulfillment,6.3,8.7,0,20.3,15.5,normal
2025-05-23T09:00:00,Central_Fulfillment,9.3,16.0,0,23.0,15.9,normal
2025-05-23T10:00:00,Central_Fulfillment,8.7,16.4,0,23.6,14.2,normal
2025-05-23T11:00:00,Central_Fulfillment,11.6,17.3,0,24.4,16.7,normal
2025-05-23T12:00:00,Central_Fulfillment,13.2,17.0,0,24.7,15.8,normal
2025-05-23T13:00:00,Central_Fulfillment,15.6,21.5,0,24.5,16.3,normal
2025-05-23T14:00:00,Central_Fulfillment,11.2,17.7,0,25.1,15.9,normal
2025-05-23T15:00:00,Central_Fulfillment,15.5,22.6,0,23.0,15.1,normal
2025-05-23T16:00:00,Central_Fulfillment,15.5,18.1,0,23.6,17.4,normal
2025-05-23T17:00:00,Central_Fulfillment,13.3,20.7,0,21.3,15.5,normal
2025-05-23T18:00:00,Central_Fulfillment,18.0,22.7,0,19.9,16.3,normal
2025-05-23T19:00:00,Central_Fulfillment,16.3,19.9,0,19.6,16.9,normal
2025-05-23T20:00:00,Central_Fulfillment,16.3,23.3,0,15.5,16.4,normal
2025-05-23T21:00:00,Central_Fulfillment,12.6,21.2,0,13.5,15.2,normal
2025-05-23T22:00:00,Central_Fulfillment,14.2,20.1,0,13.0,16.2,normal
2025-05-23T23:00:00,Central_Fulfillment,8.5,17.5,0,13.0,15.7,normal
2025-05-23T00:00:00,Eastside_Fulfillment,10.1,17.6,0,11.4,17.1,normal
2025-05-23T01:00:00,Eastside_Fulfillment,7.8,14.3,0,11.2,14.7,normal
2025-05-23T02:00:00,Eastside_Fulfillment,7.0,13.7,0,12.2,15.3,normal
2025-05-23T03:00:00,Eastside_Fulfillment,8.6,16.9,0,12.4,14.8,normal
2025-05-23T04:00:00,Eastside_Fulfillment,7.4,9.9,0,11.6,17.5,normal
2025-05-23T05:00:00,Eastside_Fulfillment,2.3,6.2,0,13.5,15.2,normal
2025-05-23T06:00:00,Eastside_Fulfillment,4.5,9.7,0,17.0,16.0,normal
2025-05-23T07:00:00,Eastside_Fulfillment,11.5,20.4,0,17.6,14.9,normal
2025-05-23T08:00:00,Eastside_Fulfillment,8.0,15.7,0,19.2,17.0,normal
2025-05-23T09:00:00,Eastside_Fulfillment,8.4,15.2,0,20.8,14.3,normal
2025-05-23T10:00:00,Eastside_Fulfillment,9.5,16.0,0,24.3,15.9,normal
2025-05-23T11:00:00,Eastside_Fulfillment,9.2,11.3,0,24.5,13.9,normal
2025-05-23T12:00:00,Eastside_Fulfillment,14.1,16.9,0,24.3,16.5,normal
2025-05-23T13:00:00,Eastside_Fulfillment,13.3,17.9,0,24.9,16.1,normal
2025-05-23T14:00:00,Eastside_Fulfillment,14.1,17.9,0,24.6,13.2,normal
2025-05-23T15:00:00,Eastside_Fulfillment,15.5,19.6,0,24.7,16.1,normal
2025-05-23T16:00:00,Eastside_Fulfillment,14.3,17.7,0,23.9,17.4,normal
2025-05-23T17:00:00,Eastside_Fulfillment,13.8,16.3,0,20.3,15.5,normal
2025-05-23T18:00:00,Eastside_Fulfillment,12.3,18.2,0,19.6,15.5,normal
2025-05-23T19:00:00,Eastside_Fulfillment,13.8,17.1,0,18.7,16.4,normal
2025-05-23T20:00:00,Eastside_Fulfillment,12.7,17.7,0,17.2,17.6,normal
2025-05-23T21:00:00,Eastside_Fulfillment,12.5,14.8,0,13.3,15.1,normal
2025-05-23T22:00:00,Eastside_Fulfillment,12.7,16.4,0,13.5,16.0,normal
2025-05-23T23:00:00,Eastside_Fulfillment,10.0,18.6,0,12.6,14.6,normal
2025-05-24T00:00:00,Northside_Fulfillment,9.5,16.4,0,9.7,16.5,normal
2025-05-24T01:00:00,Northside_Fulfillment,7.1,15.7,0,12.3,16.7,normal
2025-05-24T02:00:00,Northside_Fulfillment,9.4,15.5,0,10.7,17.0,normal
2025-05-24T03:00:00,Northside_Fulfillment,10.4,18.2,0,11.6,14.9,normal
2025-05-24T04:00:00,Northside_Fulfillment,8.6,12.1,0,13.2,15.9,normal
2025-05-24T05:00:00,Northside_Fulfillment,7.6,15.8,0,13.7,14.6,normal
2025-05-24T06:00:00,Northside_Fulfillment,10.2,18.1,0,18.4,17.1,normal
2025-05-24T07:00:00,Northside_Fulfillment,10.1,12.2,0,18.9,13.7,normal
2025-05-24T08:00:00,Northside_Fulfillment,8.8,15.4,0,20.4,14.7,normal
2025-05-24T09:00:00,Northside_Fulfillment,11.1,17.6,0,21.7,16.1,normal
2025-05-24T10:00:00,Northside_Fulfillment,10.1,15.6,0,21.9,16.3,normal
2025-05-24T11:00:00,Northside_Fulfillment,13.0,21.1,0,23.1,15.1,normal
2025-05-24T12:00:00,Northside_Fulfillment,7.7,16.3,0,25.3,16.2,normal
2025-05-24T13:00:00,Northside_Fulfillment,14.4,23.4,0,24.5,15.5,normal
2025-05-24T14:00:00,Northside_Fulfillment,18.3,21.0,0,24.9,16.5,normal
2025-05-24T15:00:00,Northside_Fulfillment,15.4,22.6,0,23.7,14.8,normal
2025-05-24T16:00:00,Northside_Fulfillment,15.5,23.4,0,22.7,14.2,normal
2025-05-24T17:00:00,Northside_Fulfillment,18.4,20.6,0,21.8,16.3,normal
2025-05-24T18:00:00,Northside_Fulfillment,15.6,22.1,0,19.1,15.6,normal
2025-05-24T19:00:00,Northside_Fulfillment,13.5,19.1,0,18.4,15.3,normal
2025-05-24T20:00:00,Northside_Fulfillment,13.8,20.1,0,16.0,18,normal
2025-05-24T21:00:00,Northside_Fulfillment,11.5,15.9,0,15.2,16.0,normal
2025-05-24T22:00:00,Northside_Fulfillment,10.7,15.4,0,12.6,17.3,normal
2025-05-24T23:00:00,Northside_Fulfillment,11.6,16.0,0,11.0,16.0,normal
2025-05-24T00:00:00,Central_Fulfillment,6.6,8.9,0,10.5,15.6,normal
2025-05-24T01:00:00,Central_Fulfillment,8.4,13.6,0,12.3,14.3,normal
2025-05-24T02:00:00,Central_Fulfillment,7.5,13.1,0,11.6,16.8,normal
2025-05-24T03:00:00,Central_Fulfillment,7.7,16.4,0,12.5,15.5,normal
2025-05-24T04:00:00,Central_Fulfillment,6.5,12.3,0,13.8,15.2,normal
2025-05-24T05:00:00,Central_Fulfillment,6.3,9.5,0,13.8,17.1,normal
2025-05-24T06:00:00,Central_Fulfillment,6.7,9.8,0,16.1,16.8,normal
2025-05-24T07:00:00,Central_Fulfillment,9.4,11.7,0,18.7,15.4,normal
2025-05-24T08:00:00,Central_Fulfillment,7.9,14.2,0,19.8,16.7,normal
2025-05-24T09:00:00,Central_Fulfillment,7.5,11.0,0,21.4,16.0,normal
2025-05-24T10:00:00,Central_Fulfillment,9.3,16.2,0,23.3,15.4,normal
2025-05-24T11:00:00,Central_Fulfillment,10.7,18.0,0,24.1,16.2,normal
2025-05-24T12:00:00,Central_Fulfillment,13.1,20.5,0,23.8,17.0,normal
2025-05-24T13:00:00,Central_Fulfillment,12.1,14.6,0,24.6,15.3,normal
2025-05-24T14:00:00,Central_Fulfillment,14.3,22.6,0,25.2,17.1,normal
2025-05-24T15:00:00,Central_Fulfillment,16.9,25.3,0,24.7,16.3,normal
2025-05-24T16:00:00,Central_Fulfillment,12.5,18.8,0,23.8,14.3,normal
2025-05-24T17:00:00,Central_Fulfillment,14.8,23.2,0,21.5,16.0,normal
2025-05-24T18:00:00,Central_Fulfillment,17.7,24.7,0,18.3,17.0,normal
2025-05-24T19:00:00,Central_Fulfillment,15.0,23.8,0,18.2,16.1,normal
2025-05-24T20:00:00,Central_Fulfillment,14.2,16.9,0,16.2,17.4,normal
2025-05-24T21:00:00,Central_Fulfillment,16.0,23.7,0,14.8,15.9,normal
2025-05-24T22:00:00,Central_Fulfillment,7.6,11.6,0,13.0,15.5,normal
2025-05-24T23:00:00,Central_Fulfillment,9.9,17.1,0,11.6,17.2,normal
2025-05-24T00:00:00,Eastside_Fulfillment,8.5,13.2,0,9.8,16.4,normal
2025-05-24T01:00:00,Eastside_Fulfillment,11.8,19.3,0,10.4,14.4,normal
2025-05-24T02:00:00,Eastside_Fulfillment,7.4,13.2,0,10.9,15.3,normal
2025-05-24T03:00:00,Eastside_Fulfillment,8.2,11.7,0,10.4,14.5,normal
2025-05-24T04:00:00,Eastside_Fulfillment,7.4,13.4,0,14.4,15.2,normal
2025-05-24T05:00:00,Eastside_Fulfillment,10.5,13.1,0,14.2,15.0,normal
2025-05-24T06:00:00,Eastside_Fulfillment,7.4,13.3,0,17.0,15.8,normal
2025-05-24T07:00:00,Eastside_Fulfillment,7.5,15.4,0,18.6,15.4,normal
2025-05-24T08:00:00,Eastside_Fulfillment,9.1,14.7,0,19.4,17.1,normal
2025-05-24T09:00:00,Eastside_Fulfillment,11.0,13.4,0,20.9,16.3,normal
2025-05-24T10:00:00,Eastside_Fulfillment,11.7,14.3,0,24.1,17.5,normal
2025-05-24T11:00:00,Eastside_Fulfillment,8.1,10.4,0,24.9,16.6,normal
2025-05-24T12:00:00,Eastside_Fulfillment,14.3,21.2,0,24.3,14.6,normal
2025-05-24T13:00:00,Eastside_Fulfillment,10.4,13.8,0,24.6,14.7,normal
2025-05-24T14:00:00,Eastside_Fulfillment,11.4,18.3,0,25.1,16.4,normal
2025-05-24T15:00:00,Eastside_Fulfillment,14.0,18.7,0,25.5,16.9,normal
2025-05-24T16:00:00,Eastside_Fulfillment,15.2,24.1,0,22.3,15.4,normal
2025-05-24T17:00:00,Eastside_Fulfillment,17.6,21.3,0,20.9,17.9,normal
2025-05-24T18:00:00,Eastside_Fulfillment,16.0,20.8,0,20.8,17.4,normal
2025-05-24T19:00:00,Eastside_Fulfillment,16.2,20.8,0,17.0,17.6,normal
2025-05-24T20:00:00,Eastside_Fulfillment,13.0,21.0,0,15.9,15.7,normal
2025-05-24T21:00:00,Eastside_Fulfillment,15.7,21.7,0,15.1,15.4,normal
2025-05-24T22:00:00,Eastside_Fulfillment,10.6,17.1,0,12.4,16.4,normal
2025-05-24T23:00:00,Eastside_Fulfillment,11.8,14.2,0,12.0,15.4,normal
2025-05-25T00:00:00,Northside_Fulfillment,10.0,13.8,0,9.9,17.9,normal
2025-05-25T01:00:00,Northside_Fulfillment,6.9,10.3,0,9.9,16.9,normal
2025-05-25T02:00:00,Northside_Fulfillment,7.8,11.0,0,12.3,15.6,normal
2025-05-25T03:00:00,Northside_Fulfillment,8.3,15.5,0,11.5,16.2,normal
2025-05-25T04:00:00,Northside_Fulfillment,8.9,17.8,0,13.4,15.1,normal
2025-05-25T05:00:00,Northside_Fulfillment,10.8,18.0,0,15.7,14.9,normal
2025-05-25T06:00:00,Northside_Fulfillment,7.2,10.9,0,17.4,14.6,normal
2025-05-25T07:00:00,Northside_Fulfillment,8.8,15.2,0,17.4,16.7,normal
2025-05-25T08:00:00,Northside_Fulfillment,8.0,16.2,0,19.2,16.0,normal
2025-05-25T09:00:00,Northside_Fulfillment,10.7,16.3,0,21.6,15.3,normal
2025-05-25T10:00:00,Northside_Fulfillment,12.2,17.4,0,22.9,16.2,normal
2025-05-25T11:00:00,Northside_Fulfillment,13.3,17.6,0,25.4,15.0,normal
2025-05-25T12:00:00,Northside_Fulfillment,12.3,15.0,0,25.1,16.4,normal
2025-05-25T13:00:00,Northside_Fulfillment,15.4,20.6,0,24.7,16.4,normal
2025-05-25T14:00:00,Northside_Fulfillment,14.0,17.2,0,24.9,15.1,normal
2025-05-25T15:00:00,Northside_Fulfillment,14.2,20.8,0,23.5,15.4,normal
2025-05-25T16:00:00,Northside_Fulfillment,14.0,22.3,0,22.3,16.6,normal
2025-05-25T17:00:00,Northside_Fulfillment,11.2,16.7,0,20.9,17.3,normal
2025-05-25T18:00:00,Northside_Fulfillment,10.3,14.2,0,20.1,16.4,normal
2025-05-25T19:00:00,Northside_Fulfillment,14.1,21.8,0,17.5,15.5,normal
2025-05-25T20:00:00,Northside_Fulfillment,14.8,20.5,0,17.5,16.8,normal
2025-05-25T21:00:00,Northside_Fulfillment,14.3,17.7,0,15.4,16.4,normal
2025-05-25T22:00:00,Northside_Fulfillment,15.2,20.8,0,14.1,18,normal
2025-05-25T23:00:00,Northside_Fulfillment,7.7,10.9,0,12.7,15.8,normal
2025-05-25T00:00:00,Central_Fulfillment,13.4,22.2,0,9.5,17.3,normal
2025-05-25T01:00:00,Central_Fulfillment,9.7,16.1,0,10.3,15.5,normal
2025-05-25T02:00:00,Central_Fulfillment,6.2,13.0,0,11.2,14.9,normal
2025-05-25T03:00:00,Central_Fulfillment,5.0,12.0,0,9.9,17.4,normal
2025-05-25T04:00:00,Central_Fulfillment,5.9,12.7,0,13.0,16.5,normal
2025-05-25T05:00:00,Central_Fulfillment,8.1,10.9,0,15.6,13.8,normal
2025-05-25T06:00:00,Central_Fulfillment,8.0,11.2,0,15.1,14.7,normal
2025-05-25T07:00:00,Central_Fulfillment,7.5,11.7,0,17.5,16.4,normal
2025-05-25T08:00:00,Central_Fulfillment,8.6,12.3,0,19.4,14.5,normal
2025-05-25T09:00:00,Central_Fulfillment,6.1,13.6,0,20.8,16.3,normal
2025-05-25T10:00:00,Central_Fulfillment,11.0,14.8,0,24.5,14.7,normal
2025-05-25T11:00:00,Central_Fulfillment,9.4,12.8,0,24.9,16.6,normal
2025-05-25T12:00:00,Central_Fulfillment,11.8,15.4,0,24.1,15.4,normal
2025-05-25T13:00:00,Central_Fulfillment,14.1,23.1,0,25.3,16.9,normal
2025-05-25T14:00:00,Central_Fulfillment,15.9,21.6,0,25.4,16.0,normal
2025-05-25T15:00:00,Central_Fulfillment,13.9,20.6,0,25.2,15.3,normal
2025-05-25T16:00:00,Central_Fulfillment,17.3,20.1,0,23.7,14.8,normal
2025-05-25T17:00:00,Central_Fulfillment,15.8,19.4,0,19.2,12.9,normal
2025-05-25T18:00:00,Central_Fulfillment,13.0,18.5,0,19.9,16.0,normal
2025-05-25T19:00:00,Central_Fulfillment,16.0,20.7,0,17.5,16.5,normal
2025-05-25T20:00:00,Central_Fulfillment,11.9,19.7,0,16.1,15.2,normal
2025-05-25T21:00:00,Central_Fulfillment,12.3,14.4,0,13.4,16.0,normal
2025-05-25T22:00:00,Central_Fulfillment,13.2,19.4,0,14.2,14.5,normal
2025-05-25T23:00:00,Central_Fulfillment,11.2,20.1,0,11.9,16.5,normal
2025-05-25T00:00:00,Eastside_Fulfillment,7.8,11.9,0,10.8,15.7,normal
2025-05-25T01:00:00,Eastside_Fulfillment,11.7,19.9,0,10.8,15.5,normal
2025-05-25T02:00:00,Eastside_Fulfillment,9.1,14.0,0,10.4,15.0,normal
2025-05-25T03:00:00,Eastside_Fulfillment,5.8,12.1,0,11.1,15.1,normal
2025-05-25T04:00:00,Eastside_Fulfillment,4.2,10.6,0,13.2,16.8,normal
2025-05-25T05:00:00,Eastside_Fulfillment,7.6,13.2,0,13.9,16.9,normal
2025-05-25T06:00:00,Eastside_Fulfillment,6.6,12.2,0,15.1,17.1,normal
2025-05-25T07:00:00,Eastside_Fulfillment,7.9,14.8,0,17.4,17.0,normal
2025-05-25T08:00:00,Eastside_Fulfillment,6.8,15.1,0,21.2,15.4,normal
2025-05-25T09:00:00,Eastside_Fulfillment,8.6,13.0,0,22.2,15.3,normal
2025-05-25T10:00:00,Eastside_Fulfillment,8.5,14.4,0,24.0,16.0,normal
2025-05-25T11:00:00,Eastside_Fulfillment,10.4,14.5,0,22.4,15.2,normal
2025-05-25T12:00:00,Eastside_Fulfillment,13.7,21.7,0,24.0,15.3,normal
2025-05-25T13:00:00,Eastside_Fulfillment,14.7,17.0,0,24.8,15.8,normal
2025-05-25T14:00:00,Eastside_Fulfillment,12.4,17.8,0,25.1,15.3,normal
2025-05-25T15:00:00,Eastside_Fulfillment,10.9,17.8,0,24.4,16.4,normal
2025-05-25T16:00:00,Eastside_Fulfillment,16.9,24.2,0,22.8,17.3,normal
2025-05-25T17:00:00,Eastside_Fulfillment,15.0,20.3,0,20.7,16.8,normal
2025-05-25T18:00:00,Eastside_Fulfillment,19.6,25.6,0,19.6,17.2,normal
2025-05-25T19:00:00,Eastside_Fulfillment,14.3,17.2,0,17.6,14.9,normal
2025-05-25T20:00:00,Eastside_Fulfillment,16.1,20.2,0,17.3,16.5,normal
2025-05-25T21:00:00,Eastside_Fulfillment,13.1,16.5,0,14.4,18,normal
2025-05-25T22:00:00,Eastside_Fulfillment,10.9,16.3,0,13.3,16.3,normal
2025-05-25T23:00:00,Eastside_Fulfillment,12.5,17.4,0,12.7,17.3,normal
2025-05-26T00:00:00,Northside_Fulfillment,12.1,17.1,0,10.9,14.7,normal
2025-05-26T01:00:00,Northside_Fulfillment,6.4,14.6,0,10.3,16.2,normal
2025-05-26T02:00:00,Northside_Fulfillment,10.8,13.8,0,11.2,15.1,normal
2025-05-26T03:00:00,Northside_Fulfillment,9.4,17.3,0,13.4,15.8,normal
2025-05-26T04:00:00,Northside_Fulfillment,7.9,9.9,0,13.0,14.7,normal
2025-05-26T05:00:00,Northside_Fulfillment,7.0,13.9,0,13.6,14.6,normal
2025-05-26T06:00:00,Northside_Fulfillment,9.0,13.1,0,16.5,15.5,normal
2025-05-26T07:00:00,Northside_Fulfillment,2,8.6,0,18.9,14.7,normal
2025-05-26T08:00:00,Northside_Fulfillment,6.9,14.3,0,18.6,15.4,normal
2025-05-26T09:00:00,Northside_Fulfillment,6.5,13.3,0,22.0,17.8,normal
2025-05-26T10:00:00,Northside_Fulfillment,11.4,13.7,0,22.7,16.7,normal
2025-05-26T11:00:00,Northside_Fulfillment,9.0,12.9,0,23.7,15.8,normal
2025-05-26T12:00:00,Northside_Fulfillment,12.3,18.8,0,25.9,14.9,normal
2025-05-26T13:00:00,Northside_Fulfillment,11.5,18.8,0,24.9,16.0,normal
2025-05-26T14:00:00,Northside_Fulfillment,15.3,17.5,0,23.8,16.3,normal
2025-05-26T15:00:00,Northside_Fulfillment,14.3,22.7,0,22.8,13.7,normal
2025-05-26T16:00:00,Northside_Fulfillment,15.4,19.3,0,23.6,15.6,normal
2025-05-26T17:00:00,Northside_Fulfillment,19.5,22.2,0,22.4,16.4,normal
2025-05-26T18:00:00,Northside_Fulfillment,14.8,23.0,0,20.6,16.3,normal
2025-05-26T19:00:00,Northside_Fulfillment,16.0,21.2,0,18.5,16.5,normal
2025-05-26T20:00:00,Northside_Fulfillment,12.5,19.7,0,16.7,16.2,normal
2025-05-26T21:00:00,Northside_Fulfillment,15.6,22.5,0,15.0,15.5,normal
2025-05-26T22:00:00,Northside_Fulfillment,13.3,16.2,0,14.6,14.8,normal
2025-05-26T23:00:00,Northside_Fulfillment,12.3,19.3,0,11.5,16.3,normal
2025-05-26T00:00:00,Central_Fulfillment,7.2,12.7,0,10.1,15.2,normal
2025-05-26T01:00:00,Central_Fulfillment,11.5,19.6,0,11.5,14.4,normal
2025-05-26T02:00:00,Central_Fulfillment,8.9,11.9,0,12.2,17.9,normal
2025-05-26T03:00:00,Central_Fulfillment,3.3,7.1,0,12.7,17.1,normal
2025-05-26T04:00:00,Central_Fulfillment,3.9,12.8,0,12.2,15.5,normal
2025-05-26T05:00:00,Central_Fulfillment,6.4,14.1,0,15.1,15.3,normal
2025-05-26T06:00:00,Central_Fulfillment,5.2,10.0,0,17.6,16.7,normal
2025-05-26T07:00:00,Central_Fulfillment,9.2,15.6,0,19.4,17.0,normal
2025-05-26T08:00:00,Central_Fulfillment,9.5,17.3,0,19.3,15.4,normal
2025-05-26T09:00:00,Central_Fulfillment,14.4,21.3,0,21.6,14.8,normal
2025-05-26T10:00:00,Central_Fulfillment,8.5,14.2,0,23.3,15.5,normal
2025-05-26T11:00:00,Central_Fulfillment,9.6,16.4,0,24.3,14.6,normal
2025-05-26T12:00:00,Central_Fulfillment,14.5,17.6,0,25.1,14.9,normal
2025-05-26T13:00:00,Central_Fulfillment,9.8,17.0,0,24.9,15.0,normal
2025-05-26T14:00:00,Central_Fulfillment,16.1,23.8,0,25.2,16.5,normal
2025-05-26T15:00:00,Central_Fulfillment,10.2,16.5,0,23.1,16.4,normal
2025-05-26T16:00:00,Central_Fulfillment,14.8,19.6,0,23.6,14.9,normal
2025-05-26T17:00:00,Central_Fulfillment,13.9,21.3,0,21.2,15.9,normal
2025-05-26T18:00:00,Central_Fulfillment,15.0,18.2,0,20.6,15.2,normal
2025-05-26T19:00:00,Central_Fulfillment,12.6,16.1,0,16.5,15.8,normal
2025-05-26T20:00:00,Central_Fulfillment,10.0,13.0,0,15.3,17.1,normal
2025-05-26T21:00:00,Central_Fulfillment,12.4,18.2,0,15.3,14.4,normal
2025-05-26T22:00:00,Central_Fulfillment,14.1,22.9,0,12.5,17.6,normal
2025-05-26T23:00:00,Central_Fulfillment,9.1,14.8,0,12.7,15.3,normal
2025-05-26T00:00:00,Eastside_Fulfillment,11.8,14.8,0,11.3,16.7,normal
2025-05-26T01:00:00,Eastside_Fulfillment,7.1,15.9,0,11.6,15.9,normal
2025-05-26T02:00:00,Eastside_Fulfillment,11.8,19.0,0,11.6,15.7,normal
2025-05-26T03:00:00,Eastside_Fulfillment,9.7,15.3,0,11.0,14.7,normal
2025-05-26T04:00:00,Eastside_Fulfillment,7.3,10.4,0,13.5,15.5,normal
2025-05-26T05:00:00,Eastside_Fulfillment,6.1,14.4,0,14.7,15.3,normal
2025-05-26T06:00:00,Eastside_Fulfillment,6.5,10.4,0,17.0,16.4,normal
2025-05-26T07:00:00,Eastside_Fulfillment,8.6,11.8,0,17.6,13.7,normal
2025-05-26T08:00:00,Eastside_Fulfillment,8.1,15.9,0,19.3,15.9,normal
2025-05-26T09:00:00,Eastside_Fulfillment,10.4,15.2,0,20.3,14.2,normal
2025-05-26T10:00:00,Eastside_Fulfillment,11.1,16.1,0,23.6,16.0,normal
2025-05-26T11:00:00,Eastside_Fulfillment,11.4,14.1,0,23.3,16.4,normal
2025-05-26T12:00:00,Eastside_Fulfillment,8.6,11.0,0,24.1,13.7,normal
2025-05-26T13:00:00,Eastside_Fulfillment,11.9,14.5,0,25.5,16.4,normal
2025-05-26T14:00:00,Eastside_Fulfillment,15.1,18.5,0,24.9,15.2,normal
2025-05-26T15:00:00,Eastside_Fulfillment,14.6,21.2,0,22.4,16.0,normal
2025-05-26T16:00:00,Eastside_Fulfillment,15.3,21.0,0,23.5,15.7,normal
2025-05-26T17:00:00,Eastside_Fulfillment,15.7,22.1,0,22.2,15.5,normal
2025-05-26T18:00:00,Eastside_Fulfillment,13.2,17.0,0,20.8,14.1,normal
2025-05-26T19:00:00,Eastside_Fulfillment,18.2,21.2,0,19.0,16.2,normal
2025-05-26T20:00:00,Eastside_Fulfillment,13.1,21.1,0,18.0,15.1,normal
2025-05-26T21:00:00,Eastside_Fulfillment,12.6,18.0,0,15.1,16.4,normal
2025-05-26T22:00:00,Eastside_Fulfillment,13.2,21.4,0,13.9,15.0,normal
2025-05-26T23:00:00,Eastside_Fulfillment,11.7,18.8,0,13.2,16.1,normal
2025-05-27T00:00:00,Northside_Fulfillment,11.2,14.2,0,11.8,15.5,normal
2025-05-27T01:00:00,Northside_Fulfillment,8.1,10.2,0,10.8,15.4,normal
2025-05-27T02:00:00,Northside_Fulfillment,5.9,14.5,0,9.9,14.9,normal
2025-05-27T03:00:00,Northside_Fulfillment,3.9,11.5,0,12.5,15.9,normal
2025-05-27T04:00:00,Northside_Fulfillment,6.4,8.9,0,13.3,15.5,normal
2025-05-27T05:00:00,Northside_Fulfillment,8.3,16.4,0,13.8,17.0,normal
2025-05-27T06:00:00,Northside_Fulfillment,7.1,11.9,0,16.6,16.3,normal
2025-05-27T07:00:00,Northside_Fulfillment,9.4,18.3,0,18.4,16.6,normal
2025-05-27T08:00:00,Northside_Fulfillment,9.4,14.2,0,21.4,17.2,normal
2025-05-27T09:00:00,Northside_Fulfillment,10.2,14.6,0,21.3,15.1,normal
2025-05-27T10:00:00,Northside_Fulfillment,9.7,12.1,0,23.9,15.4,normal
2025-05-27T11:00:00,Northside_Fulfillment,11.6,15.4,0,25.1,16.5,normal
2025-05-27T12:00:00,Northside_Fulfillment,13.2,21.8,0,24.8,16.2,normal
2025-05-27T13:00:00,Northside_Fulfillment,13.8,18.3,0,25.1,16.1,normal
2025-05-27T14:00:00,Northside_Fulfillment,17.1,21.2,0,25.0,16.7,normal
2025-05-27T15:00:00,Northside_Fulfillment,12.3,15.0,0,23.7,15.7,normal
2025-05-27T16:00:00,Northside_Fulfillment,13.1,19.2,0,23.1,17.2,normal
2025-05-27T17:00:00,Northside_Fulfillment,14.4,21.4,0,20.7,15.6,normal
2025-05-27T18:00:00,Northside_Fulfillment,16.4,24.0,0,21.0,16.5,normal
2025-05-27T19:00:00,Northside_Fulfillment,13.2,16.6,0,18.3,17.7,normal
2025-05-27T20:00:00,Northside_Fulfillment,11.6,16.9,0,16.9,17.1,normal
2025-05-27T21:00:00,Northside_Fulfillment,10.6,18.9,0,15.0,16.5,normal
2025-05-27T22:00:00,Northside_Fulfillment,9.5,14.5,0,12.1,14.1,normal
2025-05-27T23:00:00,Northside_Fulfillment,13.4,18.0,0,11.2,16.2,normal
2025-05-27T00:00:00,Central_Fulfillment,7.3,12.5,0,11.1,16.5,normal
2025-05-27T01:00:00,Central_Fulfillment,9.9,18.3,0,11.3,16.9,normal
2025-05-27T02:00:00,Central_Fulfillment,8.7,15.8,0,12.1,15.8,normal
2025-05-27T03:00:00,Central_Fulfillment,6.9,9.9,0,11.0,15.4,normal
2025-05-27T04:00:00,Central_Fulfillment,8.1,16.3,0,11.7,15.4,normal
2025-05-27T05:00:00,Central_Fulfillment,7.4,15.5,0,14.5,15.6,normal
2025-05-27T06:00:00,Central_Fulfillment,8.3,13.6,0,16.0,16.8,normal
2025-05-27T07:00:00,Central_Fulfillment,7.9,12.4,0,17.8,15.5,normal
2025-05-27T08:00:00,Central_Fulfillment,11.0,19.8,0,20.1,17.0,normal
2025-05-27T09:00:00,Central_Fulfillment,10.0,16.5,0,21.7,17.4,normal
2025-05-27T10:00:00,Central_Fulfillment,9.3,14.3,0,22.4,17.2,normal
2025-05-27T11:00:00,Central_Fulfillment,13.1,19.6,0,23.6,14.6,normal
2025-05-27T12:00:00,Central_Fulfillment,13.5,17.4,0,25.1,15.2,normal
2025-05-27T13:00:00,Central_Fulfillment,11.1,15.8,0,25.3,16.2,normal
2025-05-27T14:00:00,Central_Fulfillment,12.7,19.4,0,25.0,17.3,normal
2025-05-27T15:00:00,Central_Fulfillment,15.3,22.8,0,25.1,17.5,normal
2025-05-27T16:00:00,Central_Fulfillment,16.3,22.0,0,22.5,15.7,normal
2025-05-27T17:00:00,Central_Fulfillment,13.7,21.0,0,21.4,14.3,normal
2025-05-27T18:00:00,Central_Fulfillment,14.0,22.2,0,20.7,15.0,normal
2025-05-27T19:00:00,Central_Fulfillment,15.0,22.7,0,17.6,16.7,normal
2025-05-27T20:00:00,Central_Fulfillment,13.9,20.2,0,16.7,16.5,normal
2025-05-27T21:00:00,Central_Fulfillment,12.6,15.3,0,14.1,15.3,normal
2025-05-27T22:00:00,Central_Fulfillment,12.8,16.5,0,12.1,17.1,normal
2025-05-27T23:00:00,Central_Fulfillment,8.7,10.8,0,10.9,18.0,normal
2025-05-27T00:00:00,Eastside_Fulfillment,8.8,13.0,0,11.8,16.4,normal
2025-05-27T01:00:00,Eastside_Fulfillment,11.6,17.9,0,11.1,16.8,normal
2025-05-27T02:00:00,Eastside_Fulfillment,8.3,17.2,0,11.1,15.6,normal
2025-05-27T03:00:00,Eastside_Fulfillment,4.7,8.4,0,12.7,14.5,normal
2025-05-27T04:00:00,Eastside_Fulfillment,6.5,9.6,0,12.4,16.3,normal
2025-05-27T05:00:00,Eastside_Fulfillment,7.1,11.8,0,14.4,16.7,normal
2025-05-27T06:00:00,Eastside_Fulfillment,7.9,9.9,0,15.6,16.2,normal
2025-05-27T07:00:00,Eastside_Fulfillment,8.4,16.2,0,18.0,17.6,normal
2025-05-27T08:00:00,Eastside_Fulfillment,11.8,16.7,0,19.6,16.2,normal
2025-05-27T09:00:00,Eastside_Fulfillment,8.8,16.5,0,22.8,16.9,normal
2025-05-27T10:00:00,Eastside_Fulfillment,10.2,14.3,0,21.8,16.0,normal
2025-05-27T11:00:00,Eastside_Fulfillment,10.5,14.3,0,24.7,16.6,normal
2025-05-27T12:00:00,Eastside_Fulfillment,12.4,16.4,0,25.6,15.7,normal
2025-05-27T13:00:00,Eastside_Fulfillment,13.3,19.0,0,23.7,16.4,normal
2025-05-27T14:00:00,Eastside_Fulfillment,13.2,17.3,0,24.5,16.5,normal
2025-05-27T15:00:00,Eastside_Fulfillment,15.1,19.0,0,23.6,16.9,normal
2025-05-27T16:00:00,Eastside_Fulfillment,16.7,18.9,0,23.9,15.7,normal
2025-05-27T17:00:00,Eastside_Fulfillment,13.7,17.3,0,22.7,15.9,normal
2025-05-27T18:00:00,Eastside_Fulfillment,16.6,24.1,0,20.3,16.5,normal
2025-05-27T19:00:00,Eastside_Fulfillment,10.7,18.3,0,17.3,16.2,normal
2025-05-27T20:00:00,Eastside_Fulfillment,13.4,15.7,0,16.4,17.6,normal
2025-05-27T21:00:00,Eastside_Fulfillment,11.5,18.3,0,15.7,16.4,normal
2025-05-27T22:00:00,Eastside_Fulfillment,13.5,22.0,0,11.7,16.0,normal
2025-05-27T23:00:00,Eastside_Fulfillment,9.0,12.6,0,13.7,15.2,normal
2025-05-28T00:00:00,Northside_Fulfillment,9.9,18.1,0,11.5,16.1,normal
2025-05-28T01:00:00,Northside_Fulfillment,11.3,14.3,0,10.6,16.0,normal
2025-05-28T02:00:00,Northside_Fulfillment,8.7,15.3,0,12.6,16.6,normal
2025-05-28T03:00:00,Northside_Fulfillment,6.7,11.9,0,13.1,16.9,normal
2025-05-28T04:00:00,Northside_Fulfillment,3.1,7.5,0,14.1,16.0,normal
2025-05-28T05:00:00,Northside_Fulfillment,8.9,12.1,0,15.0,14.4,normal
2025-05-28T06:00:00,Northside_Fulfillment,9.5,14.6,0,15.3,16.6,normal
2025-05-28T07:00:00,Northside_Fulfillment,3.6,6.8,0,17.8,16.3,normal
2025-05-28T08:00:00,Northside_Fulfillment,8.1,13.6,0,20.6,15.6,normal
2025-05-28T09:00:00,Northside_Fulfillment,11.2,17.0,0,21.6,14.6,normal
2025-05-28T10:00:00,Northside_Fulfillment,9.5,17.5,0,22.4,15.6,normal
2025-05-28T11:00:00,Northside_Fulfillment,10.5,16.7,0,22.8,16.4,normal
2025-05-28T12:00:00,Northside_Fulfillment,8.9,12.9,0,25.3,15.8,normal
2025-05-28T13:00:00,Northside_Fulfillment,12.5,14.5,0,24.9,14.5,normal
2025-05-28T14:00:00,Northside_Fulfillment,10.7,17.6,0,23.6,16.0,normal
2025-05-28T15:00:00,Northside_Fulfillment,13.2,16.9,0,23.6,16.4,normal
2025-05-28T16:00:00,Northside_Fulfillment,14.2,21.4,0,24.6,15.1,normal
2025-05-28T17:00:00,Northside_Fulfillment,10.3,13.8,0,22.8,14.5,normal
2025-05-28T18:00:00,Northside_Fulfillment,16.4,20.1,0,20.9,15.6,normal
2025-05-28T19:00:00,Northside_Fulfillment,16.4,21.7,0,19.0,14.8,normal
2025-05-28T20:00:00,Northside_Fulfillment,13.4,21.4,0,16.6,14.6,normal
2025-05-28T21:00:00,Northside_Fulfillment,14.4,23.0,0,14.6,16.9,normal
2025-05-28T22:00:00,Northside_Fulfillment,13.4,17.3,0,13.1,15.4,normal
2025-05-28T23:00:00,Northside_Fulfillment,10.5,19.4,0,12.1,15.0,normal
2025-05-28T00:00:00,Central_Fulfillment,11.4,13.8,0,10.6,15.6,normal
2025-05-28T01:00:00,Central_Fulfillment,9.7,12.1,0,11.6,15.3,normal
2025-05-28T02:00:00,Central_Fulfillment,8.9,13.9,0,10.7,17.4,normal
2025-05-28T03:00:00,Central_Fulfillment,7.0,12.6,0,12.1,16.5,normal
2025-05-28T04:00:00,Central_Fulfillment,6.5,13.2,0,11.9,17.2,normal
2025-05-28T05:00:00,Central_Fulfillment,4.3,7.2,0,14.0,16.8,normal
2025-05-28T06:00:00,Central_Fulfillment,8.8,12.8,0,16.1,15.2,normal
2025-05-28T07:00:00,Central_Fulfillment,3.4,11.7,0,18.8,15.3,normal
2025-05-28T08:00:00,Central_Fulfillment,7.1,9.8,0,19.5,17.4,normal
2025-05-28T09:00:00,Central_Fulfillment,6.3,9.5,0,22.3,16.2,normal
2025-05-28T10:00:00,Central_Fulfillment,9.4,17.8,0,22.8,15.3,normal
2025-05-28T11:00:00,Central_Fulfillment,7.9,16.2,0,25.0,16.4,normal
2025-05-28T12:00:00,Central_Fulfillment,14.2,23.1,0,23.4,14.5,normal
2025-05-28T13:00:00,Central_Fulfillment,13.9,20.2,0,25.2,17.7,normal
2025-05-28T14:00:00,Central_Fulfillment,12.5,18.4,0,26.0,15.1,normal
2025-05-28T15:00:00,Central_Fulfillment,13.9,20.8,0,24.0,16.8,normal
2025-05-28T16:00:00,Central_Fulfillment,14.1,22.5,0,21.4,17.7,normal
2025-05-28T17:00:00,Central_Fulfillment,16.0,18.3,0,20.1,15.5,normal
2025-05-28T18:00:00,Central_Fulfillment,13.5,22.5,0,18.8,15.7,normal
2025-05-28T19:00:00,Central_Fulfillment,13.8,21.9,0,18.9,13.4,normal
2025-05-28T20:00:00,Central_Fulfillment,11.8,18.3,0,15.1,15.1,normal
2025-05-28T21:00:00,Central_Fulfillment,12.8,21.2,0,13.1,15.6,normal
2025-05-28T22:00:00,Central_Fulfillment,15.6,19.6,0,12.8,16.3,normal
2025-05-28T23:00:00,Central_Fulfillment,10.8,13.8,0,10.9,17.7,normal
2025-05-28T00:00:00,Eastside_Fulfillment,11.6,17.4,0,11.3,17.4,normal
2025-05-28T01:00:00,Eastside_Fulfillment,6.0,9.1,0,11.2,16.6,normal
2025-05-28T02:00:00,Eastside_Fulfillment,8.1,15.4,0,11.6,16.4,normal
2025-05-28T03:00:00,Eastside_Fulfillment,4.7,9.3,0,12.3,16.5,normal
2025-05-28T04:00:00,Eastside_Fulfillment,6.9,13.5,0,12.7,15.7,normal
2025-05-28T05:00:00,Eastside_Fulfillment,4.6,11.0,0,14.9,16.3,normal
2025-05-28T06:00:00,Eastside_Fulfillment,8.3,11.5,0,16.7,16.1,normal
2025-05-28T07:00:00,Eastside_Fulfillment,8.0,12.0,0,18.6,14.5,normal
2025-05-28T08:00:00,Eastside_Fulfillment,9.3,11.5,0,18.6,16.0,normal
2025-05-28T09:00:00,Eastside_Fulfillment,7.0,9.8,0,20.9,14.7,normal
2025-05-28T10:00:00,Eastside_Fulfillment,10.7,17.6,0,22.8,17.1,normal
2025-05-28T11:00:00,Eastside_Fulfillment,12.9,16.1,0,26.2,17.6,normal
2025-05-28T12:00:00,Eastside_Fulfillment,10.2,13.9,0,24.4,15.1,normal
2025-05-28T13:00:00,Eastside_Fulfillment,14.5,20.2,0,25.1,15.6,normal
2025-05-28T14:00:00,Eastside_Fulfillment,12.4,15.3,0,23.4,15.8,normal
2025-05-28T15:00:00,Eastside_Fulfillment,14.5,23.1,0,24.2,16.2,normal
2025-05-28T16:00:00,Eastside_Fulfillment,13.9,18.2,0,22.0,16.4,normal
2025-05-28T17:00:00,Eastside_Fulfillment,14.7,19.4,0,21.2,17.8,normal
2025-05-28T18:00:00,Eastside_Fulfillment,14.7,19.6,0,18.6,15.4,normal
2025-05-28T19:00:00,Eastside_Fulfillment,17.1,25.4,0,16.7,15.6,normal
2025-05-28T20:00:00,Eastside_Fulfillment,10.5,14.8,0,16.1,15.3,normal
2025-05-28T21:00:00,Eastside_Fulfillment,12.4,18.5,0,15.0,16.1,normal
2025-05-28T22:00:00,Eastside_Fulfillment,13.5,17.9,0,13.2,16.5,normal
2025-05-28T23:00:00,Eastside_Fulfillment,7.9,15.0,0,12.4,15.4,normal
2025-05-29T00:00:00,Northside_Fulfillment,7.9,14.5,0,12.9,17.0,normal
2025-05-29T01:00:00,Northside_Fulfillment,10.0,12.7,0,10.9,15.4,normal
2025-05-29T02:00:00,Northside_Fulfillment,10.9,18.9,0,11.5,16.6,normal
2025-05-29T03:00:00,Northside_Fulfillment,7.5,11.1,0,12.6,15.7,normal
2025-05-29T04:00:00,Northside_Fulfillment,8.1,13.9,0,12.6,14.8,normal
2025-05-29T05:00:00,Northside_Fulfillment,8.0,11.0,0,14.1,15.5,normal
2025-05-29T06:00:00,Northside_Fulfillment,7.3,10.9,0,16.2,16.7,normal
2025-05-29T07:00:00,Northside_Fulfillment,9.7,12.7,0,17.6,15.4,normal
2025-05-29T08:00:00,Northside_Fulfillment,9.1,15.8,0,18.8,16.4,normal
2025-05-29T09:00:00,Northside_Fulfillment,5.1,8.3,0,21.7,15.4,normal
2025-05-29T10:00:00,Northside_Fulfillment,10.4,14.7,0,22.7,17.6,normal
2025-05-29T11:00:00,Northside_Fulfillment,10.8,14.8,0,22.1,16.3,normal
2025-05-29T12:00:00,Northside_Fulfillment,14.8,22.9,0,25.1,17.3,normal
2025-05-29T13:00:00,Northside_Fulfillment,10.7,13.7,0,25.0,16.5,normal
2025-05-29T14:00:00,Northside_Fulfillment,12.7,15.6,0,23.9,16.4,normal
2025-05-29T15:00:00,Northside_Fulfillment,17.0,23.6,0,23.8,15.2,normal
2025-05-29T16:00:00,Northside_Fulfillment,15.2,24.0,0,23.3,15.7,normal
2025-05-29T17:00:00,Northside_Fulfillment,15.3,19.1,0,20.5,15.7,normal
2025-05-29T18:00:00,Northside_Fulfillment,15.5,20.9,0,19.7,14.3,normal
2025-05-29T19:00:00,Northside_Fulfillment,15.3,22.8,0,17.8,15.3,normal
2025-05-29T20:00:00,Northside_Fulfillment,15.3,19.4,0,15.5,15.1,normal
2025-05-29T21:00:00,Northside_Fulfillment,11.3,18.0,0,14.5,15.1,normal
2025-05-29T22:00:00,Northside_Fulfillment,10.3,15.5,0,13.8,17.0,normal
2025-05-29T23:00:00,Northside_Fulfillment,9.6,14.2,0,11.5,16.0,normal
2025-05-29T00:00:00,Central_Fulfillment,6.4,11.5,0,11.6,14.2,normal
2025-05-29T01:00:00,Central_Fulfillment,12.6,18.8,0,10.8,14.8,normal
2025-05-29T02:00:00,Central_Fulfillment,7.3,13.8,0,10.7,15.4,normal
2025-05-29T03:00:00,Central_Fulfillment,5.5,10.9,0,11.7,15.3,normal
2025-05-29T04:00:00,Central_Fulfillment,4.7,9.3,0,13.6,16.4,normal
2025-05-29T05:00:00,Central_Fulfillment,7.4,10.3,0,14.4,17.3,normal
2025-05-29T06:00:00,Central_Fulfillment,7.1,10.5,0,15.9,15.1,normal
2025-05-29T07:00:00,Central_Fulfillment,4.0,13.0,0,18.5,16.1,normal
2025-05-29T08:00:00,Central_Fulfillment,7.6,14.3,0,18.6,16.7,normal
2025-05-29T09:00:00,Central_Fulfillment,4.9,7.2,0,20.1,14.5,normal
2025-05-29T10:00:00,Central_Fulfillment,12.4,14.6,0,23.3,16.5,normal
2025-05-29T11:00:00,Central_Fulfillment,13.3,17.3,0,23.2,15.6,normal
2025-05-29T12:00:00,Central_Fulfillment,13.3,19.6,0,25.1,17.9,normal
2025-05-29T13:00:00,Central_Fulfillment,11.7,18.5,0,24.9,16.0,normal
2025-05-29T14:00:00,Central_Fulfillment,13.4,22.3,0,25.0,16.2,normal
2025-05-29T15:00:00,Central_Fulfillment,12.0,17.2,0,23.9,13.7,normal
2025-05-29T16:00:00,Central_Fulfillment,12.5,19.9,0,22.4,17.3,normal
2025-05-29T17:00:00,Central_Fulfillment,13.6,17.8,0,21.3,17.4,normal
2025-05-29T18:00:00,Central_Fulfillment,12.7,19.7,0,19.9,15.0,normal
2025-05-29T19:00:00,Central_Fulfillment,13.5,22.4,0,18.6,17.1,normal
2025-05-29T20:00:00,Central_Fulfillment,13.3,17.9,0,16.6,15.2,normal
2025-05-29T21:00:00,Central_Fulfillment,10.8,13.4,0,14.3,16.4,normal
2025-05-29T22:00:00,Central_Fulfillment,11.9,16.5,0,12.7,16.6,normal
2025-05-29T23:00:00,Central_Fulfillment,13.4,20.3,0,11.3,16.8,normal
2025-05-29T00:00:00,Eastside_Fulfillment,8.8,15.7,0,12.1,16.6,normal
2025-05-29T01:00:00,Eastside_Fulfillment,5.8,11.4,0,10.2,17.0,normal
2025-05-29T02:00:00,Eastside_Fulfillment,4.5,6.8,0,12.9,16.0,normal
2025-05-29T03:00:00,Eastside_Fulfillment,5.7,13.5,0,11.7,16.5,normal
2025-05-29T04:00:00,Eastside_Fulfillment,9.1,12.0,0,13.0,16.1,normal
2025-05-29T05:00:00,Eastside_Fulfillment,5.9,9.2,0,15.1,15.0,normal
2025-05-29T06:00:00,Eastside_Fulfillment,3.3,10.5,0,15.3,16.0,normal
2025-05-29T07:00:00,Eastside_Fulfillment,8.7,12.7,0,18.9,14.7,normal
2025-05-29T08:00:00,Eastside_Fulfillment,10.1,14.7,0,19.0,18,normal
2025-05-29T09:00:00,Eastside_Fulfillment,7.3,14.2,0,22.7,16.2,normal
2025-05-29T10:00:00,Eastside_Fulfillment,3.7,10.6,0,22.2,16.8,normal
2025-05-29T11:00:00,Eastside_Fulfillment,10.3,16.3,0,23.8,16.5,normal
2025-05-29T12:00:00,Eastside_Fulfillment,15.9,22.2,0,25.4,16.8,normal
2025-05-29T13:00:00,Eastside_Fulfillment,14.1,21.0,0,25.2,15.5,normal
2025-05-29T14:00:00,Eastside_Fulfillment,11.9,18.0,0,25.6,16.6,normal
2025-05-29T15:00:00,Eastside_Fulfillment,14.9,20.9,0,24.0,16.0,normal
2025-05-29T16:00:00,Eastside_Fulfillment,14.6,19.3,0,22.7,16.0,normal
2025-05-29T17:00:00,Eastside_Fulfillment,16.3,22.2,0,21.8,14.9,normal
2025-05-29T18:00:00,Eastside_Fulfillment,12.2,18.7,0,19.8,15.7,normal
2025-05-29T19:00:00,Eastside_Fulfillment,14.7,16.9,0,17.3,15.0,normal
2025-05-29T20:00:00,Eastside_Fulfillment,9.1,12.8,0,17.2,16.1,normal
2025-05-29T21:00:00,Eastside_Fulfillment,10.9,17.9,0,15.0,16.6,normal
2025-05-29T22:00:00,Eastside_Fulfillment,11.8,20.8,0,13.6,15.5,normal
2025-05-29T23:00:00,Eastside_Fulfillment,10.8,13.5,0,11.6,17.1,normal
2025-05-30T00:00:00,Northside_Fulfillment,10.4,13.4,0,10.8,16.7,normal
2025-05-30T01:00:00,Northside_Fulfillment,9.6,17.3,0,10.6,16.8,normal
2025-05-30T02:00:00,Northside_Fulfillment,6.8,13.8,0,12.3,16.5,normal
2025-05-30T03:00:00,Northside_Fulfillment,10.3,16.2,0,12.2,16.3,normal
2025-05-30T04:00:00,Northside_Fulfillment,7.8,10.4,0,13.6,16.7,normal
2025-05-30T05:00:00,Northside_Fulfillment,6.0,13.6,0,14.6,14.7,normal
2025-05-30T06:00:00,Northside_Fulfillment,8.8,17.6,0,16.7,16.0,normal
2025-05-30T07:00:00,Northside_Fulfillment,10.8,14.3,0,19.1,17.3,normal
2025-05-30T08:00:00,Northside_Fulfillment,9.3,16.6,0,19.0,15.5,normal
2025-05-30T09:00:00,Northside_Fulfillment,11.2,19.4,0,20.2,16.2,normal
2025-05-30T10:00:00,Northside_Fulfillment,13.7,18.7,0,24.6,15.0,normal
2025-05-30T11:00:00,Northside_Fulfillment,10.0,16.7,0,24.4,17.0,normal
2025-05-30T12:00:00,Northside_Fulfillment,11.0,14.9,0,26.1,15.9,normal
2025-05-30T13:00:00,Northside_Fulfillment,16.4,19.5,0,24.9,16.3,normal
2025-05-30T14:00:00,Northside_Fulfillment,10.9,16.5,0,25.4,17.7,normal
2025-05-30T15:00:00,Northside_Fulfillment,13.1,17.6,0,24.6,15.6,normal
2025-05-30T16:00:00,Northside_Fulfillment,13.9,18.5,0,22.4,17.2,normal
2025-05-30T17:00:00,Northside_Fulfillment,17.0,22.6,0,22.2,15.3,normal
2025-05-30T18:00:00,Northside_Fulfillment,13.0,16.2,0,21.1,16.4,normal
2025-05-30T19:00:00,Northside_Fulfillment,11.7,16.1,0,18.1,13.6,normal
2025-05-30T20:00:00,Northside_Fulfillment,13.7,16.6,0,17.1,15.8,normal
2025-05-30T21:00:00,Northside_Fulfillment,12.3,15.0,0,14.0,16.5,normal
2025-05-30T22:00:00,Northside_Fulfillment,10.4,14.7,0,11.5,16.3,normal
2025-05-30T23:00:00,Northside_Fulfillment,12.7,15.2,0,11.9,16.1,normal
2025-05-30T00:00:00,Central_Fulfillment,12.5,21.4,0,12.6,13.5,normal
2025-05-30T01:00:00,Central_Fulfillment,7.7,9.7,0,10.9,17.3,normal
2025-05-30T02:00:00,Central_Fulfillment,6.0,10.9,0,9.2,15.2,normal
2025-05-30T03:00:00,Central_Fulfillment,9.2,16.1,0,11.9,16.5,normal
2025-05-30T04:00:00,Central_Fulfillment,8.7,15.3,0,14.1,15.7,normal
2025-05-30T05:00:00,Central_Fulfillment,5.3,12.5,0,14.4,14.8,normal
2025-05-30T06:00:00,Central_Fulfillment,9.0,15.1,0,15.0,16.8,normal
2025-05-30T07:00:00,Central_Fulfillment,10.0,12.1,0,18.7,16.4,normal
2025-05-30T08:00:00,Central_Fulfillment,5.7,14.2,0,20.1,14.6,normal
2025-05-30T09:00:00,Central_Fulfillment,9.3,12.8,0,20.7,16.8,normal
2025-05-30T10:00:00,Central_Fulfillment,7.2,16.0,0,24.1,16.1,normal
2025-05-30T11:00:00,Central_Fulfillment,8.5,14.8,0,22.7,16.4,normal
2025-05-30T12:00:00,Central_Fulfillment,10.0,17.8,0,24.0,17.1,normal
2025-05-30T13:00:00,Central_Fulfillment,11.5,14.7,0,24.4,15.2,normal
2025-05-30T14:00:00,Central_Fulfillment,15.0,20.8,0,25.2,16.1,normal
2025-05-30T15:00:00,Central_Fulfillment,16.4,23.9,0,24.5,17.1,normal
2025-05-30T16:00:00,Central_Fulfillment,15.2,23.1,0,23.9,15.0,normal
2025-05-30T17:00:00,Central_Fulfillment,15.6,18.6,0,21.6,16.3,normal
2025-05-30T18:00:00,Central_Fulfillment,12.2,20.1,0,19.2,17.5,normal
2025-05-30T19:00:00,Central_Fulfillment,14.3,17.6,0,17.3,15.8,normal
2025-05-30T20:00:00,Central_Fulfillment,10.3,16.5,0,15.8,16.2,normal
2025-05-30T21:00:00,Central_Fulfillment,16.1,24.4,0,13.7,17.1,normal
2025-05-30T22:00:00,Central_Fulfillment,9.4,12.4,0,12.4,16.1,normal
2025-05-30T23:00:00,Central_Fulfillment,7.7,16.7,0,11.2,17.0,normal
2025-05-30T00:00:00,Eastside_Fulfillment,12.5,16.5,0,10.6,16.2,normal
2025-05-30T01:00:00,Eastside_Fulfillment,9.9,12.1,0,11.4,15.5,normal
2025-05-30T02:00:00,Eastside_Fulfillment,5.8,8.1,0,11.8,14.8,normal
2025-05-30T03:00:00,Eastside_Fulfillment,6.9,9.3,0,11.5,17.2,normal
2025-05-30T04:00:00,Eastside_Fulfillment,6.5,10.7,0,12.0,15.9,normal
2025-05-30T05:00:00,Eastside_Fulfillment,9.7,12.2,0,14.9,15.8,normal
2025-05-30T06:00:00,Eastside_Fulfillment,7.5,12.2,0,15.6,16.0,normal
2025-05-30T07:00:00,Eastside_Fulfillment,7.5,13.6,0,17.4,17.0,normal
2025-05-30T08:00:00,Eastside_Fulfillment,6.7,10.4,0,18.1,15.2,normal
2025-05-30T09:00:00,Eastside_Fulfillment,6.3,13.4,0,22.9,16.1,normal
2025-05-30T10:00:00,Eastside_Fulfillment,9.1,13.0,0,24.0,15.6,normal
2025-05-30T11:00:00,Eastside_Fulfillment,10.6,13.7,0,23.2,16.8,normal
2025-05-30T12:00:00,Eastside_Fulfillment,6.1,12.7,0,24.4,14.4,normal
2025-05-30T13:00:00,Eastside_Fulfillment,14.0,17.7,0,24.9,16.3,normal
2025-05-30T14:00:00,Eastside_Fulfillment,16.1,21.3,0,25.6,16.9,normal
2025-05-30T15:00:00,Eastside_Fulfillment,15.0,21.6,0,23.6,17.0,normal
2025-05-30T16:00:00,Eastside_Fulfillment,16.7,21.4,0,23.7,16.8,normal
2025-05-30T17:00:00,Eastside_Fulfillment,13.3,18.5,0,19.7,15.2,normal
2025-05-30T18:00:00,Eastside_Fulfillment,12.8,21.1,0,19.0,15.1,normal
2025-05-30T19:00:00,Eastside_Fulfillment,17.1,24.3,0,17.7,16.9,normal
2025-05-30T20:00:00,Eastside_Fulfillment,14.0,18.2,0,17.3,16.2,normal
2025-05-30T21:00:00,Eastside_Fulfillment,14.0,17.0,0,14.4,16.3,normal
2025-05-30T22:00:00,Eastside_Fulfillment,10.3,16.7,0,12.1,16.2,normal
2025-05-30T23:00:00,Eastside_Fulfillment,12.3,21.0,0,12.3,16.5,normal
2025-05-31T00:00:00,Northside_Fulfillment,8.0,11.1,0,10.7,16.0,normal
2025-05-31T01:00:00,Northside_Fulfillment,9.6,16.4,0,11.3,15.6,normal
2025-05-31T02:00:00,Northside_Fulfillment,7.3,14.7,0,11.0,14.8,normal
2025-05-31T03:00:00,Northside_Fulfillment,7.1,15.9,0,12.5,16.6,normal
2025-05-31T04:00:00,Northside_Fulfillment,10.1,18.9,0,12.6,16.5,normal
2025-05-31T05:00:00,Northside_Fulfillment,5.5,8.0,0,14.2,15.4,normal
2025-05-31T06:00:00,Northside_Fulfillment,3.8,12.4,0,15.9,16.5,normal
2025-05-31T07:00:00,Northside_Fulfillment,5.9,12.4,0,18.4,14.9,normal
2025-05-31T08:00:00,Northside_Fulfillment,9.3,13.5,0,18.3,15.1,normal
2025-05-31T09:00:00,Northside_Fulfillment,10.5,18.0,0,21.1,15.4,normal
2025-05-31T10:00:00,Northside_Fulfillment,11.8,15.8,0,22.1,16.9,normal
2025-05-31T11:00:00,Northside_Fulfillment,11.6,14.5,0,22.9,14.0,normal
2025-05-31T12:00:00,Northside_Fulfillment,9.4,18.3,0,24.1,17.0,normal
2025-05-31T13:00:00,Northside_Fulfillment,17.1,24.6,0,24.1,17.0,normal
2025-05-31T14:00:00,Northside_Fulfillment,13.7,20.0,0,25.9,16.8,normal
2025-05-31T15:00:00,Northside_Fulfillment,17.4,22.2,0,23.9,15.9,normal
2025-05-31T16:00:00,Northside_Fulfillment,15.1,21.9,0,24.4,15.8,normal
2025-05-31T17:00:00,Northside_Fulfillment,16.7,23.4,0,20.8,15.3,normal
2025-05-31T18:00:00,Northside_Fulfillment,17.4,21.8,0,18.8,16.3,normal
2025-05-31T19:00:00,Northside_Fulfillment,13.3,19.1,0,17.0,15.3,normal
2025-05-31T20:00:00,Northside_Fulfillment,13.2,15.7,0,16.1,16.1,normal
2025-05-31T21:00:00,Northside_Fulfillment,14.7,21.7,0,14.3,13.5,normal
2025-05-31T22:00:00,Northside_Fulfillment,13.1,21.9,0,12.4,16.0,normal
2025-05-31T23:00:00,Northside_Fulfillment,8.3,16.5,0,11.9,16.1,normal
2025-05-31T00:00:00,Central_Fulfillment,6.6,13.8,0,9.8,16.5,normal
2025-05-31T01:00:00,Central_Fulfillment,9.4,12.5,0,10.5,18,normal
2025-05-31T02:00:00,Central_Fulfillment,7.0,14.3,0,11.3,16.4,normal
2025-05-31T03:00:00,Central_Fulfillment,4.2,12.3,0,10.5,17.5,normal
2025-05-31T04:00:00,Central_Fulfillment,7.8,12.6,0,13.6,16.6,normal
2025-05-31T05:00:00,Central_Fulfillment,6.5,10.6,0,14.5,16.9,normal
2025-05-31T06:00:00,Central_Fulfillment,5.0,11.7,0,17.4,16.6,normal
2025-05-31T07:00:00,Central_Fulfillment,5.2,13.0,0,17.3,15.3,normal
2025-05-31T08:00:00,Central_Fulfillment,10.5,18.7,0,20.8,14.4,normal
2025-05-31T09:00:00,Central_Fulfillment,10.2,12.8,0,22.2,15.2,normal
2025-05-31T10:00:00,Central_Fulfillment,9.2,12.4,0,23.8,16.0,normal
2025-05-31T11:00:00,Central_Fulfillment,9.7,14.9,0,24.3,16.3,normal
2025-05-31T12:00:00,Central_Fulfillment,14.0,17.2,0,24.8,15.5,normal
2025-05-31T13:00:00,Central_Fulfillment,12.5,15.6,0,25.2,15.7,normal
2025-05-31T14:00:00,Central_Fulfillment,13.8,17.2,0,25.4,16.4,normal
2025-05-31T15:00:00,Central_Fulfillment,14.0,18.9,0,23.7,16.8,normal
2025-05-31T16:00:00,Central_Fulfillment,17.8,20.3,0,23.2,17.5,normal
2025-05-31T17:00:00,Central_Fulfillment,13.3,19.9,0,21.9,15.9,normal
2025-05-31T18:00:00,Central_Fulfillment,18.1,20.9,0,18.9,15.0,normal
2025-05-31T19:00:00,Central_Fulfillment,13.9,18.7,0,17.5,15.6,normal
2025-05-31T20:00:00,Central_Fulfillment,12.2,18.1,0,15.8,15.1,normal
2025-05-31T21:00:00,Central_Fulfillment,10.1,14.3,0,13.4,16.5,normal
2025-05-31T22:00:00,Central_Fulfillment,8.9,11.2,0,14.8,15.7,normal
2025-05-31T23:00:00,Central_Fulfillment,9.1,14.2,0,12.4,16.2,normal
2025-05-31T00:00:00,Eastside_Fulfillment,11.7,13.8,0,9.8,15.9,normal
2025-05-31T01:00:00,Eastside_Fulfillment,11.7,16.5,0,10.4,16.4,normal
2025-05-31T02:00:00,Eastside_Fulfillment,8.8,11.0,0,11.4,15.6,normal
2025-05-31T03:00:00,Eastside_Fulfillment,5.8,14.4,0,13.2,17.5,normal
2025-05-31T04:00:00,Eastside_Fulfillment,5.5,8.3,0,12.7,15.5,normal
2025-05-31T05:00:00,Eastside_Fulfillment,4.3,9.4,0,13.4,14.1,normal
2025-05-31T06:00:00,Eastside_Fulfillment,6.8,9.4,0,14.8,15.5,normal
2025-05-31T07:00:00,Eastside_Fulfillment,7.3,14.2,0,18.5,15.0,normal
2025-05-31T08:00:00,Eastside_Fulfillment,5.8,12.7,0,18.2,16.0,normal
2025-05-31T09:00:00,Eastside_Fulfillment,13.0,19.7,0,20.6,16.1,normal
2025-05-31T10:00:00,Eastside_Fulfillment,8.2,13.0,0,21.8,18,normal
2025-05-31T11:00:00,Eastside_Fulfillment,14.7,17.0,0,24.2,16.9,normal
2025-05-31T12:00:00,Eastside_Fulfillment,12.3,19.9,0,25.0,15.3,normal
2025-05-31T13:00:00,Eastside_Fulfillment,13.4,16.4,0,25.7,17.5,normal
2025-05-31T14:00:00,Eastside_Fulfillment,11.6,13.8,0,24.0,15.5,normal
2025-05-31T15:00:00,Eastside_Fulfillment,12.7,17.3,0,25.0,13.9,normal
2025-05-31T16:00:00,Eastside_Fulfillment,12.5,21.2,0,22.3,15.4,normal
2025-05-31T17:00:00,Eastside_Fulfillment,16.7,20.3,0,21.7,16.1,normal
2025-05-31T18:00:00,Eastside_Fulfillment,13.7,19.1,0,19.5,17.1,normal
2025-05-31T19:00:00,Eastside_Fulfillment,13.6,22.5,0,18.2,15.5,normal
2025-05-31T20:00:00,Eastside_Fulfillment,11.8,16.9,0,16.7,17.3,normal
2025-05-31T21:00:00,Eastside_Fulfillment,11.7,20.0,0,14.7,16.0,normal
2025-05-31T22:00:00,Eastside_Fulfillment,12.3,18.3,0,13.5,16.2,normal
2025-05-31T23:00:00,Eastside_Fulfillment,10.3,15.2,0,12.3,15.9,normal
2025-06-01T00:00:00,Northside_Fulfillment,8.5,15.1,0,11.3,16.3,normal
2025-06-01T01:00:00,Northside_Fulfillment,7.2,14.9,0,11.2,18,normal
2025-06-01T02:00:00,Northside_Fulfillment,9.4,16.2,0,10.1,15.0,normal
2025-06-01T03:00:00,Northside_Fulfillment,9.6,17.8,0,12.8,17.0,normal
2025-06-01T04:00:00,Northside_Fulfillment,6.0,13.4,0,13.3,18,normal
2025-06-01T05:00:00,Northside_Fulfillment,6.2,10.9,0,13.0,15.1,normal
2025-06-01T06:00:00,Northside_Fulfillment,9.2,15.6,0,16.4,7.0,caution
2025-06-01T07:00:00,Northside_Fulfillment,6.2,8.6,0,19.3,8.7,normal
2025-06-01T08:00:00,Northside_Fulfillment,6.6,10.8,0,19.4,9.0,normal
2025-06-01T09:00:00,Northside_Fulfillment,8.9,14.3,0,20.3,6.0,caution
2025-06-01T10:00:00,Northside_Fulfillment,8.0,13.0,0,24.5,17.1,normal
2025-06-01T11:00:00,Northside_Fulfillment,11.0,15.7,0,22.9,15.7,normal
2025-06-01T12:00:00,Northside_Fulfillment,9.7,18.0,0,24.2,17.6,normal
2025-06-01T13:00:00,Northside_Fulfillment,13.5,16.5,0,23.3,16.3,normal
2025-06-01T14:00:00,Northside_Fulfillment,14.4,18.8,0,23.2,14.8,normal
2025-06-01T15:00:00,Northside_Fulfillment,12.9,15.8,0,24.3,16.3,normal
2025-06-01T16:00:00,Northside_Fulfillment,15.1,19.8,0,22.2,16.2,normal
2025-06-01T17:00:00,Northside_Fulfillment,16.1,21.3,0,22.4,14.0,normal
2025-06-01T18:00:00,Northside_Fulfillment,19.0,27.2,0,19.8,16.2,normal
2025-06-01T19:00:00,Northside_Fulfillment,18.6,24.1,0,18.3,15.2,normal
2025-06-01T20:00:00,Northside_Fulfillment,12.4,19.0,0,17.1,16.7,normal
2025-06-01T21:00:00,Northside_Fulfillment,11.6,15.6,0,14.5,17.6,normal
2025-06-01T22:00:00,Northside_Fulfillment,16.0,19.2,0,13.4,15.5,normal
2025-06-01T23:00:00,Northside_Fulfillment,10.5,14.7,0,11.5,15.0,normal
2025-06-01T00:00:00,Central_Fulfillment,10.2,14.9,0,10.0,16.0,normal
2025-06-01T01:00:00,Central_Fulfillment,6.4,9.9,0,11.6,15.1,normal
2025-06-01T02:00:00,Central_Fulfillment,8.7,16.4,0,11.4,15.7,normal
2025-06-01T03:00:00,Central_Fulfillment,7.0,12.4,0,11.0,15.6,normal
2025-06-01T04:00:00,Central_Fulfillment,6.9,9.5,0,14.1,15.0,normal
2025-06-01T05:00:00,Central_Fulfillment,7.4,14.4,0,13.0,16.0,normal
2025-06-01T06:00:00,Central_Fulfillment,4.6,7.1,0,15.3,16.1,normal
2025-06-01T07:00:00,Central_Fulfillment,7.0,13.2,0,17.8,15.1,normal
2025-06-01T08:00:00,Central_Fulfillment,8.9,17.9,0,20.4,16.5,normal
2025-06-01T09:00:00,Central_Fulfillment,9.4,12.5,0,20.3,16.1,normal
2025-06-01T10:00:00,Central_Fulfillment,8.7,17.5,0,23.5,16.4,normal
2025-06-01T11:00:00,Central_Fulfillment,14.5,17.3,0,25.2,15.5,normal
2025-06-01T12:00:00,Central_Fulfillment,8.0,17.0,0,24.9,17.1,normal
2025-06-01T13:00:00,Central_Fulfillment,14.1,22.2,0,24.4,16.6,normal
2025-06-01T14:00:00,Central_Fulfillment,14.9,19.2,0,24.1,13.4,normal
2025-06-01T15:00:00,Central_Fulfillment,13.3,21.6,0,24.5,15.2,normal
2025-06-01T16:00:00,Central_Fulfillment,14.5,22.8,0,23.8,16.0,normal
2025-06-01T17:00:00,Central_Fulfillment,15.2,18.5,0,21.2,15.0,normal
2025-06-01T18:00:00,Central_Fulfillment,12.3,15.4,0,20.6,15.7,normal
2025-06-01T19:00:00,Central_Fulfillment,15.5,20.8,0,18.3,17.4,normal
2025-06-01T20:00:00,Central_Fulfillment,16.1,18.9,0,16.4,15.0,normal
2025-06-01T21:00:00,Central_Fulfillment,9.5,12.4,0,14.9,15.9,normal
2025-06-01T22:00:00,Central_Fulfillment,8.4,14.9,0,14.2,16.6,normal
2025-06-01T23:00:00,Central_Fulfillment,11.4,19.0,0,11.3,16.5,normal
2025-06-01T00:00:00,Eastside_Fulfillment,11.5,18.9,0,11.2,14.5,normal
2025-06-01T01:00:00,Eastside_Fulfillment,8.8,14.7,0,10.6,16.6,normal
2025-06-01T02:00:00,Eastside_Fulfillment,9.9,13.8,0,12.5,16.3,normal
2025-06-01T03:00:00,Eastside_Fulfillment,2,4.8,0,12.4,14.8,normal
2025-06-01T04:00:00,Eastside_Fulfillment,4.3,12.7,0,11.5,13.9,normal
2025-06-01T05:00:00,Eastside_Fulfillment,4.9,13.8,0,14.4,17.8,normal
2025-06-01T06:00:00,Eastside_Fulfillment,7.0,15.7,0,15.8,15.4,normal
2025-06-01T07:00:00,Eastside_Fulfillment,8.3,16.9,0,17.9,17.4,normal
2025-06-01T08:00:00,Eastside_Fulfillment,7.4,14.2,0,19.1,16.4,normal
2025-06-01T09:00:00,Eastside_Fulfillment,9.9,17.6,0,21.9,17.9,normal
2025-06-01T10:00:00,Eastside_Fulfillment,9.5,15.8,0,22.4,16.1,normal
2025-06-01T11:00:00,Eastside_Fulfillment,9.2,13.5,0,24.9,17.9,normal
2025-06-01T12:00:00,Eastside_Fulfillment,12.7,18.5,0,24.8,14.7,normal
2025-06-01T13:00:00,Eastside_Fulfillment,14.1,21.6,0,26.1,16.8,normal
2025-06-01T14:00:00,Eastside_Fulfillment,15.2,19.5,0,26.3,16.1,normal
2025-06-01T15:00:00,Eastside_Fulfillment,16.1,19.8,0,23.8,16.8,normal
2025-06-01T16:00:00,Eastside_Fulfillment,16.2,23.5,0,23.5,16.6,normal
2025-06-01T17:00:00,Eastside_Fulfillment,16.3,24.8,0,23.0,16.3,normal
2025-06-01T18:00:00,Eastside_Fulfillment,13.8,20.0,0,20.6,16.8,normal
2025-06-01T19:00:00,Eastside_Fulfillment,12.8,15.1,0,18.3,15.0,normal
2025-06-01T20:00:00,Eastside_Fulfillment,15.1,23.1,0,16.7,15.4,normal
2025-06-01T21:00:00,Eastside_Fulfillment,17.5,24.4,0,15.4,16.6,normal
2025-06-01T22:00:00,Eastside_Fulfillment,13.4,17.7,0,13.8,16.5,normal
2025-06-01T23:00:00,Eastside_Fulfillment,12.3,15.0,0,11.3,17.3,normal
2025-06-02T00:00:00,Northside_Fulfillment,9.3,13.5,0,10.9,17.0,normal
2025-06-02T01:00:00,Northside_Fulfillment,10.8,13.1,0,10.7,14.3,normal
2025-06-02T02:00:00,Northside_Fulfillment,7.7,10.3,0,12.0,16.1,normal
2025-06-02T03:00:00,Northside_Fulfillment,5.9,11.0,0,12.3,13.7,normal
2025-06-02T04:00:00,Northside_Fulfillment,3.1,8.4,0,13.3,15.3,normal
2025-06-02T05:00:00,Northside_Fulfillment,8.4,12.4,0,13.9,16.3,normal
2025-06-02T06:00:00,Northside_Fulfillment,6.0,11.3,0,17.8,17.3,normal
2025-06-02T07:00:00,Northside_Fulfillment,9.3,11.6,0,16.9,14.7,normal
2025-06-02T08:00:00,Northside_Fulfillment,10.1,13.0,0,21.1,16.3,normal
2025-06-02T09:00:00,Northside_Fulfillment,7.2,9.4,0,20.3,16.9,normal
2025-06-02T10:00:00,Northside_Fulfillment,8.5,12.3,0,23.1,15.1,normal
2025-06-02T11:00:00,Northside_Fulfillment,11.3,14.7,0,23.7,14.1,normal
2025-06-02T12:00:00,Northside_Fulfillment,12.0,17.1,0,23.6,17.3,normal
2025-06-02T13:00:00,Northside_Fulfillment,16.5,18.7,0,24.2,17.2,normal
2025-06-02T14:00:00,Northside_Fulfillment,13.6,21.1,0,23.2,13.7,normal
2025-06-02T15:00:00,Northside_Fulfillment,16.5,19.5,0,23.3,17.4,normal
2025-06-02T16:00:00,Northside_Fulfillment,17.6,20.9,0,22.4,15.5,normal
2025-06-02T17:00:00,Northside_Fulfillment,15.6,23.8,0,21.0,15.9,normal
2025-06-02T18:00:00,Northside_Fulfillment,15.6,20.5,0,19.6,14.7,normal
2025-06-02T19:00:00,Northside_Fulfillment,19.1,24.6,0,17.9,15.1,normal
2025-06-02T20:00:00,Northside_Fulfillment,13.0,21.5,0,17.5,17.2,normal
2025-06-02T21:00:00,Northside_Fulfillment,13.9,21.0,0,16.2,17.5,normal
2025-06-02T22:00:00,Northside_Fulfillment,11.9,19.2,0,13.8,18,normal
2025-06-02T23:00:00,Northside_Fulfillment,12.2,18.2,0,12.9,15.7,normal
2025-06-02T00:00:00,Central_Fulfillment,9.6,13.8,0,11.4,15.2,normal
2025-06-02T01:00:00,Central_Fulfillment,6.8,12.8,0,11.3,15.5,normal
2025-06-02T02:00:00,Central_Fulfillment,4.2,11.2,0,12.5,15.8,normal
2025-06-02T03:00:00,Central_Fulfillment,8.9,14.3,0,12.0,16.8,normal
2025-06-02T04:00:00,Central_Fulfillment,9.3,13.5,0,14.2,15.8,normal
2025-06-02T05:00:00,Central_Fulfillment,5.6,7.9,0,13.9,14.9,normal
2025-06-02T06:00:00,Central_Fulfillment,2,9.9,0,16.5,15.7,normal
2025-06-02T07:00:00,Central_Fulfillment,8.1,13.7,0,17.1,15.7,normal
2025-06-02T08:00:00,Central_Fulfillment,6.8,14.4,0,17.7,15.4,normal
2025-06-02T09:00:00,Central_Fulfillment,9.9,12.2,0,19.9,17.7,normal
2025-06-02T10:00:00,Central_Fulfillment,10.6,13.4,0,22.1,16.8,normal
2025-06-02T11:00:00,Central_Fulfillment,9.6,15.8,0,24.9,16.0,normal
2025-06-02T12:00:00,Central_Fulfillment,10.4,18.6,0,25.0,16.9,normal
2025-06-02T13:00:00,Central_Fulfillment,11.6,16.1,0,25.5,15.8,normal
2025-06-02T14:00:00,Central_Fulfillment,14.0,19.6,0,24.3,14.7,normal
2025-06-02T15:00:00,Central_Fulfillment,19.3,27.9,0,25.4,15.6,normal
2025-06-02T16:00:00,Central_Fulfillment,11.2,17.2,0,23.2,12.6,normal
2025-06-02T17:00:00,Central_Fulfillment,14.4,17.0,0,23.2,15.6,normal
2025-06-02T18:00:00,Central_Fulfillment,12.3,14.8,0,20.0,15.2,normal
2025-06-02T19:00:00,Central_Fulfillment,11.1,14.5,0,17.0,14.5,normal
2025-06-02T20:00:00,Central_Fulfillment,15.8,20.1,0,17.3,15.2,normal
2025-06-02T21:00:00,Central_Fulfillment,12.4,17.6,0,14.7,16.5,normal
2025-06-02T22:00:00,Central_Fulfillment,13.7,20.5,0,13.7,15.9,normal
2025-06-02T23:00:00,Central_Fulfillment,10.8,15.4,0,10.7,16.7,normal
2025-06-02T00:00:00,Eastside_Fulfillment,10.8,13.0,0,10.9,15.5,normal
2025-06-02T01:00:00,Eastside_Fulfillment,3.5,11.5,0,11.7,16.1,normal
2025-06-02T02:00:00,Eastside_Fulfillment,7.1,10.3,0,11.5,15.8,normal
2025-06-02T03:00:00,Eastside_Fulfillment,8.8,16.6,0,11.2,15.6,normal
2025-06-02T04:00:00,Eastside_Fulfillment,7.3,15.0,0,14.4,14.5,normal
2025-06-02T05:00:00,Eastside_Fulfillment,7.8,13.9,0,14.4,16.0,normal
2025-06-02T06:00:00,Eastside_Fulfillment,6.0,13.8,0,16.8,17.1,normal
2025-06-02T07:00:00,Eastside_Fulfillment,9.1,11.7,0,16.7,15.2,normal
2025-06-02T08:00:00,Eastside_Fulfillment,10.0,18.8,0,21.0,14.9,normal
2025-06-02T09:00:00,Eastside_Fulfillment,11.8,17.2,0,21.7,16.6,normal
2025-06-02T10:00:00,Eastside_Fulfillment,14.2,18.7,0,22.5,16.7,normal
2025-06-02T11:00:00,Eastside_Fulfillment,12.5,17.8,0,23.2,17.1,normal
2025-06-02T12:00:00,Eastside_Fulfillment,11.1,16.3,0,24.7,18,normal
2025-06-02T13:00:00,Eastside_Fulfillment,11.6,18.9,0,26.2,15.7,normal
2025-06-02T14:00:00,Eastside_Fulfillment,14.8,21.5,0,23.5,14.9,normal
2025-06-02T15:00:00,Eastside_Fulfillment,15.6,18.5,0,25.1,16.2,normal
2025-06-02T16:00:00,Eastside_Fulfillment,14.2,18.1,0,22.9,15.1,normal
2025-06-02T17:00:00,Eastside_Fulfillment,18.1,22.3,0,21.7,16.4,normal
2025-06-02T18:00:00,Eastside_Fulfillment,15.4,23.7,0,18.8,16.7,normal
2025-06-02T19:00:00,Eastside_Fulfillment,13.4,17.0,0,17.6,15.8,normal
2025-06-02T20:00:00,Eastside_Fulfillment,16.8,21.6,0,15.7,15.0,normal
2025-06-02T21:00:00,Eastside_Fulfillment,11.4,17.1,0,14.8,14.7,normal
2025-06-02T22:00:00,Eastside_Fulfillment,13.0,15.3,0,11.0,15.8,normal
2025-06-02T23:00:00,Eastside_Fulfillment,10.0,13.9,0,11.3,15.7,normal
2025-06-03T00:00:00,Northside_Fulfillment,12.0,19.8,0,11.5,16.4,normal
2025-06-03T01:00:00,Northside_Fulfillment,11.0,19.5,0,11.9,15.9,normal
2025-06-03T02:00:00,Northside_Fulfillment,8.2,14.4,0,12.6,17.6,normal
2025-06-03T03:00:00,Northside_Fulfillment,3.4,8.0,0,12.4,13.1,normal
2025-06-03T04:00:00,Northside_Fulfillment,6.6,12.7,0,14.5,15.7,normal
2025-06-03T05:00:00,Northside_Fulfillment,7.6,13.0,0,13.2,18,normal
2025-06-03T06:00:00,Northside_Fulfillment,5.5,8.5,0,17.0,15.6,normal
2025-06-03T07:00:00,Northside_Fulfillment,9.5,16.6,0,17.5,16.2,normal
2025-06-03T08:00:00,Northside_Fulfillment,9.3,13.2,0,19.7,16.4,normal
2025-06-03T09:00:00,Northside_Fulfillment,8.4,15.6,0,21.2,17.3,normal
2025-06-03T10:00:00,Northside_Fulfillment,10.7,13.6,0,22.8,14.6,normal
2025-06-03T11:00:00,Northside_Fulfillment,10.2,17.9,0,25.4,16.3,normal
2025-06-03T12:00:00,Northside_Fulfillment,10.2,14.9,0,25.0,16.0,normal
2025-06-03T13:00:00,Northside_Fulfillment,15.9,18.7,0,25.3,17.7,normal
2025-06-03T14:00:00,Northside_Fulfillment,17.2,25.7,0,23.5,15.6,normal
2025-06-03T15:00:00,Northside_Fulfillment,19.1,21.6,0,24.2,16.5,normal
2025-06-03T16:00:00,Northside_Fulfillment,14.5,23.3,0,24.1,15.9,normal
2025-06-03T17:00:00,Northside_Fulfillment,12.7,16.4,0,21.1,14.8,normal
2025-06-03T18:00:00,Northside_Fulfillment,14.4,20.6,0,18.7,16.2,normal
2025-06-03T19:00:00,Northside_Fulfillment,10.8,14.6,0,17.9,15.8,normal
2025-06-03T20:00:00,Northside_Fulfillment,12.1,17.4,0,17.1,16.1,normal
2025-06-03T21:00:00,Northside_Fulfillment,12.9,15.3,0,14.7,17.4,normal
2025-06-03T22:00:00,Northside_Fulfillment,13.2,17.4,0,14.1,16.6,normal
2025-06-03T23:00:00,Northside_Fulfillment,9.7,12.9,0,11.6,16.8,normal
2025-06-03T00:00:00,Central_Fulfillment,12.1,19.8,0,11.5,16.1,normal
2025-06-03T01:00:00,Central_Fulfillment,10.5,17.2,0,9.8,16.0,normal
2025-06-03T02:00:00,Central_Fulfillment,8.0,15.0,0,11.5,17.4,normal
2025-06-03T03:00:00,Central_Fulfillment,9.1,12.2,0,11.1,13.9,normal
2025-06-03T04:00:00,Central_Fulfillment,4.6,8.5,0,14.3,17.1,normal
2025-06-03T05:00:00,Central_Fulfillment,8.9,16.3,0,15.4,14.0,normal
2025-06-03T06:00:00,Central_Fulfillment,5.2,13.6,0,14.9,16.6,normal
2025-06-03T07:00:00,Central_Fulfillment,9.2,13.8,0,19.4,16.0,normal
2025-06-03T08:00:00,Central_Fulfillment,9.5,16.9,0,19.4,13.9,normal
2025-06-03T09:00:00,Central_Fulfillment,5.8,13.2,0,21.0,14.5,normal
2025-06-03T10:00:00,Central_Fulfillment,9.3,15.4,0,21.8,16.1,normal
2025-06-03T11:00:00,Central_Fulfillment,12.5,19.2,0,25.2,16.8,normal
2025-06-03T12:00:00,Central_Fulfillment,12.6,16.4,0,23.8,17.1,normal
2025-06-03T13:00:00,Central_Fulfillment,10.2,18.0,0,23.6,15.7,normal
2025-06-03T14:00:00,Central_Fulfillment,16.4,21.5,0,25.4,13.2,normal
2025-06-03T15:00:00,Central_Fulfillment,15.7,19.9,0,24.6,15.8,normal
2025-06-03T16:00:00,Central_Fulfillment,11.1,14.1,0,22.1,17.2,normal
2025-06-03T17:00:00,Central_Fulfillment,16.7,23.9,0,22.7,15.7,normal
2025-06-03T18:00:00,Central_Fulfillment,16.0,19.6,0,19.3,17.2,normal
2025-06-03T19:00:00,Central_Fulfillment,14.9,18.6,0,18.3,15.1,normal
2025-06-03T20:00:00,Central_Fulfillment,12.5,17.8,0,17.1,15.7,normal
2025-06-03T21:00:00,Central_Fulfillment,12.4,15.3,0,14.5,16.2,normal
2025-06-03T22:00:00,Central_Fulfillment,9.7,16.5,0,12.9,17.6,normal
2025-06-03T23:00:00,Central_Fulfillment,10.9,17.9,0,12.6,16.9,normal
2025-06-03T00:00:00,Eastside_Fulfillment,13.2,21.2,0,10.4,16.5,normal
2025-06-03T01:00:00,Eastside_Fulfillment,8.7,15.1,0,11.1,13.5,normal
2025-06-03T02:00:00,Eastside_Fulfillment,11.2,18.6,0,11.9,15.4,normal
2025-06-03T03:00:00,Eastside_Fulfillment,7.3,15.3,0,10.8,14.7,normal
2025-06-03T04:00:00,Eastside_Fulfillment,9.3,17.7,0,12.4,16.7,normal
2025-06-03T05:00:00,Eastside_Fulfillment,5.5,10.6,0,13.7,16.1,normal
2025-06-03T06:00:00,Eastside_Fulfillment,5.9,13.4,0,16.3,15.6,normal
2025-06-03T07:00:00,Eastside_Fulfillment,9.7,12.9,0,17.5,14.2,normal
2025-06-03T08:00:00,Eastside_Fulfillment,9.1,11.2,0,19.7,16.4,normal
2025-06-03T09:00:00,Eastside_Fulfillment,8.0,13.1,0,22.8,15.8,normal
2025-06-03T10:00:00,Eastside_Fulfillment,11.0,13.6,0,23.1,15.5,normal
2025-06-03T11:00:00,Eastside_Fulfillment,11.2,19.1,0,24.5,16.0,normal
2025-06-03T12:00:00,Eastside_Fulfillment,12.4,21.3,0,24.3,14.8,normal
2025-06-03T13:00:00,Eastside_Fulfillment,15.2,23.1,0,24.3,14.1,normal
2025-06-03T14:00:00,Eastside_Fulfillment,13.9,22.8,0,25.3,14.6,normal
2025-06-03T15:00:00,Eastside_Fulfillment,13.0,16.3,0,23.0,15.8,normal
2025-06-03T16:00:00,Eastside_Fulfillment,17.0,23.7,0,24.5,15.2,normal
2025-06-03T17:00:00,Eastside_Fulfillment,19.3,21.4,0,21.0,16.6,normal
2025-06-03T18:00:00,Eastside_Fulfillment,13.5,20.4,0,20.1,15.3,normal
2025-06-03T19:00:00,Eastside_Fulfillment,15.7,21.9,0,16.7,16.6,normal
2025-06-03T20:00:00,Eastside_Fulfillment,17.1,21.7,0,16.1,15.1,normal
2025-06-03T21:00:00,Eastside_Fulfillment,13.1,15.5,0,15.9,15.4,normal
2025-06-03T22:00:00,Eastside_Fulfillment,14.5,18.7,0,13.0,16.2,normal
2025-06-03T23:00:00,Eastside_Fulfillment,13.4,21.2,0,11.0,17.3,normal
2025-06-04T00:00:00,Northside_Fulfillment,12.9,19.4,0,10.4,16.5,normal
2025-06-04T01:00:00,Northside_Fulfillment,9.7,15.6,0,11.0,16.4,normal
2025-06-04T02:00:00,Northside_Fulfillment,7.3,15.6,0,11.0,14.4,normal
2025-06-04T03:00:00,Northside_Fulfillment,10.1,17.9,0,12.6,15.9,normal
2025-06-04T04:00:00,Northside_Fulfillment,5.1,7.4,0,14.4,14.9,normal
2025-06-04T05:00:00,Northside_Fulfillment,6.2,9.7,0,13.4,17.2,normal
2025-06-04T06:00:00,Northside_Fulfillment,4.4,7.2,0,16.6,16.6,normal
2025-06-04T07:00:00,Northside_Fulfillment,8.7,15.2,0,18.0,16.1,normal
2025-06-04T08:00:00,Northside_Fulfillment,10.1,12.3,0,18.3,17.1,normal
2025-06-04T09:00:00,Northside_Fulfillment,6.7,12.1,0,21.2,16.1,normal
2025-06-04T10:00:00,Northside_Fulfillment,9.3,15.3,0,23.4,14.2,normal
2025-06-04T11:00:00,Northside_Fulfillment,8.8,10.9,0,22.9,14.8,normal
2025-06-04T12:00:00,Northside_Fulfillment,13.5,17.8,0,24.5,16.4,normal
2025-06-04T13:00:00,Northside_Fulfillment,16.3,21.1,0,24.3,16.0,normal
2025-06-04T14:00:00,Northside_Fulfillment,12.6,16.4,0,25.1,16.7,normal
2025-06-04T15:00:00,Northside_Fulfillment,13.2,19.7,0,24.5,18.0,normal
2025-06-04T16:00:00,Northside_Fulfillment,14.2,20.8,0,23.2,16.4,normal
2025-06-04T17:00:00,Northside_Fulfillment,15.9,22.7,0,21.5,16.0,normal
2025-06-04T18:00:00,Northside_Fulfillment,11.4,19.3,0,19.9,16.9,normal
2025-06-04T19:00:00,Northside_Fulfillment,12.9,17.5,0,18.0,15.9,normal
2025-06-04T20:00:00,Northside_Fulfillment,12.0,18.1,0,16.5,16.8,normal
2025-06-04T21:00:00,Northside_Fulfillment,12.0,21.0,0,14.1,13.5,normal
2025-06-04T22:00:00,Northside_Fulfillment,12.0,15.4,0,13.7,16.5,normal
2025-06-04T23:00:00,Northside_Fulfillment,14.8,22.4,0,12.9,15.9,normal
2025-06-04T00:00:00,Central_Fulfillment,11.5,17.2,0,11.5,15.0,normal
2025-06-04T01:00:00,Central_Fulfillment,7.3,12.7,0,10.2,16.5,normal
2025-06-04T02:00:00,Central_Fulfillment,9.6,18.0,0,12.2,15.2,normal
2025-06-04T03:00:00,Central_Fulfillment,5.6,13.4,0,11.4,16.9,normal
2025-06-04T04:00:00,Central_Fulfillment,7.3,15.5,0,13.1,15.9,normal
2025-06-04T05:00:00,Central_Fulfillment,3.7,8.9,0,15.4,15.0,normal
2025-06-04T06:00:00,Central_Fulfillment,7.9,14.3,0,14.9,16.2,normal
2025-06-04T07:00:00,Central_Fulfillment,5.5,11.5,0,18.0,17.4,normal
2025-06-04T08:00:00,Central_Fulfillment,8.3,15.1,0,19.8,15.7,normal
2025-06-04T09:00:00,Central_Fulfillment,5.9,9.8,0,21.3,15.4,normal
2025-06-04T10:00:00,Central_Fulfillment,10.5,19.3,0,23.2,16.6,normal
2025-06-04T11:00:00,Central_Fulfillment,7.6,13.6,0,23.8,15.6,normal
2025-06-04T12:00:00,Central_Fulfillment,8.9,10.9,0,25.9,15.8,normal
2025-06-04T13:00:00,Central_Fulfillment,12.9,20.7,0,25.0,16.9,normal
2025-06-04T14:00:00,Central_Fulfillment,13.0,19.9,0,24.5,16.2,normal
2025-06-04T15:00:00,Central_Fulfillment,13.8,18.1,0,23.6,15.0,normal
2025-06-04T16:00:00,Central_Fulfillment,13.1,18.3,0,24.8,16.9,normal
2025-06-04T17:00:00,Central_Fulfillment,18.2,23.5,0,21.8,14.4,normal
2025-06-04T18:00:00,Central_Fulfillment,13.8,17.5,0,20.9,16.5,normal
2025-06-04T19:00:00,Central_Fulfillment,17.0,21.0,0,15.9,13.8,normal
2025-06-04T20:00:00,Central_Fulfillment,15.9,22.2,0,15.6,16.0,normal
2025-06-04T21:00:00,Central_Fulfillment,15.5,19.6,0,13.4,15.5,normal
2025-06-04T22:00:00,Central_Fulfillment,10.9,13.5,0,12.7,15.5,normal
2025-06-04T23:00:00,Central_Fulfillment,13.1,18.4,0,10.7,16.0,normal
2025-06-04T00:00:00,Eastside_Fulfillment,12.7,17.1,0,11.5,16.6,normal
2025-06-04T01:00:00,Eastside_Fulfillment,11.6,15.0,0,11.0,16.7,normal
2025-06-04T02:00:00,Eastside_Fulfillment,5.2,11.1,0,11.8,16.3,normal
2025-06-04T03:00:00,Eastside_Fulfillment,5.1,11.6,0,12.4,15.3,normal
2025-06-04T04:00:00,Eastside_Fulfillment,10.4,19.0,0,13.2,16.9,normal
2025-06-04T05:00:00,Eastside_Fulfillment,10.0,13.5,0,15.6,16.7,normal
2025-06-04T06:00:00,Eastside_Fulfillment,11.0,16.2,0,15.5,17.0,normal
2025-06-04T07:00:00,Eastside_Fulfillment,9.4,18.4,0,17.4,16.3,normal
2025-06-04T08:00:00,Eastside_Fulfillment,11.7,14.1,0,19.7,16.6,normal
2025-06-04T09:00:00,Eastside_Fulfillment,10.4,17.0,0,21.9,14.9,normal
2025-06-04T10:00:00,Eastside_Fulfillment,8.5,13.0,0,21.8,16.1,normal
2025-06-04T11:00:00,Eastside_Fulfillment,8.9,13.3,0,24.3,15.7,normal
2025-06-04T12:00:00,Eastside_Fulfillment,12.5,19.3,0,24.4,15.6,normal
2025-06-04T13:00:00,Eastside_Fulfillment,11.6,15.2,0,25.4,17.1,normal
2025-06-04T14:00:00,Eastside_Fulfillment,17.3,26.1,0,24.3,15.0,normal
2025-06-04T15:00:00,Eastside_Fulfillment,14.5,17.1,0,24.2,15.4,normal
2025-06-04T16:00:00,Eastside_Fulfillment,13.3,20.8,0,22.5,15.3,normal
2025-06-04T17:00:00,Eastside_Fulfillment,13.5,17.8,0,22.2,16.2,normal
2025-06-04T18:00:00,Eastside_Fulfillment,15.4,24.1,0,19.4,16.0,normal
2025-06-04T19:00:00,Eastside_Fulfillment,12.7,18.5,0,18.1,15.4,normal
2025-06-04T20:00:00,Eastside_Fulfillment,15.8,19.2,0,15.3,15.9,normal
2025-06-04T21:00:00,Eastside_Fulfillment,17.1,25.3,0,14.8,17.7,normal
2025-06-04T22:00:00,Eastside_Fulfillment,12.1,14.5,0,13.2,16.4,normal
2025-06-04T23:00:00,Eastside_Fulfillment,8.2,13.8,0,11.9,16.5,normal
2025-06-05T00:00:00,Northside_Fulfillment,10.4,18.6,0,11.9,15.5,normal
2025-06-05T01:00:00,Northside_Fulfillment,10.1,16.6,0,9.4,14.7,normal
2025-06-05T02:00:00,Northside_Fulfillment,5.2,7.2,0,12.0,16.7,normal
2025-06-05T03:00:00,Northside_Fulfillment,6.2,15.2,0,11.7,15.9,normal
2025-06-05T04:00:00,Northside_Fulfillment,8.1,13.2,0,14.1,15.7,normal
2025-06-05T05:00:00,Northside_Fulfillment,10.1,15.9,0,14.6,16.5,normal
2025-06-05T06:00:00,Northside_Fulfillment,5.6,10.2,0,15.1,15.9,normal
2025-06-05T07:00:00,Northside_Fulfillment,7.1,9.8,0,18.2,15.8,normal
2025-06-05T08:00:00,Northside_Fulfillment,7.5,9.9,0,19.9,16.4,normal
2025-06-05T09:00:00,Northside_Fulfillment,13.5,21.5,0,21.2,16.6,normal
2025-06-05T10:00:00,Northside_Fulfillment,8.4,12.9,0,23.2,15.8,normal
2025-06-05T11:00:00,Northside_Fulfillment,12.5,14.8,0,22.6,16.0,normal
2025-06-05T12:00:00,Northside_Fulfillment,8.8,16.8,0,24.2,17.8,normal
2025-06-05T13:00:00,Northside_Fulfillment,13.3,22.0,0,25.4,16.2,normal
2025-06-05T14:00:00,Northside_Fulfillment,13.8,20.5,0,25.3,13.8,normal
2025-06-05T15:00:00,Northside_Fulfillment,14.7,23.1,0,23.2,16.3,normal
2025-06-05T16:00:00,Northside_Fulfillment,13.2,16.4,0,22.4,16.9,normal
2025-06-05T17:00:00,Northside_Fulfillment,13.5,17.2,0,20.7,14.9,normal
2025-06-05T18:00:00,Northside_Fulfillment,13.8,15.8,0,19.5,14.7,normal
2025-06-05T19:00:00,Northside_Fulfillment,13.1,17.3,0,17.7,15.2,normal
2025-06-05T20:00:00,Northside_Fulfillment,13.8,15.9,0,15.6,17.6,normal
2025-06-05T21:00:00,Northside_Fulfillment,12.4,19.8,0,15.7,15.9,normal
2025-06-05T22:00:00,Northside_Fulfillment,9.7,16.0,0,12.1,15.1,normal
2025-06-05T23:00:00,Northside_Fulfillment,10.0,16.2,0,12.1,15.6,normal
2025-06-05T00:00:00,Central_Fulfillment,9.0,14.8,0,10.8,15.2,normal
2025-06-05T01:00:00,Central_Fulfillment,9.8,17.6,0,12.3,17.6,normal
2025-06-05T02:00:00,Central_Fulfillment,10.1,17.2,0,11.4,15.2,normal
2025-06-05T03:00:00,Central_Fulfillment,2,7.1,0,10.2,17.3,normal
2025-06-05T04:00:00,Central_Fulfillment,11.1,15.8,0,14.5,14.0,normal
2025-06-05T05:00:00,Central_Fulfillment,9.8,16.9,0,15.1,15.8,normal
2025-06-05T06:00:00,Central_Fulfillment,6.7,9.8,0,16.0,16.2,normal
2025-06-05T07:00:00,Central_Fulfillment,9.5,18.2,0,17.4,15.4,normal
2025-06-05T08:00:00,Central_Fulfillment,6.9,10.5,0,19.6,16.5,normal
2025-06-05T09:00:00,Central_Fulfillment,4.9,11.5,0,22.0,15.4,normal
2025-06-05T10:00:00,Central_Fulfillment,8.5,16.8,0,23.7,16.4,normal
2025-06-05T11:00:00,Central_Fulfillment,10.0,15.4,0,24.1,16.9,normal
2025-06-05T12:00:00,Central_Fulfillment,11.6,18.2,0,23.9,16.2,normal
2025-06-05T13:00:00,Central_Fulfillment,15.9,19.5,0,24.0,16.5,normal
2025-06-05T14:00:00,Central_Fulfillment,15.4,19.3,0,23.9,15.7,normal
2025-06-05T15:00:00,Central_Fulfillment,13.5,20.0,0,21.8,14.0,normal
2025-06-05T16:00:00,Central_Fulfillment,14.3,22.8,0,23.0,15.7,normal
2025-06-05T17:00:00,Central_Fulfillment,16.7,20.4,0,21.9,16.4,normal
2025-06-05T18:00:00,Central_Fulfillment,13.2,20.2,0,20.0,14.6,normal
2025-06-05T19:00:00,Central_Fulfillment,14.4,17.1,0,18.3,15.5,normal
2025-06-05T20:00:00,Central_Fulfillment,12.3,14.4,0,15.6,14.6,normal
2025-06-05T21:00:00,Central_Fulfillment,13.9,16.9,0,14.0,16.4,normal
2025-06-05T22:00:00,Central_Fulfillment,12.6,19.8,0,14.3,14.1,normal
2025-06-05T23:00:00,Central_Fulfillment,13.1,18.6,0,12.9,16.6,normal
2025-06-05T00:00:00,Eastside_Fulfillment,11.4,13.6,0,11.0,15.0,normal
2025-06-05T01:00:00,Eastside_Fulfillment,8.6,12.6,0,11.1,17.2,normal
2025-06-05T02:00:00,Eastside_Fulfillment,12.8,21.1,0,12.0,16.1,normal
2025-06-05T03:00:00,Eastside_Fulfillment,4.6,7.0,0,11.6,15.7,normal
2025-06-05T04:00:00,Eastside_Fulfillment,9.2,16.9,0,13.4,15.9,normal
2025-06-05T05:00:00,Eastside_Fulfillment,4.6,9.2,0,15.0,16.7,normal
2025-06-05T06:00:00,Eastside_Fulfillment,8.5,12.5,0,17.4,16.8,normal
2025-06-05T07:00:00,Eastside_Fulfillment,6.9,15.9,0,17.8,15.9,normal
2025-06-05T08:00:00,Eastside_Fulfillment,8.1,10.3,0,20.1,17.4,normal
2025-06-05T09:00:00,Eastside_Fulfillment,7.2,11.2,0,20.8,14.5,normal
2025-06-05T10:00:00,Eastside_Fulfillment,10.8,18.3,0,23.1,16.9,normal
2025-06-05T11:00:00,Eastside_Fulfillment,15.0,20.9,0,24.3,15.1,normal
2025-06-05T12:00:00,Eastside_Fulfillment,10.0,13.0,0,23.9,16.1,normal
2025-06-05T13:00:00,Eastside_Fulfillment,14.0,21.4,0,25.7,13.9,normal
2025-06-05T14:00:00,Eastside_Fulfillment,15.3,22.3,0,24.4,15.1,normal
2025-06-05T15:00:00,Eastside_Fulfillment,15.0,22.4,0,23.3,15.6,normal
2025-06-05T16:00:00,Eastside_Fulfillment,12.3,18.6,0,23.2,17.1,normal
2025-06-05T17:00:00,Eastside_Fulfillment,18.4,24.9,0,22.1,14.8,normal
2025-06-05T18:00:00,Eastside_Fulfillment,10.4,16.3,0,19.9,17.1,normal
2025-06-05T19:00:00,Eastside_Fulfillment,13.7,21.8,0,17.4,17.5,normal
2025-06-05T20:00:00,Eastside_Fulfillment,13.2,17.9,0,16.3,15.6,normal
2025-06-05T21:00:00,Eastside_Fulfillment,11.5,19.3,0,14.3,16.4,normal
2025-06-05T22:00:00,Eastside_Fulfillment,7.9,14.1,0,12.6,15.4,normal
2025-06-05T23:00:00,Eastside_Fulfillment,13.6,20.1,0,10.8,17.3,normal
2025-06-06T00:00:00,Northside_Fulfillment,9.0,13.4,0,10.8,14.9,normal
2025-06-06T01:00:00,Northside_Fulfillment,10.4,13.0,0,11.5,15.7,normal
2025-06-06T02:00:00,Northside_Fulfillment,10.1,15.0,0,13.1,15.6,normal
2025-06-06T03:00:00,Northside_Fulfillment,8.6,13.2,0,10.6,14.2,normal
2025-06-06T04:00:00,Northside_Fulfillment,3.9,7.4,0,12.8,15.7,normal
2025-06-06T05:00:00,Northside_Fulfillment,6.0,11.3,0,12.5,16.5,normal
2025-06-06T06:00:00,Northside_Fulfillment,10.1,17.8,0,17.1,15.6,normal
2025-06-06T07:00:00,Northside_Fulfillment,9.9,14.5,0,20.0,15.6,normal
2025-06-06T08:00:00,Northside_Fulfillment,4.4,13.1,0,19.2,15.4,normal
2025-06-06T09:00:00,Northside_Fulfillment,11.2,16.1,0,20.8,17.2,normal
2025-06-06T10:00:00,Northside_Fulfillment,12.2,20.5,0,23.0,17.7,normal
2025-06-06T11:00:00,Northside_Fulfillment,11.6,16.6,0,24.3,15.3,normal
2025-06-06T12:00:00,Northside_Fulfillment,14.9,22.2,0,23.0,15.1,normal
2025-06-06T13:00:00,Northside_Fulfillment,14.3,17.6,0,25.0,16.6,normal
2025-06-06T14:00:00,Northside_Fulfillment,15.5,24.2,0,26.0,16.3,normal
2025-06-06T15:00:00,Northside_Fulfillment,13.3,18.1,0,24.3,15.6,normal
2025-06-06T16:00:00,Northside_Fulfillment,15.3,21.3,0,22.8,16.0,normal
2025-06-06T17:00:00,Northside_Fulfillment,13.0,21.4,0,21.3,16.1,normal
2025-06-06T18:00:00,Northside_Fulfillment,14.0,19.3,0,20.8,15.3,normal
2025-06-06T19:00:00,Northside_Fulfillment,13.3,16.6,0,16.7,15.7,normal
2025-06-06T20:00:00,Northside_Fulfillment,11.2,13.2,0,16.9,15.1,normal
2025-06-06T21:00:00,Northside_Fulfillment,10.9,15.8,0,14.9,13.4,normal
2025-06-06T22:00:00,Northside_Fulfillment,13.4,19.3,0,13.4,16.2,normal
2025-06-06T23:00:00,Northside_Fulfillment,12.5,19.1,0,12.9,15.1,normal
2025-06-06T00:00:00,Central_Fulfillment,10.2,15.1,0,12.1,18,normal
2025-06-06T01:00:00,Central_Fulfillment,5.3,9.7,0,10.3,17.1,normal
2025-06-06T02:00:00,Central_Fulfillment,7.0,10.1,0,10.7,16.9,normal
2025-06-06T03:00:00,Central_Fulfillment,7.7,13.1,0,10.6,16.0,normal
2025-06-06T04:00:00,Central_Fulfillment,6.6,10.1,0,13.2,16.0,normal
2025-06-06T05:00:00,Central_Fulfillment,9.3,16.3,0,14.2,17.0,normal
2025-06-06T06:00:00,Central_Fulfillment,8.1,14.2,0,17.6,16.4,normal
2025-06-06T07:00:00,Central_Fulfillment,8.1,12.9,0,17.9,15.3,normal
2025-06-06T08:00:00,Central_Fulfillment,6.9,10.0,0,18.4,15.3,normal
2025-06-06T09:00:00,Central_Fulfillment,6.4,9.5,0,20.5,17.0,normal
2025-06-06T10:00:00,Central_Fulfillment,12.6,16.4,0,23.6,15.9,normal
2025-06-06T11:00:00,Central_Fulfillment,11.3,18.1,0,23.0,15.7,normal
2025-06-06T12:00:00,Central_Fulfillment,11.8,20.5,0,24.2,15.1,normal
2025-06-06T13:00:00,Central_Fulfillment,14.9,21.9,0,25.2,15.1,normal
2025-06-06T14:00:00,Central_Fulfillment,15.0,18.3,0,25.4,15.0,normal
2025-06-06T15:00:00,Central_Fulfillment,14.9,17.0,0,23.1,15.2,normal
2025-06-06T16:00:00,Central_Fulfillment,14.9,23.8,0,22.7,15.4,normal
2025-06-06T17:00:00,Central_Fulfillment,16.9,24.8,0,22.0,14.9,normal
2025-06-06T18:00:00,Central_Fulfillment,15.2,21.2,0,20.7,16.0,normal
2025-06-06T19:00:00,Central_Fulfillment,13.5,20.5,0,19.0,14.8,normal
2025-06-06T20:00:00,Central_Fulfillment,13.7,22.3,0,17.4,15.6,normal
2025-06-06T21:00:00,Central_Fulfillment,9.6,11.7,0,15.4,14.3,normal
2025-06-06T22:00:00,Central_Fulfillment,11.6,19.1,0,13.8,16.5,normal
2025-06-06T23:00:00,Central_Fulfillment,8.2,10.2,0,10.8,15.2,normal
2025-06-06T00:00:00,Eastside_Fulfillment,10.0,13.1,0,10.7,16.0,normal
2025-06-06T01:00:00,Eastside_Fulfillment,7.0,13.2,0,11.2,16.8,normal
2025-06-06T02:00:00,Eastside_Fulfillment,10.7,18.0,0,11.4,15.7,normal
2025-06-06T03:00:00,Eastside_Fulfillment,7.7,10.9,0,12.0,14.9,normal
2025-06-06T04:00:00,Eastside_Fulfillment,6.8,10.8,0,13.1,14.2,normal
2025-06-06T05:00:00,Eastside_Fulfillment,6.6,9.1,0,17.1,16.9,normal
2025-06-06T06:00:00,Eastside_Fulfillment,8.6,15.9,0,15.9,16.9,normal
2025-06-06T07:00:00,Eastside_Fulfillment,8.0,16.4,0,17.3,13.7,normal
2025-06-06T08:00:00,Eastside_Fulfillment,7.5,12.7,0,19.0,15.2,normal
2025-06-06T09:00:00,Eastside_Fulfillment,9.4,14.0,0,22.4,14.3,normal
2025-06-06T10:00:00,Eastside_Fulfillment,12.1,20.9,0,23.8,17.2,normal
2025-06-06T11:00:00,Eastside_Fulfillment,9.2,14.0,0,22.4,16.0,normal
2025-06-06T12:00:00,Eastside_Fulfillment,13.7,17.2,0,23.3,15.8,normal
2025-06-06T13:00:00,Eastside_Fulfillment,15.3,20.5,0,26.7,15.3,normal
2025-06-06T14:00:00,Eastside_Fulfillment,17.0,25.0,0,24.0,16.8,normal
2025-06-06T15:00:00,Eastside_Fulfillment,13.0,21.5,0,24.2,15.2,normal
2025-06-06T16:00:00,Eastside_Fulfillment,15.7,21.5,0,23.2,16.3,normal
2025-06-06T17:00:00,Eastside_Fulfillment,13.8,22.5,0,21.2,16.7,normal
2025-06-06T18:00:00,Eastside_Fulfillment,14.9,23.1,0,20.0,16.2,normal
2025-06-06T19:00:00,Eastside_Fulfillment,16.8,21.7,0,18.1,16.7,normal
2025-06-06T20:00:00,Eastside_Fulfillment,9.9,18.0,0,15.6,13.8,normal
2025-06-06T21:00:00,Eastside_Fulfillment,13.8,17.7,0,15.6,16.6,normal
2025-06-06T22:00:00,Eastside_Fulfillment,12.0,16.2,0,13.5,15.3,normal
2025-06-06T23:00:00,Eastside_Fulfillment,10.1,14.0,0,11.6,17.3,normal
2025-06-07T00:00:00,Northside_Fulfillment,6.5,9.6,0,11.5,15.7,normal
2025-06-07T01:00:00,Northside_Fulfillment,9.7,15.5,0,11.0,16.4,normal
2025-06-07T02:00:00,Northside_Fulfillment,7.8,16.2,0,11.2,14.8,normal
2025-06-07T03:00:00,Northside_Fulfillment,7.4,11.5,0,11.5,16.2,normal
2025-06-07T04:00:00,Northside_Fulfillment,9.2,13.4,0,12.7,16.8,normal
2025-06-07T05:00:00,Northside_Fulfillment,5.8,12.6,0,15.6,16.4,normal
2025-06-07T06:00:00,Northside_Fulfillment,8.1,17.1,0,15.5,15.6,normal
2025-06-07T07:00:00,Northside_Fulfillment,10.5,13.7,0,17.0,15.5,normal
2025-06-07T08:00:00,Northside_Fulfillment,7.6,13.7,0,20.5,16.4,normal
2025-06-07T09:00:00,Northside_Fulfillment,9.4,18.2,0,23.3,18,normal
2025-06-07T10:00:00,Northside_Fulfillment,5.0,9.1,0,23.6,13.9,normal
2025-06-07T11:00:00,Northside_Fulfillment,11.5,18.5,0,25.1,15.8,normal
2025-06-07T12:00:00,Northside_Fulfillment,10.7,13.2,0,24.6,16.3,normal
2025-06-07T13:00:00,Northside_Fulfillment,14.3,22.9,0,24.0,15.7,normal
2025-06-07T14:00:00,Northside_Fulfillment,12.1,17.4,0,24.4,16.2,normal
2025-06-07T15:00:00,Northside_Fulfillment,14.4,17.2,0,25.3,14.5,normal
2025-06-07T16:00:00,Northside_Fulfillment,14.9,21.3,0,24.9,16.2,normal
2025-06-07T17:00:00,Northside_Fulfillment,14.1,17.0,0,21.2,16.0,normal
2025-06-07T18:00:00,Northside_Fulfillment,15.7,22.2,0,19.7,16.5,normal
2025-06-07T19:00:00,Northside_Fulfillment,15.0,21.8,0,18.3,15.3,normal
2025-06-07T20:00:00,Northside_Fulfillment,9.5,16.5,0,17.4,16.0,normal
2025-06-07T21:00:00,Northside_Fulfillment,14.3,17.0,0,15.2,17.0,normal
2025-06-07T22:00:00,Northside_Fulfillment,12.0,20.3,0,13.1,16.7,normal
2025-06-07T23:00:00,Northside_Fulfillment,11.2,15.5,0,12.5,13.7,normal
2025-06-07T00:00:00,Central_Fulfillment,9.6,12.4,0,11.2,15.5,normal
2025-06-07T01:00:00,Central_Fulfillment,8.9,12.7,0,9.7,14.5,normal
2025-06-07T02:00:00,Central_Fulfillment,7.6,12.0,0,11.2,14.1,normal
2025-06-07T03:00:00,Central_Fulfillment,8.5,14.5,0,11.4,17.3,normal
2025-06-07T04:00:00,Central_Fulfillment,7.4,11.0,0,13.8,13.6,normal
2025-06-07T05:00:00,Central_Fulfillment,8.6,11.1,0,13.9,16.3,normal
2025-06-07T06:00:00,Central_Fulfillment,6.1,11.9,0,16.4,15.7,normal
2025-06-07T07:00:00,Central_Fulfillment,9.6,14.6,0,19.1,15.0,normal
2025-06-07T08:00:00,Central_Fulfillment,11.7,14.8,0,20.5,16.8,normal
2025-06-07T09:00:00,Central_Fulfillment,8.2,15.3,0,21.6,15.2,normal
2025-06-07T10:00:00,Central_Fulfillment,10.0,18.3,0,23.4,18,normal
2025-06-07T11:00:00,Central_Fulfillment,12.6,20.3,0,25.4,15.5,normal
2025-06-07T12:00:00,Central_Fulfillment,10.8,17.9,0,25.1,15.5,normal
2025-06-07T13:00:00,Central_Fulfillment,10.9,13.1,0,25.2,17.9,normal
2025-06-07T14:00:00,Central_Fulfillment,13.8,18.1,0,23.3,14.0,normal
2025-06-07T15:00:00,Central_Fulfillment,14.8,18.5,0,24.0,15.7,normal
2025-06-07T16:00:00,Central_Fulfillment,14.3,21.5,0,22.1,17.0,normal
2025-06-07T17:00:00,Central_Fulfillment,12.5,15.4,0,21.7,15.4,normal
2025-06-07T18:00:00,Central_Fulfillment,17.7,22.3,0,18.7,15.6,normal
2025-06-07T19:00:00,Central_Fulfillment,15.1,21.7,0,18.7,16.9,normal
2025-06-07T20:00:00,Central_Fulfillment,14.9,22.6,0,15.4,15.4,normal
2025-06-07T21:00:00,Central_Fulfillment,11.8,19.2,0,12.9,16.5,normal
2025-06-07T22:00:00,Central_Fulfillment,8.8,12.1,0,13.5,16.1,normal
2025-06-07T23:00:00,Central_Fulfillment,10.5,16.0,0,12.0,16.7,normal
2025-06-07T00:00:00,Eastside_Fulfillment,9.5,16.5,0,11.9,15.5,normal
2025-06-07T01:00:00,Eastside_Fulfillment,9.0,13.0,0,10.9,15.6,normal
2025-06-07T02:00:00,Eastside_Fulfillment,5.6,13.6,0,13.7,15.6,normal
2025-06-07T03:00:00,Eastside_Fulfillment,8.9,13.6,0,13.1,16.3,normal
2025-06-07T04:00:00,Eastside_Fulfillment,6.9,14.7,0,12.2,17.4,normal
2025-06-07T05:00:00,Eastside_Fulfillment,6.2,12.3,0,14.9,14.5,normal
2025-06-07T06:00:00,Eastside_Fulfillment,4.8,7.2,0,16.5,17.2,normal
2025-06-07T07:00:00,Eastside_Fulfillment,7.8,10.3,0,18.4,14.4,normal
2025-06-07T08:00:00,Eastside_Fulfillment,5.5,13.7,0,18.9,17.4,normal
2025-06-07T09:00:00,Eastside_Fulfillment,7.1,13.2,0,21.7,15.2,normal
2025-06-07T10:00:00,Eastside_Fulfillment,7.1,11.0,0,24.1,17.0,normal
2025-06-07T11:00:00,Eastside_Fulfillment,7.8,11.1,0,24.2,16.2,normal
2025-06-07T12:00:00,Eastside_Fulfillment,12.1,15.2,0,26.1,15.1,normal
2025-06-07T13:00:00,Eastside_Fulfillment,13.2,17.7,0,26.5,15.4,normal
2025-06-07T14:00:00,Eastside_Fulfillment,13.3,17.1,0,25.3,15.2,normal
2025-06-07T15:00:00,Eastside_Fulfillment,12.6,20.1,0,24.6,17.7,normal
2025-06-07T16:00:00,Eastside_Fulfillment,11.5,18.7,0,23.9,13.9,normal
2025-06-07T17:00:00,Eastside_Fulfillment,13.4,21.4,0,22.2,16.7,normal
2025-06-07T18:00:00,Eastside_Fulfillment,16.9,19.1,0,20.3,15.5,normal
2025-06-07T19:00:00,Eastside_Fulfillment,15.2,18.1,0,16.8,16.5,normal
2025-06-07T20:00:00,Eastside_Fulfillment,13.3,15.8,0,15.7,15.8,normal
2025-06-07T21:00:00,Eastside_Fulfillment,12.0,18.5,0,14.2,16.2,normal
2025-06-07T22:00:00,Eastside_Fulfillment,15.2,20.3,0,13.2,15.8,normal
2025-06-07T23:00:00,Eastside_Fulfillment,10.8,18.7,0,13.6,15.6,normal
2025-06-08T00:00:00,Northside_Fulfillment,11.8,16.8,0,10.4,16.4,normal
2025-06-08T01:00:00,Northside_Fulfillment,8.3,12.6,0,12.2,15.0,normal
2025-06-08T02:00:00,Northside_Fulfillment,6.9,14.7,0,11.3,15.9,normal
2025-06-08T03:00:00,Northside_Fulfillment,10.6,16.6,0,11.1,15.7,normal
2025-06-08T04:00:00,Northside_Fulfillment,7.2,9.7,0,12.8,14.9,normal
2025-06-08T05:00:00,Northside_Fulfillment,2.7,5.4,0,14.5,15.7,normal
2025-06-08T06:00:00,Northside_Fulfillment,5.6,11.1,0,15.8,17.1,normal
2025-06-08T07:00:00,Northside_Fulfillment,6.5,8.6,0,16.5,16.0,normal
2025-06-08T08:00:00,Northside_Fulfillment,12.2,16.7,0,20.3,16.6,normal
2025-06-08T09:00:00,Northside_Fulfillment,8.9,13.1,0,23.0,16.1,normal
2025-06-08T10:00:00,Northside_Fulfillment,12.8,21.4,0,24.1,15.9,normal
2025-06-08T11:00:00,Northside_Fulfillment,7.0,15.3,0,24.7,15.9,normal
2025-06-08T12:00:00,Northside_Fulfillment,14.5,21.6,0,25.3,16.6,normal
2025-06-08T13:00:00,Northside_Fulfillment,12.4,19.0,0,27.0,15.5,normal
2025-06-08T14:00:00,Northside_Fulfillment,12.7,17.6,0,26.5,13.8,normal
2025-06-08T15:00:00,Northside_Fulfillment,14.5,22.2,0,22.9,17.2,normal
2025-06-08T16:00:00,Northside_Fulfillment,15.5,20.5,0,22.8,16.4,normal
2025-06-08T17:00:00,Northside_Fulfillment,16.2,24.3,0,20.5,15.0,normal
2025-06-08T18:00:00,Northside_Fulfillment,16.1,19.0,0,20.5,16.1,normal
2025-06-08T19:00:00,Northside_Fulfillment,12.3,17.2,0,18.0,18,normal
2025-06-08T20:00:00,Northside_Fulfillment,13.5,19.5,0,16.3,16.6,normal
2025-06-08T21:00:00,Northside_Fulfillment,12.3,16.2,0,14.7,16.0,normal
2025-06-08T22:00:00,Northside_Fulfillment,9.4,16.1,0,12.0,16.3,normal
2025-06-08T23:00:00,Northside_Fulfillment,10.9,15.6,0,12.9,16.1,normal
2025-06-08T00:00:00,Central_Fulfillment,10.6,18.8,0,11.6,16.9,normal
2025-06-08T01:00:00,Central_Fulfillment,8.4,16.3,0,10.1,15.9,normal
2025-06-08T02:00:00,Central_Fulfillment,7.9,11.1,0,11.2,16.5,normal
2025-06-08T03:00:00,Central_Fulfillment,5.3,10.8,0,11.1,16.3,normal
2025-06-08T04:00:00,Central_Fulfillment,8.1,12.5,0,13.2,16.4,normal
2025-06-08T05:00:00,Central_Fulfillment,8.4,17.2,0,14.0,15.8,normal
2025-06-08T06:00:00,Central_Fulfillment,11.3,20.0,0,15.9,16.2,normal
2025-06-08T07:00:00,Central_Fulfillment,8.3,15.7,0,18.9,14.7,normal
2025-06-08T08:00:00,Central_Fulfillment,9.4,12.9,0,19.3,16.0,normal
2025-06-08T09:00:00,Central_Fulfillment,10.6,13.0,0,22.1,16.2,normal
2025-06-08T10:00:00,Central_Fulfillment,9.9,16.5,0,22.8,16.4,normal
2025-06-08T11:00:00,Central_Fulfillment,9.5,14.9,0,25.6,16.1,normal
2025-06-08T12:00:00,Central_Fulfillment,7.7,13.0,0,25.2,15.9,normal
2025-06-08T13:00:00,Central_Fulfillment,14.2,22.1,0,26.3,15.7,normal
2025-06-08T14:00:00,Central_Fulfillment,17.8,24.1,0,23.6,15.8,normal
2025-06-08T15:00:00,Central_Fulfillment,10.9,17.1,0,21.9,15.8,normal
2025-06-08T16:00:00,Central_Fulfillment,13.7,21.1,0,24.5,13.8,normal
2025-06-08T17:00:00,Central_Fulfillment,14.7,23.2,0,22.6,15.8,normal
2025-06-08T18:00:00,Central_Fulfillment,15.0,21.8,0,19.0,15.7,normal
2025-06-08T19:00:00,Central_Fulfillment,10.5,13.2,0,18.7,15.2,normal
2025-06-08T20:00:00,Central_Fulfillment,14.9,21.8,0,15.1,16.1,normal
2025-06-08T21:00:00,Central_Fulfillment,14.1,21.4,0,13.6,17.0,normal
2025-06-08T22:00:00,Central_Fulfillment,15.5,17.8,0,13.3,15.2,normal
2025-06-08T23:00:00,Central_Fulfillment,9.2,16.7,0,11.2,13.9,normal
2025-06-08T00:00:00,Eastside_Fulfillment,10.2,18.5,0,12.8,15.7,normal
2025-06-08T01:00:00,Eastside_Fulfillment,8.1,12.7,0,10.0,17.1,normal
2025-06-08T02:00:00,Eastside_Fulfillment,7.6,9.7,0,11.1,15.9,normal
2025-06-08T03:00:00,Eastside_Fulfillment,5.4,9.3,0,12.9,16.9,normal
2025-06-08T04:00:00,Eastside_Fulfillment,4.4,12.9,0,13.0,14.1,normal
2025-06-08T05:00:00,Eastside_Fulfillment,6.0,8.5,0,15.4,16.4,normal
2025-06-08T06:00:00,Eastside_Fulfillment,8.0,15.2,0,16.2,16.1,normal
2025-06-08T07:00:00,Eastside_Fulfillment,2.8,11.7,0,18.7,14.1,normal
2025-06-08T08:00:00,Eastside_Fulfillment,8.7,12.4,0,20.5,17.9,normal
2025-06-08T09:00:00,Eastside_Fulfillment,10.4,13.4,0,21.4,17.5,normal
2025-06-08T10:00:00,Eastside_Fulfillment,11.4,17.0,0,22.9,15.0,normal
2025-06-08T11:00:00,Eastside_Fulfillment,8.1,11.5,0,23.8,17.4,normal
2025-06-08T12:00:00,Eastside_Fulfillment,11.3,14.1,0,24.8,16.2,normal
2025-06-08T13:00:00,Eastside_Fulfillment,13.1,18.5,0,25.3,15.7,normal
2025-06-08T14:00:00,Eastside_Fulfillment,14.9,21.2,0,24.2,15.1,normal
2025-06-08T15:00:00,Eastside_Fulfillment,18.2,24.2,0,23.4,16.7,normal
2025-06-08T16:00:00,Eastside_Fulfillment,14.9,17.8,0,24.1,14.7,normal
2025-06-08T17:00:00,Eastside_Fulfillment,18.4,20.6,0,20.1,17.0,normal
2025-06-08T18:00:00,Eastside_Fulfillment,16.7,24.2,0,20.3,15.4,normal
2025-06-08T19:00:00,Eastside_Fulfillment,13.5,16.1,0,16.5,15.1,normal
2025-06-08T20:00:00,Eastside_Fulfillment,13.3,18.7,0,16.8,16.5,normal
2025-06-08T21:00:00,Eastside_Fulfillment,13.6,17.3,0,14.1,15.2,normal
2025-06-08T22:00:00,Eastside_Fulfillment,11.8,15.7,0,13.5,15.3,normal
2025-06-08T23:00:00,Eastside_Fulfillment,11.0,15.3,0,12.5,17.0,normal
2025-06-09T00:00:00,Northside_Fulfillment,13.7,20.0,0,11.0,16.4,normal
2025-06-09T01:00:00,Northside_Fulfillment,9.0,13.3,0,11.4,14.9,normal
2025-06-09T02:00:00,Northside_Fulfillment,5.0,7.2,0,11.9,16.8,normal
2025-06-09T03:00:00,Northside_Fulfillment,5.8,11.5,0,10.1,15.5,normal
2025-06-09T04:00:00,Northside_Fulfillment,6.7,9.8,0,11.9,16.5,normal
2025-06-09T05:00:00,Northside_Fulfillment,3.3,7.0,0,13.0,17.0,normal
2025-06-09T06:00:00,Northside_Fulfillment,8.0,16.3,0,16.6,14.9,normal
2025-06-09T07:00:00,Northside_Fulfillment,11.6,20.6,0,17.5,15.2,normal
2025-06-09T08:00:00,Northside_Fulfillment,10.2,12.8,0,19.6,15.9,normal
2025-06-09T09:00:00,Northside_Fulfillment,6.1,14.1,0,21.8,15.0,normal
2025-06-09T10:00:00,Northside_Fulfillment,10.1,17.0,0,22.0,17.4,normal
2025-06-09T11:00:00,Northside_Fulfillment,11.5,19.7,0,24.6,16.7,normal
2025-06-09T12:00:00,Northside_Fulfillment,14.8,17.6,0,24.3,18,normal
2025-06-09T13:00:00,Northside_Fulfillment,14.1,19.3,0,24.4,16.2,normal
2025-06-09T14:00:00,Northside_Fulfillment,13.4,21.0,0,25.1,16.8,normal
2025-06-09T15:00:00,Northside_Fulfillment,18.0,21.4,0,25.2,14.7,normal
2025-06-09T16:00:00,Northside_Fulfillment,12.5,16.8,0,24.0,15.8,normal
2025-06-09T17:00:00,Northside_Fulfillment,13.4,18.1,0,20.4,16.1,normal
2025-06-09T18:00:00,Northside_Fulfillment,17.0,22.2,0,20.3,16.9,normal
2025-06-09T19:00:00,Northside_Fulfillment,13.9,21.8,0,18.6,15.2,normal
2025-06-09T20:00:00,Northside_Fulfillment,12.7,19.0,0,16.4,16.6,normal
2025-06-09T21:00:00,Northside_Fulfillment,13.1,19.0,0,14.2,16.2,normal
2025-06-09T22:00:00,Northside_Fulfillment,10.9,16.6,0,12.9,15.5,normal
2025-06-09T23:00:00,Northside_Fulfillment,11.5,17.4,0,10.8,15.0,normal
2025-06-09T00:00:00,Central_Fulfillment,7.7,15.8,0,11.4,16.6,normal
2025-06-09T01:00:00,Central_Fulfillment,7.7,14.0,0,10.8,13.9,normal
2025-06-09T02:00:00,Central_Fulfillment,6.8,11.0,0,11.8,14.9,normal
2025-06-09T03:00:00,Central_Fulfillment,8.7,15.9,0,11.4,15.7,normal
2025-06-09T04:00:00,Central_Fulfillment,6.6,9.2,0,12.8,15.0,normal
2025-06-09T05:00:00,Central_Fulfillment,6.1,14.4,0,14.1,14.8,normal
2025-06-09T06:00:00,Central_Fulfillment,8.7,14.0,0,14.9,15.9,normal
2025-06-09T07:00:00,Central_Fulfillment,5.6,12.9,0,18.4,17.0,normal
2025-06-09T08:00:00,Central_Fulfillment,10.6,17.6,0,18.5,15.9,normal
2025-06-09T09:00:00,Central_Fulfillment,10.3,14.4,0,22.2,17.1,normal
2025-06-09T10:00:00,Central_Fulfillment,14.4,18.7,0,22.4,16.8,normal
2025-06-09T11:00:00,Central_Fulfillment,10.4,15.6,0,24.0,16.1,normal
2025-06-09T12:00:00,Central_Fulfillment,11.2,16.4,0,26.7,15.0,normal
2025-06-09T13:00:00,Central_Fulfillment,8.6,16.2,0,25.6,15.2,normal
2025-06-09T14:00:00,Central_Fulfillment,14.4,23.0,0,24.8,17.1,normal
2025-06-09T15:00:00,Central_Fulfillment,14.8,17.6,0,24.5,16.4,normal
2025-06-09T16:00:00,Central_Fulfillment,15.8,21.1,0,23.7,17.3,normal
2025-06-09T17:00:00,Central_Fulfillment,12.3,18.5,0,22.0,15.1,normal
2025-06-09T18:00:00,Central_Fulfillment,18.0,25.7,0,19.6,15.5,normal
2025-06-09T19:00:00,Central_Fulfillment,14.1,16.4,0,18.0,15.4,normal
2025-06-09T20:00:00,Central_Fulfillment,15.5,21.6,0,16.5,15.2,normal
2025-06-09T21:00:00,Central_Fulfillment,17.2,26.0,0,13.4,17.7,normal
2025-06-09T22:00:00,Central_Fulfillment,11.0,15.1,0,13.9,16.4,normal
2025-06-09T23:00:00,Central_Fulfillment,10.2,15.0,0,11.0,15.6,normal
2025-06-09T00:00:00,Eastside_Fulfillment,5.0,12.2,0,11.1,15.4,normal
2025-06-09T01:00:00,Eastside_Fulfillment,7.7,10.4,0,11.9,15.4,normal
2025-06-09T02:00:00,Eastside_Fulfillment,11.6,19.3,0,10.0,16.6,normal
2025-06-09T03:00:00,Eastside_Fulfillment,7.7,13.3,0,11.7,15.8,normal
2025-06-09T04:00:00,Eastside_Fulfillment,3.4,6.3,0,13.7,15.4,normal
2025-06-09T05:00:00,Eastside_Fulfillment,8.9,17.6,0,13.0,15.6,normal
2025-06-09T06:00:00,Eastside_Fulfillment,7.5,13.9,0,16.1,16.1,normal
2025-06-09T07:00:00,Eastside_Fulfillment,9.4,13.4,0,17.5,15.0,normal
2025-06-09T08:00:00,Eastside_Fulfillment,5.6,9.5,0,20.3,15.8,normal
2025-06-09T09:00:00,Eastside_Fulfillment,6.2,14.5,0,22.0,16.9,normal
2025-06-09T10:00:00,Eastside_Fulfillment,11.9,17.9,0,21.9,13.7,normal
2025-06-09T11:00:00,Eastside_Fulfillment,8.8,13.7,0,23.3,17.1,normal
2025-06-09T12:00:00,Eastside_Fulfillment,6.0,9.3,0,25.6,16.5,normal
2025-06-09T13:00:00,Eastside_Fulfillment,12.9,21.3,0,25.2,15.8,normal
2025-06-09T14:00:00,Eastside_Fulfillment,16.5,20.4,0,24.8,17.4,normal
2025-06-09T15:00:00,Eastside_Fulfillment,12.5,17.2,0,23.4,15.4,normal
2025-06-09T16:00:00,Eastside_Fulfillment,15.8,22.2,0,22.4,16.7,normal
2025-06-09T17:00:00,Eastside_Fulfillment,19.3,24.4,0,20.4,14.1,normal
2025-06-09T18:00:00,Eastside_Fulfillment,16.5,19.8,0,21.0,14.4,normal
2025-06-09T19:00:00,Eastside_Fulfillment,13.9,17.1,0,16.8,16.5,normal
2025-06-09T20:00:00,Eastside_Fulfillment,15.7,22.2,0,17.4,15.7,normal
2025-06-09T21:00:00,Eastside_Fulfillment,11.5,15.1,0,15.0,15.5,normal
2025-06-09T22:00:00,Eastside_Fulfillment,11.5,15.1,0,13.5,16.6,normal
2025-06-09T23:00:00,Eastside_Fulfillment,10.7,14.0,0,11.6,15.7,normal
2025-06-10T00:00:00,Northside_Fulfillment,8.8,14.8,0,11.8,13.9,normal
2025-06-10T01:00:00,Northside_Fulfillment,9.6,17.4,0,11.9,15.7,normal
2025-06-10T02:00:00,Northside_Fulfillment,7.2,10.7,0,11.8,15.3,normal
2025-06-10T03:00:00,Northside_Fulfillment,4.0,10.1,0,11.6,14.5,normal
2025-06-10T04:00:00,Northside_Fulfillment,6.4,12.9,0,11.4,16.4,normal
2025-06-10T05:00:00,Northside_Fulfillment,8.6,14.7,0,14.9,15.5,normal
2025-06-10T06:00:00,Northside_Fulfillment,9.3,14.0,0,16.1,16.5,normal
2025-06-10T07:00:00,Northside_Fulfillment,9.3,14.1,0,18.2,15.4,normal
2025-06-10T08:00:00,Northside_Fulfillment,11.0,13.3,0,20.6,15.1,normal
2025-06-10T09:00:00,Northside_Fulfillment,9.2,14.4,0,23.4,15.8,normal
2025-06-10T10:00:00,Northside_Fulfillment,7.0,10.5,0,22.6,14.1,normal
2025-06-10T11:00:00,Northside_Fulfillment,12.2,20.6,0,23.4,16.6,normal
2025-06-10T12:00:00,Northside_Fulfillment,17.2,19.7,0,25.3,18,normal
2025-06-10T13:00:00,Northside_Fulfillment,12.7,19.1,0,24.7,16.1,normal
2025-06-10T14:00:00,Northside_Fulfillment,12.6,21.2,0,24.2,14.8,normal
2025-06-10T15:00:00,Northside_Fulfillment,16.1,23.0,0,23.0,15.4,normal
2025-06-10T16:00:00,Northside_Fulfillment,14.5,18.8,0,21.9,16.8,normal
2025-06-10T17:00:00,Northside_Fulfillment,16.4,22.6,0,20.5,16.5,normal
2025-06-10T18:00:00,Northside_Fulfillment,16.9,20.6,0,18.9,16.4,normal
2025-06-10T19:00:00,Northside_Fulfillment,13.9,19.3,0,17.4,15.1,normal
2025-06-10T20:00:00,Northside_Fulfillment,11.5,20.0,0,15.3,14.7,normal
2025-06-10T21:00:00,Northside_Fulfillment,12.5,20.0,0,14.0,16.3,normal
2025-06-10T22:00:00,Northside_Fulfillment,9.6,17.9,0,14.5,15.9,normal
2025-06-10T23:00:00,Northside_Fulfillment,9.4,12.4,0,11.8,14.2,normal
2025-06-10T00:00:00,Central_Fulfillment,12.5,16.8,0,10.4,15.5,normal
2025-06-10T01:00:00,Central_Fulfillment,10.9,14.9,0,10.9,15.2,normal
2025-06-10T02:00:00,Central_Fulfillment,5.3,9.8,0,10.2,15.0,normal
2025-06-10T03:00:00,Central_Fulfillment,9.1,14.5,0,11.8,17.2,normal
2025-06-10T04:00:00,Central_Fulfillment,12.2,18.8,0,12.2,17.6,normal
2025-06-10T05:00:00,Central_Fulfillment,4.4,7.8,0,15.3,15.3,normal
2025-06-10T06:00:00,Central_Fulfillment,7.1,13.6,0,15.4,14.6,normal
2025-06-10T07:00:00,Central_Fulfillment,5.3,12.7,0,18.7,16.6,normal
2025-06-10T08:00:00,Central_Fulfillment,9.5,14.2,0,20.2,17.8,normal
2025-06-10T09:00:00,Central_Fulfillment,5.1,13.9,0,21.4,15.4,normal
2025-06-10T10:00:00,Central_Fulfillment,9.7,15.7,0,22.8,15.5,normal
2025-06-10T11:00:00,Central_Fulfillment,10.1,15.2,0,23.7,17.4,normal
2025-06-10T12:00:00,Central_Fulfillment,10.6,15.0,0,24.3,14.9,normal
2025-06-10T13:00:00,Central_Fulfillment,9.8,13.6,0,24.4,15.9,normal
2025-06-10T14:00:00,Central_Fulfillment,10.0,15.1,0,24.4,14.1,normal
2025-06-10T15:00:00,Central_Fulfillment,10.8,13.4,0,24.5,16.8,normal
2025-06-10T16:00:00,Central_Fulfillment,15.3,19.1,0,21.5,15.5,normal
2025-06-10T17:00:00,Central_Fulfillment,17.6,26.2,0,21.4,15.8,normal
2025-06-10T18:00:00,Central_Fulfillment,14.0,20.0,0,19.2,16.0,normal
2025-06-10T19:00:00,Central_Fulfillment,15.5,23.0,0,18.1,16.7,normal
2025-06-10T20:00:00,Central_Fulfillment,14.9,19.5,0,15.7,17.5,normal
2025-06-10T21:00:00,Central_Fulfillment,16.2,20.8,0,15.6,15.1,normal
2025-06-10T22:00:00,Central_Fulfillment,11.2,18.4,0,12.4,14.8,normal
2025-06-10T23:00:00,Central_Fulfillment,10.1,16.1,0,13.6,18,normal
2025-06-10T00:00:00,Eastside_Fulfillment,10.3,12.6,0,10.7,16.0,normal
2025-06-10T01:00:00,Eastside_Fulfillment,9.0,15.0,0,9.1,16.3,normal
2025-06-10T02:00:00,Eastside_Fulfillment,9.4,16.2,0,12.8,16.0,normal
2025-06-10T03:00:00,Eastside_Fulfillment,11.0,13.7,0,12.2,15.9,normal
2025-06-10T04:00:00,Eastside_Fulfillment,5.2,8.4,0,13.5,15.8,normal
2025-06-10T05:00:00,Eastside_Fulfillment,8.6,13.5,0,15.5,15.6,normal
2025-06-10T06:00:00,Eastside_Fulfillment,9.1,14.6,0,13.9,15.8,normal
2025-06-10T07:00:00,Eastside_Fulfillment,6.2,10.2,0,17.8,15.7,normal
2025-06-10T08:00:00,Eastside_Fulfillment,11.3,15.7,0,19.3,15.4,normal
2025-06-10T09:00:00,Eastside_Fulfillment,10.0,16.8,0,22.5,16.9,normal
2025-06-10T10:00:00,Eastside_Fulfillment,8.9,11.7,0,23.6,16.7,normal
2025-06-10T11:00:00,Eastside_Fulfillment,10.6,16.6,0,23.6,15.0,normal
2025-06-10T12:00:00,Eastside_Fulfillment,15.5,17.7,0,24.7,18,normal
2025-06-10T13:00:00,Eastside_Fulfillment,11.0,18.9,0,26.2,15.4,normal
2025-06-10T14:00:00,Eastside_Fulfillment,13.2,16.3,0,25.0,15.7,normal
2025-06-10T15:00:00,Eastside_Fulfillment,17.1,20.8,0,23.9,16.1,normal
2025-06-10T16:00:00,Eastside_Fulfillment,18.4,24.6,0,22.8,14.7,normal
2025-06-10T17:00:00,Eastside_Fulfillment,16.8,21.0,0,20.6,15.1,normal
2025-06-10T18:00:00,Eastside_Fulfillment,11.7,18.4,0,21.1,14.0,normal
2025-06-10T19:00:00,Eastside_Fulfillment,13.6,16.2,0,17.6,14.7,normal
2025-06-10T20:00:00,Eastside_Fulfillment,15.1,17.7,0,15.8,15.9,normal
2025-06-10T21:00:00,Eastside_Fulfillment,13.2,19.5,0,15.5,15.9,normal
2025-06-10T22:00:00,Eastside_Fulfillment,12.2,15.9,0,12.8,16.8,normal
2025-06-10T23:00:00,Eastside_Fulfillment,8.8,17.3,0,11.6,15.1,normal
2025-06-11T00:00:00,Northside_Fulfillment,10.3,18.2,0,10.9,16.5,normal
2025-06-11T01:00:00,Northside_Fulfillment,11.1,15.5,0,10.4,14.3,normal
2025-06-11T02:00:00,Northside_Fulfillment,7.0,11.1,0,9.9,16.4,normal
2025-06-11T03:00:00,Northside_Fulfillment,8.1,13.7,0,10.9,14.5,normal
2025-06-11T04:00:00,Northside_Fulfillment,8.4,12.4,0,12.5,16.6,normal
2025-06-11T05:00:00,Northside_Fulfillment,4.4,13.4,0,15.5,17.9,normal
2025-06-11T06:00:00,Northside_Fulfillment,6.4,10.9,0,16.7,15.9,normal
2025-06-11T07:00:00,Northside_Fulfillment,5.1,13.3,0,18.0,13.7,normal
2025-06-11T08:00:00,Northside_Fulfillment,8.4,12.2,0,20.9,17.2,normal
2025-06-11T09:00:00,Northside_Fulfillment,6.3,9.7,0,21.9,15.1,normal
2025-06-11T10:00:00,Northside_Fulfillment,13.4,19.7,0,22.7,15.5,normal
2025-06-11T11:00:00,Northside_Fulfillment,12.9,19.1,0,24.8,16.6,normal
2025-06-11T12:00:00,Northside_Fulfillment,13.1,20.0,0,25.4,15.3,normal
2025-06-11T13:00:00,Northside_Fulfillment,16.3,21.2,0,24.7,16.1,normal
2025-06-11T14:00:00,Northside_Fulfillment,17.2,20.6,0,23.6,17.1,normal
2025-06-11T15:00:00,Northside_Fulfillment,14.1,17.0,0,23.9,15.2,normal
2025-06-11T16:00:00,Northside_Fulfillment,14.1,18.5,0,22.0,16.0,normal
2025-06-11T17:00:00,Northside_Fulfillment,19.3,27.4,0,21.5,16.8,normal
2025-06-11T18:00:00,Northside_Fulfillment,17.1,20.4,0,20.0,17.3,normal
2025-06-11T19:00:00,Northside_Fulfillment,13.4,18.5,0,17.7,16.2,normal
2025-06-11T20:00:00,Northside_Fulfillment,13.7,22.6,0,15.3,15.5,normal
2025-06-11T21:00:00,Northside_Fulfillment,12.8,17.6,0,14.6,18,normal
2025-06-11T22:00:00,Northside_Fulfillment,13.5,22.0,0,13.8,16.0,normal
2025-06-11T23:00:00,Northside_Fulfillment,9.1,16.2,0,11.5,15.6,normal
2025-06-11T00:00:00,Central_Fulfillment,12.1,17.7,0,10.8,16.2,normal
2025-06-11T01:00:00,Central_Fulfillment,11.8,19.1,0,11.1,15.4,normal
2025-06-11T02:00:00,Central_Fulfillment,8.1,10.3,0,12.1,18.0,normal
2025-06-11T03:00:00,Central_Fulfillment,6.8,14.1,0,11.0,15.7,normal
2025-06-11T04:00:00,Central_Fulfillment,8.8,15.3,0,12.6,18,normal
2025-06-11T05:00:00,Central_Fulfillment,9.4,18.2,0,14.7,14.9,normal
2025-06-11T06:00:00,Central_Fulfillment,8.7,12.4,0,17.9,17.0,normal
2025-06-11T07:00:00,Central_Fulfillment,10.7,19.4,0,20.0,16.1,normal
2025-06-11T08:00:00,Central_Fulfillment,10.5,16.1,0,18.5,14.8,normal
2025-06-11T09:00:00,Central_Fulfillment,10.2,14.9,0,21.8,17.0,normal
2025-06-11T10:00:00,Central_Fulfillment,7.7,12.0,0,22.9,17.3,normal
2025-06-11T11:00:00,Central_Fulfillment,11.9,16.3,0,23.7,16.8,normal
2025-06-11T12:00:00,Central_Fulfillment,13.8,19.5,0,24.2,16.2,normal
2025-06-11T13:00:00,Central_Fulfillment,9.8,13.1,0,24.3,15.2,normal
2025-06-11T14:00:00,Central_Fulfillment,13.6,15.9,0,24.8,15.9,normal
2025-06-11T15:00:00,Central_Fulfillment,17.1,22.4,0,24.7,15.4,normal
2025-06-11T16:00:00,Central_Fulfillment,15.1,23.9,0,22.3,15.8,normal
2025-06-11T17:00:00,Central_Fulfillment,15.0,20.9,0,21.8,16.9,normal
2025-06-11T18:00:00,Central_Fulfillment,13.2,18.8,0,18.8,16.3,normal
2025-06-11T19:00:00,Central_Fulfillment,16.8,19.7,0,19.1,15.6,normal
2025-06-11T20:00:00,Central_Fulfillment,10.8,15.2,0,16.9,16.6,normal
2025-06-11T21:00:00,Central_Fulfillment,7.1,11.6,0,13.5,16.1,normal
2025-06-11T22:00:00,Central_Fulfillment,12.9,16.7,0,12.9,18,normal
2025-06-11T23:00:00,Central_Fulfillment,12.6,14.7,0,13.9,18,normal
2025-06-11T00:00:00,Eastside_Fulfillment,8.7,15.7,0,11.6,18,normal
2025-06-11T01:00:00,Eastside_Fulfillment,11.6,19.6,0,10.3,15.8,normal
2025-06-11T02:00:00,Eastside_Fulfillment,9.0,11.2,0,9.0,15.8,normal
2025-06-11T03:00:00,Eastside_Fulfillment,10.7,19.7,0,12.7,16.7,normal
2025-06-11T04:00:00,Eastside_Fulfillment,8.7,16.5,0,12.7,16.6,normal
2025-06-11T05:00:00,Eastside_Fulfillment,8.2,13.7,0,13.4,15.7,normal
2025-06-11T06:00:00,Eastside_Fulfillment,5.1,11.7,0,16.4,17.4,normal
2025-06-11T07:00:00,Eastside_Fulfillment,9.9,14.9,0,17.3,15.6,normal
2025-06-11T08:00:00,Eastside_Fulfillment,9.1,11.9,0,20.3,16.7,normal
2025-06-11T09:00:00,Eastside_Fulfillment,7.3,14.9,0,21.1,16.5,normal
2025-06-11T10:00:00,Eastside_Fulfillment,8.1,16.6,0,22.2,15.2,normal
2025-06-11T11:00:00,Eastside_Fulfillment,9.8,15.6,0,24.0,14.7,normal
2025-06-11T12:00:00,Eastside_Fulfillment,8.2,17.0,0,24.4,15.8,normal
2025-06-11T13:00:00,Eastside_Fulfillment,12.9,16.4,0,24.6,17.4,normal
2025-06-11T14:00:00,Eastside_Fulfillment,16.7,19.5,0,24.7,15.6,normal
2025-06-11T15:00:00,Eastside_Fulfillment,15.7,24.6,0,23.4,15.8,normal
2025-06-11T16:00:00,Eastside_Fulfillment,18.2,23.6,0,22.6,15.5,normal
2025-06-11T17:00:00,Eastside_Fulfillment,18.1,22.9,0,21.5,16.3,normal
2025-06-11T18:00:00,Eastside_Fulfillment,14.9,20.7,0,20.2,15.2,normal
2025-06-11T19:00:00,Eastside_Fulfillment,10.8,15.7,0,17.4,15.3,normal
2025-06-11T20:00:00,Eastside_Fulfillment,14.0,18.8,0,15.8,16.2,normal
2025-06-11T21:00:00,Eastside_Fulfillment,11.8,14.5,0,13.6,17.3,normal
2025-06-11T22:00:00,Eastside_Fulfillment,12.5,19.1,0,12.8,14.3,normal
2025-06-11T23:00:00,Eastside_Fulfillment,11.7,19.0,0,11.7,14.9,normal
2025-06-12T00:00:00,Northside_Fulfillment,9.4,16.1,0,9.7,15.5,normal
2025-06-12T01:00:00,Northside_Fulfillment,8.0,13.6,0,10.2,15.7,normal
2025-06-12T02:00:00,Northside_Fulfillment,7.8,14.8,0,10.3,17.4,normal
2025-06-12T03:00:00,Northside_Fulfillment,8.6,17.4,0,10.6,15.7,normal
2025-06-12T04:00:00,Northside_Fulfillment,8.2,15.5,0,13.7,14.6,normal
2025-06-12T05:00:00,Northside_Fulfillment,6.8,15.5,0,14.7,14.8,normal
2025-06-12T06:00:00,Northside_Fulfillment,11.2,17.6,0,15.6,15.8,normal
2025-06-12T07:00:00,Northside_Fulfillment,6.5,15.0,0,16.9,14.6,normal
2025-06-12T08:00:00,Northside_Fulfillment,9.1,12.7,0,19.8,15.2,normal
2025-06-12T09:00:00,Northside_Fulfillment,4.9,12.7,0,20.8,14.3,normal
2025-06-12T10:00:00,Northside_Fulfillment,10.6,15.1,0,23.2,16.0,normal
2025-06-12T11:00:00,Northside_Fulfillment,13.3,18.7,0,24.7,15.7,normal
2025-06-12T12:00:00,Northside_Fulfillment,10.1,15.5,0,24.3,15.8,normal
2025-06-12T13:00:00,Northside_Fulfillment,14.3,18.8,0,25.0,17.5,normal
2025-06-12T14:00:00,Northside_Fulfillment,13.9,20.1,0,25.3,16.2,normal
2025-06-12T15:00:00,Northside_Fulfillment,13.9,17.2,0,23.3,18,normal
2025-06-12T16:00:00,Northside_Fulfillment,14.2,22.6,0,23.8,16.3,normal
2025-06-12T17:00:00,Northside_Fulfillment,16.2,21.0,0,23.0,16.6,normal
2025-06-12T18:00:00,Northside_Fulfillment,12.9,17.2,0,18.5,16.2,normal
2025-06-12T19:00:00,Northside_Fulfillment,15.1,21.9,0,16.3,16.8,normal
2025-06-12T20:00:00,Northside_Fulfillment,10.0,13.3,0,15.5,16.5,normal
2025-06-12T21:00:00,Northside_Fulfillment,12.9,21.2,0,14.8,15.2,normal
2025-06-12T22:00:00,Northside_Fulfillment,10.7,16.7,0,13.0,14.8,normal
2025-06-12T23:00:00,Northside_Fulfillment,11.1,17.5,0,13.6,16.1,normal
2025-06-12T00:00:00,Central_Fulfillment,8.7,14.7,0,11.7,15.9,normal
2025-06-12T01:00:00,Central_Fulfillment,8.2,14.3,0,10.2,16.0,normal
2025-06-12T02:00:00,Central_Fulfillment,10.5,18.4,0,13.1,15.4,normal
2025-06-12T03:00:00,Central_Fulfillment,8.0,13.2,0,12.8,14.9,normal
2025-06-12T04:00:00,Central_Fulfillment,5.7,13.6,0,13.0,16.4,normal
2025-06-12T05:00:00,Central_Fulfillment,6.8,14.9,0,16.1,15.5,normal
2025-06-12T06:00:00,Central_Fulfillment,8.9,12.7,0,15.0,17.4,normal
2025-06-12T07:00:00,Central_Fulfillment,2,9.1,0,18.8,16.8,normal
2025-06-12T08:00:00,Central_Fulfillment,8.7,13.0,0,19.8,17.7,normal
2025-06-12T09:00:00,Central_Fulfillment,8.0,14.6,0,20.2,15.7,normal
2025-06-12T10:00:00,Central_Fulfillment,13.8,20.6,0,22.9,16.0,normal
2025-06-12T11:00:00,Central_Fulfillment,10.0,13.1,0,24.8,15.7,normal
2025-06-12T12:00:00,Central_Fulfillment,7.1,11.5,0,24.9,15.6,normal
2025-06-12T13:00:00,Central_Fulfillment,9.0,14.0,0,25.0,15.9,normal
2025-06-12T14:00:00,Central_Fulfillment,13.6,15.8,0,25.9,17.0,normal
2025-06-12T15:00:00,Central_Fulfillment,15.1,23.8,0,24.8,17.4,normal
2025-06-12T16:00:00,Central_Fulfillment,19.6,22.0,0,22.2,14.8,normal
2025-06-12T17:00:00,Central_Fulfillment,14.9,23.9,0,21.8,16.4,normal
2025-06-12T18:00:00,Central_Fulfillment,14.6,17.4,0,20.0,15.4,normal
2025-06-12T19:00:00,Central_Fulfillment,17.7,21.4,0,17.3,12.6,normal
2025-06-12T20:00:00,Central_Fulfillment,17.0,24.0,0,14.4,16.9,normal
2025-06-12T21:00:00,Central_Fulfillment,9.4,14.2,0,13.9,14.6,normal
2025-06-12T22:00:00,Central_Fulfillment,12.8,20.7,0,13.0,15.6,normal
2025-06-12T23:00:00,Central_Fulfillment,14.5,17.6,0,13.3,16.4,normal
2025-06-12T00:00:00,Eastside_Fulfillment,8.9,13.2,0,11.5,15.8,normal
2025-06-12T01:00:00,Eastside_Fulfillment,7.9,13.6,0,11.7,15.9,normal
2025-06-12T02:00:00,Eastside_Fulfillment,8.4,12.9,0,11.6,16.4,normal
2025-06-12T03:00:00,Eastside_Fulfillment,3.6,9.1,0,12.5,15.1,normal
2025-06-12T04:00:00,Eastside_Fulfillment,11.8,20.1,0,12.8,16.5,normal
2025-06-12T05:00:00,Eastside_Fulfillment,10.9,19.2,0,13.3,16.0,normal
2025-06-12T06:00:00,Eastside_Fulfillment,9.5,16.2,0,15.9,14.2,normal
2025-06-12T07:00:00,Eastside_Fulfillment,7.5,9.6,0,17.3,13.9,normal
2025-06-12T08:00:00,Eastside_Fulfillment,12.1,15.4,0,20.8,16.8,normal
2025-06-12T09:00:00,Eastside_Fulfillment,9.8,13.8,0,22.0,17.0,normal
2025-06-12T10:00:00,Eastside_Fulfillment,7.9,10.7,0,23.9,17.4,normal
2025-06-12T11:00:00,Eastside_Fulfillment,12.6,16.0,0,25.2,13.7,normal
2025-06-12T12:00:00,Eastside_Fulfillment,14.9,20.3,0,26.0,16.4,normal
2025-06-12T13:00:00,Eastside_Fulfillment,12.3,16.5,0,25.4,16.0,normal
2025-06-12T14:00:00,Eastside_Fulfillment,15.5,21.6,0,24.5,16.5,normal
2025-06-12T15:00:00,Eastside_Fulfillment,17.7,22.1,0,24.9,16.2,normal
2025-06-12T16:00:00,Eastside_Fulfillment,13.6,16.2,0,23.4,16.8,normal
2025-06-12T17:00:00,Eastside_Fulfillment,16.6,22.5,0,21.6,14.5,normal
2025-06-12T18:00:00,Eastside_Fulfillment,14.8,19.2,0,19.5,15.9,normal
2025-06-12T19:00:00,Eastside_Fulfillment,11.7,17.7,0,16.9,14.5,normal
2025-06-12T20:00:00,Eastside_Fulfillment,17.1,21.1,0,16.1,16.4,normal
2025-06-12T21:00:00,Eastside_Fulfillment,12.4,15.6,0,14.6,15.4,normal
2025-06-12T22:00:00,Eastside_Fulfillment,13.0,21.7,0,12.8,16.1,normal
2025-06-12T23:00:00,Eastside_Fulfillment,10.0,18.2,0,11.1,17.0,normal
2025-06-13T00:00:00,Northside_Fulfillment,10.0,14.2,0,11.7,15.1,normal
2025-06-13T01:00:00,Northside_Fulfillment,10.3,13.5,0,10.8,13.9,normal
2025-06-13T02:00:00,Northside_Fulfillment,7.8,11.0,0,11.7,16.1,normal
2025-06-13T03:00:00,Northside_Fulfillment,7.1,11.5,0,13.2,15.3,normal
2025-06-13T04:00:00,Northside_Fulfillment,7.5,12.5,0,12.3,16.8,normal
2025-06-13T05:00:00,Northside_Fulfillment,5.4,7.7,0,14.0,18,normal
2025-06-13T06:00:00,Northside_Fulfillment,9.4,14.7,0,15.1,16.3,normal
2025-06-13T07:00:00,Northside_Fulfillment,5.2,11.2,0,17.5,15.7,normal
2025-06-13T08:00:00,Northside_Fulfillment,6.7,11.2,0,19.7,18.0,normal
2025-06-13T09:00:00,Northside_Fulfillment,8.9,13.7,0,21.3,17.0,normal
2025-06-13T10:00:00,Northside_Fulfillment,12.2,15.2,0,23.4,17.0,normal
2025-06-13T11:00:00,Northside_Fulfillment,12.0,19.5,0,24.1,14.8,normal
2025-06-13T12:00:00,Northside_Fulfillment,10.2,16.4,0,24.4,17.2,normal
2025-06-13T13:00:00,Northside_Fulfillment,13.5,21.7,0,25.3,15.8,normal
2025-06-13T14:00:00,Northside_Fulfillment,13.7,21.0,0,24.6,16.4,normal
2025-06-13T15:00:00,Northside_Fulfillment,14.0,17.1,0,22.5,16.6,normal
2025-06-13T16:00:00,Northside_Fulfillment,11.5,14.0,0,23.4,16.5,normal
2025-06-13T17:00:00,Northside_Fulfillment,13.7,18.8,0,21.4,15.8,normal
2025-06-13T18:00:00,Northside_Fulfillment,17.2,19.6,0,19.7,15.9,normal
2025-06-13T19:00:00,Northside_Fulfillment,11.7,19.1,0,19.1,17.1,normal
2025-06-13T20:00:00,Northside_Fulfillment,9.9,17.3,0,16.8,15.9,normal
2025-06-13T21:00:00,Northside_Fulfillment,15.3,23.0,0,13.9,16.0,normal
2025-06-13T22:00:00,Northside_Fulfillment,12.7,21.4,0,13.7,16.5,normal
2025-06-13T23:00:00,Northside_Fulfillment,10.6,16.1,0,11.7,17.1,normal
2025-06-13T00:00:00,Central_Fulfillment,13.8,16.2,0,10.7,16.1,normal
2025-06-13T01:00:00,Central_Fulfillment,6.5,11.3,0,11.1,15.3,normal
2025-06-13T02:00:00,Central_Fulfillment,2.5,10.8,0,11.2,15.4,normal
2025-06-13T03:00:00,Central_Fulfillment,5.9,9.4,0,13.4,13.1,normal
2025-06-13T04:00:00,Central_Fulfillment,6.7,13.8,0,13.3,14.6,normal
2025-06-13T05:00:00,Central_Fulfillment,8.6,12.9,0,15.4,14.1,normal
2025-06-13T06:00:00,Central_Fulfillment,8.0,12.5,0,15.2,17.7,normal
2025-06-13T07:00:00,Central_Fulfillment,6.1,10.8,0,17.3,15.3,normal
2025-06-13T08:00:00,Central_Fulfillment,10.1,15.4,0,20.6,17.1,normal
2025-06-13T09:00:00,Central_Fulfillment,11.9,16.6,0,21.1,16.6,normal
2025-06-13T10:00:00,Central_Fulfillment,6.9,13.3,0,24.3,14.9,normal
2025-06-13T11:00:00,Central_Fulfillment,13.4,20.8,0,23.9,17.1,normal
2025-06-13T12:00:00,Central_Fulfillment,12.9,18.4,0,25.1,16.5,normal
2025-06-13T13:00:00,Central_Fulfillment,10.5,18.6,0,24.8,18,normal
2025-06-13T14:00:00,Central_Fulfillment,12.3,15.5,0,22.5,15.3,normal
2025-06-13T15:00:00,Central_Fulfillment,15.3,18.9,0,23.8,16.9,normal
2025-06-13T16:00:00,Central_Fulfillment,12.0,16.4,0,22.1,15.4,normal
2025-06-13T17:00:00,Central_Fulfillment,12.7,17.5,0,23.3,16.2,normal
2025-06-13T18:00:00,Central_Fulfillment,14.8,17.9,0,19.6,13.8,normal
2025-06-13T19:00:00,Central_Fulfillment,15.5,17.6,0,18.8,16.0,normal
2025-06-13T20:00:00,Central_Fulfillment,15.2,21.7,0,15.2,18,normal
2025-06-13T21:00:00,Central_Fulfillment,12.8,21.5,0,15.2,15.0,normal
2025-06-13T22:00:00,Central_Fulfillment,10.5,18.7,0,14.1,16.8,normal
2025-06-13T23:00:00,Central_Fulfillment,13.0,18.2,0,10.9,15.7,normal
2025-06-13T00:00:00,Eastside_Fulfillment,9.4,14.0,0,11.8,16.6,normal
2025-06-13T01:00:00,Eastside_Fulfillment,8.6,14.3,0,11.7,15.5,normal
2025-06-13T02:00:00,Eastside_Fulfillment,6.4,14.5,0,10.5,16.3,normal
2025-06-13T03:00:00,Eastside_Fulfillment,5.7,13.0,0,12.0,15.1,normal
2025-06-13T04:00:00,Eastside_Fulfillment,8.9,16.7,0,13.4,14.9,normal
2025-06-13T05:00:00,Eastside_Fulfillment,5.0,13.9,0,15.6,15.2,normal
2025-06-13T06:00:00,Eastside_Fulfillment,9.5,16.8,0,15.7,15.6,normal
2025-06-13T07:00:00,Eastside_Fulfillment,9.1,15.3,0,17.4,14.1,normal
2025-06-13T08:00:00,Eastside_Fulfillment,9.0,17.8,0,19.2,14.9,normal
2025-06-13T09:00:00,Eastside_Fulfillment,5.3,8.4,0,21.3,16.7,normal
2025-06-13T10:00:00,Eastside_Fulfillment,8.3,15.1,0,22.1,15.2,normal
2025-06-13T11:00:00,Eastside_Fulfillment,10.7,14.0,0,25.4,17.1,normal
2025-06-13T12:00:00,Eastside_Fulfillment,10.4,17.5,0,25.4,14.7,normal
2025-06-13T13:00:00,Eastside_Fulfillment,13.6,18.0,0,23.6,17.8,normal
2025-06-13T14:00:00,Eastside_Fulfillment,12.5,20.0,0,25.1,16.9,normal
2025-06-13T15:00:00,Eastside_Fulfillment,14.5,23.1,0,25.4,17.1,normal
2025-06-13T16:00:00,Eastside_Fulfillment,16.8,22.5,0,23.5,16.0,normal
2025-06-13T17:00:00,Eastside_Fulfillment,13.3,19.3,0,21.6,17.1,normal
2025-06-13T18:00:00,Eastside_Fulfillment,15.0,17.9,0,20.4,16.5,normal
2025-06-13T19:00:00,Eastside_Fulfillment,17.9,22.1,0,18.1,15.3,normal
2025-06-13T20:00:00,Eastside_Fulfillment,14.5,21.3,0,15.8,15.8,normal
2025-06-13T21:00:00,Eastside_Fulfillment,12.8,20.6,0,14.1,17.5,normal
2025-06-13T22:00:00,Eastside_Fulfillment,13.5,21.2,0,12.4,14.9,normal
2025-06-13T23:00:00,Eastside_Fulfillment,10.6,13.2,0,10.7,16.1,normal
2025-06-14T00:00:00,Northside_Fulfillment,9.4,14.5,0,10.3,15.3,normal
2025-06-14T01:00:00,Northside_Fulfillment,8.9,17.2,0,10.8,15.7,normal
2025-06-14T02:00:00,Northside_Fulfillment,8.2,11.7,0,11.7,18,normal
2025-06-14T03:00:00,Northside_Fulfillment,3.7,12.7,0,12.0,16.7,normal
2025-06-14T04:00:00,Northside_Fulfillment,9.3,15.5,0,12.1,15.8,normal
2025-06-14T05:00:00,Northside_Fulfillment,3.5,6.6,0,14.3,15.2,normal
2025-06-14T06:00:00,Northside_Fulfillment,11.2,17.1,0,14.8,17.3,normal
2025-06-14T07:00:00,Northside_Fulfillment,10.9,16.0,0,17.2,17.2,normal
2025-06-14T08:00:00,Northside_Fulfillment,7.4,16.0,0,19.8,16.7,normal
2025-06-14T09:00:00,Northside_Fulfillment,11.9,16.1,0,23.2,17.2,normal
2025-06-14T10:00:00,Northside_Fulfillment,9.9,15.5,0,23.4,15.6,normal
2025-06-14T11:00:00,Northside_Fulfillment,10.9,14.5,0,25.0,16.0,normal
2025-06-14T12:00:00,Northside_Fulfillment,14.7,20.7,0,26.1,15.7,normal
2025-06-14T13:00:00,Northside_Fulfillment,15.3,19.1,0,25.6,13.3,normal
2025-06-14T14:00:00,Northside_Fulfillment,12.6,16.5,0,25.9,16.5,normal
2025-06-14T15:00:00,Northside_Fulfillment,16.9,21.4,0,25.2,17.9,normal
2025-06-14T16:00:00,Northside_Fulfillment,14.3,22.6,0,23.5,15.6,normal
2025-06-14T17:00:00,Northside_Fulfillment,15.1,21.8,0,21.9,15.7,normal
2025-06-14T18:00:00,Northside_Fulfillment,15.9,19.3,0,19.7,17.3,normal
2025-06-14T19:00:00,Northside_Fulfillment,17.5,26.5,0,18.0,13.6,normal
2025-06-14T20:00:00,Northside_Fulfillment,14.5,17.9,0,16.5,17.9,normal
2025-06-14T21:00:00,Northside_Fulfillment,11.2,19.3,0,14.4,14.9,normal
2025-06-14T22:00:00,Northside_Fulfillment,11.4,17.3,0,11.9,15.0,normal
2025-06-14T23:00:00,Northside_Fulfillment,9.0,11.7,0,10.9,17.3,normal
2025-06-14T00:00:00,Central_Fulfillment,13.9,16.7,0,10.8,15.2,normal
2025-06-14T01:00:00,Central_Fulfillment,8.3,16.8,0,10.1,16.9,normal
2025-06-14T02:00:00,Central_Fulfillment,7.2,13.7,0,11.3,16.9,normal
2025-06-14T03:00:00,Central_Fulfillment,6.4,10.3,0,12.1,15.3,normal
2025-06-14T04:00:00,Central_Fulfillment,5.7,14.3,0,12.6,15.0,normal
2025-06-14T05:00:00,Central_Fulfillment,8.5,12.8,0,15.4,14.4,normal
2025-06-14T06:00:00,Central_Fulfillment,9.7,14.9,0,15.9,14.6,normal
2025-06-14T07:00:00,Central_Fulfillment,6.0,9.6,0,18.0,15.1,normal
2025-06-14T08:00:00,Central_Fulfillment,9.8,18.2,0,20.8,16.6,normal
2025-06-14T09:00:00,Central_Fulfillment,4.2,7.7,0,20.3,15.6,normal
2025-06-14T10:00:00,Central_Fulfillment,7.4,9.6,0,21.7,17.2,normal
2025-06-14T11:00:00,Central_Fulfillment,9.2,13.5,0,23.5,15.7,normal
2025-06-14T12:00:00,Central_Fulfillment,10.2,12.9,0,25.3,15.5,normal
2025-06-14T13:00:00,Central_Fulfillment,17.3,24.8,0,25.5,14.1,normal
2025-06-14T14:00:00,Central_Fulfillment,14.3,19.0,0,24.7,18,normal
2025-06-14T15:00:00,Central_Fulfillment,13.5,16.4,0,24.7,16.5,normal
2025-06-14T16:00:00,Central_Fulfillment,17.8,24.5,0,22.2,14.3,normal
2025-06-14T17:00:00,Central_Fulfillment,14.5,20.5,0,20.6,15.5,normal
2025-06-14T18:00:00,Central_Fulfillment,14.5,22.6,0,21.1,15.7,normal
2025-06-14T19:00:00,Central_Fulfillment,16.5,22.8,0,17.4,15.8,normal
2025-06-14T20:00:00,Central_Fulfillment,15.1,23.3,0,17.4,14.9,normal
2025-06-14T21:00:00,Central_Fulfillment,13.4,22.2,0,13.8,17.8,normal
2025-06-14T22:00:00,Central_Fulfillment,10.1,18.8,0,13.9,13.7,normal
2025-06-14T23:00:00,Central_Fulfillment,11.2,17.0,0,13.0,16.5,normal
2025-06-14T00:00:00,Eastside_Fulfillment,7.5,14.1,0,11.6,16.6,normal
2025-06-14T01:00:00,Eastside_Fulfillment,10.4,12.7,0,11.9,16.7,normal
2025-06-14T02:00:00,Eastside_Fulfillment,9.0,15.5,0,10.6,15.9,normal
2025-06-14T03:00:00,Eastside_Fulfillment,6.1,12.6,0,13.1,15.2,normal
2025-06-14T04:00:00,Eastside_Fulfillment,10.2,14.1,0,14.7,17.1,normal
2025-06-14T05:00:00,Eastside_Fulfillment,7.0,13.1,0,14.4,16.6,normal
2025-06-14T06:00:00,Eastside_Fulfillment,10.1,13.1,0,16.4,15.1,normal
2025-06-14T07:00:00,Eastside_Fulfillment,8.9,12.9,0,18.8,14.0,normal
2025-06-14T08:00:00,Eastside_Fulfillment,10.0,17.6,0,20.1,17.2,normal
2025-06-14T09:00:00,Eastside_Fulfillment,14.3,22.0,0,20.3,15.9,normal
2025-06-14T10:00:00,Eastside_Fulfillment,10.0,15.9,0,22.9,15.4,normal
2025-06-14T11:00:00,Eastside_Fulfillment,13.5,19.7,0,25.3,13.3,normal
2025-06-14T12:00:00,Eastside_Fulfillment,9.8,13.1,0,24.5,16.0,normal
2025-06-14T13:00:00,Eastside_Fulfillment,11.1,14.2,0,26.1,15.0,normal
2025-06-14T14:00:00,Eastside_Fulfillment,14.1,21.3,0,25.1,14.7,normal
2025-06-14T15:00:00,Eastside_Fulfillment,14.0,18.0,0,24.5,14.9,normal
2025-06-14T16:00:00,Eastside_Fulfillment,19.1,23.1,0,23.2,14.7,normal
2025-06-14T17:00:00,Eastside_Fulfillment,12.3,18.9,0,20.9,16.1,normal
2025-06-14T18:00:00,Eastside_Fulfillment,17.2,19.4,0,20.1,16.1,normal
2025-06-14T19:00:00,Eastside_Fulfillment,14.6,17.2,0,17.9,15.7,normal
2025-06-14T20:00:00,Eastside_Fulfillment,16.0,23.8,0,16.6,15.2,normal
2025-06-14T21:00:00,Eastside_Fulfillment,13.5,19.9,0,13.5,16.5,normal
2025-06-14T22:00:00,Eastside_Fulfillment,12.5,15.7,0,12.8,14.7,normal
2025-06-14T23:00:00,Eastside_Fulfillment,12.3,20.4,0,12.8,14.4,normal
2025-06-15T00:00:00,Northside_Fulfillment,8.7,14.4,0,11.9,14.6,normal
2025-06-15T01:00:00,Northside_Fulfillment,9.9,17.0,0,9.4,15.2,normal
2025-06-15T02:00:00,Northside_Fulfillment,6.5,12.7,0,12.1,14.9,normal
2025-06-15T03:00:00,Northside_Fulfillment,9.0,12.2,0,10.3,15.4,normal
2025-06-15T04:00:00,Northside_Fulfillment,7.0,14.8,0,14.0,16.5,normal
2025-06-15T05:00:00,Northside_Fulfillment,5.3,11.9,0,14.8,18,normal
2025-06-15T06:00:00,Northside_Fulfillment,8.5,11.1,0,15.5,15.0,normal
2025-06-15T07:00:00,Northside_Fulfillment,7.5,14.4,0,17.8,16.7,normal
2025-06-15T08:00:00,Northside_Fulfillment,9.0,17.7,0,21.4,16.1,normal
2025-06-15T09:00:00,Northside_Fulfillment,8.3,13.5,0,21.6,15.7,normal
2025-06-15T10:00:00,Northside_Fulfillment,14.1,20.7,0,23.0,18.0,normal
2025-06-15T11:00:00,Northside_Fulfillment,10.7,12.8,0,23.9,15.8,normal
2025-06-15T12:00:00,Northside_Fulfillment,11.8,20.4,0,24.1,15.1,normal
2025-06-15T13:00:00,Northside_Fulfillment,14.7,22.2,0,25.7,15.7,normal
2025-06-15T14:00:00,Northside_Fulfillment,14.5,17.2,0,24.0,15.0,normal
2025-06-15T15:00:00,Northside_Fulfillment,16.1,21.4,0,23.6,16.2,normal
2025-06-15T16:00:00,Northside_Fulfillment,11.9,18.0,0,23.1,16.6,normal
2025-06-15T17:00:00,Northside_Fulfillment,12.9,20.3,0,21.6,16.9,normal
2025-06-15T18:00:00,Northside_Fulfillment,17.3,21.4,0,20.2,15.0,normal
2025-06-15T19:00:00,Northside_Fulfillment,13.4,15.4,0,18.4,14.6,normal
2025-06-15T20:00:00,Northside_Fulfillment,15.6,20.3,0,16.5,17.5,normal
2025-06-15T21:00:00,Northside_Fulfillment,11.2,15.3,0,14.6,16.8,normal
2025-06-15T22:00:00,Northside_Fulfillment,13.3,19.0,0,13.6,16.8,normal
2025-06-15T23:00:00,Northside_Fulfillment,11.2,15.8,0,12.0,16.9,normal
2025-06-15T00:00:00,Central_Fulfillment,10.4,16.1,0,9.9,15.7,normal
2025-06-15T01:00:00,Central_Fulfillment,9.6,14.2,0,10.5,15.0,normal
2025-06-15T02:00:00,Central_Fulfillment,7.9,15.8,0,12.4,16.1,normal
2025-06-15T03:00:00,Central_Fulfillment,8.4,12.4,0,11.7,16.7,normal
2025-06-15T04:00:00,Central_Fulfillment,5.7,8.0,0,14.2,17.1,normal
2025-06-15T05:00:00,Central_Fulfillment,5.3,9.9,0,14.4,17.1,normal
2025-06-15T06:00:00,Central_Fulfillment,5.8,11.7,0,15.6,14.1,normal
2025-06-15T07:00:00,Central_Fulfillment,5.6,10.2,0,16.9,16.2,normal
2025-06-15T08:00:00,Central_Fulfillment,8.4,15.0,0,20.3,13.9,normal
2025-06-15T09:00:00,Central_Fulfillment,11.4,19.8,0,21.2,15.8,normal
2025-06-15T10:00:00,Central_Fulfillment,9.5,14.0,0,21.9,16.6,normal
2025-06-15T11:00:00,Central_Fulfillment,13.0,15.3,0,22.2,16.0,normal
2025-06-15T12:00:00,Central_Fulfillment,9.6,12.3,0,24.9,15.3,normal
2025-06-15T13:00:00,Central_Fulfillment,17.4,25.7,0,23.8,16.3,normal
2025-06-15T14:00:00,Central_Fulfillment,13.3,20.9,0,23.9,16.2,normal
2025-06-15T15:00:00,Central_Fulfillment,13.1,19.0,0,23.9,17.0,normal
2025-06-15T16:00:00,Central_Fulfillment,11.9,20.0,0,22.9,14.7,normal
2025-06-15T17:00:00,Central_Fulfillment,18.6,27.5,0,20.9,14.9,normal
2025-06-15T18:00:00,Central_Fulfillment,18.2,22.1,0,19.9,17.0,normal
2025-06-15T19:00:00,Central_Fulfillment,14.1,17.2,0,18.2,13.1,normal
2025-06-15T20:00:00,Central_Fulfillment,13.5,18.0,0,16.7,15.0,normal
2025-06-15T21:00:00,Central_Fulfillment,11.0,18.7,0,14.4,18,normal
2025-06-15T22:00:00,Central_Fulfillment,13.0,20.1,0,13.9,15.3,normal
2025-06-15T23:00:00,Central_Fulfillment,9.7,11.9,0,12.3,15.7,normal
2025-06-15T00:00:00,Eastside_Fulfillment,12.1,16.8,0,10.6,15.6,normal
2025-06-15T01:00:00,Eastside_Fulfillment,11.4,19.2,0,11.1,14.8,normal
2025-06-15T02:00:00,Eastside_Fulfillment,6.8,14.7,0,11.3,15.9,normal
2025-06-15T03:00:00,Eastside_Fulfillment,6.5,10.8,0,10.6,15.9,normal
2025-06-15T04:00:00,Eastside_Fulfillment,7.1,13.6,0,13.1,15.5,normal
2025-06-15T05:00:00,Eastside_Fulfillment,4.4,11.7,0,12.3,18,normal
2025-06-15T06:00:00,Eastside_Fulfillment,7.1,15.3,0,16.6,15.7,normal
2025-06-15T07:00:00,Eastside_Fulfillment,5.9,11.5,0,17.6,15.8,normal
2025-06-15T08:00:00,Eastside_Fulfillment,9.7,15.7,0,20.0,14.6,normal
2025-06-15T09:00:00,Eastside_Fulfillment,9.2,12.5,0,22.8,15.5,normal
2025-06-15T10:00:00,Eastside_Fulfillment,10.5,15.2,0,21.7,17.0,normal
2025-06-15T11:00:00,Eastside_Fulfillment,10.5,19.2,0,23.6,15.5,normal
2025-06-15T12:00:00,Eastside_Fulfillment,12.3,18.2,0,25.4,16.8,normal
2025-06-15T13:00:00,Eastside_Fulfillment,8.3,10.5,0,24.1,15.1,normal
2025-06-15T14:00:00,Eastside_Fulfillment,9.3,15.7,0,24.6,15.9,normal
2025-06-15T15:00:00,Eastside_Fulfillment,17.7,24.9,0,23.7,17.1,normal
2025-06-15T16:00:00,Eastside_Fulfillment,15.8,24.1,0,21.6,16.1,normal
2025-06-15T17:00:00,Eastside_Fulfillment,12.7,19.5,0,22.1,16.8,normal
2025-06-15T18:00:00,Eastside_Fulfillment,11.6,19.9,0,21.8,13.6,normal
2025-06-15T19:00:00,Eastside_Fulfillment,14.2,18.8,0,18.1,17.2,normal
2025-06-15T20:00:00,Eastside_Fulfillment,12.3,16.0,0,15.3,14.5,normal
2025-06-15T21:00:00,Eastside_Fulfillment,13.3,21.3,0,14.5,14.6,normal
2025-06-15T22:00:00,Eastside_Fulfillment,13.4,22.2,0,12.4,15.0,normal
2025-06-15T23:00:00,Eastside_Fulfillment,9.1,11.8,0,11.7,13.6,normal
2025-06-16T00:00:00,Northside_Fulfillment,10.2,15.1,0,11.6,16.1,normal
2025-06-16T01:00:00,Northside_Fulfillment,9.0,15.7,0,11.9,15.8,normal
2025-06-16T02:00:00,Northside_Fulfillment,6.8,13.9,0,10.5,16.2,normal
2025-06-16T03:00:00,Northside_Fulfillment,7.6,11.2,0,13.2,16.4,normal
2025-06-16T04:00:00,Northside_Fulfillment,6.9,12.8,0,13.6,18,normal
2025-06-16T05:00:00,Northside_Fulfillment,6.8,8.9,0,14.8,15.9,normal
2025-06-16T06:00:00,Northside_Fulfillment,7.6,11.3,0,17.0,15.7,normal
2025-06-16T07:00:00,Northside_Fulfillment,8.1,14.8,0,18.9,15.8,normal
2025-06-16T08:00:00,Northside_Fulfillment,7.6,15.8,0,20.0,17.4,normal
2025-06-16T09:00:00,Northside_Fulfillment,10.7,19.1,0,23.6,16.6,normal
2025-06-16T10:00:00,Northside_Fulfillment,6.8,12.1,0,22.8,16.2,normal
2025-06-16T11:00:00,Northside_Fulfillment,13.0,21.6,0,23.3,14.7,normal
2025-06-16T12:00:00,Northside_Fulfillment,10.6,16.4,0,23.6,16.5,normal
2025-06-16T13:00:00,Northside_Fulfillment,16.6,21.6,0,25.4,14.7,normal
2025-06-16T14:00:00,Northside_Fulfillment,13.2,21.1,0,24.0,16.8,normal
2025-06-16T15:00:00,Northside_Fulfillment,13.7,19.0,0,23.9,16.0,normal
2025-06-16T16:00:00,Northside_Fulfillment,17.5,20.7,0,23.0,15.8,normal
2025-06-16T17:00:00,Northside_Fulfillment,16.7,24.4,0,20.4,16.3,normal
2025-06-16T18:00:00,Northside_Fulfillment,16.0,18.6,0,19.1,15.9,normal
2025-06-16T19:00:00,Northside_Fulfillment,13.9,20.0,0,18.7,15.7,normal
2025-06-16T20:00:00,Northside_Fulfillment,15.9,22.5,0,16.5,15.9,normal
2025-06-16T21:00:00,Northside_Fulfillment,15.9,21.2,0,14.8,17.1,normal
2025-06-16T22:00:00,Northside_Fulfillment,13.5,21.5,0,13.3,16.1,normal
2025-06-16T23:00:00,Northside_Fulfillment,9.4,12.2,0,13.1,17.2,normal
2025-06-16T00:00:00,Central_Fulfillment,10.0,15.8,0,11.4,14.7,normal
2025-06-16T01:00:00,Central_Fulfillment,12.8,16.0,0,10.7,16.3,normal
2025-06-16T02:00:00,Central_Fulfillment,7.3,10.4,0,11.0,14.8,normal
2025-06-16T03:00:00,Central_Fulfillment,10.2,15.4,0,11.5,18,normal
2025-06-16T04:00:00,Central_Fulfillment,7.9,16.3,0,14.3,16.3,normal
2025-06-16T05:00:00,Central_Fulfillment,7.1,14.1,0,16.1,15.9,normal
2025-06-16T06:00:00,Central_Fulfillment,7.3,14.6,0,16.0,16.2,normal
2025-06-16T07:00:00,Central_Fulfillment,6.9,11.6,0,17.1,15.9,normal
2025-06-16T08:00:00,Central_Fulfillment,11.8,19.3,0,20.3,14.8,normal
2025-06-16T09:00:00,Central_Fulfillment,9.7,16.1,0,21.5,15.2,normal
2025-06-16T10:00:00,Central_Fulfillment,12.0,17.3,0,21.9,15.9,normal
2025-06-16T11:00:00,Central_Fulfillment,10.6,15.6,0,24.8,16.7,normal
2025-06-16T12:00:00,Central_Fulfillment,11.6,15.3,0,25.1,15.0,normal
2025-06-16T13:00:00,Central_Fulfillment,14.4,17.6,0,26.6,13.9,normal
2025-06-16T14:00:00,Central_Fulfillment,13.7,15.9,0,24.7,16.7,normal
2025-06-16T15:00:00,Central_Fulfillment,17.6,22.4,0,23.3,14.2,normal
2025-06-16T16:00:00,Central_Fulfillment,14.8,22.7,0,22.7,16.1,normal
2025-06-16T17:00:00,Central_Fulfillment,12.0,18.8,0,21.8,15.6,normal
2025-06-16T18:00:00,Central_Fulfillment,15.4,18.6,0,19.8,15.8,normal
2025-06-16T19:00:00,Central_Fulfillment,13.2,20.4,0,17.2,15.7,normal
2025-06-16T20:00:00,Central_Fulfillment,11.7,15.1,0,15.8,17.0,normal
2025-06-16T21:00:00,Central_Fulfillment,10.9,15.9,0,14.8,15.8,normal
2025-06-16T22:00:00,Central_Fulfillment,12.9,14.9,0,13.1,15.1,normal
2025-06-16T23:00:00,Central_Fulfillment,13.2,15.7,0,11.6,15.6,normal
2025-06-16T00:00:00,Eastside_Fulfillment,9.5,16.2,0,10.6,15.9,normal
2025-06-16T01:00:00,Eastside_Fulfillment,6.6,13.7,0,11.6,14.7,normal
2025-06-16T02:00:00,Eastside_Fulfillment,7.5,9.9,0,10.5,15.7,normal
2025-06-16T03:00:00,Eastside_Fulfillment,5.6,9.4,0,12.7,14.1,normal
2025-06-16T04:00:00,Eastside_Fulfillment,8.2,11.6,0,13.7,15.7,normal
2025-06-16T05:00:00,Eastside_Fulfillment,8.0,12.3,0,14.1,14.8,normal
2025-06-16T06:00:00,Eastside_Fulfillment,3.6,12.0,0,14.7,17.4,normal
2025-06-16T07:00:00,Eastside_Fulfillment,8.1,13.8,0,18.0,15.7,normal
2025-06-16T08:00:00,Eastside_Fulfillment,8.2,12.9,0,20.2,17.1,normal
2025-06-16T09:00:00,Eastside_Fulfillment,12.7,19.9,0,22.9,17.9,normal
2025-06-16T10:00:00,Eastside_Fulfillment,8.7,11.3,0,22.8,14.5,normal
2025-06-16T11:00:00,Eastside_Fulfillment,10.6,18.8,0,23.9,16.3,normal
2025-06-16T12:00:00,Eastside_Fulfillment,12.9,21.8,0,24.6,17.3,normal
2025-06-16T13:00:00,Eastside_Fulfillment,10.5,17.5,0,24.3,17.2,normal
2025-06-16T14:00:00,Eastside_Fulfillment,15.2,21.9,0,24.9,15.7,normal
2025-06-16T15:00:00,Eastside_Fulfillment,13.0,17.8,0,24.9,14.2,normal
2025-06-16T16:00:00,Eastside_Fulfillment,14.4,17.7,0,21.3,17.2,normal
2025-06-16T17:00:00,Eastside_Fulfillment,12.8,19.7,0,22.0,17.4,normal
2025-06-16T18:00:00,Eastside_Fulfillment,13.5,21.3,0,21.3,17.7,normal
2025-06-16T19:00:00,Eastside_Fulfillment,15.5,24.4,0,19.0,15.9,normal
2025-06-16T20:00:00,Eastside_Fulfillment,12.0,16.1,0,17.9,14.9,normal
2025-06-16T21:00:00,Eastside_Fulfillment,12.3,14.9,0,14.3,15.5,normal
2025-06-16T22:00:00,Eastside_Fulfillment,18.6,21.8,0,12.7,15.4,normal
2025-06-16T23:00:00,Eastside_Fulfillment,4.3,7.4,0,11.5,15.8,normal
2025-06-17T00:00:00,Northside_Fulfillment,11.7,15.9,0,11.4,15.8,normal
2025-06-17T01:00:00,Northside_Fulfillment,7.5,10.8,0,11.2,14.6,normal
2025-06-17T02:00:00,Northside_Fulfillment,7.1,14.2,0,10.2,15.6,normal
2025-06-17T03:00:00,Northside_Fulfillment,7.6,10.5,0,11.4,15.7,normal
2025-06-17T04:00:00,Northside_Fulfillment,4.9,13.6,0,12.9,16.4,normal
2025-06-17T05:00:00,Northside_Fulfillment,6.4,12.7,0,15.0,16.8,normal
2025-06-17T06:00:00,Northside_Fulfillment,9.1,16.0,0,15.0,15.9,normal
2025-06-17T07:00:00,Northside_Fulfillment,8.3,16.6,0,18.9,15.0,normal
2025-06-17T08:00:00,Northside_Fulfillment,7.6,14.6,0,18.6,15.9,normal
2025-06-17T09:00:00,Northside_Fulfillment,11.2,13.9,0,22.1,14.4,normal
2025-06-17T10:00:00,Northside_Fulfillment,12.2,20.8,0,22.8,16.4,normal
2025-06-17T11:00:00,Northside_Fulfillment,11.1,16.1,0,23.7,16.3,normal
2025-06-17T12:00:00,Northside_Fulfillment,13.1,16.0,0,24.5,16.1,normal
2025-06-17T13:00:00,Northside_Fulfillment,13.2,22.2,0,25.8,15.2,normal
2025-06-17T14:00:00,Northside_Fulfillment,13.2,17.1,0,25.9,14.0,normal
2025-06-17T15:00:00,Northside_Fulfillment,15.6,21.5,0,23.0,15.2,normal
2025-06-17T16:00:00,Northside_Fulfillment,15.3,22.8,0,23.5,14.7,normal
2025-06-17T17:00:00,Northside_Fulfillment,13.1,19.2,0,21.0,14.9,normal
2025-06-17T18:00:00,Northside_Fulfillment,12.5,17.8,0,19.5,16.1,normal
2025-06-17T19:00:00,Northside_Fulfillment,12.5,16.6,0,17.7,15.2,normal
2025-06-17T20:00:00,Northside_Fulfillment,12.9,17.6,0,16.7,16.4,normal
2025-06-17T21:00:00,Northside_Fulfillment,17.5,21.2,0,13.3,17.1,normal
2025-06-17T22:00:00,Northside_Fulfillment,15.0,21.4,0,13.4,16.3,normal
2025-06-17T23:00:00,Northside_Fulfillment,14.7,20.6,0,12.1,17.6,normal
2025-06-17T00:00:00,Central_Fulfillment,10.0,15.7,0,10.9,17.7,normal
2025-06-17T01:00:00,Central_Fulfillment,9.5,13.0,0,11.3,15.7,normal
2025-06-17T02:00:00,Central_Fulfillment,6.6,10.1,0,12.2,16.5,normal
2025-06-17T03:00:00,Central_Fulfillment,7.9,9.9,0,11.5,15.2,normal
2025-06-17T04:00:00,Central_Fulfillment,7.1,11.5,0,12.0,17.2,normal
2025-06-17T05:00:00,Central_Fulfillment,3.1,8.7,0,14.7,16.6,normal
2025-06-17T06:00:00,Central_Fulfillment,6.7,11.9,0,16.2,14.6,normal
2025-06-17T07:00:00,Central_Fulfillment,5.1,8.0,0,19.1,16.3,normal
2025-06-17T08:00:00,Central_Fulfillment,7.8,11.3,0,19.2,15.0,normal
2025-06-17T09:00:00,Central_Fulfillment,9.7,14.3,0,21.7,16.3,normal
2025-06-17T10:00:00,Central_Fulfillment,9.9,12.2,0,23.1,16.0,normal
2025-06-17T11:00:00,Central_Fulfillment,12.1,20.2,0,23.6,16.8,normal
2025-06-17T12:00:00,Central_Fulfillment,15.7,20.1,0,25.0,16.6,normal
2025-06-17T13:00:00,Central_Fulfillment,11.1,20.1,0,24.1,16.7,normal
2025-06-17T14:00:00,Central_Fulfillment,10.0,18.6,0,25.2,15.0,normal
2025-06-17T15:00:00,Central_Fulfillment,9.2,11.4,0,22.2,17.1,normal
2025-06-17T16:00:00,Central_Fulfillment,19.0,23.0,0,22.4,16.0,normal
2025-06-17T17:00:00,Central_Fulfillment,15.4,21.2,0,22.5,16.4,normal
2025-06-17T18:00:00,Central_Fulfillment,12.8,18.5,0,19.9,13.8,normal
2025-06-17T19:00:00,Central_Fulfillment,13.3,17.0,0,18.1,17.5,normal
2025-06-17T20:00:00,Central_Fulfillment,10.3,16.1,0,15.6,16.4,normal
2025-06-17T21:00:00,Central_Fulfillment,14.6,17.1,0,14.8,17.2,normal
2025-06-17T22:00:00,Central_Fulfillment,12.4,18.8,0,12.8,17.8,normal
2025-06-17T23:00:00,Central_Fulfillment,9.2,14.2,0,12.7,17.5,normal
2025-06-17T00:00:00,Eastside_Fulfillment,10.4,17.4,0,11.6,16.8,normal
2025-06-17T01:00:00,Eastside_Fulfillment,12.7,19.9,0,11.0,17.2,normal
2025-06-17T02:00:00,Eastside_Fulfillment,9.0,15.2,0,9.9,16.3,normal
2025-06-17T03:00:00,Eastside_Fulfillment,6.0,12.0,0,12.1,15.8,normal
2025-06-17T04:00:00,Eastside_Fulfillment,7.3,15.6,0,13.2,14.6,normal
2025-06-17T05:00:00,Eastside_Fulfillment,9.3,12.0,0,14.8,14.2,normal
2025-06-17T06:00:00,Eastside_Fulfillment,3.2,6.8,0,16.8,15.1,normal
2025-06-17T07:00:00,Eastside_Fulfillment,8.3,13.3,0,15.7,15.6,normal
2025-06-17T08:00:00,Eastside_Fulfillment,6.0,14.6,0,19.7,15.3,normal
2025-06-17T09:00:00,Eastside_Fulfillment,10.2,16.1,0,21.4,16.5,normal
2025-06-17T10:00:00,Eastside_Fulfillment,7.1,9.8,0,23.3,15.1,normal
2025-06-17T11:00:00,Eastside_Fulfillment,13.9,18.5,0,23.9,16.5,normal
2025-06-17T12:00:00,Eastside_Fulfillment,13.5,16.6,0,25.7,16.5,normal
2025-06-17T13:00:00,Eastside_Fulfillment,14.2,17.2,0,25.7,15.5,normal
2025-06-17T14:00:00,Eastside_Fulfillment,14.1,16.6,0,26.4,17.1,normal
2025-06-17T15:00:00,Eastside_Fulfillment,16.6,24.3,0,25.3,15.6,normal
2025-06-17T16:00:00,Eastside_Fulfillment,13.6,17.4,0,23.2,17.5,normal
2025-06-17T17:00:00,Eastside_Fulfillment,17.1,26.1,0,21.0,14.9,normal
2025-06-17T18:00:00,Eastside_Fulfillment,14.7,20.9,0,21.1,17.1,normal
2025-06-17T19:00:00,Eastside_Fulfillment,12.8,17.9,0,17.5,16.7,normal
2025-06-17T20:00:00,Eastside_Fulfillment,15.6,18.8,0,16.1,14.1,normal
2025-06-17T21:00:00,Eastside_Fulfillment,14.1,18.3,0,12.7,16.0,normal
2025-06-17T22:00:00,Eastside_Fulfillment,13.9,21.3,0,12.3,15.7,normal
2025-06-17T23:00:00,Eastside_Fulfillment,10.4,14.4,0,12.1,14.9,normal
2025-06-18T00:00:00,Northside_Fulfillment,9.2,11.5,0,12.0,13.7,normal
2025-06-18T01:00:00,Northside_Fulfillment,14.5,21.2,0,10.5,17.3,normal
2025-06-18T02:00:00,Northside_Fulfillment,7.6,16.4,0,10.5,15.3,normal
2025-06-18T03:00:00,Northside_Fulfillment,9.7,15.9,0,10.6,15.9,normal
2025-06-18T04:00:00,Northside_Fulfillment,7.8,12.4,0,14.3,16.4,normal
2025-06-18T05:00:00,Northside_Fulfillment,6.8,14.0,0,15.5,14.9,normal
2025-06-18T06:00:00,Northside_Fulfillment,5.9,13.9,0,17.7,16.6,normal
2025-06-18T07:00:00,Northside_Fulfillment,8.1,16.3,0,18.1,16.5,normal
2025-06-18T08:00:00,Northside_Fulfillment,6.9,14.6,0,18.9,15.8,normal
2025-06-18T09:00:00,Northside_Fulfillment,9.8,14.5,0,22.5,13.9,normal
2025-06-18T10:00:00,Northside_Fulfillment,6.7,9.5,0,23.0,16.1,normal
2025-06-18T11:00:00,Northside_Fulfillment,12.4,15.7,0,24.4,15.1,normal
2025-06-18T12:00:00,Northside_Fulfillment,10.2,19.2,0,23.8,15.6,normal
2025-06-18T13:00:00,Northside_Fulfillment,11.9,16.2,0,24.2,14.4,normal
2025-06-18T14:00:00,Northside_Fulfillment,10.7,12.9,0,25.0,17.3,normal
2025-06-18T15:00:00,Northside_Fulfillment,15.5,24.3,0,24.0,15.6,normal
2025-06-18T16:00:00,Northside_Fulfillment,15.6,22.7,0,24.6,17.6,normal
2025-06-18T17:00:00,Northside_Fulfillment,15.1,18.9,0,20.9,15.2,normal
2025-06-18T18:00:00,Northside_Fulfillment,12.0,18.2,0,19.7,15.0,normal
2025-06-18T19:00:00,Northside_Fulfillment,11.8,15.2,0,16.8,16.5,normal
2025-06-18T20:00:00,Northside_Fulfillment,11.9,20.6,0,15.1,16.3,normal
2025-06-18T21:00:00,Northside_Fulfillment,17.8,23.5,0,15.1,15.8,normal
2025-06-18T22:00:00,Northside_Fulfillment,11.1,18.9,0,11.8,16.2,normal
2025-06-18T23:00:00,Northside_Fulfillment,11.3,17.2,0,11.0,15.9,normal
2025-06-18T00:00:00,Central_Fulfillment,9.1,15.1,0,11.0,16.2,normal
2025-06-18T01:00:00,Central_Fulfillment,4.6,10.5,0,10.6,15.4,normal
2025-06-18T02:00:00,Central_Fulfillment,10.9,13.8,0,12.0,16.0,normal
2025-06-18T03:00:00,Central_Fulfillment,9.6,16.0,0,11.7,18,normal
2025-06-18T04:00:00,Central_Fulfillment,7.2,15.9,0,12.3,14.8,normal
2025-06-18T05:00:00,Central_Fulfillment,7.8,15.9,0,14.3,16.8,normal
2025-06-18T06:00:00,Central_Fulfillment,10.0,16.5,0,15.9,14.8,normal
2025-06-18T07:00:00,Central_Fulfillment,6.3,14.0,0,18.6,17.1,normal
2025-06-18T08:00:00,Central_Fulfillment,9.1,11.7,0,20.7,16.1,normal
2025-06-18T09:00:00,Central_Fulfillment,6.5,13.1,0,19.5,17.0,normal
2025-06-18T10:00:00,Central_Fulfillment,11.6,15.7,0,22.8,17.6,normal
2025-06-18T11:00:00,Central_Fulfillment,10.5,12.9,0,23.8,16.5,normal
2025-06-18T12:00:00,Central_Fulfillment,13.2,16.0,0,23.9,15.5,normal
2025-06-18T13:00:00,Central_Fulfillment,13.9,22.2,0,23.6,16.9,normal
2025-06-18T14:00:00,Central_Fulfillment,14.9,19.8,0,25.2,15.2,normal
2025-06-18T15:00:00,Central_Fulfillment,10.3,19.1,0,24.8,15.7,normal
2025-06-18T16:00:00,Central_Fulfillment,16.8,25.7,0,22.0,17.1,normal
2025-06-18T17:00:00,Central_Fulfillment,13.9,19.6,0,21.2,16.8,normal
2025-06-18T18:00:00,Central_Fulfillment,17.4,19.7,0,19.6,15.2,normal
2025-06-18T19:00:00,Central_Fulfillment,17.4,20.4,0,19.5,17.1,normal
2025-06-18T20:00:00,Central_Fulfillment,13.7,19.4,0,16.1,15.5,normal
2025-06-18T21:00:00,Central_Fulfillment,13.6,17.9,0,14.5,15.5,normal
2025-06-18T22:00:00,Central_Fulfillment,9.9,12.1,0,14.0,16.7,normal
2025-06-18T23:00:00,Central_Fulfillment,11.5,19.7,0,11.4,15.5,normal
2025-06-18T00:00:00,Eastside_Fulfillment,14.3,21.4,0,11.6,15.4,normal
2025-06-18T01:00:00,Eastside_Fulfillment,8.6,16.0,0,10.4,15.2,normal
2025-06-18T02:00:00,Eastside_Fulfillment,9.8,18.2,0,10.4,18,normal
2025-06-18T03:00:00,Eastside_Fulfillment,8.2,13.5,0,11.8,16.5,normal
2025-06-18T04:00:00,Eastside_Fulfillment,8.5,12.6,0,13.8,15.8,normal
2025-06-18T05:00:00,Eastside_Fulfillment,8.7,11.2,0,14.0,15.1,normal
2025-06-18T06:00:00,Eastside_Fulfillment,10.0,13.7,0,16.5,16.8,normal
2025-06-18T07:00:00,Eastside_Fulfillment,7.4,15.8,0,19.1,15.9,normal
2025-06-18T08:00:00,Eastside_Fulfillment,4.8,11.6,0,19.0,15.8,normal
2025-06-18T09:00:00,Eastside_Fulfillment,6.5,11.7,0,21.4,15.6,normal
2025-06-18T10:00:00,Eastside_Fulfillment,12.2,16.6,0,23.1,17.0,normal
2025-06-18T11:00:00,Eastside_Fulfillment,11.2,15.4,0,25.2,16.0,normal
2025-06-18T12:00:00,Eastside_Fulfillment,15.4,19.5,0,25.5,15.1,normal
2025-06-18T13:00:00,Eastside_Fulfillment,14.6,20.1,0,25.8,17.2,normal
2025-06-18T14:00:00,Eastside_Fulfillment,9.5,11.9,0,25.0,15.5,normal
2025-06-18T15:00:00,Eastside_Fulfillment,14.6,23.5,0,24.4,16.4,normal
2025-06-18T16:00:00,Eastside_Fulfillment,14.1,18.4,0,24.0,16.1,normal
2025-06-18T17:00:00,Eastside_Fulfillment,14.5,18.0,0,22.4,15.1,normal
2025-06-18T18:00:00,Eastside_Fulfillment,13.3,16.8,0,18.8,16.4,normal
2025-06-18T19:00:00,Eastside_Fulfillment,11.8,17.4,0,17.0,14.3,normal
2025-06-18T20:00:00,Eastside_Fulfillment,14.5,22.3,0,15.0,15.4,normal
2025-06-18T21:00:00,Eastside_Fulfillment,11.7,14.2,0,13.1,15.8,normal
2025-06-18T22:00:00,Eastside_Fulfillment,15.0,17.0,0,14.1,15.7,normal
2025-06-18T23:00:00,Eastside_Fulfillment,10.7,15.2,0,11.9,16.2,normal
2025-06-19T00:00:00,Northside_Fulfillment,12.0,15.1,0,10.5,16.0,normal
2025-06-19T01:00:00,Northside_Fulfillment,9.8,16.1,0,10.6,15.9,normal
2025-06-19T02:00:00,Northside_Fulfillment,8.5,17.3,0,11.2,17.0,normal
2025-06-19T03:00:00,Northside_Fulfillment,9.4,18.3,0,13.0,16.1,normal
2025-06-19T04:00:00,Northside_Fulfillment,3.8,11.1,0,15.0,17.5,normal
2025-06-19T05:00:00,Northside_Fulfillment,8.0,14.1,0,14.2,16.3,normal
2025-06-19T06:00:00,Northside_Fulfillment,4.6,9.4,0,17.2,17.1,normal
2025-06-19T07:00:00,Northside_Fulfillment,9.5,15.8,0,18.7,17.7,normal
2025-06-19T08:00:00,Northside_Fulfillment,8.1,11.3,0,19.1,15.1,normal
2025-06-19T09:00:00,Northside_Fulfillment,5.9,8.7,0,21.3,15.7,normal
2025-06-19T10:00:00,Northside_Fulfillment,11.4,16.8,0,22.8,15.9,normal
2025-06-19T11:00:00,Northside_Fulfillment,12.0,14.9,0,24.5,15.6,normal
2025-06-19T12:00:00,Northside_Fulfillment,13.4,18.2,0,25.2,17.1,normal
2025-06-19T13:00:00,Northside_Fulfillment,15.4,23.1,0,24.4,17.2,normal
2025-06-19T14:00:00,Northside_Fulfillment,11.0,16.5,0,23.5,16.3,normal
2025-06-19T15:00:00,Northside_Fulfillment,16.7,19.8,0,24.2,16.3,normal
2025-06-19T16:00:00,Northside_Fulfillment,13.7,19.9,0,23.6,17.1,normal
2025-06-19T17:00:00,Northside_Fulfillment,14.9,17.3,0,21.5,15.9,normal
2025-06-19T18:00:00,Northside_Fulfillment,16.6,24.2,0,19.9,16.5,normal
2025-06-19T19:00:00,Northside_Fulfillment,18.4,23.1,0,18.1,14.9,normal
2025-06-19T20:00:00,Northside_Fulfillment,13.2,20.1,0,15.5,16.6,normal
2025-06-19T21:00:00,Northside_Fulfillment,12.8,20.5,0,15.4,16.5,normal
2025-06-19T22:00:00,Northside_Fulfillment,14.3,22.3,0,13.8,17.1,normal
2025-06-19T23:00:00,Northside_Fulfillment,10.7,18.9,0,13.4,14.9,normal
2025-06-19T00:00:00,Central_Fulfillment,9.2,14.6,0,10.4,16.4,normal
2025-06-19T01:00:00,Central_Fulfillment,10.6,15.6,0,10.5,16.4,normal
2025-06-19T02:00:00,Central_Fulfillment,6.5,9.6,0,10.5,16.9,normal
2025-06-19T03:00:00,Central_Fulfillment,9.1,13.0,0,12.6,16.4,normal
2025-06-19T04:00:00,Central_Fulfillment,8.0,13.9,0,13.3,15.2,normal
2025-06-19T05:00:00,Central_Fulfillment,6.8,15.3,0,14.5,15.5,normal
2025-06-19T06:00:00,Central_Fulfillment,6.4,11.7,0,17.3,16.1,normal
2025-06-19T07:00:00,Central_Fulfillment,3.2,5.4,0,17.0,17.4,normal
2025-06-19T08:00:00,Central_Fulfillment,6.8,12.7,0,19.3,14.7,normal
2025-06-19T09:00:00,Central_Fulfillment,7.6,16.3,0,21.1,14.2,normal
2025-06-19T10:00:00,Central_Fulfillment,8.7,11.9,0,22.7,15.3,normal
2025-06-19T11:00:00,Central_Fulfillment,13.3,21.1,0,24.4,15.1,normal
2025-06-19T12:00:00,Central_Fulfillment,10.8,17.8,0,25.5,13.4,normal
2025-06-19T13:00:00,Central_Fulfillment,13.1,21.4,0,26.0,18,normal
2025-06-19T14:00:00,Central_Fulfillment,13.7,22.2,0,24.8,16.4,normal
2025-06-19T15:00:00,Central_Fulfillment,14.3,18.0,0,22.8,14.6,normal
2025-06-19T16:00:00,Central_Fulfillment,14.4,22.2,0,23.3,17.2,normal
2025-06-19T17:00:00,Central_Fulfillment,14.3,22.4,0,21.1,16.2,normal
2025-06-19T18:00:00,Central_Fulfillment,16.4,23.0,0,19.9,16.2,normal
2025-06-19T19:00:00,Central_Fulfillment,13.6,18.0,0,17.7,16.2,normal
2025-06-19T20:00:00,Central_Fulfillment,13.6,17.2,0,15.6,18,normal
2025-06-19T21:00:00,Central_Fulfillment,18.0,22.0,0,15.0,17.4,normal
2025-06-19T22:00:00,Central_Fulfillment,10.0,14.1,0,11.9,16.4,normal
2025-06-19T23:00:00,Central_Fulfillment,11.8,17.5,0,12.0,15.0,normal
2025-06-19T00:00:00,Eastside_Fulfillment,9.5,12.2,0,11.0,13.9,normal
2025-06-19T01:00:00,Eastside_Fulfillment,9.9,18.5,0,12.4,16.0,normal
2025-06-19T02:00:00,Eastside_Fulfillment,11.5,16.9,0,10.9,16.2,normal
2025-06-19T03:00:00,Eastside_Fulfillment,8.6,16.1,0,12.5,16.5,normal
2025-06-19T04:00:00,Eastside_Fulfillment,3.6,11.6,0,12.3,16.1,normal
2025-06-19T05:00:00,Eastside_Fulfillment,9.0,14.2,0,16.0,14.8,normal
2025-06-19T06:00:00,Eastside_Fulfillment,7.8,14.3,0,16.0,16.6,normal
2025-06-19T07:00:00,Eastside_Fulfillment,5.3,11.7,0,17.3,17.4,normal
2025-06-19T08:00:00,Eastside_Fulfillment,7.8,16.0,0,20.2,17.4,normal
2025-06-19T09:00:00,Eastside_Fulfillment,6.9,13.9,0,22.4,17.9,normal
2025-06-19T10:00:00,Eastside_Fulfillment,10.7,16.2,0,23.7,17.5,normal
2025-06-19T11:00:00,Eastside_Fulfillment,12.1,15.4,0,23.9,15.4,normal
2025-06-19T12:00:00,Eastside_Fulfillment,14.8,17.3,0,24.5,14.0,normal
2025-06-19T13:00:00,Eastside_Fulfillment,12.5,19.1,0,24.6,15.8,normal
2025-06-19T14:00:00,Eastside_Fulfillment,14.7,22.9,0,25.4,17.7,normal
2025-06-19T15:00:00,Eastside_Fulfillment,17.1,19.6,0,23.9,18,normal
2025-06-19T16:00:00,Eastside_Fulfillment,12.3,17.0,0,24.3,14.8,normal
2025-06-19T17:00:00,Eastside_Fulfillment,17.7,24.5,0,21.6,16.8,normal
2025-06-19T18:00:00,Eastside_Fulfillment,13.0,15.4,0,20.2,16.1,normal
2025-06-19T19:00:00,Eastside_Fulfillment,14.6,21.3,0,16.9,16.5,normal
2025-06-19T20:00:00,Eastside_Fulfillment,13.1,16.0,0,15.0,16.2,normal
2025-06-19T21:00:00,Eastside_Fulfillment,15.8,20.9,0,15.1,17.5,normal
2025-06-19T22:00:00,Eastside_Fulfillment,8.4,13.2,0,14.0,15.3,normal
2025-06-19T23:00:00,Eastside_Fulfillment,12.0,15.2,0,11.9,17.2,normal
2025-06-20T00:00:00,Northside_Fulfillment,8.6,15.6,0,11.8,17.3,normal
2025-06-20T01:00:00,Northside_Fulfillment,9.3,14.3,0,12.2,17.8,normal
2025-06-20T02:00:00,Northside_Fulfillment,11.6,16.1,0,11.2,17.8,normal
2025-06-20T03:00:00,Northside_Fulfillment,6.0,8.4,0,11.9,15.2,normal
2025-06-20T04:00:00,Northside_Fulfillment,9.4,12.8,0,13.6,17.4,normal
2025-06-20T05:00:00,Northside_Fulfillment,7.1,14.2,0,15.1,17.0,normal
2025-06-20T06:00:00,Northside_Fulfillment,5.1,8.0,0,15.6,15.5,normal
2025-06-20T07:00:00,Northside_Fulfillment,8.7,12.1,0,18.8,15.0,normal
2025-06-20T08:00:00,Northside_Fulfillment,5.9,12.2,0,20.0,15.2,normal
2025-06-20T09:00:00,Northside_Fulfillment,8.9,12.1,0,21.2,16.4,normal
2025-06-20T10:00:00,Northside_Fulfillment,9.8,12.9,0,22.3,15.4,normal
2025-06-20T11:00:00,Northside_Fulfillment,9.4,15.0,0,23.6,17.2,normal
2025-06-20T12:00:00,Northside_Fulfillment,8.7,13.8,0,24.1,15.4,normal
2025-06-20T13:00:00,Northside_Fulfillment,11.5,17.5,0,24.8,16.6,normal
2025-06-20T14:00:00,Northside_Fulfillment,18.8,21.6,0,25.6,15.2,normal
2025-06-20T15:00:00,Northside_Fulfillment,13.3,16.8,0,24.6,16.5,normal
2025-06-20T16:00:00,Northside_Fulfillment,15.0,18.8,0,23.3,15.6,normal
2025-06-20T17:00:00,Northside_Fulfillment,13.3,16.5,0,21.3,16.4,normal
2025-06-20T18:00:00,Northside_Fulfillment,17.9,22.8,0,18.6,16.0,normal
2025-06-20T19:00:00,Northside_Fulfillment,12.8,14.9,0,17.0,14.5,normal
2025-06-20T20:00:00,Northside_Fulfillment,11.5,18.4,0,16.3,14.4,normal
2025-06-20T21:00:00,Northside_Fulfillment,14.3,18.9,0,13.5,15.2,normal
2025-06-20T22:00:00,Northside_Fulfillment,12.7,18.3,0,13.5,16.6,normal
2025-06-20T23:00:00,Northside_Fulfillment,11.4,15.8,0,12.4,16.4,normal
2025-06-20T00:00:00,Central_Fulfillment,7.5,11.3,0,11.9,14.8,normal
2025-06-20T01:00:00,Central_Fulfillment,8.9,11.2,0,11.4,17.9,normal
2025-06-20T02:00:00,Central_Fulfillment,4.7,9.7,0,10.8,16.1,normal
2025-06-20T03:00:00,Central_Fulfillment,6.5,11.2,0,12.7,16.8,normal
2025-06-20T04:00:00,Central_Fulfillment,9.6,15.8,0,13.5,14.7,normal
2025-06-20T05:00:00,Central_Fulfillment,6.5,11.5,0,15.0,15.4,normal
2025-06-20T06:00:00,Central_Fulfillment,6.9,12.4,0,15.2,16.8,normal
2025-06-20T07:00:00,Central_Fulfillment,6.3,9.6,0,17.9,15.8,normal
2025-06-20T08:00:00,Central_Fulfillment,6.6,13.2,0,18.6,16.1,normal
2025-06-20T09:00:00,Central_Fulfillment,12.6,17.6,0,20.2,16.5,normal
2025-06-20T10:00:00,Central_Fulfillment,10.4,14.1,0,22.5,15.6,normal
2025-06-20T11:00:00,Central_Fulfillment,9.3,17.0,0,23.9,15.9,normal
2025-06-20T12:00:00,Central_Fulfillment,16.3,25.0,0,25.3,14.4,normal
2025-06-20T13:00:00,Central_Fulfillment,13.3,21.2,0,25.2,15.6,normal
2025-06-20T14:00:00,Central_Fulfillment,12.2,19.8,0,24.9,16.0,normal
2025-06-20T15:00:00,Central_Fulfillment,12.5,18.0,0,23.3,15.4,normal
2025-06-20T16:00:00,Central_Fulfillment,16.5,19.3,0,23.5,15.5,normal
2025-06-20T17:00:00,Central_Fulfillment,10.8,16.9,0,22.4,14.9,normal
2025-06-20T18:00:00,Central_Fulfillment,12.8,21.4,0,19.2,16.3,normal
2025-06-20T19:00:00,Central_Fulfillment,14.9,22.9,0,17.1,15.5,normal
2025-06-20T20:00:00,Central_Fulfillment,13.7,19.0,0,17.1,16.9,normal
2025-06-20T21:00:00,Central_Fulfillment,13.3,15.7,0,15.4,17.3,normal
2025-06-20T22:00:00,Central_Fulfillment,13.6,17.1,0,13.5,16.7,normal
2025-06-20T23:00:00,Central_Fulfillment,12.0,19.6,0,10.9,15.4,normal
2025-06-20T00:00:00,Eastside_Fulfillment,15.5,21.8,0,10.8,16.3,normal
2025-06-20T01:00:00,Eastside_Fulfillment,8.0,14.3,0,11.7,16.9,normal
2025-06-20T02:00:00,Eastside_Fulfillment,7.9,16.9,0,11.7,16.9,normal
2025-06-20T03:00:00,Eastside_Fulfillment,9.7,13.4,0,10.1,14.0,normal
2025-06-20T04:00:00,Eastside_Fulfillment,8.2,12.8,0,12.9,16.3,normal
2025-06-20T05:00:00,Eastside_Fulfillment,7.1,14.1,0,13.3,16.2,normal
2025-06-20T06:00:00,Eastside_Fulfillment,10.3,16.7,0,16.0,15.9,normal
2025-06-20T07:00:00,Eastside_Fulfillment,5.4,10.5,0,17.0,13.8,normal
2025-06-20T08:00:00,Eastside_Fulfillment,7.1,15.5,0,19.4,15.3,normal
2025-06-20T09:00:00,Eastside_Fulfillment,8.5,11.4,0,21.9,14.3,normal
2025-06-20T10:00:00,Eastside_Fulfillment,9.4,16.9,0,24.9,15.4,normal
2025-06-20T11:00:00,Eastside_Fulfillment,10.7,18.9,0,23.5,14.9,normal
2025-06-20T12:00:00,Eastside_Fulfillment,14.2,21.7,0,24.1,16.1,normal
2025-06-20T13:00:00,Eastside_Fulfillment,13.9,21.5,0,25.4,13.8,normal
2025-06-20T14:00:00,Eastside_Fulfillment,11.8,17.9,0,24.7,17.8,normal
2025-06-20T15:00:00,Eastside_Fulfillment,12.8,19.8,0,22.6,14.3,normal
2025-06-20T16:00:00,Eastside_Fulfillment,14.8,19.5,0,23.1,17.6,normal
2025-06-20T17:00:00,Eastside_Fulfillment,13.5,15.8,0,22.1,15.2,normal
2025-06-20T18:00:00,Eastside_Fulfillment,18.2,24.4,0,18.8,14.2,normal
2025-06-20T19:00:00,Eastside_Fulfillment,14.1,16.4,0,18.8,16.5,normal
2025-06-20T20:00:00,Eastside_Fulfillment,12.0,18.6,0,15.9,17.4,normal
2025-06-20T21:00:00,Eastside_Fulfillment,11.1,17.9,0,14.9,15.8,normal
2025-06-20T22:00:00,Eastside_Fulfillment,12.7,15.1,0,12.9,16.2,normal
2025-06-20T23:00:00,Eastside_Fulfillment,9.5,14.3,0,11.7,16.0,normal
2025-06-21T00:00:00,Northside_Fulfillment,7.7,15.1,0,11.7,17.0,normal
2025-06-21T01:00:00,Northside_Fulfillment,8.7,15.7,0,11.6,15.4,normal
2025-06-21T02:00:00,Northside_Fulfillment,7.4,13.8,0,12.5,17.3,normal
2025-06-21T03:00:00,Northside_Fulfillment,7.6,13.3,0,12.7,15.7,normal
2025-06-21T04:00:00,Northside_Fulfillment,11.0,13.1,0,12.6,16.2,normal
2025-06-21T05:00:00,Northside_Fulfillment,5.8,14.4,0,15.7,15.9,normal
2025-06-21T06:00:00,Northside_Fulfillment,10.4,16.7,0,16.5,16.1,normal
2025-06-21T07:00:00,Northside_Fulfillment,7.7,9.7,0,17.3,15.9,normal
2025-06-21T08:00:00,Northside_Fulfillment,8.3,16.1,0,20.3,15.5,normal
2025-06-21T09:00:00,Northside_Fulfillment,8.5,14.2,0,22.4,15.8,normal
2025-06-21T10:00:00,Northside_Fulfillment,12.7,20.6,0,24.3,16.7,normal
2025-06-21T11:00:00,Northside_Fulfillment,11.0,13.8,0,23.1,15.2,normal
2025-06-21T12:00:00,Northside_Fulfillment,11.3,14.7,0,24.0,16.3,normal
2025-06-21T13:00:00,Northside_Fulfillment,14.0,17.3,0,25.4,17.7,normal
2025-06-21T14:00:00,Northside_Fulfillment,9.9,15.5,0,24.4,15.5,normal
2025-06-21T15:00:00,Northside_Fulfillment,14.4,21.0,0,24.9,15.1,normal
2025-06-21T16:00:00,Northside_Fulfillment,13.9,21.8,0,23.1,16.2,normal
2025-06-21T17:00:00,Northside_Fulfillment,12.0,16.8,0,21.5,15.2,normal
2025-06-21T18:00:00,Northside_Fulfillment,14.2,18.2,0,20.1,16.7,normal
2025-06-21T19:00:00,Northside_Fulfillment,14.4,17.2,0,17.6,17.2,normal
2025-06-21T20:00:00,Northside_Fulfillment,13.6,17.8,0,17.6,16.4,normal
2025-06-21T21:00:00,Northside_Fulfillment,12.8,15.6,0,15.2,17.7,normal
2025-06-21T22:00:00,Northside_Fulfillment,13.8,19.4,0,12.8,14.2,normal
2025-06-21T23:00:00,Northside_Fulfillment,9.8,17.3,0,12.1,15.9,normal
2025-06-21T00:00:00,Central_Fulfillment,8.6,13.3,0,11.6,16.8,normal
2025-06-21T01:00:00,Central_Fulfillment,7.8,16.2,0,11.1,17.5,normal
2025-06-21T02:00:00,Central_Fulfillment,6.2,14.0,0,10.4,15.8,normal
2025-06-21T03:00:00,Central_Fulfillment,7.0,10.8,0,12.0,14.9,normal
2025-06-21T04:00:00,Central_Fulfillment,8.5,17.3,0,13.2,15.6,normal
2025-06-21T05:00:00,Central_Fulfillment,10.1,13.5,0,14.2,15.4,normal
2025-06-21T06:00:00,Central_Fulfillment,9.9,12.8,0,14.8,15.6,normal
2025-06-21T07:00:00,Central_Fulfillment,4.6,13.4,0,18.3,15.6,normal
2025-06-21T08:00:00,Central_Fulfillment,7.2,10.4,0,21.1,16.1,normal
2025-06-21T09:00:00,Central_Fulfillment,10.5,17.2,0,21.7,16.5,normal
2025-06-21T10:00:00,Central_Fulfillment,13.7,16.7,0,22.4,17.0,normal
2025-06-21T11:00:00,Central_Fulfillment,12.9,17.7,0,22.7,15.4,normal
2025-06-21T12:00:00,Central_Fulfillment,15.6,17.7,0,26.8,17.5,normal
2025-06-21T13:00:00,Central_Fulfillment,10.9,19.9,0,25.4,15.9,normal
2025-06-21T14:00:00,Central_Fulfillment,13.4,20.2,0,25.3,13.6,normal
2025-06-21T15:00:00,Central_Fulfillment,16.5,25.0,0,23.9,14.5,normal
2025-06-21T16:00:00,Central_Fulfillment,12.3,21.1,0,22.1,15.0,normal
2025-06-21T17:00:00,Central_Fulfillment,14.8,23.8,0,21.9,15.5,normal
2025-06-21T18:00:00,Central_Fulfillment,15.9,20.7,0,20.4,16.8,normal
2025-06-21T19:00:00,Central_Fulfillment,13.2,20.1,0,17.3,17.8,normal
2025-06-21T20:00:00,Central_Fulfillment,15.5,22.8,0,16.1,16.5,normal
2025-06-21T21:00:00,Central_Fulfillment,12.2,20.0,0,13.8,14.3,normal
2025-06-21T22:00:00,Central_Fulfillment,12.5,18.8,0,13.0,15.3,normal
2025-06-21T23:00:00,Central_Fulfillment,13.0,21.1,0,12.2,15.5,normal
2025-06-21T00:00:00,Eastside_Fulfillment,8.1,11.7,0,10.8,15.4,normal
2025-06-21T01:00:00,Eastside_Fulfillment,8.8,14.2,0,11.5,15.7,normal
2025-06-21T02:00:00,Eastside_Fulfillment,10.4,13.8,0,13.0,13.6,normal
2025-06-21T03:00:00,Eastside_Fulfillment,11.0,18.1,0,12.3,16.2,normal
2025-06-21T04:00:00,Eastside_Fulfillment,8.7,13.4,0,15.1,15.9,normal
2025-06-21T05:00:00,Eastside_Fulfillment,9.8,12.7,0,13.7,15.9,normal
2025-06-21T06:00:00,Eastside_Fulfillment,7.4,14.1,0,16.5,15.8,normal
2025-06-21T07:00:00,Eastside_Fulfillment,7.1,11.3,0,18.8,16.9,normal
2025-06-21T08:00:00,Eastside_Fulfillment,7.7,15.7,0,20.3,16.2,normal
2025-06-21T09:00:00,Eastside_Fulfillment,9.3,15.1,0,21.1,15.1,normal
2025-06-21T10:00:00,Eastside_Fulfillment,9.9,17.0,0,23.5,16.4,normal
2025-06-21T11:00:00,Eastside_Fulfillment,10.1,14.6,0,23.3,16.0,normal
2025-06-21T12:00:00,Eastside_Fulfillment,11.2,17.0,0,25.1,17.0,normal
2025-06-21T13:00:00,Eastside_Fulfillment,12.6,19.5,0,24.3,17.0,normal
2025-06-21T14:00:00,Eastside_Fulfillment,14.0,21.5,0,25.2,16.3,normal
2025-06-21T15:00:00,Eastside_Fulfillment,13.5,22.4,0,24.0,17.7,normal
2025-06-21T16:00:00,Eastside_Fulfillment,14.9,20.6,0,22.9,16.9,normal
2025-06-21T17:00:00,Eastside_Fulfillment,14.1,19.5,0,21.7,15.4,normal
2025-06-21T18:00:00,Eastside_Fulfillment,14.2,18.0,0,20.1,15.6,normal
2025-06-21T19:00:00,Eastside_Fulfillment,16.4,20.6,0,18.5,13.4,normal
2025-06-21T20:00:00,Eastside_Fulfillment,12.8,15.4,0,16.6,15.4,normal
2025-06-21T21:00:00,Eastside_Fulfillment,14.8,21.4,0,14.2,15.7,normal
2025-06-21T22:00:00,Eastside_Fulfillment,16.0,24.9,0,13.3,15.3,normal
2025-06-21T23:00:00,Eastside_Fulfillment,12.1,16.2,0,12.7,16.0,normal
2025-06-22T00:00:00,Northside_Fulfillment,13.1,18.2,0,11.8,16.0,normal
2025-06-22T01:00:00,Northside_Fulfillment,8.9,13.3,0,10.7,17.1,normal
2025-06-22T02:00:00,Northside_Fulfillment,7.2,12.5,0,12.7,15.7,normal
2025-06-22T03:00:00,Northside_Fulfillment,8.9,12.3,0,11.3,17.5,normal
2025-06-22T04:00:00,Northside_Fulfillment,5.8,14.0,0,14.4,15.3,normal
2025-06-22T05:00:00,Northside_Fulfillment,7.9,15.3,0,14.1,15.9,normal
2025-06-22T06:00:00,Northside_Fulfillment,10.0,18.1,0,16.3,17.0,normal
2025-06-22T07:00:00,Northside_Fulfillment,7.8,13.1,0,17.8,16.6,normal
2025-06-22T08:00:00,Northside_Fulfillment,6.0,13.3,0,20.2,17.1,normal
2025-06-22T09:00:00,Northside_Fulfillment,7.9,13.9,0,20.9,15.6,normal
2025-06-22T10:00:00,Northside_Fulfillment,9.1,16.5,0,21.2,14.6,normal
2025-06-22T11:00:00,Northside_Fulfillment,7.1,14.1,0,25.3,16.3,normal
2025-06-22T12:00:00,Northside_Fulfillment,14.0,21.6,0,24.3,16.3,normal
2025-06-22T13:00:00,Northside_Fulfillment,12.2,19.4,0,24.9,16.2,normal
2025-06-22T14:00:00,Northside_Fulfillment,11.6,20.6,0,24.7,15.9,normal
2025-06-22T15:00:00,Northside_Fulfillment,15.6,17.9,0,24.4,14.7,normal
2025-06-22T16:00:00,Northside_Fulfillment,15.2,17.6,0,23.5,17.0,normal
2025-06-22T17:00:00,Northside_Fulfillment,14.9,22.4,0,18.9,18,normal
2025-06-22T18:00:00,Northside_Fulfillment,15.5,18.8,0,20.0,16.5,normal
2025-06-22T19:00:00,Northside_Fulfillment,17.0,22.1,0,15.8,16.8,normal
2025-06-22T20:00:00,Northside_Fulfillment,16.0,24.9,0,16.3,16.0,normal
2025-06-22T21:00:00,Northside_Fulfillment,11.9,20.8,0,15.4,17.9,normal
2025-06-22T22:00:00,Northside_Fulfillment,14.4,17.7,0,13.8,17.2,normal
2025-06-22T23:00:00,Northside_Fulfillment,10.4,13.6,0,11.3,14.4,normal
2025-06-22T00:00:00,Central_Fulfillment,11.7,15.4,0,11.4,16.2,normal
2025-06-22T01:00:00,Central_Fulfillment,11.6,14.6,0,11.5,16.4,normal
2025-06-22T02:00:00,Central_Fulfillment,12.9,19.6,0,11.6,15.0,normal
2025-06-22T03:00:00,Central_Fulfillment,5.4,9.8,0,11.4,16.5,normal
2025-06-22T04:00:00,Central_Fulfillment,7.9,11.7,0,13.1,16.4,normal
2025-06-22T05:00:00,Central_Fulfillment,3.2,10.3,0,13.3,16.8,normal
2025-06-22T06:00:00,Central_Fulfillment,10.4,17.0,0,16.9,14.7,normal
2025-06-22T07:00:00,Central_Fulfillment,8.5,11.9,0,17.0,17.1,normal
2025-06-22T08:00:00,Central_Fulfillment,9.5,14.2,0,19.6,16.1,normal
2025-06-22T09:00:00,Central_Fulfillment,7.5,16.1,0,20.4,15.7,normal
2025-06-22T10:00:00,Central_Fulfillment,8.6,15.2,0,22.0,15.7,normal
2025-06-22T11:00:00,Central_Fulfillment,10.6,16.3,0,24.4,15.3,normal
2025-06-22T12:00:00,Central_Fulfillment,13.7,15.9,0,24.5,15.5,normal
2025-06-22T13:00:00,Central_Fulfillment,12.0,20.2,0,25.6,15.6,normal
2025-06-22T14:00:00,Central_Fulfillment,12.3,18.7,0,24.5,16.5,normal
2025-06-22T15:00:00,Central_Fulfillment,14.5,23.4,0,25.2,16.1,normal
2025-06-22T16:00:00,Central_Fulfillment,12.1,20.1,0,24.3,17.0,normal
2025-06-22T17:00:00,Central_Fulfillment,15.6,19.7,0,22.6,17.8,normal
2025-06-22T18:00:00,Central_Fulfillment,17.3,22.8,0,19.3,16.7,normal
2025-06-22T19:00:00,Central_Fulfillment,15.0,18.3,0,17.8,15.8,normal
2025-06-22T20:00:00,Central_Fulfillment,13.0,17.6,0,14.9,16.2,normal
2025-06-22T21:00:00,Central_Fulfillment,13.8,19.0,0,13.5,17.1,normal
2025-06-22T22:00:00,Central_Fulfillment,16.4,22.4,0,12.8,16.5,normal
2025-06-22T23:00:00,Central_Fulfillment,12.4,15.8,0,12.2,16.8,normal
2025-06-22T00:00:00,Eastside_Fulfillment,8.0,13.1,0,11.7,15.9,normal
2025-06-22T01:00:00,Eastside_Fulfillment,8.0,10.5,0,12.2,15.7,normal
2025-06-22T02:00:00,Eastside_Fulfillment,8.6,14.8,0,11.7,15.0,normal
2025-06-22T03:00:00,Eastside_Fulfillment,4.3,10.2,0,12.7,16.0,normal
2025-06-22T04:00:00,Eastside_Fulfillment,6.5,10.3,0,13.0,15.8,normal
2025-06-22T05:00:00,Eastside_Fulfillment,9.2,12.1,0,15.3,16.4,normal
2025-06-22T06:00:00,Eastside_Fulfillment,5.1,9.4,0,16.0,14.8,normal
2025-06-22T07:00:00,Eastside_Fulfillment,4.1,6.8,0,18.0,15.7,normal
2025-06-22T08:00:00,Eastside_Fulfillment,7.8,14.6,0,19.9,16.9,normal
2025-06-22T09:00:00,Eastside_Fulfillment,9.3,11.4,0,21.9,15.2,normal
2025-06-22T10:00:00,Eastside_Fulfillment,9.4,11.9,0,23.7,14.4,normal
2025-06-22T11:00:00,Eastside_Fulfillment,11.6,15.9,0,24.0,16.7,normal
2025-06-22T12:00:00,Eastside_Fulfillment,12.2,20.3,0,25.0,16.0,normal
2025-06-22T13:00:00,Eastside_Fulfillment,15.1,21.3,0,27.2,15.6,normal
2025-06-22T14:00:00,Eastside_Fulfillment,13.7,21.5,0,25.0,14.0,normal
2025-06-22T15:00:00,Eastside_Fulfillment,12.9,21.8,0,22.7,18,normal
2025-06-22T16:00:00,Eastside_Fulfillment,14.0,20.4,0,22.5,16.2,normal
2025-06-22T17:00:00,Eastside_Fulfillment,17.6,22.5,0,21.0,16.9,normal
2025-06-22T18:00:00,Eastside_Fulfillment,10.6,15.4,0,19.4,16.6,normal
2025-06-22T19:00:00,Eastside_Fulfillment,14.3,18.4,0,18.8,16.2,normal
2025-06-22T20:00:00,Eastside_Fulfillment,15.1,23.9,0,16.5,16.4,normal
2025-06-22T21:00:00,Eastside_Fulfillment,13.6,18.5,0,14.9,16.9,normal
2025-06-22T22:00:00,Eastside_Fulfillment,11.7,20.4,0,11.6,14.9,normal
2025-06-22T23:00:00,Eastside_Fulfillment,10.4,13.6,0,11.9,17.9,normal
2025-06-23T00:00:00,Northside_Fulfillment,8.9,13.0,0,11.4,16.3,normal
2025-06-23T01:00:00,Northside_Fulfillment,8.0,12.7,0,11.4,14.9,normal
2025-06-23T02:00:00,Northside_Fulfillment,11.1,18.0,0,10.8,15.2,normal
2025-06-23T03:00:00,Northside_Fulfillment,9.8,13.9,0,13.0,16.7,normal
2025-06-23T04:00:00,Northside_Fulfillment,9.1,12.9,0,12.5,13.8,normal
2025-06-23T05:00:00,Northside_Fulfillment,4.0,12.2,0,14.6,14.5,normal
2025-06-23T06:00:00,Northside_Fulfillment,6.0,14.4,0,17.2,15.3,normal
2025-06-23T07:00:00,Northside_Fulfillment,9.7,16.2,0,18.5,16.2,normal
2025-06-23T08:00:00,Northside_Fulfillment,12.6,21.4,0,20.1,17.8,normal
2025-06-23T09:00:00,Northside_Fulfillment,6.8,13.8,0,21.2,16.8,normal
2025-06-23T10:00:00,Northside_Fulfillment,8.3,15.7,0,23.2,15.8,normal
2025-06-23T11:00:00,Northside_Fulfillment,7.8,12.4,0,23.9,14.4,normal
2025-06-23T12:00:00,Northside_Fulfillment,10.5,15.7,0,24.3,15.9,normal
2025-06-23T13:00:00,Northside_Fulfillment,16.0,22.2,0,24.9,16.0,normal
2025-06-23T14:00:00,Northside_Fulfillment,15.8,22.4,0,24.6,15.8,normal
2025-06-23T15:00:00,Northside_Fulfillment,13.8,18.0,0,24.1,16.4,normal
2025-06-23T16:00:00,Northside_Fulfillment,13.6,18.6,0,22.9,16.3,normal
2025-06-23T17:00:00,Northside_Fulfillment,15.8,24.1,0,19.9,15.5,normal
2025-06-23T18:00:00,Northside_Fulfillment,12.6,17.0,0,18.7,15.4,normal
2025-06-23T19:00:00,Northside_Fulfillment,14.9,22.9,0,19.6,15.6,normal
2025-06-23T20:00:00,Northside_Fulfillment,13.8,17.7,0,16.1,15.3,normal
2025-06-23T21:00:00,Northside_Fulfillment,10.4,16.3,0,13.9,17.9,normal
2025-06-23T22:00:00,Northside_Fulfillment,12.9,15.7,0,13.9,15.3,normal
2025-06-23T23:00:00,Northside_Fulfillment,12.6,15.7,0,11.0,16.0,normal
2025-06-23T00:00:00,Central_Fulfillment,13.3,20.0,0,10.9,17.1,normal
2025-06-23T01:00:00,Central_Fulfillment,9.7,17.4,0,9.1,15.1,normal
2025-06-23T02:00:00,Central_Fulfillment,9.0,17.9,0,10.5,16.3,normal
2025-06-23T03:00:00,Central_Fulfillment,9.1,13.8,0,12.2,17.2,normal
2025-06-23T04:00:00,Central_Fulfillment,9.9,12.5,0,13.6,15.5,normal
2025-06-23T05:00:00,Central_Fulfillment,10.2,12.2,0,14.0,16.3,normal
2025-06-23T06:00:00,Central_Fulfillment,10.0,15.9,0,17.0,16.8,normal
2025-06-23T07:00:00,Central_Fulfillment,8.6,12.4,0,17.6,14.6,normal
2025-06-23T08:00:00,Central_Fulfillment,7.7,12.8,0,19.9,15.3,normal
2025-06-23T09:00:00,Central_Fulfillment,9.6,17.1,0,21.3,15.4,normal
2025-06-23T10:00:00,Central_Fulfillment,7.7,11.6,0,23.4,16.3,normal
2025-06-23T11:00:00,Central_Fulfillment,12.4,17.6,0,24.7,16.9,normal
2025-06-23T12:00:00,Central_Fulfillment,12.6,19.2,0,23.4,16.5,normal
2025-06-23T13:00:00,Central_Fulfillment,9.5,16.4,0,23.9,17.0,normal
2025-06-23T14:00:00,Central_Fulfillment,11.3,14.6,0,24.7,15.4,normal
2025-06-23T15:00:00,Central_Fulfillment,11.4,16.9,0,24.6,15.8,normal
2025-06-23T16:00:00,Central_Fulfillment,16.3,23.0,0,23.5,15.7,normal
2025-06-23T17:00:00,Central_Fulfillment,12.7,20.0,0,21.0,16.4,normal
2025-06-23T18:00:00,Central_Fulfillment,15.2,19.3,0,21.7,16.8,normal
2025-06-23T19:00:00,Central_Fulfillment,10.8,19.2,0,18.2,15.3,normal
2025-06-23T20:00:00,Central_Fulfillment,16.1,23.0,0,16.7,15.5,normal
2025-06-23T21:00:00,Central_Fulfillment,15.9,18.4,0,14.7,15.1,normal
2025-06-23T22:00:00,Central_Fulfillment,13.2,20.1,0,14.4,15.6,normal
2025-06-23T23:00:00,Central_Fulfillment,14.1,19.4,0,11.1,16.6,normal
2025-06-23T00:00:00,Eastside_Fulfillment,11.2,16.5,0,11.2,17.6,normal
2025-06-23T01:00:00,Eastside_Fulfillment,8.8,17.0,0,10.5,17.6,normal
2025-06-23T02:00:00,Eastside_Fulfillment,3.9,10.9,0,9.9,17.4,normal
2025-06-23T03:00:00,Eastside_Fulfillment,6.3,14.7,0,11.5,15.8,normal
2025-06-23T04:00:00,Eastside_Fulfillment,6.6,13.2,0,13.5,16.3,normal
2025-06-23T05:00:00,Eastside_Fulfillment,8.1,16.4,0,14.6,17.4,normal
2025-06-23T06:00:00,Eastside_Fulfillment,6.3,9.5,0,15.6,15.0,normal
2025-06-23T07:00:00,Eastside_Fulfillment,5.8,11.0,0,18.0,14.4,normal
2025-06-23T08:00:00,Eastside_Fulfillment,10.5,13.0,0,19.9,12.8,normal
2025-06-23T09:00:00,Eastside_Fulfillment,11.2,14.4,0,19.8,15.9,normal
2025-06-23T10:00:00,Eastside_Fulfillment,6.9,9.8,0,22.8,13.9,normal
2025-06-23T11:00:00,Eastside_Fulfillment,8.6,11.3,0,22.6,15.2,normal
2025-06-23T12:00:00,Eastside_Fulfillment,15.2,21.9,0,24.6,16.6,normal
2025-06-23T13:00:00,Eastside_Fulfillment,11.5,17.0,0,26.1,13.3,normal
2025-06-23T14:00:00,Eastside_Fulfillment,18.6,21.4,0,26.3,16.7,normal
2025-06-23T15:00:00,Eastside_Fulfillment,14.6,18.5,0,23.6,15.9,normal
2025-06-23T16:00:00,Eastside_Fulfillment,12.9,20.8,0,20.7,16.9,normal
2025-06-23T17:00:00,Eastside_Fulfillment,13.3,17.7,0,21.1,16.2,normal
2025-06-23T18:00:00,Eastside_Fulfillment,12.8,19.4,0,19.3,16.5,normal
2025-06-23T19:00:00,Eastside_Fulfillment,14.4,16.4,0,17.5,16.4,normal
2025-06-23T20:00:00,Eastside_Fulfillment,16.1,20.5,0,16.5,17.7,normal
2025-06-23T21:00:00,Eastside_Fulfillment,16.0,24.2,0,14.5,15.1,normal
2025-06-23T22:00:00,Eastside_Fulfillment,11.4,14.3,0,14.3,15.4,normal
2025-06-23T23:00:00,Eastside_Fulfillment,9.4,12.0,0,12.3,16.0,normal
2025-06-24T00:00:00,Northside_Fulfillment,10.8,14.7,0,9.8,17.1,normal
2025-06-24T01:00:00,Northside_Fulfillment,8.8,14.4,0,10.0,16.9,normal
2025-06-24T02:00:00,Northside_Fulfillment,7.8,13.5,0,10.7,17.0,normal
2025-06-24T03:00:00,Northside_Fulfillment,8.2,15.7,0,12.2,14.6,normal
2025-06-24T04:00:00,Northside_Fulfillment,6.4,12.9,0,12.9,14.1,normal
2025-06-24T05:00:00,Northside_Fulfillment,5.9,7.9,0,13.8,15.9,normal
2025-06-24T06:00:00,Northside_Fulfillment,9.4,15.2,0,15.5,15.9,normal
2025-06-24T07:00:00,Northside_Fulfillment,6.2,13.3,0,18.6,15.8,normal
2025-06-24T08:00:00,Northside_Fulfillment,6.7,14.2,0,20.0,15.5,normal
2025-06-24T09:00:00,Northside_Fulfillment,5.6,8.7,0,21.5,15.5,normal
2025-06-24T10:00:00,Northside_Fulfillment,11.6,18.2,0,22.9,16.1,normal
2025-06-24T11:00:00,Northside_Fulfillment,10.8,17.6,0,24.5,15.5,normal
2025-06-24T12:00:00,Northside_Fulfillment,11.7,15.8,0,25.1,17.8,normal
2025-06-24T13:00:00,Northside_Fulfillment,10.2,15.7,0,25.8,14.2,normal
2025-06-24T14:00:00,Northside_Fulfillment,14.3,21.4,0,24.8,14.6,normal
2025-06-24T15:00:00,Northside_Fulfillment,15.5,21.2,0,24.4,15.4,normal
2025-06-24T16:00:00,Northside_Fulfillment,15.1,22.3,0,23.2,15.2,normal
2025-06-24T17:00:00,Northside_Fulfillment,13.5,16.9,0,20.8,15.8,normal
2025-06-24T18:00:00,Northside_Fulfillment,18.5,21.5,0,19.1,15.7,normal
2025-06-24T19:00:00,Northside_Fulfillment,17.4,23.2,0,18.8,16.5,normal
2025-06-24T20:00:00,Northside_Fulfillment,13.1,15.9,0,16.7,15.6,normal
2025-06-24T21:00:00,Northside_Fulfillment,12.2,14.7,0,14.5,15.0,normal
2025-06-24T22:00:00,Northside_Fulfillment,9.8,14.7,0,13.8,16.3,normal
2025-06-24T23:00:00,Northside_Fulfillment,6.6,12.6,0,10.7,15.0,normal
2025-06-24T00:00:00,Central_Fulfillment,12.1,19.9,0,12.6,17.1,normal
2025-06-24T01:00:00,Central_Fulfillment,11.2,16.8,0,10.7,15.9,normal
2025-06-24T02:00:00,Central_Fulfillment,9.2,15.8,0,11.3,15.8,normal
2025-06-24T03:00:00,Central_Fulfillment,5.3,14.2,0,11.1,15.4,normal
2025-06-24T04:00:00,Central_Fulfillment,7.3,11.4,0,11.6,16.8,normal
2025-06-24T05:00:00,Central_Fulfillment,8.6,17.0,0,13.4,16.1,normal
2025-06-24T06:00:00,Central_Fulfillment,7.7,10.9,0,15.8,15.9,normal
2025-06-24T07:00:00,Central_Fulfillment,10.1,13.6,0,18.1,16.6,normal
2025-06-24T08:00:00,Central_Fulfillment,8.9,14.5,0,19.2,17.0,normal
2025-06-24T09:00:00,Central_Fulfillment,9.7,16.3,0,20.6,15.8,normal
2025-06-24T10:00:00,Central_Fulfillment,12.3,19.2,0,22.2,17.1,normal
2025-06-24T11:00:00,Central_Fulfillment,11.0,16.4,0,24.5,15.9,normal
2025-06-24T12:00:00,Central_Fulfillment,9.6,13.4,0,26.1,13.7,normal
2025-06-24T13:00:00,Central_Fulfillment,12.2,18.8,0,24.0,16.2,normal
2025-06-24T14:00:00,Central_Fulfillment,14.6,22.8,0,23.2,17.1,normal
2025-06-24T15:00:00,Central_Fulfillment,10.1,16.8,0,23.5,16.4,normal
2025-06-24T16:00:00,Central_Fulfillment,15.2,24.2,0,22.3,16.5,normal
2025-06-24T17:00:00,Central_Fulfillment,15.0,18.1,0,21.9,16.9,normal
2025-06-24T18:00:00,Central_Fulfillment,16.7,24.4,0,20.5,15.6,normal
2025-06-24T19:00:00,Central_Fulfillment,16.2,24.8,0,18.0,16.5,normal
2025-06-24T20:00:00,Central_Fulfillment,11.2,17.5,0,16.4,16.2,normal
2025-06-24T21:00:00,Central_Fulfillment,13.8,20.6,0,15.2,15.5,normal
2025-06-24T22:00:00,Central_Fulfillment,10.2,16.1,0,12.6,16.8,normal
2025-06-24T23:00:00,Central_Fulfillment,11.6,19.4,0,11.6,15.7,normal
2025-06-24T00:00:00,Eastside_Fulfillment,11.4,17.1,0,11.1,16.0,normal
2025-06-24T01:00:00,Eastside_Fulfillment,11.6,19.7,0,10.1,16.4,normal
2025-06-24T02:00:00,Eastside_Fulfillment,4.6,11.6,0,9.8,15.9,normal
2025-06-24T03:00:00,Eastside_Fulfillment,9.6,14.0,0,12.6,17.4,normal
2025-06-24T04:00:00,Eastside_Fulfillment,10.2,17.8,0,12.4,15.2,normal
2025-06-24T05:00:00,Eastside_Fulfillment,9.1,16.8,0,13.6,16.3,normal
2025-06-24T06:00:00,Eastside_Fulfillment,6.8,11.7,0,16.8,15.9,normal
2025-06-24T07:00:00,Eastside_Fulfillment,8.7,16.1,0,17.8,15.3,normal
2025-06-24T08:00:00,Eastside_Fulfillment,4.0,6.0,0,19.6,14.3,normal
2025-06-24T09:00:00,Eastside_Fulfillment,10.2,14.3,0,21.4,17.8,normal
2025-06-24T10:00:00,Eastside_Fulfillment,11.2,17.0,0,22.6,16.4,normal
2025-06-24T11:00:00,Eastside_Fulfillment,14.8,18.1,0,23.8,15.2,normal
2025-06-24T12:00:00,Eastside_Fulfillment,12.5,15.0,0,24.2,16.1,normal
2025-06-24T13:00:00,Eastside_Fulfillment,8.1,15.2,0,24.7,16.9,normal
2025-06-24T14:00:00,Eastside_Fulfillment,12.1,18.1,0,24.1,15.2,normal
2025-06-24T15:00:00,Eastside_Fulfillment,16.8,24.7,0,23.5,15.2,normal
2025-06-24T16:00:00,Eastside_Fulfillment,13.1,20.1,0,23.0,14.4,normal
2025-06-24T17:00:00,Eastside_Fulfillment,16.8,24.2,0,21.7,17.2,normal
2025-06-24T18:00:00,Eastside_Fulfillment,11.4,17.8,0,19.2,16.5,normal
2025-06-24T19:00:00,Eastside_Fulfillment,14.5,16.8,0,19.0,16.2,normal
2025-06-24T20:00:00,Eastside_Fulfillment,12.6,20.6,0,16.2,15.3,normal
2025-06-24T21:00:00,Eastside_Fulfillment,13.9,18.2,0,16.1,15.6,normal
2025-06-24T22:00:00,Eastside_Fulfillment,14.0,22.0,0,13.6,14.5,normal
2025-06-24T23:00:00,Eastside_Fulfillment,7.9,15.1,0,11.8,15.1,normal
2025-06-25T00:00:00,Northside_Fulfillment,9.8,14.2,0,11.6,17.3,normal
2025-06-25T01:00:00,Northside_Fulfillment,5.7,14.1,0,10.9,15.8,normal
2025-06-25T02:00:00,Northside_Fulfillment,6.5,12.4,0,11.3,16.8,normal
2025-06-25T03:00:00,Northside_Fulfillment,5.9,8.6,0,11.7,16.0,normal
2025-06-25T04:00:00,Northside_Fulfillment,5.2,12.7,0,12.8,18,normal
2025-06-25T05:00:00,Northside_Fulfillment,10.1,17.7,0,14.2,15.5,normal
2025-06-25T06:00:00,Northside_Fulfillment,7.2,12.6,0,17.6,16.5,normal
2025-06-25T07:00:00,Northside_Fulfillment,9.9,15.7,0,18.2,13.6,normal
2025-06-25T08:00:00,Northside_Fulfillment,7.4,16.0,0,17.7,16.6,normal
2025-06-25T09:00:00,Northside_Fulfillment,12.3,16.7,0,21.6,17.8,normal
2025-06-25T10:00:00,Northside_Fulfillment,10.8,14.6,0,23.6,16.8,normal
2025-06-25T11:00:00,Northside_Fulfillment,8.7,15.4,0,23.4,16.5,normal
2025-06-25T12:00:00,Northside_Fulfillment,14.0,20.9,0,24.7,16.8,normal
2025-06-25T13:00:00,Northside_Fulfillment,12.0,18.9,0,26.3,15.9,normal
2025-06-25T14:00:00,Northside_Fulfillment,15.2,24.0,0,24.6,16.1,normal
2025-06-25T15:00:00,Northside_Fulfillment,13.9,19.3,0,23.4,16.4,normal
2025-06-25T16:00:00,Northside_Fulfillment,14.6,21.3,0,22.2,15.9,normal
2025-06-25T17:00:00,Northside_Fulfillment,14.5,22.8,0,21.5,16.1,normal
2025-06-25T18:00:00,Northside_Fulfillment,15.0,22.0,0,20.2,16.2,normal
2025-06-25T19:00:00,Northside_Fulfillment,12.5,15.6,0,19.7,15.9,normal
2025-06-25T20:00:00,Northside_Fulfillment,15.1,19.7,0,15.3,16.5,normal
2025-06-25T21:00:00,Northside_Fulfillment,12.8,17.9,0,14.3,16.2,normal
2025-06-25T22:00:00,Northside_Fulfillment,12.3,21.0,0,12.8,15.3,normal
2025-06-25T23:00:00,Northside_Fulfillment,13.2,16.7,0,12.3,17.3,normal
2025-06-25T00:00:00,Central_Fulfillment,11.9,15.3,0,11.5,14.3,normal
2025-06-25T01:00:00,Central_Fulfillment,9.3,17.4,0,10.2,15.2,normal
2025-06-25T02:00:00,Central_Fulfillment,10.4,13.2,0,12.0,17.3,normal
2025-06-25T03:00:00,Central_Fulfillment,9.1,11.6,0,12.3,15.0,normal
2025-06-25T04:00:00,Central_Fulfillment,6.3,9.9,0,13.1,14.5,normal
2025-06-25T05:00:00,Central_Fulfillment,2,4.2,0,15.2,16.6,normal
2025-06-25T06:00:00,Central_Fulfillment,5.9,11.3,0,16.9,16.5,normal
2025-06-25T07:00:00,Central_Fulfillment,3.2,7.2,0,17.3,18,normal
2025-06-25T08:00:00,Central_Fulfillment,5.0,9.9,0,19.1,13.3,normal
2025-06-25T09:00:00,Central_Fulfillment,7.3,11.3,0,20.3,16.1,normal
2025-06-25T10:00:00,Central_Fulfillment,10.1,13.4,0,23.0,16.9,normal
2025-06-25T11:00:00,Central_Fulfillment,8.8,13.9,0,26.3,16.2,normal
2025-06-25T12:00:00,Central_Fulfillment,10.9,18.5,0,24.0,15.5,normal
2025-06-25T13:00:00,Central_Fulfillment,14.6,19.4,0,25.5,14.8,normal
2025-06-25T14:00:00,Central_Fulfillment,14.0,16.2,0,24.3,16.5,normal
2025-06-25T15:00:00,Central_Fulfillment,16.4,21.7,0,24.5,15.6,normal
2025-06-25T16:00:00,Central_Fulfillment,15.6,23.8,0,23.6,15.4,normal
2025-06-25T17:00:00,Central_Fulfillment,15.6,21.0,0,21.9,15.4,normal
2025-06-25T18:00:00,Central_Fulfillment,10.3,12.7,0,20.2,15.5,normal
2025-06-25T19:00:00,Central_Fulfillment,14.6,17.1,0,17.6,16.0,normal
2025-06-25T20:00:00,Central_Fulfillment,12.0,16.7,0,15.8,18,normal
2025-06-25T21:00:00,Central_Fulfillment,13.4,21.1,0,14.8,14.9,normal
2025-06-25T22:00:00,Central_Fulfillment,10.3,18.4,0,11.0,16.3,normal
2025-06-25T23:00:00,Central_Fulfillment,10.6,17.7,0,11.4,15.8,normal
2025-06-25T00:00:00,Eastside_Fulfillment,9.6,18.5,0,11.7,15.9,normal
2025-06-25T01:00:00,Eastside_Fulfillment,6.2,9.5,0,9.6,14.6,normal
2025-06-25T02:00:00,Eastside_Fulfillment,8.2,16.3,0,12.2,16.2,normal
2025-06-25T03:00:00,Eastside_Fulfillment,6.7,9.5,0,10.8,17.0,normal
2025-06-25T04:00:00,Eastside_Fulfillment,4.3,6.9,0,14.2,18,normal
2025-06-25T05:00:00,Eastside_Fulfillment,8.3,12.7,0,14.7,13.9,normal
2025-06-25T06:00:00,Eastside_Fulfillment,7.9,10.9,0,16.3,16.1,normal
2025-06-25T07:00:00,Eastside_Fulfillment,8.0,14.7,0,19.1,15.1,normal
2025-06-25T08:00:00,Eastside_Fulfillment,9.1,13.4,0,19.4,16.9,normal
2025-06-25T09:00:00,Eastside_Fulfillment,7.1,14.1,0,22.1,16.0,normal
2025-06-25T10:00:00,Eastside_Fulfillment,9.9,14.0,0,21.9,17.1,normal
2025-06-25T11:00:00,Eastside_Fulfillment,8.8,15.5,0,24.9,16.6,normal
2025-06-25T12:00:00,Eastside_Fulfillment,12.1,17.9,0,25.6,16.3,normal
2025-06-25T13:00:00,Eastside_Fulfillment,16.8,22.0,0,25.1,16.7,normal
2025-06-25T14:00:00,Eastside_Fulfillment,14.3,20.4,0,24.6,15.7,normal
2025-06-25T15:00:00,Eastside_Fulfillment,11.3,19.7,0,25.7,15.5,normal
2025-06-25T16:00:00,Eastside_Fulfillment,18.3,23.8,0,23.1,16.7,normal
2025-06-25T17:00:00,Eastside_Fulfillment,14.7,19.1,0,21.4,14.8,normal
2025-06-25T18:00:00,Eastside_Fulfillment,12.2,15.1,0,19.9,16.6,normal
2025-06-25T19:00:00,Eastside_Fulfillment,10.7,14.8,0,19.3,16.8,normal
2025-06-25T20:00:00,Eastside_Fulfillment,12.9,16.3,0,16.7,14.6,normal
2025-06-25T21:00:00,Eastside_Fulfillment,16.8,25.7,0,15.1,16.2,normal
2025-06-25T22:00:00,Eastside_Fulfillment,10.0,14.9,0,13.4,15.7,normal
2025-06-25T23:00:00,Eastside_Fulfillment,5.9,12.4,0,12.0,17.1,normal
2025-06-26T00:00:00,Northside_Fulfillment,7.4,11.3,0,10.4,15.6,normal
2025-06-26T01:00:00,Northside_Fulfillment,8.2,16.9,0,12.7,15.5,normal
2025-06-26T02:00:00,Northside_Fulfillment,7.4,12.7,0,11.9,16.9,normal
2025-06-26T03:00:00,Northside_Fulfillment,9.1,15.4,0,12.7,13.6,normal
2025-06-26T04:00:00,Northside_Fulfillment,7.2,16.2,0,13.5,17.5,normal
2025-06-26T05:00:00,Northside_Fulfillment,4.7,11.7,0,15.2,16.2,normal
2025-06-26T06:00:00,Northside_Fulfillment,8.1,16.5,0,17.0,15.6,normal
2025-06-26T07:00:00,Northside_Fulfillment,7.1,10.7,0,17.0,16.9,normal
2025-06-26T08:00:00,Northside_Fulfillment,8.6,13.9,0,19.5,14.3,normal
2025-06-26T09:00:00,Northside_Fulfillment,10.0,13.6,0,20.6,16.7,normal
2025-06-26T10:00:00,Northside_Fulfillment,9.7,14.9,0,23.1,16.7,normal
2025-06-26T11:00:00,Northside_Fulfillment,14.0,17.6,0,23.9,15.5,normal
2025-06-26T12:00:00,Northside_Fulfillment,10.9,17.2,0,24.3,14.9,normal
2025-06-26T13:00:00,Northside_Fulfillment,12.7,15.3,0,24.9,15.5,normal
2025-06-26T14:00:00,Northside_Fulfillment,9.5,18.5,0,24.2,16.4,normal
2025-06-26T15:00:00,Northside_Fulfillment,14.8,21.0,0,24.4,15.0,normal
2025-06-26T16:00:00,Northside_Fulfillment,13.3,19.7,0,23.9,15.8,normal
2025-06-26T17:00:00,Northside_Fulfillment,15.1,21.6,0,20.7,16.2,normal
2025-06-26T18:00:00,Northside_Fulfillment,16.4,22.8,0,18.6,15.1,normal
2025-06-26T19:00:00,Northside_Fulfillment,15.3,23.1,0,18.1,15.2,normal
2025-06-26T20:00:00,Northside_Fulfillment,15.2,17.5,0,15.6,16.5,normal
2025-06-26T21:00:00,Northside_Fulfillment,13.4,19.8,0,14.6,15.8,normal
2025-06-26T22:00:00,Northside_Fulfillment,12.4,16.7,0,12.6,16.6,normal
2025-06-26T23:00:00,Northside_Fulfillment,9.4,18.1,0,12.7,17.8,normal
2025-06-26T00:00:00,Central_Fulfillment,12.2,18.5,0,11.0,13.4,normal
2025-06-26T01:00:00,Central_Fulfillment,11.3,19.3,0,10.8,16.1,normal
2025-06-26T02:00:00,Central_Fulfillment,8.6,11.7,0,9.9,17.0,normal
2025-06-26T03:00:00,Central_Fulfillment,8.6,15.6,0,12.7,15.0,normal
2025-06-26T04:00:00,Central_Fulfillment,5.2,13.5,0,15.2,16.8,normal
2025-06-26T05:00:00,Central_Fulfillment,9.2,14.8,0,15.0,16.4,normal
2025-06-26T06:00:00,Central_Fulfillment,5.5,14.4,0,16.9,15.6,normal
2025-06-26T07:00:00,Central_Fulfillment,7.6,14.8,0,17.8,16.0,normal
2025-06-26T08:00:00,Central_Fulfillment,10.5,12.9,0,19.4,15.7,normal
2025-06-26T09:00:00,Central_Fulfillment,8.1,12.2,0,22.3,16.6,normal
2025-06-26T10:00:00,Central_Fulfillment,11.1,14.6,0,22.0,15.5,normal
2025-06-26T11:00:00,Central_Fulfillment,8.8,17.8,0,25.2,16.5,normal
2025-06-26T12:00:00,Central_Fulfillment,12.3,18.1,0,26.2,16.3,normal
2025-06-26T13:00:00,Central_Fulfillment,13.4,16.9,0,25.8,13.7,normal
2025-06-26T14:00:00,Central_Fulfillment,14.4,19.1,0,25.7,17.9,normal
2025-06-26T15:00:00,Central_Fulfillment,14.8,22.2,0,22.5,15.8,normal
2025-06-26T16:00:00,Central_Fulfillment,16.2,18.7,0,22.0,17.2,normal
2025-06-26T17:00:00,Central_Fulfillment,18.5,23.7,0,21.5,17.3,normal
2025-06-26T18:00:00,Central_Fulfillment,12.5,19.1,0,19.8,16.9,normal
2025-06-26T19:00:00,Central_Fulfillment,13.0,16.1,0,17.3,16.0,normal
2025-06-26T20:00:00,Central_Fulfillment,14.8,17.6,0,15.3,14.2,normal
2025-06-26T21:00:00,Central_Fulfillment,13.1,16.7,0,12.5,16.3,normal
2025-06-26T22:00:00,Central_Fulfillment,11.6,14.0,0,12.5,14.3,normal
2025-06-26T23:00:00,Central_Fulfillment,10.4,15.5,0,12.1,15.4,normal
2025-06-26T00:00:00,Eastside_Fulfillment,10.6,14.5,0,10.8,15.4,normal
2025-06-26T01:00:00,Eastside_Fulfillment,4.5,9.7,0,11.8,15.8,normal
2025-06-26T02:00:00,Eastside_Fulfillment,10.5,15.8,0,10.2,18,normal
2025-06-26T03:00:00,Eastside_Fulfillment,7.6,12.6,0,12.5,14.2,normal
2025-06-26T04:00:00,Eastside_Fulfillment,6.6,8.9,0,12.0,16.2,normal
2025-06-26T05:00:00,Eastside_Fulfillment,6.9,14.0,0,15.2,16.7,normal
2025-06-26T06:00:00,Eastside_Fulfillment,4.0,9.3,0,16.5,15.0,normal
2025-06-26T07:00:00,Eastside_Fulfillment,8.5,11.9,0,17.4,16.4,normal
2025-06-26T08:00:00,Eastside_Fulfillment,11.3,16.4,0,19.7,15.0,normal
2025-06-26T09:00:00,Eastside_Fulfillment,10.2,13.6,0,21.9,15.6,normal
2025-06-26T10:00:00,Eastside_Fulfillment,10.1,17.8,0,21.8,16.5,normal
2025-06-26T11:00:00,Eastside_Fulfillment,10.6,18.1,0,25.8,13.8,normal
2025-06-26T12:00:00,Eastside_Fulfillment,12.6,17.0,0,24.9,16.3,normal
2025-06-26T13:00:00,Eastside_Fulfillment,12.8,20.1,0,24.8,15.8,normal
2025-06-26T14:00:00,Eastside_Fulfillment,13.0,19.7,0,24.2,14.9,normal
2025-06-26T15:00:00,Eastside_Fulfillment,13.9,21.7,0,24.5,15.4,normal
2025-06-26T16:00:00,Eastside_Fulfillment,15.9,22.0,0,23.1,14.5,normal
2025-06-26T17:00:00,Eastside_Fulfillment,12.6,20.5,0,21.5,15.4,normal
2025-06-26T18:00:00,Eastside_Fulfillment,13.1,20.6,0,20.3,15.7,normal
2025-06-26T19:00:00,Eastside_Fulfillment,14.9,20.7,0,18.9,15.6,normal
2025-06-26T20:00:00,Eastside_Fulfillment,11.2,14.3,0,16.6,16.0,normal
2025-06-26T21:00:00,Eastside_Fulfillment,11.4,15.4,0,14.5,17.1,normal
2025-06-26T22:00:00,Eastside_Fulfillment,12.7,16.8,0,11.3,16.6,normal
2025-06-26T23:00:00,Eastside_Fulfillment,13.7,21.1,0,12.3,16.0,normal
2025-06-27T00:00:00,Northside_Fulfillment,10.3,18.8,0,11.5,15.9,normal
2025-06-27T01:00:00,Northside_Fulfillment,10.6,18.5,0,11.1,17.8,normal
2025-06-27T02:00:00,Northside_Fulfillment,7.3,15.5,0,11.4,16.4,normal
2025-06-27T03:00:00,Northside_Fulfillment,8.0,13.7,0,13.0,17.5,normal
2025-06-27T04:00:00,Northside_Fulfillment,7.0,10.5,0,12.7,15.2,normal
2025-06-27T05:00:00,Northside_Fulfillment,10.4,15.3,0,14.0,17.0,normal
2025-06-27T06:00:00,Northside_Fulfillment,8.2,13.8,0,15.2,17.6,normal
2025-06-27T07:00:00,Northside_Fulfillment,4.2,12.8,0,18.8,15.7,normal
2025-06-27T08:00:00,Northside_Fulfillment,8.7,17.1,0,18.9,15.8,normal
2025-06-27T09:00:00,Northside_Fulfillment,7.9,13.2,0,20.3,15.7,normal
2025-06-27T10:00:00,Northside_Fulfillment,10.1,15.4,0,22.9,17.0,normal
2025-06-27T11:00:00,Northside_Fulfillment,10.4,13.3,0,23.1,15.4,normal
2025-06-27T12:00:00,Northside_Fulfillment,13.9,18.9,0,25.3,15.2,normal
2025-06-27T13:00:00,Northside_Fulfillment,11.5,15.1,0,26.2,16.8,normal
2025-06-27T14:00:00,Northside_Fulfillment,13.3,20.4,0,25.4,15.3,normal
2025-06-27T15:00:00,Northside_Fulfillment,14.2,20.0,0,23.1,17.2,normal
2025-06-27T16:00:00,Northside_Fulfillment,16.2,20.6,0,23.3,14.9,normal
2025-06-27T17:00:00,Northside_Fulfillment,16.2,23.6,0,22.0,17.0,normal
2025-06-27T18:00:00,Northside_Fulfillment,14.6,23.0,0,20.4,17.4,normal
2025-06-27T19:00:00,Northside_Fulfillment,16.2,24.2,0,18.2,16.4,normal
2025-06-27T20:00:00,Northside_Fulfillment,14.4,22.1,0,16.0,14.3,normal
2025-06-27T21:00:00,Northside_Fulfillment,10.7,14.8,0,15.8,16.1,normal
2025-06-27T22:00:00,Northside_Fulfillment,11.7,16.1,0,13.1,15.3,normal
2025-06-27T23:00:00,Northside_Fulfillment,12.6,19.3,0,12.9,16.8,normal
2025-06-27T00:00:00,Central_Fulfillment,11.4,17.8,0,11.1,16.1,normal
2025-06-27T01:00:00,Central_Fulfillment,11.5,17.4,0,11.2,14.4,normal
2025-06-27T02:00:00,Central_Fulfillment,9.2,13.6,0,10.8,16.2,normal
2025-06-27T03:00:00,Central_Fulfillment,8.6,12.8,0,12.1,15.8,normal
2025-06-27T04:00:00,Central_Fulfillment,6.4,13.0,0,11.2,15.3,normal
2025-06-27T05:00:00,Central_Fulfillment,8.1,15.3,0,14.3,17.0,normal
2025-06-27T06:00:00,Central_Fulfillment,8.3,11.8,0,15.7,16.3,normal
2025-06-27T07:00:00,Central_Fulfillment,5.6,8.5,0,18.4,16.3,normal
2025-06-27T08:00:00,Central_Fulfillment,8.2,16.9,0,18.8,13.8,normal
2025-06-27T09:00:00,Central_Fulfillment,8.4,15.7,0,20.4,15.2,normal
2025-06-27T10:00:00,Central_Fulfillment,6.8,14.2,0,22.5,14.2,normal
2025-06-27T11:00:00,Central_Fulfillment,14.1,21.2,0,24.1,16.5,normal
2025-06-27T12:00:00,Central_Fulfillment,14.5,19.1,0,25.6,17.1,normal
2025-06-27T13:00:00,Central_Fulfillment,13.5,20.3,0,24.3,16.6,normal
2025-06-27T14:00:00,Central_Fulfillment,13.0,21.7,0,25.0,15.0,normal
2025-06-27T15:00:00,Central_Fulfillment,13.9,16.0,0,25.2,14.3,normal
2025-06-27T16:00:00,Central_Fulfillment,16.1,24.8,0,22.4,15.0,normal
2025-06-27T17:00:00,Central_Fulfillment,14.1,21.6,0,21.0,15.0,normal
2025-06-27T18:00:00,Central_Fulfillment,14.2,17.6,0,19.6,18,normal
2025-06-27T19:00:00,Central_Fulfillment,10.8,17.6,0,16.7,15.3,normal
2025-06-27T20:00:00,Central_Fulfillment,14.1,18.8,0,16.7,16.8,normal
2025-06-27T21:00:00,Central_Fulfillment,14.5,17.5,0,14.3,17.1,normal
2025-06-27T22:00:00,Central_Fulfillment,11.8,13.9,0,14.8,16.1,normal
2025-06-27T23:00:00,Central_Fulfillment,11.4,19.7,0,11.9,16.0,normal
2025-06-27T00:00:00,Eastside_Fulfillment,10.8,15.7,0,12.1,16.2,normal
2025-06-27T01:00:00,Eastside_Fulfillment,8.8,12.1,0,10.2,15.1,normal
2025-06-27T02:00:00,Eastside_Fulfillment,8.5,13.4,0,10.0,16.0,normal
2025-06-27T03:00:00,Eastside_Fulfillment,8.9,14.5,0,12.1,14.5,normal
2025-06-27T04:00:00,Eastside_Fulfillment,10.7,19.4,0,13.3,15.9,normal
2025-06-27T05:00:00,Eastside_Fulfillment,7.2,9.6,0,14.0,18.0,normal
2025-06-27T06:00:00,Eastside_Fulfillment,9.1,14.0,0,16.1,15.8,normal
2025-06-27T07:00:00,Eastside_Fulfillment,6.5,13.6,0,18.5,17.4,normal
2025-06-27T08:00:00,Eastside_Fulfillment,9.6,15.0,0,19.7,18,normal
2025-06-27T09:00:00,Eastside_Fulfillment,9.6,11.7,0,22.5,15.0,normal
2025-06-27T10:00:00,Eastside_Fulfillment,9.9,17.1,0,23.5,15.6,normal
2025-06-27T11:00:00,Eastside_Fulfillment,8.5,16.6,0,25.2,15.3,normal
2025-06-27T12:00:00,Eastside_Fulfillment,14.5,21.4,0,25.5,17.2,normal
2025-06-27T13:00:00,Eastside_Fulfillment,14.4,22.8,0,26.0,14.1,normal
2025-06-27T14:00:00,Eastside_Fulfillment,14.1,19.5,0,24.7,16.1,normal
2025-06-27T15:00:00,Eastside_Fulfillment,11.9,16.2,0,24.5,15.2,normal
2025-06-27T16:00:00,Eastside_Fulfillment,16.9,21.3,0,23.7,16.9,normal
2025-06-27T17:00:00,Eastside_Fulfillment,15.6,19.8,0,21.1,15.4,normal
2025-06-27T18:00:00,Eastside_Fulfillment,15.0,19.4,0,20.2,15.8,normal
2025-06-27T19:00:00,Eastside_Fulfillment,13.3,17.0,0,18.7,15.5,normal
2025-06-27T20:00:00,Eastside_Fulfillment,10.5,13.3,0,16.9,17.8,normal
2025-06-27T21:00:00,Eastside_Fulfillment,11.4,16.9,0,13.5,14.6,normal
2025-06-27T22:00:00,Eastside_Fulfillment,12.0,20.3,0,11.3,15.1,normal
2025-06-27T23:00:00,Eastside_Fulfillment,9.2,15.4,0,11.5,15.5,normal
2025-06-28T00:00:00,Northside_Fulfillment,11.7,20.4,0,11.1,16.5,normal
2025-06-28T01:00:00,Northside_Fulfillment,12.7,15.3,0,11.2,17.5,normal
2025-06-28T02:00:00,Northside_Fulfillment,10.1,15.9,0,11.0,14.4,normal
2025-06-28T03:00:00,Northside_Fulfillment,9.2,18.1,0,11.6,13.6,normal
2025-06-28T04:00:00,Northside_Fulfillment,7.9,14.1,0,14.0,16.7,normal
2025-06-28T05:00:00,Northside_Fulfillment,7.8,15.7,0,15.2,14.4,normal
2025-06-28T06:00:00,Northside_Fulfillment,11.0,15.7,0,16.5,15.9,normal
2025-06-28T07:00:00,Northside_Fulfillment,6.1,13.4,0,18.8,17.2,normal
2025-06-28T08:00:00,Northside_Fulfillment,9.4,12.2,0,20.5,16.5,normal
2025-06-28T09:00:00,Northside_Fulfillment,6.9,15.8,0,21.8,15.5,normal
2025-06-28T10:00:00,Northside_Fulfillment,6.8,11.5,0,22.1,14.4,normal
2025-06-28T11:00:00,Northside_Fulfillment,10.0,13.3,0,24.2,13.9,normal
2025-06-28T12:00:00,Northside_Fulfillment,13.6,16.3,0,25.2,17.1,normal
2025-06-28T13:00:00,Northside_Fulfillment,12.0,16.2,0,24.0,17.1,normal
2025-06-28T14:00:00,Northside_Fulfillment,14.9,21.8,0,25.7,18,normal
2025-06-28T15:00:00,Northside_Fulfillment,13.9,15.9,0,24.8,17.3,normal
2025-06-28T16:00:00,Northside_Fulfillment,12.6,15.7,0,23.4,15.8,normal
2025-06-28T17:00:00,Northside_Fulfillment,16.3,18.6,0,20.0,16.3,normal
2025-06-28T18:00:00,Northside_Fulfillment,10.1,14.5,0,19.2,15.9,normal
2025-06-28T19:00:00,Northside_Fulfillment,13.6,22.4,0,17.6,15.1,normal
2025-06-28T20:00:00,Northside_Fulfillment,16.1,22.7,0,16.7,17.4,normal
2025-06-28T21:00:00,Northside_Fulfillment,12.9,18.2,0,13.5,16.1,normal
2025-06-28T22:00:00,Northside_Fulfillment,10.3,16.5,0,13.1,15.4,normal
2025-06-28T23:00:00,Northside_Fulfillment,9.6,15.1,0,10.7,15.0,normal
2025-06-28T00:00:00,Central_Fulfillment,10.1,17.6,0,10.3,15.7,normal
2025-06-28T01:00:00,Central_Fulfillment,8.9,16.9,0,11.5,16.4,normal
2025-06-28T02:00:00,Central_Fulfillment,7.1,11.9,0,11.1,14.9,normal
2025-06-28T03:00:00,Central_Fulfillment,7.3,9.7,0,12.4,16.4,normal
2025-06-28T04:00:00,Central_Fulfillment,11.0,17.4,0,12.8,17.5,normal
2025-06-28T05:00:00,Central_Fulfillment,6.0,9.0,0,15.8,16.7,normal
2025-06-28T06:00:00,Central_Fulfillment,7.6,10.1,0,16.4,18,normal
2025-06-28T07:00:00,Central_Fulfillment,9.8,17.2,0,17.5,17.0,normal
2025-06-28T08:00:00,Central_Fulfillment,9.1,14.9,0,20.1,16.2,normal
2025-06-28T09:00:00,Central_Fulfillment,10.3,18.6,0,20.7,16.0,normal
2025-06-28T10:00:00,Central_Fulfillment,8.9,13.4,0,23.2,15.9,normal
2025-06-28T11:00:00,Central_Fulfillment,11.6,15.6,0,23.9,16.8,normal
2025-06-28T12:00:00,Central_Fulfillment,11.1,16.9,0,24.4,15.4,normal
2025-06-28T13:00:00,Central_Fulfillment,14.2,16.6,0,25.1,15.9,normal
2025-06-28T14:00:00,Central_Fulfillment,15.6,17.6,0,23.2,15.6,normal
2025-06-28T15:00:00,Central_Fulfillment,18.1,21.2,0,23.3,16.4,normal
2025-06-28T16:00:00,Central_Fulfillment,13.7,19.9,0,23.4,17.4,normal
2025-06-28T17:00:00,Central_Fulfillment,14.6,21.3,0,22.2,17.1,normal
2025-06-28T18:00:00,Central_Fulfillment,16.0,21.3,0,19.3,16.0,normal
2025-06-28T19:00:00,Central_Fulfillment,13.8,19.7,0,17.7,17.2,normal
2025-06-28T20:00:00,Central_Fulfillment,12.6,20.8,0,17.1,15.4,normal
2025-06-28T21:00:00,Central_Fulfillment,13.4,18.1,0,13.4,14.4,normal
2025-06-28T22:00:00,Central_Fulfillment,10.2,15.6,0,12.4,16.7,normal
2025-06-28T23:00:00,Central_Fulfillment,11.9,20.0,0,12.2,16.0,normal
2025-06-28T00:00:00,Eastside_Fulfillment,8.7,13.7,0,11.3,16.0,normal
2025-06-28T01:00:00,Eastside_Fulfillment,10.9,18.2,0,11.5,14.4,normal
2025-06-28T02:00:00,Eastside_Fulfillment,7.1,9.3,0,11.0,16.2,normal
2025-06-28T03:00:00,Eastside_Fulfillment,6.7,9.2,0,11.5,16.9,normal
2025-06-28T04:00:00,Eastside_Fulfillment,6.9,12.8,0,13.6,16.2,normal
2025-06-28T05:00:00,Eastside_Fulfillment,4.6,9.2,0,14.6,15.3,normal
2025-06-28T06:00:00,Eastside_Fulfillment,7.7,15.8,0,16.2,18,normal
2025-06-28T07:00:00,Eastside_Fulfillment,10.1,14.6,0,17.5,18,normal
2025-06-28T08:00:00,Eastside_Fulfillment,8.1,10.8,0,19.6,16.8,normal
2025-06-28T09:00:00,Eastside_Fulfillment,10.5,19.1,0,22.2,17.8,normal
2025-06-28T10:00:00,Eastside_Fulfillment,8.2,15.0,0,22.4,15.6,normal
2025-06-28T11:00:00,Eastside_Fulfillment,11.6,18.0,0,24.3,15.9,normal
2025-06-28T12:00:00,Eastside_Fulfillment,13.8,22.5,0,25.5,16.0,normal
2025-06-28T13:00:00,Eastside_Fulfillment,12.6,19.2,0,25.0,15.4,normal
2025-06-28T14:00:00,Eastside_Fulfillment,14.6,18.6,0,24.4,17.4,normal
2025-06-28T15:00:00,Eastside_Fulfillment,15.1,19.0,0,24.2,14.5,normal
2025-06-28T16:00:00,Eastside_Fulfillment,17.0,21.0,0,21.8,16.6,normal
2025-06-28T17:00:00,Eastside_Fulfillment,17.0,22.5,0,21.6,15.1,normal
2025-06-28T18:00:00,Eastside_Fulfillment,15.8,22.4,0,19.2,17.2,normal
2025-06-28T19:00:00,Eastside_Fulfillment,15.7,23.1,0,18.1,15.8,normal
2025-06-28T20:00:00,Eastside_Fulfillment,17.1,21.8,0,17.8,17.1,normal
2025-06-28T21:00:00,Eastside_Fulfillment,12.9,16.9,0,13.6,15.2,normal
2025-06-28T22:00:00,Eastside_Fulfillment,13.0,16.4,0,13.2,16.6,normal
2025-06-28T23:00:00,Eastside_Fulfillment,10.3,15.3,0,13.1,15.6,normal
2025-06-29T00:00:00,Northside_Fulfillment,8.4,15.8,0,10.3,17.1,normal
2025-06-29T01:00:00,Northside_Fulfillment,10.9,16.1,0,11.4,16.1,normal
2025-06-29T02:00:00,Northside_Fulfillment,6.2,14.3,0,10.8,16.7,normal
2025-06-29T03:00:00,Northside_Fulfillment,8.9,15.3,0,11.6,14.9,normal
2025-06-29T04:00:00,Northside_Fulfillment,3.8,6.0,0,14.9,15.6,normal
2025-06-29T05:00:00,Northside_Fulfillment,9.7,14.9,0,14.1,16.3,normal
2025-06-29T06:00:00,Northside_Fulfillment,4.5,7.3,0,17.2,17.0,normal
2025-06-29T07:00:00,Northside_Fulfillment,6.0,12.2,0,18.0,16.9,normal
2025-06-29T08:00:00,Northside_Fulfillment,5.8,7.9,0,20.8,15.1,normal
2025-06-29T09:00:00,Northside_Fulfillment,7.8,13.3,0,22.2,17.0,normal
2025-06-29T10:00:00,Northside_Fulfillment,9.2,15.0,0,23.8,17.4,normal
2025-06-29T11:00:00,Northside_Fulfillment,7.9,15.3,0,24.5,15.4,normal
2025-06-29T12:00:00,Northside_Fulfillment,10.5,12.5,0,26.0,14.8,normal
2025-06-29T13:00:00,Northside_Fulfillment,12.9,18.6,0,24.6,16.4,normal
2025-06-29T14:00:00,Northside_Fulfillment,11.1,15.4,0,24.8,15.5,normal
2025-06-29T15:00:00,Northside_Fulfillment,10.1,14.7,0,24.9,16.8,normal
2025-06-29T16:00:00,Northside_Fulfillment,15.4,21.6,0,23.2,16.0,normal
2025-06-29T17:00:00,Northside_Fulfillment,15.3,17.5,0,21.3,15.7,normal
2025-06-29T18:00:00,Northside_Fulfillment,12.9,17.1,0,17.9,15.9,normal
2025-06-29T19:00:00,Northside_Fulfillment,10.0,12.5,0,17.6,16.5,normal
2025-06-29T20:00:00,Northside_Fulfillment,12.1,17.6,0,17.4,16.1,normal
2025-06-29T21:00:00,Northside_Fulfillment,13.1,22.0,0,14.9,15.5,normal
2025-06-29T22:00:00,Northside_Fulfillment,15.5,21.4,0,13.6,16.3,normal
2025-06-29T23:00:00,Northside_Fulfillment,9.9,18.3,0,12.5,15.2,normal
2025-06-29T00:00:00,Central_Fulfillment,9.5,15.5,0,11.1,16.6,normal
2025-06-29T01:00:00,Central_Fulfillment,8.4,11.8,0,10.8,16.8,normal
2025-06-29T02:00:00,Central_Fulfillment,7.7,10.4,0,10.6,15.6,normal
2025-06-29T03:00:00,Central_Fulfillment,7.4,12.0,0,11.4,15.6,normal
2025-06-29T04:00:00,Central_Fulfillment,8.1,10.2,0,13.8,14.7,normal
2025-06-29T05:00:00,Central_Fulfillment,9.7,14.1,0,14.7,17.0,normal
2025-06-29T06:00:00,Central_Fulfillment,6.3,13.9,0,16.7,15.4,normal
2025-06-29T07:00:00,Central_Fulfillment,9.0,15.0,0,18.5,14.3,normal
2025-06-29T08:00:00,Central_Fulfillment,8.0,12.1,0,20.2,16.2,normal
2025-06-29T09:00:00,Central_Fulfillment,5.6,7.6,0,22.2,15.8,normal
2025-06-29T10:00:00,Central_Fulfillment,9.2,15.0,0,22.3,14.1,normal
2025-06-29T11:00:00,Central_Fulfillment,9.2,17.0,0,25.4,15.8,normal
2025-06-29T12:00:00,Central_Fulfillment,12.6,21.0,0,25.1,14.7,normal
2025-06-29T13:00:00,Central_Fulfillment,11.9,17.6,0,27.1,14.0,normal
2025-06-29T14:00:00,Central_Fulfillment,11.9,18.0,0,24.1,16.0,normal
2025-06-29T15:00:00,Central_Fulfillment,15.3,19.9,0,22.7,17.3,normal
2025-06-29T16:00:00,Central_Fulfillment,16.3,22.8,0,22.5,16.4,normal
2025-06-29T17:00:00,Central_Fulfillment,16.0,18.1,0,22.2,15.3,normal
2025-06-29T18:00:00,Central_Fulfillment,17.0,25.2,0,18.5,15.8,normal
2025-06-29T19:00:00,Central_Fulfillment,11.3,14.3,0,18.3,17.3,normal
2025-06-29T20:00:00,Central_Fulfillment,10.6,13.7,0,14.7,15.9,normal
2025-06-29T21:00:00,Central_Fulfillment,13.4,18.5,0,15.7,16.5,normal
2025-06-29T22:00:00,Central_Fulfillment,13.7,17.8,0,13.0,16.2,normal
2025-06-29T23:00:00,Central_Fulfillment,12.6,16.0,0,12.9,17.9,normal
2025-06-29T00:00:00,Eastside_Fulfillment,9.0,15.3,0,10.4,14.8,normal
2025-06-29T01:00:00,Eastside_Fulfillment,6.9,13.2,0,10.3,17.2,normal
2025-06-29T02:00:00,Eastside_Fulfillment,9.3,17.7,0,10.8,16.6,normal
2025-06-29T03:00:00,Eastside_Fulfillment,7.2,12.3,0,11.1,16.5,normal
2025-06-29T04:00:00,Eastside_Fulfillment,9.2,17.0,0,14.0,17.6,normal
2025-06-29T05:00:00,Eastside_Fulfillment,2.9,7.3,0,13.9,15.9,normal
2025-06-29T06:00:00,Eastside_Fulfillment,8.6,13.8,0,15.9,16.7,normal
2025-06-29T07:00:00,Eastside_Fulfillment,4.4,12.9,0,18.7,17.7,normal
2025-06-29T08:00:00,Eastside_Fulfillment,8.7,17.5,0,19.3,15.4,normal
2025-06-29T09:00:00,Eastside_Fulfillment,7.1,10.8,0,20.7,16.0,normal
2025-06-29T10:00:00,Eastside_Fulfillment,11.8,16.5,0,23.7,16.8,normal
2025-06-29T11:00:00,Eastside_Fulfillment,11.9,16.9,0,24.2,14.7,normal
2025-06-29T12:00:00,Eastside_Fulfillment,11.4,15.3,0,25.2,14.7,normal
2025-06-29T13:00:00,Eastside_Fulfillment,14.5,23.3,0,25.3,12.9,normal
2025-06-29T14:00:00,Eastside_Fulfillment,15.3,22.9,0,25.1,16.1,normal
2025-06-29T15:00:00,Eastside_Fulfillment,14.0,19.2,0,24.4,16.0,normal
2025-06-29T16:00:00,Eastside_Fulfillment,14.9,17.1,0,21.4,17.4,normal
2025-06-29T17:00:00,Eastside_Fulfillment,11.9,14.9,0,22.3,16.4,normal
2025-06-29T18:00:00,Eastside_Fulfillment,13.6,22.4,0,19.6,15.7,normal
2025-06-29T19:00:00,Eastside_Fulfillment,9.2,17.3,0,16.8,14.2,normal
2025-06-29T20:00:00,Eastside_Fulfillment,18.4,20.6,0,15.6,15.0,normal
2025-06-29T21:00:00,Eastside_Fulfillment,12.1,17.9,0,14.2,15.2,normal
2025-06-29T22:00:00,Eastside_Fulfillment,13.0,20.3,0,12.1,15.6,normal
2025-06-29T23:00:00,Eastside_Fulfillment,11.2,14.8,0,11.2,16.6,normal
