snapshot_date,drone_id,battery_pack_capacity_pct,battery_cycle_count,cell_voltage_spread_mv,motor_2_vibration_mm_s,motor_2_temperature_c,tether_descent_motor_current_a,parachute_release_test_ms,gps_module_health,maintenance_status
2025-01-01,ZIP-001,96.8,113,19.6,0.98,44.3,6.16,127.0,nominal,operational
2025-01-01,ZIP-002,95.3,116,18.5,1.13,43.7,5.88,115.0,nominal,operational
2025-01-01,ZIP-003,95.6,119,25.8,1.27,43.5,5.26,87.0,nominal,operational
2025-01-01,ZIP-004,96.4,122,23.0,1.17,44.0,6.12,118.0,nominal,operational
2025-01-01,ZIP-005,96.0,125,18.6,1.05,44.0,5.43,143.0,nominal,operational
2025-01-01,ZIP-006,95.6,128,24.0,1.11,45.6,5.79,107.0,nominal,operational
2025-01-01,ZIP-007,95.9,131,15.4,0.84,42.2,5.81,132.0,nominal,operational
2025-01-01,ZIP-008,97.0,134,15.0,1.13,43.0,5.89,121.0,nominal,operational
2025-01-01,ZIP-009,95.8,137,16.4,1.2,45.3,5.51,132.0,nominal,operational
2025-01-01,ZIP-010,96.3,140,21.4,0.95,44.0,5.3,149.0,nominal,operational
2025-01-01,ZIP-011,95.5,143,25.1,0.92,43.0,5.85,151.0,nominal,operational
2025-01-01,ZIP-012,96.3,146,20.4,1.01,43.6,5.34,93.0,nominal,operational
2025-01-01,ZIP-013,96.4,149,19.5,1.01,43.9,6.11,145.0,nominal,operational
2025-01-01,ZIP-014,95.2,152,21.6,0.86,43.6,5.79,126.0,nominal,operational
2025-01-01,ZIP-015,95.9,155,20.1,1.34,44.0,5.49,111.0,nominal,operational
2025-01-01,ZIP-016,96.4,158,18.4,1.18,44.8,5.62,136.0,nominal,operational
2025-01-01,ZIP-017,96.4,161,20.7,0.95,43.7,5.45,103.0,nominal,operational
2025-01-01,ZIP-018,96.1,164,26.1,0.76,43.4,5.57,110.0,nominal,operational
2025-01-01,ZIP-019,96.7,167,18.6,1.21,44.8,5.8,137.0,nominal,operational
2025-01-01,ZIP-020,96.4,170,25.4,1.15,44.1,5.22,123.0,nominal,operational
2025-01-01,ZIP-021,96.0,173,15.1,0.94,43.0,5.45,110.0,nominal,operational
2025-01-01,ZIP-022,95.6,176,33.0,1.23,44.3,5.91,112.0,nominal,operational
2025-01-01,ZIP-023,96.8,179,15.5,0.58,45.0,5.53,108.0,nominal,operational
2025-01-01,ZIP-024,95.6,182,26.6,1.02,44.7,5.71,125.0,nominal,operational
2025-01-01,ZIP-025,95.9,185,17.1,1.04,44.0,5.58,145.0,nominal,operational
2025-01-01,ZIP-026,96.0,188,25.3,1.25,44.9,5.66,109.0,nominal,operational
2025-01-01,ZIP-027,96.4,191,21.9,1.07,45.6,5.32,147.0,nominal,operational
2025-01-01,ZIP-028,96.2,194,18.5,1.1,43.2,6.02,108.0,nominal,operational
2025-01-01,ZIP-029,96.5,197,19.7,1.08,45.1,6.25,106.0,nominal,operational
2025-01-01,ZIP-030,95.1,110,17.0,1.19,46.2,6.02,124.0,nominal,operational
2025-01-02,ZIP-001,95.6,114,21.2,0.96,44.7,5.63,89.0,nominal,operational
2025-01-02,ZIP-002,96.1,117,18.9,0.93,44.8,5.73,130.0,nominal,operational
2025-01-02,ZIP-003,96.6,120,18.1,1.41,44.9,6.16,106.0,nominal,operational
2025-01-02,ZIP-004,96.0,123,17.7,0.99,45.1,5.57,98.0,nominal,operational
2025-01-02,ZIP-005,94.9,126,23.8,0.86,43.4,6.01,139.0,nominal,operational
2025-01-02,ZIP-006,95.8,129,20.6,1.02,43.6,5.35,117.0,nominal,operational
2025-01-02,ZIP-007,96.6,132,17.6,0.89,43.8,6.1,146.0,nominal,operational
2025-01-02,ZIP-008,95.7,135,16.0,0.88,43.5,5.68,114.0,nominal,operational
2025-01-02,ZIP-009,96.4,138,21.5,0.87,43.3,6.13,107.0,nominal,operational
2025-01-02,ZIP-010,96.0,141,36.3,1.12,47.1,5.88,152.0,nominal,operational
2025-01-02,ZIP-011,96.2,144,14.0,0.95,44.4,6.16,147.0,nominal,operational
2025-01-02,ZIP-012,95.2,147,23.8,0.78,44.4,5.67,106.0,nominal,operational
2025-01-02,ZIP-013,96.6,150,20.3,1.22,44.7,5.53,79.0,nominal,operational
2025-01-02,ZIP-014,95.9,153,11.6,0.91,42.3,6.26,134.0,nominal,operational
2025-01-02,ZIP-015,95.5,156,20.9,1.38,44.1,5.7,169.0,nominal,operational
2025-01-02,ZIP-016,95.5,159,34.9,1.18,45.8,5.77,155.0,nominal,operational
2025-01-02,ZIP-017,95.4,162,9.7,1.04,44.0,5.98,120.0,nominal,operational
2025-01-02,ZIP-018,96.2,165,18.4,1.35,45.4,5.94,110.0,nominal,operational
2025-01-02,ZIP-019,96.2,168,8,1.05,43.1,5.88,144.0,nominal,operational
2025-01-02,ZIP-020,95.8,171,15.6,0.8,43.9,6.03,126.0,nominal,operational
2025-01-02,ZIP-021,97.0,174,12.7,0.95,43.7,5.52,122.0,nominal,operational
2025-01-02,ZIP-022,95.8,177,19.1,1.26,44.5,5.87,131.0,nominal,operational
2025-01-02,ZIP-023,96.0,180,12.7,1.09,43.8,5.58,78.0,nominal,operational
2025-01-02,ZIP-024,96.0,183,17.8,1.04,44.8,5.92,135.0,nominal,operational
2025-01-02,ZIP-025,96.2,186,22.3,0.88,45.1,5.74,136.0,nominal,operational
2025-01-02,ZIP-026,95.5,189,11.0,0.96,43.3,5.97,134.0,nominal,operational
2025-01-02,ZIP-027,95.8,192,16.2,1.02,45.9,5.97,98.0,nominal,operational
2025-01-02,ZIP-028,96.1,195,20.6,1.09,44.5,6.33,145.0,nominal,operational
2025-01-02,ZIP-029,96.0,198,26.4,1.02,42.4,5.77,100.0,nominal,operational
2025-01-02,ZIP-030,96.6,111,20.4,0.72,43.2,5.55,122.0,nominal,operational
2025-01-03,ZIP-001,95.7,116,22.7,1.14,44.7,5.89,122.0,nominal,operational
2025-01-03,ZIP-002,96.5,119,18.4,1.1,44.5,5.91,103.0,nominal,operational
2025-01-03,ZIP-003,96.0,122,19.1,0.8,41.9,5.57,119.0,nominal,operational
2025-01-03,ZIP-004,96.6,125,20.0,1.18,42.9,5.62,123.0,nominal,operational
2025-01-03,ZIP-005,95.9,128,15.2,1.03,43.0,5.53,117.0,nominal,operational
2025-01-03,ZIP-006,96.6,131,17.6,1.01,45.1,5.52,109.0,nominal,operational
2025-01-03,ZIP-007,95.6,134,18.7,1.05,45.0,5.6,120.0,nominal,operational
2025-01-03,ZIP-008,95.6,137,21.7,0.95,43.5,5.45,140.0,nominal,operational
2025-01-03,ZIP-009,95.4,140,18.3,0.95,43.4,5.95,129.0,nominal,operational
2025-01-03,ZIP-010,95.9,143,16.6,1.41,45.3,5.92,105.0,nominal,operational
2025-01-03,ZIP-011,95.9,146,14.5,0.95,44.2,6.25,145.0,nominal,operational
2025-01-03,ZIP-012,95.5,149,22.4,1.13,44.8,5.7,91.0,nominal,operational
2025-01-03,ZIP-013,95.4,152,25.2,1.12,44.8,5.59,107.0,nominal,operational
2025-01-03,ZIP-014,95.7,155,20.0,0.98,44.6,5.97,90.0,nominal,operational
2025-01-03,ZIP-015,95.5,158,24.4,1.18,43.5,5.55,135.0,nominal,operational
2025-01-03,ZIP-016,95.8,161,10.5,1.39,45.3,6.03,130.0,nominal,operational
2025-01-03,ZIP-017,96.1,164,22.7,1.32,43.5,5.66,126.0,nominal,operational
2025-01-03,ZIP-018,96.1,167,15.4,0.98,44.5,5.82,132.0,nominal,operational
2025-01-03,ZIP-019,96.1,170,21.0,0.96,45.3,5.96,104.0,nominal,operational
2025-01-03,ZIP-020,95.4,173,25.1,0.94,45.4,5.59,139.0,nominal,operational
2025-01-03,ZIP-021,95.5,176,14.7,1.03,43.9,6.0,137.0,nominal,operational
2025-01-03,ZIP-022,96.1,179,23.3,1.05,43.4,5.99,106.0,nominal,operational
2025-01-03,ZIP-023,96.0,182,15.2,0.88,44.6,5.37,118.0,nominal,operational
2025-01-03,ZIP-024,95.9,185,15.1,0.98,44.7,5.52,87.0,nominal,operational
2025-01-03,ZIP-025,95.8,188,24.7,1.27,46.3,5.54,120.0,nominal,operational
2025-01-03,ZIP-026,94.9,191,16.3,1.07,44.4,5.43,121.0,nominal,operational
2025-01-03,ZIP-027,95.6,194,21.2,1.26,45.5,5.78,99.0,nominal,operational
2025-01-03,ZIP-028,96.4,197,19.7,1.32,45.4,5.33,118.0,nominal,operational
2025-01-03,ZIP-029,96.2,200,20.9,1.04,44.0,5.78,141.0,nominal,operational
2025-01-03,ZIP-030,96.4,113,19.4,1.18,44.6,6.0,139.0,nominal,operational
2025-01-04,ZIP-001,96.3,118,19.9,1.12,45.9,5.68,110.0,nominal,operational
2025-01-04,ZIP-002,96.2,121,15.1,0.9,45.1,5.65,125.0,nominal,operational
2025-01-04,ZIP-003,96.3,124,12.1,0.84,42.4,5.52,107.0,nominal,operational
2025-01-04,ZIP-004,95.8,127,29.0,1.1,43.7,5.77,144.0,nominal,operational
2025-01-04,ZIP-005,95.8,130,17.4,1.12,44.1,5.57,143.0,nominal,operational
2025-01-04,ZIP-006,96.3,133,33.8,0.66,42.0,6.02,144.0,nominal,operational
2025-01-04,ZIP-007,96.0,136,19.3,1.18,41.9,5.65,141.0,nominal,operational
2025-01-04,ZIP-008,95.7,139,24.9,1.2,44.2,5.58,100.0,nominal,operational
2025-01-04,ZIP-009,96.2,142,22.4,1.03,45.0,5.64,149.0,nominal,operational
2025-01-04,ZIP-010,96.0,145,21.0,0.73,41.8,5.47,107.0,nominal,operational
2025-01-04,ZIP-011,96.6,148,24.1,1.06,44.3,5.63,89.0,nominal,operational
2025-01-04,ZIP-012,95.5,151,14.7,1.39,45.2,5.99,108.0,nominal,operational
2025-01-04,ZIP-013,95.3,154,17.2,1.01,44.2,5.73,125.0,nominal,operational
2025-01-04,ZIP-014,95.9,157,20.7,1.04,44.0,6.38,87.0,nominal,operational
2025-01-04,ZIP-015,95.7,160,17.1,0.94,42.6,6.27,131.0,nominal,operational
2025-01-04,ZIP-016,95.9,163,25.7,0.85,44.0,5.78,154.0,nominal,operational
2025-01-04,ZIP-017,95.5,166,30.5,1.11,45.5,5.84,120.0,nominal,operational
2025-01-04,ZIP-018,95.4,169,15.3,1.16,44.7,5.18,93.0,nominal,operational
2025-01-04,ZIP-019,95.4,172,14.4,1.1,45.3,5.41,131.0,nominal,operational
2025-01-04,ZIP-020,96.0,175,25.1,1.08,43.0,5.8,111.0,nominal,operational
2025-01-04,ZIP-021,95.5,178,10.4,0.96,43.1,5.68,95.0,nominal,operational
2025-01-04,ZIP-022,96.1,181,24.8,1.21,44.7,6.23,154.0,nominal,operational
2025-01-04,ZIP-023,95.4,184,24.6,1.11,42.7,6.04,116.0,nominal,operational
2025-01-04,ZIP-024,95.2,187,13.5,0.9,43.3,5.77,97.0,nominal,operational
2025-01-04,ZIP-025,95.0,190,28.7,1.23,45.9,6.06,129.0,nominal,operational
2025-01-04,ZIP-026,96.2,193,10.1,1.09,44.7,5.74,80.0,nominal,operational
2025-01-04,ZIP-027,96.2,196,19.2,0.58,42.2,5.52,145.0,nominal,operational
2025-01-04,ZIP-028,95.7,199,21.0,1.06,45.2,6.18,145.0,nominal,operational
2025-01-04,ZIP-029,96.2,202,17.4,1.06,44.2,5.76,122.0,nominal,operational
2025-01-04,ZIP-030,96.0,115,27.2,1.04,43.8,5.42,166.0,nominal,operational
2025-01-05,ZIP-001,95.8,119,21.1,1.22,44.7,5.87,93.0,nominal,operational
2025-01-05,ZIP-002,95.7,122,16.1,1.27,44.0,6.12,127.0,nominal,operational
2025-01-05,ZIP-003,95.7,125,21.3,0.89,44.3,5.73,112.0,nominal,operational
2025-01-05,ZIP-004,96.2,128,19.4,0.85,44.0,5.64,130.0,nominal,operational
2025-01-05,ZIP-005,95.5,131,23.1,1.34,44.9,6.02,95.0,nominal,operational
2025-01-05,ZIP-006,96.3,134,19.8,0.83,42.8,6.24,116.0,nominal,operational
2025-01-05,ZIP-007,96.0,137,22.2,0.97,44.4,5.78,130.0,nominal,operational
2025-01-05,ZIP-008,95.8,140,20.0,1.04,44.5,5.44,116.0,nominal,operational
2025-01-05,ZIP-009,95.5,143,24.5,1.1,43.4,6.02,106.0,nominal,operational
2025-01-05,ZIP-010,96.2,146,13.9,1.06,44.8,6.28,129.0,nominal,operational
2025-01-05,ZIP-011,95.7,149,19.2,0.99,42.3,5.87,100.0,nominal,operational
2025-01-05,ZIP-012,95.1,152,22.6,1.04,43.3,5.72,139.0,nominal,operational
2025-01-05,ZIP-013,95.7,155,14.1,1.23,45.6,5.9,104.0,nominal,operational
2025-01-05,ZIP-014,96.1,158,30.2,1.17,44.7,5.71,120.0,nominal,operational
2025-01-05,ZIP-015,95.8,161,17.3,0.8,42.7,5.24,125.0,nominal,operational
2025-01-05,ZIP-016,95.9,164,17.7,1.23,45.8,5.83,146.0,nominal,operational
2025-01-05,ZIP-017,95.8,167,16.1,0.96,42.8,5.65,142.0,nominal,operational
2025-01-05,ZIP-018,96.1,170,15.9,1.07,45.7,5.34,108.0,nominal,operational
2025-01-05,ZIP-019,96.1,173,13.3,0.99,42.8,5.56,116.0,nominal,operational
2025-01-05,ZIP-020,96.2,176,23.3,0.88,42.4,5.91,129.0,nominal,operational
2025-01-05,ZIP-021,96.0,179,25.5,0.98,43.1,5.52,120.0,nominal,operational
2025-01-05,ZIP-022,96.0,182,22.9,1.25,44.4,5.77,101.0,nominal,operational
2025-01-05,ZIP-023,95.8,185,16.3,0.93,44.8,5.68,133.0,nominal,operational
2025-01-05,ZIP-024,96.3,188,22.8,1.22,45.2,6.37,112.0,nominal,operational
2025-01-05,ZIP-025,95.8,191,22.7,1.55,45.5,5.61,167.0,nominal,operational
2025-01-05,ZIP-026,95.7,194,21.9,0.89,44.1,6.13,134.0,nominal,operational
2025-01-05,ZIP-027,95.9,197,18.6,0.92,43.5,5.64,90.0,nominal,operational
2025-01-05,ZIP-028,95.4,200,20.4,1.22,45.6,5.69,150.0,nominal,operational
2025-01-05,ZIP-029,96.7,203,20.6,0.98,43.0,5.93,100.0,nominal,operational
2025-01-05,ZIP-030,95.8,116,14.3,1.11,42.0,5.65,119.0,nominal,operational
2025-01-06,ZIP-001,95.1,121,16.5,1.05,43.0,5.77,116.0,nominal,operational
2025-01-06,ZIP-002,95.4,124,20.0,1.04,44.8,6.17,137.0,nominal,operational
2025-01-06,ZIP-003,95.6,127,12.3,0.73,43.3,5.82,117.0,nominal,operational
2025-01-06,ZIP-004,96.2,130,20.9,1.04,43.3,5.65,103.0,nominal,operational
2025-01-06,ZIP-005,95.6,133,19.7,1.12,44.7,6.1,123.0,nominal,operational
2025-01-06,ZIP-006,95.9,136,11.7,1.26,45.7,6.01,141.0,nominal,operational
2025-01-06,ZIP-007,96.1,139,11.6,0.93,44.9,6.39,108.0,nominal,operational
2025-01-06,ZIP-008,95.3,142,18.1,0.89,42.8,5.8,143.0,nominal,operational
2025-01-06,ZIP-009,96.1,145,26.0,1.02,43.8,5.56,113.0,nominal,operational
2025-01-06,ZIP-010,95.3,148,20.7,1.09,45.1,5.8,110.0,nominal,operational
2025-01-06,ZIP-011,96.3,151,20.3,0.86,44.6,6.01,133.0,nominal,operational
2025-01-06,ZIP-012,96.1,154,22.7,1.17,44.5,5.63,66.0,nominal,operational
2025-01-06,ZIP-013,96.2,157,15.2,1.04,43.9,5.86,108.0,nominal,operational
2025-01-06,ZIP-014,95.7,160,17.5,1.12,44.4,6.08,165.0,nominal,operational
2025-01-06,ZIP-015,95.9,163,19.6,0.88,45.3,5.97,131.0,nominal,operational
2025-01-06,ZIP-016,95.6,166,14.1,1.26,47.3,6.18,94.0,nominal,operational
2025-01-06,ZIP-017,95.5,169,11.7,1.24,46.0,5.53,112.0,nominal,operational
2025-01-06,ZIP-018,95.6,172,14.3,0.78,43.6,5.68,110.0,nominal,operational
2025-01-06,ZIP-019,96.0,175,23.1,0.84,44.7,6.43,97.0,nominal,operational
2025-01-06,ZIP-020,95.5,178,14.8,1.07,42.1,5.94,140.0,nominal,operational
2025-01-06,ZIP-021,96.0,181,15.1,1.27,46.8,5.83,142.0,nominal,operational
2025-01-06,ZIP-022,96.1,184,20.0,1.05,45.0,5.41,133.0,nominal,operational
2025-01-06,ZIP-023,95.5,187,27.4,1.05,45.1,5.51,105.0,nominal,operational
2025-01-06,ZIP-024,95.2,190,17.0,0.95,41.8,5.69,113.0,nominal,operational
2025-01-06,ZIP-025,96.0,193,25.0,0.99,43.8,6.1,133.0,nominal,operational
2025-01-06,ZIP-026,96.8,196,16.2,1.08,45.8,5.59,125.0,nominal,operational
2025-01-06,ZIP-027,95.9,199,20.7,1.02,43.5,6.05,110.0,nominal,operational
2025-01-06,ZIP-028,95.4,202,18.5,0.99,44.5,5.27,119.0,nominal,operational
2025-01-06,ZIP-029,95.7,205,14.0,1.03,44.1,5.47,109.0,nominal,operational
2025-01-06,ZIP-030,95.2,118,25.9,0.9,43.3,5.82,129.0,nominal,operational
2025-01-07,ZIP-001,95.7,123,26.5,1.22,44.4,5.89,154.0,nominal,operational
2025-01-07,ZIP-002,96.1,126,25.2,0.94,44.4,5.89,127.0,nominal,operational
2025-01-07,ZIP-003,95.5,129,15.1,1.02,44.2,5.87,131.0,nominal,operational
2025-01-07,ZIP-004,95.2,132,26.5,1.19,44.9,5.5,112.0,nominal,operational
2025-01-07,ZIP-005,95.6,135,17.4,0.88,43.7,5.9,87.0,nominal,operational
2025-01-07,ZIP-006,95.3,138,17.6,1.28,43.7,5.71,106.0,nominal,operational
2025-01-07,ZIP-007,95.5,141,20.3,1.1,44.8,6.18,108.0,nominal,operational
2025-01-07,ZIP-008,95.2,144,21.3,0.85,43.3,5.66,123.0,nominal,operational
2025-01-07,ZIP-009,95.4,147,24.3,1.06,45.1,6.08,124.0,nominal,operational
2025-01-07,ZIP-010,95.9,150,23.1,1.19,41.7,5.35,118.0,nominal,operational
2025-01-07,ZIP-011,95.1,153,14.7,1.08,42.6,5.67,145.0,nominal,operational
2025-01-07,ZIP-012,95.4,156,20.4,1.19,43.1,5.57,113.0,nominal,operational
2025-01-07,ZIP-013,95.9,159,24.7,1.26,44.2,5.77,117.0,nominal,operational
2025-01-07,ZIP-014,95.8,162,21.2,1.1,43.5,5.55,114.0,nominal,operational
2025-01-07,ZIP-015,95.9,165,17.5,1.07,44.6,5.86,118.0,nominal,operational
2025-01-07,ZIP-016,95.2,168,17.4,0.94,44.7,5.89,118.0,nominal,operational
2025-01-07,ZIP-017,96.1,171,14.1,1.25,44.4,5.88,102.0,nominal,operational
2025-01-07,ZIP-018,94.8,174,21.4,1.14,44.3,5.22,128.0,nominal,operational
2025-01-07,ZIP-019,95.9,177,13.9,0.96,44.3,5.65,139.0,nominal,operational
2025-01-07,ZIP-020,95.4,180,10.6,1.09,44.6,5.72,106.0,nominal,operational
2025-01-07,ZIP-021,95.4,183,22.2,0.93,43.1,5.82,105.0,nominal,operational
2025-01-07,ZIP-022,96.4,186,22.9,1.24,44.1,5.93,104.0,nominal,operational
2025-01-07,ZIP-023,96.4,189,15.9,1.14,43.5,5.77,113.0,nominal,operational
2025-01-07,ZIP-024,95.4,192,31.6,1.13,43.2,5.71,131.0,nominal,operational
2025-01-07,ZIP-025,96.5,195,20.8,1.06,44.5,6.28,140.0,nominal,operational
2025-01-07,ZIP-026,95.6,198,21.7,0.91,42.3,5.8,114.0,nominal,operational
2025-01-07,ZIP-027,95.6,201,22.2,1.13,45.1,6.23,117.0,nominal,operational
2025-01-07,ZIP-028,95.5,204,25.9,1.06,44.2,5.84,101.0,nominal,operational
2025-01-07,ZIP-029,95.7,207,16.3,1.25,43.9,6.15,111.0,nominal,operational
2025-01-07,ZIP-030,95.4,120,24.1,0.9,43.9,6.48,144.0,nominal,operational
2025-01-08,ZIP-001,95.8,124,12.5,1.1,42.9,5.92,144.0,nominal,operational
2025-01-08,ZIP-002,95.6,127,19.8,1.24,45.8,6.03,114.0,nominal,operational
2025-01-08,ZIP-003,96.1,130,13.2,1.16,45.0,5.82,106.0,nominal,operational
2025-01-08,ZIP-004,95.4,133,16.0,1.09,44.4,6.15,142.0,nominal,operational
2025-01-08,ZIP-005,95.1,136,21.7,0.88,44.7,5.33,142.0,nominal,operational
2025-01-08,ZIP-006,95.6,139,23.9,0.95,43.8,5.43,119.0,nominal,operational
2025-01-08,ZIP-007,94.7,142,25.1,0.79,43.9,5.42,132.0,nominal,operational
2025-01-08,ZIP-008,95.0,145,8,1.04,43.9,5.86,105.0,nominal,operational
2025-01-08,ZIP-009,95.7,148,17.5,0.88,43.3,5.77,120.0,nominal,operational
2025-01-08,ZIP-010,95.9,151,21.6,0.92,43.5,5.62,155.0,nominal,operational
2025-01-08,ZIP-011,95.8,154,19.2,0.87,44.6,5.34,100.0,nominal,operational
2025-01-08,ZIP-012,96.3,157,18.6,1.0,42.6,5.95,116.0,nominal,operational
2025-01-08,ZIP-013,96.0,160,18.0,0.96,42.7,6.11,143.0,nominal,operational
2025-01-08,ZIP-014,95.8,163,23.5,0.88,43.8,5.66,156.0,nominal,operational
2025-01-08,ZIP-015,95.5,166,27.1,1.04,45.0,5.58,144.0,nominal,operational
2025-01-08,ZIP-016,95.2,169,20.0,1.06,45.8,5.85,102.0,nominal,operational
2025-01-08,ZIP-017,96.6,172,18.1,1.05,45.7,6.15,99.0,nominal,operational
2025-01-08,ZIP-018,95.4,175,17.5,1.28,46.4,5.46,106.0,nominal,operational
2025-01-08,ZIP-019,95.7,178,21.2,1.02,43.3,5.3,107.0,nominal,operational
2025-01-08,ZIP-020,95.9,181,17.7,1.15,43.5,5.71,146.0,nominal,operational
2025-01-08,ZIP-021,96.0,184,20.6,0.84,43.6,5.54,90.0,nominal,operational
2025-01-08,ZIP-022,94.8,187,23.4,0.95,42.0,5.74,121.0,nominal,operational
2025-01-08,ZIP-023,95.9,190,17.4,1.21,44.6,5.48,127.0,nominal,operational
2025-01-08,ZIP-024,95.4,193,18.9,0.85,42.3,6.44,118.0,nominal,operational
2025-01-08,ZIP-025,95.9,196,21.3,1.19,45.7,5.56,86.0,nominal,operational
2025-01-08,ZIP-026,95.0,199,20.5,1.01,43.4,5.36,115.0,nominal,operational
2025-01-08,ZIP-027,95.5,202,20.5,1.02,43.0,5.85,110.0,nominal,operational
2025-01-08,ZIP-028,95.6,205,14.7,0.97,41.4,6.0,103.0,nominal,operational
2025-01-08,ZIP-029,96.2,208,20.7,0.86,42.0,5.66,130.0,nominal,operational
2025-01-08,ZIP-030,95.1,121,24.5,0.79,44.3,5.73,100.0,nominal,operational
2025-01-09,ZIP-001,96.1,126,20.3,0.95,45.0,5.9,137.0,nominal,operational
2025-01-09,ZIP-002,95.6,129,29.4,1.11,43.1,5.81,111.0,nominal,operational
2025-01-09,ZIP-003,95.5,132,23.5,1.3,46.2,5.58,143.0,nominal,operational
2025-01-09,ZIP-004,95.5,135,34.9,1.19,45.4,5.56,111.0,nominal,operational
2025-01-09,ZIP-005,96.3,138,23.8,0.98,44.4,6.14,106.0,nominal,operational
2025-01-09,ZIP-006,95.1,141,10.9,1.2,44.4,5.94,134.0,nominal,operational
2025-01-09,ZIP-007,95.6,144,19.9,1.09,44.8,6.02,134.0,nominal,operational
2025-01-09,ZIP-008,95.1,147,9.3,1.13,42.5,5.65,126.0,nominal,operational
2025-01-09,ZIP-009,95.8,150,23.1,0.93,45.1,5.77,138.0,nominal,operational
2025-01-09,ZIP-010,95.8,153,17.2,0.89,43.2,5.45,137.0,nominal,operational
2025-01-09,ZIP-011,95.4,156,30.5,1.22,44.4,5.91,122.0,nominal,operational
2025-01-09,ZIP-012,95.5,159,21.5,1.12,44.7,6.0,141.0,nominal,operational
2025-01-09,ZIP-013,95.3,162,26.0,0.9,44.4,5.62,89.0,nominal,operational
2025-01-09,ZIP-014,95.8,165,22.9,1.08,42.8,5.52,93.0,nominal,operational
2025-01-09,ZIP-015,95.5,168,22.9,1.12,44.1,5.7,125.0,nominal,operational
2025-01-09,ZIP-016,95.1,171,19.3,1.16,44.1,5.71,146.0,nominal,operational
2025-01-09,ZIP-017,94.5,174,11.5,1.31,46.2,5.86,139.0,nominal,operational
2025-01-09,ZIP-018,95.2,177,30.0,0.92,43.8,5.86,131.0,nominal,operational
2025-01-09,ZIP-019,95.6,180,14.6,0.99,44.2,5.96,128.0,nominal,operational
2025-01-09,ZIP-020,95.1,183,17.2,1.11,44.6,5.79,77.0,nominal,operational
2025-01-09,ZIP-021,96.0,186,19.6,0.9,43.6,5.57,83.0,nominal,operational
2025-01-09,ZIP-022,96.0,189,22.5,1.05,43.3,6.4,153.0,nominal,operational
2025-01-09,ZIP-023,95.9,192,19.9,0.83,42.4,5.64,132.0,nominal,operational
2025-01-09,ZIP-024,96.0,195,24.3,0.89,43.3,5.75,153.0,nominal,operational
2025-01-09,ZIP-025,96.6,198,22.0,0.92,43.3,5.94,138.0,nominal,operational
2025-01-09,ZIP-026,95.2,201,14.9,0.89,43.9,5.97,136.0,nominal,operational
2025-01-09,ZIP-027,95.6,204,25.0,0.97,42.0,5.85,123.0,nominal,operational
2025-01-09,ZIP-028,95.5,207,27.3,1.26,45.1,5.66,130.0,nominal,operational
2025-01-09,ZIP-029,95.7,210,20.0,1.15,43.2,5.66,122.0,nominal,operational
2025-01-09,ZIP-030,95.6,123,17.0,1.17,43.5,5.45,98.0,nominal,operational
2025-01-10,ZIP-001,95.5,128,20.9,1.16,44.3,5.98,105.0,nominal,operational
2025-01-10,ZIP-002,95.8,131,16.5,1.1,42.0,5.9,103.0,nominal,operational
2025-01-10,ZIP-003,96.1,134,17.3,0.78,44.2,5.88,104.0,nominal,operational
2025-01-10,ZIP-004,95.4,137,25.6,1.04,44.1,5.94,142.0,nominal,operational
2025-01-10,ZIP-005,95.1,140,16.8,1.18,43.9,5.77,129.0,nominal,operational
2025-01-10,ZIP-006,95.4,143,19.8,0.84,43.2,5.7,107.0,nominal,operational
2025-01-10,ZIP-007,95.5,146,13.9,1.18,44.5,5.49,159.0,nominal,operational
2025-01-10,ZIP-008,96.0,149,17.2,1.13,42.6,5.92,127.0,nominal,operational
2025-01-10,ZIP-009,95.5,152,23.0,1.03,44.0,5.67,129.0,nominal,operational
2025-01-10,ZIP-010,95.7,155,20.5,1.15,43.8,5.44,135.0,nominal,operational
2025-01-10,ZIP-011,95.9,158,21.6,0.85,42.7,5.24,112.0,nominal,operational
2025-01-10,ZIP-012,95.0,161,20.4,0.83,42.9,5.85,113.0,nominal,operational
2025-01-10,ZIP-013,95.6,164,17.2,1.09,45.0,5.91,106.0,nominal,operational
2025-01-10,ZIP-014,96.0,167,22.8,0.95,44.3,6.08,123.0,nominal,operational
2025-01-10,ZIP-015,95.9,170,29.7,1.23,44.2,6.01,108.0,nominal,operational
2025-01-10,ZIP-016,95.4,173,12.9,1.15,44.8,5.51,125.0,nominal,operational
2025-01-10,ZIP-017,95.9,176,23.3,0.89,45.0,5.99,95.0,nominal,operational
2025-01-10,ZIP-018,95.3,179,13.4,0.76,42.9,5.99,138.0,nominal,operational
2025-01-10,ZIP-019,95.9,182,22.0,1.21,45.7,5.43,106.0,nominal,operational
2025-01-10,ZIP-020,95.3,185,8,0.84,44.3,5.98,136.0,nominal,operational
2025-01-10,ZIP-021,95.7,188,27.5,1.22,44.6,5.79,86.0,nominal,operational
2025-01-10,ZIP-022,95.2,191,16.1,0.78,42.7,5.72,116.0,nominal,operational
2025-01-10,ZIP-023,95.1,194,24.9,1.05,43.9,6.25,131.0,nominal,operational
2025-01-10,ZIP-024,96.2,197,12.2,0.92,42.3,5.94,126.0,nominal,operational
2025-01-10,ZIP-025,96.0,200,16.9,1.13,44.2,5.49,99.0,nominal,operational
2025-01-10,ZIP-026,94.7,203,23.9,1.11,43.8,5.59,129.0,nominal,operational
2025-01-10,ZIP-027,95.9,206,20.1,1.06,44.2,5.59,147.0,nominal,operational
2025-01-10,ZIP-028,95.7,209,20.9,1.12,43.9,5.58,116.0,nominal,operational
2025-01-10,ZIP-029,95.3,212,25.1,1.06,43.5,6.08,119.0,nominal,operational
2025-01-10,ZIP-030,95.6,125,16.5,0.95,42.8,5.57,103.0,nominal,operational
2025-01-11,ZIP-001,95.5,130,16.6,0.95,45.0,5.62,84.0,nominal,operational
2025-01-11,ZIP-002,95.9,133,16.6,0.94,42.9,5.65,113.0,nominal,operational
2025-01-11,ZIP-003,95.9,136,15.1,1.05,44.4,5.52,149.0,nominal,operational
2025-01-11,ZIP-004,95.7,139,21.6,0.89,43.7,5.65,134.0,nominal,operational
2025-01-11,ZIP-005,95.7,142,24.6,0.91,43.0,6.21,131.0,nominal,operational
2025-01-11,ZIP-006,95.9,145,19.0,1.08,44.4,6.05,120.0,nominal,operational
2025-01-11,ZIP-007,95.4,148,12.2,1.07,43.9,5.49,147.0,nominal,operational
2025-01-11,ZIP-008,95.8,151,19.9,1.05,46.4,5.95,116.0,nominal,operational
2025-01-11,ZIP-009,95.5,154,14.9,1.11,46.2,5.72,133.0,nominal,operational
2025-01-11,ZIP-010,95.6,157,15.4,1.19,44.8,6.23,111.0,nominal,operational
2025-01-11,ZIP-011,95.3,160,20.3,0.89,44.4,5.75,142.0,nominal,operational
2025-01-11,ZIP-012,95.6,163,15.1,1.25,44.7,6.21,110.0,nominal,operational
2025-01-11,ZIP-013,95.2,166,19.9,0.94,44.7,5.79,115.0,nominal,operational
2025-01-11,ZIP-014,95.4,169,14.4,1.2,44.8,5.26,100.0,nominal,operational
2025-01-11,ZIP-015,95.3,172,22.6,1.02,45.6,5.74,137.0,nominal,operational
2025-01-11,ZIP-016,95.3,175,23.8,1.28,45.1,5.59,131.0,nominal,operational
2025-01-11,ZIP-017,95.8,178,21.8,1.34,45.2,5.84,134.0,nominal,operational
2025-01-11,ZIP-018,95.7,181,23.4,1.0,45.0,5.69,73.0,nominal,operational
2025-01-11,ZIP-019,95.3,184,19.6,1.07,43.7,5.73,128.0,nominal,operational
2025-01-11,ZIP-020,95.9,187,22.2,1.17,45.2,5.51,138.0,nominal,operational
2025-01-11,ZIP-021,95.6,190,22.6,1.17,45.4,6.01,108.0,nominal,operational
2025-01-11,ZIP-022,95.2,193,16.3,1.03,47.0,5.7,111.0,nominal,operational
2025-01-11,ZIP-023,94.9,196,18.2,1.06,43.9,5.8,140.0,nominal,operational
2025-01-11,ZIP-024,95.5,199,19.3,1.09,42.6,6.18,110.0,nominal,operational
2025-01-11,ZIP-025,95.7,202,20.7,1.01,45.4,5.61,116.0,nominal,operational
2025-01-11,ZIP-026,96.2,205,19.7,0.85,41.1,5.8,110.0,nominal,operational
2025-01-11,ZIP-027,95.2,208,24.3,1.08,43.1,5.84,140.0,nominal,operational
2025-01-11,ZIP-028,95.7,211,23.4,1.16,45.9,5.89,128.0,nominal,operational
2025-01-11,ZIP-029,95.7,214,17.5,0.86,43.2,5.71,153.0,nominal,operational
2025-01-11,ZIP-030,95.3,127,18.7,1.08,42.1,5.69,84.0,nominal,operational
2025-01-12,ZIP-001,95.6,131,12.7,1.11,43.6,5.7,127.0,nominal,operational
2025-01-12,ZIP-002,95.4,134,20.6,1.0,44.7,5.59,112.0,nominal,operational
2025-01-12,ZIP-003,95.8,137,20.3,1.2,44.5,5.73,146.0,nominal,operational
2025-01-12,ZIP-004,95.1,140,16.0,1.06,42.7,5.78,136.0,nominal,operational
2025-01-12,ZIP-005,95.3,143,14.8,0.98,42.5,5.85,143.0,nominal,operational
2025-01-12,ZIP-006,95.9,146,21.8,1.02,43.7,5.61,87.0,nominal,operational
2025-01-12,ZIP-007,95.6,149,16.2,0.97,43.3,5.79,114.0,nominal,operational
2025-01-12,ZIP-008,95.7,152,19.2,0.9,45.2,6.04,164.0,nominal,operational
2025-01-12,ZIP-009,95.4,155,18.0,1.18,43.5,5.83,147.0,nominal,operational
2025-01-12,ZIP-010,95.7,158,17.4,0.96,45.1,5.65,93.0,nominal,operational
2025-01-12,ZIP-011,95.5,161,15.5,1.16,43.2,6.02,113.0,nominal,operational
2025-01-12,ZIP-012,95.3,164,35.9,0.94,44.5,5.5,91.0,nominal,operational
2025-01-12,ZIP-013,95.5,167,26.4,1.16,46.1,5.38,103.0,nominal,operational
2025-01-12,ZIP-014,95.9,170,25.9,1.35,44.9,5.86,143.0,nominal,operational
2025-01-12,ZIP-015,95.5,173,18.5,0.96,43.9,5.92,116.0,nominal,operational
2025-01-12,ZIP-016,96.6,176,24.1,0.68,42.2,5.98,115.0,nominal,operational
2025-01-12,ZIP-017,95.3,179,20.9,1.1,43.2,6.13,125.0,nominal,operational
2025-01-12,ZIP-018,95.8,182,23.5,0.96,44.0,5.82,101.0,nominal,operational
2025-01-12,ZIP-019,95.7,185,15.7,1.06,43.7,5.43,132.0,nominal,operational
2025-01-12,ZIP-020,94.9,188,14.1,1.19,44.7,6.03,144.0,nominal,operational
2025-01-12,ZIP-021,95.6,191,23.2,1.12,43.9,5.89,118.0,nominal,operational
2025-01-12,ZIP-022,95.5,194,29.0,0.96,45.9,5.53,136.0,nominal,operational
2025-01-12,ZIP-023,94.9,197,25.6,1.1,43.0,5.84,130.0,nominal,operational
2025-01-12,ZIP-024,95.2,200,25.4,1.0,44.6,6.25,126.0,nominal,operational
2025-01-12,ZIP-025,96.1,203,14.2,1.27,44.2,5.47,117.0,nominal,operational
2025-01-12,ZIP-026,95.3,206,15.3,0.92,43.7,5.55,123.0,nominal,operational
2025-01-12,ZIP-027,95.7,209,30.9,1.25,43.3,6.34,126.0,nominal,operational
2025-01-12,ZIP-028,96.2,212,17.6,1.33,44.0,5.92,108.0,nominal,operational
2025-01-12,ZIP-029,95.7,215,27.1,0.97,45.0,5.71,98.0,nominal,operational
2025-01-12,ZIP-030,95.2,128,20.4,1.03,44.3,5.65,167.0,nominal,operational
2025-01-13,ZIP-001,95.1,133,12.7,0.8,44.3,5.69,157.0,nominal,operational
2025-01-13,ZIP-002,95.8,136,24.0,1.12,44.9,5.84,119.0,nominal,operational
2025-01-13,ZIP-003,96.2,139,30.4,1.21,43.0,6.0,97.0,nominal,operational
2025-01-13,ZIP-004,96.0,142,22.0,0.99,44.7,5.76,150.0,nominal,operational
2025-01-13,ZIP-005,94.9,145,24.6,1.24,45.4,6.04,135.0,nominal,operational
2025-01-13,ZIP-006,95.6,148,25.6,1.09,42.9,5.4,118.0,nominal,operational
2025-01-13,ZIP-007,95.5,151,24.4,1.11,44.4,6.17,69.0,nominal,operational
2025-01-13,ZIP-008,95.3,154,28.6,0.86,44.4,5.36,105.0,nominal,operational
2025-01-13,ZIP-009,96.1,157,20.8,0.92,43.0,6.24,128.0,nominal,operational
2025-01-13,ZIP-010,95.1,160,20.8,1.05,43.7,5.56,140.0,nominal,operational
2025-01-13,ZIP-011,95.0,163,17.4,0.99,42.4,5.47,124.0,nominal,operational
2025-01-13,ZIP-012,95.5,166,22.0,1.15,44.7,5.55,123.0,nominal,operational
2025-01-13,ZIP-013,95.4,169,22.5,1.16,45.3,6.18,125.0,nominal,operational
2025-01-13,ZIP-014,95.4,172,13.6,1.16,44.8,5.97,106.0,nominal,operational
2025-01-13,ZIP-015,95.6,175,21.8,1.17,45.3,6.07,126.0,nominal,operational
2025-01-13,ZIP-016,96.2,178,24.6,0.69,44.9,5.9,124.0,nominal,operational
2025-01-13,ZIP-017,95.2,181,26.4,1.17,44.3,5.91,119.0,nominal,operational
2025-01-13,ZIP-018,95.5,184,20.5,0.97,43.9,5.8,118.0,nominal,operational
2025-01-13,ZIP-019,95.6,187,18.6,1.19,45.2,6.36,120.0,nominal,operational
2025-01-13,ZIP-020,95.5,190,23.2,1.03,45.1,5.94,142.0,nominal,operational
2025-01-13,ZIP-021,95.6,193,17.8,1.03,44.7,5.86,89.0,nominal,operational
2025-01-13,ZIP-022,95.7,196,18.0,1.27,43.7,5.72,88.0,nominal,operational
2025-01-13,ZIP-023,95.1,199,20.7,0.55,41.5,5.4,123.0,nominal,operational
2025-01-13,ZIP-024,95.6,202,16.7,1.15,43.3,6.07,131.0,nominal,operational
2025-01-13,ZIP-025,95.7,205,22.1,0.91,43.0,5.74,105.0,nominal,operational
2025-01-13,ZIP-026,95.1,208,23.1,1.07,46.2,5.94,126.0,nominal,operational
2025-01-13,ZIP-027,95.9,211,10.3,1.21,44.3,5.81,126.0,nominal,operational
2025-01-13,ZIP-028,95.6,214,15.4,1.14,45.4,5.51,140.0,nominal,operational
2025-01-13,ZIP-029,95.1,217,15.6,1.0,44.8,5.64,123.0,nominal,operational
2025-01-13,ZIP-030,95.8,130,22.7,0.99,42.2,5.93,123.0,nominal,operational
2025-01-14,ZIP-001,95.5,135,35.4,0.93,43.1,5.98,129.0,nominal,operational
2025-01-14,ZIP-002,95.8,138,15.3,1.02,43.4,5.95,138.0,nominal,operational
2025-01-14,ZIP-003,95.6,141,17.3,1.11,45.2,5.77,122.0,nominal,operational
2025-01-14,ZIP-004,95.7,144,17.3,1.09,43.7,5.87,119.0,nominal,operational
2025-01-14,ZIP-005,95.5,147,22.3,1.05,43.6,5.33,112.0,nominal,operational
2025-01-14,ZIP-006,96.0,150,19.2,1.18,45.5,5.46,115.0,nominal,operational
2025-01-14,ZIP-007,95.0,153,15.6,0.84,44.1,5.74,121.0,nominal,operational
2025-01-14,ZIP-008,95.4,156,14.6,1.04,44.2,5.74,122.0,nominal,operational
2025-01-14,ZIP-009,95.2,159,12.7,0.78,42.8,5.75,105.0,nominal,operational
2025-01-14,ZIP-010,95.8,162,8.6,1.22,45.5,5.74,105.0,nominal,operational
2025-01-14,ZIP-011,95.8,165,20.6,0.93,42.6,5.85,114.0,nominal,operational
2025-01-14,ZIP-012,95.5,168,19.4,0.98,42.7,6.05,145.0,nominal,operational
2025-01-14,ZIP-013,96.3,171,8,0.91,44.0,6.04,144.0,nominal,operational
2025-01-14,ZIP-014,94.6,174,16.7,1.1,44.7,5.76,119.0,nominal,operational
2025-01-14,ZIP-015,95.4,177,19.6,1.28,45.7,5.98,122.0,nominal,operational
2025-01-14,ZIP-016,94.9,180,10.7,1.11,44.3,5.98,135.0,nominal,operational
2025-01-14,ZIP-017,95.2,183,20.7,0.89,43.2,5.3,137.0,nominal,operational
2025-01-14,ZIP-018,95.1,186,19.9,1.32,43.7,6.0,145.0,nominal,operational
2025-01-14,ZIP-019,95.1,189,19.7,1.12,45.3,6.05,147.0,nominal,operational
2025-01-14,ZIP-020,95.6,192,26.2,0.95,45.9,5.96,141.0,nominal,operational
2025-01-14,ZIP-021,95.9,195,21.5,1.07,44.7,5.55,131.0,nominal,operational
2025-01-14,ZIP-022,96.3,198,19.6,0.86,46.2,5.67,138.0,nominal,operational
2025-01-14,ZIP-023,96.0,201,26.6,1.35,44.7,5.81,108.0,nominal,operational
2025-01-14,ZIP-024,95.6,204,13.0,1.04,44.1,6.14,106.0,nominal,operational
2025-01-14,ZIP-025,95.9,207,22.1,1.08,44.2,5.9,118.0,nominal,operational
2025-01-14,ZIP-026,95.7,210,21.8,1.15,44.4,5.7,80.0,nominal,operational
2025-01-14,ZIP-027,96.1,213,14.2,0.95,43.2,5.63,117.0,nominal,operational
2025-01-14,ZIP-028,95.2,216,28.1,1.08,43.8,6.12,118.0,nominal,operational
2025-01-14,ZIP-029,95.2,219,22.2,1.18,45.3,6.0,135.0,nominal,operational
2025-01-14,ZIP-030,95.9,132,20.6,1.08,41.5,5.67,115.0,nominal,operational
2025-01-15,ZIP-001,95.4,136,25.5,1.17,45.0,5.77,124.0,nominal,operational
2025-01-15,ZIP-002,95.8,139,25.8,0.94,42.3,5.63,108.0,nominal,operational
2025-01-15,ZIP-003,95.7,142,15.6,0.79,45.7,5.82,109.0,nominal,operational
2025-01-15,ZIP-004,95.3,145,16.4,1.24,43.0,5.96,122.0,nominal,operational
2025-01-15,ZIP-005,95.3,148,20.3,1.24,44.2,5.51,123.0,nominal,operational
2025-01-15,ZIP-006,95.7,151,27.1,1.12,44.3,5.45,136.0,nominal,operational
2025-01-15,ZIP-007,95.4,154,29.8,1.1,45.7,5.7,79.0,nominal,operational
2025-01-15,ZIP-008,94.9,157,21.1,1.05,43.4,5.82,88.0,nominal,operational
2025-01-15,ZIP-009,95.4,160,20.4,0.94,44.0,5.63,103.0,nominal,operational
2025-01-15,ZIP-010,95.5,163,8,0.96,43.0,5.95,103.0,nominal,operational
2025-01-15,ZIP-011,96.0,166,16.8,1.05,44.1,5.83,100.0,nominal,operational
2025-01-15,ZIP-012,95.4,169,16.3,1.15,46.0,5.59,98.0,nominal,operational
2025-01-15,ZIP-013,96.8,172,17.5,1.17,44.9,5.74,151.0,nominal,operational
2025-01-15,ZIP-014,96.0,175,18.3,1.29,45.5,5.62,147.0,nominal,operational
2025-01-15,ZIP-015,95.3,178,20.5,1.0,43.9,5.78,102.0,nominal,operational
2025-01-15,ZIP-016,95.0,181,16.5,1.08,45.2,6.17,104.0,nominal,operational
2025-01-15,ZIP-017,95.1,184,21.9,1.01,44.2,5.77,102.0,nominal,operational
2025-01-15,ZIP-018,95.3,187,12.8,1.03,44.1,6.26,137.0,nominal,operational
2025-01-15,ZIP-019,96.1,190,21.7,1.05,42.4,6.25,141.0,nominal,operational
2025-01-15,ZIP-020,95.5,193,18.8,1.33,43.2,5.39,120.0,nominal,operational
2025-01-15,ZIP-021,95.4,196,12.2,0.84,43.6,5.53,92.0,nominal,operational
2025-01-15,ZIP-022,95.6,199,21.7,1.09,42.8,5.66,107.0,nominal,operational
2025-01-15,ZIP-023,95.9,202,20.2,0.89,42.6,5.84,111.0,nominal,operational
2025-01-15,ZIP-024,96.5,205,8,1.18,44.5,6.05,115.0,nominal,operational
2025-01-15,ZIP-025,95.6,208,24.2,1.11,44.3,6.01,113.0,nominal,operational
2025-01-15,ZIP-026,95.9,211,24.1,1.38,44.7,5.87,129.0,nominal,operational
2025-01-15,ZIP-027,95.9,214,22.6,0.82,44.0,5.79,91.0,nominal,operational
2025-01-15,ZIP-028,95.6,217,20.5,1.07,44.6,5.76,114.0,nominal,operational
2025-01-15,ZIP-029,95.6,220,25.0,0.93,44.1,5.95,146.0,nominal,operational
2025-01-15,ZIP-030,95.4,133,32.1,1.09,44.4,5.9,132.0,nominal,operational
2025-01-16,ZIP-001,95.2,138,19.4,1.0,43.9,5.54,135.0,nominal,operational
2025-01-16,ZIP-002,95.2,141,10.8,1.36,45.2,5.84,163.0,nominal,operational
2025-01-16,ZIP-003,95.2,144,16.2,1.03,42.3,5.71,93.0,nominal,operational
2025-01-16,ZIP-004,94.8,147,18.4,1.39,45.0,5.54,100.0,nominal,operational
2025-01-16,ZIP-005,95.5,150,24.1,0.88,42.9,5.99,112.0,nominal,operational
2025-01-16,ZIP-006,95.2,153,19.9,1.14,43.4,5.4,108.0,nominal,operational
2025-01-16,ZIP-007,95.5,156,8,0.88,43.0,5.39,151.0,nominal,operational
2025-01-16,ZIP-008,95.4,159,21.4,1.0,43.0,5.74,133.0,nominal,operational
2025-01-16,ZIP-009,96.3,162,17.3,1.25,47.4,5.82,119.0,nominal,operational
2025-01-16,ZIP-010,95.3,165,21.1,0.97,44.8,6.05,121.0,nominal,operational
2025-01-16,ZIP-011,95.7,168,13.5,1.12,42.4,6.27,133.0,nominal,operational
2025-01-16,ZIP-012,94.9,171,19.6,1.15,43.3,5.86,134.0,nominal,operational
2025-01-16,ZIP-013,95.4,174,20.5,1.36,44.3,5.64,121.0,nominal,operational
2025-01-16,ZIP-014,95.3,177,24.4,1.17,44.6,6.03,91.0,nominal,operational
2025-01-16,ZIP-015,94.7,180,17.4,1.04,45.2,5.75,139.0,nominal,operational
2025-01-16,ZIP-016,95.8,183,34.8,0.97,44.5,5.78,83.0,nominal,operational
2025-01-16,ZIP-017,95.1,186,12.9,1.13,44.5,5.74,129.0,nominal,operational
2025-01-16,ZIP-018,95.8,189,11.2,0.89,42.7,5.86,121.0,nominal,operational
2025-01-16,ZIP-019,95.8,192,17.9,1.17,44.8,5.91,112.0,nominal,operational
2025-01-16,ZIP-020,95.0,195,32.5,0.94,42.3,5.5,144.0,nominal,operational
2025-01-16,ZIP-021,96.3,198,16.4,1.0,45.0,5.71,115.0,nominal,operational
2025-01-16,ZIP-022,95.5,201,16.6,1.27,45.9,6.13,114.0,nominal,operational
2025-01-16,ZIP-023,95.8,204,23.3,1.06,44.2,5.97,125.0,nominal,operational
2025-01-16,ZIP-024,95.4,207,24.9,0.87,42.3,6.14,98.0,nominal,operational
2025-01-16,ZIP-025,94.9,210,18.3,1.35,43.9,5.34,104.0,nominal,operational
2025-01-16,ZIP-026,95.5,213,15.9,1.14,43.4,6.1,143.0,nominal,operational
2025-01-16,ZIP-027,95.2,216,20.5,1.09,43.3,5.92,118.0,nominal,operational
2025-01-16,ZIP-028,94.5,219,17.0,0.92,43.7,5.66,127.0,nominal,operational
2025-01-16,ZIP-029,95.7,222,18.4,1.43,44.0,5.5,133.0,nominal,operational
2025-01-16,ZIP-030,94.7,135,15.6,1.29,44.6,6.27,117.0,nominal,operational
2025-01-17,ZIP-001,95.7,140,26.1,0.86,41.6,6.0,117.0,nominal,operational
2025-01-17,ZIP-002,95.5,143,16.8,0.99,44.1,5.72,110.0,nominal,operational
2025-01-17,ZIP-003,95.1,146,23.6,1.18,44.3,5.53,120.0,nominal,operational
2025-01-17,ZIP-004,95.6,149,15.8,0.96,41.2,5.89,105.0,nominal,operational
2025-01-17,ZIP-005,95.1,152,15.4,1.06,44.3,6.22,119.0,nominal,operational
2025-01-17,ZIP-006,95.4,155,23.2,0.89,44.2,6.0,125.0,nominal,operational
2025-01-17,ZIP-007,95.4,158,26.4,0.77,43.8,5.87,79.0,nominal,operational
2025-01-17,ZIP-008,95.2,161,28.1,0.9,43.6,5.92,140.0,nominal,operational
2025-01-17,ZIP-009,95.3,164,18.6,1.01,44.3,5.47,130.0,nominal,operational
2025-01-17,ZIP-010,95.3,167,20.9,0.92,44.1,5.9,129.0,nominal,operational
2025-01-17,ZIP-011,95.3,170,21.4,1.13,45.9,5.86,101.0,nominal,operational
2025-01-17,ZIP-012,95.4,173,14.4,1.08,43.8,5.76,143.0,nominal,operational
2025-01-17,ZIP-013,95.4,176,21.8,0.95,45.1,6.16,93.0,nominal,operational
2025-01-17,ZIP-014,95.8,179,19.0,1.06,42.6,5.61,139.0,nominal,operational
2025-01-17,ZIP-015,95.6,182,19.0,0.97,43.9,5.55,116.0,nominal,operational
2025-01-17,ZIP-016,95.5,185,32.2,1.15,44.5,5.63,91.0,nominal,operational
2025-01-17,ZIP-017,96.0,188,23.5,1.15,44.5,5.74,100.0,nominal,operational
2025-01-17,ZIP-018,95.4,191,28.9,1.24,42.7,5.82,76.0,nominal,operational
2025-01-17,ZIP-019,96.0,194,24.1,1.11,43.7,5.49,143.0,nominal,operational
2025-01-17,ZIP-020,95.5,197,11.8,0.87,43.4,5.68,132.0,nominal,operational
2025-01-17,ZIP-021,95.0,200,23.0,1.02,44.3,5.86,104.0,nominal,operational
2025-01-17,ZIP-022,95.2,203,25.5,0.96,43.2,5.87,89.0,nominal,operational
2025-01-17,ZIP-023,95.1,206,17.6,1.09,43.0,5.38,134.0,nominal,operational
2025-01-17,ZIP-024,95.2,209,18.9,1.01,43.7,5.88,109.0,nominal,operational
2025-01-17,ZIP-025,95.4,212,21.5,0.96,44.1,6.16,108.0,nominal,operational
2025-01-17,ZIP-026,95.9,215,28.1,0.8,44.0,5.89,120.0,nominal,operational
2025-01-17,ZIP-027,95.8,218,11.8,1.15,43.4,5.6,143.0,nominal,operational
2025-01-17,ZIP-028,96.0,221,24.2,1.26,45.1,5.98,122.0,nominal,operational
2025-01-17,ZIP-029,94.8,224,27.2,0.99,43.5,6.25,128.0,nominal,operational
2025-01-17,ZIP-030,96.3,137,13.6,1.3,45.0,5.64,102.0,nominal,operational
2025-01-18,ZIP-001,94.9,141,17.6,1.16,45.2,6.11,122.0,nominal,operational
2025-01-18,ZIP-002,95.5,144,15.4,0.74,42.4,5.77,110.0,nominal,operational
2025-01-18,ZIP-003,95.9,147,16.0,1.02,44.6,5.89,143.0,nominal,operational
2025-01-18,ZIP-004,95.9,150,27.6,1.15,42.9,5.29,96.0,nominal,operational
2025-01-18,ZIP-005,94.9,153,29.0,1.12,45.2,5.74,152.0,nominal,operational
2025-01-18,ZIP-006,95.3,156,21.1,1.15,44.4,5.43,144.0,nominal,operational
2025-01-18,ZIP-007,96.1,159,11.8,0.89,43.0,5.32,104.0,nominal,operational
2025-01-18,ZIP-008,95.3,162,18.0,0.82,43.2,5.77,140.0,nominal,operational
2025-01-18,ZIP-009,95.2,165,25.8,0.95,42.8,5.64,124.0,nominal,operational
2025-01-18,ZIP-010,95.0,168,18.2,1.08,44.6,5.93,136.0,nominal,operational
2025-01-18,ZIP-011,95.2,171,15.5,1.21,43.7,5.89,151.0,nominal,operational
2025-01-18,ZIP-012,95.3,174,25.9,1.1,43.9,5.83,137.0,nominal,operational
2025-01-18,ZIP-013,95.2,177,17.9,1.27,46.5,5.76,140.0,nominal,operational
2025-01-18,ZIP-014,95.9,180,24.1,1.53,46.1,6.34,128.0,nominal,operational
2025-01-18,ZIP-015,95.3,183,11.6,1.02,43.6,6.71,142.0,nominal,operational
2025-01-18,ZIP-016,95.9,186,13.7,0.76,43.1,5.22,135.0,nominal,operational
2025-01-18,ZIP-017,94.8,189,15.8,0.91,42.7,5.51,132.0,nominal,operational
2025-01-18,ZIP-018,95.5,192,25.0,0.81,41.6,5.67,130.0,nominal,operational
2025-01-18,ZIP-019,95.4,195,24.7,1.06,42.8,6.08,122.0,nominal,operational
2025-01-18,ZIP-020,95.3,198,22.9,1.04,43.8,5.78,136.0,nominal,operational
2025-01-18,ZIP-021,95.9,201,12.3,1.43,43.1,5.44,108.0,nominal,operational
2025-01-18,ZIP-022,94.4,204,13.6,1.2,44.8,5.83,143.0,nominal,operational
2025-01-18,ZIP-023,95.5,207,25.4,1.07,44.8,5.76,102.0,nominal,operational
2025-01-18,ZIP-024,95.1,210,25.8,0.95,46.5,6.19,178.0,nominal,operational
2025-01-18,ZIP-025,95.5,213,12.8,1.01,43.7,5.81,123.0,nominal,operational
2025-01-18,ZIP-026,95.1,216,16.6,1.06,44.6,5.8,80.0,nominal,operational
2025-01-18,ZIP-027,95.1,219,24.7,1.55,46.9,5.88,128.0,nominal,operational
2025-01-18,ZIP-028,95.2,222,27.3,1.03,42.3,5.44,118.0,nominal,operational
2025-01-18,ZIP-029,95.3,225,17.7,0.92,43.6,5.64,116.0,nominal,operational
2025-01-18,ZIP-030,95.5,138,18.4,0.85,43.0,5.56,129.0,nominal,operational
2025-01-19,ZIP-001,95.2,143,14.2,1.09,44.3,6.15,98.0,nominal,operational
2025-01-19,ZIP-002,95.1,146,17.4,1.13,44.3,5.67,109.0,nominal,operational
2025-01-19,ZIP-003,95.0,149,16.1,1.07,43.7,5.54,139.0,nominal,operational
2025-01-19,ZIP-004,95.8,152,20.6,1.13,42.7,5.83,110.0,nominal,operational
2025-01-19,ZIP-005,95.4,155,21.0,1.18,44.7,5.45,91.0,nominal,operational
2025-01-19,ZIP-006,95.6,158,19.0,1.1,46.4,5.77,125.0,nominal,operational
2025-01-19,ZIP-007,95.4,161,20.2,1.18,44.6,5.56,127.0,nominal,operational
2025-01-19,ZIP-008,95.2,164,25.1,0.86,43.4,5.3,120.0,nominal,operational
2025-01-19,ZIP-009,94.5,167,14.7,1.23,44.3,5.74,119.0,nominal,operational
2025-01-19,ZIP-010,95.9,170,19.8,0.71,41.7,5.8,108.0,nominal,operational
2025-01-19,ZIP-011,96.0,173,25.8,1.18,43.7,5.84,134.0,nominal,operational
2025-01-19,ZIP-012,95.3,176,15.0,1.07,43.9,5.79,118.0,nominal,operational
2025-01-19,ZIP-013,95.3,179,16.3,1.17,43.2,5.85,86.0,nominal,operational
2025-01-19,ZIP-014,95.7,182,20.5,0.9,43.2,5.73,82.0,nominal,operational
2025-01-19,ZIP-015,95.4,185,26.2,1.21,45.7,5.89,117.0,nominal,operational
2025-01-19,ZIP-016,95.1,188,17.9,1.0,44.8,5.95,135.0,nominal,operational
2025-01-19,ZIP-017,95.6,191,16.0,1.09,43.9,5.5,140.0,nominal,operational
2025-01-19,ZIP-018,95.4,194,24.8,1.12,43.9,5.9,138.0,nominal,operational
2025-01-19,ZIP-019,95.3,197,29.6,1.27,46.6,6.38,110.0,nominal,operational
2025-01-19,ZIP-020,95.5,200,17.5,1.03,44.5,5.82,140.0,nominal,operational
2025-01-19,ZIP-021,95.7,203,13.8,1.15,44.5,5.82,105.0,nominal,operational
2025-01-19,ZIP-022,95.8,206,22.3,1.06,45.0,5.97,122.0,nominal,operational
2025-01-19,ZIP-023,96.2,209,26.7,1.06,43.3,5.76,102.0,nominal,operational
2025-01-19,ZIP-024,95.0,212,9.3,0.88,44.5,5.58,97.0,nominal,operational
2025-01-19,ZIP-025,95.8,215,23.2,0.99,43.6,5.58,124.0,nominal,operational
2025-01-19,ZIP-026,94.5,218,11.5,0.9,43.8,6.06,98.0,nominal,operational
2025-01-19,ZIP-027,95.5,221,16.0,0.97,43.4,5.43,150.0,nominal,operational
2025-01-19,ZIP-028,95.0,224,19.4,0.94,43.9,5.48,73.0,nominal,operational
2025-01-19,ZIP-029,95.1,227,15.8,1.34,44.7,6.13,102.0,nominal,operational
2025-01-19,ZIP-030,95.3,140,22.4,1.21,43.6,5.81,94.0,nominal,operational
2025-01-20,ZIP-001,95.6,145,19.2,1.11,46.5,5.94,125.0,nominal,operational
2025-01-20,ZIP-002,95.6,148,9.9,1.37,44.6,5.75,135.0,nominal,operational
2025-01-20,ZIP-003,95.1,151,13.0,0.99,45.5,5.84,138.0,nominal,operational
2025-01-20,ZIP-004,96.0,154,27.9,1.23,45.3,5.76,110.0,nominal,operational
2025-01-20,ZIP-005,94.9,157,15.1,1.09,41.8,5.71,114.0,nominal,operational
2025-01-20,ZIP-006,95.2,160,26.3,0.73,42.7,6.42,123.0,nominal,operational
2025-01-20,ZIP-007,95.3,163,24.1,1.15,45.4,5.69,118.0,nominal,operational
2025-01-20,ZIP-008,96.1,166,24.6,1.39,43.4,5.62,127.0,nominal,operational
2025-01-20,ZIP-009,95.4,169,18.5,0.94,44.7,5.75,104.0,nominal,operational
2025-01-20,ZIP-010,95.0,172,16.6,1.05,44.3,5.53,105.0,nominal,operational
2025-01-20,ZIP-011,95.4,175,17.7,1.14,43.8,6.03,112.0,nominal,operational
2025-01-20,ZIP-012,95.7,178,34.6,1.07,43.9,5.95,128.0,nominal,operational
2025-01-20,ZIP-013,94.8,181,14.3,1.13,43.4,5.89,146.0,nominal,operational
2025-01-20,ZIP-014,94.3,184,26.8,0.79,42.4,5.98,129.0,nominal,operational
2025-01-20,ZIP-015,94.9,187,16.6,1.06,46.1,5.26,104.0,nominal,operational
2025-01-20,ZIP-016,95.2,190,23.8,1.33,46.5,5.54,112.0,nominal,operational
2025-01-20,ZIP-017,95.4,193,26.1,0.87,41.7,5.54,145.0,nominal,operational
2025-01-20,ZIP-018,95.1,196,24.0,0.62,43.1,5.8,109.0,nominal,operational
2025-01-20,ZIP-019,96.0,199,21.5,0.83,42.5,5.72,134.0,nominal,operational
2025-01-20,ZIP-020,95.7,202,20.8,1.0,46.0,6.04,131.0,nominal,operational
2025-01-20,ZIP-021,94.5,205,18.0,0.98,45.2,5.71,132.0,nominal,operational
2025-01-20,ZIP-022,95.8,208,26.4,0.9,43.4,5.9,115.0,nominal,operational
2025-01-20,ZIP-023,95.0,211,8,1.36,47.0,6.03,112.0,nominal,operational
2025-01-20,ZIP-024,95.1,214,15.2,0.83,44.5,5.99,119.0,nominal,operational
2025-01-20,ZIP-025,94.7,217,19.4,0.8,43.2,5.55,120.0,nominal,operational
2025-01-20,ZIP-026,95.6,220,19.4,1.17,44.1,6.14,118.0,nominal,operational
2025-01-20,ZIP-027,95.6,223,17.7,1.31,42.4,6.0,130.0,nominal,operational
2025-01-20,ZIP-028,95.6,226,19.1,1.13,42.4,5.57,150.0,nominal,operational
2025-01-20,ZIP-029,94.9,229,20.0,0.96,43.5,5.73,107.0,nominal,operational
2025-01-20,ZIP-030,95.6,142,22.7,1.19,45.0,5.77,110.0,nominal,operational
2025-01-21,ZIP-001,94.5,147,17.1,1.38,44.8,5.83,146.0,nominal,operational
2025-01-21,ZIP-002,94.4,150,18.5,1.15,44.8,6.03,112.0,nominal,operational
2025-01-21,ZIP-003,95.1,153,21.0,1.25,44.0,5.66,144.0,nominal,operational
2025-01-21,ZIP-004,95.3,156,23.6,1.02,45.4,5.99,112.0,nominal,operational
2025-01-21,ZIP-005,95.2,159,20.3,1.29,45.4,5.53,108.0,nominal,operational
2025-01-21,ZIP-006,95.2,162,20.5,1.38,45.2,5.78,115.0,nominal,operational
2025-01-21,ZIP-007,95.0,165,18.4,1.27,43.6,5.8,125.0,nominal,operational
2025-01-21,ZIP-008,94.9,168,14.2,0.91,43.9,5.86,133.0,nominal,operational
2025-01-21,ZIP-009,95.1,171,23.4,0.9,43.7,5.48,120.0,nominal,operational
2025-01-21,ZIP-010,95.0,174,27.9,0.95,43.8,5.9,120.0,nominal,operational
2025-01-21,ZIP-011,95.5,177,24.0,1.21,43.2,5.93,150.0,nominal,operational
2025-01-21,ZIP-012,95.7,180,8,0.78,43.5,6.27,130.0,nominal,operational
2025-01-21,ZIP-013,95.0,183,22.0,0.71,41.6,5.6,112.0,nominal,operational
2025-01-21,ZIP-014,95.6,186,24.7,0.98,44.1,5.7,96.0,nominal,operational
2025-01-21,ZIP-015,95.5,189,20.0,0.97,42.9,5.4,129.0,nominal,operational
2025-01-21,ZIP-016,95.3,192,26.6,1.15,42.5,5.65,129.0,nominal,operational
2025-01-21,ZIP-017,95.8,195,23.6,0.91,42.1,6.09,127.0,nominal,operational
2025-01-21,ZIP-018,95.3,198,23.4,0.93,44.1,5.68,94.0,nominal,operational
2025-01-21,ZIP-019,95.7,201,15.3,1.08,44.5,5.84,118.0,nominal,operational
2025-01-21,ZIP-020,95.2,204,16.8,1.0,44.0,5.89,115.0,nominal,operational
2025-01-21,ZIP-021,95.8,207,21.0,1.08,46.2,5.52,118.0,nominal,operational
2025-01-21,ZIP-022,95.0,210,17.5,1.21,45.0,5.76,126.0,nominal,operational
2025-01-21,ZIP-023,95.3,213,23.7,0.96,43.5,5.76,118.0,nominal,operational
2025-01-21,ZIP-024,95.4,216,21.6,1.02,43.2,6.18,110.0,nominal,operational
2025-01-21,ZIP-025,95.4,219,19.7,1.03,43.1,5.65,137.0,nominal,operational
2025-01-21,ZIP-026,95.5,222,25.0,0.97,43.8,6.37,119.0,nominal,operational
2025-01-21,ZIP-027,94.9,225,9.2,0.95,42.9,5.66,126.0,nominal,operational
2025-01-21,ZIP-028,95.0,228,17.0,0.93,45.1,5.56,103.0,nominal,operational
2025-01-21,ZIP-029,94.8,231,18.7,1.0,44.3,5.69,125.0,nominal,operational
2025-01-21,ZIP-030,95.2,144,18.1,1.25,46.9,5.29,106.0,nominal,operational
2025-01-22,ZIP-001,95.6,148,29.5,1.08,43.6,6.0,125.0,nominal,operational
2025-01-22,ZIP-002,95.3,151,24.0,1.17,43.0,6.0,144.0,nominal,operational
2025-01-22,ZIP-003,95.2,154,20.8,0.93,44.5,6.01,148.0,nominal,operational
2025-01-22,ZIP-004,95.5,157,19.2,1.0,45.1,5.39,147.0,nominal,operational
2025-01-22,ZIP-005,95.3,160,20.7,1.23,44.9,5.83,134.0,nominal,operational
2025-01-22,ZIP-006,95.5,163,18.8,0.89,44.9,5.56,135.0,nominal,operational
2025-01-22,ZIP-007,94.9,166,22.6,0.79,42.0,6.13,130.0,nominal,operational
2025-01-22,ZIP-008,94.5,169,17.9,1.08,45.2,5.77,135.0,nominal,operational
2025-01-22,ZIP-009,95.2,172,25.1,1.07,46.8,5.6,85.0,nominal,operational
2025-01-22,ZIP-010,95.9,175,17.1,1.09,44.8,5.71,164.0,nominal,operational
2025-01-22,ZIP-011,95.4,178,19.3,0.9,43.9,6.03,114.0,nominal,operational
2025-01-22,ZIP-012,95.7,181,15.3,0.87,42.9,5.74,117.0,nominal,operational
2025-01-22,ZIP-013,95.3,184,17.9,1.14,45.2,6.1,153.0,nominal,operational
2025-01-22,ZIP-014,95.1,187,18.6,0.99,44.9,5.62,99.0,nominal,operational
2025-01-22,ZIP-015,94.9,190,18.0,1.11,43.7,5.72,124.0,nominal,operational
2025-01-22,ZIP-016,95.3,193,18.3,0.91,44.5,5.79,136.0,nominal,operational
2025-01-22,ZIP-017,95.2,196,22.2,1.01,43.8,5.43,123.0,nominal,operational
2025-01-22,ZIP-018,95.0,199,20.2,0.96,44.8,5.55,119.0,nominal,operational
2025-01-22,ZIP-019,95.1,202,25.6,1.33,45.5,5.49,131.0,nominal,operational
2025-01-22,ZIP-020,95.9,205,25.6,1.06,44.0,5.57,136.0,nominal,operational
2025-01-22,ZIP-021,95.3,208,23.5,0.83,43.8,5.85,145.0,nominal,operational
2025-01-22,ZIP-022,95.1,211,11.2,1.18,43.0,5.88,85.0,nominal,operational
2025-01-22,ZIP-023,95.7,214,12.1,0.54,43.6,5.66,136.0,nominal,operational
2025-01-22,ZIP-024,95.8,217,16.8,0.92,43.7,5.97,139.0,nominal,operational
2025-01-22,ZIP-025,95.7,220,15.9,0.83,44.0,5.53,112.0,nominal,operational
2025-01-22,ZIP-026,95.1,223,16.3,0.97,43.8,5.87,129.0,nominal,operational
2025-01-22,ZIP-027,96.0,226,20.7,0.74,44.0,5.72,100.0,nominal,operational
2025-01-22,ZIP-028,95.1,229,16.4,1.35,44.7,6.0,94.0,nominal,operational
2025-01-22,ZIP-029,95.0,232,12.6,0.8,44.9,5.66,128.0,nominal,operational
2025-01-22,ZIP-030,94.8,145,20.9,1.1,44.1,5.94,125.0,nominal,operational
2025-01-23,ZIP-001,94.9,150,18.6,1.22,43.6,6.02,105.0,nominal,operational
2025-01-23,ZIP-002,94.9,153,17.6,1.1,44.3,6.05,108.0,nominal,operational
2025-01-23,ZIP-003,95.1,156,12.7,0.97,44.0,6.04,146.0,nominal,operational
2025-01-23,ZIP-004,94.7,159,17.5,0.88,42.5,5.89,108.0,nominal,operational
2025-01-23,ZIP-005,95.4,162,14.1,1.18,42.9,5.83,146.0,nominal,operational
2025-01-23,ZIP-006,95.8,165,20.2,1.11,42.8,5.87,110.0,nominal,operational
2025-01-23,ZIP-007,95.3,168,23.5,1.09,46.5,5.4,134.0,nominal,operational
2025-01-23,ZIP-008,95.3,171,17.7,0.95,44.9,5.8,100.0,nominal,operational
2025-01-23,ZIP-009,94.8,174,32.8,0.95,42.4,6.31,126.0,nominal,operational
2025-01-23,ZIP-010,94.8,177,21.7,0.92,46.5,5.79,149.0,nominal,operational
2025-01-23,ZIP-011,95.8,180,20.5,1.16,43.5,5.82,134.0,nominal,operational
2025-01-23,ZIP-012,95.2,183,22.1,1.19,44.4,5.93,96.0,nominal,operational
2025-01-23,ZIP-013,95.4,186,18.1,0.91,42.8,5.67,133.0,nominal,operational
2025-01-23,ZIP-014,94.7,189,22.0,1.21,44.7,5.9,105.0,nominal,operational
2025-01-23,ZIP-015,95.4,192,23.5,1.05,42.5,5.5,110.0,nominal,operational
2025-01-23,ZIP-016,95.2,195,24.4,0.95,44.4,5.88,110.0,nominal,operational
2025-01-23,ZIP-017,95.2,198,16.0,1.01,43.9,5.69,106.0,nominal,operational
2025-01-23,ZIP-018,95.9,201,17.8,1.17,44.5,5.75,117.0,nominal,operational
2025-01-23,ZIP-019,95.4,204,13.3,1.17,45.1,5.88,106.0,nominal,operational
2025-01-23,ZIP-020,94.8,207,22.2,1.22,45.5,5.73,103.0,nominal,operational
2025-01-23,ZIP-021,94.8,210,15.8,0.91,43.2,5.51,99.0,nominal,operational
2025-01-23,ZIP-022,94.5,213,10.8,1.01,44.1,5.63,122.0,nominal,operational
2025-01-23,ZIP-023,95.3,216,21.4,0.81,43.7,5.89,112.0,nominal,operational
2025-01-23,ZIP-024,95.3,219,11.7,1.05,43.4,5.97,116.0,nominal,operational
2025-01-23,ZIP-025,95.6,222,13.5,1.05,45.3,5.9,101.0,nominal,operational
2025-01-23,ZIP-026,95.3,225,23.6,0.93,41.4,5.83,120.0,nominal,operational
2025-01-23,ZIP-027,95.1,228,14.7,1.0,43.6,5.74,113.0,nominal,operational
2025-01-23,ZIP-028,95.3,231,21.6,0.93,42.5,5.41,130.0,nominal,operational
2025-01-23,ZIP-029,94.4,234,19.1,0.7,42.1,5.89,124.0,nominal,operational
2025-01-23,ZIP-030,95.5,147,16.0,1.2,43.4,5.97,119.0,nominal,operational
2025-01-24,ZIP-001,95.3,152,24.6,0.82,45.8,5.45,143.0,nominal,operational
2025-01-24,ZIP-002,95.1,155,15.5,1.05,43.5,5.89,112.0,nominal,operational
2025-01-24,ZIP-003,95.0,158,19.3,1.04,46.5,5.36,135.0,nominal,operational
2025-01-24,ZIP-004,95.2,161,18.4,0.6,42.1,5.67,119.0,nominal,operational
2025-01-24,ZIP-005,94.9,164,12.8,1.23,44.0,5.48,111.0,nominal,operational
2025-01-24,ZIP-006,95.1,167,9.9,0.9,42.6,5.74,113.0,nominal,operational
2025-01-24,ZIP-007,96.0,170,13.1,0.91,43.9,5.95,97.0,nominal,operational
2025-01-24,ZIP-008,94.6,173,22.2,0.86,43.7,6.24,110.0,nominal,operational
2025-01-24,ZIP-009,95.8,176,16.9,1.19,47.3,6.08,93.0,nominal,operational
2025-01-24,ZIP-010,95.4,179,27.9,1.1,44.3,5.86,113.0,nominal,operational
2025-01-24,ZIP-011,95.2,182,21.6,1.3,43.8,5.39,121.0,nominal,operational
2025-01-24,ZIP-012,95.0,185,21.7,1.3,45.5,5.68,141.0,nominal,operational
2025-01-24,ZIP-013,95.3,188,18.8,1.05,43.8,5.81,109.0,nominal,operational
2025-01-24,ZIP-014,95.9,191,23.3,1.17,44.9,5.57,134.0,nominal,operational
2025-01-24,ZIP-015,94.9,194,14.1,0.99,44.6,5.86,129.0,nominal,operational
2025-01-24,ZIP-016,94.8,197,12.9,1.14,43.5,5.94,137.0,nominal,operational
2025-01-24,ZIP-017,94.2,200,16.9,0.88,44.9,5.95,122.0,nominal,operational
2025-01-24,ZIP-018,95.3,203,21.8,1.22,46.8,6.38,76.0,nominal,operational
2025-01-24,ZIP-019,95.7,206,28.0,1.13,43.3,5.93,91.0,nominal,operational
2025-01-24,ZIP-020,95.0,209,17.1,0.93,44.5,5.48,122.0,nominal,operational
2025-01-24,ZIP-021,94.8,212,21.2,1.16,45.2,5.99,110.0,nominal,operational
2025-01-24,ZIP-022,95.7,215,25.0,1.1,42.8,5.69,106.0,nominal,operational
2025-01-24,ZIP-023,95.0,218,22.1,1.07,44.8,5.74,72.0,nominal,operational
2025-01-24,ZIP-024,94.9,221,19.8,1.1,43.0,5.47,113.0,nominal,operational
2025-01-24,ZIP-025,95.1,224,13.2,0.98,43.9,5.53,110.0,nominal,operational
2025-01-24,ZIP-026,95.2,227,15.8,1.26,45.1,5.89,149.0,nominal,operational
2025-01-24,ZIP-027,94.8,230,22.5,0.83,43.1,5.54,146.0,nominal,operational
2025-01-24,ZIP-028,95.3,233,16.5,1.17,45.0,6.12,111.0,nominal,operational
2025-01-24,ZIP-029,95.6,236,23.2,0.73,40.6,5.84,122.0,nominal,operational
2025-01-24,ZIP-030,95.7,149,15.2,0.89,46.3,5.61,122.0,nominal,operational
2025-01-25,ZIP-001,95.1,153,14.6,1.27,44.8,5.45,81.0,nominal,operational
2025-01-25,ZIP-002,95.4,156,15.7,1.09,44.3,5.65,138.0,nominal,operational
2025-01-25,ZIP-003,94.8,159,15.8,1.07,42.9,5.52,128.0,nominal,operational
2025-01-25,ZIP-004,95.2,162,22.6,1.13,44.6,5.66,102.0,nominal,operational
2025-01-25,ZIP-005,94.9,165,15.9,1.06,45.2,5.79,87.0,nominal,operational
2025-01-25,ZIP-006,94.8,168,17.7,1.16,44.3,5.45,127.0,nominal,operational
2025-01-25,ZIP-007,95.1,171,20.5,1.25,46.2,6.0,136.0,nominal,operational
2025-01-25,ZIP-008,95.2,174,23.7,0.82,43.9,5.67,135.0,nominal,operational
2025-01-25,ZIP-009,94.6,177,27.2,0.98,44.1,5.78,118.0,nominal,operational
2025-01-25,ZIP-010,95.6,180,29.1,0.89,41.9,5.42,120.0,nominal,operational
2025-01-25,ZIP-011,95.4,183,12.4,0.83,44.4,5.91,108.0,nominal,operational
2025-01-25,ZIP-012,94.7,186,25.6,0.9,43.7,6.02,93.0,nominal,operational
2025-01-25,ZIP-013,95.3,189,22.0,1.24,46.7,5.88,97.0,nominal,operational
2025-01-25,ZIP-014,94.6,192,15.4,1.19,44.5,5.78,139.0,nominal,operational
2025-01-25,ZIP-015,95.6,195,26.2,0.84,43.4,5.71,94.0,nominal,operational
2025-01-25,ZIP-016,94.5,198,18.4,1.02,44.9,6.21,113.0,nominal,operational
2025-01-25,ZIP-017,94.7,201,19.7,0.98,45.0,5.65,150.0,nominal,operational
2025-01-25,ZIP-018,95.2,204,20.3,0.8,45.0,5.98,116.0,nominal,operational
2025-01-25,ZIP-019,94.9,207,19.2,0.91,42.9,5.62,115.0,nominal,operational
2025-01-25,ZIP-020,95.0,210,20.5,1.07,43.5,6.2,110.0,nominal,operational
2025-01-25,ZIP-021,95.2,213,20.9,0.87,43.0,5.42,116.0,nominal,operational
2025-01-25,ZIP-022,94.5,216,22.0,0.71,44.0,5.86,108.0,nominal,operational
2025-01-25,ZIP-023,94.7,219,18.1,1.07,45.1,5.48,157.0,nominal,operational
2025-01-25,ZIP-024,95.5,222,20.2,1.22,43.4,5.93,147.0,nominal,operational
2025-01-25,ZIP-025,95.7,225,19.0,1.09,45.3,5.7,136.0,nominal,operational
2025-01-25,ZIP-026,95.2,228,19.1,1.1,44.1,5.62,118.0,nominal,operational
2025-01-25,ZIP-027,94.6,231,28.0,1.01,43.7,6.11,113.0,nominal,operational
2025-01-25,ZIP-028,94.9,234,15.3,0.88,45.4,6.14,123.0,nominal,operational
2025-01-25,ZIP-029,95.3,237,10.4,1.16,43.9,5.76,128.0,nominal,operational
2025-01-25,ZIP-030,94.0,150,13.7,0.91,45.1,5.94,128.0,nominal,operational
2025-01-26,ZIP-001,95.3,155,19.7,1.3,44.1,5.85,104.0,nominal,operational
2025-01-26,ZIP-002,94.6,158,25.9,1.24,44.6,5.75,129.0,nominal,operational
2025-01-26,ZIP-003,95.8,161,27.6,1.07,41.5,5.89,108.0,nominal,operational
2025-01-26,ZIP-004,95.4,164,20.2,0.93,44.2,5.85,137.0,nominal,operational
2025-01-26,ZIP-005,87.0,167,50.7,1.01,43.6,5.65,139.0,nominal,monitoring
2025-01-26,ZIP-006,94.9,170,16.5,1.23,42.4,6.41,132.0,nominal,operational
2025-01-26,ZIP-007,94.8,173,16.6,0.97,43.0,5.73,149.0,nominal,operational
2025-01-26,ZIP-008,95.1,176,19.7,1.16,45.3,5.76,119.0,nominal,operational
2025-01-26,ZIP-009,95.6,179,18.1,0.76,44.8,5.75,142.0,nominal,operational
2025-01-26,ZIP-010,95.1,182,20.3,1.18,44.0,5.71,142.0,nominal,operational
2025-01-26,ZIP-011,94.7,185,21.5,1.26,46.0,6.01,150.0,nominal,operational
2025-01-26,ZIP-012,95.5,188,25.1,1.12,44.0,5.66,132.0,nominal,operational
2025-01-26,ZIP-013,95.1,191,22.7,0.98,43.0,5.86,101.0,nominal,operational
2025-01-26,ZIP-014,95.5,194,23.5,0.87,44.8,5.68,127.0,nominal,operational
2025-01-26,ZIP-015,95.0,197,15.1,1.21,46.0,5.69,115.0,nominal,operational
2025-01-26,ZIP-016,95.6,200,24.0,1.32,45.8,5.77,132.0,nominal,operational
2025-01-26,ZIP-017,94.6,203,19.6,0.99,42.4,5.95,139.0,nominal,operational
2025-01-26,ZIP-018,95.3,206,29.6,1.04,44.1,5.85,110.0,nominal,operational
2025-01-26,ZIP-019,95.5,209,25.2,1.07,44.7,5.95,125.0,nominal,operational
2025-01-26,ZIP-020,95.0,212,18.9,0.86,43.3,5.64,119.0,nominal,operational
2025-01-26,ZIP-021,94.8,215,11.7,0.86,43.6,5.7,121.0,nominal,operational
2025-01-26,ZIP-022,95.8,218,31.3,0.93,45.6,5.7,99.0,nominal,operational
2025-01-26,ZIP-023,95.1,221,14.9,1.01,42.3,6.08,136.0,nominal,operational
2025-01-26,ZIP-024,95.0,224,21.9,1.27,45.3,5.71,114.0,nominal,operational
2025-01-26,ZIP-025,95.3,227,23.5,0.84,42.6,5.64,131.0,nominal,operational
2025-01-26,ZIP-026,95.1,230,11.2,1.2,44.9,5.75,108.0,nominal,operational
2025-01-26,ZIP-027,94.8,233,21.5,1.11,45.7,5.67,99.0,nominal,operational
2025-01-26,ZIP-028,95.2,236,28.3,0.72,43.1,6.05,95.0,nominal,operational
2025-01-26,ZIP-029,95.1,239,23.4,1.18,44.8,5.97,151.0,nominal,operational
2025-01-26,ZIP-030,95.4,152,18.1,1.23,44.7,6.28,123.0,nominal,operational
2025-01-27,ZIP-001,95.4,157,22.4,1.0,44.3,5.32,122.0,nominal,operational
2025-01-27,ZIP-002,95.4,160,16.9,0.86,44.7,5.63,89.0,nominal,operational
2025-01-27,ZIP-003,95.7,163,28.0,1.06,43.9,5.67,94.0,nominal,operational
2025-01-27,ZIP-004,95.5,166,14.0,1.08,42.8,6.07,91.0,nominal,operational
2025-01-27,ZIP-005,85.9,169,59.6,1.12,46.2,5.69,133.0,nominal,monitoring
2025-01-27,ZIP-006,94.7,172,8,1.11,43.9,5.73,105.0,nominal,operational
2025-01-27,ZIP-007,94.4,175,22.6,1.08,45.3,5.72,128.0,nominal,operational
2025-01-27,ZIP-008,95.6,178,16.3,1.05,43.3,5.92,126.0,nominal,operational
2025-01-27,ZIP-009,95.2,181,17.8,1.04,43.7,5.96,152.0,nominal,operational
2025-01-27,ZIP-010,94.9,184,21.4,1.45,44.0,5.46,92.0,nominal,operational
2025-01-27,ZIP-011,95.1,187,24.4,0.95,45.1,5.8,116.0,nominal,operational
2025-01-27,ZIP-012,94.8,190,18.5,1.19,45.2,5.45,105.0,nominal,operational
2025-01-27,ZIP-013,95.3,193,17.7,0.83,42.4,5.76,121.0,nominal,operational
2025-01-27,ZIP-014,94.9,196,22.8,1.16,44.7,5.84,99.0,nominal,operational
2025-01-27,ZIP-015,94.8,199,13.2,1.21,44.9,5.46,103.0,nominal,operational
2025-01-27,ZIP-016,95.0,202,18.9,1.19,44.6,5.44,134.0,nominal,operational
2025-01-27,ZIP-017,95.0,205,22.0,1.09,42.9,5.69,131.0,nominal,operational
2025-01-27,ZIP-018,94.9,208,22.9,1.14,45.7,5.84,100.0,nominal,operational
2025-01-27,ZIP-019,94.8,211,14.3,0.99,44.4,6.05,103.0,nominal,operational
2025-01-27,ZIP-020,95.4,214,12.9,0.96,44.8,5.77,116.0,nominal,operational
2025-01-27,ZIP-021,95.2,217,24.8,1.11,43.5,5.22,154.0,nominal,operational
2025-01-27,ZIP-022,95.4,220,19.7,1.04,45.0,5.54,115.0,nominal,operational
2025-01-27,ZIP-023,95.3,223,23.7,0.87,44.0,5.4,79.0,nominal,operational
2025-01-27,ZIP-024,95.4,226,21.0,1.04,44.4,5.53,137.0,nominal,operational
2025-01-27,ZIP-025,95.0,229,21.7,1.25,43.8,5.47,141.0,nominal,operational
2025-01-27,ZIP-026,95.1,232,19.7,0.86,42.9,5.82,101.0,nominal,operational
2025-01-27,ZIP-027,95.8,235,17.9,1.03,43.3,5.64,126.0,nominal,operational
2025-01-27,ZIP-028,94.9,238,13.1,1.08,43.9,5.81,111.0,nominal,operational
2025-01-27,ZIP-029,95.1,241,17.1,1.12,44.6,5.87,115.0,nominal,operational
2025-01-27,ZIP-030,94.4,154,10.9,1.16,46.3,5.56,122.0,nominal,operational
2025-01-28,ZIP-001,95.5,158,21.6,0.86,44.1,6.07,131.0,nominal,operational
2025-01-28,ZIP-002,94.8,161,20.6,0.87,44.2,5.75,127.0,nominal,operational
2025-01-28,ZIP-003,94.9,164,25.5,0.95,42.7,5.73,121.0,nominal,operational
2025-01-28,ZIP-004,95.4,167,21.0,0.95,44.4,5.91,123.0,nominal,operational
2025-01-28,ZIP-005,84.0,170,63.6,1.11,45.2,5.65,106.0,nominal,monitoring
2025-01-28,ZIP-006,94.8,173,23.6,1.06,45.1,5.36,149.0,nominal,operational
2025-01-28,ZIP-007,94.9,176,15.8,1.1,43.4,5.57,149.0,nominal,operational
2025-01-28,ZIP-008,94.4,179,19.0,1.01,43.8,5.45,87.0,nominal,operational
2025-01-28,ZIP-009,94.6,182,20.9,1.25,45.4,6.02,128.0,nominal,operational
2025-01-28,ZIP-010,94.6,185,15.8,1.11,45.6,5.54,129.0,nominal,operational
2025-01-28,ZIP-011,95.8,188,16.6,1.08,44.2,5.82,133.0,nominal,operational
2025-01-28,ZIP-012,94.5,191,16.4,1.13,45.0,5.97,93.0,nominal,operational
2025-01-28,ZIP-013,95.2,194,10.4,1.17,43.7,5.66,97.0,nominal,operational
2025-01-28,ZIP-014,95.3,197,24.6,1.26,44.6,5.41,131.0,nominal,operational
2025-01-28,ZIP-015,94.8,200,15.7,0.96,44.6,5.72,143.0,nominal,operational
2025-01-28,ZIP-016,95.0,203,23.0,1.04,45.7,5.71,106.0,nominal,operational
2025-01-28,ZIP-017,95.2,206,22.3,1.06,45.9,5.95,102.0,nominal,operational
2025-01-28,ZIP-018,94.5,209,14.8,0.89,45.4,5.68,141.0,nominal,operational
2025-01-28,ZIP-019,95.1,212,24.4,1.12,44.1,5.97,87.0,nominal,operational
2025-01-28,ZIP-020,95.3,215,15.5,1.05,45.2,5.81,116.0,nominal,operational
2025-01-28,ZIP-021,95.2,218,25.1,1.15,44.4,5.49,121.0,nominal,operational
2025-01-28,ZIP-022,94.9,221,19.4,1.24,44.1,5.97,125.0,nominal,operational
2025-01-28,ZIP-023,95.0,224,18.3,1.05,45.4,5.71,117.0,nominal,operational
2025-01-28,ZIP-024,95.1,227,20.4,1.17,45.1,5.77,140.0,nominal,operational
2025-01-28,ZIP-025,94.6,230,27.6,0.7,43.2,5.58,103.0,nominal,operational
2025-01-28,ZIP-026,95.6,233,25.6,1.04,43.3,5.84,126.0,nominal,operational
2025-01-28,ZIP-027,94.8,236,20.1,1.22,44.2,6.18,96.0,nominal,operational
2025-01-28,ZIP-028,94.7,239,20.3,0.86,43.7,5.81,133.0,nominal,operational
2025-01-28,ZIP-029,94.9,242,15.8,1.22,44.1,6.11,104.0,nominal,operational
2025-01-28,ZIP-030,95.1,155,17.2,0.99,44.5,5.67,147.0,nominal,operational
2025-01-29,ZIP-001,95.1,160,27.0,1.12,44.9,5.77,114.0,nominal,operational
2025-01-29,ZIP-002,95.3,163,22.1,0.95,43.7,6.23,110.0,nominal,operational
2025-01-29,ZIP-003,95.7,166,22.8,1.24,44.9,6.1,91.0,nominal,operational
2025-01-29,ZIP-004,95.4,169,10.6,1.31,45.8,5.59,127.0,nominal,operational
2025-01-29,ZIP-005,83.2,172,68.5,0.75,44.0,5.95,120.0,nominal,monitoring
2025-01-29,ZIP-006,94.6,175,21.0,0.79,43.7,5.69,119.0,nominal,operational
2025-01-29,ZIP-007,94.5,178,17.5,1.05,44.1,5.79,97.0,nominal,operational
2025-01-29,ZIP-008,95.7,181,22.0,0.96,44.7,5.89,141.0,nominal,operational
2025-01-29,ZIP-009,94.9,184,13.3,0.89,44.9,5.47,139.0,nominal,operational
2025-01-29,ZIP-010,94.3,187,20.2,0.92,42.4,5.73,93.0,nominal,operational
2025-01-29,ZIP-011,94.6,190,20.2,0.88,43.2,5.95,116.0,nominal,operational
2025-01-29,ZIP-012,95.5,193,15.5,1.0,44.0,5.75,85.0,nominal,operational
2025-01-29,ZIP-013,94.4,196,17.8,1.25,44.4,5.67,106.0,nominal,operational
2025-01-29,ZIP-014,95.0,199,19.1,1.31,44.3,5.71,134.0,nominal,operational
2025-01-29,ZIP-015,94.9,202,19.4,1.33,43.5,5.82,138.0,nominal,operational
2025-01-29,ZIP-016,95.3,205,27.2,1.2,44.0,6.09,113.0,nominal,operational
2025-01-29,ZIP-017,95.2,208,24.4,0.71,43.7,5.97,129.0,nominal,operational
2025-01-29,ZIP-018,95.6,211,20.4,1.02,43.5,6.11,121.0,nominal,operational
2025-01-29,ZIP-019,95.1,214,33.7,1.23,44.5,5.86,102.0,nominal,operational
2025-01-29,ZIP-020,95.9,217,19.8,0.99,43.2,5.61,107.0,nominal,operational
2025-01-29,ZIP-021,96.0,220,15.9,1.12,43.2,5.79,116.0,nominal,operational
2025-01-29,ZIP-022,95.1,223,20.5,1.12,43.1,5.77,104.0,nominal,operational
2025-01-29,ZIP-023,95.3,226,8,1.06,45.0,6.1,148.0,nominal,operational
2025-01-29,ZIP-024,95.3,229,13.8,0.99,44.6,5.48,97.0,nominal,operational
2025-01-29,ZIP-025,94.9,232,18.4,0.95,42.6,5.57,126.0,nominal,operational
2025-01-29,ZIP-026,94.7,235,21.9,1.1,44.1,5.73,125.0,nominal,operational
2025-01-29,ZIP-027,94.8,238,24.6,0.96,43.5,5.77,151.0,nominal,operational
2025-01-29,ZIP-028,94.9,241,32.3,1.21,44.7,5.61,132.0,nominal,operational
2025-01-29,ZIP-029,94.9,244,14.8,1.18,44.2,5.94,91.0,nominal,operational
2025-01-29,ZIP-030,94.6,157,30.2,0.89,44.7,5.68,128.0,nominal,operational
2025-01-30,ZIP-001,94.8,162,10.5,0.97,44.2,5.42,122.0,nominal,operational
2025-01-30,ZIP-002,95.2,165,17.1,1.21,44.8,5.69,91.0,nominal,operational
2025-01-30,ZIP-003,94.2,168,15.6,0.78,42.9,5.55,134.0,nominal,operational
2025-01-30,ZIP-004,95.5,171,33.2,0.93,43.1,5.72,142.0,nominal,operational
2025-01-30,ZIP-005,81.5,174,68.8,1.02,44.5,5.57,120.0,nominal,monitoring
2025-01-30,ZIP-006,95.0,177,17.9,1.47,44.7,5.99,135.0,nominal,operational
2025-01-30,ZIP-007,95.2,180,25.4,1.15,45.0,5.82,150.0,nominal,operational
2025-01-30,ZIP-008,95.2,183,18.8,1.06,45.5,6.13,148.0,nominal,operational
2025-01-30,ZIP-009,95.2,186,17.1,1.09,45.0,5.61,129.0,nominal,operational
2025-01-30,ZIP-010,95.3,189,20.1,0.93,45.0,5.77,133.0,nominal,operational
2025-01-30,ZIP-011,95.6,192,18.9,0.87,45.2,5.83,128.0,nominal,operational
2025-01-30,ZIP-012,95.2,195,27.3,1.14,43.7,5.52,113.0,nominal,operational
2025-01-30,ZIP-013,95.1,198,15.5,1.03,44.1,6.22,105.0,nominal,operational
2025-01-30,ZIP-014,95.2,201,21.4,0.9,43.3,5.52,135.0,nominal,operational
2025-01-30,ZIP-015,95.3,204,12.1,1.03,42.1,5.94,103.0,nominal,operational
2025-01-30,ZIP-016,94.9,207,27.2,1.04,43.9,5.74,121.0,nominal,operational
2025-01-30,ZIP-017,95.7,210,18.1,1.3,44.2,5.75,143.0,nominal,operational
2025-01-30,ZIP-018,94.6,213,19.1,0.93,45.3,6.1,110.0,nominal,operational
2025-01-30,ZIP-019,94.5,216,20.1,1.04,44.1,5.76,134.0,nominal,operational
2025-01-30,ZIP-020,94.5,219,17.7,0.99,43.6,6.1,116.0,nominal,operational
2025-01-30,ZIP-021,94.9,222,11.1,1.01,43.4,5.75,135.0,nominal,operational
2025-01-30,ZIP-022,94.7,225,23.1,0.91,44.1,5.72,132.0,nominal,operational
2025-01-30,ZIP-023,95.6,228,22.1,1.05,43.9,5.97,109.0,nominal,operational
2025-01-30,ZIP-024,94.0,231,21.9,1.11,45.1,5.93,114.0,nominal,operational
2025-01-30,ZIP-025,94.8,234,23.2,1.06,43.7,5.89,114.0,nominal,operational
2025-01-30,ZIP-026,94.9,237,19.1,0.98,43.3,5.93,114.0,nominal,operational
2025-01-30,ZIP-027,95.6,240,22.3,1.13,45.6,6.18,98.0,nominal,operational
2025-01-30,ZIP-028,95.9,243,13.8,1.08,44.4,5.88,119.0,nominal,operational
2025-01-30,ZIP-029,95.1,246,21.9,1.07,43.9,5.74,122.0,nominal,operational
2025-01-30,ZIP-030,95.3,159,13.6,1.3,44.1,5.84,147.0,nominal,operational
2025-01-31,ZIP-001,95.4,164,14.5,1.11,44.8,5.47,122.0,nominal,operational
2025-01-31,ZIP-002,94.0,167,23.9,1.04,44.6,5.62,127.0,nominal,operational
2025-01-31,ZIP-003,94.6,170,8.1,1.1,44.7,6.02,132.0,nominal,operational
2025-01-31,ZIP-004,94.0,173,17.4,1.24,45.1,5.53,139.0,nominal,operational
2025-01-31,ZIP-005,80.6,176,74.6,0.92,42.8,6.05,125.0,nominal,grounded
2025-01-31,ZIP-006,95.1,179,23.9,1.09,44.3,5.87,117.0,nominal,operational
2025-01-31,ZIP-007,95.0,182,20.9,0.88,44.3,6.18,115.0,nominal,operational
2025-01-31,ZIP-008,95.1,185,24.3,0.91,45.0,6.05,147.0,nominal,operational
2025-01-31,ZIP-009,94.4,188,11.3,0.9,45.7,6.01,144.0,nominal,operational
2025-01-31,ZIP-010,94.8,191,20.5,1.18,45.0,6.16,109.0,nominal,operational
2025-01-31,ZIP-011,94.9,194,15.5,0.73,43.6,5.75,111.0,nominal,operational
2025-01-31,ZIP-012,94.5,197,20.0,0.91,44.7,6.01,109.0,nominal,operational
2025-01-31,ZIP-013,95.0,200,21.1,0.96,43.4,5.9,125.0,nominal,operational
2025-01-31,ZIP-014,95.2,203,22.0,0.91,43.5,5.91,110.0,nominal,operational
2025-01-31,ZIP-015,94.0,206,14.7,1.13,44.0,5.63,162.0,nominal,operational
2025-01-31,ZIP-016,94.9,209,24.3,0.97,43.3,5.59,106.0,nominal,operational
2025-01-31,ZIP-017,94.6,212,23.3,1.12,44.4,6.03,119.0,nominal,operational
2025-01-31,ZIP-018,95.0,215,24.5,1.13,43.0,5.77,135.0,nominal,operational
2025-01-31,ZIP-019,95.0,218,21.5,1.05,45.3,5.89,128.0,nominal,operational
2025-01-31,ZIP-020,95.2,221,23.8,0.9,43.8,5.61,118.0,nominal,operational
2025-01-31,ZIP-021,95.5,224,19.8,1.15,42.5,5.69,139.0,nominal,operational
2025-01-31,ZIP-022,95.0,227,24.6,1.23,46.8,6.14,113.0,nominal,operational
2025-01-31,ZIP-023,94.7,230,18.9,1.26,44.3,6.13,109.0,nominal,operational
2025-01-31,ZIP-024,95.2,233,12.2,0.88,42.2,5.6,122.0,nominal,operational
2025-01-31,ZIP-025,94.6,236,27.5,0.82,42.9,5.81,120.0,nominal,operational
2025-01-31,ZIP-026,95.3,239,14.1,1.12,43.7,5.67,119.0,nominal,operational
2025-01-31,ZIP-027,94.5,242,16.3,1.12,45.0,5.87,117.0,nominal,operational
2025-01-31,ZIP-028,95.4,245,24.6,1.16,44.6,5.67,140.0,nominal,operational
2025-01-31,ZIP-029,94.9,248,21.7,0.96,44.1,5.89,124.0,nominal,operational
2025-01-31,ZIP-030,95.0,161,21.9,1.31,46.1,5.58,98.0,nominal,operational
2025-02-01,ZIP-001,95.1,165,22.3,1.09,45.0,6.07,80.0,nominal,operational
2025-02-01,ZIP-002,95.2,168,26.9,1.11,45.0,5.97,122.0,nominal,operational
2025-02-01,ZIP-003,95.2,171,16.5,1.16,45.0,5.64,97.0,nominal,operational
2025-02-01,ZIP-004,95.0,174,25.6,1.37,46.9,5.99,100.0,nominal,operational
2025-02-01,ZIP-005,78.8,177,81.6,0.89,43.2,5.68,125.0,nominal,grounded
2025-02-01,ZIP-006,94.5,180,12.4,1.04,44.4,5.63,114.0,nominal,operational
2025-02-01,ZIP-007,94.6,183,20.1,0.86,43.7,5.62,125.0,nominal,operational
2025-02-01,ZIP-008,95.5,186,21.9,1.07,44.3,5.69,135.0,nominal,operational
2025-02-01,ZIP-009,94.5,189,24.7,1.0,46.3,5.58,122.0,nominal,operational
2025-02-01,ZIP-010,95.1,192,17.3,1.06,44.8,5.75,140.0,nominal,operational
2025-02-01,ZIP-011,94.8,195,15.9,0.92,43.2,5.75,113.0,nominal,operational
2025-02-01,ZIP-012,94.9,198,36.4,1.25,44.6,5.65,134.0,nominal,operational
2025-02-01,ZIP-013,94.9,201,20.5,1.15,44.5,5.49,118.0,nominal,operational
2025-02-01,ZIP-014,94.4,204,17.5,1.18,45.3,6.37,115.0,nominal,operational
2025-02-01,ZIP-015,94.4,207,15.2,0.75,44.1,5.66,112.0,nominal,operational
2025-02-01,ZIP-016,94.5,210,17.2,0.95,43.1,5.82,135.0,nominal,operational
2025-02-01,ZIP-017,95.4,213,10.4,1.1,44.9,5.88,145.0,nominal,operational
2025-02-01,ZIP-018,93.9,216,16.2,1.19,45.3,5.91,90.0,nominal,operational
2025-02-01,ZIP-019,94.5,219,19.6,1.27,45.6,5.81,125.0,nominal,operational
2025-02-01,ZIP-020,95.4,222,25.4,1.02,43.6,5.53,145.0,nominal,operational
2025-02-01,ZIP-021,94.1,225,25.6,1.1,45.0,6.01,119.0,nominal,operational
2025-02-01,ZIP-022,94.7,228,15.6,0.99,45.2,5.92,108.0,nominal,operational
2025-02-01,ZIP-023,94.7,231,20.3,0.92,42.4,6.2,134.0,nominal,operational
2025-02-01,ZIP-024,95.3,234,14.5,1.25,44.3,5.62,115.0,nominal,operational
2025-02-01,ZIP-025,94.7,237,17.4,1.07,44.6,5.88,131.0,nominal,operational
2025-02-01,ZIP-026,94.5,240,24.7,1.01,45.7,5.69,118.0,nominal,operational
2025-02-01,ZIP-027,94.5,243,17.7,1.16,44.3,5.45,154.0,nominal,operational
2025-02-01,ZIP-028,94.0,246,20.9,0.87,42.9,5.51,125.0,nominal,operational
2025-02-01,ZIP-029,94.4,249,26.8,1.18,45.7,5.57,127.0,nominal,operational
2025-02-01,ZIP-030,95.3,162,18.3,1.3,45.3,5.81,96.0,nominal,operational
2025-02-02,ZIP-001,94.8,167,15.4,1.24,44.9,6.0,156.0,nominal,operational
2025-02-02,ZIP-002,94.7,170,12.9,1.01,43.3,5.68,118.0,nominal,operational
2025-02-02,ZIP-003,95.1,173,25.8,0.82,40.5,5.8,151.0,nominal,operational
2025-02-02,ZIP-004,94.9,176,10.9,0.95,44.4,5.97,129.0,nominal,operational
2025-02-02,ZIP-005,94.9,179,28.3,0.93,44.5,5.76,116.0,nominal,grounded
2025-02-02,ZIP-006,94.9,182,18.3,0.99,44.2,5.98,134.0,nominal,operational
2025-02-02,ZIP-007,95.0,185,23.3,1.08,44.0,5.92,132.0,nominal,operational
2025-02-02,ZIP-008,95.1,188,20.7,1.23,45.3,6.01,118.0,nominal,operational
2025-02-02,ZIP-009,94.9,191,17.7,0.66,44.5,5.73,149.0,nominal,operational
2025-02-02,ZIP-010,94.9,194,19.5,0.96,43.3,5.89,153.0,nominal,operational
2025-02-02,ZIP-011,94.9,197,23.4,0.85,42.0,5.75,124.0,nominal,operational
2025-02-02,ZIP-012,95.0,200,8,0.96,43.8,5.72,129.0,nominal,operational
2025-02-02,ZIP-013,95.3,203,17.0,0.83,44.3,5.89,116.0,nominal,operational
2025-02-02,ZIP-014,94.4,206,14.6,0.84,43.8,6.01,95.0,nominal,operational
2025-02-02,ZIP-015,94.9,209,14.5,0.95,43.6,5.71,131.0,nominal,operational
2025-02-02,ZIP-016,94.9,212,14.3,0.85,43.4,6.0,112.0,nominal,operational
2025-02-02,ZIP-017,94.7,215,22.3,1.03,43.2,5.73,100.0,nominal,operational
2025-02-02,ZIP-018,94.7,218,18.7,0.74,42.9,5.55,85.0,nominal,operational
2025-02-02,ZIP-019,94.9,221,20.6,1.39,44.5,5.89,135.0,nominal,operational
2025-02-02,ZIP-020,95.4,224,17.5,1.19,42.5,5.87,106.0,nominal,operational
2025-02-02,ZIP-021,93.6,227,15.2,1.09,44.0,5.82,117.0,nominal,operational
2025-02-02,ZIP-022,94.7,230,22.3,1.16,45.5,5.68,107.0,nominal,operational
2025-02-02,ZIP-023,94.7,233,32.3,0.79,42.5,5.34,121.0,nominal,operational
2025-02-02,ZIP-024,94.8,236,8.8,1.37,45.3,5.97,138.0,nominal,operational
2025-02-02,ZIP-025,95.0,239,12.1,0.79,44.1,5.59,126.0,nominal,operational
2025-02-02,ZIP-026,94.3,242,24.3,1.21,46.1,6.05,109.0,nominal,operational
2025-02-02,ZIP-027,95.3,245,21.3,0.83,41.8,5.81,105.0,nominal,operational
2025-02-02,ZIP-028,95.1,248,15.2,1.16,45.7,5.82,129.0,nominal,operational
2025-02-02,ZIP-029,94.9,251,18.9,1.17,44.0,5.53,133.0,nominal,operational
2025-02-02,ZIP-030,95.0,164,20.9,0.83,43.3,5.76,145.0,nominal,operational
2025-02-03,ZIP-001,95.4,169,16.7,0.98,44.9,5.67,125.0,nominal,operational
2025-02-03,ZIP-002,95.1,172,23.9,0.81,43.0,5.62,105.0,nominal,operational
2025-02-03,ZIP-003,94.8,175,22.2,1.17,44.9,5.92,118.0,nominal,operational
2025-02-03,ZIP-004,94.6,178,28.6,1.0,43.2,5.68,138.0,nominal,operational
2025-02-03,ZIP-005,94.8,181,18.9,1.41,44.2,6.09,107.0,nominal,grounded
2025-02-03,ZIP-006,94.2,184,21.9,0.81,44.8,5.48,86.0,nominal,operational
2025-02-03,ZIP-007,94.0,187,16.7,0.96,42.8,5.89,79.0,nominal,operational
2025-02-03,ZIP-008,94.8,190,20.0,0.95,43.4,5.79,133.0,nominal,operational
2025-02-03,ZIP-009,94.2,193,19.6,1.17,42.9,5.79,97.0,nominal,operational
2025-02-03,ZIP-010,95.0,196,15.1,1.05,43.0,5.7,138.0,nominal,operational
2025-02-03,ZIP-011,95.2,199,17.4,0.99,42.8,5.9,151.0,nominal,operational
2025-02-03,ZIP-012,95.2,202,8,1.18,43.9,5.97,118.0,nominal,operational
2025-02-03,ZIP-013,94.6,205,20.9,1.05,44.1,5.92,95.0,nominal,operational
2025-02-03,ZIP-014,94.4,208,20.9,0.96,44.6,5.88,111.0,nominal,operational
2025-02-03,ZIP-015,95.0,211,16.8,0.92,44.5,5.91,93.0,nominal,operational
2025-02-03,ZIP-016,94.3,214,22.0,0.88,43.2,5.41,99.0,nominal,operational
2025-02-03,ZIP-017,95.2,217,19.3,1.05,43.5,5.95,129.0,nominal,operational
2025-02-03,ZIP-018,95.1,220,17.2,0.77,44.4,5.97,105.0,nominal,operational
2025-02-03,ZIP-019,95.1,223,22.5,1.02,42.9,5.26,131.0,nominal,operational
2025-02-03,ZIP-020,94.9,226,26.7,1.25,45.4,5.97,107.0,nominal,operational
2025-02-03,ZIP-021,94.2,229,15.6,1.06,43.9,5.8,112.0,nominal,operational
2025-02-03,ZIP-022,94.2,232,16.5,1.13,44.6,5.73,151.0,nominal,operational
2025-02-03,ZIP-023,94.7,235,21.1,1.26,47.0,5.54,103.0,nominal,operational
2025-02-03,ZIP-024,95.1,238,19.6,0.97,44.3,5.55,121.0,nominal,operational
2025-02-03,ZIP-025,94.8,241,18.6,0.98,42.9,5.51,134.0,nominal,operational
2025-02-03,ZIP-026,94.5,244,11.6,0.9,44.4,5.92,109.0,nominal,operational
2025-02-03,ZIP-027,95.1,247,18.4,0.97,44.4,6.01,152.0,nominal,operational
2025-02-03,ZIP-028,94.7,250,23.3,1.14,44.6,5.76,99.0,nominal,operational
2025-02-03,ZIP-029,94.5,253,13.5,0.94,43.4,5.9,109.0,nominal,operational
2025-02-03,ZIP-030,95.0,166,21.9,0.79,43.9,6.11,106.0,nominal,operational
2025-02-04,ZIP-001,94.8,170,23.3,0.91,44.7,5.95,138.0,nominal,operational
2025-02-04,ZIP-002,94.3,173,18.5,1.12,43.4,6.0,103.0,nominal,operational
2025-02-04,ZIP-003,95.0,176,25.3,1.23,44.3,5.65,98.0,nominal,operational
2025-02-04,ZIP-004,94.6,179,12.3,1.12,46.0,5.73,119.0,nominal,operational
2025-02-04,ZIP-005,94.6,182,24.5,1.14,43.6,5.81,97.0,nominal,grounded
2025-02-04,ZIP-006,95.0,185,20.2,0.87,44.3,5.79,119.0,nominal,operational
2025-02-04,ZIP-007,94.7,188,24.2,1.05,44.2,5.81,100.0,nominal,operational
2025-02-04,ZIP-008,94.8,191,11.9,1.02,44.7,5.77,121.0,nominal,operational
2025-02-04,ZIP-009,94.6,194,13.4,0.71,41.4,6.21,114.0,nominal,operational
2025-02-04,ZIP-010,94.8,197,20.3,1.06,44.7,5.59,116.0,nominal,operational
2025-02-04,ZIP-011,94.6,200,11.6,1.13,46.1,5.66,120.0,nominal,operational
2025-02-04,ZIP-012,95.0,203,29.9,1.17,44.1,6.09,118.0,nominal,operational
2025-02-04,ZIP-013,94.9,206,13.1,1.18,44.3,5.4,83.0,nominal,operational
2025-02-04,ZIP-014,94.5,209,15.2,0.78,42.9,5.85,141.0,nominal,operational
2025-02-04,ZIP-015,94.4,212,19.3,0.83,44.9,5.66,96.0,nominal,operational
2025-02-04,ZIP-016,94.9,215,12.8,1.26,45.4,5.84,130.0,nominal,operational
2025-02-04,ZIP-017,95.5,218,24.3,1.08,45.6,5.71,155.0,nominal,operational
2025-02-04,ZIP-018,94.0,221,17.7,0.95,44.7,6.09,111.0,nominal,operational
2025-02-04,ZIP-019,94.8,224,22.3,1.36,43.8,5.58,127.0,nominal,operational
2025-02-04,ZIP-020,94.4,227,23.4,1.08,44.8,5.72,95.0,nominal,operational
2025-02-04,ZIP-021,94.1,230,12.6,0.78,42.6,5.93,136.0,nominal,operational
2025-02-04,ZIP-022,94.8,233,25.1,1.17,44.8,5.94,121.0,nominal,operational
2025-02-04,ZIP-023,95.2,236,19.7,0.93,44.8,5.92,124.0,nominal,operational
2025-02-04,ZIP-024,95.4,239,16.2,1.07,43.9,5.63,136.0,nominal,operational
2025-02-04,ZIP-025,95.1,242,28.8,0.9,43.3,5.69,116.0,nominal,operational
2025-02-04,ZIP-026,95.0,245,26.0,0.93,43.5,5.88,147.0,nominal,operational
2025-02-04,ZIP-027,94.8,248,23.1,1.02,44.8,5.86,119.0,nominal,operational
2025-02-04,ZIP-028,94.3,251,22.8,0.8,41.5,5.91,134.0,nominal,operational
2025-02-04,ZIP-029,95.1,254,11.9,1.11,43.5,5.85,121.0,nominal,operational
2025-02-04,ZIP-030,95.0,167,20.2,1.17,45.9,6.06,127.0,nominal,operational
2025-02-05,ZIP-001,95.1,172,19.9,1.25,44.3,5.88,109.0,nominal,operational
2025-02-05,ZIP-002,94.3,175,20.7,0.89,44.6,5.79,131.0,nominal,operational
2025-02-05,ZIP-003,95.6,178,13.9,0.84,42.9,6.04,108.0,nominal,operational
2025-02-05,ZIP-004,95.0,181,20.0,0.91,45.0,5.99,121.0,nominal,operational
2025-02-05,ZIP-005,94.3,184,12.7,0.97,41.4,5.89,108.0,nominal,grounded
2025-02-05,ZIP-006,94.3,187,20.1,1.35,45.7,5.96,92.0,nominal,operational
2025-02-05,ZIP-007,95.1,190,21.4,0.92,44.8,5.91,142.0,nominal,operational
2025-02-05,ZIP-008,95.0,193,21.1,1.13,44.4,5.65,101.0,nominal,operational
2025-02-05,ZIP-009,95.0,196,19.9,1.04,42.8,5.72,112.0,nominal,operational
2025-02-05,ZIP-010,95.4,199,15.9,0.81,44.3,6.12,110.0,nominal,operational
2025-02-05,ZIP-011,94.1,202,20.5,1.17,43.0,5.68,136.0,nominal,operational
2025-02-05,ZIP-012,94.1,205,17.2,1.16,44.6,5.6,99.0,nominal,operational
2025-02-05,ZIP-013,94.6,208,21.6,1.11,44.6,5.67,158.0,nominal,operational
2025-02-05,ZIP-014,94.1,211,16.9,1.32,43.6,5.85,106.0,nominal,operational
2025-02-05,ZIP-015,95.0,214,12.6,0.9,43.7,6.05,110.0,nominal,operational
2025-02-05,ZIP-016,94.4,217,19.9,1.2,43.6,5.77,86.0,nominal,operational
2025-02-05,ZIP-017,95.1,220,11.1,1.19,44.5,5.88,137.0,nominal,operational
2025-02-05,ZIP-018,94.5,223,16.7,1.36,44.4,5.64,122.0,nominal,operational
2025-02-05,ZIP-019,94.9,226,24.8,1.09,43.9,6.27,118.0,nominal,operational
2025-02-05,ZIP-020,95.0,229,18.4,1.08,44.5,5.74,137.0,nominal,operational
2025-02-05,ZIP-021,94.4,232,18.6,1.08,43.7,5.51,129.0,nominal,operational
2025-02-05,ZIP-022,95.3,235,15.7,0.9,44.5,5.89,106.0,nominal,operational
2025-02-05,ZIP-023,95.0,238,16.8,1.31,43.7,5.8,129.0,nominal,operational
2025-02-05,ZIP-024,94.3,241,13.5,1.29,42.3,5.58,119.0,nominal,operational
2025-02-05,ZIP-025,94.6,244,22.3,0.92,44.8,6.33,153.0,nominal,operational
2025-02-05,ZIP-026,95.4,247,17.9,0.98,44.4,5.9,123.0,nominal,operational
2025-02-05,ZIP-027,94.5,250,16.0,1.19,43.7,5.65,99.0,nominal,operational
2025-02-05,ZIP-028,94.2,253,22.4,1.1,45.3,5.6,84.0,nominal,operational
2025-02-05,ZIP-029,94.7,256,16.4,1.29,45.2,5.63,142.0,nominal,operational
2025-02-05,ZIP-030,94.9,169,15.6,1.09,43.5,5.73,147.0,nominal,operational
2025-02-06,ZIP-001,94.3,174,13.4,1.22,44.8,6.14,82.0,nominal,operational
2025-02-06,ZIP-002,94.4,177,21.8,1.14,44.9,5.65,131.0,nominal,operational
2025-02-06,ZIP-003,95.4,180,23.6,1.12,45.3,6.0,111.0,nominal,operational
2025-02-06,ZIP-004,94.5,183,20.2,1.21,45.8,6.31,102.0,nominal,operational
2025-02-06,ZIP-005,94.5,186,20.6,0.87,43.4,5.83,130.0,nominal,grounded
2025-02-06,ZIP-006,94.7,189,18.6,1.07,44.2,6.03,118.0,nominal,operational
2025-02-06,ZIP-007,95.3,192,25.6,1.18,41.7,5.86,135.0,nominal,operational
2025-02-06,ZIP-008,94.3,195,21.0,1.14,46.0,5.94,97.0,nominal,operational
2025-02-06,ZIP-009,94.1,198,25.3,1.23,43.5,5.86,120.0,nominal,operational
2025-02-06,ZIP-010,95.2,201,24.0,1.03,44.3,5.57,112.0,nominal,operational
2025-02-06,ZIP-011,94.8,204,24.6,1.05,44.7,5.84,120.0,nominal,operational
2025-02-06,ZIP-012,94.6,207,19.3,1.22,44.9,5.47,135.0,nominal,operational
2025-02-06,ZIP-013,96.0,210,18.3,1.13,43.1,5.89,113.0,nominal,operational
2025-02-06,ZIP-014,95.6,213,17.6,1.17,46.8,5.44,94.0,nominal,operational
2025-02-06,ZIP-015,95.2,216,30.7,1.08,43.4,5.9,131.0,nominal,operational
2025-02-06,ZIP-016,94.5,219,9.9,1.33,45.6,5.95,125.0,nominal,operational
2025-02-06,ZIP-017,94.7,222,19.4,1.13,43.7,5.85,131.0,nominal,operational
2025-02-06,ZIP-018,93.8,225,12.8,1.34,46.1,5.84,103.0,nominal,operational
2025-02-06,ZIP-019,95.6,228,18.1,0.99,41.1,5.58,122.0,nominal,operational
2025-02-06,ZIP-020,94.4,231,16.5,0.97,42.1,5.82,147.0,nominal,operational
2025-02-06,ZIP-021,94.4,234,22.3,0.88,43.4,5.83,122.0,nominal,operational
2025-02-06,ZIP-022,95.3,237,27.2,1.61,46.5,6.05,135.0,nominal,operational
2025-02-06,ZIP-023,94.4,240,24.2,1.14,46.2,5.64,107.0,nominal,operational
2025-02-06,ZIP-024,95.0,243,27.1,1.31,45.0,5.41,126.0,nominal,operational
2025-02-06,ZIP-025,94.4,246,18.1,0.94,43.6,5.6,116.0,nominal,operational
2025-02-06,ZIP-026,95.3,249,27.6,1.09,43.7,5.93,120.0,nominal,operational
2025-02-06,ZIP-027,94.1,252,17.0,1.05,44.2,5.69,108.0,nominal,operational
2025-02-06,ZIP-028,94.4,255,10.7,0.87,42.7,6.02,120.0,nominal,operational
2025-02-06,ZIP-029,94.6,258,27.2,0.97,44.8,6.26,107.0,nominal,operational
2025-02-06,ZIP-030,95.2,171,22.2,0.99,45.1,5.6,128.0,nominal,operational
2025-02-07,ZIP-001,95.0,175,20.2,0.94,45.6,5.8,168.0,nominal,operational
2025-02-07,ZIP-002,94.2,178,23.9,1.17,44.3,5.75,107.0,nominal,operational
2025-02-07,ZIP-003,94.9,181,17.0,1.19,44.2,5.89,116.0,nominal,operational
2025-02-07,ZIP-004,95.1,184,13.7,1.01,43.7,5.68,118.0,nominal,operational
2025-02-07,ZIP-005,98.7,187,19.6,0.81,43.1,5.77,120.0,nominal,operational
2025-02-07,ZIP-006,94.6,190,30.5,1.11,45.1,5.99,112.0,nominal,operational
2025-02-07,ZIP-007,94.8,193,20.2,0.94,43.6,5.78,134.0,nominal,operational
2025-02-07,ZIP-008,94.1,196,22.5,1.13,42.2,5.69,148.0,nominal,operational
2025-02-07,ZIP-009,94.3,199,23.7,0.99,42.4,6.07,135.0,nominal,operational
2025-02-07,ZIP-010,94.8,202,19.4,1.19,44.8,5.54,115.0,nominal,operational
2025-02-07,ZIP-011,94.8,205,24.9,0.91,42.7,5.93,131.0,nominal,operational
2025-02-07,ZIP-012,94.5,208,10.1,0.97,43.3,5.53,77.0,nominal,operational
2025-02-07,ZIP-013,94.7,211,28.5,1.01,45.4,5.55,147.0,nominal,operational
2025-02-07,ZIP-014,94.6,214,11.3,0.78,42.3,5.51,109.0,nominal,operational
2025-02-07,ZIP-015,94.8,217,22.0,1.25,44.4,5.99,140.0,nominal,operational
2025-02-07,ZIP-016,95.4,220,12.2,1.09,45.0,5.5,133.0,nominal,operational
2025-02-07,ZIP-017,94.5,223,19.0,1.22,45.1,5.51,132.0,nominal,operational
2025-02-07,ZIP-018,94.3,226,19.3,1.33,44.0,5.92,113.0,nominal,operational
2025-02-07,ZIP-019,94.8,229,14.5,1.0,44.3,5.68,151.0,nominal,operational
2025-02-07,ZIP-020,94.7,232,22.5,0.99,45.0,5.97,107.0,nominal,operational
2025-02-07,ZIP-021,95.4,235,19.9,1.02,45.1,5.86,100.0,nominal,operational
2025-02-07,ZIP-022,95.0,238,23.0,1.03,43.2,5.82,136.0,nominal,operational
2025-02-07,ZIP-023,94.5,241,26.9,0.95,44.8,5.71,127.0,nominal,operational
2025-02-07,ZIP-024,94.9,244,23.0,0.99,44.4,5.49,111.0,nominal,operational
2025-02-07,ZIP-025,95.2,247,15.1,1.05,43.4,5.68,106.0,nominal,operational
2025-02-07,ZIP-026,94.4,250,28.7,0.98,43.5,5.99,127.0,nominal,operational
2025-02-07,ZIP-027,94.8,253,18.1,0.97,43.7,5.75,118.0,nominal,operational
2025-02-07,ZIP-028,95.5,256,21.4,0.9,43.9,5.65,121.0,nominal,operational
2025-02-07,ZIP-029,95.2,259,20.8,0.94,43.9,6.08,96.0,nominal,operational
2025-02-07,ZIP-030,94.3,172,26.3,1.1,42.6,5.82,100.0,nominal,operational
2025-02-08,ZIP-001,94.4,177,25.2,1.23,43.8,5.52,98.0,nominal,operational
2025-02-08,ZIP-002,94.5,180,21.5,0.99,45.2,5.99,112.0,nominal,operational
2025-02-08,ZIP-003,94.3,183,28.3,1.13,44.5,6.07,112.0,nominal,operational
2025-02-08,ZIP-004,95.0,186,11.7,1.05,45.0,5.94,125.0,nominal,operational
2025-02-08,ZIP-005,99.1,189,17.4,1.01,45.1,5.84,104.0,nominal,operational
2025-02-08,ZIP-006,95.1,192,30.3,0.99,44.2,6.01,109.0,degraded,operational
2025-02-08,ZIP-007,93.9,195,15.8,1.25,45.7,5.45,131.0,nominal,operational
2025-02-08,ZIP-008,94.6,198,17.7,0.76,40.9,6.14,111.0,nominal,operational
2025-02-08,ZIP-009,95.2,201,29.8,1.19,44.5,6.1,106.0,nominal,operational
2025-02-08,ZIP-010,94.3,204,19.3,0.77,43.6,6.49,119.0,nominal,operational
2025-02-08,ZIP-011,94.2,207,12.3,0.78,42.8,5.67,110.0,nominal,operational
2025-02-08,ZIP-012,95.0,210,13.7,1.12,45.7,5.93,89.0,nominal,operational
2025-02-08,ZIP-013,94.9,213,19.2,1.22,42.0,5.35,109.0,nominal,operational
2025-02-08,ZIP-014,94.9,216,14.6,0.92,44.7,5.67,138.0,nominal,operational
2025-02-08,ZIP-015,95.1,219,13.8,1.05,44.2,5.89,145.0,nominal,operational
2025-02-08,ZIP-016,94.8,222,24.4,0.9,44.1,6.1,94.0,nominal,operational
2025-02-08,ZIP-017,94.6,225,19.1,1.07,45.9,5.67,152.0,nominal,operational
2025-02-08,ZIP-018,94.6,228,23.6,0.87,43.1,5.98,135.0,nominal,operational
2025-02-08,ZIP-019,94.4,231,24.6,1.06,44.0,5.46,138.0,nominal,operational
2025-02-08,ZIP-020,94.7,234,12.3,0.85,44.7,6.09,137.0,nominal,operational
2025-02-08,ZIP-021,95.3,237,20.8,0.97,43.9,6.15,114.0,nominal,operational
2025-02-08,ZIP-022,95.2,240,20.2,1.26,44.4,5.76,139.0,nominal,operational
2025-02-08,ZIP-023,95.6,243,19.0,0.86,43.9,6.03,142.0,nominal,operational
2025-02-08,ZIP-024,94.9,246,12.1,1.13,44.0,5.56,113.0,nominal,operational
2025-02-08,ZIP-025,95.2,249,25.0,1.09,44.6,5.89,114.0,nominal,operational
2025-02-08,ZIP-026,95.0,252,16.1,1.01,43.6,5.36,121.0,nominal,operational
2025-02-08,ZIP-027,94.4,255,21.6,1.02,45.2,6.06,115.0,nominal,operational
2025-02-08,ZIP-028,94.7,258,17.5,1.04,43.4,5.57,145.0,nominal,operational
2025-02-08,ZIP-029,94.1,261,12.8,1.21,45.5,5.33,110.0,nominal,operational
2025-02-08,ZIP-030,94.2,174,13.6,1.01,45.7,5.97,126.0,nominal,operational
2025-02-09,ZIP-001,94.7,179,20.2,1.1,45.4,5.93,119.0,nominal,operational
2025-02-09,ZIP-002,94.9,182,20.0,1.1,44.7,5.88,138.0,nominal,operational
2025-02-09,ZIP-003,94.4,185,22.9,0.91,45.2,5.77,128.0,nominal,operational
2025-02-09,ZIP-004,94.9,188,21.9,1.09,43.0,5.75,118.0,nominal,operational
2025-02-09,ZIP-005,98.9,191,16.9,1.05,43.5,5.83,109.0,nominal,operational
2025-02-09,ZIP-006,94.5,194,17.4,1.03,44.5,5.7,147.0,degraded,operational
2025-02-09,ZIP-007,94.2,197,12.2,1.06,43.9,5.37,124.0,nominal,operational
2025-02-09,ZIP-008,94.7,200,13.9,0.91,43.3,5.58,107.0,nominal,operational
2025-02-09,ZIP-009,94.5,203,8.9,1.05,43.7,5.87,98.0,nominal,operational
2025-02-09,ZIP-010,94.4,206,16.7,1.21,44.3,5.86,143.0,nominal,operational
2025-02-09,ZIP-011,94.4,209,20.0,0.94,45.3,6.06,107.0,nominal,operational
2025-02-09,ZIP-012,94.4,212,22.3,1.03,44.2,5.81,115.0,nominal,operational
2025-02-09,ZIP-013,94.6,215,25.0,1.24,46.0,5.84,114.0,nominal,operational
2025-02-09,ZIP-014,94.8,218,22.6,1.43,46.5,6.41,127.0,nominal,operational
2025-02-09,ZIP-015,94.4,221,22.7,1.01,44.1,5.22,130.0,nominal,operational
2025-02-09,ZIP-016,95.0,224,20.7,1.03,42.3,5.59,101.0,nominal,operational
2025-02-09,ZIP-017,94.4,227,20.7,0.94,43.8,5.86,97.0,nominal,operational
2025-02-09,ZIP-018,94.9,230,29.2,1.38,45.1,6.15,139.0,nominal,operational
2025-02-09,ZIP-019,94.1,233,25.0,1.05,44.4,5.98,118.0,nominal,operational
2025-02-09,ZIP-020,94.2,236,30.7,1.11,44.8,5.7,145.0,nominal,operational
2025-02-09,ZIP-021,93.9,239,23.0,1.21,44.7,5.7,137.0,nominal,operational
2025-02-09,ZIP-022,95.2,242,10.4,1.16,43.7,5.51,112.0,nominal,operational
2025-02-09,ZIP-023,94.7,245,24.5,1.15,44.8,5.74,163.0,nominal,operational
2025-02-09,ZIP-024,94.8,248,28.2,1.06,43.2,5.91,115.0,nominal,operational
2025-02-09,ZIP-025,94.9,251,22.3,0.67,41.7,5.48,107.0,nominal,operational
2025-02-09,ZIP-026,94.8,254,26.0,1.07,43.8,5.99,125.0,nominal,operational
2025-02-09,ZIP-027,94.6,257,21.8,1.13,44.9,5.81,111.0,nominal,operational
2025-02-09,ZIP-028,94.0,260,20.6,1.33,45.0,5.93,140.0,nominal,operational
2025-02-09,ZIP-029,94.7,263,31.9,1.0,44.0,5.46,136.0,nominal,operational
2025-02-09,ZIP-030,94.8,176,8,1.26,44.7,5.65,100.0,nominal,operational
2025-02-10,ZIP-001,94.7,181,15.0,1.09,44.9,5.54,113.0,nominal,operational
2025-02-10,ZIP-002,94.7,184,25.1,1.0,44.0,5.9,151.0,nominal,operational
2025-02-10,ZIP-003,95.3,187,10.2,0.85,44.4,5.67,88.0,nominal,operational
2025-02-10,ZIP-004,94.6,190,27.1,0.98,44.5,5.91,129.0,nominal,operational
2025-02-10,ZIP-005,99.0,193,19.7,1.03,45.7,5.83,93.0,nominal,operational
2025-02-10,ZIP-006,94.9,196,13.2,1.4,45.7,5.91,125.0,degraded,operational
2025-02-10,ZIP-007,95.2,199,23.3,0.95,43.5,5.61,94.0,nominal,operational
2025-02-10,ZIP-008,95.2,202,22.6,1.08,43.4,5.55,120.0,nominal,operational
2025-02-10,ZIP-009,94.6,205,25.6,1.07,45.1,6.18,96.0,nominal,operational
2025-02-10,ZIP-010,94.9,208,23.5,1.09,42.7,5.79,126.0,nominal,operational
2025-02-10,ZIP-011,95.1,211,23.3,1.39,44.4,5.58,106.0,nominal,operational
2025-02-10,ZIP-012,94.4,214,22.3,0.96,46.1,6.04,135.0,nominal,operational
2025-02-10,ZIP-013,94.7,217,17.9,1.21,45.1,6.19,109.0,nominal,operational
2025-02-10,ZIP-014,94.6,220,13.4,0.96,44.0,5.85,116.0,nominal,operational
2025-02-10,ZIP-015,94.0,223,13.6,0.9,46.0,6.04,96.0,nominal,operational
2025-02-10,ZIP-016,94.3,226,22.6,1.27,44.3,5.98,129.0,nominal,operational
2025-02-10,ZIP-017,93.8,229,22.8,1.18,43.9,6.11,125.0,nominal,operational
2025-02-10,ZIP-018,94.7,232,11.5,1.23,45.9,5.72,104.0,nominal,operational
2025-02-10,ZIP-019,94.6,235,13.5,1.02,42.9,5.82,91.0,nominal,operational
2025-02-10,ZIP-020,94.7,238,21.0,1.08,42.2,6.05,144.0,nominal,operational
2025-02-10,ZIP-021,94.5,241,19.5,1.03,46.1,6.0,122.0,nominal,operational
2025-02-10,ZIP-022,95.1,244,12.7,0.79,42.8,5.58,146.0,nominal,operational
2025-02-10,ZIP-023,94.8,247,29.3,0.67,43.9,5.77,138.0,nominal,operational
2025-02-10,ZIP-024,94.8,250,21.8,1.04,44.2,5.83,122.0,nominal,operational
2025-02-10,ZIP-025,94.6,253,22.4,1.03,44.2,6.04,86.0,nominal,operational
2025-02-10,ZIP-026,94.9,256,23.3,1.03,44.7,5.75,132.0,nominal,operational
2025-02-10,ZIP-027,94.1,259,15.5,1.16,44.8,5.9,118.0,nominal,operational
2025-02-10,ZIP-028,95.4,262,21.7,1.0,44.6,5.27,94.0,nominal,operational
2025-02-10,ZIP-029,94.9,265,14.9,0.85,41.3,5.47,136.0,nominal,operational
2025-02-10,ZIP-030,95.0,178,12.5,1.23,43.4,5.98,154.0,nominal,operational
2025-02-11,ZIP-001,94.7,182,15.4,0.97,45.0,5.73,167.0,nominal,operational
2025-02-11,ZIP-002,94.1,185,10.6,0.96,43.9,5.62,140.0,nominal,operational
2025-02-11,ZIP-003,93.8,188,20.6,1.03,43.5,5.55,105.0,nominal,operational
2025-02-11,ZIP-004,94.4,191,23.7,1.02,45.0,6.08,138.0,nominal,operational
2025-02-11,ZIP-005,98.7,194,17.2,1.35,45.2,5.42,111.0,nominal,operational
2025-02-11,ZIP-006,94.3,197,22.2,1.11,44.3,5.69,107.0,degraded,operational
2025-02-11,ZIP-007,93.7,200,14.9,0.9,44.4,6.0,118.0,nominal,operational
2025-02-11,ZIP-008,95.0,203,20.6,1.1,45.3,5.55,126.0,nominal,operational
2025-02-11,ZIP-009,94.4,206,11.4,1.02,44.3,5.93,119.0,nominal,operational
2025-02-11,ZIP-010,94.3,209,11.7,0.64,41.3,6.25,115.0,nominal,operational
2025-02-11,ZIP-011,94.6,212,16.2,0.8,43.8,5.68,103.0,nominal,operational
2025-02-11,ZIP-012,95.0,215,25.2,0.86,43.2,5.63,105.0,nominal,operational
2025-02-11,ZIP-013,94.5,218,18.6,0.96,44.7,6.22,131.0,nominal,operational
2025-02-11,ZIP-014,95.6,221,17.0,1.01,45.1,5.79,139.0,nominal,operational
2025-02-11,ZIP-015,94.6,224,21.4,0.88,41.9,5.84,96.0,nominal,operational
2025-02-11,ZIP-016,94.4,227,25.4,0.96,43.3,5.58,145.0,nominal,operational
2025-02-11,ZIP-017,94.9,230,26.4,1.02,44.2,5.75,89.0,nominal,operational
2025-02-11,ZIP-018,94.6,233,19.5,0.94,43.2,5.69,132.0,nominal,operational
2025-02-11,ZIP-019,94.5,236,16.3,0.94,45.5,5.67,129.0,nominal,operational
2025-02-11,ZIP-020,94.9,239,22.8,1.23,43.8,5.48,83.0,nominal,operational
2025-02-11,ZIP-021,94.3,242,19.3,0.88,44.5,5.89,89.0,nominal,operational
2025-02-11,ZIP-022,94.9,245,22.1,1.11,44.3,5.77,141.0,nominal,operational
2025-02-11,ZIP-023,94.5,248,20.7,0.99,45.5,5.75,91.0,nominal,operational
2025-02-11,ZIP-024,94.1,251,27.6,1.3,46.7,5.91,123.0,nominal,operational
2025-02-11,ZIP-025,94.4,254,24.7,1.16,43.6,5.84,132.0,nominal,operational
2025-02-11,ZIP-026,94.7,257,9.1,0.92,43.4,5.55,124.0,nominal,operational
2025-02-11,ZIP-027,94.4,260,26.5,0.74,44.1,6.06,98.0,nominal,operational
2025-02-11,ZIP-028,95.0,263,12.7,1.46,44.4,5.62,155.0,nominal,operational
2025-02-11,ZIP-029,94.0,266,22.3,1.22,45.7,5.35,110.0,nominal,operational
2025-02-11,ZIP-030,94.9,179,8,1.07,44.7,5.64,107.0,nominal,operational
2025-02-12,ZIP-001,95.1,184,17.7,1.09,44.2,6.47,113.0,nominal,operational
2025-02-12,ZIP-002,94.6,187,20.6,1.24,43.8,5.84,118.0,nominal,operational
2025-02-12,ZIP-003,94.8,190,26.6,0.91,43.3,5.62,135.0,nominal,operational
2025-02-12,ZIP-004,94.4,193,25.2,0.9,43.3,5.39,154.0,nominal,operational
2025-02-12,ZIP-005,98.8,196,17.4,1.11,45.9,5.4,112.0,nominal,operational
2025-02-12,ZIP-006,94.6,199,22.1,1.23,44.3,5.7,88.0,nominal,operational
2025-02-12,ZIP-007,94.1,202,19.7,0.9,42.0,5.79,141.0,nominal,operational
2025-02-12,ZIP-008,95.0,205,19.8,1.01,41.5,5.61,152.0,nominal,operational
2025-02-12,ZIP-009,94.6,208,22.5,1.14,44.8,5.64,122.0,nominal,operational
2025-02-12,ZIP-010,94.6,211,16.9,0.99,44.8,5.94,90.0,nominal,operational
2025-02-12,ZIP-011,94.9,214,25.0,1.24,43.8,5.84,140.0,nominal,operational
2025-02-12,ZIP-012,95.1,217,16.6,1.19,45.2,6.31,121.0,nominal,operational
2025-02-12,ZIP-013,94.8,220,16.2,1.27,45.6,5.91,131.0,nominal,operational
2025-02-12,ZIP-014,94.5,223,17.6,1.1,43.7,5.61,127.0,nominal,operational
2025-02-12,ZIP-015,94.4,226,20.4,1.24,44.7,6.15,134.0,nominal,operational
2025-02-12,ZIP-016,95.3,229,15.2,0.82,43.5,5.94,115.0,nominal,operational
2025-02-12,ZIP-017,94.1,232,18.8,0.94,46.3,5.85,130.0,nominal,operational
2025-02-12,ZIP-018,94.6,235,9.1,1.35,45.2,5.95,119.0,nominal,operational
2025-02-12,ZIP-019,94.3,238,20.1,1.31,45.8,5.62,133.0,nominal,operational
2025-02-12,ZIP-020,95.0,241,22.1,1.08,43.6,5.76,122.0,nominal,operational
2025-02-12,ZIP-021,94.7,244,21.2,0.96,45.4,5.86,93.0,nominal,operational
2025-02-12,ZIP-022,94.0,247,24.2,1.03,44.4,5.77,113.0,nominal,operational
2025-02-12,ZIP-023,94.2,250,22.3,1.2,46.2,5.79,117.0,nominal,operational
2025-02-12,ZIP-024,94.5,253,16.3,1.36,47.5,6.09,124.0,nominal,operational
2025-02-12,ZIP-025,94.2,256,9.7,0.9,43.4,5.95,114.0,nominal,operational
2025-02-12,ZIP-026,94.9,259,24.2,0.98,42.9,6.04,95.0,nominal,operational
2025-02-12,ZIP-027,94.5,262,19.9,1.01,43.7,5.59,134.0,nominal,operational
2025-02-12,ZIP-028,94.7,265,13.7,1.15,43.6,5.93,125.0,nominal,operational
2025-02-12,ZIP-029,95.3,268,13.8,1.12,43.6,5.98,114.0,nominal,operational
2025-02-12,ZIP-030,94.9,181,22.4,1.01,43.5,5.87,129.0,nominal,operational
2025-02-13,ZIP-001,94.6,186,13.2,0.99,44.2,5.74,112.0,nominal,operational
2025-02-13,ZIP-002,94.4,189,17.8,0.92,44.0,5.84,106.0,nominal,operational
2025-02-13,ZIP-003,94.9,192,17.0,1.27,45.9,5.9,122.0,nominal,monitoring
2025-02-13,ZIP-004,94.2,195,28.3,1.19,45.1,5.7,117.0,nominal,operational
2025-02-13,ZIP-005,99.2,198,16.1,0.88,45.2,5.34,99.0,nominal,operational
2025-02-13,ZIP-006,94.8,201,17.9,1.11,46.7,5.61,146.0,nominal,operational
2025-02-13,ZIP-007,94.1,204,18.3,0.81,42.5,5.63,129.0,nominal,operational
2025-02-13,ZIP-008,94.4,207,20.4,0.93,43.1,5.69,105.0,nominal,operational
2025-02-13,ZIP-009,93.8,210,22.5,1.0,43.7,5.8,113.0,nominal,operational
2025-02-13,ZIP-010,94.0,213,15.5,1.18,45.0,5.78,138.0,nominal,operational
2025-02-13,ZIP-011,94.3,216,21.5,1.27,46.9,5.69,129.0,nominal,operational
2025-02-13,ZIP-012,94.4,219,22.7,0.92,43.7,5.51,138.0,nominal,operational
2025-02-13,ZIP-013,94.7,222,28.4,0.91,43.0,6.13,99.0,nominal,operational
2025-02-13,ZIP-014,95.1,225,16.3,0.89,45.7,5.63,138.0,nominal,operational
2025-02-13,ZIP-015,95.0,228,20.8,1.15,44.4,5.78,127.0,nominal,operational
2025-02-13,ZIP-016,95.0,231,14.7,1.28,47.6,6.22,125.0,nominal,operational
2025-02-13,ZIP-017,94.2,234,25.0,0.82,41.6,5.26,133.0,nominal,operational
2025-02-13,ZIP-018,94.3,237,16.9,1.35,44.8,5.61,118.0,nominal,operational
2025-02-13,ZIP-019,94.3,240,24.4,0.96,44.7,5.88,67.0,nominal,operational
2025-02-13,ZIP-020,93.7,243,20.9,1.08,44.4,6.37,126.0,nominal,operational
2025-02-13,ZIP-021,95.0,246,19.7,1.18,43.3,6.33,110.0,nominal,operational
2025-02-13,ZIP-022,94.0,249,22.9,1.35,45.1,5.82,101.0,nominal,operational
2025-02-13,ZIP-023,94.4,252,23.9,1.13,44.6,5.51,124.0,nominal,operational
2025-02-13,ZIP-024,94.5,255,19.6,1.07,41.5,5.71,141.0,nominal,operational
2025-02-13,ZIP-025,94.4,258,19.4,0.94,43.7,6.11,139.0,nominal,operational
2025-02-13,ZIP-026,94.9,261,22.6,0.99,44.2,5.43,117.0,nominal,operational
2025-02-13,ZIP-027,94.2,264,23.8,1.02,44.6,5.85,112.0,nominal,operational
2025-02-13,ZIP-028,94.5,267,18.4,1.04,44.3,5.99,143.0,nominal,operational
2025-02-13,ZIP-029,94.2,270,31.1,1.18,45.2,5.87,105.0,nominal,operational
2025-02-13,ZIP-030,94.5,183,16.5,1.03,43.7,5.82,137.0,nominal,operational
2025-02-14,ZIP-001,93.6,187,11.2,0.97,44.3,5.85,112.0,nominal,operational
2025-02-14,ZIP-002,94.9,190,28.8,1.13,44.0,6.05,116.0,nominal,operational
2025-02-14,ZIP-003,95.3,193,24.1,1.74,47.4,5.69,136.0,nominal,monitoring
2025-02-14,ZIP-004,94.4,196,24.4,1.11,44.0,6.06,93.0,nominal,operational
2025-02-14,ZIP-005,98.9,199,18.1,0.96,43.1,5.52,98.0,nominal,operational
2025-02-14,ZIP-006,93.8,202,13.6,1.0,43.9,5.37,98.0,nominal,operational
2025-02-14,ZIP-007,94.3,205,24.4,0.96,43.4,5.71,130.0,nominal,operational
2025-02-14,ZIP-008,95.3,208,27.1,1.1,44.9,5.83,124.0,nominal,operational
2025-02-14,ZIP-009,94.6,211,21.6,1.17,45.0,5.61,81.0,nominal,operational
2025-02-14,ZIP-010,94.0,214,26.4,0.91,44.3,6.05,113.0,nominal,operational
2025-02-14,ZIP-011,94.7,217,21.6,1.3,44.8,5.98,126.0,nominal,operational
2025-02-14,ZIP-012,94.3,220,15.4,1.05,44.6,5.67,128.0,nominal,operational
2025-02-14,ZIP-013,95.6,223,18.0,1.0,42.3,5.82,153.0,nominal,operational
2025-02-14,ZIP-014,94.4,226,22.5,1.04,43.5,5.66,111.0,nominal,operational
2025-02-14,ZIP-015,94.6,229,18.9,1.11,44.0,5.71,143.0,nominal,operational
2025-02-14,ZIP-016,94.3,232,22.1,1.16,45.2,6.06,122.0,nominal,operational
2025-02-14,ZIP-017,94.4,235,15.5,1.09,45.3,5.9,113.0,nominal,operational
2025-02-14,ZIP-018,94.6,238,27.2,1.01,43.4,5.88,134.0,nominal,operational
2025-02-14,ZIP-019,95.3,241,30.1,0.8,44.8,5.63,159.0,nominal,operational
2025-02-14,ZIP-020,93.6,244,12.7,1.12,43.7,5.31,87.0,nominal,operational
2025-02-14,ZIP-021,94.2,247,8,1.03,45.4,5.74,120.0,nominal,operational
2025-02-14,ZIP-022,94.5,250,26.4,1.24,45.0,6.23,145.0,nominal,operational
2025-02-14,ZIP-023,94.1,253,19.1,1.03,44.6,5.69,125.0,nominal,operational
2025-02-14,ZIP-024,94.3,256,27.2,0.95,42.3,5.85,130.0,nominal,operational
2025-02-14,ZIP-025,94.5,259,29.6,1.09,43.5,5.43,120.0,nominal,operational
2025-02-14,ZIP-026,94.7,262,17.3,1.21,44.1,6.2,95.0,nominal,operational
2025-02-14,ZIP-027,94.6,265,18.9,1.16,45.3,5.8,136.0,nominal,operational
2025-02-14,ZIP-028,93.3,268,24.9,1.01,42.7,5.99,112.0,nominal,operational
2025-02-14,ZIP-029,94.9,271,19.9,1.07,44.7,5.68,134.0,nominal,operational
2025-02-14,ZIP-030,94.1,184,22.3,1.03,42.9,5.76,109.0,nominal,operational
2025-02-15,ZIP-001,94.6,189,28.1,0.93,44.5,5.89,108.0,nominal,operational
2025-02-15,ZIP-002,94.4,192,25.8,1.12,44.4,5.81,150.0,nominal,operational
2025-02-15,ZIP-003,94.5,195,24.3,2.05,46.0,6.52,135.0,nominal,monitoring
2025-02-15,ZIP-004,94.1,198,22.4,1.41,45.7,5.78,152.0,nominal,operational
2025-02-15,ZIP-005,99.1,201,19.7,0.94,44.5,5.52,126.0,nominal,operational
2025-02-15,ZIP-006,94.2,204,11.9,1.11,46.1,5.41,170.0,nominal,operational
2025-02-15,ZIP-007,94.4,207,17.9,0.95,42.5,5.79,133.0,nominal,operational
2025-02-15,ZIP-008,94.1,210,18.8,1.09,44.7,5.47,104.0,nominal,operational
2025-02-15,ZIP-009,94.4,213,20.5,1.13,44.7,5.68,104.0,nominal,operational
2025-02-15,ZIP-010,94.2,216,27.0,1.07,43.6,5.68,121.0,nominal,operational
2025-02-15,ZIP-011,94.7,219,20.6,1.11,45.1,5.7,100.0,nominal,operational
2025-02-15,ZIP-012,94.8,222,24.1,1.04,44.2,6.0,136.0,nominal,operational
2025-02-15,ZIP-013,94.1,225,16.2,1.19,44.3,5.9,129.0,nominal,operational
2025-02-15,ZIP-014,93.9,228,24.6,1.26,46.0,5.62,132.0,nominal,operational
2025-02-15,ZIP-015,94.1,231,25.2,0.9,44.9,5.71,89.0,nominal,operational
2025-02-15,ZIP-016,95.0,234,18.0,0.96,45.1,5.96,162.0,nominal,operational
2025-02-15,ZIP-017,94.4,237,21.0,1.05,44.7,5.77,118.0,nominal,operational
2025-02-15,ZIP-018,94.4,240,19.2,1.24,44.9,5.53,134.0,nominal,operational
2025-02-15,ZIP-019,94.1,243,15.3,1.06,45.0,5.59,99.0,nominal,operational
2025-02-15,ZIP-020,94.0,246,28.9,1.07,45.6,5.93,98.0,nominal,operational
2025-02-15,ZIP-021,95.4,249,18.7,0.94,44.4,5.96,118.0,nominal,operational
2025-02-15,ZIP-022,94.7,252,14.3,0.93,43.1,6.35,141.0,nominal,operational
2025-02-15,ZIP-023,94.6,255,21.4,1.17,43.3,5.83,179.0,nominal,operational
2025-02-15,ZIP-024,94.3,258,22.6,1.19,45.2,6.11,107.0,nominal,operational
2025-02-15,ZIP-025,94.9,261,16.1,1.3,44.1,5.75,101.0,nominal,operational
2025-02-15,ZIP-026,94.5,264,11.4,1.24,44.9,5.79,102.0,nominal,operational
2025-02-15,ZIP-027,94.0,267,32.2,1.06,44.2,6.38,126.0,nominal,operational
2025-02-15,ZIP-028,94.2,270,18.8,0.96,42.4,6.06,118.0,nominal,operational
2025-02-15,ZIP-029,94.6,273,18.6,0.97,44.8,5.64,116.0,nominal,operational
2025-02-15,ZIP-030,93.7,186,22.6,1.02,45.3,5.85,131.0,nominal,operational
2025-02-16,ZIP-001,94.1,191,21.1,1.27,45.3,5.66,110.0,nominal,operational
2025-02-16,ZIP-002,93.7,194,28.0,1.06,45.6,5.9,139.0,nominal,operational
2025-02-16,ZIP-003,94.3,197,15.2,2.51,46.3,5.53,81.0,nominal,monitoring
2025-02-16,ZIP-004,94.2,200,17.4,0.95,42.0,5.71,108.0,nominal,operational
2025-02-16,ZIP-005,98.8,203,16.5,1.12,44.7,5.62,132.0,nominal,operational
2025-02-16,ZIP-006,95.1,206,22.4,0.94,43.6,5.86,115.0,nominal,operational
2025-02-16,ZIP-007,93.8,209,19.9,0.89,41.9,6.33,118.0,nominal,operational
2025-02-16,ZIP-008,94.8,212,22.9,1.25,43.4,5.39,92.0,nominal,operational
2025-02-16,ZIP-009,93.7,215,30.6,1.14,46.6,5.99,147.0,nominal,operational
2025-02-16,ZIP-010,94.6,218,25.3,1.24,45.3,5.99,98.0,nominal,operational
2025-02-16,ZIP-011,94.3,221,21.1,1.32,45.9,6.27,125.0,nominal,operational
2025-02-16,ZIP-012,94.5,224,10.0,1.26,43.9,5.59,101.0,nominal,operational
2025-02-16,ZIP-013,94.7,227,24.4,1.34,43.2,5.77,123.0,nominal,operational
2025-02-16,ZIP-014,94.6,230,25.0,1.1,44.6,5.52,146.0,nominal,operational
2025-02-16,ZIP-015,94.8,233,21.9,0.81,43.2,5.86,104.0,nominal,operational
2025-02-16,ZIP-016,94.9,236,16.7,1.0,45.7,5.79,158.0,nominal,operational
2025-02-16,ZIP-017,94.2,239,21.2,0.92,44.9,5.39,111.0,nominal,operational
2025-02-16,ZIP-018,93.7,242,16.9,1.22,44.4,5.72,124.0,nominal,operational
2025-02-16,ZIP-019,94.6,245,19.7,1.04,44.6,5.71,128.0,nominal,operational
2025-02-16,ZIP-020,94.5,248,9.2,1.0,41.8,5.4,141.0,nominal,operational
2025-02-16,ZIP-021,94.3,251,20.6,0.92,43.6,5.85,111.0,nominal,operational
2025-02-16,ZIP-022,94.0,254,24.4,1.24,42.3,5.98,104.0,nominal,operational
2025-02-16,ZIP-023,94.5,257,8.1,0.95,44.6,5.8,141.0,nominal,operational
2025-02-16,ZIP-024,94.6,260,21.5,1.31,44.2,6.07,129.0,nominal,operational
2025-02-16,ZIP-025,94.0,263,16.2,1.14,44.1,6.05,144.0,nominal,operational
2025-02-16,ZIP-026,94.5,266,22.1,1.01,44.7,6.12,122.0,nominal,operational
2025-02-16,ZIP-027,94.5,269,18.6,1.25,45.5,5.64,133.0,nominal,operational
2025-02-16,ZIP-028,95.1,272,20.8,1.11,43.6,5.8,119.0,nominal,operational
2025-02-16,ZIP-029,94.2,275,25.9,0.95,44.4,5.85,103.0,nominal,operational
2025-02-16,ZIP-030,94.7,188,20.0,0.8,43.2,5.74,110.0,nominal,operational
2025-02-17,ZIP-001,94.6,192,19.4,1.29,43.7,6.08,103.0,nominal,operational
2025-02-17,ZIP-002,94.8,195,15.8,1.03,44.6,5.98,148.0,nominal,operational
2025-02-17,ZIP-003,95.1,198,21.7,2.63,48.3,5.79,142.0,nominal,monitoring
2025-02-17,ZIP-004,94.6,201,17.8,1.0,44.5,6.22,97.0,nominal,operational
2025-02-17,ZIP-005,98.7,204,19.8,0.91,43.8,6.08,109.0,nominal,operational
2025-02-17,ZIP-006,94.7,207,17.3,1.11,44.1,5.92,86.0,nominal,operational
2025-02-17,ZIP-007,94.6,210,19.4,0.73,44.3,5.76,159.0,nominal,operational
2025-02-17,ZIP-008,93.8,213,23.4,1.34,45.3,5.83,95.0,nominal,operational
2025-02-17,ZIP-009,94.0,216,24.4,1.19,44.7,5.85,113.0,nominal,operational
2025-02-17,ZIP-010,94.6,219,17.8,1.19,44.0,5.54,106.0,nominal,operational
2025-02-17,ZIP-011,94.7,222,10.5,1.13,44.1,6.11,107.0,nominal,operational
2025-02-17,ZIP-012,93.8,225,20.0,1.1,44.6,5.5,124.0,nominal,operational
2025-02-17,ZIP-013,94.1,228,29.0,0.94,43.5,6.29,107.0,nominal,operational
2025-02-17,ZIP-014,95.2,231,12.5,1.18,43.7,5.54,124.0,nominal,operational
2025-02-17,ZIP-015,94.1,234,18.9,1.03,45.0,5.8,116.0,nominal,operational
2025-02-17,ZIP-016,93.8,237,19.6,1.27,44.0,5.84,90.0,nominal,operational
2025-02-17,ZIP-017,94.7,240,23.0,0.99,43.3,5.71,131.0,nominal,operational
2025-02-17,ZIP-018,94.0,243,25.7,1.11,43.8,5.63,122.0,nominal,operational
2025-02-17,ZIP-019,94.0,246,13.8,1.08,43.1,6.25,115.0,nominal,operational
2025-02-17,ZIP-020,94.9,249,14.8,0.89,43.9,5.78,91.0,nominal,operational
2025-02-17,ZIP-021,94.8,252,20.9,0.91,42.6,5.72,115.0,nominal,operational
2025-02-17,ZIP-022,94.3,255,21.9,0.91,46.8,5.53,94.0,nominal,operational
2025-02-17,ZIP-023,93.8,258,20.7,1.09,43.5,6.2,129.0,nominal,operational
2025-02-17,ZIP-024,94.4,261,15.2,0.92,45.6,5.88,106.0,nominal,operational
2025-02-17,ZIP-025,94.0,264,30.4,0.86,44.1,5.72,114.0,nominal,operational
2025-02-17,ZIP-026,94.9,267,8.4,1.31,44.6,6.32,125.0,nominal,operational
2025-02-17,ZIP-027,94.5,270,22.3,1.06,45.1,5.98,136.0,nominal,operational
2025-02-17,ZIP-028,94.4,273,12.5,1.0,44.3,5.99,113.0,nominal,operational
2025-02-17,ZIP-029,94.1,276,27.9,1.01,42.8,5.89,95.0,nominal,operational
2025-02-17,ZIP-030,94.8,189,16.3,1.38,45.8,6.02,100.0,nominal,operational
2025-02-18,ZIP-001,94.7,194,22.1,1.11,44.7,5.6,109.0,nominal,operational
2025-02-18,ZIP-002,94.1,197,18.1,1.17,42.4,5.82,87.0,nominal,operational
2025-02-18,ZIP-003,94.7,200,28.0,3.08,50.0,6.12,95.0,nominal,grounded
2025-02-18,ZIP-004,94.4,203,13.2,0.97,43.7,5.77,129.0,nominal,operational
2025-02-18,ZIP-005,98.8,206,19.8,1.13,46.4,6.24,140.0,nominal,operational
2025-02-18,ZIP-006,94.3,209,15.2,1.11,44.6,5.76,120.0,nominal,operational
2025-02-18,ZIP-007,94.2,212,26.7,1.18,46.0,6.0,93.0,nominal,operational
2025-02-18,ZIP-008,94.5,215,12.3,0.76,42.0,5.85,127.0,nominal,operational
2025-02-18,ZIP-009,94.4,218,22.5,1.06,44.9,5.4,132.0,nominal,operational
2025-02-18,ZIP-010,94.1,221,23.2,0.9,43.5,6.05,125.0,nominal,operational
2025-02-18,ZIP-011,94.6,224,21.1,1.0,45.5,5.72,127.0,nominal,operational
2025-02-18,ZIP-012,93.9,227,20.8,0.97,42.4,5.56,139.0,nominal,operational
2025-02-18,ZIP-013,94.5,230,24.2,1.23,44.3,5.82,121.0,nominal,operational
2025-02-18,ZIP-014,93.9,233,23.6,0.98,44.1,5.95,105.0,nominal,operational
2025-02-18,ZIP-015,94.4,236,19.8,1.14,42.1,5.68,126.0,nominal,operational
2025-02-18,ZIP-016,94.4,239,29.5,1.23,43.3,5.73,96.0,nominal,operational
2025-02-18,ZIP-017,94.7,242,16.7,0.83,42.9,5.68,122.0,nominal,operational
2025-02-18,ZIP-018,94.0,245,24.0,1.09,43.5,5.74,111.0,nominal,operational
2025-02-18,ZIP-019,94.7,248,11.0,1.03,44.0,5.8,110.0,nominal,operational
2025-02-18,ZIP-020,94.6,251,9.4,1.35,46.3,6.1,119.0,nominal,operational
2025-02-18,ZIP-021,94.3,254,18.2,1.21,43.6,5.92,163.0,nominal,operational
2025-02-18,ZIP-022,94.6,257,15.4,0.89,41.7,5.88,111.0,nominal,operational
2025-02-18,ZIP-023,94.3,260,20.6,0.9,42.3,5.97,132.0,nominal,operational
2025-02-18,ZIP-024,93.2,263,12.7,1.02,43.7,6.0,111.0,nominal,operational
2025-02-18,ZIP-025,93.8,266,24.6,1.3,46.0,5.93,127.0,nominal,operational
2025-02-18,ZIP-026,94.3,269,24.0,0.83,45.4,6.01,125.0,nominal,operational
2025-02-18,ZIP-027,94.3,272,25.3,1.15,45.9,5.79,142.0,nominal,operational
2025-02-18,ZIP-028,94.7,275,16.2,0.87,45.7,5.69,108.0,nominal,operational
2025-02-18,ZIP-029,94.0,278,29.1,0.82,42.3,5.45,99.0,nominal,operational
2025-02-18,ZIP-030,94.0,191,16.4,1.09,45.4,5.89,145.0,nominal,operational
2025-02-19,ZIP-001,94.3,196,23.4,1.06,45.4,6.1,110.0,nominal,operational
2025-02-19,ZIP-002,94.0,199,8,0.93,44.3,6.09,91.0,nominal,operational
2025-02-19,ZIP-003,94.8,202,20.7,3.57,51.3,5.76,130.0,nominal,grounded
2025-02-19,ZIP-004,93.8,205,21.4,0.93,44.0,5.71,154.0,nominal,operational
2025-02-19,ZIP-005,98.9,208,20.0,0.99,45.0,5.97,146.0,nominal,operational
2025-02-19,ZIP-006,94.6,211,19.4,1.01,43.8,5.44,110.0,nominal,operational
2025-02-19,ZIP-007,94.3,214,14.0,1.2,44.3,6.06,124.0,nominal,operational
2025-02-19,ZIP-008,94.6,217,15.6,0.8,41.8,5.75,122.0,nominal,operational
2025-02-19,ZIP-009,94.0,220,11.6,1.05,44.6,6.16,145.0,nominal,operational
2025-02-19,ZIP-010,95.1,223,23.6,1.03,43.4,5.85,125.0,nominal,operational
2025-02-19,ZIP-011,94.0,226,11.4,1.21,47.2,5.95,110.0,nominal,operational
2025-02-19,ZIP-012,93.9,229,22.6,1.09,45.5,5.98,116.0,nominal,operational
2025-02-19,ZIP-013,94.5,232,34.7,1.27,45.5,5.41,159.0,nominal,operational
2025-02-19,ZIP-014,94.1,235,26.4,0.75,44.1,5.99,90.0,nominal,operational
2025-02-19,ZIP-015,94.7,238,18.3,1.12,46.4,5.72,135.0,nominal,operational
2025-02-19,ZIP-016,94.4,241,13.9,0.99,44.7,5.59,141.0,nominal,operational
2025-02-19,ZIP-017,94.5,244,30.2,0.71,40.9,5.78,129.0,nominal,operational
2025-02-19,ZIP-018,94.8,247,22.2,1.2,46.6,5.93,130.0,nominal,operational
2025-02-19,ZIP-019,94.7,250,21.3,1.04,41.9,6.07,116.0,nominal,operational
2025-02-19,ZIP-020,94.2,253,22.2,0.95,43.3,5.84,157.0,nominal,operational
2025-02-19,ZIP-021,94.6,256,17.5,0.89,43.7,5.59,105.0,nominal,operational
2025-02-19,ZIP-022,94.7,259,15.9,0.77,43.8,5.7,137.0,nominal,operational
2025-02-19,ZIP-023,94.1,262,24.3,1.12,43.2,5.51,138.0,nominal,operational
2025-02-19,ZIP-024,93.7,265,16.1,1.06,45.6,5.95,101.0,nominal,operational
2025-02-19,ZIP-025,94.2,268,26.7,1.28,47.3,5.97,126.0,nominal,operational
2025-02-19,ZIP-026,94.9,271,15.0,0.96,43.1,5.82,124.0,nominal,operational
2025-02-19,ZIP-027,94.2,274,19.3,1.02,43.9,5.61,127.0,nominal,operational
2025-02-19,ZIP-028,94.1,277,17.0,1.11,43.5,5.54,87.0,nominal,operational
2025-02-19,ZIP-029,94.9,280,16.9,1.01,44.8,5.85,111.0,nominal,operational
2025-02-19,ZIP-030,93.8,193,13.7,1.26,44.0,6.14,119.0,nominal,operational
2025-02-20,ZIP-001,93.9,198,26.3,1.13,45.5,5.84,129.0,nominal,operational
2025-02-20,ZIP-002,93.3,201,20.1,1.27,45.4,6.17,148.0,nominal,operational
2025-02-20,ZIP-003,93.4,204,16.1,0.95,45.3,5.68,68.0,nominal,grounded
2025-02-20,ZIP-004,93.8,207,19.3,0.98,44.2,5.9,90.0,nominal,operational
2025-02-20,ZIP-005,99.1,210,16.9,1.06,44.8,5.52,124.0,nominal,operational
2025-02-20,ZIP-006,94.4,213,12.4,0.88,44.0,5.73,103.0,nominal,operational
2025-02-20,ZIP-007,93.7,216,25.5,1.21,44.6,5.81,136.0,nominal,operational
2025-02-20,ZIP-008,93.9,219,19.5,0.89,41.9,5.34,127.0,nominal,operational
2025-02-20,ZIP-009,94.4,222,26.2,0.86,43.3,5.56,131.0,nominal,operational
2025-02-20,ZIP-010,93.8,225,15.2,0.94,45.2,5.85,68.0,nominal,operational
2025-02-20,ZIP-011,94.7,228,13.5,1.06,45.3,6.19,120.0,nominal,operational
2025-02-20,ZIP-012,94.6,231,20.1,1.25,43.7,5.49,116.0,nominal,operational
2025-02-20,ZIP-013,94.3,234,26.9,1.16,44.9,5.68,129.0,nominal,operational
2025-02-20,ZIP-014,94.1,237,21.5,1.04,43.4,5.69,122.0,nominal,operational
2025-02-20,ZIP-015,94.0,240,17.2,1.13,45.3,5.97,110.0,nominal,operational
2025-02-20,ZIP-016,93.6,243,33.4,1.12,43.4,5.61,93.0,nominal,operational
2025-02-20,ZIP-017,94.4,246,23.1,1.02,44.4,5.86,105.0,nominal,operational
2025-02-20,ZIP-018,94.6,249,20.8,0.93,42.6,5.59,118.0,nominal,operational
2025-02-20,ZIP-019,94.0,252,17.0,0.98,43.0,5.73,140.0,nominal,operational
2025-02-20,ZIP-020,93.8,255,20.9,0.92,43.6,6.01,127.0,nominal,operational
2025-02-20,ZIP-021,93.6,258,24.2,1.02,44.8,5.05,97.0,nominal,operational
2025-02-20,ZIP-022,94.9,261,22.4,1.01,42.7,6.16,85.0,nominal,operational
2025-02-20,ZIP-023,94.0,264,18.9,1.24,45.2,5.89,104.0,nominal,operational
2025-02-20,ZIP-024,93.9,267,22.9,1.01,45.4,6.06,106.0,nominal,operational
2025-02-20,ZIP-025,94.3,270,14.6,1.25,43.3,5.97,118.0,nominal,operational
2025-02-20,ZIP-026,94.5,273,21.3,1.07,43.7,5.98,104.0,nominal,operational
2025-02-20,ZIP-027,94.2,276,23.6,1.12,42.5,5.62,127.0,nominal,operational
2025-02-20,ZIP-028,94.2,279,19.0,0.97,42.5,6.0,145.0,nominal,operational
2025-02-20,ZIP-029,94.7,282,16.3,0.88,43.1,6.09,101.0,nominal,operational
2025-02-20,ZIP-030,94.4,195,19.0,1.07,47.2,6.02,121.0,nominal,operational
2025-02-21,ZIP-001,94.3,199,25.1,0.97,45.5,5.93,131.0,nominal,operational
2025-02-21,ZIP-002,94.4,202,17.7,1.29,46.3,5.82,76.0,nominal,operational
2025-02-21,ZIP-003,94.6,205,20.5,1.15,43.0,5.34,162.0,nominal,grounded
2025-02-21,ZIP-004,94.1,208,24.5,0.97,44.9,5.9,137.0,nominal,operational
2025-02-21,ZIP-005,98.9,211,18.3,0.99,44.3,5.78,93.0,nominal,operational
2025-02-21,ZIP-006,94.3,214,23.1,1.06,43.8,5.56,126.0,nominal,operational
2025-02-21,ZIP-007,94.3,217,25.3,0.75,42.9,6.04,134.0,nominal,operational
2025-02-21,ZIP-008,94.1,220,12.7,1.11,43.9,6.2,111.0,nominal,operational
2025-02-21,ZIP-009,94.5,223,9.0,1.07,43.1,5.66,108.0,nominal,operational
2025-02-21,ZIP-010,94.4,226,21.7,1.16,41.3,5.88,135.0,nominal,operational
2025-02-21,ZIP-011,94.4,229,25.5,1.07,44.8,5.57,124.0,nominal,operational
2025-02-21,ZIP-012,94.5,232,23.7,0.82,45.8,5.74,102.0,nominal,operational
2025-02-21,ZIP-013,93.5,235,15.6,0.88,42.6,6.03,112.0,nominal,operational
2025-02-21,ZIP-014,94.6,238,16.5,0.9,44.2,5.66,80.0,nominal,operational
2025-02-21,ZIP-015,95.2,241,8,1.2,43.0,5.53,88.0,nominal,operational
2025-02-21,ZIP-016,94.4,244,9.1,0.94,43.7,6.01,120.0,nominal,operational
2025-02-21,ZIP-017,94.2,247,24.9,0.74,43.9,5.97,102.0,nominal,operational
2025-02-21,ZIP-018,94.5,250,12.1,1.17,45.2,5.83,138.0,nominal,operational
2025-02-21,ZIP-019,94.5,253,29.8,0.94,42.5,5.7,110.0,nominal,operational
2025-02-21,ZIP-020,94.6,256,17.7,0.75,43.7,5.68,121.0,nominal,operational
2025-02-21,ZIP-021,93.7,259,21.1,1.07,45.6,5.51,144.0,nominal,operational
2025-02-21,ZIP-022,94.9,262,26.2,1.41,44.6,5.81,70.0,nominal,operational
2025-02-21,ZIP-023,93.8,265,21.7,1.06,44.0,5.6,119.0,nominal,operational
2025-02-21,ZIP-024,94.5,268,15.9,0.8,44.3,5.97,97.0,nominal,operational
2025-02-21,ZIP-025,94.6,271,20.0,1.2,43.0,5.87,124.0,nominal,operational
2025-02-21,ZIP-026,93.9,274,27.8,1.31,45.0,5.98,133.0,nominal,operational
2025-02-21,ZIP-027,94.9,277,15.2,0.93,44.0,5.93,134.0,nominal,operational
2025-02-21,ZIP-028,94.4,280,17.5,1.37,44.3,5.63,141.0,nominal,operational
2025-02-21,ZIP-029,93.2,283,18.8,1.0,45.6,6.18,120.0,nominal,operational
2025-02-21,ZIP-030,94.1,196,22.2,1.0,42.3,5.58,102.0,nominal,operational
2025-02-22,ZIP-001,94.8,201,16.6,0.87,43.0,5.62,115.0,nominal,operational
2025-02-22,ZIP-002,93.9,204,19.6,1.13,44.3,5.78,135.0,nominal,operational
2025-02-22,ZIP-003,93.9,207,22.8,1.17,45.7,5.85,106.0,nominal,grounded
2025-02-22,ZIP-004,94.4,210,11.9,0.77,43.6,5.64,97.0,nominal,operational
2025-02-22,ZIP-005,98.9,213,19.7,1.29,44.7,5.62,112.0,nominal,operational
2025-02-22,ZIP-006,94.3,216,23.3,0.84,46.3,5.87,112.0,nominal,operational
2025-02-22,ZIP-007,94.8,219,13.4,1.17,44.6,6.09,120.0,nominal,operational
2025-02-22,ZIP-008,94.5,222,32.0,1.13,45.2,6.19,115.0,nominal,operational
2025-02-22,ZIP-009,94.1,225,21.3,1.19,45.1,5.49,123.0,nominal,operational
2025-02-22,ZIP-010,93.8,228,15.1,1.2,46.3,5.82,89.0,nominal,operational
2025-02-22,ZIP-011,94.5,231,20.5,0.91,44.9,5.87,103.0,nominal,operational
2025-02-22,ZIP-012,93.7,234,25.1,1.14,43.3,5.9,147.0,nominal,operational
2025-02-22,ZIP-013,93.9,237,23.6,1.32,44.9,5.82,107.0,nominal,operational
2025-02-22,ZIP-014,94.1,240,22.1,0.93,43.7,6.07,144.0,nominal,operational
2025-02-22,ZIP-015,94.0,243,23.1,0.87,43.4,5.79,132.0,nominal,operational
2025-02-22,ZIP-016,93.8,246,18.2,1.25,44.7,6.09,93.0,nominal,operational
2025-02-22,ZIP-017,94.2,249,23.4,1.08,45.6,6.13,107.0,nominal,operational
2025-02-22,ZIP-018,94.2,252,23.8,1.17,45.4,5.31,96.0,nominal,operational
2025-02-22,ZIP-019,94.2,255,20.9,1.05,43.8,5.91,118.0,nominal,operational
2025-02-22,ZIP-020,94.1,258,18.9,1.05,43.9,5.78,103.0,nominal,operational
2025-02-22,ZIP-021,93.8,261,30.9,0.98,43.7,5.52,126.0,nominal,operational
2025-02-22,ZIP-022,94.1,264,18.3,0.85,40.8,5.88,133.0,nominal,operational
2025-02-22,ZIP-023,94.0,267,28.1,1.41,45.9,5.48,129.0,nominal,operational
2025-02-22,ZIP-024,93.4,270,19.3,0.82,42.2,5.66,116.0,nominal,operational
2025-02-22,ZIP-025,93.6,273,20.9,1.05,42.0,5.49,128.0,nominal,operational
2025-02-22,ZIP-026,94.2,276,22.5,1.1,44.8,5.84,99.0,nominal,operational
2025-02-22,ZIP-027,94.0,279,17.1,0.87,44.6,5.88,100.0,nominal,operational
2025-02-22,ZIP-028,94.5,282,23.8,1.12,43.6,6.0,112.0,nominal,operational
2025-02-22,ZIP-029,94.5,285,9.7,1.22,44.9,5.93,110.0,nominal,operational
2025-02-22,ZIP-030,94.0,198,19.7,0.94,42.9,5.85,137.0,nominal,operational
2025-02-23,ZIP-001,94.7,203,21.5,1.09,45.4,6.0,118.0,nominal,operational
2025-02-23,ZIP-002,94.0,206,20.2,1.29,45.0,5.7,114.0,nominal,operational
2025-02-23,ZIP-003,93.7,209,22.4,0.8,41.7,5.43,129.0,nominal,grounded
2025-02-23,ZIP-004,94.3,212,26.8,1.25,43.8,5.59,111.0,nominal,operational
2025-02-23,ZIP-005,99.2,215,16.2,0.95,44.8,5.49,91.0,nominal,operational
2025-02-23,ZIP-006,93.8,218,19.3,0.89,44.1,5.57,118.0,nominal,operational
2025-02-23,ZIP-007,94.2,221,25.6,1.25,45.4,6.04,119.0,nominal,operational
2025-02-23,ZIP-008,94.4,224,18.7,1.0,44.3,5.55,143.0,nominal,operational
2025-02-23,ZIP-009,94.5,227,24.0,0.89,44.2,5.86,99.0,nominal,operational
2025-02-23,ZIP-010,94.7,230,15.3,1.13,43.5,5.83,147.0,nominal,operational
2025-02-23,ZIP-011,93.8,233,19.6,1.0,44.2,5.85,134.0,nominal,operational
2025-02-23,ZIP-012,94.3,236,17.5,1.05,44.4,5.89,138.0,nominal,operational
2025-02-23,ZIP-013,94.2,239,17.7,0.92,43.4,5.76,130.0,nominal,operational
2025-02-23,ZIP-014,93.8,242,21.8,1.15,45.0,5.74,111.0,nominal,operational
2025-02-23,ZIP-015,94.6,245,15.4,0.86,43.9,5.98,115.0,nominal,operational
2025-02-23,ZIP-016,94.7,248,15.0,1.22,44.3,5.99,106.0,nominal,operational
2025-02-23,ZIP-017,93.9,251,26.8,1.05,45.5,6.21,109.0,nominal,operational
2025-02-23,ZIP-018,95.1,254,26.0,1.59,45.6,6.16,76.0,nominal,operational
2025-02-23,ZIP-019,93.6,257,24.5,1.06,43.5,5.96,96.0,nominal,operational
2025-02-23,ZIP-020,94.4,260,10.2,0.97,44.1,5.73,117.0,nominal,operational
2025-02-23,ZIP-021,93.8,263,16.6,0.87,43.8,5.71,124.0,nominal,operational
2025-02-23,ZIP-022,94.3,266,24.3,1.15,46.2,5.88,122.0,nominal,operational
2025-02-23,ZIP-023,93.9,269,18.8,1.02,44.7,5.74,134.0,nominal,operational
2025-02-23,ZIP-024,94.0,272,16.2,1.16,45.3,5.88,126.0,nominal,operational
2025-02-23,ZIP-025,95.3,275,18.2,1.03,43.3,5.78,115.0,nominal,operational
2025-02-23,ZIP-026,94.0,278,10.8,1.12,44.5,5.73,123.0,nominal,operational
2025-02-23,ZIP-027,94.4,281,22.5,0.98,42.8,5.7,120.0,nominal,operational
2025-02-23,ZIP-028,93.9,284,15.2,1.03,44.4,5.37,131.0,nominal,operational
2025-02-23,ZIP-029,93.8,287,28.7,0.82,44.2,5.83,124.0,nominal,operational
2025-02-23,ZIP-030,94.8,200,19.3,1.08,42.5,5.74,118.0,nominal,operational
2025-02-24,ZIP-001,93.9,204,22.5,1.12,44.6,5.95,152.0,nominal,operational
2025-02-24,ZIP-002,93.3,207,11.8,1.12,43.2,5.47,109.0,nominal,operational
2025-02-24,ZIP-003,94.5,210,21.5,0.75,43.7,5.77,149.0,nominal,operational
2025-02-24,ZIP-004,93.3,213,26.8,0.98,44.7,5.71,110.0,nominal,operational
2025-02-24,ZIP-005,98.9,216,19.7,1.34,44.9,5.85,131.0,nominal,operational
2025-02-24,ZIP-006,93.9,219,22.1,1.23,45.1,5.77,131.0,nominal,operational
2025-02-24,ZIP-007,94.4,222,21.7,1.09,43.3,5.63,131.0,nominal,operational
2025-02-24,ZIP-008,94.6,225,15.8,1.21,46.2,6.14,110.0,nominal,operational
2025-02-24,ZIP-009,93.9,228,12.7,1.06,44.8,5.7,119.0,nominal,operational
2025-02-24,ZIP-010,94.2,231,12.2,1.16,43.9,5.76,95.0,nominal,operational
2025-02-24,ZIP-011,94.6,234,22.1,1.24,43.3,6.14,127.0,nominal,operational
2025-02-24,ZIP-012,94.6,237,22.7,0.95,45.2,6.0,122.0,nominal,operational
2025-02-24,ZIP-013,93.6,240,22.8,0.97,43.5,5.85,118.0,nominal,operational
2025-02-24,ZIP-014,94.1,243,19.2,1.0,42.9,5.64,149.0,nominal,operational
2025-02-24,ZIP-015,93.9,246,9.2,0.95,42.3,5.87,135.0,nominal,operational
2025-02-24,ZIP-016,94.1,249,21.2,0.93,43.9,5.82,116.0,nominal,operational
2025-02-24,ZIP-017,94.0,252,17.4,1.1,44.8,5.93,123.0,nominal,operational
2025-02-24,ZIP-018,94.4,255,21.1,1.19,43.9,5.8,120.0,nominal,operational
2025-02-24,ZIP-019,94.4,258,8.8,1.04,45.6,5.83,162.0,nominal,operational
2025-02-24,ZIP-020,94.6,261,14.7,0.97,42.4,5.41,136.0,nominal,operational
2025-02-24,ZIP-021,94.3,264,20.0,0.99,43.5,5.24,124.0,nominal,operational
2025-02-24,ZIP-022,94.7,267,22.0,1.17,45.5,5.46,103.0,nominal,operational
2025-02-24,ZIP-023,93.8,270,20.3,1.15,43.9,5.74,117.0,nominal,operational
2025-02-24,ZIP-024,93.6,273,19.9,1.08,46.9,5.78,98.0,nominal,operational
2025-02-24,ZIP-025,94.3,276,17.1,0.96,43.2,6.0,85.0,nominal,operational
2025-02-24,ZIP-026,94.3,279,14.2,1.1,45.4,6.18,97.0,nominal,operational
2025-02-24,ZIP-027,94.7,282,14.4,1.05,45.1,5.61,156.0,nominal,operational
2025-02-24,ZIP-028,94.4,285,19.2,0.83,43.8,5.73,152.0,nominal,operational
2025-02-24,ZIP-029,93.9,288,26.6,1.22,45.1,5.42,109.0,nominal,operational
2025-02-24,ZIP-030,94.6,201,19.0,0.94,42.9,6.19,113.0,nominal,operational
2025-02-25,ZIP-001,94.6,206,29.9,1.12,45.3,5.49,133.0,nominal,operational
2025-02-25,ZIP-002,94.5,209,20.2,1.04,43.5,5.5,116.0,nominal,operational
2025-02-25,ZIP-003,93.5,212,19.4,1.08,44.4,6.06,131.0,nominal,operational
2025-02-25,ZIP-004,93.6,215,17.9,1.15,44.3,5.49,129.0,nominal,operational
2025-02-25,ZIP-005,99.1,218,16.1,0.87,43.7,6.16,105.0,nominal,operational
2025-02-25,ZIP-006,94.4,221,19.9,0.98,42.7,6.01,106.0,nominal,operational
2025-02-25,ZIP-007,94.0,224,10.3,0.83,43.8,5.84,156.0,nominal,operational
2025-02-25,ZIP-008,94.3,227,18.6,1.15,46.7,6.04,137.0,nominal,operational
2025-02-25,ZIP-009,93.4,230,20.9,0.92,44.5,6.3,115.0,nominal,operational
2025-02-25,ZIP-010,94.1,233,16.4,0.97,43.8,5.62,115.0,nominal,operational
2025-02-25,ZIP-011,93.8,236,21.2,0.96,45.9,6.11,87.0,nominal,operational
2025-02-25,ZIP-012,94.0,239,25.9,1.14,45.4,6.05,133.0,nominal,operational
2025-02-25,ZIP-013,94.1,242,22.6,1.09,45.1,5.35,131.0,nominal,operational
2025-02-25,ZIP-014,93.5,245,32.5,0.91,44.9,5.98,118.0,nominal,operational
2025-02-25,ZIP-015,94.5,248,27.9,0.81,42.8,5.78,115.0,nominal,operational
2025-02-25,ZIP-016,94.6,251,20.4,1.08,45.4,5.93,127.0,nominal,operational
2025-02-25,ZIP-017,94.3,254,17.1,1.2,44.7,5.75,139.0,nominal,operational
2025-02-25,ZIP-018,93.9,257,19.4,1.15,42.3,5.96,146.0,nominal,operational
2025-02-25,ZIP-019,93.6,260,16.0,0.96,42.9,5.69,116.0,nominal,operational
2025-02-25,ZIP-020,93.3,263,30.1,0.73,41.8,5.88,133.0,nominal,operational
2025-02-25,ZIP-021,94.4,266,8.2,1.42,45.9,5.37,143.0,nominal,operational
2025-02-25,ZIP-022,94.1,269,19.8,0.9,43.3,5.84,108.0,nominal,operational
2025-02-25,ZIP-023,94.2,272,22.3,1.06,44.7,6.0,133.0,nominal,operational
2025-02-25,ZIP-024,93.9,275,18.6,1.17,45.3,5.12,132.0,nominal,operational
2025-02-25,ZIP-025,94.0,278,16.2,1.27,46.4,6.22,152.0,nominal,operational
2025-02-25,ZIP-026,94.6,281,24.1,0.94,42.9,6.15,85.0,nominal,operational
2025-02-25,ZIP-027,94.0,284,12.5,1.13,44.3,5.36,140.0,nominal,operational
2025-02-25,ZIP-028,94.0,287,13.3,0.98,44.0,5.7,137.0,nominal,operational
2025-02-25,ZIP-029,94.5,290,19.0,1.16,44.6,5.82,121.0,nominal,operational
2025-02-25,ZIP-030,94.2,203,16.5,0.88,42.5,5.6,94.0,nominal,operational
2025-02-26,ZIP-001,94.1,208,18.7,0.85,42.9,5.83,110.0,nominal,operational
2025-02-26,ZIP-002,94.4,211,28.6,1.1,42.7,5.97,121.0,nominal,operational
2025-02-26,ZIP-003,94.6,214,36.6,1.17,44.8,6.19,132.0,nominal,operational
2025-02-26,ZIP-004,94.5,217,32.4,1.02,43.7,5.74,170.0,nominal,operational
2025-02-26,ZIP-005,99.1,220,15.0,1.22,44.2,5.47,127.0,nominal,operational
2025-02-26,ZIP-006,93.9,223,18.0,1.01,40.7,5.69,154.0,nominal,operational
2025-02-26,ZIP-007,93.9,226,15.9,1.03,43.8,5.46,102.0,nominal,operational
2025-02-26,ZIP-008,93.7,229,25.8,1.01,43.9,5.58,110.0,nominal,operational
2025-02-26,ZIP-009,93.8,232,24.0,1.16,44.2,5.33,119.0,nominal,operational
2025-02-26,ZIP-010,93.8,235,18.4,0.94,42.0,5.57,114.0,nominal,operational
2025-02-26,ZIP-011,94.5,238,24.0,0.97,45.5,6.02,128.0,nominal,operational
2025-02-26,ZIP-012,94.0,241,15.8,1.1,43.8,5.81,91.0,nominal,operational
2025-02-26,ZIP-013,93.0,244,25.7,0.82,45.0,5.54,126.0,nominal,operational
2025-02-26,ZIP-014,94.4,247,19.1,1.22,44.4,5.92,96.0,nominal,operational
2025-02-26,ZIP-015,94.6,250,22.3,0.92,43.8,6.05,135.0,nominal,operational
2025-02-26,ZIP-016,94.0,253,21.1,0.81,43.2,5.38,142.0,nominal,operational
2025-02-26,ZIP-017,94.0,256,21.9,1.07,41.7,5.65,118.0,nominal,operational
2025-02-26,ZIP-018,93.5,259,21.4,0.84,44.6,5.97,119.0,nominal,operational
2025-02-26,ZIP-019,94.4,262,9.7,1.11,43.5,5.73,119.0,nominal,operational
2025-02-26,ZIP-020,94.2,265,16.9,0.98,44.9,6.2,141.0,nominal,operational
2025-02-26,ZIP-021,93.6,268,20.7,1.17,45.4,5.61,101.0,nominal,operational
2025-02-26,ZIP-022,94.2,271,16.2,0.97,43.6,5.56,132.0,nominal,operational
2025-02-26,ZIP-023,94.3,274,20.3,0.82,43.5,5.74,132.0,nominal,operational
2025-02-26,ZIP-024,94.1,277,19.6,0.95,44.5,5.87,133.0,nominal,operational
2025-02-26,ZIP-025,94.3,280,20.0,1.06,44.2,5.82,128.0,nominal,operational
2025-02-26,ZIP-026,93.8,283,14.6,0.95,44.1,5.7,99.0,nominal,operational
2025-02-26,ZIP-027,93.9,286,20.0,0.86,43.4,5.96,110.0,nominal,operational
2025-02-26,ZIP-028,94.4,289,16.0,0.93,44.3,5.85,123.0,nominal,operational
2025-02-26,ZIP-029,94.7,292,22.7,1.09,46.0,5.77,159.0,nominal,operational
2025-02-26,ZIP-030,93.8,205,24.6,1.05,43.2,5.58,156.0,nominal,operational
2025-02-27,ZIP-001,94.3,209,25.0,1.22,43.4,5.93,93.0,nominal,operational
2025-02-27,ZIP-002,93.6,212,31.9,0.99,43.5,5.83,106.0,nominal,operational
2025-02-27,ZIP-003,94.3,215,35.3,1.13,44.6,5.97,102.0,nominal,operational
2025-02-27,ZIP-004,93.8,218,18.2,0.94,42.7,5.61,135.0,nominal,operational
2025-02-27,ZIP-005,98.8,221,15.1,1.19,45.9,6.16,138.0,nominal,operational
2025-02-27,ZIP-006,94.4,224,15.1,1.22,43.5,5.94,109.0,nominal,operational
2025-02-27,ZIP-007,93.5,227,27.2,1.17,44.8,5.42,134.0,nominal,operational
2025-02-27,ZIP-008,94.3,230,22.7,1.22,45.4,5.88,122.0,nominal,operational
2025-02-27,ZIP-009,94.0,233,8,1.15,45.7,5.82,150.0,nominal,operational
2025-02-27,ZIP-010,93.6,236,21.9,1.01,43.8,5.76,130.0,nominal,operational
2025-02-27,ZIP-011,94.3,239,28.0,0.99,43.4,5.18,118.0,nominal,operational
2025-02-27,ZIP-012,93.6,242,26.4,1.08,44.3,6.1,118.0,nominal,operational
2025-02-27,ZIP-013,93.8,245,18.9,1.1,44.0,5.69,123.0,nominal,operational
2025-02-27,ZIP-014,93.2,248,31.7,1.03,45.6,6.01,127.0,nominal,operational
2025-02-27,ZIP-015,93.2,251,19.3,1.1,43.3,6.0,141.0,nominal,operational
2025-02-27,ZIP-016,93.4,254,17.3,1.1,44.6,5.38,86.0,nominal,operational
2025-02-27,ZIP-017,93.8,257,16.2,1.13,45.4,5.65,118.0,nominal,operational
2025-02-27,ZIP-018,94.1,260,25.9,1.31,46.4,5.94,108.0,nominal,operational
2025-02-27,ZIP-019,94.4,263,21.2,1.19,46.6,6.32,125.0,nominal,operational
2025-02-27,ZIP-020,94.0,266,20.1,1.23,43.6,5.74,117.0,nominal,operational
2025-02-27,ZIP-021,94.4,269,19.6,0.78,43.0,5.84,124.0,nominal,operational
2025-02-27,ZIP-022,93.6,272,16.2,0.94,44.4,5.99,124.0,nominal,operational
2025-02-27,ZIP-023,93.9,275,19.7,1.09,42.7,6.17,72.0,nominal,operational
2025-02-27,ZIP-024,94.0,278,17.5,1.03,45.3,6.0,128.0,nominal,operational
2025-02-27,ZIP-025,94.2,281,25.6,0.92,44.9,5.77,99.0,nominal,operational
2025-02-27,ZIP-026,94.2,284,16.9,1.08,43.9,5.83,100.0,nominal,operational
2025-02-27,ZIP-027,93.8,287,22.3,1.06,45.5,5.48,114.0,nominal,operational
2025-02-27,ZIP-028,94.7,290,24.9,0.96,43.9,5.7,105.0,nominal,operational
2025-02-27,ZIP-029,93.7,293,17.5,1.02,45.4,5.43,124.0,nominal,operational
2025-02-27,ZIP-030,94.6,206,20.9,1.13,45.4,6.16,108.0,nominal,operational
2025-02-28,ZIP-001,94.2,211,17.6,1.19,44.7,5.59,132.0,nominal,operational
2025-02-28,ZIP-002,94.1,214,24.3,0.99,43.6,5.77,113.0,nominal,operational
2025-02-28,ZIP-003,94.6,217,13.8,1.32,45.9,6.18,148.0,nominal,operational
2025-02-28,ZIP-004,93.8,220,27.6,1.18,43.6,5.88,107.0,nominal,operational
2025-02-28,ZIP-005,98.9,223,18.6,1.27,45.2,5.77,95.0,nominal,operational
2025-02-28,ZIP-006,94.4,226,26.3,1.09,45.2,5.82,96.0,nominal,operational
2025-02-28,ZIP-007,93.5,229,14.3,1.04,42.9,5.92,101.0,nominal,operational
2025-02-28,ZIP-008,94.0,232,17.0,1.17,44.2,5.41,138.0,nominal,operational
2025-02-28,ZIP-009,94.5,235,19.6,1.21,44.1,5.69,129.0,nominal,operational
2025-02-28,ZIP-010,93.0,238,19.0,0.89,43.8,5.58,117.0,nominal,operational
2025-02-28,ZIP-011,93.8,241,19.3,1.14,44.3,5.87,120.0,nominal,operational
2025-02-28,ZIP-012,93.6,244,18.5,1.05,44.2,5.67,144.0,nominal,operational
2025-02-28,ZIP-013,94.0,247,22.2,1.09,42.8,5.93,108.0,nominal,operational
2025-02-28,ZIP-014,94.4,250,11.3,1.2,44.6,7.18,143.0,nominal,monitoring
2025-02-28,ZIP-015,94.0,253,15.7,0.92,43.7,5.68,117.0,nominal,operational
2025-02-28,ZIP-016,93.8,256,12.9,0.83,42.9,5.68,118.0,nominal,operational
2025-02-28,ZIP-017,93.7,259,29.0,1.01,43.7,5.78,92.0,nominal,operational
2025-02-28,ZIP-018,93.8,262,14.1,0.95,45.5,5.96,137.0,nominal,operational
2025-02-28,ZIP-019,94.4,265,17.4,1.23,44.8,5.87,139.0,nominal,operational
2025-02-28,ZIP-020,93.4,268,26.1,1.22,44.0,6.07,141.0,nominal,operational
2025-02-28,ZIP-021,94.0,271,18.1,1.18,43.2,5.66,113.0,nominal,operational
2025-02-28,ZIP-022,93.4,274,16.8,1.05,44.4,5.8,128.0,nominal,operational
2025-02-28,ZIP-023,93.7,277,30.5,0.87,43.6,5.47,96.0,nominal,operational
2025-02-28,ZIP-024,94.2,280,23.8,1.11,44.7,6.03,119.0,nominal,operational
2025-02-28,ZIP-025,93.8,283,17.6,0.98,42.8,5.85,138.0,nominal,operational
2025-02-28,ZIP-026,94.4,286,19.1,0.77,42.5,6.13,173.0,nominal,operational
2025-02-28,ZIP-027,94.0,289,15.9,0.94,43.2,5.88,112.0,nominal,operational
2025-02-28,ZIP-028,93.6,292,20.8,1.11,44.2,5.87,119.0,nominal,operational
2025-02-28,ZIP-029,94.4,295,25.3,1.19,43.7,6.18,110.0,nominal,operational
2025-02-28,ZIP-030,93.1,208,14.1,0.77,44.1,5.72,136.0,nominal,operational
2025-03-01,ZIP-001,93.4,213,28.7,1.17,45.5,5.85,113.0,nominal,operational
2025-03-01,ZIP-002,93.9,216,24.2,0.95,43.1,5.89,110.0,nominal,operational
2025-03-01,ZIP-003,94.0,219,15.6,1.16,43.4,5.63,132.0,nominal,operational
2025-03-01,ZIP-004,93.9,222,19.9,0.93,44.4,5.5,105.0,nominal,operational
2025-03-01,ZIP-005,98.9,225,17.8,1.17,43.4,5.49,89.0,nominal,operational
2025-03-01,ZIP-006,94.6,228,22.3,0.87,43.9,5.81,149.0,nominal,operational
2025-03-01,ZIP-007,93.5,231,20.3,1.04,43.3,5.8,77.0,nominal,operational
2025-03-01,ZIP-008,94.3,234,26.4,0.96,42.9,5.92,154.0,nominal,operational
2025-03-01,ZIP-009,93.6,237,8.2,1.06,43.0,5.75,128.0,nominal,operational
2025-03-01,ZIP-010,94.1,240,29.9,1.17,45.9,5.91,123.0,nominal,operational
2025-03-01,ZIP-011,93.4,243,21.6,1.13,43.4,5.48,117.0,nominal,operational
2025-03-01,ZIP-012,94.0,246,19.4,1.25,44.9,5.43,131.0,nominal,operational
2025-03-01,ZIP-013,93.5,249,11.5,0.9,43.4,5.64,115.0,nominal,operational
2025-03-01,ZIP-014,93.4,252,13.8,0.87,43.4,6.96,133.0,nominal,monitoring
2025-03-01,ZIP-015,94.4,255,17.4,1.28,46.0,5.81,114.0,nominal,operational
2025-03-01,ZIP-016,93.2,258,14.2,0.75,42.3,5.7,118.0,nominal,operational
2025-03-01,ZIP-017,93.8,261,23.3,1.4,44.4,5.67,113.0,nominal,operational
2025-03-01,ZIP-018,94.0,264,23.0,0.91,43.3,5.84,94.0,nominal,operational
2025-03-01,ZIP-019,94.4,267,19.8,0.87,44.0,5.87,128.0,nominal,operational
2025-03-01,ZIP-020,94.3,270,18.7,1.32,44.3,5.47,130.0,nominal,operational
2025-03-01,ZIP-021,93.8,273,22.6,0.88,43.7,5.97,100.0,nominal,operational
2025-03-01,ZIP-022,93.9,276,16.3,1.02,44.8,5.6,104.0,nominal,operational
2025-03-01,ZIP-023,94.1,279,10.8,0.92,43.4,5.56,120.0,nominal,operational
2025-03-01,ZIP-024,94.4,282,21.2,0.99,44.4,5.77,99.0,nominal,operational
2025-03-01,ZIP-025,94.2,285,15.2,0.91,44.0,5.79,114.0,nominal,operational
2025-03-01,ZIP-026,94.2,288,19.0,0.96,43.6,5.66,130.0,nominal,operational
2025-03-01,ZIP-027,93.8,291,21.5,0.89,44.9,5.77,118.0,nominal,operational
2025-03-01,ZIP-028,94.2,294,19.3,0.99,45.5,5.5,130.0,nominal,operational
2025-03-01,ZIP-029,93.7,297,16.4,0.92,45.6,5.7,106.0,nominal,operational
2025-03-01,ZIP-030,93.8,210,18.1,1.18,43.2,5.87,137.0,nominal,operational
2025-03-02,ZIP-001,94.1,215,11.7,0.96,46.3,5.89,157.0,nominal,operational
2025-03-02,ZIP-002,94.1,218,14.8,1.05,43.4,5.8,123.0,nominal,operational
2025-03-02,ZIP-003,93.5,221,30.3,0.96,44.9,5.55,116.0,nominal,operational
2025-03-02,ZIP-004,93.9,224,18.3,1.04,43.9,5.12,103.0,nominal,operational
2025-03-02,ZIP-005,98.7,227,16.7,1.17,44.3,5.58,134.0,nominal,operational
2025-03-02,ZIP-006,93.4,230,20.4,1.12,43.3,5.5,104.0,nominal,operational
2025-03-02,ZIP-007,93.5,233,13.3,1.15,44.9,5.8,116.0,nominal,operational
2025-03-02,ZIP-008,94.5,236,14.4,0.99,44.2,6.18,136.0,nominal,operational
2025-03-02,ZIP-009,93.9,239,25.8,1.09,44.8,5.86,138.0,nominal,operational
2025-03-02,ZIP-010,93.8,242,16.8,1.18,44.3,5.83,96.0,nominal,operational
2025-03-02,ZIP-011,94.6,245,23.6,1.03,44.5,5.91,122.0,nominal,operational
2025-03-02,ZIP-012,94.1,248,16.4,1.16,45.0,5.72,129.0,nominal,operational
2025-03-02,ZIP-013,93.0,251,19.6,1.09,43.6,5.74,136.0,nominal,operational
2025-03-02,ZIP-014,93.7,254,24.9,0.82,44.1,7.16,112.0,nominal,monitoring
2025-03-02,ZIP-015,93.8,257,27.6,0.77,43.4,5.77,90.0,nominal,operational
2025-03-02,ZIP-016,93.5,260,13.1,0.97,45.2,5.7,115.0,nominal,operational
2025-03-02,ZIP-017,93.6,263,25.5,0.98,44.1,5.95,123.0,nominal,operational
2025-03-02,ZIP-018,94.1,266,24.3,1.14,45.9,5.86,111.0,nominal,operational
2025-03-02,ZIP-019,93.7,269,18.6,1.1,43.6,5.78,127.0,nominal,operational
2025-03-02,ZIP-020,93.4,272,10.8,0.98,44.5,6.21,119.0,nominal,operational
2025-03-02,ZIP-021,93.9,275,15.3,1.13,44.8,5.78,119.0,nominal,operational
2025-03-02,ZIP-022,94.2,278,26.6,1.18,43.3,5.81,116.0,nominal,operational
2025-03-02,ZIP-023,94.0,281,20.6,1.04,44.9,5.89,163.0,nominal,operational
2025-03-02,ZIP-024,94.0,284,14.1,1.1,43.7,6.21,113.0,nominal,operational
2025-03-02,ZIP-025,94.4,287,26.4,1.1,44.7,5.48,136.0,nominal,operational
2025-03-02,ZIP-026,93.9,290,14.8,1.0,44.8,5.66,141.0,nominal,operational
2025-03-02,ZIP-027,93.7,293,24.5,1.19,43.7,5.96,90.0,nominal,operational
2025-03-02,ZIP-028,93.7,296,20.1,1.01,43.4,5.47,118.0,nominal,operational
2025-03-02,ZIP-029,93.0,299,19.4,1.1,43.6,6.02,97.0,nominal,operational
2025-03-02,ZIP-030,95.0,212,24.7,1.2,44.5,5.67,148.0,nominal,operational
2025-03-03,ZIP-001,93.9,216,22.1,0.92,43.4,5.5,104.0,nominal,operational
2025-03-03,ZIP-002,93.4,219,23.8,0.67,43.4,5.79,139.0,nominal,operational
2025-03-03,ZIP-003,94.2,222,18.1,0.91,44.6,6.18,140.0,nominal,operational
2025-03-03,ZIP-004,93.1,225,19.4,1.34,42.5,5.72,100.0,nominal,operational
2025-03-03,ZIP-005,98.6,228,17.1,1.17,45.8,5.95,80.0,nominal,operational
2025-03-03,ZIP-006,94.2,231,17.5,1.15,44.9,5.61,128.0,nominal,operational
2025-03-03,ZIP-007,93.7,234,24.0,0.99,43.4,6.1,136.0,nominal,operational
2025-03-03,ZIP-008,93.2,237,12.7,1.13,45.0,5.49,76.0,nominal,operational
2025-03-03,ZIP-009,93.9,240,20.1,0.77,45.5,6.03,115.0,nominal,operational
2025-03-03,ZIP-010,93.2,243,26.8,1.19,44.6,6.02,120.0,nominal,operational
2025-03-03,ZIP-011,93.9,246,21.2,1.18,43.6,5.97,117.0,nominal,operational
2025-03-03,ZIP-012,93.9,249,31.1,1.11,43.5,5.88,132.0,nominal,operational
2025-03-03,ZIP-013,94.3,252,23.7,0.94,44.0,5.79,128.0,nominal,operational
2025-03-03,ZIP-014,93.1,255,23.1,0.95,44.6,6.77,146.0,nominal,monitoring
2025-03-03,ZIP-015,93.7,258,21.9,1.3,44.1,5.69,129.0,nominal,operational
2025-03-03,ZIP-016,93.4,261,24.6,0.75,42.9,5.44,122.0,nominal,operational
2025-03-03,ZIP-017,94.2,264,17.1,0.97,44.3,5.77,99.0,nominal,operational
2025-03-03,ZIP-018,94.3,267,15.4,1.11,43.9,5.76,121.0,nominal,operational
2025-03-03,ZIP-019,94.2,270,16.5,1.14,44.1,5.65,125.0,nominal,operational
2025-03-03,ZIP-020,92.6,273,20.9,1.16,45.5,5.73,100.0,nominal,operational
2025-03-03,ZIP-021,93.4,276,22.2,0.73,43.8,5.78,108.0,nominal,operational
2025-03-03,ZIP-022,93.9,279,27.9,1.28,45.2,5.42,116.0,nominal,operational
2025-03-03,ZIP-023,94.5,282,30.0,0.97,44.6,5.63,154.0,nominal,operational
2025-03-03,ZIP-024,93.6,285,27.0,1.18,43.9,5.7,135.0,nominal,operational
2025-03-03,ZIP-025,94.6,288,21.0,1.22,44.8,6.13,123.0,nominal,operational
2025-03-03,ZIP-026,94.1,291,31.0,1.3,41.7,5.74,121.0,nominal,operational
2025-03-03,ZIP-027,94.5,294,22.7,1.1,44.3,5.91,124.0,nominal,operational
2025-03-03,ZIP-028,93.6,297,17.1,0.87,43.5,5.75,110.0,nominal,operational
2025-03-03,ZIP-029,93.6,300,16.2,1.1,43.3,5.48,107.0,nominal,operational
2025-03-03,ZIP-030,93.8,213,17.8,0.84,43.8,5.66,124.0,nominal,operational
2025-03-04,ZIP-001,94.2,218,14.6,1.27,45.5,5.87,144.0,nominal,operational
2025-03-04,ZIP-002,92.9,221,19.5,1.14,43.1,5.87,119.0,nominal,operational
2025-03-04,ZIP-003,93.3,224,14.5,1.2,45.3,6.09,126.0,nominal,operational
2025-03-04,ZIP-004,94.3,227,24.4,1.18,44.8,5.86,95.0,nominal,operational
2025-03-04,ZIP-005,99.0,230,18.1,1.3,43.8,6.1,139.0,nominal,operational
2025-03-04,ZIP-006,93.9,233,18.1,0.93,44.9,5.57,87.0,nominal,operational
2025-03-04,ZIP-007,94.4,236,18.5,0.98,42.9,5.76,122.0,nominal,operational
2025-03-04,ZIP-008,93.3,239,14.2,1.1,43.3,5.67,142.0,nominal,operational
2025-03-04,ZIP-009,94.6,242,20.2,1.16,44.5,5.56,111.0,nominal,operational
2025-03-04,ZIP-010,93.7,245,27.1,1.25,45.1,5.62,112.0,nominal,operational
2025-03-04,ZIP-011,94.3,248,24.9,1.01,43.3,5.61,107.0,nominal,operational
2025-03-04,ZIP-012,93.8,251,17.5,0.99,45.4,5.82,90.0,nominal,operational
2025-03-04,ZIP-013,94.1,254,17.0,1.12,43.8,5.92,95.0,nominal,operational
2025-03-04,ZIP-014,94.4,257,18.3,0.9,43.3,6.02,116.0,nominal,grounded
2025-03-04,ZIP-015,93.5,260,22.1,1.24,43.0,5.66,123.0,nominal,operational
2025-03-04,ZIP-016,93.5,263,19.4,1.23,47.0,5.53,135.0,nominal,operational
2025-03-04,ZIP-017,94.3,266,13.1,1.01,44.2,5.85,73.0,nominal,operational
2025-03-04,ZIP-018,94.0,269,23.4,1.17,43.2,5.93,153.0,nominal,operational
2025-03-04,ZIP-019,93.6,272,18.0,1.01,44.3,5.92,120.0,nominal,operational
2025-03-04,ZIP-020,93.8,275,23.1,0.72,44.9,5.98,147.0,nominal,operational
2025-03-04,ZIP-021,93.7,278,16.8,0.98,44.8,6.1,124.0,nominal,operational
2025-03-04,ZIP-022,93.3,281,13.6,0.99,43.6,5.62,103.0,nominal,operational
2025-03-04,ZIP-023,94.0,284,27.1,1.1,44.2,5.92,102.0,nominal,operational
2025-03-04,ZIP-024,93.7,287,19.5,0.95,44.1,5.62,115.0,nominal,operational
2025-03-04,ZIP-025,93.3,290,25.5,1.06,43.9,6.04,89.0,nominal,operational
2025-03-04,ZIP-026,93.7,293,16.2,1.2,43.8,6.12,117.0,nominal,operational
2025-03-04,ZIP-027,94.2,296,18.7,0.9,45.5,5.74,117.0,nominal,operational
2025-03-04,ZIP-028,93.9,299,24.5,1.21,46.1,5.73,127.0,nominal,operational
2025-03-04,ZIP-029,93.5,302,15.4,1.0,44.6,5.49,120.0,nominal,operational
2025-03-04,ZIP-030,93.8,215,22.4,0.94,45.0,6.04,88.0,nominal,operational
2025-03-05,ZIP-001,94.1,220,20.2,1.14,42.4,5.83,127.0,nominal,operational
2025-03-05,ZIP-002,93.4,223,25.0,1.2,43.9,5.87,140.0,nominal,operational
2025-03-05,ZIP-003,94.9,226,21.7,1.28,45.6,5.45,107.0,nominal,operational
2025-03-05,ZIP-004,93.9,229,21.2,0.81,44.4,5.59,110.0,nominal,operational
2025-03-05,ZIP-005,98.8,232,19.1,1.18,45.9,5.79,87.0,nominal,operational
2025-03-05,ZIP-006,94.4,235,15.8,0.89,45.1,5.77,98.0,nominal,operational
2025-03-05,ZIP-007,94.4,238,22.1,0.97,44.0,5.96,129.0,nominal,operational
2025-03-05,ZIP-008,93.6,241,24.8,1.0,45.7,5.87,112.0,nominal,operational
2025-03-05,ZIP-009,93.7,244,17.6,1.06,45.0,6.04,109.0,nominal,operational
2025-03-05,ZIP-010,94.1,247,22.7,1.24,45.8,5.55,111.0,nominal,operational
2025-03-05,ZIP-011,93.9,250,17.5,0.87,43.6,5.79,109.0,nominal,operational
2025-03-05,ZIP-012,93.0,253,30.0,0.97,43.5,5.74,126.0,nominal,operational
2025-03-05,ZIP-013,94.0,256,16.9,0.97,44.3,5.87,126.0,nominal,operational
2025-03-05,ZIP-014,94.1,259,20.6,1.12,45.2,5.41,127.0,nominal,grounded
2025-03-05,ZIP-015,93.9,262,19.6,1.01,44.2,5.72,120.0,nominal,operational
2025-03-05,ZIP-016,94.3,265,21.2,0.85,44.2,5.58,129.0,nominal,operational
2025-03-05,ZIP-017,94.1,268,13.8,1.07,43.0,5.86,111.0,nominal,operational
2025-03-05,ZIP-018,94.1,271,23.8,1.17,46.2,5.68,108.0,nominal,operational
2025-03-05,ZIP-019,94.1,274,21.6,1.17,43.9,6.01,113.0,nominal,operational
2025-03-05,ZIP-020,93.9,277,24.1,0.78,42.8,5.82,114.0,nominal,operational
2025-03-05,ZIP-021,94.2,280,28.8,1.1,44.1,5.51,120.0,nominal,operational
2025-03-05,ZIP-022,92.6,283,22.9,1.14,44.1,5.93,113.0,nominal,operational
2025-03-05,ZIP-023,94.1,286,20.4,1.12,45.2,5.79,83.0,nominal,operational
2025-03-05,ZIP-024,94.2,289,24.2,1.25,44.9,5.96,137.0,nominal,operational
2025-03-05,ZIP-025,93.9,292,21.0,1.27,43.0,5.49,128.0,nominal,operational
2025-03-05,ZIP-026,93.5,295,24.9,1.05,45.8,5.91,119.0,nominal,operational
2025-03-05,ZIP-027,93.1,298,20.6,0.91,44.6,5.89,125.0,nominal,operational
2025-03-05,ZIP-028,93.6,301,29.6,1.08,42.6,5.64,98.0,nominal,operational
2025-03-05,ZIP-029,94.4,304,21.3,1.02,45.9,6.14,112.0,nominal,operational
2025-03-05,ZIP-030,93.5,217,16.2,1.34,43.6,5.95,108.0,nominal,operational
2025-03-06,ZIP-001,94.1,221,22.4,0.98,43.0,6.11,106.0,nominal,operational
2025-03-06,ZIP-002,94.0,224,17.0,1.31,46.9,5.95,73.0,nominal,operational
2025-03-06,ZIP-003,93.7,227,26.2,1.04,43.0,5.56,141.0,nominal,operational
2025-03-06,ZIP-004,93.8,230,25.2,0.9,42.5,5.76,116.0,nominal,operational
2025-03-06,ZIP-005,98.6,233,16.1,0.82,44.0,5.83,129.0,nominal,operational
2025-03-06,ZIP-006,94.3,236,22.0,1.27,45.8,6.01,122.0,nominal,operational
2025-03-06,ZIP-007,94.0,239,19.7,1.06,43.7,6.15,107.0,nominal,operational
2025-03-06,ZIP-008,93.7,242,13.0,0.89,43.0,6.11,167.0,nominal,operational
2025-03-06,ZIP-009,93.9,245,19.6,1.05,46.7,6.01,166.0,nominal,operational
2025-03-06,ZIP-010,93.7,248,18.5,1.19,43.1,5.54,96.0,nominal,operational
2025-03-06,ZIP-011,94.6,251,24.0,0.99,45.5,6.03,109.0,nominal,operational
2025-03-06,ZIP-012,93.2,254,25.8,0.88,46.2,5.42,114.0,nominal,operational
2025-03-06,ZIP-013,93.0,257,16.8,1.02,44.7,5.73,115.0,nominal,operational
2025-03-06,ZIP-014,94.2,260,24.0,1.29,44.1,5.63,98.0,nominal,operational
2025-03-06,ZIP-015,94.5,263,18.0,1.13,44.3,5.8,105.0,nominal,operational
2025-03-06,ZIP-016,94.1,266,21.8,1.07,42.2,5.93,111.0,nominal,operational
2025-03-06,ZIP-017,94.0,269,13.9,1.08,44.2,5.85,76.0,nominal,operational
2025-03-06,ZIP-018,93.5,272,23.7,1.18,44.6,5.85,127.0,nominal,operational
2025-03-06,ZIP-019,93.2,275,15.7,0.96,44.9,5.98,111.0,nominal,operational
2025-03-06,ZIP-020,93.7,278,21.5,1.12,42.1,5.64,145.0,nominal,operational
2025-03-06,ZIP-021,93.9,281,21.2,1.2,44.6,6.26,141.0,nominal,operational
2025-03-06,ZIP-022,94.0,284,19.3,1.04,44.2,6.16,114.0,nominal,operational
2025-03-06,ZIP-023,93.4,287,14.5,1.02,44.2,6.01,124.0,nominal,operational
2025-03-06,ZIP-024,93.4,290,23.5,1.04,44.6,6.26,127.0,nominal,operational
2025-03-06,ZIP-025,93.7,293,18.6,1.21,44.1,6.1,111.0,nominal,operational
2025-03-06,ZIP-026,94.1,296,11.4,1.19,45.7,5.75,144.0,nominal,operational
2025-03-06,ZIP-027,93.6,299,15.3,1.13,43.9,5.65,85.0,nominal,operational
2025-03-06,ZIP-028,93.6,302,16.9,0.9,45.2,5.82,98.0,nominal,operational
2025-03-06,ZIP-029,93.2,305,17.4,1.25,44.0,5.57,120.0,nominal,operational
2025-03-06,ZIP-030,93.4,218,23.1,0.95,43.5,5.58,100.0,nominal,operational
2025-03-07,ZIP-001,94.0,223,14.1,1.06,46.1,5.77,143.0,nominal,operational
2025-03-07,ZIP-002,93.8,226,17.6,1.08,45.3,6.02,109.0,nominal,operational
2025-03-07,ZIP-003,93.5,229,19.3,0.89,44.5,5.56,132.0,nominal,operational
2025-03-07,ZIP-004,93.3,232,21.7,1.0,44.7,5.44,110.0,nominal,operational
2025-03-07,ZIP-005,99.1,235,19.8,1.2,44.7,5.98,87.0,nominal,operational
2025-03-07,ZIP-006,93.7,238,22.7,1.07,44.9,5.59,116.0,nominal,operational
2025-03-07,ZIP-007,92.8,241,16.1,1.11,43.9,5.62,127.0,nominal,operational
2025-03-07,ZIP-008,93.7,244,16.8,1.02,45.6,5.91,156.0,nominal,operational
2025-03-07,ZIP-009,93.7,247,17.2,1.25,45.1,5.88,103.0,nominal,operational
2025-03-07,ZIP-010,93.9,250,22.3,1.32,46.4,5.74,110.0,nominal,operational
2025-03-07,ZIP-011,94.2,253,11.0,0.98,43.4,5.79,110.0,nominal,operational
2025-03-07,ZIP-012,93.8,256,11.5,1.07,43.2,6.09,133.0,nominal,operational
2025-03-07,ZIP-013,93.6,259,21.8,0.92,45.7,5.93,97.0,nominal,operational
2025-03-07,ZIP-014,94.0,262,18.9,0.96,43.4,5.88,130.0,nominal,operational
2025-03-07,ZIP-015,93.3,265,26.7,1.14,43.9,5.74,124.0,nominal,operational
2025-03-07,ZIP-016,93.2,268,15.0,1.35,46.9,5.98,103.0,nominal,operational
2025-03-07,ZIP-017,93.2,271,15.7,0.97,45.1,6.2,118.0,nominal,operational
2025-03-07,ZIP-018,93.8,274,20.3,1.0,42.8,5.32,171.0,nominal,operational
2025-03-07,ZIP-019,94.1,277,16.4,0.84,43.4,6.11,140.0,nominal,operational
2025-03-07,ZIP-020,93.9,280,16.9,1.0,44.7,6.16,95.0,nominal,operational
2025-03-07,ZIP-021,93.3,283,17.3,0.86,41.9,5.65,139.0,nominal,operational
2025-03-07,ZIP-022,93.5,286,20.5,0.94,43.4,6.04,105.0,nominal,operational
2025-03-07,ZIP-023,93.7,289,24.0,0.67,41.9,6.29,112.0,nominal,operational
2025-03-07,ZIP-024,94.2,292,26.9,1.26,44.9,5.99,105.0,nominal,operational
2025-03-07,ZIP-025,93.0,295,19.3,1.07,44.0,6.01,90.0,nominal,operational
2025-03-07,ZIP-026,93.8,298,19.7,1.01,43.2,5.67,125.0,nominal,operational
2025-03-07,ZIP-027,94.3,301,18.4,1.08,43.7,5.61,144.0,nominal,operational
2025-03-07,ZIP-028,93.5,304,16.7,0.91,42.7,5.98,158.0,nominal,operational
2025-03-07,ZIP-029,93.1,307,19.2,0.87,44.1,5.87,102.0,nominal,operational
2025-03-07,ZIP-030,93.9,220,18.9,1.32,44.8,6.14,136.0,nominal,operational
2025-03-08,ZIP-001,93.5,225,17.1,1.18,44.0,6.16,123.0,nominal,operational
2025-03-08,ZIP-002,94.0,228,19.2,1.16,44.8,6.05,111.0,nominal,operational
2025-03-08,ZIP-003,94.3,231,13.5,1.13,43.3,5.92,165.0,nominal,operational
2025-03-08,ZIP-004,93.5,234,18.4,1.16,44.4,5.56,114.0,nominal,operational
2025-03-08,ZIP-005,98.9,237,17.6,1.24,44.8,5.77,133.0,nominal,operational
2025-03-08,ZIP-006,93.3,240,25.6,1.25,42.9,5.78,117.0,nominal,operational
2025-03-08,ZIP-007,93.1,243,18.4,1.11,44.0,5.68,134.0,nominal,operational
2025-03-08,ZIP-008,93.3,246,22.0,0.98,44.0,5.91,116.0,nominal,operational
2025-03-08,ZIP-009,93.4,249,13.5,1.18,44.2,5.73,106.0,nominal,operational
2025-03-08,ZIP-010,93.6,252,8,1.0,46.3,5.79,118.0,nominal,operational
2025-03-08,ZIP-011,94.2,255,23.6,0.74,44.1,6.0,109.0,nominal,operational
2025-03-08,ZIP-012,92.5,258,32.0,0.87,43.9,5.78,109.0,nominal,operational
2025-03-08,ZIP-013,94.4,261,14.8,1.1,43.9,5.82,127.0,nominal,operational
2025-03-08,ZIP-014,92.7,264,18.7,1.27,43.3,5.7,134.0,nominal,operational
2025-03-08,ZIP-015,94.1,267,12.1,0.8,44.0,5.64,166.0,nominal,operational
2025-03-08,ZIP-016,93.5,270,16.6,1.22,44.1,5.48,130.0,nominal,operational
2025-03-08,ZIP-017,92.9,273,16.3,1.16,43.9,5.74,138.0,nominal,operational
2025-03-08,ZIP-018,94.0,276,16.8,0.95,43.5,5.71,142.0,nominal,operational
2025-03-08,ZIP-019,93.7,279,23.3,1.12,44.8,6.02,133.0,nominal,operational
2025-03-08,ZIP-020,93.2,282,9.9,0.8,43.2,5.96,138.0,nominal,operational
2025-03-08,ZIP-021,93.7,285,26.9,0.9,42.7,5.91,108.0,nominal,operational
2025-03-08,ZIP-022,93.5,288,23.2,1.18,45.7,6.02,133.0,nominal,operational
2025-03-08,ZIP-023,93.4,291,21.9,1.17,43.3,5.62,133.0,nominal,operational
2025-03-08,ZIP-024,93.6,294,18.3,1.1,44.0,5.22,108.0,nominal,operational
2025-03-08,ZIP-025,93.5,297,22.0,1.03,45.6,5.74,84.0,nominal,operational
2025-03-08,ZIP-026,94.0,300,29.6,0.8,44.8,5.56,109.0,nominal,operational
2025-03-08,ZIP-027,93.4,303,16.2,1.08,43.9,6.33,123.0,nominal,operational
2025-03-08,ZIP-028,93.8,306,25.5,1.35,45.0,5.51,135.0,nominal,operational
2025-03-08,ZIP-029,93.6,309,22.1,1.16,45.5,5.73,91.0,nominal,operational
2025-03-08,ZIP-030,93.1,222,23.1,1.03,43.5,5.69,114.0,nominal,operational
2025-03-09,ZIP-001,94.3,226,27.4,1.14,43.0,5.82,96.0,nominal,operational
2025-03-09,ZIP-002,93.9,229,24.2,1.01,45.3,5.2,119.0,nominal,operational
2025-03-09,ZIP-003,93.9,232,17.2,1.16,45.1,5.67,132.0,nominal,operational
2025-03-09,ZIP-004,93.3,235,9.1,0.86,44.0,5.96,107.0,nominal,operational
2025-03-09,ZIP-005,98.9,238,16.5,1.18,46.7,5.64,109.0,nominal,operational
2025-03-09,ZIP-006,93.8,241,16.5,1.03,43.9,5.73,97.0,nominal,operational
2025-03-09,ZIP-007,93.0,244,16.0,0.94,43.0,5.95,117.0,nominal,operational
2025-03-09,ZIP-008,93.9,247,21.3,1.04,45.2,5.4,153.0,nominal,operational
2025-03-09,ZIP-009,93.9,250,16.7,1.06,44.7,5.81,145.0,nominal,operational
2025-03-09,ZIP-010,94.4,253,24.9,1.2,45.0,5.67,120.0,nominal,operational
2025-03-09,ZIP-011,93.1,256,23.7,1.21,45.0,5.81,125.0,nominal,operational
2025-03-09,ZIP-012,93.9,259,13.2,1.02,44.4,5.9,110.0,nominal,operational
2025-03-09,ZIP-013,93.5,262,15.0,1.24,44.4,6.03,114.0,nominal,operational
2025-03-09,ZIP-014,93.7,265,17.5,1.17,44.9,6.12,137.0,nominal,operational
2025-03-09,ZIP-015,93.6,268,25.8,0.88,44.4,5.38,120.0,nominal,operational
2025-03-09,ZIP-016,93.1,271,14.7,1.14,42.6,5.7,111.0,nominal,operational
2025-03-09,ZIP-017,93.6,274,22.0,0.92,44.2,5.31,131.0,nominal,operational
2025-03-09,ZIP-018,93.8,277,20.0,1.25,45.2,5.32,95.0,nominal,operational
2025-03-09,ZIP-019,94.0,280,21.9,0.92,43.7,5.95,149.0,nominal,operational
2025-03-09,ZIP-020,94.0,283,20.5,0.98,42.9,5.7,125.0,nominal,operational
2025-03-09,ZIP-021,93.6,286,23.4,1.0,43.8,5.68,119.0,nominal,operational
2025-03-09,ZIP-022,93.9,289,28.8,1.12,44.0,5.87,102.0,nominal,operational
2025-03-09,ZIP-023,93.9,292,25.6,0.97,43.9,5.53,107.0,nominal,operational
2025-03-09,ZIP-024,93.6,295,11.4,0.81,45.0,6.06,121.0,nominal,operational
2025-03-09,ZIP-025,93.3,298,33.5,1.16,43.9,5.65,98.0,nominal,operational
2025-03-09,ZIP-026,93.7,301,16.4,1.0,43.6,5.7,132.0,nominal,operational
2025-03-09,ZIP-027,94.7,304,13.3,1.02,41.9,5.82,104.0,nominal,operational
2025-03-09,ZIP-028,93.6,307,19.6,1.04,44.4,5.22,103.0,nominal,operational
2025-03-09,ZIP-029,93.5,310,23.6,0.88,42.6,6.21,99.0,nominal,operational
2025-03-09,ZIP-030,94.0,223,27.7,0.96,42.6,5.88,116.0,nominal,operational
2025-03-10,ZIP-001,93.2,228,28.1,0.68,43.7,5.78,101.0,nominal,operational
2025-03-10,ZIP-002,93.0,231,8,1.39,47.0,5.34,134.0,nominal,operational
2025-03-10,ZIP-003,94.4,234,19.7,1.08,44.2,5.73,103.0,nominal,operational
2025-03-10,ZIP-004,93.6,237,23.6,0.87,46.0,5.95,96.0,nominal,operational
2025-03-10,ZIP-005,98.6,240,17.8,1.09,44.0,5.81,95.0,nominal,operational
2025-03-10,ZIP-006,93.6,243,15.6,1.14,43.5,5.85,140.0,nominal,operational
2025-03-10,ZIP-007,93.7,246,23.5,1.06,43.7,5.67,130.0,nominal,operational
2025-03-10,ZIP-008,93.0,249,29.2,0.81,42.6,5.94,120.0,nominal,operational
2025-03-10,ZIP-009,93.7,252,17.0,1.27,43.8,6.1,112.0,nominal,operational
2025-03-10,ZIP-010,93.7,255,21.9,0.97,42.9,5.14,139.0,nominal,operational
2025-03-10,ZIP-011,94.3,258,14.3,1.03,44.1,5.74,118.0,nominal,operational
2025-03-10,ZIP-012,93.5,261,25.4,1.24,44.0,5.63,140.0,nominal,operational
2025-03-10,ZIP-013,94.2,264,24.9,0.97,44.2,5.89,123.0,nominal,operational
2025-03-10,ZIP-014,93.6,267,25.0,1.13,43.9,5.69,136.0,nominal,operational
2025-03-10,ZIP-015,94.3,270,24.7,0.96,44.8,6.0,131.0,nominal,operational
2025-03-10,ZIP-016,93.1,273,20.6,1.13,43.6,5.98,147.0,nominal,operational
2025-03-10,ZIP-017,93.7,276,19.5,1.14,44.4,6.0,130.0,nominal,operational
2025-03-10,ZIP-018,93.0,279,12.6,1.27,44.5,5.92,118.0,nominal,operational
2025-03-10,ZIP-019,93.5,282,16.4,1.24,44.0,5.92,101.0,nominal,operational
2025-03-10,ZIP-020,93.2,285,24.1,1.09,41.7,5.91,103.0,nominal,operational
2025-03-10,ZIP-021,93.3,288,18.4,1.2,45.8,5.8,114.0,nominal,operational
2025-03-10,ZIP-022,94.4,291,15.9,0.98,45.0,5.74,99.0,nominal,operational
2025-03-10,ZIP-023,93.1,294,22.8,1.08,44.1,5.9,135.0,nominal,operational
2025-03-10,ZIP-024,93.8,297,26.2,0.88,44.9,5.29,82.0,nominal,operational
2025-03-10,ZIP-025,93.4,300,18.3,1.02,44.1,5.47,132.0,nominal,operational
2025-03-10,ZIP-026,94.1,303,15.6,1.17,43.5,5.94,165.0,nominal,operational
2025-03-10,ZIP-027,93.8,306,9.0,0.95,42.9,5.46,156.0,nominal,operational
2025-03-10,ZIP-028,94.1,309,12.7,0.85,45.4,5.75,146.0,nominal,operational
2025-03-10,ZIP-029,94.1,312,22.9,1.22,46.4,5.59,133.0,nominal,operational
2025-03-10,ZIP-030,94.0,225,24.2,1.06,44.2,5.2,120.0,nominal,operational
2025-03-11,ZIP-001,93.4,230,17.6,0.78,43.6,5.7,135.0,nominal,operational
2025-03-11,ZIP-002,94.0,233,21.4,1.0,44.6,5.61,129.0,nominal,operational
2025-03-11,ZIP-003,93.5,236,23.3,1.01,42.6,6.04,105.0,nominal,operational
2025-03-11,ZIP-004,93.3,239,23.7,1.1,46.0,5.56,101.0,nominal,operational
2025-03-11,ZIP-005,98.9,242,19.8,1.02,41.1,5.73,103.0,nominal,operational
2025-03-11,ZIP-006,93.2,245,22.2,0.96,43.0,5.86,107.0,nominal,operational
2025-03-11,ZIP-007,94.2,248,24.4,0.98,43.4,5.53,127.0,nominal,operational
2025-03-11,ZIP-008,93.6,251,14.9,0.99,45.0,5.8,97.0,nominal,operational
2025-03-11,ZIP-009,93.9,254,23.7,0.96,44.5,5.85,132.0,nominal,operational
2025-03-11,ZIP-010,94.0,257,21.3,1.08,43.6,5.44,139.0,nominal,operational
2025-03-11,ZIP-011,93.6,260,21.4,0.84,44.9,5.81,145.0,nominal,operational
2025-03-11,ZIP-012,94.1,263,12.0,0.87,43.2,5.75,100.0,nominal,operational
2025-03-11,ZIP-013,93.1,266,24.4,1.19,45.3,5.72,104.0,nominal,operational
2025-03-11,ZIP-014,93.3,269,26.3,1.37,44.7,6.19,122.0,nominal,operational
2025-03-11,ZIP-015,94.2,272,20.6,0.89,42.6,5.91,121.0,nominal,operational
2025-03-11,ZIP-016,94.2,275,19.8,1.09,44.0,5.5,128.0,nominal,operational
2025-03-11,ZIP-017,93.2,278,19.5,1.02,43.5,5.6,132.0,nominal,operational
2025-03-11,ZIP-018,93.7,281,14.1,1.07,44.7,5.76,136.0,nominal,operational
2025-03-11,ZIP-019,93.3,284,19.5,0.77,43.5,5.84,127.0,nominal,operational
2025-03-11,ZIP-020,93.9,287,26.9,0.85,43.8,5.4,144.0,nominal,operational
2025-03-11,ZIP-021,93.8,290,10.7,0.83,44.8,6.16,112.0,nominal,operational
2025-03-11,ZIP-022,93.6,293,17.9,0.93,45.1,5.71,125.0,nominal,operational
2025-03-11,ZIP-023,93.4,296,11.3,1.26,42.2,5.7,121.0,nominal,operational
2025-03-11,ZIP-024,94.1,299,22.3,1.03,43.8,6.06,118.0,nominal,operational
2025-03-11,ZIP-025,93.6,302,20.7,1.13,46.0,6.19,147.0,nominal,operational
2025-03-11,ZIP-026,94.1,305,13.8,1.09,41.7,5.63,131.0,nominal,operational
2025-03-11,ZIP-027,92.7,308,29.0,1.0,45.5,5.74,108.0,nominal,operational
2025-03-11,ZIP-028,94.2,311,14.0,1.16,44.9,5.97,112.0,nominal,operational
2025-03-11,ZIP-029,93.9,314,13.4,1.18,44.4,5.74,133.0,nominal,operational
2025-03-11,ZIP-030,93.2,227,17.5,1.23,43.8,6.15,98.0,nominal,operational
2025-03-12,ZIP-001,94.0,232,22.0,1.08,44.0,5.63,96.0,nominal,operational
2025-03-12,ZIP-002,93.8,235,21.6,0.8,44.0,5.99,119.0,nominal,operational
2025-03-12,ZIP-003,93.2,238,16.5,0.97,46.1,5.92,135.0,nominal,operational
2025-03-12,ZIP-004,93.4,241,15.7,1.1,43.4,6.32,133.0,nominal,operational
2025-03-12,ZIP-005,98.9,244,19.1,1.17,44.1,5.66,148.0,nominal,operational
2025-03-12,ZIP-006,93.5,247,16.4,1.05,45.1,5.75,120.0,nominal,operational
2025-03-12,ZIP-007,93.4,250,22.5,1.16,43.6,5.55,103.0,nominal,operational
2025-03-12,ZIP-008,93.5,253,21.5,1.19,44.4,5.73,113.0,nominal,operational
2025-03-12,ZIP-009,93.3,256,17.9,1.1,44.0,5.7,88.0,nominal,operational
2025-03-12,ZIP-010,94.3,259,11.4,0.96,43.7,6.04,131.0,nominal,operational
2025-03-12,ZIP-011,94.0,262,29.0,0.92,46.0,5.88,112.0,nominal,operational
2025-03-12,ZIP-012,94.0,265,25.8,1.34,44.5,5.6,141.0,nominal,operational
2025-03-12,ZIP-013,93.6,268,25.2,0.97,43.1,5.34,124.0,nominal,operational
2025-03-12,ZIP-014,93.8,271,19.8,0.96,43.7,5.59,116.0,nominal,operational
2025-03-12,ZIP-015,93.8,274,22.2,1.18,44.8,5.64,146.0,nominal,operational
2025-03-12,ZIP-016,93.6,277,21.9,1.18,44.9,6.19,90.0,nominal,operational
2025-03-12,ZIP-017,93.9,280,18.4,1.1,43.3,5.71,162.0,nominal,operational
2025-03-12,ZIP-018,93.4,283,23.1,1.02,44.8,5.81,111.0,nominal,operational
2025-03-12,ZIP-019,93.1,286,28.8,0.84,43.7,5.73,120.0,nominal,operational
2025-03-12,ZIP-020,93.9,289,20.3,0.85,42.4,5.93,127.0,nominal,operational
2025-03-12,ZIP-021,93.3,292,28.2,0.79,42.2,5.79,132.0,nominal,operational
2025-03-12,ZIP-022,93.0,295,14.2,1.28,44.6,6.05,117.0,nominal,operational
2025-03-12,ZIP-023,94.0,298,18.2,1.02,44.8,6.41,102.0,nominal,operational
2025-03-12,ZIP-024,94.0,301,13.8,1.03,44.2,5.48,100.0,nominal,operational
2025-03-12,ZIP-025,92.9,304,25.1,0.77,42.4,5.84,116.0,nominal,operational
2025-03-12,ZIP-026,93.4,307,23.0,0.94,45.1,5.64,119.0,nominal,operational
2025-03-12,ZIP-027,93.7,310,21.5,0.94,43.6,5.86,100.0,nominal,operational
2025-03-12,ZIP-028,93.8,313,22.4,1.04,42.1,5.46,99.0,nominal,operational
2025-03-12,ZIP-029,93.2,316,23.1,1.15,45.2,6.02,121.0,nominal,operational
2025-03-12,ZIP-030,94.0,229,20.0,0.9,43.4,5.86,140.0,nominal,operational
2025-03-13,ZIP-001,93.2,233,27.1,0.66,42.0,5.9,72.0,nominal,operational
2025-03-13,ZIP-002,93.9,236,22.9,0.83,43.0,5.61,70.0,nominal,operational
2025-03-13,ZIP-003,93.3,239,20.3,1.37,44.2,5.48,160.0,nominal,operational
2025-03-13,ZIP-004,93.8,242,22.7,0.96,44.7,5.63,110.0,nominal,operational
2025-03-13,ZIP-005,98.8,245,16.9,0.81,43.6,5.51,105.0,nominal,operational
2025-03-13,ZIP-006,93.8,248,19.7,1.09,45.5,5.59,127.0,nominal,operational
2025-03-13,ZIP-007,93.4,251,8.3,1.07,42.6,5.72,97.0,nominal,operational
2025-03-13,ZIP-008,93.8,254,25.9,0.98,43.1,5.76,129.0,nominal,operational
2025-03-13,ZIP-009,93.7,257,20.3,1.3,45.5,5.48,134.0,nominal,operational
2025-03-13,ZIP-010,93.6,260,13.1,1.12,43.8,5.96,150.0,nominal,operational
2025-03-13,ZIP-011,93.7,263,29.0,1.0,45.6,5.96,108.0,nominal,operational
2025-03-13,ZIP-012,93.5,266,23.4,0.7,44.5,5.81,140.0,nominal,operational
2025-03-13,ZIP-013,93.9,269,8.8,1.23,46.2,5.81,118.0,nominal,operational
2025-03-13,ZIP-014,93.6,272,21.3,0.86,44.7,5.95,109.0,nominal,operational
2025-03-13,ZIP-015,93.5,275,27.4,1.13,43.6,5.64,99.0,nominal,operational
2025-03-13,ZIP-016,93.7,278,22.2,0.81,41.7,5.72,126.0,nominal,operational
2025-03-13,ZIP-017,93.6,281,21.5,0.98,42.4,5.75,94.0,nominal,operational
2025-03-13,ZIP-018,94.0,284,10.8,1.0,42.5,6.05,121.0,nominal,operational
2025-03-13,ZIP-019,94.9,287,17.9,1.05,45.6,5.61,101.0,nominal,operational
2025-03-13,ZIP-020,93.7,290,24.5,1.01,45.9,6.38,144.0,nominal,operational
2025-03-13,ZIP-021,93.4,293,23.0,1.13,44.1,5.57,100.0,nominal,operational
2025-03-13,ZIP-022,93.4,296,17.7,1.01,44.4,5.57,110.0,nominal,operational
2025-03-13,ZIP-023,93.7,299,16.6,0.88,45.9,6.04,148.0,nominal,operational
2025-03-13,ZIP-024,93.5,302,14.2,1.23,43.9,5.56,128.0,nominal,operational
2025-03-13,ZIP-025,93.4,305,18.9,1.23,44.5,5.57,109.0,nominal,operational
2025-03-13,ZIP-026,93.2,308,22.4,1.17,45.1,5.8,98.0,nominal,operational
2025-03-13,ZIP-027,93.7,311,17.7,0.94,44.0,5.88,102.0,nominal,operational
2025-03-13,ZIP-028,93.3,314,15.9,1.09,44.2,6.03,117.0,nominal,operational
2025-03-13,ZIP-029,94.1,317,16.7,1.08,43.6,6.12,114.0,nominal,operational
2025-03-13,ZIP-030,93.9,230,16.1,1.09,43.6,5.98,113.0,nominal,operational
2025-03-14,ZIP-001,93.5,235,13.3,1.12,45.1,5.97,137.0,nominal,operational
2025-03-14,ZIP-002,93.9,238,16.3,1.11,44.4,5.97,104.0,nominal,operational
2025-03-14,ZIP-003,93.3,241,18.2,0.85,43.5,5.75,115.0,nominal,operational
2025-03-14,ZIP-004,94.1,244,23.9,1.1,45.1,6.09,121.0,nominal,operational
2025-03-14,ZIP-005,98.7,247,16.5,1.15,42.6,6.12,112.0,nominal,operational
2025-03-14,ZIP-006,93.2,250,17.3,1.18,43.1,5.84,88.0,nominal,operational
2025-03-14,ZIP-007,93.4,253,10.5,1.11,44.2,5.86,135.0,nominal,operational
2025-03-14,ZIP-008,92.8,256,15.7,1.22,45.2,5.13,104.0,nominal,operational
2025-03-14,ZIP-009,93.0,259,22.6,1.11,44.1,5.51,136.0,nominal,operational
2025-03-14,ZIP-010,93.3,262,17.1,0.92,45.0,6.04,112.0,nominal,operational
2025-03-14,ZIP-011,93.0,265,19.7,0.88,43.2,5.77,115.0,nominal,operational
2025-03-14,ZIP-012,93.0,268,27.6,1.11,46.3,6.29,125.0,nominal,operational
2025-03-14,ZIP-013,93.8,271,25.5,0.96,42.6,6.0,139.0,nominal,operational
2025-03-14,ZIP-014,93.1,274,16.3,1.12,46.8,5.46,136.0,nominal,operational
2025-03-14,ZIP-015,93.6,277,27.6,1.07,44.9,5.62,138.0,nominal,operational
2025-03-14,ZIP-016,94.0,280,18.7,0.91,44.1,5.29,82.0,nominal,operational
2025-03-14,ZIP-017,93.3,283,18.5,0.99,44.6,5.59,103.0,nominal,operational
2025-03-14,ZIP-018,93.4,286,18.7,1.23,47.3,5.83,104.0,nominal,operational
2025-03-14,ZIP-019,93.6,289,18.5,1.26,43.3,5.55,117.0,nominal,operational
2025-03-14,ZIP-020,93.7,292,12.3,0.91,41.4,5.8,99.0,nominal,operational
2025-03-14,ZIP-021,93.3,295,18.1,1.23,45.8,5.96,129.0,nominal,operational
2025-03-14,ZIP-022,92.8,298,14.2,1.16,45.1,5.88,128.0,nominal,operational
2025-03-14,ZIP-023,93.4,301,19.8,1.17,43.9,5.98,148.0,nominal,operational
2025-03-14,ZIP-024,93.9,304,16.6,0.89,42.5,5.4,118.0,nominal,operational
2025-03-14,ZIP-025,93.7,307,19.9,1.14,42.7,5.89,151.0,nominal,operational
2025-03-14,ZIP-026,93.4,310,20.7,1.32,45.5,6.29,125.0,nominal,operational
2025-03-14,ZIP-027,93.5,313,22.0,1.01,44.1,6.08,113.0,nominal,operational
2025-03-14,ZIP-028,94.0,316,19.6,1.16,44.3,5.74,90.0,nominal,operational
2025-03-14,ZIP-029,92.3,319,22.9,1.04,43.1,6.25,131.0,nominal,operational
2025-03-14,ZIP-030,93.2,232,16.4,0.92,43.6,5.86,132.0,nominal,operational
2025-03-15,ZIP-001,93.6,237,25.3,1.05,43.9,5.96,91.0,nominal,operational
2025-03-15,ZIP-002,93.6,240,14.0,0.95,44.2,5.64,120.0,nominal,operational
2025-03-15,ZIP-003,94.0,243,18.3,1.04,45.7,6.01,151.0,nominal,operational
2025-03-15,ZIP-004,93.2,246,21.3,0.94,44.4,6.05,89.0,nominal,operational
2025-03-15,ZIP-005,98.6,249,17.5,1.27,46.7,5.62,122.0,nominal,operational
2025-03-15,ZIP-006,93.7,252,26.3,1.19,44.0,5.68,108.0,nominal,operational
2025-03-15,ZIP-007,93.5,255,20.0,1.25,45.0,5.83,119.0,nominal,operational
2025-03-15,ZIP-008,94.0,258,10.9,1.25,44.3,5.98,105.0,nominal,operational
2025-03-15,ZIP-009,93.9,261,24.7,1.14,45.1,5.44,99.0,nominal,operational
2025-03-15,ZIP-010,93.4,264,28.3,1.22,47.1,5.7,127.0,nominal,operational
2025-03-15,ZIP-011,94.1,267,23.1,0.82,44.4,5.72,132.0,nominal,operational
2025-03-15,ZIP-012,93.4,270,20.1,1.02,43.2,5.63,110.0,nominal,operational
2025-03-15,ZIP-013,93.0,273,17.8,1.03,42.5,6.11,115.0,nominal,operational
2025-03-15,ZIP-014,93.5,276,14.7,1.21,44.4,6.02,136.0,nominal,operational
2025-03-15,ZIP-015,94.0,279,18.5,1.4,45.8,6.13,119.0,nominal,operational
2025-03-15,ZIP-016,92.9,282,17.7,1.07,45.1,5.78,148.0,nominal,operational
2025-03-15,ZIP-017,93.8,285,20.3,0.91,45.6,5.81,117.0,nominal,operational
2025-03-15,ZIP-018,93.8,288,23.0,1.09,45.2,5.78,106.0,nominal,operational
2025-03-15,ZIP-019,93.6,291,16.8,1.16,46.0,5.64,86.0,nominal,operational
2025-03-15,ZIP-020,94.0,294,12.9,0.61,43.1,5.64,100.0,nominal,operational
2025-03-15,ZIP-021,93.5,297,31.2,1.16,44.5,5.73,115.0,nominal,operational
2025-03-15,ZIP-022,93.3,300,24.3,1.0,46.1,6.0,126.0,nominal,operational
2025-03-15,ZIP-023,93.8,303,9.2,1.2,45.0,5.79,128.0,nominal,operational
2025-03-15,ZIP-024,92.9,306,18.4,1.4,45.2,5.85,101.0,nominal,operational
2025-03-15,ZIP-025,93.3,309,18.4,1.4,45.6,5.82,116.0,nominal,operational
2025-03-15,ZIP-026,93.7,312,22.3,1.0,45.1,5.55,150.0,nominal,operational
2025-03-15,ZIP-027,93.3,315,25.5,0.9,43.6,5.77,117.0,nominal,operational
2025-03-15,ZIP-028,93.0,318,24.9,1.19,42.9,5.86,101.0,nominal,operational
2025-03-15,ZIP-029,94.0,321,28.0,1.0,44.3,5.57,109.0,nominal,operational
2025-03-15,ZIP-030,93.2,234,20.7,1.05,44.7,5.99,111.0,nominal,operational
2025-03-16,ZIP-001,93.1,238,11.6,1.05,43.5,6.0,111.0,nominal,operational
2025-03-16,ZIP-002,93.6,241,18.7,1.17,46.4,5.87,111.0,nominal,operational
2025-03-16,ZIP-003,93.6,244,10.6,1.12,45.0,5.6,134.0,nominal,operational
2025-03-16,ZIP-004,93.1,247,17.6,0.98,43.3,5.41,134.0,nominal,operational
2025-03-16,ZIP-005,98.8,250,19.1,1.06,43.9,5.81,103.0,nominal,operational
2025-03-16,ZIP-006,93.6,253,23.2,1.07,43.8,5.76,130.0,nominal,operational
2025-03-16,ZIP-007,93.6,256,17.2,0.86,43.0,5.7,155.0,nominal,operational
2025-03-16,ZIP-008,92.7,259,20.3,1.02,42.7,5.09,124.0,nominal,operational
2025-03-16,ZIP-009,93.4,262,30.6,0.87,44.0,5.93,145.0,nominal,operational
2025-03-16,ZIP-010,93.4,265,22.5,1.02,43.8,5.59,127.0,nominal,operational
2025-03-16,ZIP-011,94.2,268,13.6,0.79,41.9,5.83,112.0,nominal,operational
2025-03-16,ZIP-012,94.0,271,19.3,1.03,44.9,6.19,115.0,nominal,operational
2025-03-16,ZIP-013,93.8,274,19.2,1.04,43.7,5.88,120.0,nominal,operational
2025-03-16,ZIP-014,92.7,277,27.3,0.89,46.6,5.71,125.0,nominal,operational
2025-03-16,ZIP-015,93.4,280,17.4,1.09,43.8,5.36,129.0,nominal,operational
2025-03-16,ZIP-016,93.2,283,21.7,0.93,43.3,5.77,115.0,nominal,operational
2025-03-16,ZIP-017,92.4,286,25.9,0.97,43.3,5.95,133.0,nominal,operational
2025-03-16,ZIP-018,93.2,289,16.1,0.97,43.1,6.04,105.0,nominal,operational
2025-03-16,ZIP-019,92.9,292,13.6,1.05,44.8,6.04,110.0,nominal,operational
2025-03-16,ZIP-020,93.5,295,16.8,1.1,43.6,5.96,111.0,nominal,operational
2025-03-16,ZIP-021,92.9,298,18.7,0.87,42.7,5.96,126.0,nominal,operational
2025-03-16,ZIP-022,93.3,301,17.5,1.04,45.8,5.82,96.0,nominal,operational
2025-03-16,ZIP-023,93.6,304,26.7,0.94,43.1,5.96,77.0,nominal,operational
2025-03-16,ZIP-024,92.8,307,21.4,1.04,43.4,6.04,107.0,nominal,operational
2025-03-16,ZIP-025,94.1,310,21.2,1.2,46.1,5.82,94.0,nominal,operational
2025-03-16,ZIP-026,93.3,313,19.5,1.24,46.3,5.9,132.0,nominal,operational
2025-03-16,ZIP-027,93.8,316,9.7,0.97,43.0,5.47,94.0,nominal,operational
2025-03-16,ZIP-028,93.8,319,12.1,0.84,46.0,5.77,147.0,nominal,operational
2025-03-16,ZIP-029,92.6,322,22.5,1.08,44.7,5.58,112.0,nominal,operational
2025-03-16,ZIP-030,93.1,235,8.4,0.98,44.0,6.11,113.0,nominal,operational
2025-03-17,ZIP-001,93.9,240,20.5,0.95,43.7,5.59,115.0,nominal,operational
2025-03-17,ZIP-002,92.8,243,16.7,0.84,44.0,5.74,131.0,nominal,operational
2025-03-17,ZIP-003,93.1,246,15.7,1.17,44.3,5.83,87.0,nominal,operational
2025-03-17,ZIP-004,93.5,249,27.6,0.96,42.7,6.2,130.0,nominal,operational
2025-03-17,ZIP-005,99.1,252,19.9,0.87,44.4,6.08,161.0,nominal,operational
2025-03-17,ZIP-006,94.0,255,19.5,1.13,44.4,5.8,116.0,nominal,operational
2025-03-17,ZIP-007,93.0,258,15.6,1.08,44.0,6.0,113.0,nominal,operational
2025-03-17,ZIP-008,93.8,261,22.4,1.18,44.4,5.73,118.0,nominal,operational
2025-03-17,ZIP-009,93.0,264,26.7,1.1,44.5,5.69,105.0,nominal,operational
2025-03-17,ZIP-010,93.3,267,18.0,1.21,44.0,6.19,106.0,nominal,operational
2025-03-17,ZIP-011,93.3,270,28.3,0.95,44.2,5.87,111.0,nominal,operational
2025-03-17,ZIP-012,93.1,273,23.2,0.91,42.9,5.77,113.0,nominal,operational
2025-03-17,ZIP-013,93.5,276,14.5,0.99,43.9,6.0,114.0,nominal,operational
2025-03-17,ZIP-014,93.5,279,26.8,1.04,44.7,5.74,126.0,nominal,operational
2025-03-17,ZIP-015,93.2,282,18.0,0.76,43.6,5.45,117.0,nominal,operational
2025-03-17,ZIP-016,93.7,285,16.3,1.14,44.7,5.79,122.0,nominal,operational
2025-03-17,ZIP-017,93.5,288,8,1.09,43.2,5.96,104.0,nominal,operational
2025-03-17,ZIP-018,92.5,291,19.3,1.05,43.6,5.63,121.0,nominal,operational
2025-03-17,ZIP-019,93.7,294,20.6,1.06,44.6,5.66,118.0,nominal,operational
2025-03-17,ZIP-020,93.0,297,17.6,0.96,43.9,5.45,103.0,nominal,operational
2025-03-17,ZIP-021,93.0,300,23.7,1.01,42.1,5.87,101.0,nominal,operational
2025-03-17,ZIP-022,93.0,303,20.7,1.0,43.9,6.01,98.0,nominal,operational
2025-03-17,ZIP-023,93.2,306,15.5,1.17,43.4,5.67,98.0,nominal,operational
2025-03-17,ZIP-024,92.8,309,11.0,1.33,44.4,5.78,110.0,nominal,operational
2025-03-17,ZIP-025,94.1,312,15.8,0.68,45.4,5.71,71.0,nominal,operational
2025-03-17,ZIP-026,93.6,315,15.3,0.97,42.2,6.03,147.0,nominal,operational
2025-03-17,ZIP-027,92.9,318,25.3,0.85,43.3,6.03,125.0,nominal,operational
2025-03-17,ZIP-028,94.2,321,26.0,1.02,44.3,6.04,137.0,nominal,operational
2025-03-17,ZIP-029,93.0,324,15.3,1.05,44.3,5.94,99.0,nominal,operational
2025-03-17,ZIP-030,93.2,237,23.8,1.1,46.1,5.59,105.0,nominal,operational
2025-03-18,ZIP-001,94.0,242,17.3,1.11,45.8,5.82,125.0,nominal,operational
2025-03-18,ZIP-002,93.3,245,27.3,0.99,43.8,5.4,109.0,nominal,operational
2025-03-18,ZIP-003,93.1,248,12.5,0.93,45.5,5.63,123.0,nominal,operational
2025-03-18,ZIP-004,93.6,251,18.1,0.85,42.4,5.63,112.0,nominal,operational
2025-03-18,ZIP-005,99.0,254,16.9,1.26,45.2,5.76,100.0,nominal,operational
2025-03-18,ZIP-006,93.3,257,23.3,1.24,44.0,6.09,119.0,nominal,operational
2025-03-18,ZIP-007,93.0,260,24.1,0.83,42.7,5.5,93.0,nominal,operational
2025-03-18,ZIP-008,93.6,263,19.2,0.97,40.6,5.86,114.0,nominal,operational
2025-03-18,ZIP-009,93.0,266,29.4,1.08,43.3,5.91,165.0,nominal,operational
2025-03-18,ZIP-010,92.6,269,21.4,1.15,45.1,5.51,143.0,nominal,operational
2025-03-18,ZIP-011,93.4,272,17.5,0.64,42.6,5.73,122.0,nominal,operational
2025-03-18,ZIP-012,93.7,275,9.5,0.97,42.8,5.86,109.0,nominal,operational
2025-03-18,ZIP-013,93.2,278,22.1,0.84,44.4,5.96,115.0,nominal,operational
2025-03-18,ZIP-014,93.0,281,22.9,1.11,43.0,5.92,105.0,nominal,operational
2025-03-18,ZIP-015,93.5,284,20.1,1.23,44.0,5.73,92.0,nominal,operational
2025-03-18,ZIP-016,93.2,287,18.0,1.02,43.4,5.7,101.0,nominal,operational
2025-03-18,ZIP-017,93.8,290,18.6,1.01,41.9,5.78,130.0,nominal,operational
2025-03-18,ZIP-018,93.0,293,26.4,0.98,42.5,5.43,134.0,nominal,operational
2025-03-18,ZIP-019,93.2,296,12.5,1.09,42.3,5.9,86.0,nominal,operational
2025-03-18,ZIP-020,94.1,299,22.0,1.22,44.0,5.88,120.0,nominal,operational
2025-03-18,ZIP-021,93.8,302,17.9,0.91,43.3,5.71,64.0,nominal,operational
2025-03-18,ZIP-022,93.4,305,19.9,0.97,45.0,5.7,123.0,nominal,operational
2025-03-18,ZIP-023,93.4,308,23.2,0.88,42.3,6.01,133.0,nominal,operational
2025-03-18,ZIP-024,93.1,311,18.9,1.03,44.2,5.84,116.0,nominal,operational
2025-03-18,ZIP-025,93.3,314,21.2,0.74,42.8,5.86,124.0,nominal,operational
2025-03-18,ZIP-026,93.3,317,20.2,0.95,44.2,6.0,111.0,nominal,operational
2025-03-18,ZIP-027,93.5,320,16.8,1.33,45.8,6.07,105.0,nominal,operational
2025-03-18,ZIP-028,92.9,323,22.4,1.11,44.7,6.03,166.0,nominal,operational
2025-03-18,ZIP-029,93.3,326,15.0,1.03,43.4,6.23,105.0,nominal,operational
2025-03-18,ZIP-030,92.9,239,11.9,1.08,42.7,5.78,135.0,nominal,operational
2025-03-19,ZIP-001,93.2,243,13.5,1.18,45.5,6.0,134.0,nominal,operational
2025-03-19,ZIP-002,93.5,246,18.7,1.38,46.6,5.45,144.0,nominal,operational
2025-03-19,ZIP-003,93.7,249,19.2,0.94,43.2,6.07,117.0,nominal,operational
2025-03-19,ZIP-004,94.0,252,19.5,0.95,43.2,5.9,142.0,nominal,operational
2025-03-19,ZIP-005,99.2,255,17.7,0.88,44.2,5.7,90.0,nominal,operational
2025-03-19,ZIP-006,93.4,258,22.1,0.91,43.2,5.45,115.0,nominal,operational
2025-03-19,ZIP-007,92.8,261,15.8,1.18,44.9,5.6,108.0,nominal,operational
2025-03-19,ZIP-008,93.3,264,18.0,0.76,43.9,5.65,140.0,nominal,operational
2025-03-19,ZIP-009,93.5,267,25.9,1.1,44.8,5.82,110.0,nominal,operational
2025-03-19,ZIP-010,94.1,270,21.7,1.12,45.2,5.91,124.0,nominal,operational
2025-03-19,ZIP-011,93.4,273,11.9,1.2,45.2,5.72,111.0,nominal,operational
2025-03-19,ZIP-012,93.1,276,15.6,0.94,43.9,5.97,105.0,nominal,operational
2025-03-19,ZIP-013,93.1,279,17.8,1.34,44.1,5.49,139.0,nominal,operational
2025-03-19,ZIP-014,93.3,282,12.1,1.03,44.3,5.7,123.0,nominal,operational
2025-03-19,ZIP-015,92.8,285,13.0,0.86,43.7,5.6,87.0,nominal,operational
2025-03-19,ZIP-016,93.3,288,24.7,0.9,44.2,5.8,134.0,nominal,operational
2025-03-19,ZIP-017,92.6,291,8,1.17,43.7,5.52,110.0,nominal,operational
2025-03-19,ZIP-018,93.4,294,24.5,1.13,44.4,5.75,126.0,nominal,operational
2025-03-19,ZIP-019,93.2,297,22.0,1.19,44.5,5.44,104.0,nominal,operational
2025-03-19,ZIP-020,93.4,300,22.0,1.17,45.6,5.94,146.0,nominal,operational
2025-03-19,ZIP-021,93.2,303,21.0,0.98,46.2,6.08,124.0,nominal,operational
2025-03-19,ZIP-022,93.5,306,14.4,0.73,43.6,5.96,115.0,nominal,operational
2025-03-19,ZIP-023,92.8,309,18.6,1.03,43.4,5.96,123.0,nominal,operational
2025-03-19,ZIP-024,93.2,312,13.8,1.03,45.4,5.9,128.0,nominal,operational
2025-03-19,ZIP-025,93.9,315,13.4,1.03,42.7,5.7,126.0,nominal,operational
2025-03-19,ZIP-026,93.5,318,13.4,1.21,42.7,6.08,108.0,nominal,operational
2025-03-19,ZIP-027,93.4,321,23.5,1.32,45.4,5.68,113.0,nominal,operational
2025-03-19,ZIP-028,93.3,324,21.7,1.05,43.6,5.54,102.0,nominal,operational
2025-03-19,ZIP-029,93.3,327,23.1,0.82,44.4,5.75,156.0,nominal,operational
2025-03-19,ZIP-030,93.3,240,18.4,1.25,44.6,5.83,95.0,nominal,operational
2025-03-20,ZIP-001,93.7,245,32.8,1.16,43.7,5.96,133.0,nominal,operational
2025-03-20,ZIP-002,93.4,248,23.9,0.99,42.9,6.09,136.0,nominal,operational
2025-03-20,ZIP-003,93.5,251,21.8,1.01,42.6,5.82,120.0,nominal,operational
2025-03-20,ZIP-004,93.2,254,25.1,1.23,43.6,5.53,124.0,nominal,operational
2025-03-20,ZIP-005,99.1,257,18.6,1.1,45.3,5.42,116.0,nominal,operational
2025-03-20,ZIP-006,92.5,260,23.9,1.06,43.5,5.77,103.0,nominal,operational
2025-03-20,ZIP-007,92.6,263,18.7,1.1,44.1,5.79,126.0,nominal,operational
2025-03-20,ZIP-008,94.0,266,16.3,0.91,43.3,5.05,132.0,nominal,operational
2025-03-20,ZIP-009,93.4,269,19.1,0.8,42.6,5.87,119.0,nominal,operational
2025-03-20,ZIP-010,92.8,272,18.7,1.23,44.4,5.91,122.0,nominal,operational
2025-03-20,ZIP-011,93.2,275,16.9,1.26,44.6,5.73,139.0,nominal,operational
2025-03-20,ZIP-012,92.6,278,16.1,0.92,43.3,6.1,133.0,nominal,operational
2025-03-20,ZIP-013,93.4,281,17.5,0.88,44.7,5.71,97.0,nominal,operational
2025-03-20,ZIP-014,93.3,284,23.4,1.13,45.0,5.98,117.0,nominal,operational
2025-03-20,ZIP-015,93.0,287,15.5,1.13,44.5,5.81,166.0,nominal,operational
2025-03-20,ZIP-016,93.1,290,20.7,0.99,43.4,5.91,112.0,nominal,operational
2025-03-20,ZIP-017,93.5,293,15.6,0.91,44.3,5.71,109.0,nominal,operational
2025-03-20,ZIP-018,93.0,296,26.5,1.05,43.2,6.16,104.0,nominal,operational
2025-03-20,ZIP-019,93.6,299,24.0,0.79,42.1,5.78,110.0,nominal,operational
2025-03-20,ZIP-020,93.0,302,20.2,0.94,42.9,5.95,92.0,nominal,operational
2025-03-20,ZIP-021,93.3,305,22.5,1.04,43.6,5.63,116.0,nominal,operational
2025-03-20,ZIP-022,92.9,308,18.5,1.01,44.0,5.75,149.0,nominal,operational
2025-03-20,ZIP-023,93.9,311,29.3,1.12,43.8,5.78,116.0,nominal,operational
2025-03-20,ZIP-024,93.3,314,32.0,1.1,44.0,5.49,92.0,nominal,operational
2025-03-20,ZIP-025,92.8,317,23.8,0.99,42.8,5.77,125.0,nominal,operational
2025-03-20,ZIP-026,93.3,320,20.2,0.85,43.9,5.44,113.0,nominal,operational
2025-03-20,ZIP-027,93.3,323,12.5,1.21,45.7,5.91,92.0,nominal,operational
2025-03-20,ZIP-028,93.2,326,15.9,1.01,43.1,5.99,129.0,nominal,operational
2025-03-20,ZIP-029,93.5,329,19.5,1.08,45.0,6.23,136.0,nominal,operational
2025-03-20,ZIP-030,93.5,242,11.1,1.21,44.7,5.88,91.0,nominal,operational
2025-03-21,ZIP-001,93.5,247,20.9,1.0,43.6,5.82,124.0,nominal,operational
2025-03-21,ZIP-002,93.3,250,17.4,0.96,43.0,5.79,77.0,nominal,operational
2025-03-21,ZIP-003,93.1,253,15.6,0.88,43.8,6.26,148.0,nominal,operational
2025-03-21,ZIP-004,93.3,256,17.3,1.05,44.8,5.93,120.0,nominal,operational
2025-03-21,ZIP-005,98.8,259,16.5,0.93,44.3,5.86,115.0,nominal,operational
2025-03-21,ZIP-006,93.3,262,29.1,0.92,42.8,5.69,141.0,nominal,operational
2025-03-21,ZIP-007,92.7,265,30.5,1.1,43.4,6.22,116.0,nominal,operational
2025-03-21,ZIP-008,93.0,268,21.4,0.9,43.7,5.88,135.0,nominal,operational
2025-03-21,ZIP-009,93.1,271,19.5,0.88,42.1,5.72,119.0,nominal,operational
2025-03-21,ZIP-010,92.8,274,25.0,1.21,45.5,5.51,161.0,nominal,operational
2025-03-21,ZIP-011,93.2,277,16.6,1.05,44.6,5.6,108.0,nominal,operational
2025-03-21,ZIP-012,93.5,280,18.0,0.99,43.6,5.68,115.0,nominal,operational
2025-03-21,ZIP-013,94.1,283,17.1,0.7,44.5,5.71,135.0,nominal,operational
2025-03-21,ZIP-014,93.8,286,31.8,1.01,44.6,5.66,145.0,nominal,operational
2025-03-21,ZIP-015,93.0,289,17.6,0.98,41.4,5.79,127.0,nominal,operational
2025-03-21,ZIP-016,93.2,292,21.6,1.01,41.7,5.7,125.0,nominal,operational
2025-03-21,ZIP-017,93.0,295,18.8,1.14,44.3,5.57,141.0,nominal,operational
2025-03-21,ZIP-018,93.5,298,8,0.82,44.5,5.7,113.0,nominal,operational
2025-03-21,ZIP-019,92.8,301,18.4,1.26,43.8,6.02,126.0,nominal,operational
2025-03-21,ZIP-020,93.5,304,19.8,1.01,42.8,5.54,130.0,nominal,operational
2025-03-21,ZIP-021,93.1,307,15.6,1.13,43.1,5.81,129.0,nominal,operational
2025-03-21,ZIP-022,93.0,310,18.0,1.0,42.9,5.87,103.0,nominal,operational
2025-03-21,ZIP-023,93.3,313,17.6,0.93,44.9,5.69,125.0,nominal,operational
2025-03-21,ZIP-024,93.3,316,17.3,1.03,44.3,5.73,127.0,nominal,operational
2025-03-21,ZIP-025,93.4,319,18.5,1.22,45.1,6.35,113.0,nominal,operational
2025-03-21,ZIP-026,93.6,322,15.2,1.03,43.9,6.12,107.0,nominal,operational
2025-03-21,ZIP-027,92.5,325,27.0,1.1,42.8,5.99,110.0,nominal,operational
2025-03-21,ZIP-028,93.1,328,21.9,1.21,43.0,5.53,141.0,nominal,operational
2025-03-21,ZIP-029,93.2,331,12.4,1.01,42.5,5.87,138.0,nominal,operational
2025-03-21,ZIP-030,93.0,244,16.2,1.22,44.2,6.03,83.0,nominal,operational
2025-03-22,ZIP-001,93.5,249,20.3,0.99,43.0,5.86,124.0,nominal,operational
2025-03-22,ZIP-002,93.3,252,15.0,1.05,42.8,5.97,135.0,nominal,operational
2025-03-22,ZIP-003,92.3,255,20.1,1.19,41.7,5.54,96.0,nominal,operational
2025-03-22,ZIP-004,92.5,258,20.0,1.13,41.8,6.04,138.0,nominal,operational
2025-03-22,ZIP-005,99.0,261,17.7,1.17,45.4,6.1,137.0,nominal,operational
2025-03-22,ZIP-006,93.5,264,22.4,1.16,45.1,5.93,126.0,nominal,operational
2025-03-22,ZIP-007,93.0,267,20.3,1.0,44.5,5.51,174.0,nominal,operational
2025-03-22,ZIP-008,92.6,270,22.7,1.21,44.0,5.61,115.0,nominal,operational
2025-03-22,ZIP-009,92.7,273,17.9,1.01,43.3,5.98,98.0,nominal,operational
2025-03-22,ZIP-010,93.7,276,17.8,1.07,42.6,5.96,121.0,nominal,operational
2025-03-22,ZIP-011,93.3,279,21.2,1.25,45.3,5.66,135.0,nominal,operational
2025-03-22,ZIP-012,92.5,282,18.9,1.08,44.0,5.44,95.0,nominal,operational
2025-03-22,ZIP-013,93.4,285,25.0,1.06,43.8,5.88,115.0,nominal,operational
2025-03-22,ZIP-014,93.3,288,23.2,1.15,43.9,5.74,139.0,nominal,operational
2025-03-22,ZIP-015,92.7,291,19.1,1.13,44.5,5.69,115.0,nominal,operational
2025-03-22,ZIP-016,92.8,294,19.3,0.96,42.0,5.84,105.0,nominal,operational
2025-03-22,ZIP-017,92.8,297,15.4,1.26,43.5,5.99,115.0,nominal,operational
2025-03-22,ZIP-018,93.3,300,27.3,0.94,42.8,5.81,119.0,nominal,operational
2025-03-22,ZIP-019,93.0,303,25.0,0.97,41.9,5.91,96.0,nominal,operational
2025-03-22,ZIP-020,93.3,306,10.8,1.37,44.1,5.61,88.0,nominal,operational
2025-03-22,ZIP-021,92.3,309,20.3,1.4,44.8,5.8,114.0,nominal,operational
2025-03-22,ZIP-022,93.4,312,23.6,1.05,45.1,6.24,97.0,nominal,operational
2025-03-22,ZIP-023,93.3,315,12.9,0.78,44.1,5.89,97.0,nominal,operational
2025-03-22,ZIP-024,93.7,318,11.9,1.18,43.7,5.93,126.0,nominal,operational
2025-03-22,ZIP-025,94.4,321,19.1,0.99,44.3,5.67,119.0,nominal,operational
2025-03-22,ZIP-026,92.8,324,22.3,0.84,42.6,5.69,125.0,nominal,operational
2025-03-22,ZIP-027,93.4,327,27.6,1.23,45.1,6.01,155.0,nominal,operational
2025-03-22,ZIP-028,93.3,330,18.2,0.63,43.7,5.7,116.0,nominal,operational
2025-03-22,ZIP-029,92.8,333,24.5,1.12,45.7,5.56,114.0,nominal,operational
2025-03-22,ZIP-030,93.0,246,16.3,1.0,44.7,5.78,110.0,nominal,operational
2025-03-23,ZIP-001,93.3,250,19.2,1.07,44.7,5.91,129.0,nominal,operational
2025-03-23,ZIP-002,93.2,253,11.3,1.11,44.8,5.75,136.0,nominal,operational
2025-03-23,ZIP-003,93.3,256,10.0,1.04,42.5,5.75,113.0,nominal,operational
2025-03-23,ZIP-004,92.9,259,12.5,0.85,43.8,5.47,134.0,nominal,operational
2025-03-23,ZIP-005,99.1,262,19.6,0.95,42.6,5.95,109.0,nominal,operational
2025-03-23,ZIP-006,94.3,265,17.3,1.11,42.5,5.64,105.0,nominal,operational
2025-03-23,ZIP-007,93.3,268,17.6,0.63,43.2,5.43,124.0,nominal,operational
2025-03-23,ZIP-008,93.5,271,21.5,1.08,41.8,5.6,102.0,nominal,operational
2025-03-23,ZIP-009,93.4,274,23.0,0.89,43.9,5.84,120.0,nominal,operational
2025-03-23,ZIP-010,93.9,277,28.1,0.91,41.9,5.65,106.0,nominal,operational
2025-03-23,ZIP-011,93.4,280,16.1,1.0,42.8,5.59,126.0,nominal,operational
2025-03-23,ZIP-012,94.0,283,25.9,0.71,41.8,5.72,130.0,nominal,operational
2025-03-23,ZIP-013,93.1,286,13.0,0.81,44.2,6.1,97.0,nominal,operational
2025-03-23,ZIP-014,93.5,289,13.9,1.17,45.2,6.01,141.0,nominal,operational
2025-03-23,ZIP-015,92.9,292,16.8,1.09,44.4,5.75,115.0,nominal,operational
2025-03-23,ZIP-016,94.2,295,13.0,1.03,43.0,5.94,98.0,nominal,operational
2025-03-23,ZIP-017,93.5,298,23.5,1.05,43.9,5.09,112.0,nominal,operational
2025-03-23,ZIP-018,93.0,301,17.8,0.83,43.4,6.05,140.0,nominal,operational
2025-03-23,ZIP-019,93.2,304,31.7,1.04,42.2,6.14,139.0,nominal,operational
2025-03-23,ZIP-020,93.2,307,22.8,1.17,45.6,5.78,124.0,nominal,operational
2025-03-23,ZIP-021,93.2,310,21.0,1.01,43.5,5.99,113.0,nominal,operational
2025-03-23,ZIP-022,93.0,313,24.0,0.99,45.1,5.53,123.0,nominal,operational
2025-03-23,ZIP-023,92.8,316,21.7,0.83,44.3,5.57,98.0,nominal,operational
2025-03-23,ZIP-024,92.7,319,24.8,1.32,44.1,5.86,132.0,nominal,operational
2025-03-23,ZIP-025,93.3,322,15.4,1.24,44.7,5.51,129.0,nominal,operational
2025-03-23,ZIP-026,92.9,325,17.3,0.96,43.9,5.75,141.0,nominal,operational
2025-03-23,ZIP-027,93.8,328,13.2,1.2,43.3,5.62,128.0,nominal,operational
2025-03-23,ZIP-028,92.0,331,10.6,1.03,44.3,5.69,135.0,nominal,operational
2025-03-23,ZIP-029,93.9,334,16.9,1.42,43.6,5.61,96.0,nominal,operational
2025-03-23,ZIP-030,93.7,247,17.7,0.8,44.5,5.77,119.0,nominal,operational
2025-03-24,ZIP-001,93.3,252,22.5,0.88,42.7,5.59,113.0,nominal,operational
2025-03-24,ZIP-002,93.4,255,23.8,1.0,45.1,5.96,91.0,nominal,operational
2025-03-24,ZIP-003,93.0,258,15.4,1.15,43.5,5.73,113.0,nominal,operational
2025-03-24,ZIP-004,93.2,261,24.4,1.0,43.2,5.49,82.0,nominal,operational
2025-03-24,ZIP-005,98.7,264,16.3,0.85,44.4,6.11,127.0,nominal,operational
2025-03-24,ZIP-006,93.5,267,17.6,1.32,45.8,5.53,138.0,nominal,operational
2025-03-24,ZIP-007,93.1,270,13.9,1.17,45.2,6.05,113.0,nominal,operational
2025-03-24,ZIP-008,93.5,273,23.8,1.27,45.2,5.61,86.0,nominal,operational
2025-03-24,ZIP-009,93.4,276,15.6,1.03,44.9,5.49,127.0,nominal,operational
2025-03-24,ZIP-010,92.9,279,21.4,1.16,45.9,5.68,117.0,nominal,operational
2025-03-24,ZIP-011,93.2,282,24.8,1.13,44.4,5.67,99.0,nominal,operational
2025-03-24,ZIP-012,92.4,285,19.4,1.1,44.0,5.75,99.0,nominal,operational
2025-03-24,ZIP-013,93.5,288,10.2,0.86,44.2,5.69,94.0,nominal,operational
2025-03-24,ZIP-014,93.2,291,14.1,1.23,44.5,6.17,119.0,nominal,operational
2025-03-24,ZIP-015,93.4,294,20.3,0.9,44.1,6.15,144.0,nominal,operational
2025-03-24,ZIP-016,92.7,297,15.1,1.06,45.1,5.35,106.0,nominal,operational
2025-03-24,ZIP-017,93.4,300,18.8,1.09,44.2,5.45,125.0,nominal,operational
2025-03-24,ZIP-018,92.7,303,19.0,1.28,44.5,5.51,125.0,nominal,operational
2025-03-24,ZIP-019,92.8,306,18.1,1.01,42.9,5.48,134.0,nominal,operational
2025-03-24,ZIP-020,93.1,309,21.5,1.11,44.3,5.76,102.0,nominal,operational
2025-03-24,ZIP-021,93.1,312,22.5,1.12,44.8,5.88,112.0,nominal,operational
2025-03-24,ZIP-022,93.8,315,16.6,0.86,43.3,5.94,111.0,nominal,operational
2025-03-24,ZIP-023,93.2,318,25.7,1.11,45.0,5.59,143.0,nominal,operational
2025-03-24,ZIP-024,93.2,321,14.3,0.94,43.2,5.92,131.0,nominal,operational
2025-03-24,ZIP-025,93.8,324,17.2,1.05,43.3,5.59,144.0,nominal,operational
2025-03-24,ZIP-026,93.4,327,24.7,1.02,44.6,5.57,138.0,nominal,operational
2025-03-24,ZIP-027,92.9,330,20.5,0.81,41.7,5.8,127.0,nominal,operational
2025-03-24,ZIP-028,92.9,333,21.4,1.05,44.2,5.59,124.0,nominal,operational
2025-03-24,ZIP-029,92.7,336,14.4,0.76,45.0,5.59,119.0,nominal,operational
2025-03-24,ZIP-030,92.8,249,13.6,1.13,42.7,5.98,119.0,nominal,operational
2025-03-25,ZIP-001,93.3,254,21.3,1.08,42.6,5.57,120.0,nominal,operational
2025-03-25,ZIP-002,93.4,257,12.3,1.17,44.4,5.87,141.0,nominal,operational
2025-03-25,ZIP-003,93.5,260,20.8,1.03,46.3,5.49,141.0,nominal,operational
2025-03-25,ZIP-004,93.2,263,25.5,1.13,45.0,5.75,95.0,nominal,operational
2025-03-25,ZIP-005,99.2,266,15.7,0.92,41.9,5.6,126.0,nominal,operational
2025-03-25,ZIP-006,92.9,269,17.7,0.97,43.1,5.96,96.0,nominal,operational
2025-03-25,ZIP-007,93.2,272,13.7,0.94,44.3,5.72,116.0,nominal,operational
2025-03-25,ZIP-008,92.2,275,22.2,1.28,45.8,5.5,114.0,nominal,operational
2025-03-25,ZIP-009,92.8,278,10.4,1.03,45.1,5.73,125.0,nominal,operational
2025-03-25,ZIP-010,93.0,281,18.1,0.73,43.8,5.36,112.0,nominal,operational
2025-03-25,ZIP-011,93.0,284,15.5,0.87,43.7,5.47,146.0,nominal,operational
2025-03-25,ZIP-012,93.5,287,22.9,0.92,44.3,5.43,146.0,nominal,operational
2025-03-25,ZIP-013,92.7,290,29.2,0.91,45.8,5.76,107.0,nominal,operational
2025-03-25,ZIP-014,92.7,293,23.2,1.15,45.3,5.62,104.0,nominal,operational
2025-03-25,ZIP-015,93.6,296,13.2,0.93,45.0,5.74,96.0,nominal,operational
2025-03-25,ZIP-016,93.3,299,19.9,0.94,43.2,5.8,121.0,nominal,operational
2025-03-25,ZIP-017,93.9,302,28.4,0.89,42.0,5.52,110.0,nominal,operational
2025-03-25,ZIP-018,92.9,305,26.4,0.92,44.0,5.45,133.0,nominal,operational
2025-03-25,ZIP-019,93.5,308,17.9,1.17,43.6,6.06,136.0,nominal,operational
2025-03-25,ZIP-020,93.2,311,20.3,1.13,43.7,5.97,104.0,nominal,operational
2025-03-25,ZIP-021,94.0,314,22.9,1.11,44.1,5.92,112.0,nominal,operational
2025-03-25,ZIP-022,93.0,317,23.7,0.98,43.3,5.38,98.0,nominal,operational
2025-03-25,ZIP-023,93.5,320,22.2,1.06,43.6,6.05,106.0,nominal,operational
2025-03-25,ZIP-024,93.4,323,20.1,1.18,44.3,5.5,134.0,nominal,operational
2025-03-25,ZIP-025,92.9,326,31.4,1.22,43.8,5.68,141.0,nominal,operational
2025-03-25,ZIP-026,93.1,329,17.8,1.2,45.4,5.78,151.0,nominal,operational
2025-03-25,ZIP-027,93.6,332,20.9,1.31,45.1,5.74,154.0,nominal,operational
2025-03-25,ZIP-028,93.5,335,19.1,1.15,44.3,5.62,92.0,nominal,operational
2025-03-25,ZIP-029,92.9,338,9.9,0.9,43.1,5.81,107.0,nominal,operational
2025-03-25,ZIP-030,93.2,251,24.3,1.01,43.6,5.85,113.0,nominal,operational
2025-03-26,ZIP-001,92.8,255,23.7,1.24,44.7,6.0,96.0,nominal,operational
2025-03-26,ZIP-002,92.6,258,23.9,1.06,43.9,5.91,114.0,nominal,operational
2025-03-26,ZIP-003,92.8,261,24.8,0.97,44.8,5.79,120.0,nominal,operational
2025-03-26,ZIP-004,93.3,264,26.5,1.19,44.9,5.8,118.0,nominal,operational
2025-03-26,ZIP-005,99.1,267,16.4,1.03,43.5,5.92,128.0,nominal,operational
2025-03-26,ZIP-006,92.9,270,10.5,1.11,44.9,5.97,109.0,nominal,operational
2025-03-26,ZIP-007,93.3,273,24.3,1.13,43.5,5.67,158.0,nominal,operational
2025-03-26,ZIP-008,93.9,276,27.7,1.1,43.2,5.58,107.0,nominal,operational
2025-03-26,ZIP-009,92.7,279,24.2,1.15,43.3,5.65,150.0,nominal,operational
2025-03-26,ZIP-010,93.5,282,21.0,0.9,44.5,5.74,118.0,nominal,operational
2025-03-26,ZIP-011,93.2,285,14.9,1.15,44.8,6.2,109.0,nominal,operational
2025-03-26,ZIP-012,93.3,288,16.5,1.14,44.4,5.47,142.0,nominal,operational
2025-03-26,ZIP-013,92.8,291,22.3,1.0,43.1,5.7,95.0,nominal,operational
2025-03-26,ZIP-014,93.1,294,13.1,0.99,43.4,5.63,115.0,nominal,operational
2025-03-26,ZIP-015,92.9,297,21.5,0.93,45.6,5.7,98.0,nominal,operational
2025-03-26,ZIP-016,93.2,300,22.5,0.98,43.9,5.63,104.0,nominal,operational
2025-03-26,ZIP-017,93.0,303,21.8,1.14,44.4,5.77,139.0,nominal,operational
2025-03-26,ZIP-018,92.6,306,20.9,1.02,42.2,5.78,115.0,nominal,operational
2025-03-26,ZIP-019,93.3,309,19.8,1.04,46.2,5.76,137.0,nominal,operational
2025-03-26,ZIP-020,92.5,312,18.9,1.03,44.0,5.67,101.0,nominal,operational
2025-03-26,ZIP-021,92.5,315,22.6,1.02,43.7,5.97,101.0,nominal,operational
2025-03-26,ZIP-022,92.5,318,19.2,0.97,43.4,5.91,131.0,nominal,operational
2025-03-26,ZIP-023,93.1,321,21.4,0.93,43.8,5.94,128.0,nominal,operational
2025-03-26,ZIP-024,93.2,324,21.4,0.93,45.0,5.84,102.0,nominal,operational
2025-03-26,ZIP-025,93.4,327,22.6,1.09,44.2,5.53,123.0,nominal,operational
2025-03-26,ZIP-026,93.6,330,24.2,1.12,45.0,5.5,145.0,nominal,operational
2025-03-26,ZIP-027,93.0,333,19.8,1.34,45.8,5.27,112.0,nominal,operational
2025-03-26,ZIP-028,93.0,336,15.3,1.22,44.4,6.01,135.0,nominal,operational
2025-03-26,ZIP-029,92.7,339,20.4,1.11,44.2,5.83,135.0,nominal,operational
2025-03-26,ZIP-030,92.7,252,26.4,0.78,44.0,5.61,114.0,nominal,operational
2025-03-27,ZIP-001,93.3,257,11.3,1.01,43.1,5.88,87.0,nominal,operational
2025-03-27,ZIP-002,92.5,260,17.5,1.16,44.0,5.74,103.0,nominal,operational
2025-03-27,ZIP-003,93.0,263,19.0,0.9,43.8,5.41,145.0,nominal,operational
2025-03-27,ZIP-004,93.6,266,18.2,0.97,44.5,5.65,106.0,nominal,operational
2025-03-27,ZIP-005,99.2,269,19.5,1.18,45.3,5.52,134.0,nominal,operational
2025-03-27,ZIP-006,92.8,272,20.1,1.31,46.4,5.77,123.0,nominal,operational
2025-03-27,ZIP-007,93.4,275,27.0,0.96,43.2,6.03,100.0,nominal,operational
2025-03-27,ZIP-008,93.0,278,12.0,1.1,42.1,5.61,132.0,nominal,operational
2025-03-27,ZIP-009,93.1,281,12.5,1.02,44.2,5.46,150.0,nominal,operational
2025-03-27,ZIP-010,92.9,284,13.6,0.95,43.7,5.75,138.0,nominal,operational
2025-03-27,ZIP-011,92.8,287,14.8,1.0,43.1,5.88,155.0,nominal,operational
2025-03-27,ZIP-012,93.2,290,16.9,0.95,44.3,6.01,114.0,nominal,operational
2025-03-27,ZIP-013,93.0,293,24.0,0.97,44.1,6.2,107.0,nominal,operational
2025-03-27,ZIP-014,93.4,296,20.0,0.92,43.9,5.55,148.0,nominal,operational
2025-03-27,ZIP-015,92.9,299,22.6,1.04,44.8,5.55,96.0,nominal,operational
2025-03-27,ZIP-016,93.8,302,29.9,1.12,45.6,5.93,111.0,nominal,operational
2025-03-27,ZIP-017,93.3,305,18.8,1.18,42.7,5.53,134.0,nominal,operational
2025-03-27,ZIP-018,92.7,308,12.9,1.13,43.8,5.96,110.0,nominal,operational
2025-03-27,ZIP-019,93.1,311,10.8,1.13,44.2,5.52,119.0,nominal,operational
2025-03-27,ZIP-020,93.2,314,11.8,1.26,43.4,5.72,123.0,nominal,operational
2025-03-27,ZIP-021,93.0,317,14.5,1.43,44.8,5.84,140.0,nominal,operational
2025-03-27,ZIP-022,92.8,320,23.1,1.03,43.7,5.73,156.0,nominal,operational
2025-03-27,ZIP-023,93.5,323,20.2,1.18,44.5,5.97,125.0,nominal,operational
2025-03-27,ZIP-024,93.1,326,19.6,0.96,45.1,5.87,129.0,nominal,operational
2025-03-27,ZIP-025,92.7,329,21.9,1.15,44.0,5.87,101.0,nominal,operational
2025-03-27,ZIP-026,92.9,332,34.9,0.78,43.9,5.94,98.0,nominal,operational
2025-03-27,ZIP-027,93.3,335,20.0,0.97,44.9,5.72,137.0,nominal,operational
2025-03-27,ZIP-028,92.2,338,27.4,0.95,44.6,5.97,104.0,nominal,operational
2025-03-27,ZIP-029,92.5,341,19.2,0.94,43.4,5.98,122.0,nominal,operational
2025-03-27,ZIP-030,92.8,254,21.4,0.92,43.4,6.32,96.0,nominal,operational
2025-03-28,ZIP-001,92.3,259,23.1,1.21,44.8,5.78,125.0,nominal,operational
2025-03-28,ZIP-002,93.5,262,21.2,1.08,42.8,5.95,125.0,nominal,operational
2025-03-28,ZIP-003,92.9,265,21.8,0.89,44.2,6.06,101.0,nominal,operational
2025-03-28,ZIP-004,92.2,268,14.4,1.21,43.7,5.51,99.0,nominal,operational
2025-03-28,ZIP-005,98.8,271,15.5,0.82,43.6,6.09,134.0,nominal,operational
2025-03-28,ZIP-006,92.6,274,8,1.07,43.7,5.24,106.0,nominal,operational
2025-03-28,ZIP-007,93.0,277,18.4,0.93,44.8,5.74,123.0,nominal,operational
2025-03-28,ZIP-008,92.7,280,14.7,1.22,45.9,5.88,114.0,nominal,operational
2025-03-28,ZIP-009,93.0,283,16.2,1.21,44.5,5.56,160.0,nominal,operational
2025-03-28,ZIP-010,92.9,286,18.3,1.16,45.7,5.65,132.0,nominal,operational
2025-03-28,ZIP-011,92.1,289,20.5,1.1,44.9,6.16,127.0,nominal,operational
2025-03-28,ZIP-012,93.1,292,18.4,1.11,43.0,5.62,111.0,nominal,operational
2025-03-28,ZIP-013,92.7,295,24.4,1.12,45.1,5.86,166.0,nominal,operational
2025-03-28,ZIP-014,93.5,298,21.6,0.92,43.3,5.95,143.0,nominal,operational
2025-03-28,ZIP-015,93.2,301,13.4,0.83,42.3,5.76,79.0,nominal,operational
2025-03-28,ZIP-016,93.5,304,29.5,1.06,44.5,5.5,110.0,nominal,operational
2025-03-28,ZIP-017,92.6,307,17.3,1.28,44.5,5.88,128.0,nominal,operational
2025-03-28,ZIP-018,93.0,310,18.8,1.11,44.0,6.08,120.0,nominal,operational
2025-03-28,ZIP-019,92.2,313,22.4,0.94,42.3,5.88,122.0,nominal,operational
2025-03-28,ZIP-020,93.0,316,14.4,1.08,44.4,6.0,82.0,nominal,operational
2025-03-28,ZIP-021,93.4,319,21.8,0.89,45.0,5.62,110.0,nominal,operational
2025-03-28,ZIP-022,92.5,322,12.1,0.82,43.3,6.23,148.0,nominal,operational
2025-03-28,ZIP-023,93.3,325,22.8,1.24,44.4,5.96,108.0,nominal,operational
2025-03-28,ZIP-024,93.7,328,20.2,1.09,44.5,5.77,103.0,nominal,operational
2025-03-28,ZIP-025,92.6,331,22.6,0.95,43.7,5.89,124.0,nominal,operational
2025-03-28,ZIP-026,93.3,334,26.1,0.99,42.6,5.81,120.0,nominal,operational
2025-03-28,ZIP-027,93.3,337,18.6,1.31,47.0,5.94,134.0,nominal,operational
2025-03-28,ZIP-028,93.2,340,21.7,0.94,45.2,6.12,104.0,nominal,operational
2025-03-28,ZIP-029,92.6,343,18.4,0.96,45.5,5.71,128.0,nominal,operational
2025-03-28,ZIP-030,92.9,256,17.8,1.06,45.0,5.75,102.0,nominal,operational
2025-03-29,ZIP-001,92.8,260,25.5,0.85,44.1,5.77,144.0,nominal,operational
2025-03-29,ZIP-002,92.9,263,14.1,1.29,43.9,5.96,126.0,nominal,operational
2025-03-29,ZIP-003,92.9,266,21.4,1.17,44.4,5.5,117.0,nominal,operational
2025-03-29,ZIP-004,93.3,269,16.5,0.9,43.3,5.46,94.0,nominal,operational
2025-03-29,ZIP-005,98.8,272,16.5,1.05,41.2,5.95,130.0,nominal,operational
2025-03-29,ZIP-006,92.8,275,21.3,0.84,44.2,5.65,114.0,nominal,operational
2025-03-29,ZIP-007,93.2,278,22.0,1.13,44.0,6.05,83.0,nominal,operational
2025-03-29,ZIP-008,93.3,281,24.9,1.01,43.6,5.28,84.0,nominal,operational
2025-03-29,ZIP-009,93.7,284,15.2,0.75,42.4,6.08,124.0,nominal,operational
2025-03-29,ZIP-010,92.6,287,22.6,1.02,44.5,5.64,116.0,nominal,operational
2025-03-29,ZIP-011,93.0,290,23.1,1.17,43.5,5.76,121.0,nominal,operational
2025-03-29,ZIP-012,93.3,293,23.2,1.05,45.0,5.49,87.0,nominal,operational
2025-03-29,ZIP-013,93.1,296,17.8,0.94,44.4,5.31,108.0,nominal,operational
2025-03-29,ZIP-014,92.3,299,19.3,0.94,45.4,5.82,128.0,nominal,operational
2025-03-29,ZIP-015,93.0,302,18.3,1.08,44.9,5.74,123.0,nominal,operational
2025-03-29,ZIP-016,92.8,305,14.8,1.23,45.6,5.48,123.0,nominal,operational
2025-03-29,ZIP-017,92.8,308,25.1,1.17,44.8,5.79,146.0,nominal,operational
2025-03-29,ZIP-018,92.7,311,21.5,0.91,44.3,5.65,121.0,nominal,operational
2025-03-29,ZIP-019,93.2,314,16.2,1.03,43.6,6.13,144.0,nominal,operational
2025-03-29,ZIP-020,92.9,317,9.8,1.18,45.3,5.67,125.0,nominal,operational
2025-03-29,ZIP-021,92.6,320,22.8,1.09,44.0,5.61,146.0,nominal,operational
2025-03-29,ZIP-022,93.4,323,17.4,0.92,45.6,6.02,112.0,nominal,operational
2025-03-29,ZIP-023,92.0,326,28.4,1.17,45.0,6.08,113.0,nominal,operational
2025-03-29,ZIP-024,91.9,329,18.5,1.29,46.5,5.36,108.0,nominal,operational
2025-03-29,ZIP-025,93.7,332,19.8,1.01,44.5,6.05,108.0,nominal,operational
2025-03-29,ZIP-026,93.7,335,26.3,0.91,43.1,5.64,114.0,nominal,operational
2025-03-29,ZIP-027,92.5,338,11.5,1.07,42.3,5.74,107.0,nominal,operational
2025-03-29,ZIP-028,92.5,341,30.0,0.81,43.3,6.04,123.0,nominal,operational
2025-03-29,ZIP-029,94.1,344,21.0,0.97,45.0,5.49,110.0,nominal,operational
2025-03-29,ZIP-030,93.4,257,13.9,0.94,44.1,5.87,117.0,nominal,operational
2025-03-30,ZIP-001,92.2,262,20.7,0.97,43.5,5.94,111.0,nominal,operational
2025-03-30,ZIP-002,93.0,265,20.1,1.21,45.9,6.13,132.0,nominal,operational
2025-03-30,ZIP-003,92.7,268,25.4,1.27,46.2,5.96,114.0,nominal,operational
2025-03-30,ZIP-004,93.4,271,13.6,0.92,44.5,5.95,116.0,nominal,operational
2025-03-30,ZIP-005,99.1,274,19.0,1.07,44.8,6.0,107.0,nominal,operational
2025-03-30,ZIP-006,93.2,277,14.8,1.05,42.3,5.59,83.0,nominal,operational
2025-03-30,ZIP-007,92.8,280,20.0,0.75,42.7,6.44,145.0,nominal,operational
2025-03-30,ZIP-008,92.8,283,18.5,0.82,43.1,5.56,119.0,nominal,operational
2025-03-30,ZIP-009,92.7,286,18.2,0.92,45.4,5.92,137.0,nominal,operational
2025-03-30,ZIP-010,92.4,289,26.5,1.2,43.4,6.18,118.0,nominal,operational
2025-03-30,ZIP-011,92.9,292,24.0,0.94,42.7,6.22,138.0,nominal,operational
2025-03-30,ZIP-012,92.3,295,26.3,0.96,42.3,5.99,118.0,nominal,operational
2025-03-30,ZIP-013,93.5,298,17.7,1.16,44.7,5.69,103.0,nominal,operational
2025-03-30,ZIP-014,93.3,301,18.7,1.27,44.8,6.08,154.0,nominal,operational
2025-03-30,ZIP-015,92.7,304,22.3,0.91,42.8,5.75,132.0,nominal,operational
2025-03-30,ZIP-016,93.3,307,19.4,0.99,44.0,5.54,72.0,nominal,operational
2025-03-30,ZIP-017,92.6,310,27.7,0.9,45.1,5.77,104.0,nominal,operational
2025-03-30,ZIP-018,92.6,313,13.6,1.16,42.4,5.57,103.0,nominal,operational
2025-03-30,ZIP-019,93.2,316,14.7,0.85,43.5,5.69,113.0,nominal,operational
2025-03-30,ZIP-020,93.0,319,20.4,0.83,41.8,5.69,143.0,nominal,operational
2025-03-30,ZIP-021,92.4,322,20.9,1.07,44.3,5.57,105.0,nominal,operational
2025-03-30,ZIP-022,93.0,325,19.2,1.44,45.5,5.63,128.0,nominal,operational
2025-03-30,ZIP-023,92.4,328,24.6,1.15,44.3,5.98,121.0,nominal,operational
2025-03-30,ZIP-024,92.5,331,28.0,0.68,41.7,5.84,103.0,nominal,operational
2025-03-30,ZIP-025,92.8,334,15.6,0.94,43.0,5.75,98.0,nominal,operational
2025-03-30,ZIP-026,93.8,337,25.6,0.9,43.1,5.92,108.0,nominal,operational
2025-03-30,ZIP-027,93.3,340,18.2,1.44,45.1,5.88,137.0,nominal,operational
2025-03-30,ZIP-028,92.4,343,16.7,0.97,43.6,5.66,109.0,nominal,operational
2025-03-30,ZIP-029,92.6,346,15.8,1.06,44.6,6.04,148.0,nominal,operational
2025-03-30,ZIP-030,92.9,259,16.2,0.74,44.1,5.88,135.0,nominal,operational
2025-03-31,ZIP-001,92.6,264,19.6,0.98,44.4,5.8,133.0,nominal,operational
2025-03-31,ZIP-002,92.6,267,13.5,1.24,44.5,6.02,126.0,nominal,operational
2025-03-31,ZIP-003,92.9,270,21.2,0.83,42.5,5.72,112.0,nominal,operational
2025-03-31,ZIP-004,92.9,273,17.8,1.06,43.8,5.57,96.0,nominal,operational
2025-03-31,ZIP-005,99.2,276,17.6,0.84,43.0,5.72,114.0,nominal,operational
2025-03-31,ZIP-006,93.1,279,23.8,0.77,42.4,5.75,120.0,nominal,operational
2025-03-31,ZIP-007,92.5,282,21.7,1.1,43.8,5.67,114.0,nominal,operational
2025-03-31,ZIP-008,93.0,285,9.6,1.03,44.6,5.89,124.0,nominal,operational
2025-03-31,ZIP-009,92.7,288,11.7,0.92,43.5,6.08,108.0,nominal,operational
2025-03-31,ZIP-010,92.8,291,27.0,1.15,46.7,5.75,112.0,nominal,operational
2025-03-31,ZIP-011,92.9,294,23.6,1.15,45.7,5.81,136.0,nominal,operational
2025-03-31,ZIP-012,93.1,297,18.2,1.0,44.7,5.93,117.0,nominal,operational
2025-03-31,ZIP-013,93.3,300,20.6,0.98,43.6,5.45,113.0,nominal,operational
2025-03-31,ZIP-014,92.9,303,22.3,1.26,42.6,6.08,93.0,nominal,operational
2025-03-31,ZIP-015,92.5,306,25.5,1.11,45.9,5.68,119.0,nominal,operational
2025-03-31,ZIP-016,92.2,309,28.7,1.18,44.9,5.75,74.0,nominal,operational
2025-03-31,ZIP-017,93.3,312,24.6,1.08,43.8,6.17,112.0,nominal,operational
2025-03-31,ZIP-018,93.3,315,18.6,1.16,44.3,5.62,90.0,nominal,operational
2025-03-31,ZIP-019,92.3,318,18.6,1.14,44.0,5.86,118.0,nominal,operational
2025-03-31,ZIP-020,93.4,321,14.3,1.09,44.1,5.98,113.0,nominal,operational
2025-03-31,ZIP-021,92.4,324,20.7,0.9,44.6,6.02,154.0,nominal,operational
2025-03-31,ZIP-022,92.6,327,16.7,1.03,45.2,6.26,118.0,nominal,operational
2025-03-31,ZIP-023,93.2,330,16.1,1.01,44.9,5.94,140.0,nominal,operational
2025-03-31,ZIP-024,93.3,333,11.8,1.21,43.2,5.66,115.0,nominal,operational
2025-03-31,ZIP-025,92.6,336,26.1,1.45,43.3,5.62,89.0,nominal,operational
2025-03-31,ZIP-026,93.2,339,16.4,1.16,43.4,5.42,130.0,nominal,operational
2025-03-31,ZIP-027,93.4,342,20.0,1.31,43.4,5.55,129.0,nominal,operational
2025-03-31,ZIP-028,93.0,345,17.3,1.07,43.4,6.17,131.0,nominal,operational
2025-03-31,ZIP-029,92.7,348,27.5,0.87,45.1,5.85,70.0,nominal,operational
2025-03-31,ZIP-030,92.8,261,24.1,1.04,45.2,5.8,123.0,nominal,operational
